# Blender 4.5.3 LTS
# www.blender.org
mtllib 2- SHOULDER - V1.STL.mtl
o 2-_SHOULDER_-_V1
v -109.200005 146.300003 13.000000
v -97.199997 146.899994 13.000000
v -109.200005 109.300003 13.000000
v -97.199997 112.599998 13.000000
v -109.078461 107.910812 13.000000
v -109.078461 147.689178 13.000000
v -108.717537 149.036163 13.000000
v -108.128204 150.300003 13.000000
v -55.476124 152.616867 13.000000
v -55.301208 152.172089 13.000000
v -58.899998 150.899994 13.000000
v -107.328354 151.442307 13.000000
v -106.342300 152.428360 13.000000
v -105.199997 153.228210 13.000000
v -54.900002 112.599998 13.000000
v -22.900000 101.300003 13.000000
v -58.899998 108.599998 13.000000
v -64.758034 101.300003 13.000000
v -93.199997 108.599998 13.000000
v -101.199997 101.300003 13.000000
v -102.589180 101.421539 13.000000
v -103.936157 101.782455 13.000000
v -105.199997 102.371796 13.000000
v -106.342300 103.171646 13.000000
v -107.328354 104.157700 13.000000
v -108.128204 105.300003 13.000000
v -108.717537 106.563835 13.000000
v -54.900002 146.899994 13.000000
v -53.241859 146.630707 13.000000
v -50.524944 141.380356 13.000000
v -47.190662 136.498703 13.000000
v -43.288345 132.058014 13.000000
v -38.875732 128.123962 13.000000
v -34.018120 124.754768 13.000000
v -103.936157 153.817535 13.000000
v -102.589180 154.178467 13.000000
v -93.199997 150.899994 13.000000
v -101.199997 154.300003 13.000000
v -58.171654 154.300003 13.000000
v -57.695236 154.261932 13.000000
v -57.230911 154.148682 13.000000
v -56.790466 153.963150 13.000000
v -56.385075 153.710007 13.000000
v -28.787373 122.000282 13.000000
v -27.355598 121.207352 13.000000
v -26.072344 120.191490 13.000000
v -24.971985 118.979912 13.000000
v -24.083990 117.605072 13.000000
v -23.432156 116.103798 13.000000
v -23.033936 114.516304 13.000000
v -22.900000 112.885117 13.000000
v -56.025024 153.395706 13.000000
v -55.719456 153.028214 13.000000
v -33.025002 101.300003 57.200981
v -32.501579 101.300003 57.500000
v -35.900002 101.300003 57.500000
v -47.899979 101.300003 45.477406
v -45.326260 101.300003 48.043026
v -47.755424 101.300003 47.357128
v -47.318249 101.300003 49.191010
v -39.612503 101.300003 56.911282
v -41.353928 101.300003 56.188999
v -39.442322 101.300003 52.980236
v -42.960732 101.300003 55.202888
v -37.779446 101.300003 57.351906
v -44.393265 101.300003 53.977287
v -45.616165 101.300003 52.542450
v -46.599251 101.300003 50.933788
v -65.603394 101.300003 7.667937
v -47.899998 101.300003 -26.500000
v -47.899998 101.300003 -45.477383
v -50.597237 101.300003 -42.456120
v -66.050003 101.300003 -0.000000
v 15.500000 101.300003 21.500000
v -15.500000 101.300003 21.500000
v -44.399998 101.300003 26.500000
v -16.541889 101.300003 21.408846
v -17.552120 101.300003 21.138155
v 40.800003 101.300003 39.000000
v 44.399998 101.300003 39.000000
v 44.399998 101.300003 26.500000
v -40.800003 101.300003 45.000000
v 40.800003 101.300003 45.000000
v -40.800003 101.300003 39.000000
v -40.800003 101.300003 -39.000000
v -44.399998 101.300003 -39.000000
v -44.399998 101.300003 -26.500000
v -55.183968 101.300003 -36.295067
v -59.024433 101.300003 -29.643185
v -62.066696 101.300003 -22.590431
v -18.500000 101.300003 20.696152
v -22.900000 101.300003 19.000000
v -19.356726 101.300003 20.096266
v -47.700001 101.300003 19.000000
v -47.700001 101.300003 26.500000
v -26.161070 101.300003 -60.648174
v -32.501579 101.300003 -57.500000
v -18.300001 101.300003 -57.500000
v -64.269615 101.300003 -15.232179
v -65.603394 101.300003 -7.667937
v -21.500000 101.300003 -15.500000
v -21.500000 101.300003 15.500000
v -21.408846 101.300003 16.541889
v -21.138155 101.300003 17.552120
v -20.096266 101.300003 19.356726
v -20.696152 101.300003 18.500000
v 21.408846 101.300003 -16.541889
v 21.500000 101.300003 -15.500000
v 20.096266 101.300003 19.356726
v 20.696152 101.300003 18.500000
v 21.138155 101.300003 17.552120
v -18.943352 101.300003 -63.275211
v 19.356726 101.300003 20.096266
v 18.500000 101.300003 20.696152
v 17.552120 101.300003 21.138155
v -18.300001 101.300003 57.500000
v -26.161070 101.300003 60.648174
v 21.500000 101.300003 15.500000
v 21.408846 101.300003 16.541889
v 16.541889 101.300003 21.408846
v -44.399998 101.300003 39.000000
v 34.674068 101.300003 56.157894
v 33.025002 101.300003 57.200981
v 36.295067 101.300003 55.183968
v 44.399998 101.300003 -26.500000
v 44.399998 101.300003 -39.000000
v 40.800003 101.300003 -39.000000
v 47.877148 101.300003 43.003288
v 47.853230 101.300003 43.247826
v 50.597237 101.300003 42.456120
v 47.804455 101.300003 43.574215
v 47.718529 101.300003 43.955452
v 47.604954 101.300003 44.310074
v 33.573322 101.300003 56.736561
v 32.403320 101.300003 57.157974
v 26.161070 101.300003 60.648174
v -18.943352 101.300003 63.275211
v -11.469462 101.300003 65.046547
v -18.300001 101.300003 56.299999
v -3.840466 101.300003 65.938255
v 18.300001 101.300003 56.299999
v 3.840466 101.300003 65.938255
v 18.300001 101.300003 57.500000
v 18.300001 101.300003 -57.500000
v 29.945786 101.300003 -57.500000
v 26.161070 101.300003 -60.648174
v 31.186394 101.300003 -57.414085
v 32.403320 101.300003 -57.157974
v 33.025002 101.300003 -57.200981
v 33.573322 101.300003 -56.736561
v 21.138155 101.300003 -17.552120
v 47.899998 101.300003 26.500000
v -18.500000 101.300003 -20.696152
v -17.552120 101.300003 -21.138155
v -40.800003 101.300003 -45.000000
v 18.943352 101.300003 -63.275211
v 11.469462 101.300003 -65.046547
v 18.300001 101.300003 -56.299999
v 3.840466 101.300003 -65.938255
v -18.300001 101.300003 -56.299999
v -3.840466 101.300003 -65.938255
v -11.469462 101.300003 -65.046547
v -21.408846 101.300003 -16.541889
v -21.138155 101.300003 -17.552120
v 31.186394 101.300003 57.414085
v 29.945786 101.300003 57.500000
v 18.943352 101.300003 63.275211
v 11.469462 101.300003 65.046547
v 50.597237 101.300003 -42.456120
v 47.683044 101.300003 -44.078754
v 47.758514 101.300003 -43.796494
v 47.899998 101.300003 42.362411
v 47.897976 101.300003 42.566677
v 47.894501 101.300003 42.692280
v 47.513649 101.300003 44.533424
v 47.369049 101.300003 44.821415
v 47.295879 101.300003 44.945595
v 40.800003 101.300003 -45.000000
v 16.541889 101.300003 -21.408846
v 17.552120 101.300003 -21.138155
v 45.326260 101.300003 -48.043026
v 46.661762 101.300003 -45.914593
v 47.295879 101.300003 -44.945595
v 47.452774 101.300003 -44.662712
v 47.805046 101.300003 -43.570957
v 47.810612 101.300003 -43.539738
v 47.875900 101.300003 -43.019028
v -20.696152 101.300003 -18.500000
v -20.096266 101.300003 -19.356726
v -19.356726 101.300003 -20.096266
v 59.024433 101.300003 29.643185
v 62.066696 101.300003 22.590431
v 44.008263 101.300003 -49.103886
v 42.456120 101.300003 -50.597237
v -16.541889 101.300003 -21.408846
v -15.500000 101.300003 -21.500000
v 15.500000 101.300003 -21.500000
v 20.096266 101.300003 -19.356726
v 19.356726 101.300003 -20.096266
v 18.500000 101.300003 -20.696152
v 66.050003 101.300003 0.000000
v 65.603394 101.300003 7.667937
v 64.269615 101.300003 15.232179
v 44.488743 101.300003 -48.605896
v 45.410069 101.300003 -47.562584
v 47.513206 101.300003 -44.534412
v 47.568855 101.300003 -44.403328
v 55.183968 101.300003 36.295067
v 44.489552 101.300003 48.605038
v 43.996353 101.300003 49.115868
v 45.326260 101.300003 48.043026
v 43.166145 101.300003 49.910553
v 42.456120 101.300003 50.597237
v 42.458378 101.300003 50.530052
v 39.442322 101.300003 52.980236
v 38.692112 101.300003 53.468876
v 36.707722 101.300003 54.850189
v 34.133698 101.300003 -56.466263
v 34.674068 101.300003 -56.157894
v 36.295067 101.300003 -55.183968
v 38.692112 101.300003 -53.468876
v 39.442322 101.300003 -52.980236
v 40.601841 101.300003 -52.033550
v 42.458378 101.300003 -50.530052
v 64.269615 101.300003 -15.232179
v 62.066696 101.300003 -22.590431
v 47.899998 101.300003 -26.500000
v 46.230495 101.300003 46.517410
v 46.116848 101.300003 46.669697
v 44.782558 101.300003 48.286488
v 20.696152 101.300003 -18.500000
v 65.603394 101.300003 -7.667937
v 47.882751 101.300003 -42.925682
v 47.899998 101.300003 -42.362411
v 55.183968 101.300003 -36.295067
v 59.024433 101.300003 -29.643185
v 47.899998 101.963913 26.500000
v -44.399998 115.300003 26.500000
v -44.900002 115.300003 26.500000
v -47.700001 154.300003 26.500000
v 47.250748 103.827774 26.500000
v 47.528725 103.409523 26.500000
v 29.471621 129.233002 26.500000
v 31.800446 127.084496 26.500000
v 28.723392 127.853844 26.500000
v 31.277157 125.605278 26.500000
v 46.906895 104.193794 26.500000
v 44.399998 104.449997 26.500000
v 34.247581 115.587173 26.500000
v 31.170528 116.356522 26.500000
v 33.167255 116.725075 26.500000
v 47.733044 102.950768 26.500000
v 47.857967 102.464348 26.500000
v 30.951084 122.493881 26.500000
v 27.874033 123.263229 26.500000
v 30.991695 124.062408 26.500000
v 27.914642 124.831757 26.500000
v 28.200108 126.374626 26.500000
v 32.278221 118.017960 26.500000
v 30.090204 117.494423 26.500000
v 31.602364 119.433990 26.500000
v 29.201168 118.787308 26.500000
v 31.156326 120.938309 26.500000
v 28.525312 120.203339 26.500000
v 28.079273 121.707657 26.500000
v -47.899998 154.300003 26.500000
v -44.441898 172.697495 26.500000
v -44.900002 166.300003 26.500000
v 12.744972 209.353165 26.500000
v 16.723513 211.185791 26.500000
v 18.749289 207.097961 26.500000
v 22.725395 208.465942 26.500000
v 24.371016 204.010269 26.500000
v 28.297218 204.948120 26.500000
v 29.495438 200.153046 26.500000
v 33.333534 200.698914 26.500000
v 34.017990 195.605057 26.500000
v 37.739033 195.798737 26.500000
v 37.846390 190.459076 26.500000
v 41.430347 190.340317 26.500000
v 40.902512 184.820114 26.500000
v 44.337616 184.426941 26.500000
v 43.123993 178.803238 26.500000
v 46.405827 178.170517 26.500000
v 44.465511 172.531235 26.500000
v 47.595837 171.689468 26.500000
v 44.899689 166.132065 26.500000
v 47.885128 165.106415 26.500000
v 44.417656 159.736343 26.500000
v 47.268223 158.545959 26.500000
v 43.029263 153.474533 26.500000
v 45.756798 152.132233 26.500000
v 40.762833 147.474457 26.500000
v 43.379456 145.986633 26.500000
v 37.664619 141.858505 26.500000
v 40.181187 140.225449 26.500000
v 32.548672 128.463654 26.500000
v -47.899998 166.300003 26.500000
v -47.446762 172.873795 26.500000
v -43.076931 178.964447 26.500000
v -46.095623 179.323181 26.500000
v -40.832958 184.972961 26.500000
v -43.872158 185.526123 26.500000
v -37.755768 190.600449 26.500000
v -40.818439 191.365219 26.500000
v -33.908150 195.732071 26.500000
v -36.992260 196.729965 26.500000
v -29.368618 200.263123 26.500000
v -32.466022 201.518845 26.500000
v -24.229805 204.101151 26.500000
v -27.325390 205.641235 26.500000
v -18.596569 207.167801 26.500000
v -21.667641 209.019119 26.500000
v -12.583861 209.400543 26.500000
v -15.599846 211.588577 26.500000
v -6.314372 210.753784 26.500000
v -9.236834 213.300964 26.500000
v 0.083965 211.199921 26.500000
v -2.699021 214.123901 26.500000
v 6.480588 210.729858 26.500000
v 3.889869 214.041794 26.500000
v 10.405146 213.056198 26.500000
v -47.899998 166.300003 45.500000
v -47.899998 150.172989 45.500000
v -47.755424 166.300003 47.357128
v -47.888836 149.036163 46.017544
v -47.877968 148.372757 46.226814
v -47.867802 147.689178 46.378464
v -47.860767 146.997192 46.469563
v -47.858261 146.300003 46.500000
v -47.858261 109.300003 46.500000
v -47.860786 108.600258 46.469337
v -47.867802 107.910812 46.378464
v -47.899979 105.386459 45.477406
v -47.888836 106.563835 46.017544
v -47.877888 107.232101 46.228119
v -35.900002 166.300003 57.500000
v -37.983780 166.300003 57.317692
v -39.612503 166.300003 56.911282
v -40.004242 166.300003 56.776310
v -41.353928 166.300003 56.188999
v -41.900002 166.300003 55.892303
v -42.960732 166.300003 55.202888
v -43.613453 166.300003 54.692532
v -44.393265 166.300003 53.977287
v -45.092533 166.300003 53.213451
v -45.616165 166.300003 52.542450
v -46.292305 166.300003 51.500000
v -46.599251 166.300003 50.933788
v -47.176311 166.300003 49.604240
v -47.717693 166.300003 47.583778
v -47.318249 166.300003 49.191010
v 13.788799 177.870178 56.299999
v 14.018613 178.063019 56.299999
v 11.570177 180.088806 56.299999
v 11.763013 180.318619 56.299999
v 9.000000 181.888458 56.299999
v 9.150001 182.148254 56.299999
v 6.156363 183.214462 56.299999
v 6.258969 183.496384 56.299999
v 3.125667 184.026535 56.299999
v 3.177762 184.321991 56.299999
v -0.000000 184.300003 56.299999
v -0.000000 184.600006 56.299999
v -3.125667 184.026535 56.299999
v -3.177762 184.321991 56.299999
v -6.156363 183.214462 56.299999
v -6.258969 183.496384 56.299999
v -9.000000 181.888458 56.299999
v -9.150001 182.148254 56.299999
v -11.570177 180.088806 56.299999
v -11.763013 180.318619 56.299999
v -13.788799 177.870178 56.299999
v -14.018613 178.063019 56.299999
v -15.588458 175.300003 56.299999
v -15.848264 175.449997 56.299999
v -16.914467 172.456360 56.299999
v -17.196377 172.558975 56.299999
v -17.726540 169.425659 56.299999
v -18.021982 169.477753 56.299999
v -18.000000 166.300003 56.299999
v -18.300001 166.300003 56.299999
v -18.000000 101.599998 56.299999
v 18.000000 101.599998 56.299999
v 18.000000 166.300003 56.299999
v 18.300001 166.300003 56.299999
v 17.726540 169.425659 56.299999
v 18.021982 169.477753 56.299999
v 16.914467 172.456360 56.299999
v 17.196377 172.558975 56.299999
v 15.588458 175.300003 56.299999
v 15.848264 175.449997 56.299999
v -44.900002 115.300003 -45.000000
v -40.800003 115.300003 -45.000000
v -44.900002 166.300003 -45.000000
v 37.846390 190.459076 -45.000000
v 30.090204 117.494423 -45.000000
v 29.201168 118.787308 -45.000000
v 27.914642 124.831757 -45.000000
v 28.200108 126.374626 -45.000000
v 28.723392 127.853844 -45.000000
v 29.471621 129.233002 -45.000000
v 28.525312 120.203339 -45.000000
v 28.079273 121.707657 -45.000000
v 27.874033 123.263229 -45.000000
v 6.480588 210.729858 -45.000000
v 0.083965 211.199921 -45.000000
v -6.314372 210.753784 -45.000000
v -12.583861 209.400543 -45.000000
v -37.755768 190.600449 -45.000000
v -40.832958 184.972961 -45.000000
v -43.076931 178.964447 -45.000000
v 40.800003 107.690002 -45.000000
v 31.170528 116.356522 -45.000000
v 34.017990 195.605057 -45.000000
v 29.495438 200.153046 -45.000000
v 24.371016 204.010269 -45.000000
v 18.749289 207.097961 -45.000000
v 12.744972 209.353165 -45.000000
v -18.596569 207.167801 -45.000000
v -24.229805 204.101151 -45.000000
v -29.368618 200.263123 -45.000000
v -33.908150 195.732071 -45.000000
v -44.441898 172.697495 -45.000000
v 37.664619 141.858505 -45.000000
v 40.762833 147.474457 -45.000000
v 43.029263 153.474533 -45.000000
v 44.417656 159.736343 -45.000000
v 44.899689 166.132065 -45.000000
v 44.465511 172.531235 -45.000000
v 43.123993 178.803238 -45.000000
v 40.902512 184.820114 -45.000000
v 40.800003 107.690002 -39.000000
v 44.399998 104.449997 -39.000000
v 44.399998 104.449997 -26.500000
v 28.525312 120.203339 45.000000
v 29.201168 118.787308 45.000000
v -29.368618 200.263123 45.000000
v -24.229805 204.101151 45.000000
v -44.900002 166.300003 45.000000
v 37.664619 141.858505 45.000000
v 29.471621 129.233002 45.000000
v -40.800003 115.300003 45.000000
v 28.723392 127.853844 45.000000
v 28.200108 126.374626 45.000000
v 27.914642 124.831757 45.000000
v 27.874033 123.263229 45.000000
v 28.079273 121.707657 45.000000
v 40.800003 107.690002 45.000000
v 31.170528 116.356522 45.000000
v 30.090204 117.494423 45.000000
v -18.596569 207.167801 45.000000
v -12.583861 209.400543 45.000000
v -6.314372 210.753784 45.000000
v 0.083965 211.199921 45.000000
v 6.480588 210.729858 45.000000
v 12.744972 209.353165 45.000000
v 29.495438 200.153046 45.000000
v 34.017990 195.605057 45.000000
v 37.846390 190.459076 45.000000
v -44.900002 115.300003 45.000000
v -40.832958 184.972961 45.000000
v -37.755768 190.600449 45.000000
v -43.076931 178.964447 45.000000
v -44.441898 172.697495 45.000000
v -33.908150 195.732071 45.000000
v 18.749289 207.097961 45.000000
v 24.371016 204.010269 45.000000
v 40.902512 184.820114 45.000000
v 43.123993 178.803238 45.000000
v 44.465511 172.531235 45.000000
v 44.899689 166.132065 45.000000
v 44.417656 159.736343 45.000000
v 43.029263 153.474533 45.000000
v 40.762833 147.474457 45.000000
v 44.399998 104.449997 39.000000
v 40.800003 107.690002 39.000000
v 3.304101 202.047623 -57.500000
v 3.177762 184.321991 -57.500000
v -0.000000 184.600006 -57.500000
v 22.482405 134.995911 -57.500000
v 20.979221 132.276352 -57.500000
v 35.133957 173.676666 -57.500000
v 14.018613 178.063019 -57.500000
v 11.763013 180.318619 -57.500000
v 25.168905 191.899536 -57.500000
v 19.749250 117.098167 -57.500000
v 20.794935 114.172066 -57.500000
v 22.242447 111.422485 -57.500000
v 27.548769 189.319016 -57.500000
v 29.665230 186.518402 -57.500000
v 15.848264 175.449997 -57.500000
v 9.150001 182.148254 -57.500000
v 19.712284 196.303940 -57.500000
v 22.548393 194.235291 -57.500000
v 6.779613 201.554031 -57.500000
v 10.190301 200.723358 -57.500000
v 6.258969 183.496384 -57.500000
v 13.503556 199.563553 -57.500000
v 16.687698 198.085709 -57.500000
v -3.177762 184.321991 -57.500000
v -3.708164 202.007980 -57.500000
v -0.203002 202.199432 -57.500000
v -6.258969 183.496384 -57.500000
v -10.578947 200.605911 -57.500000
v -7.177871 201.475098 -57.500000
v -15.848264 175.449997 -57.500000
v -31.690828 183.167160 -57.500000
v -29.891985 186.181641 -57.500000
v -11.763013 180.318619 -57.500000
v -20.050341 196.079086 -57.500000
v -9.150001 182.148254 -57.500000
v -17.046099 197.894943 -57.500000
v -13.878874 199.408722 -57.500000
v -14.018613 178.063019 -57.500000
v -33.186665 179.991425 -57.500000
v -17.196377 172.558975 -57.500000
v -34.365189 176.684784 -57.500000
v -18.021982 169.477753 -57.500000
v -35.215134 173.278854 -57.500000
v 34.480434 156.304520 -57.500000
v 33.339378 152.984756 -57.500000
v -27.807333 189.005997 -57.500000
v -25.456804 191.613266 -57.500000
v -22.862871 193.978500 -57.500000
v -18.300001 166.300003 -57.500000
v -35.728374 169.806183 -57.500000
v -35.900002 166.300003 -57.500000
v -35.900002 101.300003 -57.500000
v 35.686436 170.210022 -57.500000
v 35.897705 166.705994 -57.500000
v 35.765739 163.198090 -57.500000
v 31.879555 149.792297 -57.500000
v 30.114918 146.757690 -57.500000
v 31.498049 183.524490 -57.500000
v 33.029701 180.365860 -57.500000
v 17.196377 172.558975 -57.500000
v 34.245548 177.072769 -57.500000
v 18.021982 169.477753 -57.500000
v 18.300001 166.300003 -57.500000
v 19.874189 129.372147 -57.500000
v 19.189350 126.341225 -57.500000
v 18.938368 123.244049 -57.500000
v 19.126251 120.142403 -57.500000
v 29.945786 103.314445 -57.500000
v 26.220005 106.667648 -57.500000
v 24.062912 108.904266 -57.500000
v 35.291805 159.719849 -57.500000
v -47.671005 170.978180 45.500000
v -46.095623 179.323181 45.500000
v -46.986206 175.611618 45.500000
v -47.446762 172.873795 45.500000
v -45.852158 180.156021 45.500000
v -44.279697 184.567963 45.500000
v -40.818439 191.365219 45.500000
v -42.283863 188.805222 45.500000
v -43.872158 185.526123 45.500000
v -39.883736 192.827301 45.500000
v -37.102264 196.595749 45.500000
v -36.992260 196.729965 45.500000
v -33.966042 200.074509 45.500000
v -27.325390 205.641235 45.500000
v -30.505060 203.230362 45.500000
v -32.466022 201.518845 45.500000
v -26.752405 206.033096 45.500000
v -22.743961 208.455933 45.500000
v -15.599846 211.588577 45.500000
v -18.518051 210.475693 45.500000
v -21.667641 209.019119 45.500000
v -14.115085 212.073074 45.500000
v -9.577159 213.232803 45.500000
v -9.236834 213.300964 45.500000
v -4.947661 213.943787 45.500000
v 3.889869 214.041794 45.500000
v -0.270858 214.199234 45.500000
v -2.699021 214.123901 45.500000
v 4.408536 213.996689 45.500000
v 9.045778 213.338120 45.500000
v 16.723513 211.185791 45.500000
v 13.596530 212.229782 45.500000
v 10.405146 213.056198 45.500000
v 18.017279 210.682281 45.500000
v 22.265760 208.710449 45.500000
v 22.725395 208.465942 45.500000
v 26.301348 206.333099 45.500000
v 33.333534 200.698914 45.500000
v 30.085459 203.572983 45.500000
v 28.297218 204.948120 45.500000
v 33.581909 200.456482 45.500000
v 36.757271 197.013397 45.500000
v 41.430347 190.340317 45.500000
v 39.581184 193.276657 45.500000
v 37.739033 195.798737 45.500000
v 42.026646 189.281982 45.500000
v 44.070274 185.067551 45.500000
v 44.337616 184.426941 45.500000
v 45.692524 180.673691 45.500000
v 47.595837 171.689468 45.500000
v 46.877899 176.142395 45.500000
v 46.405827 178.170517 45.500000
v 47.615051 171.516998 45.500000
v 47.896938 166.841705 45.500000
v 47.268223 158.545959 45.500000
v 47.720860 162.161240 45.500000
v 47.885128 165.106415 45.500000
v 47.088512 157.520355 45.500000
v 46.005928 152.963409 45.500000
v 45.756798 152.132233 45.500000
v 44.483459 148.533966 45.500000
v 40.181187 140.225449 45.500000
v 42.535675 144.274414 45.500000
v 43.379456 145.986633 45.500000
v 40.181187 140.225449 -45.500000
v 42.535675 144.274414 -45.500000
v 40.181187 140.225449 -26.500000
v 43.379456 145.986633 -26.500000
v 45.756798 152.132233 -45.500000
v 45.756798 152.132233 -26.500000
v 44.483459 148.533966 -45.500000
v 43.379456 145.986633 -45.500000
v 46.005928 152.963409 -45.500000
v 47.088512 157.520355 -45.500000
v 47.268223 158.545959 -26.500000
v 47.885128 165.106415 -45.500000
v 47.885128 165.106415 -26.500000
v 47.720860 162.161240 -45.500000
v 47.268223 158.545959 -45.500000
v 47.896938 166.841705 -45.500000
v 47.615051 171.516998 -45.500000
v 47.595837 171.689468 -26.500000
v 47.595837 171.689468 -45.500000
v 46.877899 176.142395 -45.500000
v 46.405827 178.170517 -26.500000
v 44.337616 184.426941 -45.500000
v 44.337616 184.426941 -26.500000
v 45.692524 180.673691 -45.500000
v 46.405827 178.170517 -45.500000
v 44.070274 185.067551 -45.500000
v 42.026646 189.281982 -45.500000
v 41.430347 190.340317 -26.500000
v 37.739033 195.798737 -45.500000
v 37.739033 195.798737 -26.500000
v 39.581184 193.276657 -45.500000
v 41.430347 190.340317 -45.500000
v 36.757271 197.013397 -45.500000
v 33.581909 200.456482 -45.500000
v 33.333534 200.698914 -26.500000
v 33.333534 200.698914 -45.500000
v 30.085459 203.572983 -45.500000
v 28.297218 204.948120 -26.500000
v 22.725395 208.465942 -45.500000
v 22.725395 208.465942 -26.500000
v 26.301348 206.333099 -45.500000
v 28.297218 204.948120 -45.500000
v 22.265760 208.710449 -45.500000
v 18.017279 210.682281 -45.500000
v 16.723513 211.185791 -26.500000
v 10.405146 213.056198 -45.500000
v 10.405146 213.056198 -26.500000
v 13.596530 212.229782 -45.500000
v 16.723513 211.185791 -45.500000
v 9.045778 213.338120 -45.500000
v 4.408536 213.996689 -45.500000
v 3.889869 214.041794 -26.500000
v 3.889869 214.041794 -45.500000
v -0.270858 214.199234 -45.500000
v -2.699021 214.123901 -26.500000
v -9.236834 213.300964 -45.500000
v -9.236834 213.300964 -26.500000
v -4.947661 213.943787 -45.500000
v -2.699021 214.123901 -45.500000
v -9.577159 213.232803 -45.500000
v -14.115085 212.073074 -45.500000
v -15.599846 211.588577 -26.500000
v -21.667641 209.019119 -45.500000
v -21.667641 209.019119 -26.500000
v -18.518051 210.475693 -45.500000
v -15.599846 211.588577 -45.500000
v -22.743961 208.455933 -45.500000
v -26.752405 206.033096 -45.500000
v -27.325390 205.641235 -26.500000
v -27.325390 205.641235 -45.500000
v -30.505060 203.230362 -45.500000
v -32.466022 201.518845 -26.500000
v -36.992260 196.729965 -45.500000
v -36.992260 196.729965 -26.500000
v -33.966042 200.074509 -45.500000
v -32.466022 201.518845 -45.500000
v -37.102264 196.595749 -45.500000
v -39.883736 192.827301 -45.500000
v -40.818439 191.365219 -26.500000
v -43.872158 185.526123 -45.500000
v -43.872158 185.526123 -26.500000
v -42.283863 188.805222 -45.500000
v -40.818439 191.365219 -45.500000
v -44.279697 184.567963 -45.500000
v -45.852158 180.156021 -45.500000
v -46.095623 179.323181 -26.500000
v -46.095623 179.323181 -45.500000
v -46.986206 175.611618 -45.500000
v -47.446762 172.873795 -26.500000
v -47.899998 166.300003 -45.500000
v -47.899998 166.300003 -26.500000
v -47.671005 170.978180 -45.500000
v -47.446762 172.873795 -45.500000
v 40.353611 110.091751 -45.500000
v 34.247581 115.587173 -45.500000
v 44.900463 105.999580 -41.681686
v 34.247581 115.587173 -26.500000
v 46.906895 104.193794 -39.715458
v 46.906895 104.193794 -26.500000
v 32.548672 128.463654 -45.500000
v 32.548672 128.463654 -26.500000
v 32.548672 128.463654 45.500000
v 46.906895 104.193794 39.715458
v 42.625324 108.047211 43.693253
v 40.353611 110.091751 45.500000
v 34.247581 115.587173 45.500000
v 31.800446 127.084496 -26.500000
v 33.267086 116.603821 -45.500000
v 33.167255 116.725075 -26.500000
v 32.439602 117.748466 -45.500000
v 32.278221 118.017960 -26.500000
v 32.278221 118.017960 -45.500000
v 31.781639 118.998276 -45.500000
v 31.602364 119.433990 -26.500000
v 31.602364 119.433990 -45.500000
v 31.306330 120.328323 -45.500000
v 31.156326 120.938309 -26.500000
v 31.156326 120.938309 -45.500000
v 31.023148 121.712067 -45.500000
v 30.951084 122.493881 -26.500000
v 30.951084 122.493881 -45.500000
v 30.937746 123.121902 -45.500000
v 30.991695 124.062408 -26.500000
v 30.991695 124.062408 -45.500000
v 31.051830 124.529709 -45.500000
v 31.277157 125.605278 -26.500000
v 31.277157 125.605278 -45.500000
v 31.363119 125.907402 -45.500000
v 31.865406 127.227501 -45.500000
v 33.267086 116.603821 45.500000
v 32.439602 117.748466 45.500000
v 32.278221 118.017960 45.500000
v 31.781639 118.998276 45.500000
v 31.602364 119.433990 45.500000
v 31.306330 120.328323 45.500000
v 31.156326 120.938309 45.500000
v 31.023148 121.712067 45.500000
v 30.951084 122.493881 45.500000
v 30.937746 123.121902 45.500000
v 30.991695 124.062408 45.500000
v 31.051830 124.529709 45.500000
v 31.277157 125.605278 45.500000
v 31.363119 125.907402 45.500000
v 31.865406 127.227501 45.500000
v -3.708164 202.007980 57.500000
v -3.177762 184.321991 57.500000
v -0.000000 184.600006 57.500000
v -7.177871 201.475098 57.500000
v -10.578947 200.605911 57.500000
v -6.258969 183.496384 57.500000
v -13.878874 199.408722 57.500000
v -9.150001 182.148254 57.500000
v 3.177762 184.321991 57.500000
v 3.304101 202.047623 57.500000
v -0.203002 202.199432 57.500000
v 11.763013 180.318619 57.500000
v 19.712284 196.303940 57.500000
v 9.150001 182.148254 57.500000
v 16.687698 198.085709 57.500000
v 6.258969 183.496384 57.500000
v 14.018613 178.063019 57.500000
v 25.168905 191.899536 57.500000
v 22.548393 194.235291 57.500000
v -18.300001 166.300003 57.500000
v 13.503556 199.563553 57.500000
v 10.190301 200.723358 57.500000
v 6.779613 201.554031 57.500000
v 15.848264 175.449997 57.500000
v 29.665230 186.518402 57.500000
v 27.548769 189.319016 57.500000
v 17.196377 172.558975 57.500000
v 33.029701 180.365860 57.500000
v 31.498049 183.524490 57.500000
v -18.021982 169.477753 57.500000
v -17.196377 172.558975 57.500000
v -34.365189 176.684784 57.500000
v -14.018613 178.063019 57.500000
v -29.891985 186.181641 57.500000
v -15.848264 175.449997 57.500000
v -31.690828 183.167160 57.500000
v -33.186665 179.991425 57.500000
v -11.763013 180.318619 57.500000
v -25.456804 191.613266 57.500000
v -27.807333 189.005997 57.500000
v -17.046099 197.894943 57.500000
v -20.050341 196.079086 57.500000
v -22.862871 193.978500 57.500000
v 24.062912 108.904266 57.500000
v 22.242447 111.422485 57.500000
v 20.794935 114.172066 57.500000
v 19.749250 117.098167 57.500000
v -35.728374 169.806183 57.500000
v -35.215134 173.278854 57.500000
v 18.300001 166.300003 57.500000
v 19.874189 129.372147 57.500000
v 20.979221 132.276352 57.500000
v 29.945786 103.314445 57.500000
v 26.220005 106.667648 57.500000
v 19.126251 120.142403 57.500000
v 18.938368 123.244049 57.500000
v 19.189350 126.341225 57.500000
v 35.686436 170.210022 57.500000
v 18.021982 169.477753 57.500000
v 35.133957 173.676666 57.500000
v 34.245548 177.072769 57.500000
v 22.482405 134.995911 57.500000
v 30.114918 146.757690 57.500000
v 31.879555 149.792297 57.500000
v 33.339378 152.984756 57.500000
v 34.480434 156.304520 57.500000
v 35.291805 159.719849 57.500000
v 35.765739 163.198090 57.500000
v 35.897705 166.705994 57.500000
v 47.899998 101.963913 -26.500000
v 47.857967 102.464348 -26.500000
v 47.733044 102.950768 -26.500000
v 29.471621 129.233002 -26.500000
v 47.528725 103.409523 -26.500000
v 47.250748 103.827774 -26.500000
v 31.170528 116.356522 -26.500000
v 30.090204 117.494423 -26.500000
v 29.201168 118.787308 -26.500000
v 28.525312 120.203339 -26.500000
v 28.079273 121.707657 -26.500000
v 27.874033 123.263229 -26.500000
v 27.914642 124.831757 -26.500000
v 28.723392 127.853844 -26.500000
v 28.200108 126.374626 -26.500000
v 43.029263 153.474533 -26.500000
v 40.762833 147.474457 -26.500000
v 37.664619 141.858505 -26.500000
v -44.399998 115.300003 -26.500000
v -44.900002 115.300003 -26.500000
v -44.900002 166.300003 -26.500000
v -44.441898 172.697495 -26.500000
v -43.076931 178.964447 -26.500000
v -40.832958 184.972961 -26.500000
v -37.755768 190.600449 -26.500000
v -33.908150 195.732071 -26.500000
v -29.368618 200.263123 -26.500000
v -24.229805 204.101151 -26.500000
v -18.596569 207.167801 -26.500000
v -12.583861 209.400543 -26.500000
v -6.314372 210.753784 -26.500000
v 0.083965 211.199921 -26.500000
v 6.480588 210.729858 -26.500000
v 12.744972 209.353165 -26.500000
v 18.749289 207.097961 -26.500000
v 24.371016 204.010269 -26.500000
v 29.495438 200.153046 -26.500000
v 34.017990 195.605057 -26.500000
v 37.846390 190.459076 -26.500000
v 40.902512 184.820114 -26.500000
v 43.123993 178.803238 -26.500000
v 44.465511 172.531235 -26.500000
v 44.899689 166.132065 -26.500000
v 44.417656 159.736343 -26.500000
v -101.199997 101.300003 38.500000
v -64.269615 101.300003 15.232179
v -62.066696 101.300003 22.590431
v -59.024433 101.300003 29.643185
v -55.183968 101.300003 36.295067
v -53.668915 101.300003 38.500000
v -45.326260 96.300003 -48.043026
v -39.442322 101.300003 -52.980236
v -39.442322 96.300003 -52.980236
v -33.025002 101.300003 -57.200981
v -33.025002 96.300003 -57.200981
v -26.161070 96.300003 -60.648174
v -45.326260 101.300003 -48.043026
v -50.597237 96.300003 -42.456120
v -55.183968 96.300003 -36.295067
v -59.024433 96.300003 -29.643185
v -62.066696 96.300003 -22.590431
v -64.269615 96.300003 -15.232179
v -65.603394 96.300003 -7.667937
v -66.050003 96.300003 -0.000000
v -66.050003 101.300003 -0.000000
v -65.603394 96.300003 7.667937
v -64.269615 96.300003 15.232179
v -62.066696 96.300003 22.590431
v -59.024433 96.300003 29.643185
v -55.183968 96.300003 36.295067
v -50.597237 102.346649 42.456120
v -51.596333 101.782455 41.236160
v -50.597237 96.300003 42.456120
v -52.644615 101.421539 39.889187
v -48.303169 104.705276 45.048935
v -47.946648 105.300003 45.428200
v -48.692013 104.157700 44.628357
v -49.577740 103.171646 43.642300
v -50.560799 102.371513 42.499508
v -45.326260 96.300003 48.043026
v -39.442322 96.300003 52.980236
v -33.025002 96.300003 57.200981
v -26.161070 96.300003 60.648174
v -18.943352 96.300003 63.275211
v -11.469462 96.300003 65.046547
v -3.840466 96.300003 65.938255
v 3.840466 96.300003 65.938255
v 11.469462 96.300003 65.046547
v 18.943352 96.300003 63.275211
v 26.161070 96.300003 60.648174
v 33.025002 96.300003 57.200981
v 45.326260 96.300003 -48.043026
v 50.597237 96.300003 -42.456120
v 55.183968 96.300003 -36.295067
v 59.024433 96.300003 -29.643185
v 62.066696 96.300003 -22.590431
v 64.269615 96.300003 -15.232179
v 65.603394 96.300003 -7.667937
v 66.050003 96.300003 0.000000
v 65.603394 96.300003 7.667937
v 64.269615 96.300003 15.232179
v 62.066696 96.300003 22.590431
v 59.024433 96.300003 29.643185
v 55.183968 96.300003 36.295067
v 50.597237 96.300003 42.456120
v 45.326260 96.300003 48.043026
v 39.442322 96.300003 52.980236
v 39.442322 96.300003 -52.980236
v 33.025002 96.300003 -57.200981
v 26.161070 96.300003 -60.648174
v 18.943352 96.300003 -63.275211
v 11.469462 96.300003 -65.046547
v 3.840466 96.300003 -65.938255
v -3.840466 96.300003 -65.938255
v -11.469462 96.300003 -65.046547
v -18.943352 96.300003 -63.275211
v -4.000000 96.300003 -6.928203
v -2.736161 96.300003 -7.517541
v -1.389185 96.300003 -7.878462
v 7.878462 96.300003 -1.389185
v 8.000000 96.300003 0.000000
v 7.878462 96.300003 1.389185
v 6.128356 96.300003 -5.142301
v 6.928203 96.300003 -4.000000
v 7.517541 96.300003 -2.736161
v -6.128356 96.300003 -5.142301
v -5.142301 96.300003 -6.128356
v -7.517541 96.300003 -2.736161
v -7.878462 96.300003 -1.389185
v -7.517541 96.300003 2.736161
v -7.878462 96.300003 1.389185
v -8.000000 96.300003 0.000000
v -6.128356 96.300003 5.142301
v -6.928203 96.300003 4.000000
v 4.000000 96.300003 -6.928203
v 5.142301 96.300003 -6.128356
v -6.928203 96.300003 -4.000000
v 1.389185 96.300003 7.878462
v -0.000000 96.300003 8.000000
v -1.389185 96.300003 7.878462
v 1.389185 96.300003 -7.878462
v 2.736161 96.300003 -7.517541
v -4.000000 96.300003 6.928203
v -5.142301 96.300003 6.128356
v -2.736161 96.300003 7.517541
v 4.000000 96.300003 6.928203
v 2.736161 96.300003 7.517541
v -0.000000 96.300003 -8.000000
v 6.128356 96.300003 5.142301
v 5.142301 96.300003 6.128356
v 7.517541 96.300003 2.736161
v 6.928203 96.300003 4.000000
v -40.800003 115.300003 39.000000
v -44.399998 115.300003 39.000000
v -47.899998 150.300003 45.428200
v -47.899998 154.178467 39.889187
v -47.899998 153.817535 41.236160
v -47.899998 153.228210 42.500000
v -47.899998 152.428360 43.642300
v -47.899998 151.442307 44.628357
v -47.899998 154.300003 38.500000
v 47.899998 101.963913 39.715458
v 47.899998 101.516457 41.955811
v 47.899998 101.909477 40.561420
v 47.899998 101.748207 41.333260
v -47.899998 101.300003 -45.500000
v -45.092533 101.300003 -53.213451
v -43.613453 101.300003 -54.692532
v -41.900002 101.300003 -55.892303
v -40.004242 101.300003 -56.776310
v -37.983780 101.300003 -57.317692
v -47.717693 101.300003 -47.583778
v -47.176311 101.300003 -49.604240
v -46.292305 101.300003 -51.500000
v -40.800003 115.300003 -39.000000
v -44.399998 115.300003 -39.000000
v 47.899998 101.963913 -39.715458
v 47.899998 101.516457 -41.955811
v 47.899998 101.909477 -40.561420
v 47.899998 101.748207 -41.333260
v -18.300001 166.300003 -56.299999
v -18.021982 169.477753 -56.299999
v -17.196377 172.558975 -56.299999
v -15.848264 175.449997 -56.299999
v -14.018613 178.063019 -56.299999
v -11.763013 180.318619 -56.299999
v -9.150001 182.148254 -56.299999
v -6.258969 183.496384 -56.299999
v -3.177762 184.321991 -56.299999
v -0.000000 184.600006 -56.299999
v 3.177762 184.321991 -56.299999
v 6.258969 183.496384 -56.299999
v 9.150001 182.148254 -56.299999
v 11.763013 180.318619 -56.299999
v 14.018613 178.063019 -56.299999
v 15.848264 175.449997 -56.299999
v 17.196377 172.558975 -56.299999
v 18.021982 169.477753 -56.299999
v 18.300001 166.300003 -56.299999
v 16.914467 172.456360 -56.299999
v 17.726540 169.425659 -56.299999
v 18.000000 166.300003 -56.299999
v 18.000000 101.599998 -56.299999
v -18.000000 101.599998 -56.299999
v -18.000000 166.300003 -56.299999
v -17.726540 169.425659 -56.299999
v -16.914467 172.456360 -56.299999
v -15.588458 175.300003 -56.299999
v -13.788799 177.870178 -56.299999
v -11.570177 180.088806 -56.299999
v -9.000000 181.888458 -56.299999
v -6.156363 183.214462 -56.299999
v -3.125667 184.026535 -56.299999
v -0.000000 184.300003 -56.299999
v 3.125667 184.026535 -56.299999
v 6.156363 183.214462 -56.299999
v 9.000000 181.888458 -56.299999
v 11.570177 180.088806 -56.299999
v 13.788799 177.870178 -56.299999
v 15.588458 175.300003 -56.299999
v -37.983780 166.300003 -57.317692
v -40.004242 166.300003 -56.776310
v -41.900002 166.300003 -55.892303
v -43.613453 166.300003 -54.692532
v -45.092533 166.300003 -53.213451
v -46.292305 166.300003 -51.500000
v -47.176311 166.300003 -49.604240
v -47.717693 166.300003 -47.583778
v -37.802189 170.009705 -57.317692
v -39.812992 170.207031 -56.776310
v -41.699688 170.392181 -55.892303
v -43.404949 170.559525 -54.692532
v -44.876961 170.703979 -53.213451
v -46.070995 170.821152 -51.500000
v -46.950775 170.907501 -49.604240
v -47.489567 170.960373 -47.583778
v -46.807377 175.576172 -47.583778
v -45.677647 180.103287 -47.583778
v -44.111172 184.498428 -47.583778
v -42.122929 188.719559 -47.583778
v -39.731937 192.726334 -47.583778
v -36.961052 196.480438 -47.583778
v -33.836765 199.945969 -47.583778
v -30.388956 203.089798 -47.583778
v -26.650585 205.881866 -47.583778
v -22.657396 208.295486 -47.583778
v -18.447573 210.307556 -47.583778
v -14.061363 211.898865 -47.583778
v -9.540708 213.054184 -47.583778
v -4.928831 213.762466 -47.583778
v -0.269827 214.016922 -47.583778
v 4.391757 213.815170 -47.583778
v 9.011350 213.159088 -47.583778
v 13.544781 212.054962 -47.583778
v 17.948706 210.513382 -47.583778
v 22.181015 208.549026 -47.583778
v 26.201244 206.180740 -47.583778
v 29.970953 203.431122 -47.583778
v 33.454098 200.326492 -47.583778
v 36.617374 196.896500 -47.583778
v 39.430538 193.173981 -47.583778
v 41.866695 189.194504 -47.583778
v 43.902542 184.996124 -47.583778
v 45.518623 180.618988 -47.583778
v 46.699478 176.104935 -47.583778
v 47.433826 171.497131 -47.583778
v 47.714642 166.839645 -47.583778
v 47.539238 162.177002 -47.583778
v 46.909290 157.553772 -47.583778
v 45.830826 153.014160 -47.583778
v 44.314156 148.601593 -47.583778
v 42.373783 144.358246 -47.583778
v 40.028255 140.324692 -47.583778
v -46.276329 175.470932 -49.604240
v -45.159412 179.946686 -49.604240
v -43.610706 184.291962 -49.604240
v -41.645023 188.465210 -49.604240
v -39.281158 192.426514 -49.604240
v -36.541710 196.138016 -49.604240
v -33.452873 199.564240 -49.604240
v -30.044180 202.672409 -49.604240
v -26.348221 205.432800 -49.604240
v -22.400337 207.819016 -49.604240
v -18.238274 209.808273 -49.604240
v -13.901830 211.381531 -49.604240
v -9.432464 212.523727 -49.604240
v -4.872910 213.223969 -49.604240
v -0.266765 213.475555 -49.604240
v 4.341930 213.276077 -49.604240
v 8.909112 212.627441 -49.604240
v 13.391109 211.535858 -49.604240
v 17.745068 210.011749 -49.604240
v 21.929361 208.069702 -49.604240
v 25.903980 205.728271 -49.604240
v 29.630919 203.009857 -49.604240
v 33.074543 199.940430 -49.604240
v 36.201931 196.549362 -49.604240
v 38.983181 192.869080 -49.604240
v 41.391693 188.934753 -49.604240
v 43.404446 184.784012 -49.604240
v 45.002190 180.456528 -49.604240
v 46.169651 175.993698 -49.604240
v 46.895668 171.438171 -49.604240
v 47.173294 166.833511 -49.604240
v 46.999878 162.223770 -49.604240
v 46.377083 157.653000 -49.604240
v 45.310856 153.164902 -49.604240
v 43.811394 148.802383 -49.604240
v 41.893032 144.607178 -49.604240
v 39.574116 140.619385 -49.604240
v -45.409184 175.299088 -51.500000
v -44.313194 179.690964 -51.500000
v -42.793514 183.954819 -51.500000
v -40.864666 188.049866 -51.500000
v -38.545094 191.936951 -51.500000
v -35.856976 195.578903 -51.500000
v -32.826023 198.940918 -51.500000
v -29.481201 201.990845 -51.500000
v -25.854498 204.699509 -51.500000
v -21.980591 207.041031 -51.500000
v -17.896521 208.992996 -51.500000
v -13.641333 210.536774 -51.500000
v -9.255714 211.657562 -51.500000
v -4.781600 212.344696 -51.500000
v -0.261767 212.591568 -51.500000
v 4.260570 212.395828 -51.500000
v 8.742169 211.759338 -51.500000
v 13.140182 210.688217 -51.500000
v 17.412556 209.192657 -51.500000
v 21.518440 207.287003 -51.500000
v 25.418581 204.989441 -51.500000
v 29.075682 202.321960 -51.500000
v 32.454781 199.310074 -51.500000
v 35.523567 195.982544 -51.500000
v 38.252701 192.371216 -51.500000
v 40.616081 188.510620 -51.500000
v 42.591118 184.437653 -51.500000
v 44.158924 180.191254 -51.500000
v 45.304508 175.812042 -51.500000
v 46.016922 171.341888 -51.500000
v 46.289345 166.823532 -51.500000
v 46.119179 162.300156 -51.500000
v 45.508049 157.815033 -51.500000
v 44.461803 153.411026 -51.500000
v 42.990440 149.130264 -51.500000
v 41.108025 145.013672 -51.500000
v 38.832561 141.100601 -51.500000
v -44.232300 175.065857 -53.213451
v -43.164719 179.343918 -53.213451
v -41.684422 183.497253 -53.213451
v -39.805565 187.486160 -53.213451
v -37.546108 191.272507 -53.213451
v -34.927662 194.820084 -53.213451
v -31.975258 198.094955 -53.213451
v -28.717127 201.065842 -53.213451
v -25.184420 203.704300 -53.213451
v -21.410913 205.985123 -53.213451
v -17.432690 207.886505 -53.213451
v -13.287786 209.390274 -53.213451
v -9.015832 210.482025 -53.213451
v -4.657674 211.151337 -53.213451
v -0.254982 211.391815 -53.213451
v 4.150147 211.201141 -53.213451
v 8.515596 210.581161 -53.213451
v 12.799623 209.537781 -53.213451
v 16.961269 208.080994 -53.213451
v 20.960741 206.224731 -53.213451
v 24.759800 203.986725 -53.213451
v 28.322119 201.388367 -53.213451
v 31.613640 198.454529 -53.213451
v 34.602890 195.213257 -53.213451
v 37.261292 191.695526 -53.213451
v 39.563419 187.934982 -53.213451
v 41.487270 183.967560 -53.213451
v 43.014446 179.831238 -53.213451
v 44.130337 175.565521 -53.213451
v 44.824284 171.211212 -53.213451
v 45.089649 166.809967 -53.213451
v 44.923893 162.403824 -53.213451
v 44.328606 158.034927 -53.213451
v 43.309471 153.745071 -53.213451
v 41.876240 149.575256 -53.213451
v 40.042618 145.565353 -53.213451
v 37.826126 141.753708 -53.213451
v -42.781433 174.778320 -54.692532
v -41.748871 178.916061 -54.692532
v -40.317131 182.933167 -54.692532
v -38.499901 186.791245 -54.692532
v -36.314560 190.453384 -54.692532
v -33.781998 193.884583 -54.692532
v -30.926435 197.052048 -54.692532
v -27.775175 199.925476 -54.692532
v -24.358345 202.477402 -54.692532
v -20.708612 204.683411 -54.692532
v -16.860880 206.522430 -54.692532
v -12.851933 207.976868 -54.692532
v -8.720103 209.032806 -54.692532
v -4.504898 209.680176 -54.692532
v -0.246619 209.912750 -54.692532
v 4.014019 209.728348 -54.692532
v 8.236276 209.128693 -54.692532
v 12.379783 208.119537 -54.692532
v 16.404921 206.710541 -54.692532
v 20.273207 204.915161 -54.692532
v 23.947653 202.750549 -54.692532
v 27.393126 200.237442 -54.692532
v 30.576681 197.399826 -54.692532
v 33.467880 194.264877 -54.692532
v 36.039085 190.862534 -54.692532
v 38.265701 187.225327 -54.692532
v 40.126442 183.388046 -54.692532
v 41.603523 179.387390 -54.692532
v 42.682816 175.261597 -54.692532
v 43.354000 171.050125 -54.692532
v 43.610661 166.793228 -54.692532
v 43.450344 162.531616 -54.692532
v 42.874580 158.306046 -54.692532
v 41.888878 154.156891 -54.692532
v 40.502655 150.123856 -54.692532
v 38.729176 146.245468 -54.692532
v 36.585392 142.558838 -54.692532
v -41.100670 174.445236 -55.892303
v -40.108673 178.420410 -55.892303
v -38.733181 182.279694 -55.892303
v -36.987347 185.986191 -55.892303
v -34.887863 189.504471 -55.892303
v -32.454800 192.800873 -55.892303
v -29.711424 195.843887 -55.892303
v -26.683966 198.604431 -55.892303
v -23.401373 201.056091 -55.892303
v -19.895031 203.175446 -55.892303
v -16.198463 204.942200 -55.892303
v -12.347016 206.339493 -55.892303
v -8.377515 207.353958 -55.892303
v -4.327913 207.975891 -55.892303
v -0.236930 208.199326 -55.892303
v 3.856318 208.022156 -55.892303
v 7.912695 207.446075 -55.892303
v 11.893415 206.476562 -55.892303
v 15.760418 205.122925 -55.892303
v 19.476728 203.398071 -55.892303
v 23.006815 201.318512 -55.892303
v 26.316925 198.904129 -55.892303
v 29.375408 196.178009 -55.892303
v 32.153023 193.166214 -55.892303
v 34.623207 189.897522 -55.892303
v 36.762344 186.403229 -55.892303
v 38.549988 182.716705 -55.892303
v 39.969040 178.873230 -55.892303
v 41.005928 174.909531 -55.892303
v 41.650742 170.863510 -55.892303
v 41.897320 166.773849 -55.892303
v 41.743301 162.679672 -55.892303
v 41.190159 158.620102 -55.892303
v 40.243179 154.633957 -55.892303
v 38.911423 150.759369 -55.892303
v 37.207615 147.033356 -55.892303
v 35.148052 143.491562 -55.892303
v -39.241077 174.076706 -56.776310
v -38.293961 177.872025 -56.776310
v -36.980705 181.556702 -56.776310
v -35.313858 185.095490 -56.776310
v -33.309368 188.454575 -56.776310
v -30.986387 191.601837 -56.776310
v -28.367136 194.507187 -56.776310
v -25.476654 197.142822 -56.776310
v -22.342581 199.483551 -56.776310
v -18.994883 201.507019 -56.776310
v -15.465566 203.193848 -56.776310
v -11.788378 204.527908 -56.776310
v -7.998476 205.496475 -56.776310
v -4.132097 206.090256 -56.776310
v -0.226210 206.303604 -56.776310
v 3.681840 206.134445 -56.776310
v 7.554687 205.584427 -56.776310
v 11.355300 204.658783 -56.776310
v 15.047340 203.366379 -56.776310
v 18.595507 201.719574 -56.776310
v 21.965876 199.734100 -56.776310
v 25.126221 197.428970 -56.776310
v 28.046324 194.826187 -56.776310
v 30.698263 191.950653 -56.776310
v 33.056686 188.829865 -56.776310
v 35.099041 185.493668 -56.776310
v 36.805801 181.973938 -56.776310
v 38.160645 178.304352 -56.776310
v 39.150623 174.519989 -56.776310
v 39.766262 170.657028 -56.776310
v 40.001682 166.752411 -56.776310
v 39.854630 162.843475 -56.776310
v 39.326515 158.967575 -56.776310
v 38.422382 155.161789 -56.776310
v 37.150879 151.462494 -56.776310
v 35.524162 147.905075 -56.776310
v 33.557785 144.523529 -56.776310
v -37.259159 173.683929 -57.317692
v -36.359879 177.287567 -57.317692
v -35.112946 180.786133 -57.317692
v -33.530293 184.146210 -57.317692
v -31.627033 187.335632 -57.317692
v -29.421381 190.323944 -57.317692
v -26.934420 193.082535 -57.317692
v -24.189924 195.585068 -57.317692
v -21.214142 197.807587 -57.317692
v -18.035522 199.728836 -57.317692
v -14.684459 201.330475 -57.317692
v -11.192990 202.597168 -57.317692
v -7.594502 203.516815 -57.317692
v -3.923400 204.080612 -57.317692
v -0.214785 204.283173 -57.317692
v 3.495884 204.122559 -57.317692
v 7.173128 203.600311 -57.317692
v 10.781786 202.721436 -57.317692
v 14.287356 201.494308 -57.317692
v 17.656319 199.930664 -57.317692
v 20.856462 198.045471 -57.317692
v 23.857189 195.856750 -57.317692
v 26.629808 193.385437 -57.317692
v 29.147810 190.655136 -57.317692
v 31.387117 187.691971 -57.317692
v 33.326321 184.524261 -57.317692
v 34.946877 181.182312 -57.317692
v 36.233295 177.698059 -57.317692
v 37.173271 174.104828 -57.317692
v 37.757816 170.436981 -57.317692
v 37.981350 166.729553 -57.317692
v 37.841724 163.018036 -57.317692
v 37.340282 159.337906 -57.317692
v 36.481812 155.724335 -57.317692
v 35.274529 152.211884 -57.317692
v 33.729969 148.834137 -57.317692
v 31.862907 145.623383 -57.317692
v 32.395744 128.562897 -47.583778
v 31.941605 128.857605 -49.604240
v 31.200048 129.338806 -51.500000
v 30.193613 129.991913 -53.213451
v 28.952877 130.797058 -54.692532
v 27.515537 131.729782 -55.892303
v 25.925272 132.761749 -56.776310
v 24.230394 133.861588 -57.317692
v 30.871611 124.557236 -47.583778
v 30.755449 123.123756 -47.583778
v 32.284683 117.652359 -47.583778
v 22.702757 115.010132 -57.317692
v 21.756117 117.659073 -57.317692
v 24.552610 115.822723 -56.776310
v 23.702003 118.202942 -56.776310
v 26.288288 116.585167 -55.892303
v 25.527790 118.713242 -55.892303
v 27.857054 117.274292 -54.692532
v 27.177998 119.174469 -54.692532
v 29.211241 117.869156 -53.213451
v 28.602486 119.572609 -53.213451
v 30.309702 118.351685 -51.500000
v 29.757975 119.895561 -51.500000
v 31.119062 118.707222 -49.604240
v 24.013165 112.520973 -57.317692
v 25.730082 113.586098 -56.776310
v 27.341024 114.585472 -55.892303
v 28.797052 115.488747 -54.692532
v 30.053921 116.268463 -53.213451
v 31.073442 116.900948 -51.500000
v 31.824636 117.366959 -49.604240
v 30.609352 120.133514 -49.604240
v 31.130751 120.279251 -47.583778
v 31.614729 118.924957 -47.583778
v 27.613979 108.216507 -57.317692
v 25.661198 110.241280 -57.317692
v 28.965597 109.718307 -56.776310
v 27.210922 111.537666 -56.776310
v 30.233793 111.127411 -55.892303
v 28.664997 112.754044 -55.892303
v 31.380032 112.401009 -54.692532
v 29.979240 113.853447 -54.692532
v 32.369488 113.500404 -53.213451
v 31.113716 114.802467 -53.213451
v 33.172089 114.392189 -51.500000
v 32.033958 115.572273 -51.500000
v 33.763462 115.049263 -49.604240
v 32.712006 116.139481 -49.604240
v 34.125626 115.451668 -47.583778
v 33.127251 116.486847 -47.583778
v 30.842409 121.688217 -47.583778
v 30.305677 121.617401 -49.604240
v 29.429266 121.501770 -51.500000
v 28.239803 121.344833 -53.213451
v 26.773428 121.151360 -54.692532
v 25.074699 120.927231 -55.892303
v 23.195229 120.679260 -56.776310
v 21.192125 120.414970 -57.317692
v 30.214096 123.129272 -49.604240
v 29.330133 123.138268 -51.500000
v 28.130424 123.150482 -53.213451
v 26.651421 123.165535 -54.692532
v 24.938059 123.182976 -55.892303
v 23.042398 123.202271 -56.776310
v 21.022039 123.222839 -57.317692
v 30.336433 124.638962 -49.604240
v 29.462559 124.772408 -51.500000
v 28.276537 124.953529 -53.213451
v 26.814405 125.176804 -54.692532
v 25.120590 125.435471 -55.892303
v 23.246557 125.721649 -56.776310
v 21.249249 126.026657 -57.317692
v 31.188578 125.960045 -47.583778
v 30.670252 126.116356 -49.604240
v 29.823896 126.371590 -51.500000
v 28.675220 126.718002 -53.213451
v 27.259132 127.145058 -54.692532
v 25.618654 127.639778 -55.892303
v 23.803635 128.187134 -56.776310
v 21.869221 128.770508 -57.317692
v 22.869589 131.399628 -57.317692
v 24.702517 130.549545 -56.776310
v 26.422314 129.751923 -55.892303
v 27.976727 129.031006 -54.692532
v 29.318525 128.408707 -53.213451
v 30.406935 127.903915 -51.500000
v 31.208889 127.531982 -49.604240
v 31.700022 127.304199 -47.583778
v 30.107067 103.597191 -57.495785
v 31.110744 105.176689 -57.303352
v 31.064947 105.110611 -57.317696
v 31.024221 105.051422 -57.330040
v 30.564039 104.352211 -57.441349
v 32.296024 106.720894 -56.776318
v 32.239628 106.654091 -56.807743
v 31.924419 106.269089 -56.972183
v 31.516798 105.740471 -57.155621
v 33.597591 108.100136 -55.892239
v 33.236122 107.747070 -56.167496
v 33.068306 107.575539 -56.287651
v 32.645432 107.121170 -56.568527
v 34.924149 109.211845 -54.692196
v 34.798096 109.118370 -54.819099
v 34.195374 108.636322 -55.388367
v 33.698975 108.195221 -55.811039
v 35.405846 109.545609 -54.181728
v 35.677746 109.717491 -53.875328
v 37.463913 110.530518 -51.498745
v 37.253700 110.465561 -51.814743
v 36.462688 110.144897 -52.912849
v 36.228630 110.028381 -53.212379
v 37.963757 110.647156 -50.701466
v 38.588093 110.708374 -49.601635
v 38.874634 110.699730 -49.051121
v 39.561253 110.559944 -47.582355
v 39.680305 110.514801 -47.301311
v 31.862907 145.623383 57.317692
v 33.729969 148.834137 57.317692
v 33.557785 144.523529 56.776310
v 35.524162 147.905075 56.776310
v 35.148052 143.491562 55.892303
v 37.207615 147.033356 55.892303
v 36.585392 142.558838 54.692532
v 37.826126 141.753708 53.213451
v 40.042618 145.565353 53.213451
v 38.832561 141.100601 51.500000
v 39.574116 140.619385 49.604240
v 41.893032 144.607178 49.604240
v 40.028255 140.324692 47.583778
v 42.373783 144.358246 47.583778
v 44.314156 148.601593 47.583778
v 45.830826 153.014160 47.583778
v 46.909290 157.553772 47.583778
v 47.539238 162.177002 47.583778
v 47.714642 166.839645 47.583778
v 47.433826 171.497131 47.583778
v 46.699478 176.104935 47.583778
v 45.518623 180.618988 47.583778
v 43.902542 184.996124 47.583778
v 41.866695 189.194504 47.583778
v 39.430538 193.173981 47.583778
v 36.617374 196.896500 47.583778
v 33.454098 200.326492 47.583778
v 29.970953 203.431122 47.583778
v 26.201244 206.180740 47.583778
v 22.181015 208.549026 47.583778
v 17.948706 210.513382 47.583778
v 13.544781 212.054962 47.583778
v 9.011350 213.159088 47.583778
v 4.391757 213.815170 47.583778
v -0.269827 214.016922 47.583778
v -4.928831 213.762466 47.583778
v -9.540708 213.054184 47.583778
v -14.061363 211.898865 47.583778
v -18.447573 210.307556 47.583778
v -22.657396 208.295486 47.583778
v -26.650585 205.881866 47.583778
v -30.388956 203.089798 47.583778
v -33.836765 199.945969 47.583778
v -36.961052 196.480438 47.583778
v -39.731937 192.726334 47.583778
v -42.122929 188.719559 47.583778
v -44.111172 184.498428 47.583778
v -45.677647 180.103287 47.583778
v -46.807377 175.576172 47.583778
v -47.489567 170.960373 47.583778
v -46.950775 170.907501 49.604240
v -46.276329 175.470932 49.604240
v -45.159412 179.946686 49.604240
v -43.610706 184.291962 49.604240
v -41.645023 188.465210 49.604240
v -39.281158 192.426514 49.604240
v -36.541710 196.138016 49.604240
v -33.452873 199.564240 49.604240
v -30.044180 202.672409 49.604240
v -26.348221 205.432800 49.604240
v -22.400337 207.819016 49.604240
v -18.238274 209.808273 49.604240
v -13.901830 211.381531 49.604240
v -9.432464 212.523727 49.604240
v -4.872910 213.223969 49.604240
v -0.266765 213.475555 49.604240
v 4.341930 213.276077 49.604240
v 8.909112 212.627441 49.604240
v 13.391109 211.535858 49.604240
v 17.745068 210.011749 49.604240
v 21.929361 208.069702 49.604240
v 25.903980 205.728271 49.604240
v 29.630919 203.009857 49.604240
v 33.074543 199.940430 49.604240
v 36.201931 196.549362 49.604240
v 38.983181 192.869080 49.604240
v 41.391693 188.934753 49.604240
v 43.404446 184.784012 49.604240
v 45.002190 180.456528 49.604240
v 46.169651 175.993698 49.604240
v 46.895668 171.438171 49.604240
v 47.173294 166.833511 49.604240
v 46.999878 162.223770 49.604240
v 46.377083 157.653000 49.604240
v 45.310856 153.164902 49.604240
v 43.811394 148.802383 49.604240
v 41.108025 145.013672 51.500000
v 42.990440 149.130264 51.500000
v 44.461803 153.411026 51.500000
v 45.508049 157.815033 51.500000
v 46.119179 162.300156 51.500000
v 46.289345 166.823532 51.500000
v 46.016922 171.341888 51.500000
v 45.304508 175.812042 51.500000
v 44.158924 180.191254 51.500000
v 42.591118 184.437653 51.500000
v 40.616081 188.510620 51.500000
v 38.252701 192.371216 51.500000
v 35.523567 195.982544 51.500000
v 32.454781 199.310074 51.500000
v 29.075682 202.321960 51.500000
v 25.418581 204.989441 51.500000
v 21.518440 207.287003 51.500000
v 17.412556 209.192657 51.500000
v 13.140182 210.688217 51.500000
v 8.742169 211.759338 51.500000
v 4.260570 212.395828 51.500000
v -0.261767 212.591568 51.500000
v -4.781600 212.344696 51.500000
v -9.255714 211.657562 51.500000
v -13.641333 210.536774 51.500000
v -17.896521 208.992996 51.500000
v -21.980591 207.041031 51.500000
v -25.854498 204.699509 51.500000
v -29.481201 201.990845 51.500000
v -32.826023 198.940918 51.500000
v -35.856976 195.578903 51.500000
v -38.545094 191.936951 51.500000
v -40.864666 188.049866 51.500000
v -42.793514 183.954819 51.500000
v -44.313194 179.690964 51.500000
v -45.409184 175.299088 51.500000
v -46.070995 170.821152 51.500000
v -44.876961 170.703979 53.213451
v -44.232300 175.065857 53.213451
v -43.164719 179.343918 53.213451
v -41.684422 183.497253 53.213451
v -39.805565 187.486160 53.213451
v -37.546108 191.272507 53.213451
v -34.927662 194.820084 53.213451
v -31.975258 198.094955 53.213451
v -28.717127 201.065842 53.213451
v -25.184420 203.704300 53.213451
v -21.410913 205.985123 53.213451
v -17.432690 207.886505 53.213451
v -13.287786 209.390274 53.213451
v -9.015832 210.482025 53.213451
v -4.657674 211.151337 53.213451
v -0.254982 211.391815 53.213451
v 4.150147 211.201141 53.213451
v 8.515596 210.581161 53.213451
v 12.799623 209.537781 53.213451
v 16.961269 208.080994 53.213451
v 20.960741 206.224731 53.213451
v 24.759800 203.986725 53.213451
v 28.322119 201.388367 53.213451
v 31.613640 198.454529 53.213451
v 34.602890 195.213257 53.213451
v 37.261292 191.695526 53.213451
v 39.563419 187.934982 53.213451
v 41.487270 183.967560 53.213451
v 43.014446 179.831238 53.213451
v 44.130337 175.565521 53.213451
v 44.824284 171.211212 53.213451
v 45.089649 166.809967 53.213451
v 44.923893 162.403824 53.213451
v 44.328606 158.034927 53.213451
v 43.309471 153.745071 53.213451
v 41.876240 149.575256 53.213451
v 38.729176 146.245468 54.692532
v 40.502655 150.123856 54.692532
v 41.888878 154.156891 54.692532
v 42.874580 158.306046 54.692532
v 43.450344 162.531616 54.692532
v 43.610661 166.793228 54.692532
v 43.354000 171.050125 54.692532
v 42.682816 175.261597 54.692532
v 41.603523 179.387390 54.692532
v 40.126442 183.388046 54.692532
v 38.265701 187.225327 54.692532
v 36.039085 190.862534 54.692532
v 33.467880 194.264877 54.692532
v 30.576681 197.399826 54.692532
v 27.393126 200.237442 54.692532
v 23.947653 202.750549 54.692532
v 20.273207 204.915161 54.692532
v 16.404921 206.710541 54.692532
v 12.379783 208.119537 54.692532
v 8.236276 209.128693 54.692532
v 4.014019 209.728348 54.692532
v -0.246619 209.912750 54.692532
v -4.504898 209.680176 54.692532
v -8.720103 209.032806 54.692532
v -12.851933 207.976868 54.692532
v -16.860880 206.522430 54.692532
v -20.708612 204.683411 54.692532
v -24.358345 202.477402 54.692532
v -27.775175 199.925476 54.692532
v -30.926435 197.052048 54.692532
v -33.781998 193.884583 54.692532
v -36.314560 190.453384 54.692532
v -38.499901 186.791245 54.692532
v -40.317131 182.933167 54.692532
v -41.748871 178.916061 54.692532
v -42.781433 174.778320 54.692532
v -43.404949 170.559525 54.692532
v -41.699688 170.392181 55.892303
v -41.100670 174.445236 55.892303
v -40.108673 178.420410 55.892303
v -38.733181 182.279694 55.892303
v -36.987347 185.986191 55.892303
v -34.887863 189.504471 55.892303
v -32.454800 192.800873 55.892303
v -29.711424 195.843887 55.892303
v -26.683966 198.604431 55.892303
v -23.401373 201.056091 55.892303
v -19.895031 203.175446 55.892303
v -16.198463 204.942200 55.892303
v -12.347016 206.339493 55.892303
v -8.377515 207.353958 55.892303
v -4.327913 207.975891 55.892303
v -0.236930 208.199326 55.892303
v 3.856318 208.022156 55.892303
v 7.912695 207.446075 55.892303
v 11.893415 206.476562 55.892303
v 15.760418 205.122925 55.892303
v 19.476728 203.398071 55.892303
v 23.006815 201.318512 55.892303
v 26.316925 198.904129 55.892303
v 29.375408 196.178009 55.892303
v 32.153023 193.166214 55.892303
v 34.623207 189.897522 55.892303
v 36.762344 186.403229 55.892303
v 38.549988 182.716705 55.892303
v 39.969040 178.873230 55.892303
v 41.005928 174.909531 55.892303
v 41.650742 170.863510 55.892303
v 41.897320 166.773849 55.892303
v 41.743301 162.679672 55.892303
v 41.190159 158.620102 55.892303
v 40.243179 154.633957 55.892303
v 38.911423 150.759369 55.892303
v 37.150879 151.462494 56.776310
v 38.422382 155.161789 56.776310
v 39.326515 158.967575 56.776310
v 39.854630 162.843475 56.776310
v 40.001682 166.752411 56.776310
v 39.766262 170.657028 56.776310
v 39.150623 174.519989 56.776310
v 38.160645 178.304352 56.776310
v 36.805801 181.973938 56.776310
v 35.099041 185.493668 56.776310
v 33.056686 188.829865 56.776310
v 30.698263 191.950653 56.776310
v 28.046324 194.826187 56.776310
v 25.126221 197.428970 56.776310
v 21.965876 199.734100 56.776310
v 18.595507 201.719574 56.776310
v 15.047340 203.366379 56.776310
v 11.355300 204.658783 56.776310
v 7.554687 205.584427 56.776310
v 3.681840 206.134445 56.776310
v -0.226210 206.303604 56.776310
v -4.132097 206.090256 56.776310
v -7.998476 205.496475 56.776310
v -11.788378 204.527908 56.776310
v -15.465566 203.193848 56.776310
v -18.994883 201.507019 56.776310
v -22.342581 199.483551 56.776310
v -25.476654 197.142822 56.776310
v -28.367136 194.507187 56.776310
v -30.986387 191.601837 56.776310
v -33.309368 188.454575 56.776310
v -35.313858 185.095490 56.776310
v -36.980705 181.556702 56.776310
v -38.293961 177.872025 56.776310
v -39.241077 174.076706 56.776310
v -39.812992 170.207031 56.776310
v 35.274529 152.211884 57.317692
v 36.481812 155.724335 57.317692
v 37.340282 159.337906 57.317692
v 37.841724 163.018036 57.317692
v 37.981350 166.729553 57.317692
v 37.757816 170.436981 57.317692
v 37.173271 174.104828 57.317692
v 36.233295 177.698059 57.317692
v 34.946877 181.182312 57.317692
v 33.326321 184.524261 57.317692
v 31.387117 187.691971 57.317692
v 29.147810 190.655136 57.317692
v 26.629808 193.385437 57.317692
v 23.857189 195.856750 57.317692
v 20.856462 198.045471 57.317692
v 17.656319 199.930664 57.317692
v 14.287356 201.494308 57.317692
v 10.781786 202.721436 57.317692
v 7.173128 203.600311 57.317692
v 3.495884 204.122559 57.317692
v -0.214785 204.283173 57.317692
v -3.923400 204.080612 57.317692
v -7.594502 203.516815 57.317692
v -11.192990 202.597168 57.317692
v -14.684459 201.330475 57.317692
v -18.035522 199.728836 57.317692
v -21.214142 197.807587 57.317692
v -24.189924 195.585068 57.317692
v -26.934420 193.082535 57.317692
v -29.421381 190.323944 57.317692
v -31.627033 187.335632 57.317692
v -33.530293 184.146210 57.317692
v -35.112946 180.786133 57.317692
v -36.359879 177.287567 57.317692
v -37.259159 173.683929 57.317692
v -37.802189 170.009705 57.317692
v 24.230394 133.861588 57.317692
v 25.925272 132.761749 56.776310
v 27.515537 131.729782 55.892303
v 28.952877 130.797058 54.692532
v 30.193613 129.991913 53.213451
v 31.200048 129.338806 51.500000
v 31.941605 128.857605 49.604240
v 32.395744 128.562897 47.583778
v 31.614729 118.924957 47.583778
v 31.130751 120.279251 47.583778
v 31.188578 125.960045 47.583778
v 21.249249 126.026657 57.317692
v 21.022039 123.222839 57.317692
v 23.246557 125.721649 56.776310
v 23.042398 123.202271 56.776310
v 25.120590 125.435471 55.892303
v 24.938059 123.182976 55.892303
v 26.814405 125.176804 54.692532
v 26.651421 123.165535 54.692532
v 28.276537 124.953529 53.213451
v 28.130424 123.150482 53.213451
v 29.462559 124.772408 51.500000
v 29.330133 123.138268 51.500000
v 30.336433 124.638962 49.604240
v 21.869221 128.770508 57.317692
v 23.803635 128.187134 56.776310
v 25.618654 127.639778 55.892303
v 27.259132 127.145058 54.692532
v 28.675220 126.718002 53.213451
v 29.823896 126.371590 51.500000
v 30.670252 126.116356 49.604240
v 30.214096 123.129272 49.604240
v 30.755449 123.123756 47.583778
v 30.871611 124.557236 47.583778
v 22.869589 131.399628 57.317692
v 24.702517 130.549545 56.776310
v 26.422314 129.751923 55.892303
v 27.976727 129.031006 54.692532
v 29.318525 128.408707 53.213451
v 30.406935 127.903915 51.500000
v 31.208889 127.531982 49.604240
v 31.700022 127.304199 47.583778
v 30.842409 121.688217 47.583778
v 30.305677 121.617401 49.604240
v 29.429266 121.501770 51.500000
v 28.239803 121.344833 53.213451
v 26.773428 121.151360 54.692532
v 25.074699 120.927231 55.892303
v 23.195229 120.679260 56.776310
v 21.192125 120.414970 57.317692
v 30.609352 120.133514 49.604240
v 29.757975 119.895561 51.500000
v 28.602486 119.572609 53.213451
v 27.177998 119.174469 54.692532
v 25.527790 118.713242 55.892303
v 23.702003 118.202942 56.776310
v 21.756117 117.659073 57.317692
v 31.119062 118.707222 49.604240
v 30.309702 118.351685 51.500000
v 29.211241 117.869156 53.213451
v 27.857054 117.274292 54.692532
v 26.288288 116.585167 55.892303
v 24.552610 115.822723 56.776310
v 22.702757 115.010132 57.317692
v 32.284683 117.652359 47.583778
v 31.824636 117.366959 49.604240
v 31.073442 116.900948 51.500000
v 30.053921 116.268463 53.213451
v 28.797052 115.488747 54.692532
v 27.341024 114.585472 55.892303
v 25.730082 113.586098 56.776310
v 24.013165 112.520973 57.317692
v 25.661198 110.241280 57.317692
v 27.210922 111.537666 56.776310
v 28.664997 112.754044 55.892303
v 29.979240 113.853447 54.692532
v 31.113716 114.802467 53.213451
v 32.033958 115.572273 51.500000
v 32.712006 116.139481 49.604240
v 33.127251 116.486847 47.583778
v 27.613979 108.216507 57.317692
v 28.965597 109.718307 56.776310
v 30.233793 111.127411 55.892303
v 31.380032 112.401009 54.692532
v 32.369488 113.500404 53.213451
v 33.172089 114.392189 51.500000
v 33.763462 115.049263 49.604240
v 34.125626 115.451668 47.583778
v 38.588093 110.708374 49.601635
v 38.874634 110.699730 49.051121
v 39.561253 110.559944 47.582355
v 39.680305 110.514801 47.301311
v 36.462688 110.144897 52.912849
v 36.228630 110.028381 53.212379
v 35.677746 109.717491 53.875328
v 37.253700 110.465561 51.814743
v 37.463913 110.530518 51.498745
v 37.963757 110.647156 50.701466
v 34.195374 108.636322 55.388367
v 33.698975 108.195221 55.811039
v 33.597591 108.100136 55.892239
v 33.236122 107.747070 56.167496
v 34.798096 109.118370 54.819099
v 34.924149 109.211845 54.692196
v 35.405846 109.545609 54.181728
v 32.239628 106.654091 56.807743
v 32.296024 106.720894 56.776318
v 32.645432 107.121170 56.568527
v 33.068306 107.575539 56.287651
v 31.064947 105.110611 57.317696
v 31.110744 105.176689 57.303352
v 31.516798 105.740471 57.155621
v 31.924419 106.269089 56.972183
v 30.107067 103.597191 57.495785
v 30.564039 104.352211 57.441349
v 31.024221 105.051422 57.330040
v 47.250748 103.827774 -39.715458
v 47.528725 103.409523 -39.715458
v 47.733044 102.950768 -39.715458
v 47.857967 102.464348 -39.715458
v 47.857967 102.464348 39.715458
v 47.733044 102.950768 39.715458
v 47.528725 103.409523 39.715458
v 47.250748 103.827774 39.715458
v 35.236118 104.645416 55.806950
v 35.107018 104.537025 55.888256
v 35.712116 104.099358 55.503559
v 34.996540 104.414825 55.957504
v 34.920311 104.306900 56.005104
v 34.835003 104.149338 56.058205
v 34.766090 103.970596 56.100971
v 34.753624 103.929497 56.108696
v 34.701550 103.691635 56.140919
v 34.676041 103.419884 56.156673
v 34.674068 103.314445 56.157894
v 36.737820 104.884262 54.830036
v 36.318546 104.926689 55.108646
v 36.183605 104.927429 55.197342
v 35.900574 104.903862 55.381847
v 35.645081 104.846329 55.546635
v 35.453690 104.773125 55.668983
v 35.291145 104.683289 55.772171
v 37.207851 104.777061 54.512161
v 42.384319 101.357567 50.592186
v 39.753918 103.402100 52.684212
v 39.053291 103.900948 53.205643
v 38.353661 104.309708 53.712166
v 37.675655 104.618614 54.189899
v 36.534336 103.812080 -54.965832
v 38.353661 104.309708 -53.712166
v 39.053291 103.900948 -53.205643
v 39.753918 103.402100 -52.684212
v 34.674068 103.314445 -56.157894
v 36.737820 104.884262 -54.830036
v 37.207851 104.777061 -54.512161
v 37.675655 104.618614 -54.189899
v 35.900574 104.903862 -55.381847
v 36.183605 104.927429 -55.197342
v 36.318546 104.926689 -55.108646
v 34.753624 103.929497 -56.108696
v 34.766090 103.970596 -56.100971
v 34.701550 103.691635 -56.140919
v 34.676041 103.419884 -56.156673
v 34.835003 104.149338 -56.058205
v 34.920311 104.306900 -56.005104
v 34.996540 104.414825 -55.957504
v 35.107018 104.537025 -55.888256
v 35.236118 104.645416 -55.806950
v 35.291145 104.683289 -55.772171
v 35.453690 104.773125 -55.668983
v 35.645081 104.846329 -55.546635
v 34.054813 103.314445 -56.507240
v 33.409908 103.314445 -56.806614
v 32.743389 103.314445 -57.054142
v 32.403320 103.314445 -57.157974
v 32.059414 103.314445 -57.248291
v 31.362240 103.314445 -57.387836
v 30.656229 103.314445 -57.471916
v 32.149883 103.524567 -57.224682
v 30.794296 103.573837 -57.457695
v 31.476568 103.549576 -57.367153
v 32.810307 103.498932 -57.031120
v 33.453968 103.472839 -56.787601
v 34.077091 103.446442 -56.495552
v 31.188213 104.264038 -57.384052
v 31.588844 104.900192 -57.265411
v 31.664606 105.013878 -57.238564
v 32.021942 105.524483 -57.094707
v 32.383633 106.001770 -56.922344
v 32.665348 106.348557 -56.770977
v 33.030651 106.768410 -56.553967
v 33.414486 107.176003 -56.302227
v 33.567715 107.329689 -56.195240
v 33.993050 107.730797 -55.879593
v 34.453766 108.125153 -55.507675
v 35.598389 108.937927 -54.452972
v 35.019794 108.555901 -55.009220
v 35.859982 109.091850 -54.185928
v 36.625534 109.476044 -53.347450
v 37.414715 109.767754 -52.389767
v 38.141430 109.938263 -51.415955
v 39.106762 110.002876 -49.964073
v 40.005203 109.862808 -48.410206
v 40.809689 109.516525 -46.790508
v 31.806360 104.173027 -57.282738
v 32.146748 104.744827 -57.163181
v 32.211636 104.846725 -57.137157
v 32.519783 105.303307 -57.001053
v 32.835018 105.728493 -56.842419
v 33.082756 106.036438 -56.705448
v 33.406734 106.408127 -56.511475
v 33.750366 106.767731 -56.288815
v 33.888439 106.903000 -56.194740
v 34.274342 107.255173 -55.918591
v 34.696651 107.600121 -55.595139
v 35.221577 107.975319 -55.163738
v 35.765171 108.306480 -54.684029
v 36.013302 108.439415 -54.454117
v 36.748314 108.769615 -53.732998
v 37.520737 109.017982 -52.909489
v 38.246845 109.160759 -52.070919
v 39.237469 109.209511 -50.816406
v 40.193680 109.081253 -49.465641
v 41.089508 108.774910 -48.045895
v 32.415424 104.079636 -57.137909
v 32.695545 104.585976 -57.023777
v 32.749557 104.675919 -56.999565
v 33.008438 105.077782 -56.875004
v 33.276993 105.450218 -56.732704
v 33.490421 105.718796 -56.611378
v 33.772411 106.041527 -56.441189
v 34.074783 106.352127 -56.247467
v 34.197170 106.468498 -56.166008
v 34.541790 106.770142 -55.927883
v 34.923000 107.063461 -55.650387
v 35.402454 107.379509 -55.281883
v 35.905193 107.655014 -54.873531
v 36.136726 107.764381 -54.678173
v 36.830013 108.031395 -54.066349
v 37.570663 108.224037 -53.368488
v 38.278637 108.324684 -52.657913
v 39.264549 108.333099 -51.593674
v 40.241638 108.187111 -50.444683
v 41.185459 107.887077 -49.232002
v 33.012386 103.984329 -56.950283
v 33.232895 104.424332 -56.847805
v 33.276127 104.502174 -56.826355
v 33.486061 104.848755 -56.717041
v 33.708008 105.167923 -56.593575
v 33.886967 105.396706 -56.489082
v 34.126453 105.669861 -56.343349
v 34.386620 105.930634 -56.178318
v 34.492825 106.027718 -56.109131
v 34.794373 106.277542 -55.907436
v 35.131863 106.517426 -55.673187
v 35.561523 106.771423 -55.363083
v 36.017632 106.987381 -55.020351
v 36.229458 107.071083 -54.856647
v 36.869968 107.267426 -54.344769
v 37.563976 107.394203 -53.761986
v 38.236397 107.440811 -53.169369
v 39.187531 107.388481 -52.282700
v 40.148041 107.199829 -51.326050
v 41.094929 106.877190 -50.316547
v 33.594299 103.887573 -56.720783
v 33.756504 104.260567 -56.636002
v 33.789150 104.326218 -56.618252
v 33.950859 104.617088 -56.527760
v 34.126534 104.882607 -56.425518
v 34.271030 105.071274 -56.338985
v 34.467655 105.294380 -56.218285
v 34.684799 105.504700 -56.081612
v 34.774357 105.582214 -56.024319
v 35.031136 105.779251 -55.857323
v 35.322353 105.964333 -55.663445
v 35.698002 106.154068 -55.406921
v 36.101814 106.307549 -55.123627
v 36.290901 106.363998 -54.988403
v 36.867855 106.483955 -54.565987
v 37.500744 106.537109 -54.085888
v 38.120670 106.520546 -53.598686
v 39.007736 106.391685 -52.871799
v 39.914921 106.140862 -52.090591
v 40.820377 105.772736 -51.270016
v 34.158283 103.789848 -56.450550
v 34.264137 104.095383 -56.389282
v 34.286499 104.148781 -56.376122
v 34.401070 104.383652 -56.307873
v 34.531109 104.595261 -56.229134
v 34.641308 104.743607 -56.161591
v 34.794884 104.916344 -56.066418
v 34.968296 105.075798 -55.957680
v 35.040775 105.133545 -55.911865
v 35.251190 105.277145 -55.777740
v 35.493664 105.406517 -55.621201
v 35.811203 105.530525 -55.413185
v 36.157249 105.619537 -55.182739
v 36.320663 105.647659 -55.072582
v 36.823681 105.687393 -54.728184
v 37.381618 105.661697 -54.336815
v 37.932953 105.575752 -53.940334
v 38.728195 105.359596 -53.350998
v 39.547344 105.033203 -52.721699
v 40.369282 104.603767 -52.066460
v 47.298939 101.442009 -44.838184
v 45.991688 102.715553 -46.020176
v 45.835144 101.627800 -46.901878
v 47.282516 102.651184 -43.624638
v 47.286358 102.577522 -43.718243
v 45.973938 103.719841 -45.032150
v 47.301292 102.078300 -44.276245
v 47.301373 101.602013 -44.709888
v 45.782330 104.616051 -43.962017
v 47.215202 103.346870 -42.530998
v 47.231434 103.230530 -42.747250
v 47.277405 102.737030 -43.511234
v 47.159470 103.642921 -41.885399
v 45.421555 105.382225 -42.835995
v 47.087772 103.889259 -41.182228
v 47.049053 103.984200 -40.839092
v 30.656229 103.314445 57.471916
v 31.362240 103.314445 57.387836
v 32.059414 103.314445 57.248291
v 32.403320 103.314445 57.157974
v 32.743389 103.314445 57.054142
v 33.409908 103.314445 56.806614
v 34.054813 103.314445 56.507240
v 39.106762 110.002876 49.964073
v 38.141430 109.938263 51.415955
v 37.414715 109.767754 52.389767
v 35.859982 109.091850 54.185928
v 35.019794 108.555901 55.009220
v 33.567715 107.329689 56.195240
v 32.665348 106.348557 56.770977
v 31.588844 104.900192 57.265411
v 34.077091 103.446442 56.495552
v 33.453968 103.472839 56.787601
v 32.810307 103.498932 57.031120
v 32.149883 103.524567 57.224682
v 30.794296 103.573837 57.457695
v 31.476568 103.549576 57.367153
v 31.188213 104.264038 57.384052
v 31.806360 104.173027 57.282738
v 32.415424 104.079636 57.137909
v 33.012386 103.984329 56.950283
v 33.594299 103.887573 56.720783
v 34.158283 103.789848 56.450550
v 32.146748 104.744827 57.163181
v 32.695545 104.585976 57.023777
v 33.232895 104.424332 56.847805
v 33.756504 104.260567 56.636002
v 34.264137 104.095383 56.389282
v 31.664606 105.013878 57.238564
v 32.211636 104.846725 57.137157
v 32.749557 104.675919 56.999565
v 33.276127 104.502174 56.826355
v 33.789150 104.326218 56.618252
v 34.286499 104.148781 56.376122
v 32.021942 105.524483 57.094707
v 32.519783 105.303307 57.001053
v 33.008438 105.077782 56.875004
v 33.486061 104.848755 56.717041
v 33.950859 104.617088 56.527760
v 34.401070 104.383652 56.307873
v 32.383633 106.001770 56.922344
v 32.835018 105.728493 56.842419
v 33.276993 105.450218 56.732704
v 33.708008 105.167923 56.593575
v 34.126534 104.882607 56.425518
v 34.531109 104.595261 56.229134
v 33.082756 106.036438 56.705448
v 33.490421 105.718796 56.611378
v 33.886967 105.396706 56.489082
v 34.271030 105.071274 56.338985
v 34.641308 104.743607 56.161591
v 33.030651 106.768410 56.553967
v 33.406734 106.408127 56.511475
v 33.772411 106.041527 56.441189
v 34.126453 105.669861 56.343349
v 34.467655 105.294380 56.218285
v 34.794884 104.916344 56.066418
v 33.414486 107.176003 56.302227
v 33.750366 106.767731 56.288815
v 34.074783 106.352127 56.247467
v 34.386620 105.930634 56.178318
v 34.684799 105.504700 56.081612
v 34.968296 105.075798 55.957680
v 33.888439 106.903000 56.194740
v 34.197170 106.468498 56.166008
v 34.492825 106.027718 56.109131
v 34.774357 105.582214 56.024319
v 35.040775 105.133545 55.911865
v 33.993050 107.730797 55.879593
v 34.274342 107.255173 55.918591
v 34.541790 106.770142 55.927883
v 34.794373 106.277542 55.907436
v 35.031136 105.779251 55.857323
v 35.251190 105.277145 55.777740
v 34.453766 108.125153 55.507675
v 34.696651 107.600121 55.595139
v 34.923000 107.063461 55.650387
v 35.131863 106.517426 55.673187
v 35.322353 105.964333 55.663445
v 35.493664 105.406517 55.621201
v 35.221577 107.975319 55.163738
v 35.402454 107.379509 55.281883
v 35.561523 106.771423 55.363083
v 35.698002 106.154068 55.406921
v 35.811203 105.530525 55.413185
v 35.598389 108.937927 54.452972
v 35.765171 108.306480 54.684029
v 35.905193 107.655014 54.873531
v 36.017632 106.987381 55.020351
v 36.101814 106.307549 55.123627
v 36.157249 105.619537 55.182739
v 36.013302 108.439415 54.454117
v 36.136726 107.764381 54.678173
v 36.229458 107.071083 54.856647
v 36.290901 106.363998 54.988403
v 36.320663 105.647659 55.072582
v 36.625534 109.476044 53.347450
v 36.748314 108.769615 53.732998
v 36.830013 108.031395 54.066349
v 36.869968 107.267426 54.344769
v 36.867855 106.483955 54.565987
v 36.823681 105.687393 54.728184
v 37.520737 109.017982 52.909489
v 37.570663 108.224037 53.368488
v 37.563976 107.394203 53.761986
v 37.500744 106.537109 54.085888
v 37.381618 105.661697 54.336815
v 38.246845 109.160759 52.070919
v 38.278637 108.324684 52.657913
v 38.236397 107.440811 53.169369
v 38.120670 106.520546 53.598686
v 37.932953 105.575752 53.940334
v 39.237469 109.209511 50.816406
v 39.264549 108.333099 51.593674
v 39.187531 107.388481 52.282700
v 39.007736 106.391685 52.871799
v 38.728195 105.359596 53.350998
v 40.005203 109.862808 48.410206
v 40.193680 109.081253 49.465641
v 40.241638 108.187111 50.444683
v 40.148041 107.199829 51.326050
v 39.914921 106.140862 52.090591
v 39.547344 105.033203 52.721699
v 40.809689 109.516525 46.790508
v 41.089508 108.774910 48.045895
v 41.185459 107.887077 49.232002
v 41.094929 106.877190 50.316547
v 40.820377 105.772736 51.270016
v 40.369282 104.603767 52.066460
v 42.937492 102.544853 49.976990
v 43.326935 103.701454 49.199337
v 47.301292 102.078300 44.276245
v 47.286358 102.577522 43.718243
v 43.578865 105.804512 47.240757
v 43.114227 107.450676 44.917690
v 47.087772 103.889259 41.182228
v 47.049053 103.984200 40.839092
v 47.277405 102.737030 43.511234
v 47.231434 103.230530 42.747250
v 43.434841 106.696609 46.110470
v 47.215202 103.346870 42.530998
v 47.159470 103.642921 41.885399
v 47.282516 102.651184 43.624638
v 43.542587 104.797447 48.279331
v 47.301373 101.602013 44.709888
v 47.298939 101.442009 44.838184
v 47.345482 103.631828 -40.791927
v 47.874439 101.480331 -42.799667
v 47.798195 101.794334 -43.020912
v 47.797325 101.862305 -42.927525
v 47.672565 102.097542 -43.234547
v 47.670635 102.172005 -43.134193
v 47.499691 102.384796 -43.436939
v 47.496330 102.465263 -43.329884
v 47.801384 101.336655 -43.553730
v 47.512020 101.847160 -44.051067
v 47.679642 101.598579 -43.808895
v 47.466091 102.927399 -42.607285
v 47.418625 103.313011 -41.789261
v 47.653267 102.598167 -42.455265
v 47.625935 102.950890 -41.683735
v 47.583691 103.238449 -40.739285
v 47.789490 102.248909 -42.294003
v 47.777138 102.564018 -41.570995
v 47.758011 102.813438 -40.682400
v 47.874218 101.541481 -42.713436
v 47.872246 101.886108 -42.126484
v 47.869125 102.160355 -41.453362
v 47.864292 102.366898 -40.622639
v 47.418625 103.313011 41.789261
v 47.801384 101.336655 43.553730
v 47.874439 101.480331 42.799667
v 47.872246 101.886108 42.126484
v 47.874218 101.541481 42.713436
v 47.798195 101.794334 43.020912
v 47.679642 101.598579 43.808895
v 47.512020 101.847160 44.051067
v 47.499691 102.384796 43.436939
v 47.496330 102.465263 43.329884
v 47.466091 102.927399 42.607285
v 47.869125 102.160355 41.453362
v 47.797325 101.862305 42.927525
v 47.789490 102.248909 42.294003
v 47.777138 102.564018 41.570995
v 47.672565 102.097542 43.234547
v 47.670635 102.172005 43.134193
v 47.653267 102.598167 42.455265
v 47.625935 102.950890 41.683735
v 47.345482 103.631828 40.791927
v 47.583691 103.238449 40.739285
v 47.758011 102.813438 40.682400
v 47.864292 102.366898 40.622639
v 18.000000 166.300003 57.300003
v 18.000000 101.599998 57.300003
v 17.726540 169.425659 57.300003
v 16.914467 172.456360 57.300003
v 15.588458 175.300003 57.300003
v 13.788799 177.870178 57.300003
v 11.570177 180.088806 57.300003
v 9.000000 181.888458 57.300003
v 6.156363 183.214462 57.300003
v 3.125667 184.026535 57.300003
v -0.000000 184.300003 57.300003
v -3.125667 184.026535 57.300003
v -6.156363 183.214462 57.300003
v -9.000000 181.888458 57.300003
v -11.570177 180.088806 57.300003
v -13.788799 177.870178 57.300003
v -15.588458 175.300003 57.300003
v -16.914467 172.456360 57.300003
v -17.726540 169.425659 57.300003
v -18.000000 166.300003 57.300003
v -18.000000 101.599998 57.300003
v -11.395330 106.599998 57.300003
v 2.373863 121.843796 57.300003
v -11.395336 121.843796 57.300003
v 11.408021 125.692947 57.300003
v -2.333124 110.452011 57.300003
v 11.408021 110.452011 57.300003
v 11.408021 106.599998 57.300003
v 11.209534 136.047211 57.300003
v 10.859638 134.776840 57.300003
v -9.429159 170.320557 57.300003
v -9.052400 169.953918 57.300003
v -5.490468 173.372299 57.300003
v -8.793927 169.767487 57.300003
v -8.422571 169.580460 57.300003
v -4.871079 174.856857 57.300003
v -1.768393 171.451538 57.300003
v -1.768393 176.060150 57.300003
v -11.395803 162.780548 57.300003
v 3.537939 162.780548 57.300003
v -0.210396 167.501678 57.300003
v 2.227850 141.170273 57.300003
v 2.113445 141.171234 57.300003
v 2.227850 135.578583 57.300003
v 0.752591 134.294403 57.300003
v 9.479026 132.393723 57.300003
v 8.665197 131.611267 57.300003
v 7.748206 130.968369 57.300003
v 6.819686 130.527054 57.300003
v -10.015606 172.057449 57.300003
v -10.008891 171.727524 57.300003
v -9.932468 171.294739 57.300003
v -8.219304 169.513031 57.300003
v -7.872240 169.435135 57.300003
v -3.258491 170.953995 57.300003
v -7.751479 169.425079 57.300003
v -8.807801 168.253616 57.300003
v -1.009431 155.920807 57.300003
v -0.948687 155.349640 57.300003
v 4.136896 159.017593 57.300003
v -0.888016 155.078003 57.300003
v -0.903425 139.282883 57.300003
v -1.074124 138.847839 57.300003
v -0.426273 135.321518 57.300003
v -0.083343 134.923248 57.300003
v 0.255014 134.625916 57.300003
v 10.364381 133.668243 57.300003
v 10.164534 133.322830 57.300003
v -9.418542 173.571991 57.300003
v -9.677686 173.217148 57.300003
v -6.397606 174.149673 57.300003
v -9.841413 172.862152 57.300003
v -6.052603 173.917664 57.300003
v -9.943649 172.536621 57.300003
v -9.811989 170.945877 57.300003
v -9.600510 170.553223 57.300003
v -11.395803 159.015930 57.300003
v -5.434388 175.278305 57.300003
v -0.059282 153.605362 57.300003
v 0.373944 153.214798 57.300003
v 2.534728 152.302979 57.300003
v 3.645563 152.198746 57.300003
v 4.216320 152.208618 57.300003
v 4.972975 152.312561 57.300003
v -1.131132 136.961700 57.300003
v -0.972542 136.343796 57.300003
v -0.726485 135.787720 57.300003
v -8.133766 174.387741 57.300003
v -8.524195 174.252686 57.300003
v -6.735959 174.313675 57.300003
v -8.842388 174.081818 57.300003
v -9.113720 173.881989 57.300003
v -0.210396 177.794800 57.300003
v 8.403682 141.579575 57.300003
v 5.056488 144.938965 57.300003
v 8.403682 138.499664 57.300003
v 5.056488 138.690521 57.300003
v 8.382191 137.695923 57.300003
v 1.432462 133.982666 57.300003
v 2.178974 133.767242 57.300003
v 3.031127 133.667236 57.300003
v 4.508290 133.672348 57.300003
v 1.632103 141.127563 57.300003
v -0.313545 140.133087 57.300003
v -0.653687 139.707062 57.300003
v 1.010507 140.966476 57.300003
v 0.441724 140.719604 57.300003
v 0.026849 140.449203 57.300003
v -1.184431 138.349274 57.300003
v -1.217138 137.718277 57.300003
v -7.114373 174.433243 57.300003
v -7.411328 174.473770 57.300003
v -7.721185 174.465729 57.300003
v -2.374368 142.652603 57.300003
v -1.633993 143.317627 57.300003
v 2.711672 148.275650 57.300003
v -0.643525 143.951340 57.300003
v 0.523865 144.453629 57.300003
v 0.136765 159.017593 57.300003
v 0.006305 158.886414 57.300003
v -0.269476 158.537125 57.300003
v -0.598089 157.957108 57.300003
v -0.828562 157.352676 57.300003
v -0.978457 156.559189 57.300003
v 7.534984 162.780548 57.300003
v 11.400953 162.780548 57.300003
v 11.400953 155.668839 57.300003
v 11.133672 154.032730 57.300003
v 10.693386 152.693665 57.300003
v 10.003107 151.416916 57.300003
v 11.400651 144.897507 57.300003
v 9.267678 150.475632 57.300003
v -3.928718 153.978683 57.300003
v -4.115020 155.143799 57.300003
v -0.693685 154.540497 57.300003
v -0.405979 154.034439 57.300003
v 0.908162 152.866196 57.300003
v 1.700682 152.517960 57.300003
v 11.400651 137.737595 57.300003
v 5.240210 133.792770 57.300003
v 5.854221 133.986954 57.300003
v 6.358362 134.230331 57.300003
v -4.102626 138.808167 57.300003
v -3.892623 139.911087 57.300003
v -3.520469 140.946564 57.300003
v -3.031346 141.829178 57.300003
v -4.124382 156.790329 57.300003
v -3.984884 157.788177 57.300003
v -3.583428 159.015930 57.300003
v 5.669320 152.523102 57.300003
v 6.303865 152.831741 57.300003
v 6.856266 153.219559 57.300003
v 8.028478 154.816177 57.300003
v 8.221211 155.422836 57.300003
v 8.313445 156.052704 57.300003
v 8.313445 159.017593 57.300003
v 8.435168 149.710632 57.300003
v 7.585979 149.141510 57.300003
v 6.797571 134.532227 57.300003
v 7.204484 134.919891 57.300003
v 7.563084 135.381439 57.300003
v 5.719986 130.188019 57.300003
v 4.375333 129.982803 57.300003
v -11.395336 125.692947 57.300003
v 2.990984 129.984299 57.300003
v 1.653514 130.193481 57.300003
v 0.518902 130.552567 57.300003
v -0.502021 131.063248 57.300003
v -1.420589 131.710098 57.300003
v -3.180498 133.839645 57.300003
v -3.692568 135.012741 57.300003
v -4.002249 136.151154 57.300003
v -4.154482 137.586441 57.300003
v -10.250698 169.165787 57.300003
v -9.798254 168.784348 57.300003
v -9.285522 168.466766 57.300003
v -10.660251 169.654236 57.300003
v -10.931273 170.079391 57.300003
v 7.918524 136.014816 57.300003
v 8.226438 136.863480 57.300003
v -1.770904 132.024765 57.300003
v -2.565159 132.894135 57.300003
v 1.157966 148.597458 57.300003
v 0.056680 149.020111 57.300003
v -0.962509 149.598083 57.300003
v -1.793994 150.252716 57.300003
v -10.354533 174.609406 57.300003
v -9.875895 175.043274 57.300003
v 7.335487 153.687958 57.300003
v 7.731951 154.230042 57.300003
v 1.842394 144.802521 57.300003
v 3.314732 144.938965 57.300003
v 4.226480 148.221146 57.300003
v 5.414344 148.357224 57.300003
v 6.503552 148.650116 57.300003
v -2.529784 151.049088 57.300003
v -3.065657 151.825180 57.300003
v -3.515979 152.719482 57.300003
v -11.035038 173.593689 57.300003
v -10.730752 174.126663 57.300003
v -9.376586 175.373077 57.300003
v -8.764482 175.646530 57.300003
v -8.277317 175.782043 57.300003
v -6.649599 175.759750 57.300003
v -6.023688 175.572647 57.300003
v -11.363920 172.472275 57.300003
v -11.247550 173.029526 57.300003
v -7.813286 175.844513 57.300003
v -7.159342 175.842896 57.300003
v -11.171951 170.617462 57.300003
v -11.364209 171.378616 57.300003
v -11.400292 171.836212 57.300003
v 18.000000 101.599998 -57.300003
v 18.000000 166.300003 -57.300003
v -18.000000 101.599998 -57.300003
v -18.000000 166.300003 -57.300003
v -17.726540 169.425659 -57.300003
v -16.914467 172.456360 -57.300003
v -15.588458 175.300003 -57.300003
v -13.788799 177.870178 -57.300003
v -11.570177 180.088806 -57.300003
v -9.000000 181.888458 -57.300003
v -6.156363 183.214462 -57.300003
v -3.125667 184.026535 -57.300003
v -0.000000 184.300003 -57.300003
v 3.125667 184.026535 -57.300003
v 6.156363 183.214462 -57.300003
v 9.000000 181.888458 -57.300003
v 11.570177 180.088806 -57.300003
v 13.788799 177.870178 -57.300003
v 15.588458 175.300003 -57.300003
v 16.914467 172.456360 -57.300003
v 17.726540 169.425659 -57.300003
v 1.774738 176.060150 -57.300003
v 4.877424 174.856857 -57.300003
v 1.774738 171.451538 -57.300003
v -11.401675 125.692947 -57.300003
v 2.339469 110.452011 -57.300003
v -11.401675 110.452011 -57.300003
v 5.440734 175.278305 -57.300003
v -3.308387 144.938965 -57.300003
v -5.050142 144.938965 -57.300003
v -9.261333 150.475632 -57.300003
v -9.996761 151.416916 -57.300003
v 9.435505 170.320557 -57.300003
v 9.058744 169.953918 -57.300003
v 5.496813 173.372299 -57.300003
v 8.800272 169.767487 -57.300003
v 8.428916 169.580460 -57.300003
v 0.216741 177.794800 -57.300003
v 1.015777 155.920807 -57.300003
v 0.955032 155.349640 -57.300003
v -4.130550 159.017593 -57.300003
v 0.894361 155.078003 -57.300003
v -2.221505 141.170273 -57.300003
v -2.107099 141.171234 -57.300003
v -2.221505 135.578583 -57.300003
v -0.746245 134.294403 -57.300003
v 11.402149 162.780548 -57.300003
v 11.402149 159.015930 -57.300003
v 11.401681 125.692947 -57.300003
v 11.401681 121.843796 -57.300003
v -2.367518 121.843796 -57.300003
v 11.401675 106.599998 -57.300003
v -11.401675 106.599998 -57.300003
v 10.021951 172.057449 -57.300003
v 10.015236 171.727524 -57.300003
v 9.938814 171.294739 -57.300003
v 0.065628 153.605362 -57.300003
v -0.367599 153.214798 -57.300003
v -2.528383 152.302979 -57.300003
v -3.639217 152.198746 -57.300003
v -4.209974 152.208618 -57.300003
v -4.966630 152.312561 -57.300003
v 0.909770 139.282883 -57.300003
v 1.080470 138.847839 -57.300003
v 0.432619 135.321518 -57.300003
v 0.089688 134.923248 -57.300003
v -0.248669 134.625916 -57.300003
v 9.424887 173.571991 -57.300003
v 9.684031 173.217148 -57.300003
v 6.403951 174.149673 -57.300003
v 9.847758 172.862152 -57.300003
v 6.058948 173.917664 -57.300003
v 9.949994 172.536621 -57.300003
v 9.818335 170.945877 -57.300003
v 9.606855 170.553223 -57.300003
v -7.528638 162.780548 -57.300003
v -3.531594 162.780548 -57.300003
v -0.130420 159.017593 -57.300003
v -5.050142 138.690521 -57.300003
v -8.375846 137.695923 -57.300003
v -8.397337 138.499664 -57.300003
v 1.137477 136.961700 -57.300003
v 0.978887 136.343796 -57.300003
v 0.732830 135.787720 -57.300003
v -11.203189 136.047211 -57.300003
v -10.853292 134.776840 -57.300003
v 8.140111 174.387741 -57.300003
v 8.530540 174.252686 -57.300003
v 6.742304 174.313675 -57.300003
v 8.848733 174.081818 -57.300003
v 9.120066 173.881989 -57.300003
v 0.216741 167.501678 -57.300003
v -1.426117 133.982666 -57.300003
v -2.172629 133.767242 -57.300003
v -3.024782 133.667236 -57.300003
v -4.501945 133.672348 -57.300003
v -1.625758 141.127563 -57.300003
v 0.319890 140.133087 -57.300003
v 0.660032 139.707062 -57.300003
v -1.004162 140.966476 -57.300003
v -0.435378 140.719604 -57.300003
v -0.020504 140.449203 -57.300003
v 1.190776 138.349274 -57.300003
v 1.223483 137.718277 -57.300003
v -7.741861 130.968369 -57.300003
v -8.658853 131.611267 -57.300003
v -9.472681 132.393723 -57.300003
v 3.526814 140.946564 -57.300003
v 3.037691 141.829178 -57.300003
v 7.120718 174.433243 -57.300003
v 7.417673 174.473770 -57.300003
v 7.727530 174.465729 -57.300003
v 8.225651 169.513031 -57.300003
v 7.878585 169.435135 -57.300003
v 3.264836 170.953995 -57.300003
v 7.757824 169.425079 -57.300003
v 8.814147 168.253616 -57.300003
v 9.291867 168.466766 -57.300003
v 0.700030 154.540497 -57.300003
v 0.412324 154.034439 -57.300003
v -0.901817 152.866196 -57.300003
v -1.694337 152.517960 -57.300003
v 0.000040 158.886414 -57.300003
v 0.275821 158.537125 -57.300003
v 0.604434 157.957108 -57.300003
v 0.834907 157.352676 -57.300003
v 0.984802 156.559189 -57.300003
v -11.394608 155.668839 -57.300003
v -11.127326 154.032730 -57.300003
v -8.397337 141.579575 -57.300003
v -11.394306 144.897507 -57.300003
v -10.687041 152.693665 -57.300003
v -10.358035 133.668243 -57.300003
v -10.158189 133.322830 -57.300003
v 0.649870 143.951340 -57.300003
v -2.705326 148.275650 -57.300003
v 1.640338 143.317627 -57.300003
v 2.380713 142.652603 -57.300003
v -8.428823 149.710632 -57.300003
v -7.579634 149.141510 -57.300003
v -6.497208 148.650116 -57.300003
v 9.804599 168.784348 -57.300003
v 10.257043 169.165787 -57.300003
v 10.666596 169.654236 -57.300003
v 10.937619 170.079391 -57.300003
v 10.360878 174.609406 -57.300003
v 9.882239 175.043274 -57.300003
v -5.662974 152.523102 -57.300003
v -6.297520 152.831741 -57.300003
v -6.849921 153.219559 -57.300003
v -8.022132 154.816177 -57.300003
v -8.214867 155.422836 -57.300003
v -8.307100 156.052704 -57.300003
v -8.307100 159.017593 -57.300003
v -11.394608 162.780548 -57.300003
v -11.394306 137.737595 -57.300003
v -5.233864 133.792770 -57.300003
v -5.847877 133.986954 -57.300003
v -6.352017 134.230331 -57.300003
v 3.898968 139.911087 -57.300003
v -6.791226 134.532227 -57.300003
v -7.198139 134.919891 -57.300003
v -7.556738 135.381439 -57.300003
v -0.517519 144.453629 -57.300003
v -1.836049 144.802521 -57.300003
v -4.220134 148.221146 -57.300003
v -5.407999 148.357224 -57.300003
v 3.935063 153.978683 -57.300003
v 4.121366 155.143799 -57.300003
v 11.041383 173.593689 -57.300003
v 10.737097 174.126663 -57.300003
v 9.382931 175.373077 -57.300003
v 8.770826 175.646530 -57.300003
v 8.283663 175.782043 -57.300003
v 6.655944 175.759750 -57.300003
v 6.030033 175.572647 -57.300003
v -7.329142 153.687958 -57.300003
v -7.725606 154.230042 -57.300003
v -7.912179 136.014816 -57.300003
v -8.220093 136.863480 -57.300003
v -4.368989 129.982803 -57.300003
v -2.984639 129.984299 -57.300003
v 3.186843 133.839645 -57.300003
v 3.698913 135.012741 -57.300003
v 4.130728 156.790329 -57.300003
v 3.991229 157.788177 -57.300003
v 3.589773 159.015930 -57.300003
v 11.370265 172.472275 -57.300003
v 11.253895 173.029526 -57.300003
v 7.819631 175.844513 -57.300003
v 7.165687 175.842896 -57.300003
v -0.512556 130.552567 -57.300003
v 0.508366 131.063248 -57.300003
v 1.426934 131.710098 -57.300003
v 11.178296 170.617462 -57.300003
v 11.370555 171.378616 -57.300003
v 11.406638 171.836212 -57.300003
v -1.647169 130.193481 -57.300003
v 1.777250 132.024765 -57.300003
v 2.571504 132.894135 -57.300003
v -1.151621 148.597458 -57.300003
v -0.050335 149.020111 -57.300003
v 0.968855 149.598083 -57.300003
v 1.800339 150.252716 -57.300003
v -6.813341 130.527054 -57.300003
v -5.713641 130.188019 -57.300003
v 4.008595 136.151154 -57.300003
v 4.160828 137.586441 -57.300003
v 4.108972 138.808167 -57.300003
v 2.536129 151.049088 -57.300003
v 3.072002 151.825180 -57.300003
v 3.522324 152.719482 -57.300003
v -15.500000 103.599998 21.500000
v 15.500000 103.599998 21.500000
v 21.500000 103.599998 15.500000
v 21.500000 103.599998 -15.500000
v 15.500000 103.599998 -21.500000
v -15.500000 103.599998 -21.500000
v -21.500000 103.599998 -15.500000
v -21.500000 103.599998 15.500000
v -5.785089 107.599998 -6.894400
v -4.500000 107.599998 -7.794229
v -15.500000 107.599998 -17.500000
v 17.500000 107.599998 -15.500000
v 6.894400 107.599998 -5.785089
v 7.794229 107.599998 -4.500000
v -15.500000 107.599998 17.500000
v -1.562834 107.599998 8.863270
v -3.078181 107.599998 8.457233
v -3.078181 107.599998 -8.457233
v -1.562834 107.599998 -8.863270
v 15.500000 107.599998 -17.500000
v 8.457233 107.599998 -3.078181
v 8.863270 107.599998 -1.562834
v 17.500000 107.599998 15.500000
v -16.785576 107.599998 17.032089
v -16.500000 107.599998 17.232052
v -6.894400 107.599998 5.785089
v 15.500000 107.599998 17.500000
v 1.562834 107.599998 8.863270
v -0.000000 107.599998 9.000000
v -0.000000 107.599998 -9.000000
v 1.562834 107.599998 -8.863270
v 3.078181 107.599998 -8.457233
v 9.000000 107.599998 0.000000
v 8.863270 107.599998 1.562834
v 8.457233 107.599998 3.078181
v -4.500000 107.599998 7.794229
v -5.785089 107.599998 6.894400
v -15.847296 107.599998 17.469614
v -16.184040 107.599998 17.379385
v -17.500000 107.599998 -15.500000
v -8.863270 107.599998 -1.562834
v -8.457233 107.599998 -3.078181
v 17.469614 107.599998 -15.847296
v 17.379385 107.599998 -16.184040
v 17.232052 107.599998 -16.500000
v 5.785089 107.599998 6.894400
v 4.500000 107.599998 7.794229
v 3.078181 107.599998 8.457233
v -7.794229 107.599998 4.500000
v -17.500000 107.599998 15.500000
v -17.469614 107.599998 15.847296
v -17.379385 107.599998 16.184040
v -17.232052 107.599998 16.500000
v -17.032089 107.599998 16.785576
v -8.457233 107.599998 3.078181
v -8.863270 107.599998 1.562834
v -9.000000 107.599998 -0.000000
v -7.794229 107.599998 -4.500000
v -6.894400 107.599998 -5.785089
v -17.469614 107.599998 -15.847296
v 17.032089 107.599998 -16.785576
v 16.785576 107.599998 -17.032089
v 16.500000 107.599998 -17.232052
v 4.500000 107.599998 -7.794229
v 5.785089 107.599998 -6.894400
v 15.847296 107.599998 -17.469614
v 16.184040 107.599998 -17.379385
v -15.847296 107.599998 -17.469614
v -16.184040 107.599998 -17.379385
v -16.500000 107.599998 -17.232052
v -16.785576 107.599998 -17.032089
v -17.032089 107.599998 -16.785576
v 15.847296 107.599998 17.469614
v 16.184040 107.599998 17.379385
v 16.500000 107.599998 17.232052
v -17.232052 107.599998 -16.500000
v -17.379385 107.599998 -16.184040
v 16.785576 107.599998 17.032089
v 17.032089 107.599998 16.785576
v 17.232052 107.599998 16.500000
v 7.794229 107.599998 4.500000
v 6.894400 107.599998 5.785089
v 17.469614 107.599998 15.847296
v 17.379385 107.599998 16.184040
v -0.000000 106.599998 8.000000
v 1.389185 106.599998 7.878462
v 2.736161 106.599998 7.517541
v 4.000000 106.599998 6.928203
v 5.142301 106.599998 6.128356
v 6.128356 106.599998 5.142301
v 6.928203 106.599998 4.000000
v 7.517541 106.599998 2.736161
v 7.878462 106.599998 1.389185
v 8.000000 106.599998 0.000000
v 7.878462 106.599998 -1.389185
v 7.517541 106.599998 -2.736161
v 6.928203 106.599998 -4.000000
v 6.128356 106.599998 -5.142301
v 5.142301 106.599998 -6.128356
v 4.000000 106.599998 -6.928203
v 2.736161 106.599998 -7.517541
v 1.389185 106.599998 -7.878462
v -0.000000 106.599998 -8.000000
v -1.389185 106.599998 -7.878462
v -2.736161 106.599998 -7.517541
v -4.000000 106.599998 -6.928203
v -5.142301 106.599998 -6.128356
v -6.128356 106.599998 -5.142301
v -6.928203 106.599998 -4.000000
v -7.517541 106.599998 -2.736161
v -7.878462 106.599998 -1.389185
v -8.000000 106.599998 0.000000
v -7.878462 106.599998 1.389185
v -7.517541 106.599998 2.736161
v -6.928203 106.599998 4.000000
v -6.128356 106.599998 5.142301
v -5.142301 106.599998 6.128356
v -4.000000 106.599998 6.928203
v -2.736161 106.599998 7.517541
v -1.389185 106.599998 7.878462
v 21.408846 103.599998 -16.541889
v 21.138155 103.599998 -17.552120
v 20.696152 103.599998 -18.500000
v 20.096266 103.599998 -19.356726
v 19.356726 103.599998 -20.096266
v 18.500000 103.599998 -20.696152
v 17.552120 103.599998 -21.138155
v 16.541889 103.599998 -21.408846
v 16.541889 103.599998 21.408846
v 17.552120 103.599998 21.138155
v 18.500000 103.599998 20.696152
v 19.356726 103.599998 20.096266
v 20.096266 103.599998 19.356726
v 20.696152 103.599998 18.500000
v 21.138155 103.599998 17.552120
v 21.408846 103.599998 16.541889
v -16.541889 103.599998 -21.408846
v -17.552120 103.599998 -21.138155
v -18.500000 103.599998 -20.696152
v -19.356726 103.599998 -20.096266
v -20.096266 103.599998 -19.356726
v -20.696152 103.599998 -18.500000
v -21.138155 103.599998 -17.552120
v -21.408846 103.599998 -16.541889
v -21.408846 103.599998 16.541889
v -21.138155 103.599998 17.552120
v -20.696152 103.599998 18.500000
v -20.096266 103.599998 19.356726
v -19.356726 103.599998 20.096266
v -18.500000 103.599998 20.696152
v -17.552120 103.599998 21.138155
v -16.541889 103.599998 21.408846
v 8.000000 106.599998 0.000000
v 9.000000 107.599998 0.000000
v -0.000000 106.599998 -8.000000
v -0.000000 107.599998 -9.000000
v -8.000000 106.599998 0.000000
v -9.000000 107.599998 0.000000
v -0.000000 106.599998 8.000000
v -47.700001 137.166687 19.000000
v -47.700001 154.300003 19.000000
v -58.171654 154.300003 19.000000
v -101.199997 154.300003 38.500000
v -22.900000 112.885117 19.000000
v -109.200005 109.300003 38.500000
v -109.200005 146.300003 38.500000
v -101.199997 109.300003 46.500000
v -101.199997 146.300003 46.500000
v -34.018120 124.754768 19.000000
v -38.875732 128.123962 19.000000
v -43.288345 132.058014 19.000000
v -47.190662 136.498703 19.000000
v -26.072344 120.191490 19.000000
v -27.355598 121.207352 19.000000
v -28.787373 122.000282 19.000000
v -23.033936 114.516304 19.000000
v -23.432156 116.103798 19.000000
v -24.083990 117.605072 19.000000
v -24.971985 118.979912 19.000000
v -102.589180 154.178467 38.500000
v -103.936157 153.817535 38.500000
v -105.199997 153.228210 38.500000
v -106.342300 152.428360 38.500000
v -107.328354 151.442307 38.500000
v -108.128204 150.300003 38.500000
v -108.717537 149.036163 38.500000
v -109.078461 147.689178 38.500000
v -101.199997 150.300003 45.428200
v -101.199997 149.036163 46.017544
v -101.199997 147.689178 46.378464
v -101.199997 151.442307 44.628357
v -101.199997 152.428360 43.642300
v -101.199997 153.228210 42.500000
v -101.199997 153.817535 41.236160
v -101.199997 154.178467 39.889187
v -102.568085 147.689178 46.258770
v -103.296021 153.817535 40.258770
v -102.264183 154.178467 39.392952
v -102.403069 154.178467 39.194592
v -102.568085 154.178467 38.741230
v -102.092949 154.178467 39.564178
v -102.958771 153.817535 40.596020
v -103.771149 153.228210 41.564178
v -101.894592 154.178467 39.703072
v -103.569580 153.817535 39.868080
v -102.505409 154.178467 38.975132
v -103.771149 153.817535 39.435822
v -103.894592 153.817535 38.975132
v -102.568085 153.817535 40.869587
v -103.200005 153.228210 41.964104
v -103.771149 152.428360 42.953365
v -101.675133 154.178467 39.805408
v -104.264175 153.228210 41.071152
v -104.664101 153.228210 40.500000
v -104.958771 153.228210 39.868080
v -105.139236 153.228210 39.194592
v -102.135818 153.817535 41.071152
v -102.568085 153.228210 42.258770
v -102.958771 152.428360 43.332180
v -103.296021 151.442307 44.258770
v -101.441223 154.178467 39.868080
v -104.505402 152.428360 42.439228
v -105.139236 152.428360 41.805408
v -105.653358 152.428360 41.071152
v -106.032188 152.428360 40.258770
v -106.264183 152.428360 39.392952
v -101.675133 153.817535 41.194592
v -101.894592 153.228210 42.439228
v -102.092949 152.428360 43.564178
v -102.264183 151.442307 44.535252
v -102.403069 150.300003 45.322948
v -104.264175 151.442307 43.807312
v -105.139236 151.442307 43.194592
v -105.894592 151.442307 42.439228
v -106.507309 151.442307 41.564178
v -106.958771 151.442307 40.596020
v -107.235252 151.442307 39.564178
v -103.569580 150.300003 45.010380
v -104.664101 150.300003 44.500000
v -105.653358 150.300003 43.807312
v -106.507309 150.300003 42.953365
v -107.199997 150.300003 41.964104
v -107.710381 150.300003 40.869587
v -108.022949 150.300003 39.703072
v -102.505409 149.036163 45.903332
v -103.771149 149.036163 45.564178
v -104.958771 149.036163 45.010380
v -106.032188 149.036163 44.258770
v -106.958771 149.036163 43.332180
v -107.710381 149.036163 42.258770
v -108.264175 149.036163 41.071152
v -108.603333 149.036163 39.805408
v -103.894592 147.689178 45.903332
v -105.139236 147.689178 45.322948
v -106.264183 147.689178 44.535252
v -107.235252 147.689178 43.564178
v -108.022949 147.689178 42.439228
v -108.603333 147.689178 41.194592
v -108.958771 147.689178 39.868080
v -102.589180 146.300003 46.378464
v -103.936157 146.300003 46.017544
v -105.199997 146.300003 45.428200
v -106.342300 146.300003 44.628357
v -107.328354 146.300003 43.642300
v -108.128204 146.300003 42.500000
v -108.717537 146.300003 41.236160
v -109.078461 146.300003 39.889187
v -109.078461 109.300003 39.889187
v -108.717537 109.300003 41.236160
v -108.128204 109.300003 42.500000
v -107.328354 109.300003 43.642300
v -106.342300 109.300003 44.628357
v -105.199997 109.300003 45.428200
v -103.936157 109.300003 46.017544
v -102.589180 109.300003 46.378464
v -101.199997 106.563835 46.017544
v -101.199997 105.300003 45.428200
v -101.199997 102.371796 42.500000
v -101.199997 103.171646 43.642300
v -101.199997 104.157700 44.628357
v -101.199997 101.782455 41.236160
v -101.199997 101.421539 39.889187
v -101.199997 107.910812 46.378464
v -102.568085 107.910812 46.258770
v -103.894592 107.910812 45.903332
v -102.505409 106.563835 45.903332
v -103.771149 106.563835 45.564178
v -102.403069 105.300003 45.322948
v -103.569580 105.300003 45.010380
v -102.264183 104.157700 44.535252
v -103.296021 104.157700 44.258770
v -102.092949 103.171646 43.564178
v -102.958771 103.171646 43.332180
v -101.894592 102.371796 42.439228
v -102.568085 102.371796 42.258770
v -101.675133 101.782455 41.194592
v -102.135818 101.782455 41.071152
v -101.441223 101.421539 39.868080
v -101.675133 101.421539 39.805408
v -105.139236 107.910812 45.322948
v -104.958771 106.563835 45.010380
v -104.664101 105.300003 44.500000
v -104.264175 104.157700 43.807312
v -103.771149 103.171646 42.953365
v -103.200005 102.371796 41.964104
v -102.568085 101.782455 40.869587
v -101.894592 101.421539 39.703072
v -106.264183 107.910812 44.535252
v -107.235252 107.910812 43.564178
v -106.032188 106.563835 44.258770
v -106.958771 106.563835 43.332180
v -105.653358 105.300003 43.807312
v -106.507309 105.300003 42.953365
v -105.139236 104.157700 43.194592
v -105.894592 104.157700 42.439228
v -104.505402 103.171646 42.439228
v -105.139236 103.171646 41.805408
v -103.771149 102.371796 41.564178
v -104.264175 102.371796 41.071152
v -102.958771 101.782455 40.596020
v -103.296021 101.782455 40.258770
v -102.092949 101.421539 39.564178
v -102.264183 101.421539 39.392952
v -108.022949 107.910812 42.439228
v -107.710381 106.563835 42.258770
v -107.199997 105.300003 41.964104
v -106.507309 104.157700 41.564178
v -105.653358 103.171646 41.071152
v -104.664101 102.371796 40.500000
v -103.569580 101.782455 39.868080
v -102.403069 101.421539 39.194592
v -108.603333 107.910812 41.194592
v -108.958771 107.910812 39.868080
v -108.264175 106.563835 41.071152
v -108.603333 106.563835 39.805408
v -107.710381 105.300003 40.869587
v -108.022949 105.300003 39.703072
v -106.958771 104.157700 40.596020
v -107.235252 104.157700 39.564178
v -106.032188 103.171646 40.258770
v -106.264183 103.171646 39.392952
v -104.958771 102.371796 39.868080
v -105.139236 102.371796 39.194592
v -103.771149 101.782455 39.435822
v -103.894592 101.782455 38.975132
v -102.505409 101.421539 38.975132
v -102.568085 101.421539 38.741230
v -109.078461 107.910812 38.500000
v -108.717537 106.563835 38.500000
v -108.128204 105.300003 38.500000
v -107.328354 104.157700 38.500000
v -106.342300 103.171646 38.500000
v -105.199997 102.371796 38.500000
v -103.936157 101.782455 38.500000
v -102.589180 101.421539 38.500000
v -55.476124 152.616867 19.000000
v -55.719456 153.028214 19.000000
v -56.025024 153.395706 19.000000
v -56.385075 153.710007 19.000000
v -56.790466 153.963150 19.000000
v -57.230911 154.148682 19.000000
v -57.695236 154.261932 19.000000
v -50.524944 141.380356 19.000000
v -53.241859 146.630707 19.000000
v -55.301208 152.172089 19.000000
v -58.899998 108.599998 -70.699997
v -93.199997 108.599998 -70.699997
v -97.199997 112.599998 -70.699997
v -97.199997 146.899994 -70.699997
v -93.199997 150.899994 -70.699997
v -58.899998 150.899994 -70.699997
v -54.900002 146.899994 -70.699997
v -54.900002 112.599998 -70.699997
v -92.371574 148.899994 -72.700005
v -59.728428 148.899994 -72.700005
v -95.200005 146.071579 -72.700005
v -56.899998 146.071579 -72.700005
v -56.899998 113.428429 -72.700005
v -59.728428 110.599998 -72.700005
v -92.371574 110.599998 -72.700005
v -95.200005 113.428429 -72.700005
v 4.877424 174.856857 -56.299999
v 5.440734 175.278305 -56.299999
v 6.030033 175.572647 -56.299999
v 6.655944 175.759750 -56.299999
v 7.165687 175.842896 -56.299999
v 7.819631 175.844513 -56.299999
v 8.283663 175.782043 -56.299999
v 8.770826 175.646530 -56.299999
v 9.382931 175.373077 -56.299999
v 9.882239 175.043274 -56.299999
v 10.360878 174.609406 -56.299999
v 10.737097 174.126663 -56.299999
v 11.041383 173.593689 -56.299999
v 11.253895 173.029526 -56.299999
v 11.370265 172.472275 -56.299999
v 11.406638 171.836212 -56.299999
v 11.370555 171.378616 -56.299999
v 11.178296 170.617462 -56.299999
v 10.937619 170.079391 -56.299999
v 10.666596 169.654236 -56.299999
v 10.257043 169.165787 -56.299999
v 9.804599 168.784348 -56.299999
v 9.291867 168.466766 -56.299999
v 8.814147 168.253616 -56.299999
v 1.774738 171.451538 -56.299999
v 1.774738 176.060150 -56.299999
v 0.216741 177.794800 -56.299999
v 0.216741 167.501678 -56.299999
v 7.757824 169.425079 -56.299999
v 7.878585 169.435135 -56.299999
v 8.225651 169.513031 -56.299999
v 8.428916 169.580460 -56.299999
v 8.800272 169.767487 -56.299999
v 9.058744 169.953918 -56.299999
v 9.435505 170.320557 -56.299999
v 9.606855 170.553223 -56.299999
v 9.818335 170.945877 -56.299999
v 9.938814 171.294739 -56.299999
v 10.015236 171.727524 -56.299999
v 10.021951 172.057449 -56.299999
v 9.949994 172.536621 -56.299999
v 9.847758 172.862152 -56.299999
v 9.684031 173.217148 -56.299999
v 9.424887 173.571991 -56.299999
v 9.120066 173.881989 -56.299999
v 8.848733 174.081818 -56.299999
v 8.530540 174.252686 -56.299999
v 8.140111 174.387741 -56.299999
v 7.727530 174.465729 -56.299999
v 7.417673 174.473770 -56.299999
v 7.120718 174.433243 -56.299999
v 6.742304 174.313675 -56.299999
v 6.403951 174.149673 -56.299999
v 6.058948 173.917664 -56.299999
v 5.496813 173.372299 -56.299999
v 3.264836 170.953995 -56.299999
v 3.589773 159.015930 -56.299999
v 3.991229 157.788177 -56.299999
v 4.130728 156.790329 -56.299999
v 4.121366 155.143799 -56.299999
v 3.935063 153.978683 -56.299999
v 3.522324 152.719482 -56.299999
v 3.072002 151.825180 -56.299999
v 2.536129 151.049088 -56.299999
v 1.800339 150.252716 -56.299999
v 0.968855 149.598083 -56.299999
v -0.050335 149.020111 -56.299999
v -1.151621 148.597458 -56.299999
v -2.705326 148.275650 -56.299999
v -4.220134 148.221146 -56.299999
v -5.407999 148.357224 -56.299999
v -6.497208 148.650116 -56.299999
v -7.579634 149.141510 -56.299999
v -8.428823 149.710632 -56.299999
v -9.261333 150.475632 -56.299999
v -9.996761 151.416916 -56.299999
v -10.687041 152.693665 -56.299999
v -11.127326 154.032730 -56.299999
v -11.394608 155.668839 -56.299999
v 11.402149 159.015930 -56.299999
v 11.402149 162.780548 -56.299999
v -3.531594 162.780548 -56.299999
v -0.130420 159.017593 -56.299999
v -8.307100 156.052704 -56.299999
v -8.214867 155.422836 -56.299999
v -8.022132 154.816177 -56.299999
v -7.725606 154.230042 -56.299999
v -7.329142 153.687958 -56.299999
v -6.849921 153.219559 -56.299999
v -6.297520 152.831741 -56.299999
v -5.662974 152.523102 -56.299999
v -4.966630 152.312561 -56.299999
v -4.209974 152.208618 -56.299999
v -3.639217 152.198746 -56.299999
v -2.528383 152.302979 -56.299999
v -1.694337 152.517960 -56.299999
v -0.901817 152.866196 -56.299999
v -0.367599 153.214798 -56.299999
v 0.065628 153.605362 -56.299999
v 0.412324 154.034439 -56.299999
v 0.700030 154.540497 -56.299999
v 0.894361 155.078003 -56.299999
v 0.955032 155.349640 -56.299999
v 1.015777 155.920807 -56.299999
v 0.984802 156.559189 -56.299999
v 0.834907 157.352676 -56.299999
v 0.604434 157.957108 -56.299999
v 0.275821 158.537125 -56.299999
v 0.000040 158.886414 -56.299999
v -8.307100 159.017593 -56.299999
v -4.130550 159.017593 -56.299999
v -7.528638 162.780548 -56.299999
v -11.394608 162.780548 -56.299999
v -8.397337 138.499664 -56.299999
v -8.375846 137.695923 -56.299999
v -8.220093 136.863480 -56.299999
v -7.912179 136.014816 -56.299999
v -7.556738 135.381439 -56.299999
v -7.198139 134.919891 -56.299999
v -6.791226 134.532227 -56.299999
v -6.352017 134.230331 -56.299999
v -5.847877 133.986954 -56.299999
v -5.233864 133.792770 -56.299999
v -4.501945 133.672348 -56.299999
v -3.024782 133.667236 -56.299999
v -2.172629 133.767242 -56.299999
v -1.426117 133.982666 -56.299999
v -0.746245 134.294403 -56.299999
v -0.248669 134.625916 -56.299999
v 0.089688 134.923248 -56.299999
v 0.432619 135.321518 -56.299999
v 0.732830 135.787720 -56.299999
v 0.978887 136.343796 -56.299999
v 1.137477 136.961700 -56.299999
v 1.223483 137.718277 -56.299999
v 1.190776 138.349274 -56.299999
v 1.080470 138.847839 -56.299999
v 0.909770 139.282883 -56.299999
v 0.660032 139.707062 -56.299999
v 0.319890 140.133087 -56.299999
v -0.020504 140.449203 -56.299999
v -0.435378 140.719604 -56.299999
v -1.004162 140.966476 -56.299999
v -1.625758 141.127563 -56.299999
v -2.107099 141.171234 -56.299999
v -2.221505 141.170273 -56.299999
v -8.397337 141.579575 -56.299999
v -11.394306 144.897507 -56.299999
v -11.394306 137.737595 -56.299999
v -3.308387 144.938965 -56.299999
v -1.836049 144.802521 -56.299999
v -0.517519 144.453629 -56.299999
v 0.649870 143.951340 -56.299999
v 1.640338 143.317627 -56.299999
v 2.380713 142.652603 -56.299999
v 3.037691 141.829178 -56.299999
v 3.526814 140.946564 -56.299999
v 3.898968 139.911087 -56.299999
v 4.108972 138.808167 -56.299999
v 4.160828 137.586441 -56.299999
v 4.008595 136.151154 -56.299999
v 3.698913 135.012741 -56.299999
v 3.186843 133.839645 -56.299999
v 2.571504 132.894135 -56.299999
v 1.777250 132.024765 -56.299999
v 1.426934 131.710098 -56.299999
v 0.508366 131.063248 -56.299999
v -0.512556 130.552567 -56.299999
v -1.647169 130.193481 -56.299999
v -2.984639 129.984299 -56.299999
v -4.368989 129.982803 -56.299999
v -5.713641 130.188019 -56.299999
v -6.813341 130.527054 -56.299999
v -7.741861 130.968369 -56.299999
v -8.658853 131.611267 -56.299999
v -9.472681 132.393723 -56.299999
v -10.158189 133.322830 -56.299999
v -10.358035 133.668243 -56.299999
v -10.853292 134.776840 -56.299999
v -11.203189 136.047211 -56.299999
v -5.050142 144.938965 -56.299999
v -5.050142 138.690521 -56.299999
v -2.221505 135.578583 -56.299999
v -2.367518 121.843796 -56.299999
v 11.401675 106.599998 -56.299999
v 11.401681 121.843796 -56.299999
v 11.401681 125.692947 -56.299999
v -11.401675 125.692947 -56.299999
v 2.339469 110.452011 -56.299999
v -11.401675 110.452011 -56.299999
v -11.401675 106.599998 -56.299999
v -4.871079 174.856857 56.299999
v -5.434388 175.278305 56.299999
v -6.023688 175.572647 56.299999
v -6.649599 175.759750 56.299999
v -7.159342 175.842896 56.299999
v -7.813286 175.844513 56.299999
v -8.277317 175.782043 56.299999
v -8.764482 175.646530 56.299999
v -9.376586 175.373077 56.299999
v -9.875895 175.043274 56.299999
v -10.354533 174.609406 56.299999
v -10.730752 174.126663 56.299999
v -11.035038 173.593689 56.299999
v -11.247550 173.029526 56.299999
v -11.363920 172.472275 56.299999
v -11.400292 171.836212 56.299999
v -11.364209 171.378616 56.299999
v -11.171951 170.617462 56.299999
v -10.931273 170.079391 56.299999
v -10.660251 169.654236 56.299999
v -10.250698 169.165787 56.299999
v -9.798254 168.784348 56.299999
v -9.285522 168.466766 56.299999
v -8.807801 168.253616 56.299999
v -1.768393 171.451538 56.299999
v -1.768393 176.060150 56.299999
v -0.210396 177.794800 56.299999
v -0.210396 167.501678 56.299999
v -7.751479 169.425079 56.299999
v -7.872240 169.435135 56.299999
v -8.219304 169.513031 56.299999
v -8.422571 169.580460 56.299999
v -8.793927 169.767487 56.299999
v -9.052400 169.953918 56.299999
v -9.429159 170.320557 56.299999
v -9.600510 170.553223 56.299999
v -9.811989 170.945877 56.299999
v -9.932468 171.294739 56.299999
v -10.008891 171.727524 56.299999
v -10.015606 172.057449 56.299999
v -9.943649 172.536621 56.299999
v -9.841413 172.862152 56.299999
v -9.677686 173.217148 56.299999
v -9.418542 173.571991 56.299999
v -9.113720 173.881989 56.299999
v -8.842388 174.081818 56.299999
v -8.524195 174.252686 56.299999
v -8.133766 174.387741 56.299999
v -7.721185 174.465729 56.299999
v -7.411328 174.473770 56.299999
v -7.114373 174.433243 56.299999
v -6.735959 174.313675 56.299999
v -6.397606 174.149673 56.299999
v -6.052603 173.917664 56.299999
v -5.490468 173.372299 56.299999
v -3.258491 170.953995 56.299999
v -3.583428 159.015930 56.299999
v -3.984884 157.788177 56.299999
v -4.124382 156.790329 56.299999
v -4.115020 155.143799 56.299999
v -3.928718 153.978683 56.299999
v -3.515979 152.719482 56.299999
v -3.065657 151.825180 56.299999
v -2.529784 151.049088 56.299999
v -1.793994 150.252716 56.299999
v -0.962509 149.598083 56.299999
v 0.056680 149.020111 56.299999
v 1.157966 148.597458 56.299999
v 2.711672 148.275650 56.299999
v 4.226480 148.221146 56.299999
v 5.414344 148.357224 56.299999
v 6.503552 148.650116 56.299999
v 7.585979 149.141510 56.299999
v 8.435168 149.710632 56.299999
v 9.267678 150.475632 56.299999
v 10.003107 151.416916 56.299999
v 10.693386 152.693665 56.299999
v 11.133672 154.032730 56.299999
v 11.400953 155.668839 56.299999
v -11.395803 159.015930 56.299999
v -11.395803 162.780548 56.299999
v 3.537939 162.780548 56.299999
v 0.136765 159.017593 56.299999
v 8.313445 156.052704 56.299999
v 8.221211 155.422836 56.299999
v 8.028478 154.816177 56.299999
v 7.731951 154.230042 56.299999
v 7.335487 153.687958 56.299999
v 6.856266 153.219559 56.299999
v 6.303865 152.831741 56.299999
v 5.669320 152.523102 56.299999
v 4.972975 152.312561 56.299999
v 4.216320 152.208618 56.299999
v 3.645563 152.198746 56.299999
v 2.534728 152.302979 56.299999
v 1.700682 152.517960 56.299999
v 0.908162 152.866196 56.299999
v 0.373944 153.214798 56.299999
v -0.059282 153.605362 56.299999
v -0.405979 154.034439 56.299999
v -0.693685 154.540497 56.299999
v -0.888016 155.078003 56.299999
v -0.948687 155.349640 56.299999
v -1.009431 155.920807 56.299999
v -0.978457 156.559189 56.299999
v -0.828562 157.352676 56.299999
v -0.598089 157.957108 56.299999
v -0.269476 158.537125 56.299999
v 0.006305 158.886414 56.299999
v 8.313445 159.017593 56.299999
v 4.136896 159.017593 56.299999
v 7.534984 162.780548 56.299999
v 11.400953 162.780548 56.299999
v 8.403682 138.499664 56.299999
v 8.382191 137.695923 56.299999
v 8.226438 136.863480 56.299999
v 7.918524 136.014816 56.299999
v 7.563084 135.381439 56.299999
v 7.204484 134.919891 56.299999
v 6.797571 134.532227 56.299999
v 6.358362 134.230331 56.299999
v 5.854221 133.986954 56.299999
v 5.240210 133.792770 56.299999
v 4.508290 133.672348 56.299999
v 3.031127 133.667236 56.299999
v 2.178974 133.767242 56.299999
v 1.432462 133.982666 56.299999
v 0.752591 134.294403 56.299999
v 0.255014 134.625916 56.299999
v -0.083343 134.923248 56.299999
v -0.426273 135.321518 56.299999
v -0.726485 135.787720 56.299999
v -0.972542 136.343796 56.299999
v -1.131132 136.961700 56.299999
v -1.217138 137.718277 56.299999
v -1.184431 138.349274 56.299999
v -1.074124 138.847839 56.299999
v -0.903425 139.282883 56.299999
v -0.653687 139.707062 56.299999
v -0.313545 140.133087 56.299999
v 0.026849 140.449203 56.299999
v 0.441724 140.719604 56.299999
v 1.010507 140.966476 56.299999
v 1.632103 141.127563 56.299999
v 2.113445 141.171234 56.299999
v 2.227850 141.170273 56.299999
v 8.403682 141.579575 56.299999
v 11.400651 144.897507 56.299999
v 11.400651 137.737595 56.299999
v 3.314732 144.938965 56.299999
v 1.842394 144.802521 56.299999
v 0.523865 144.453629 56.299999
v -0.643525 143.951340 56.299999
v -1.633993 143.317627 56.299999
v -2.374368 142.652603 56.299999
v -3.031346 141.829178 56.299999
v -3.520469 140.946564 56.299999
v -3.892623 139.911087 56.299999
v -4.102626 138.808167 56.299999
v -4.154482 137.586441 56.299999
v -4.002249 136.151154 56.299999
v -3.692568 135.012741 56.299999
v -3.180498 133.839645 56.299999
v -2.565159 132.894135 56.299999
v -1.770904 132.024765 56.299999
v -1.420589 131.710098 56.299999
v -0.502021 131.063248 56.299999
v 0.518902 130.552567 56.299999
v 1.653514 130.193481 56.299999
v 2.990984 129.984299 56.299999
v 4.375333 129.982803 56.299999
v 5.719986 130.188019 56.299999
v 6.819686 130.527054 56.299999
v 7.748206 130.968369 56.299999
v 8.665197 131.611267 56.299999
v 9.479026 132.393723 56.299999
v 10.164534 133.322830 56.299999
v 10.364381 133.668243 56.299999
v 10.859638 134.776840 56.299999
v 11.209534 136.047211 56.299999
v 5.056488 144.938965 56.299999
v 5.056488 138.690521 56.299999
v 2.227850 135.578583 56.299999
v 2.373863 121.843796 56.299999
v -11.395330 106.599998 56.299999
v -11.395336 121.843796 56.299999
v -11.395336 125.692947 56.299999
v 11.408021 125.692947 56.299999
v -2.333124 110.452011 56.299999
v 11.408021 110.452011 56.299999
v 11.408021 106.599998 56.299999
vn -0.0000 -0.0000 -1.0000
vn -0.0000 -1.0000 -0.0000
vn -0.0000 1.0000 -0.0000
vn -0.0001 1.0000 -0.0000
vn 0.0001 1.0000 -0.0000
vn 0.0003 1.0000 -0.0000
vn -0.0002 1.0000 -0.0000
vn 0.0002 1.0000 -0.0000
vn -0.9970 -0.0000 0.0776
vn -0.9994 0.0052 0.0329
vn -0.9981 0.0030 0.0612
vn -0.9971 0.0020 0.0759
vn -0.9962 0.0014 0.0876
vn -0.9929 -0.0000 0.1191
vn -0.9941 -0.0012 0.1084
vn -0.9953 -0.0026 0.0966
vn -0.9998 -0.0000 0.0206
vn -0.9970 -0.0058 0.0767
vn -0.9973 -0.0067 0.0731
vn -0.9963 -0.0042 0.0859
vn -0.0872 -0.0000 0.9962
vn -0.0786 0.0003 0.9969
vn -0.2421 -0.0003 0.9703
vn -0.2337 -0.0000 0.9723
vn -0.3258 -0.0000 0.9455
vn -0.3831 -0.0004 0.9237
vn -0.3990 -0.0000 0.9169
vn -0.4774 -0.0000 0.8787
vn -0.5231 -0.0005 0.8523
vn -0.5450 -0.0000 0.8385
vn -0.6160 -0.0000 0.7878
vn -0.6501 -0.0006 0.7599
vn -0.6759 -0.0000 0.7370
vn -0.7376 -0.0000 0.6752
vn -0.7611 -0.0006 0.6487
vn -0.7884 -0.0000 0.6152
vn -0.8390 -0.0000 0.5442
vn -0.8533 -0.0005 0.5215
vn -0.8791 -0.0000 0.4766
vn -0.9173 -0.0000 0.3981
vn -0.9244 -0.0004 0.3814
vn -0.9949 0.0008 0.1006
vn -0.9864 -0.0000 0.1642
vn -0.9727 -0.0002 0.2319
vn -0.9705 -0.0000 0.2412
vn -0.9458 -0.0000 0.3249
vn -0.0000 -0.0000 1.0000
vn -1.0000 -0.0000 -0.0000
vn -0.9988 0.0489 -0.0000
vn -0.9976 0.0688 -0.0049
vn -0.9724 0.2333 -0.0000
vn -0.9787 0.2050 -0.0058
vn -0.9861 0.1659 -0.0000
vn -0.9931 0.1175 -0.0000
vn -0.9598 0.2806 -0.0000
vn -0.9420 0.3357 -0.0026
vn -0.9413 0.3374 -0.0032
vn -0.8679 0.4968 -0.0000
vn -0.8861 0.4634 -0.0059
vn -0.9000 0.4359 -0.0000
vn -0.9202 0.3914 -0.0000
vn -0.8425 0.5386 -0.0000
vn -0.8046 0.5938 -0.0061
vn -0.8141 0.5807 -0.0006
vn -0.7734 0.6339 -0.0000
vn -0.7415 0.6709 -0.0000
vn -0.7267 0.6869 -0.0052
vn -0.6042 0.7968 -0.0000
vn -0.6256 0.7801 -0.0057
vn -0.6576 0.7534 -0.0000
vn -0.6936 0.7204 -0.0000
vn -0.5645 0.8254 -0.0000
vn -0.5173 0.8558 -0.0021
vn -0.5126 0.8586 -0.0036
vn -0.3563 0.9344 -0.0000
vn -0.3899 0.9208 -0.0060
vn -0.4197 0.9076 -0.0000
vn -0.4636 0.8860 -0.0000
vn -0.3102 0.9507 -0.0000
vn -0.2476 0.9688 -0.0054
vn -0.2599 0.9656 -0.0012
vn -0.1964 0.9805 -0.0000
vn -0.1482 0.9890 -0.0000
vn -0.1249 0.9922 -0.0054
vn 0.0378 0.9993 -0.0000
vn 0.0125 0.9999 -0.0056
vn -0.0310 0.9995 -0.0000
vn -0.0798 0.9968 -0.0000
vn 0.0867 0.9962 -0.0000
vn 0.1406 0.9901 -0.0015
vn 0.1496 0.9887 -0.0040
vn 0.3167 0.9485 -0.0000
vn 0.2838 0.9589 -0.0060
vn 0.2507 0.9681 -0.0000
vn 0.2031 0.9792 -0.0000
vn 0.3627 0.9319 -0.0000
vn 0.4210 0.9071 -0.0046
vn 0.4128 0.9108 -0.0017
vn 0.4696 0.8829 -0.0000
vn 0.5122 0.8588 -0.0000
vn 0.5339 0.8456 -0.0056
vn 0.6627 0.7489 -0.0000
vn 0.6448 0.7643 -0.0054
vn 0.6096 0.7927 -0.0000
vn 0.5701 0.8216 -0.0000
vn 0.6985 0.7156 -0.0000
vn 0.7351 0.6779 -0.0010
vn 0.7436 0.6686 -0.0043
vn 0.8462 0.5329 -0.0000
vn 0.8283 0.5602 -0.0060
vn 0.8075 0.5898 -0.0000
vn 0.7777 0.6286 -0.0000
vn 0.8712 0.4909 -0.0000
vn 0.8998 0.4363 -0.0039
vn 0.8974 0.4412 -0.0022
vn 0.9229 0.3851 -0.0000
vn 0.9406 0.3395 -0.0000
vn 0.9495 0.3139 -0.0057
vn 0.9873 0.1592 -0.0000
vn 0.9835 0.1806 -0.0052
vn 0.9740 0.2267 -0.0000
vn 0.9617 0.2740 -0.0000
vn 0.9938 0.1107 -0.0000
vn 0.9982 0.0602 -0.0005
vn 0.9990 0.0439 -0.0046
vn 0.9923 -0.1242 -0.0000
vn 0.9956 -0.0936 -0.0059
vn 0.9984 -0.0557 -0.0000
vn 1.0000 -0.0068 -0.0000
vn 0.9850 -0.1726 -0.0000
vn 0.9729 -0.2311 -0.0033
vn 0.9733 -0.2294 -0.0027
vn 0.9579 -0.2871 -0.0000
vn 0.9427 -0.3336 -0.0000
vn 0.9326 -0.3608 -0.0058
vn 0.8645 -0.5027 -0.0000
vn 0.8743 -0.4854 -0.0049
vn 0.8970 -0.4420 -0.0000
vn 0.9175 -0.3977 -0.0000
vn 0.8743 -0.4854 0.0049
vn 0.9326 -0.3608 0.0058
vn 0.9729 -0.2311 0.0026
vn 0.9733 -0.2294 0.0032
vn 0.9956 -0.0936 0.0059
vn 0.9982 0.0602 0.0061
vn 0.9990 0.0439 0.0006
vn 0.9835 0.1806 0.0052
vn 0.9495 0.3139 0.0057
vn 0.8998 0.4363 0.0021
vn 0.8974 0.4412 0.0036
vn 0.8283 0.5602 0.0060
vn 0.7351 0.6779 0.0054
vn 0.7436 0.6686 0.0012
vn 0.6448 0.7643 0.0054
vn 0.5339 0.8456 0.0056
vn 0.4210 0.9071 0.0015
vn 0.4128 0.9108 0.0040
vn 0.2838 0.9589 0.0060
vn 0.1406 0.9901 0.0046
vn 0.1496 0.9887 0.0017
vn 0.0125 0.9999 0.0056
vn -0.1249 0.9922 0.0054
vn -0.2476 0.9689 0.0010
vn -0.2599 0.9656 0.0043
vn -0.3899 0.9208 0.0060
vn -0.5173 0.8558 0.0039
vn -0.5126 0.8586 0.0022
vn -0.6256 0.7801 0.0057
vn -0.7267 0.6869 0.0052
vn -0.8046 0.5939 0.0005
vn -0.8141 0.5807 0.0046
vn -0.8861 0.4634 0.0059
vn -0.9420 0.3357 0.0033
vn -0.9413 0.3374 0.0027
vn -0.9787 0.2050 0.0058
vn -0.9976 0.0688 0.0049
vn 0.6690 0.7433 -0.0000
vn 0.8389 -0.5444 -0.0000
vn 0.8790 -0.4769 -0.0000
vn 0.7198 0.6942 -0.0000
vn 0.7252 0.6885 -0.0006
vn 0.8104 0.5859 0.0005
vn 0.8240 0.5666 -0.0010
vn 0.8579 0.5137 -0.0000
vn 0.8921 0.4519 -0.0000
vn 0.9025 0.4307 -0.0014
vn 0.9248 0.3805 -0.0000
vn 0.9493 0.3142 -0.0000
vn 0.9587 0.2843 -0.0016
vn 0.9711 0.2388 -0.0000
vn 0.9855 0.1696 -0.0000
vn 0.9914 0.1308 -0.0016
vn 0.9958 0.0918 -0.0000
vn 0.9998 0.0212 -0.0000
vn 0.9997 -0.0259 -0.0016
vn 0.9984 -0.0573 -0.0000
vn 0.9918 -0.1276 -0.0000
vn 0.9833 -0.1819 -0.0014
vn 0.9788 -0.2050 -0.0000
vn 0.9618 -0.2737 -0.0000
vn 0.9427 -0.3335 -0.0010
vn 0.9346 -0.3556 0.0005
vn 0.8752 -0.4837 -0.0006
vn 0.7198 0.6942 0.0006
vn 0.7252 0.6885 -0.0000
vn 0.8104 0.5859 -0.0005
vn 0.8240 0.5666 0.0010
vn 0.9025 0.4307 0.0014
vn 0.9587 0.2843 0.0016
vn 0.9914 0.1308 0.0016
vn 0.9997 -0.0259 0.0016
vn 0.9833 -0.1819 0.0014
vn 0.9427 -0.3335 0.0010
vn 0.9346 -0.3556 -0.0005
vn 0.8790 -0.4769 0.0006
vn 0.8752 -0.4838 -0.0000
vn -0.6428 -0.0000 -0.7660
vn -0.5495 -0.0000 -0.8355
vn -0.4960 -0.0000 -0.8683
vn -0.4488 -0.0065 -0.8936
vn -0.7453 -0.0422 -0.6654
vn -0.7060 -0.0000 -0.7082
vn -0.7274 -0.0000 -0.6862
vn -0.8021 -0.0000 -0.5972
vn -0.8660 -0.0000 -0.5000
vn -0.9182 -0.0000 -0.3961
vn -0.9580 -0.0000 -0.2868
vn -0.9848 -0.0000 -0.1736
vn -0.9983 -0.0000 -0.0581
vn -0.9983 -0.0000 0.0581
vn -0.9877 -0.0000 0.1566
vn -0.9846 -0.0187 0.1736
vn -0.9769 -0.0000 0.2137
vn -0.9580 -0.0000 0.2868
vn -0.9182 -0.0000 0.3961
vn -0.8660 -0.0000 0.5000
vn -0.7737 -0.0000 0.6336
vn -0.7883 -0.0067 0.6153
vn -0.8019 -0.0214 0.5970
vn -0.8040 -0.0185 0.5944
vn -0.8242 -0.0000 0.5663
vn -0.7052 -0.0470 0.7074
vn -0.7286 -0.0001 0.6850
vn -0.7256 -0.0000 0.6881
vn -0.7334 -0.0013 0.6798
vn -0.7410 -0.0059 0.6715
vn -0.7410 -0.0060 0.6714
vn -0.7581 -0.0001 0.6522
vn -0.7658 -0.0000 0.6430
vn -0.7274 -0.0000 0.6862
vn -0.6428 -0.0000 0.7660
vn -0.5495 -0.0000 0.8355
vn -0.4960 -0.0000 0.8683
vn -0.4488 -0.0065 0.8936
vn -0.4447 -0.0000 0.8957
vn -0.3420 -0.0000 0.9397
vn -0.2306 -0.0000 0.9730
vn -0.1161 -0.0000 0.9932
vn 0.1161 -0.0000 0.9932
vn 0.2306 -0.0000 0.9730
vn 0.3420 -0.0000 0.9397
vn 0.4488 -0.0000 0.8936
vn 0.7274 -0.0000 -0.6862
vn 0.8021 -0.0000 -0.5972
vn 0.8660 -0.0000 -0.5000
vn 0.9182 -0.0000 -0.3961
vn 0.9580 -0.0000 -0.2868
vn 0.9848 -0.0000 -0.1736
vn 0.9983 -0.0000 -0.0581
vn 0.9983 -0.0000 0.0581
vn 0.9848 -0.0000 0.1736
vn 0.9580 -0.0000 0.2868
vn 0.9182 -0.0000 0.3961
vn 0.8660 -0.0000 0.5000
vn 0.8021 -0.0000 0.5972
vn 0.7274 -0.0000 0.6862
vn 0.6648 -0.0000 0.7470
vn 0.6426 -0.0223 0.7659
vn 0.6202 -0.0000 0.7844
vn 0.5495 -0.0000 0.8355
vn 0.5730 -0.0446 0.8183
vn 0.5250 -0.0000 0.8511
vn 0.6426 -0.0223 -0.7659
vn 0.6648 -0.0000 -0.7470
vn 0.5245 -0.0446 -0.8503
vn 0.5736 -0.0000 -0.8192
vn 0.6202 -0.0000 -0.7844
vn 0.5495 -0.0000 -0.8355
vn 0.4488 -0.0000 -0.8936
vn 0.3420 -0.0000 -0.9397
vn 0.2306 -0.0000 -0.9730
vn 0.1161 -0.0000 -0.9932
vn -0.1161 -0.0000 -0.9932
vn -0.2306 -0.0000 -0.9730
vn -0.3420 -0.0000 -0.9397
vn -0.4447 -0.0000 -0.8957
vn 1.0000 -0.0000 -0.0000
vn 0.9974 -0.0714 -0.0000
vn 0.9771 -0.2128 -0.0000
vn 0.9368 -0.3499 -0.0000
vn 0.8774 -0.4798 -0.0000
vn 0.8001 -0.5999 -0.0000
vn 0.7064 -0.7078 -0.0000
vn 0.5984 -0.8012 -0.0000
vn 0.4781 -0.8783 -0.0000
vn 0.3481 -0.9375 -0.0000
vn 0.2110 -0.9775 -0.0000
vn 0.0696 -0.9976 -0.0000
vn -0.0733 -0.9973 -0.0000
vn -0.2146 -0.9767 -0.0000
vn -0.3516 -0.9361 -0.0000
vn -0.4814 -0.8765 -0.0000
vn -0.6014 -0.7990 -0.0000
vn -0.7091 -0.7051 -0.0000
vn -0.8023 -0.5969 -0.0000
vn -0.8792 -0.4765 -0.0000
vn -0.9381 -0.3464 -0.0000
vn -0.9779 -0.2092 -0.0000
vn -0.9977 -0.0677 -0.0000
vn -0.9972 0.0752 -0.0000
vn -0.9763 0.2165 -0.0000
vn -0.9355 0.3534 -0.0000
vn -0.8756 0.4830 -0.0000
vn -0.9962 -0.0872 -0.0000
vn -0.9659 -0.2588 -0.0000
vn -0.9063 -0.4226 -0.0000
vn -0.8192 -0.5736 -0.0000
vn -0.7071 -0.7071 -0.0000
vn -0.5736 -0.8192 -0.0000
vn -0.4226 -0.9063 -0.0000
vn -0.2588 -0.9659 -0.0000
vn -0.0872 -0.9962 -0.0000
vn 0.0872 -0.9962 -0.0000
vn 0.2588 -0.9659 -0.0000
vn 0.4226 -0.9063 -0.0000
vn 0.5736 -0.8192 -0.0000
vn 0.7071 -0.7071 -0.0000
vn 0.8192 -0.5736 -0.0000
vn 0.9063 -0.4226 -0.0000
vn 0.9659 -0.2588 -0.0000
vn 0.9962 -0.0872 -0.0000
vn -0.0872 -0.0000 -0.9962
vn -0.2588 -0.0000 -0.9659
vn -0.4226 -0.0000 -0.9063
vn -0.5736 -0.0000 -0.8192
vn -0.7071 -0.0000 -0.7071
vn -0.8192 -0.0000 -0.5736
vn -0.9063 -0.0000 -0.4226
vn -0.9659 -0.0000 -0.2588
vn -0.9962 -0.0000 -0.0872
vn -0.0872 0.0043 -0.9962
vn -0.2588 0.0127 -0.9658
vn -0.4225 0.0207 -0.9061
vn -0.5734 0.0281 -0.8188
vn -0.7067 0.0346 -0.7067
vn -0.8185 0.0401 -0.5731
vn -0.9054 0.0443 -0.4222
vn -0.9648 0.0472 -0.2585
vn -0.9950 0.0487 -0.0871
vn -0.9893 0.1170 -0.0871
vn -0.9829 0.1453 -0.1132
vn -0.9824 0.1653 -0.0871
vn -0.9687 0.2324 -0.0871
vn -0.9650 0.2408 -0.1034
vn -0.9562 0.2795 -0.0872
vn -0.9384 0.3344 -0.0871
vn -0.9384 0.3345 -0.0870
vn -0.9167 0.3899 -0.0872
vn -0.8996 0.4237 -0.1058
vn -0.8966 0.4343 -0.0871
vn -0.8555 0.5105 -0.0871
vn -0.8608 0.4928 -0.1270
vn -0.8393 0.5366 -0.0871
vn -0.8015 0.5916 -0.0871
vn -0.7705 0.6315 -0.0872
vn -0.7397 0.6668 -0.0909
vn -0.7387 0.6684 -0.0871
vn -0.6910 0.7176 -0.0871
vn -0.6694 0.7341 -0.1138
vn -0.6551 0.7505 -0.0871
vn -0.6019 0.7938 -0.0871
vn -0.5954 0.7971 -0.1007
vn -0.5624 0.8223 -0.0872
vn -0.5153 0.8526 -0.0871
vn -0.4619 0.8827 -0.0871
vn -0.4287 0.8970 -0.1079
vn -0.4182 0.9042 -0.0871
vn -0.3398 0.9365 -0.0871
vn -0.3536 0.9273 -0.1230
vn -0.3090 0.9471 -0.0871
vn -0.2467 0.9652 -0.0871
vn -0.2467 0.9652 -0.0870
vn -0.1957 0.9768 -0.0872
vn -0.1511 0.9840 -0.0945
vn -0.1477 0.9852 -0.0871
vn -0.0796 0.9930 -0.0871
vn -0.0542 0.9920 -0.1141
vn -0.0309 0.9957 -0.0871
vn 0.0377 0.9955 -0.0871
vn 0.0430 0.9943 -0.0978
vn 0.0863 0.9924 -0.0871
vn 0.1401 0.9863 -0.0870
vn 0.1401 0.9863 -0.0871
vn 0.2023 0.9754 -0.0871
vn 0.2352 0.9657 -0.1096
vn 0.2497 0.9644 -0.0871
vn 0.3291 0.9403 -0.0871
vn 0.3144 0.9418 -0.1190
vn 0.3613 0.9284 -0.0871
vn 0.4194 0.9036 -0.0870
vn 0.4194 0.9036 -0.0871
vn 0.4679 0.8795 -0.0872
vn 0.5051 0.8575 -0.0978
vn 0.5103 0.8556 -0.0871
vn 0.5871 0.8049 -0.0871
vn 0.5646 0.8136 -0.1388
vn 0.6073 0.7897 -0.0871
vn 0.6602 0.7461 -0.0871
vn 0.6624 0.7432 -0.0945
vn 0.6958 0.7129 -0.0872
vn 0.7323 0.6754 -0.0871
vn 0.7748 0.6262 -0.0871
vn 0.7929 0.5992 -0.1111
vn 0.8045 0.5876 -0.0871
vn 0.8430 0.5309 -0.0871
vn 0.8479 0.5191 -0.1079
vn 0.8679 0.4890 -0.0871
vn 0.8964 0.4347 -0.0871
vn 0.8964 0.4347 -0.0870
vn 0.9194 0.3837 -0.0872
vn 0.9333 0.3446 -0.1007
vn 0.9370 0.3383 -0.0871
vn 0.9638 0.2521 -0.0870
vn 0.9529 0.2715 -0.1349
vn 0.9703 0.2258 -0.0871
vn 0.9835 0.1586 -0.0871
vn 0.9834 0.1567 -0.0909
vn 0.9901 0.1103 -0.0872
vn 0.9944 0.0600 -0.0871
vn 0.9962 -0.0068 -0.0871
vn 0.9930 -0.0374 -0.1123
vn 0.9947 -0.0555 -0.0871
vn 0.9885 -0.1238 -0.0871
vn 0.9853 -0.1343 -0.1058
vn 0.9812 -0.1719 -0.0872
vn 0.9692 -0.2303 -0.0871
vn 0.9542 -0.2860 -0.0872
vn 0.9406 -0.3233 -0.1034
vn 0.9391 -0.3323 -0.0871
vn 0.9060 -0.4143 -0.0871
vn 0.9096 -0.3942 -0.1309
vn 0.8936 -0.4404 -0.0871
vn 0.8612 -0.5008 -0.0871
vn -0.9556 0.1412 -0.2585
vn -0.9373 0.2339 -0.2585
vn -0.9099 0.3243 -0.2585
vn -0.8739 0.4116 -0.2585
vn -0.8295 0.4950 -0.2585
vn -0.7772 0.5737 -0.2585
vn -0.7175 0.6468 -0.2585
vn -0.6509 0.7138 -0.2585
vn -0.5780 0.7740 -0.2585
vn -0.4997 0.8267 -0.2585
vn -0.4166 0.8716 -0.2585
vn -0.3294 0.9081 -0.2585
vn -0.3295 0.9081 -0.2585
vn -0.2392 0.9359 -0.2585
vn -0.1466 0.9548 -0.2585
vn -0.0527 0.9646 -0.2585
vn 0.0418 0.9651 -0.2585
vn 0.1358 0.9564 -0.2585
vn 0.2286 0.9386 -0.2585
vn 0.3192 0.9118 -0.2585
vn 0.4067 0.8762 -0.2585
vn 0.4903 0.8323 -0.2585
vn 0.5693 0.7805 -0.2585
vn 0.6428 0.7211 -0.2585
vn 0.7101 0.6549 -0.2585
vn 0.7707 0.5824 -0.2585
vn 0.8239 0.5044 -0.2585
vn 0.8692 0.4215 -0.2585
vn 0.9062 0.3346 -0.2585
vn 0.9346 0.2445 -0.2585
vn 0.9540 0.1520 -0.2585
vn 0.9643 0.0581 -0.2585
vn 0.9653 -0.0363 -0.2585
vn 0.9572 -0.1304 -0.2585
vn 0.9398 -0.2233 -0.2585
vn 0.9135 -0.3140 -0.2585
vn 0.8785 -0.4017 -0.2585
vn 0.8351 -0.4856 -0.2585
vn -0.8968 0.1325 -0.4222
vn -0.8795 0.2195 -0.4222
vn -0.8539 0.3043 -0.4222
vn -0.8201 0.3863 -0.4222
vn -0.7784 0.4645 -0.4222
vn -0.7293 0.5383 -0.4222
vn -0.6733 0.6070 -0.4222
vn -0.6108 0.6698 -0.4222
vn -0.5424 0.7263 -0.4222
vn -0.4689 0.7758 -0.4222
vn -0.3909 0.8179 -0.4222
vn -0.3092 0.8522 -0.4222
vn -0.2245 0.8783 -0.4222
vn -0.2244 0.8783 -0.4222
vn -0.1376 0.8960 -0.4222
vn -0.0494 0.9052 -0.4222
vn 0.0392 0.9057 -0.4222
vn 0.1275 0.8975 -0.4222
vn 0.2145 0.8808 -0.4222
vn 0.2995 0.8556 -0.4222
vn 0.3816 0.8223 -0.4222
vn 0.4601 0.7810 -0.4222
vn 0.5342 0.7324 -0.4222
vn 0.6032 0.6767 -0.4222
vn 0.6664 0.6146 -0.4222
vn 0.7232 0.5465 -0.4222
vn 0.7731 0.4733 -0.4222
vn 0.8157 0.3955 -0.4222
vn 0.8504 0.3140 -0.4222
vn 0.8770 0.2294 -0.4222
vn 0.8952 0.1427 -0.4222
vn 0.9049 0.0546 -0.4222
vn 0.9059 -0.0341 -0.4222
vn 0.8982 -0.1224 -0.4222
vn 0.8820 -0.2095 -0.4222
vn 0.8573 -0.2947 -0.4222
vn 0.8244 -0.3770 -0.4222
vn 0.7836 -0.4557 -0.4222
vn -0.8107 0.1198 -0.5731
vn -0.7951 0.1984 -0.5731
vn -0.7719 0.2751 -0.5731
vn -0.7414 0.3492 -0.5731
vn -0.7037 0.4199 -0.5731
vn -0.6593 0.4866 -0.5731
vn -0.6086 0.5487 -0.5731
vn -0.6087 0.5487 -0.5731
vn -0.5521 0.6055 -0.5731
vn -0.4904 0.6566 -0.5731
vn -0.4239 0.7013 -0.5731
vn -0.3534 0.7394 -0.5731
vn -0.2795 0.7703 -0.5731
vn -0.2029 0.7940 -0.5731
vn -0.1244 0.8100 -0.5731
vn -0.0447 0.8183 -0.5731
vn 0.0354 0.8187 -0.5731
vn 0.1152 0.8113 -0.5731
vn 0.1939 0.7962 -0.5731
vn 0.2708 0.7735 -0.5731
vn 0.3450 0.7433 -0.5731
vn 0.4159 0.7061 -0.5731
vn 0.4829 0.6621 -0.5731
vn 0.5453 0.6117 -0.5731
vn 0.6024 0.5556 -0.5731
vn 0.6538 0.4941 -0.5731
vn 0.6989 0.4279 -0.5731
vn 0.7374 0.3576 -0.5731
vn 0.7687 0.2838 -0.5731
vn 0.7688 0.2838 -0.5731
vn 0.7928 0.2074 -0.5731
vn 0.8093 0.1290 -0.5731
vn 0.8180 0.0493 -0.5731
vn 0.8189 -0.0308 -0.5731
vn 0.8120 -0.1106 -0.5731
vn 0.7973 -0.1894 -0.5731
vn 0.7750 -0.2664 -0.5731
vn 0.7453 -0.3408 -0.5731
vn 0.7084 -0.4119 -0.5731
vn -0.6999 0.1034 -0.7067
vn -0.6865 0.1713 -0.7067
vn -0.6665 0.2375 -0.7067
vn -0.6401 0.3015 -0.7067
vn -0.6076 0.3626 -0.7067
vn -0.5693 0.4202 -0.7067
vn -0.5255 0.4738 -0.7067
vn -0.4767 0.5228 -0.7067
vn -0.4234 0.5669 -0.7067
vn -0.3660 0.6055 -0.7067
vn -0.3051 0.6384 -0.7067
vn -0.2413 0.6651 -0.7067
vn -0.1752 0.6855 -0.7067
vn -0.1074 0.6993 -0.7067
vn -0.0386 0.7065 -0.7067
vn 0.0306 0.7069 -0.7067
vn 0.0995 0.7005 -0.7067
vn 0.1674 0.6874 -0.7067
vn 0.2338 0.6678 -0.7067
vn 0.2979 0.6418 -0.7067
vn 0.3591 0.6096 -0.7067
vn 0.4169 0.5716 -0.7067
vn 0.4708 0.5282 -0.7067
vn 0.5201 0.4797 -0.7067
vn 0.5645 0.4266 -0.7067
vn 0.6034 0.3694 -0.7067
vn 0.6366 0.3087 -0.7067
vn 0.6637 0.2451 -0.7067
vn 0.6845 0.1791 -0.7067
vn 0.6987 0.1114 -0.7067
vn 0.7062 0.0426 -0.7067
vn 0.7070 -0.0266 -0.7067
vn 0.7011 -0.0955 -0.7067
vn 0.6884 -0.1635 -0.7067
vn 0.6691 -0.2300 -0.7067
vn 0.6434 -0.2942 -0.7067
vn 0.6116 -0.3557 -0.7067
vn -0.5679 0.0839 -0.8188
vn -0.5570 0.1390 -0.8188
vn -0.5407 0.1927 -0.8188
vn -0.5193 0.2446 -0.8188
vn -0.4929 0.2942 -0.8188
vn -0.4619 0.3409 -0.8188
vn -0.4264 0.3844 -0.8188
vn -0.3868 0.4242 -0.8188
vn -0.3435 0.4599 -0.8188
vn -0.2969 0.4913 -0.8188
vn -0.2475 0.5179 -0.8188
vn -0.1958 0.5396 -0.8188
vn -0.1421 0.5562 -0.8188
vn -0.0871 0.5674 -0.8188
vn -0.0313 0.5732 -0.8188
vn 0.0248 0.5735 -0.8188
vn 0.0807 0.5683 -0.8188
vn 0.1358 0.5577 -0.8188
vn 0.1897 0.5418 -0.8188
vn 0.2417 0.5207 -0.8188
vn 0.2914 0.4946 -0.8188
vn 0.3383 0.4638 -0.8188
vn 0.3820 0.4285 -0.8188
vn 0.4220 0.3892 -0.8188
vn 0.4580 0.3461 -0.8188
vn 0.4896 0.2997 -0.8188
vn 0.5165 0.2505 -0.8188
vn 0.5385 0.1988 -0.8188
vn 0.5553 0.1453 -0.8188
vn 0.5669 0.0903 -0.8188
vn 0.5730 0.0345 -0.8188
vn 0.5736 -0.0216 -0.8188
vn 0.5688 -0.0775 -0.8188
vn 0.5585 -0.1327 -0.8188
vn 0.5429 -0.1866 -0.8188
vn 0.5220 -0.2387 -0.8188
vn 0.4962 -0.2886 -0.8188
vn -0.4185 0.0619 -0.9061
vn -0.4185 0.0618 -0.9061
vn -0.4104 0.1024 -0.9061
vn -0.3985 0.1420 -0.9061
vn -0.3827 0.1803 -0.9061
vn -0.3633 0.2168 -0.9061
vn -0.3404 0.2512 -0.9061
vn -0.3142 0.2833 -0.9061
vn -0.2850 0.3126 -0.9061
vn -0.2531 0.3389 -0.9061
vn -0.2188 0.3620 -0.9061
vn -0.1824 0.3817 -0.9061
vn -0.1443 0.3977 -0.9061
vn -0.1047 0.4099 -0.9061
vn -0.0642 0.4181 -0.9061
vn -0.0231 0.4224 -0.9061
vn 0.0183 0.4226 -0.9061
vn 0.0595 0.4188 -0.9061
vn 0.1001 0.4110 -0.9061
vn 0.1398 0.3993 -0.9061
vn 0.1781 0.3837 -0.9061
vn 0.2147 0.3645 -0.9061
vn 0.2493 0.3418 -0.9061
vn 0.2815 0.3158 -0.9061
vn 0.3110 0.2868 -0.9061
vn 0.3375 0.2551 -0.9061
vn 0.3608 0.2209 -0.9061
vn 0.3806 0.1846 -0.9061
vn 0.3968 0.1465 -0.9061
vn 0.4093 0.1071 -0.9061
vn 0.4178 0.0666 -0.9061
vn 0.4223 0.0255 -0.9061
vn 0.4227 -0.0159 -0.9061
vn 0.4192 -0.0571 -0.9061
vn 0.4116 -0.0978 -0.9061
vn 0.4001 -0.1375 -0.9061
vn 0.3847 -0.1759 -0.9061
vn 0.3657 -0.2127 -0.9061
vn -0.2563 0.0379 -0.9658
vn -0.2514 0.0627 -0.9658
vn -0.2441 0.0870 -0.9658
vn -0.2344 0.1104 -0.9658
vn -0.2225 0.1328 -0.9658
vn -0.2085 0.1539 -0.9658
vn -0.1924 0.1735 -0.9658
vn -0.1746 0.1915 -0.9658
vn -0.1550 0.2076 -0.9658
vn -0.1551 0.2076 -0.9658
vn -0.1340 0.2217 -0.9658
vn -0.1340 0.2218 -0.9658
vn -0.1117 0.2338 -0.9658
vn -0.0884 0.2436 -0.9658
vn -0.0642 0.2510 -0.9658
vn -0.0393 0.2561 -0.9658
vn -0.0141 0.2587 -0.9658
vn 0.0112 0.2589 -0.9658
vn 0.0364 0.2565 -0.9658
vn 0.0613 0.2517 -0.9658
vn 0.0613 0.2518 -0.9658
vn 0.0856 0.2446 -0.9658
vn 0.1091 0.2350 -0.9658
vn 0.1315 0.2232 -0.9658
vn 0.1527 0.2093 -0.9658
vn 0.1724 0.1934 -0.9658
vn 0.1905 0.1757 -0.9658
vn 0.2067 0.1562 -0.9658
vn 0.2210 0.1353 -0.9658
vn 0.2331 0.1131 -0.9658
vn 0.2431 0.0897 -0.9658
vn 0.2507 0.0656 -0.9658
vn 0.2559 0.0408 -0.9658
vn 0.2586 0.0156 -0.9658
vn 0.2589 -0.0097 -0.9658
vn 0.2567 -0.0350 -0.9658
vn 0.2521 -0.0599 -0.9658
vn 0.2450 -0.0842 -0.9658
vn 0.2356 -0.1078 -0.9658
vn 0.2240 -0.1303 -0.9658
vn -0.0863 0.0128 -0.9962
vn -0.0847 0.0211 -0.9962
vn -0.0822 0.0293 -0.9962
vn -0.0789 0.0372 -0.9962
vn -0.0749 0.0447 -0.9962
vn -0.0702 0.0518 -0.9962
vn -0.0648 0.0584 -0.9962
vn -0.0588 0.0645 -0.9962
vn -0.0522 0.0699 -0.9962
vn -0.0451 0.0747 -0.9962
vn -0.0376 0.0787 -0.9962
vn -0.0298 0.0820 -0.9962
vn -0.0216 0.0845 -0.9962
vn -0.0132 0.0862 -0.9962
vn -0.0132 0.0863 -0.9962
vn -0.0048 0.0871 -0.9962
vn 0.0038 0.0872 -0.9962
vn 0.0123 0.0864 -0.9962
vn 0.0206 0.0848 -0.9962
vn 0.0288 0.0824 -0.9962
vn 0.0367 0.0792 -0.9962
vn 0.0443 0.0752 -0.9962
vn 0.0514 0.0705 -0.9962
vn 0.0581 0.0651 -0.9962
vn 0.0641 0.0592 -0.9962
vn 0.0696 0.0526 -0.9962
vn 0.0744 0.0456 -0.9962
vn 0.0785 0.0381 -0.9962
vn 0.0819 0.0302 -0.9962
vn 0.0844 0.0221 -0.9962
vn 0.0862 0.0137 -0.9962
vn 0.0871 0.0053 -0.9962
vn 0.0872 -0.0033 -0.9962
vn 0.0865 -0.0118 -0.9962
vn 0.0849 -0.0202 -0.9962
vn 0.0825 -0.0284 -0.9962
vn 0.0794 -0.0363 -0.9962
vn 0.0754 -0.0439 -0.9962
vn 0.8357 -0.5423 -0.0872
vn 0.8103 -0.5258 -0.2588
vn 0.7603 -0.4934 -0.4226
vn 0.6872 -0.4459 -0.5736
vn 0.6871 -0.4459 -0.5736
vn 0.5932 -0.3849 -0.7071
vn 0.4811 -0.3122 -0.8192
vn 0.3545 -0.2301 -0.9063
vn 0.2171 -0.1409 -0.9659
vn 0.0731 -0.0474 -0.9962
vn 0.9750 -0.2043 -0.0870
vn 0.9946 -0.0571 -0.0871
vn 0.8547 0.5118 -0.0871
vn 0.0823 0.0294 -0.9962
vn 0.2443 0.0873 -0.9658
vn 0.3988 0.1425 -0.9059
vn 0.5410 0.1933 -0.8185
vn 0.6667 0.2383 -0.7062
vn 0.7720 0.2759 -0.5726
vn 0.8538 0.3051 -0.4217
vn 0.0773 0.0407 -0.9962
vn 0.2296 0.1208 -0.9658
vn 0.2296 0.1209 -0.9658
vn 0.3747 0.1973 -0.9059
vn 0.5084 0.2676 -0.8185
vn 0.6265 0.3298 -0.7062
vn 0.7254 0.3819 -0.5726
vn 0.8023 0.4224 -0.4218
vn 0.8549 0.4500 -0.2582
vn 0.9097 0.3251 -0.2582
vn 0.0629 0.0607 -0.9962
vn 0.1867 0.1801 -0.9658
vn 0.3048 0.2940 -0.9059
vn 0.4135 0.3988 -0.8185
vn 0.5096 0.4915 -0.7062
vn 0.5901 0.5691 -0.5726
vn 0.6526 0.6294 -0.4218
vn 0.6526 0.6294 -0.4217
vn 0.6954 0.6706 -0.2582
vn 0.6954 0.6707 -0.2582
vn 0.7171 0.6916 -0.0869
vn 0.0708 0.0512 -0.9962
vn 0.2102 0.1520 -0.9658
vn 0.3432 0.2481 -0.9059
vn 0.4656 0.3366 -0.8185
vn 0.5738 0.4148 -0.7062
vn 0.6644 0.4803 -0.5726
vn 0.7348 0.5312 -0.4218
vn 0.7829 0.5660 -0.2582
vn 0.8073 0.5836 -0.0869
vn 0.8815 0.4641 -0.0869
vn 0.8895 0.4506 -0.0763
vn 0.9920 0.0914 -0.0871
vn 0.9760 0.1997 -0.0869
vn 0.9465 0.1937 -0.2582
vn 0.8883 0.1818 -0.4217
vn 0.8883 0.1818 -0.4218
vn 0.8032 0.1644 -0.5726
vn 0.6936 0.1419 -0.7062
vn 0.5629 0.1152 -0.8185
vn 0.4149 0.0849 -0.9059
vn 0.2542 0.0520 -0.9658
vn 0.0856 0.0175 -0.9962
vn 0.9834 0.1693 -0.0656
vn 0.9674 0.2379 -0.0871
vn 0.9381 0.3352 -0.0869
vn 0.9469 0.3135 -0.0710
vn 0.9213 0.3791 -0.0871
vn 0.9960 0.0212 -0.0871
vn 0.9953 0.0603 -0.0752
vn 0.9643 0.0584 -0.2582
vn 0.9051 0.0548 -0.4218
vn 0.9051 0.0548 -0.4217
vn 0.8183 0.0496 -0.5726
vn 0.7067 0.0428 -0.7062
vn 0.5735 0.0347 -0.8185
vn 0.4227 0.0256 -0.9059
vn 0.2590 0.0157 -0.9658
vn 0.2589 0.0157 -0.9658
vn 0.0872 0.0053 -0.9962
vn 0.9880 -0.1271 -0.0871
vn 0.9938 -0.0805 -0.0764
vn 0.9629 -0.0780 -0.2582
vn 0.9038 -0.0732 -0.4217
vn 0.9037 -0.0732 -0.4218
vn 0.8171 -0.0662 -0.5726
vn 0.7057 -0.0572 -0.7062
vn 0.5727 -0.0464 -0.8185
vn 0.4221 -0.0342 -0.9059
vn 0.2586 -0.0210 -0.9658
vn 0.0871 -0.0071 -0.9962
vn 0.9582 -0.2726 -0.0871
vn 0.9724 -0.2197 -0.0787
vn 0.9423 -0.2129 -0.2582
vn 0.8844 -0.1998 -0.4218
vn 0.8844 -0.1998 -0.4217
vn 0.7997 -0.1807 -0.5726
vn 0.6906 -0.1560 -0.7062
vn 0.5604 -0.1266 -0.8185
vn 0.4131 -0.0933 -0.9059
vn 0.2530 -0.0572 -0.9658
vn 0.0852 -0.0193 -0.9962
vn 0.0817 -0.0311 -0.9962
vn 0.2425 -0.0923 -0.9658
vn 0.3958 -0.1506 -0.9059
vn 0.5370 -0.2043 -0.8185
vn 0.6617 -0.2518 -0.7062
vn 0.7662 -0.2916 -0.5726
vn 0.7662 -0.2915 -0.5726
vn 0.8474 -0.3224 -0.4218
vn 0.8474 -0.3224 -0.4217
vn 0.9029 -0.3436 -0.2582
vn 0.9311 -0.3543 -0.0869
vn 0.0765 -0.0423 -0.9962
vn 0.2270 -0.1255 -0.9658
vn 0.2271 -0.1255 -0.9658
vn 0.3706 -0.2049 -0.9059
vn 0.5028 -0.2779 -0.8185
vn 0.6196 -0.3425 -0.7062
vn 0.7175 -0.3966 -0.5726
vn 0.7936 -0.4386 -0.4217
vn 0.7936 -0.4386 -0.4218
vn 0.8455 -0.4674 -0.2582
vn 0.8455 -0.4673 -0.2582
vn 0.8719 -0.4819 -0.0869
vn 0.0089 0.0098 -0.9999
vn 0.1184 0.1315 -0.9842
vn 0.1142 0.1270 -0.9853
vn 0.0573 0.0657 -0.9962
vn 0.0722 0.1103 -0.9913
vn 0.0392 0.0482 -0.9981
vn 0.2264 0.2516 -0.9410
vn 0.2097 0.2338 -0.9494
vn 0.1669 0.1980 -0.9659
vn 0.1694 0.2039 -0.9642
vn 0.1395 0.1558 -0.9779
vn 0.3205 0.3561 -0.8777
vn 0.2965 0.3361 -0.8939
vn 0.2754 0.3207 -0.9063
vn 0.2709 0.3110 -0.9110
vn 0.2437 0.2707 -0.9313
vn 0.4258 0.4730 -0.7713
vn 0.3992 0.4465 -0.8008
vn 0.3764 0.4329 -0.8191
vn 0.3598 0.4019 -0.8420
vn 0.3383 0.3760 -0.8627
vn 0.4461 0.4957 -0.7451
vn 0.4666 0.5313 -0.7071
vn 0.4643 0.5302 -0.7094
vn 0.5742 0.6380 -0.5131
vn 0.5454 0.6128 -0.5718
vn 0.5441 0.6123 -0.5736
vn 0.5193 0.5771 -0.6303
vn 0.4961 0.5513 -0.6708
vn 0.5915 0.6573 -0.4670
vn 0.6008 0.6786 -0.4226
vn 0.6165 0.6850 -0.3881
vn 0.6340 0.7045 -0.3189
vn 0.6421 0.7216 -0.2588
vn 0.6502 0.7224 -0.2352
vn 0.6601 0.7335 -0.1618
vn 0.6643 0.7424 -0.0872
vn 0.6671 0.7412 -0.0753
vn 0.0754 -0.0439 0.9962
vn 0.2240 -0.1303 0.9658
vn 0.3657 -0.2127 0.9061
vn 0.6116 -0.3557 0.7067
vn 0.7836 -0.4557 0.4222
vn 0.8612 -0.5008 0.0870
vn 0.8612 -0.5008 0.0871
vn 0.8936 -0.4404 0.0871
vn 0.9036 -0.4132 0.1132
vn 0.9140 -0.3961 0.0871
vn 0.9391 -0.3323 0.0871
vn 0.9406 -0.3233 0.1034
vn 0.9542 -0.2860 0.0872
vn 0.9692 -0.2303 0.0870
vn 0.9692 -0.2303 0.0871
vn 0.9812 -0.1719 0.0872
vn 0.9853 -0.1343 0.1058
vn 0.9885 -0.1238 0.0871
vn 0.9955 -0.0374 0.0871
vn 0.9904 -0.0552 0.1270
vn 0.9962 -0.0068 0.0871
vn 0.9944 0.0600 0.0871
vn 0.9901 0.1103 0.0872
vn 0.9834 0.1567 0.0909
vn 0.9835 0.1586 0.0871
vn 0.9703 0.2258 0.0871
vn 0.9612 0.2514 0.1138
vn 0.9581 0.2730 0.0871
vn 0.9370 0.3383 0.0871
vn 0.9333 0.3446 0.1007
vn 0.9194 0.3837 0.0872
vn 0.8964 0.4347 0.0871
vn 0.8679 0.4890 0.0871
vn 0.8479 0.5191 0.1079
vn 0.8430 0.5309 0.0871
vn 0.7948 0.6006 0.0871
vn 0.8014 0.5853 0.1230
vn 0.7748 0.6262 0.0871
vn 0.7323 0.6754 0.0871
vn 0.7323 0.6754 0.0870
vn 0.6958 0.7129 0.0872
vn 0.6624 0.7432 0.0945
vn 0.6602 0.7461 0.0871
vn 0.6073 0.7897 0.0871
vn 0.5854 0.8026 0.1141
vn 0.5679 0.8184 0.0871
vn 0.5103 0.8556 0.0871
vn 0.5051 0.8575 0.0978
vn 0.4679 0.8795 0.0872
vn 0.4194 0.9036 0.0871
vn 0.4194 0.9036 0.0870
vn 0.3613 0.9284 0.0871
vn 0.3284 0.9382 0.1096
vn 0.3155 0.9449 0.0871
vn 0.2357 0.9679 0.0871
vn 0.2489 0.9612 0.1190
vn 0.2023 0.9754 0.0871
vn 0.1401 0.9863 0.0871
vn 0.1401 0.9863 0.0870
vn 0.0863 0.9924 0.0871
vn 0.0430 0.9943 0.0978
vn 0.0377 0.9955 0.0871
vn -0.0543 0.9947 0.0871
vn -0.0307 0.9898 0.1388
vn -0.0796 0.9930 0.0871
vn -0.1477 0.9852 0.0871
vn -0.1511 0.9840 0.0945
vn -0.1957 0.9768 0.0872
vn -0.2467 0.9652 0.0870
vn -0.2467 0.9652 0.0871
vn -0.3090 0.9471 0.0871
vn -0.3389 0.9342 0.1111
vn -0.3550 0.9308 0.0871
vn -0.4182 0.9042 0.0871
vn -0.4287 0.8970 0.1079
vn -0.4619 0.8827 0.0871
vn -0.5153 0.8526 0.0871
vn -0.5624 0.8223 0.0872
vn -0.5954 0.7971 0.1007
vn -0.6019 0.7938 0.0871
vn -0.6712 0.7361 0.0871
vn -0.6516 0.7465 0.1349
vn -0.6910 0.7176 0.0871
vn -0.7387 0.6684 0.0871
vn -0.7397 0.6668 0.0909
vn -0.7705 0.6315 0.0872
vn -0.8015 0.5916 0.0871
vn -0.8393 0.5366 0.0871
vn -0.8533 0.5092 0.1123
vn -0.8646 0.4949 0.0871
vn -0.8966 0.4343 0.0871
vn -0.8996 0.4237 0.1058
vn -0.9167 0.3899 0.0872
vn -0.9384 0.3344 0.0870
vn -0.9384 0.3344 0.0871
vn -0.9562 0.2795 0.0872
vn -0.9650 0.2408 0.1034
vn -0.9687 0.2324 0.0871
vn -0.9855 0.1457 0.0871
vn -0.9777 0.1645 0.1309
vn -0.9893 0.1170 0.0871
vn -0.9958 0.0487 0.0775
vn -0.9948 0.0525 0.0871
vn -0.9853 0.0482 0.1640
vn -0.9694 0.0475 0.2409
vn -0.9645 0.0537 0.2586
vn -0.9556 0.1412 0.2585
vn -0.9373 0.2339 0.2585
vn -0.9099 0.3243 0.2585
vn -0.8739 0.4116 0.2585
vn -0.8295 0.4950 0.2585
vn -0.7772 0.5737 0.2585
vn -0.7175 0.6468 0.2585
vn -0.6509 0.7138 0.2585
vn -0.5780 0.7740 0.2585
vn -0.5781 0.7740 0.2585
vn -0.4997 0.8267 0.2585
vn -0.4166 0.8716 0.2585
vn -0.3294 0.9081 0.2585
vn -0.3295 0.9081 0.2585
vn -0.2392 0.9359 0.2585
vn -0.1466 0.9548 0.2585
vn -0.0527 0.9646 0.2585
vn 0.0418 0.9651 0.2585
vn 0.1358 0.9564 0.2585
vn 0.2286 0.9386 0.2585
vn 0.3192 0.9118 0.2585
vn 0.4067 0.8762 0.2585
vn 0.4903 0.8323 0.2585
vn 0.5693 0.7805 0.2585
vn 0.6428 0.7211 0.2585
vn 0.7101 0.6549 0.2585
vn 0.7707 0.5824 0.2585
vn 0.8239 0.5044 0.2585
vn 0.8692 0.4215 0.2585
vn 0.9062 0.3346 0.2585
vn 0.9346 0.2445 0.2585
vn 0.9540 0.1520 0.2585
vn 0.9643 0.0581 0.2585
vn 0.9653 -0.0363 0.2585
vn 0.9572 -0.1304 0.2585
vn 0.9398 -0.2233 0.2585
vn 0.9135 -0.3140 0.2585
vn 0.8785 -0.4017 0.2585
vn 0.8351 -0.4856 0.2585
vn 0.8244 -0.3770 0.4222
vn 0.8573 -0.2947 0.4222
vn 0.8820 -0.2095 0.4222
vn 0.8982 -0.1224 0.4222
vn 0.9059 -0.0341 0.4222
vn 0.9049 0.0546 0.4222
vn 0.8952 0.1427 0.4222
vn 0.8770 0.2294 0.4222
vn 0.8504 0.3140 0.4222
vn 0.8157 0.3955 0.4222
vn 0.7731 0.4733 0.4222
vn 0.7232 0.5465 0.4222
vn 0.6664 0.6146 0.4222
vn 0.6032 0.6767 0.4222
vn 0.5342 0.7324 0.4222
vn 0.4601 0.7810 0.4222
vn 0.4601 0.7811 0.4222
vn 0.3816 0.8223 0.4222
vn 0.2995 0.8556 0.4222
vn 0.2145 0.8808 0.4222
vn 0.1275 0.8975 0.4222
vn 0.0392 0.9057 0.4222
vn -0.0494 0.9052 0.4222
vn -0.1376 0.8960 0.4222
vn -0.2244 0.8783 0.4222
vn -0.2245 0.8783 0.4222
vn -0.3092 0.8522 0.4222
vn -0.3909 0.8179 0.4222
vn -0.4689 0.7758 0.4222
vn -0.5424 0.7263 0.4222
vn -0.6108 0.6698 0.4222
vn -0.6733 0.6070 0.4222
vn -0.7293 0.5383 0.4222
vn -0.7784 0.4645 0.4222
vn -0.8201 0.3863 0.4222
vn -0.8539 0.3043 0.4222
vn -0.8795 0.2195 0.4222
vn -0.8968 0.1325 0.4222
vn -0.9448 0.0462 0.3245
vn -0.9164 0.0449 0.3977
vn -0.9049 0.0528 0.4224
vn -0.8783 0.0430 0.4761
vn -0.8383 0.0410 0.5437
vn -0.8178 0.0499 0.5733
vn -0.8107 0.1198 0.5731
vn -0.7951 0.1984 0.5731
vn -0.7719 0.2751 0.5731
vn -0.7414 0.3492 0.5731
vn -0.7037 0.4199 0.5731
vn -0.6593 0.4866 0.5731
vn -0.6086 0.5487 0.5731
vn -0.5521 0.6055 0.5731
vn -0.4904 0.6566 0.5731
vn -0.4239 0.7013 0.5731
vn -0.3534 0.7394 0.5731
vn -0.2795 0.7703 0.5731
vn -0.2029 0.7940 0.5731
vn -0.1244 0.8100 0.5731
vn -0.0447 0.8183 0.5731
vn 0.0354 0.8187 0.5731
vn 0.1152 0.8113 0.5731
vn 0.1939 0.7962 0.5731
vn 0.2708 0.7735 0.5731
vn 0.3450 0.7433 0.5731
vn 0.4159 0.7061 0.5731
vn 0.4829 0.6621 0.5731
vn 0.5453 0.6117 0.5731
vn 0.6024 0.5556 0.5731
vn 0.6538 0.4941 0.5731
vn 0.6989 0.4279 0.5731
vn 0.7374 0.3576 0.5731
vn 0.7688 0.2838 0.5731
vn 0.7928 0.2074 0.5731
vn 0.8093 0.1290 0.5731
vn 0.8180 0.0493 0.5731
vn 0.8189 -0.0308 0.5731
vn 0.8120 -0.1106 0.5731
vn 0.7973 -0.1894 0.5731
vn 0.7750 -0.2664 0.5731
vn 0.7453 -0.3408 0.5731
vn 0.7084 -0.4119 0.5731
vn 0.6434 -0.2942 0.7067
vn 0.6691 -0.2300 0.7067
vn 0.6884 -0.1635 0.7067
vn 0.7011 -0.0955 0.7067
vn 0.7070 -0.0266 0.7067
vn 0.7062 0.0426 0.7067
vn 0.6987 0.1114 0.7067
vn 0.6845 0.1791 0.7067
vn 0.6637 0.2451 0.7067
vn 0.6366 0.3087 0.7067
vn 0.6034 0.3694 0.7067
vn 0.5645 0.4266 0.7067
vn 0.5201 0.4797 0.7067
vn 0.4708 0.5282 0.7067
vn 0.4170 0.5716 0.7067
vn 0.4169 0.5716 0.7067
vn 0.3591 0.6096 0.7067
vn 0.2979 0.6418 0.7067
vn 0.2338 0.6678 0.7067
vn 0.1674 0.6874 0.7067
vn 0.0995 0.7005 0.7067
vn 0.0306 0.7069 0.7067
vn -0.0386 0.7065 0.7067
vn -0.1074 0.6993 0.7067
vn -0.1752 0.6855 0.7067
vn -0.2413 0.6651 0.7067
vn -0.3051 0.6384 0.7067
vn -0.3660 0.6055 0.7067
vn -0.4234 0.5669 0.7067
vn -0.4767 0.5228 0.7067
vn -0.5255 0.4738 0.7067
vn -0.5693 0.4202 0.7067
vn -0.6076 0.3626 0.7067
vn -0.6401 0.3015 0.7067
vn -0.6665 0.2375 0.7067
vn -0.6865 0.1713 0.7067
vn -0.6999 0.1034 0.7067
vn -0.7878 0.0386 0.6148
vn -0.7371 0.0361 0.6748
vn -0.7059 0.0451 0.7069
vn -0.6756 0.0331 0.7366
vn -0.6157 0.0301 0.7874
vn -0.5725 0.0384 0.8190
vn -0.5679 0.0839 0.8188
vn -0.5570 0.1390 0.8188
vn -0.5407 0.1927 0.8188
vn -0.5193 0.2446 0.8188
vn -0.4929 0.2942 0.8188
vn -0.4619 0.3409 0.8188
vn -0.4264 0.3844 0.8188
vn -0.3868 0.4242 0.8188
vn -0.3435 0.4599 0.8188
vn -0.2969 0.4913 0.8188
vn -0.2475 0.5179 0.8188
vn -0.1958 0.5396 0.8188
vn -0.1421 0.5562 0.8188
vn -0.0871 0.5674 0.8188
vn -0.0313 0.5732 0.8188
vn 0.0248 0.5735 0.8188
vn 0.0807 0.5683 0.8188
vn 0.1358 0.5577 0.8188
vn 0.1897 0.5418 0.8188
vn 0.2417 0.5207 0.8188
vn 0.2914 0.4946 0.8188
vn 0.3383 0.4638 0.8188
vn 0.3820 0.4285 0.8188
vn 0.4220 0.3892 0.8188
vn 0.4580 0.3461 0.8188
vn 0.4896 0.2997 0.8188
vn 0.5165 0.2505 0.8188
vn 0.5385 0.1988 0.8188
vn 0.5553 0.1453 0.8188
vn 0.5554 0.1453 0.8188
vn 0.5669 0.0903 0.8188
vn 0.5730 0.0345 0.8188
vn 0.5736 -0.0216 0.8188
vn 0.5688 -0.0775 0.8188
vn 0.5585 -0.1327 0.8188
vn 0.5429 -0.1866 0.8188
vn 0.5220 -0.2387 0.8188
vn 0.4962 -0.2886 0.8188
vn 0.3847 -0.1759 0.9061
vn 0.4001 -0.1375 0.9061
vn 0.4116 -0.0978 0.9061
vn 0.4192 -0.0571 0.9061
vn 0.4227 -0.0159 0.9061
vn 0.4223 0.0255 0.9061
vn 0.4178 0.0666 0.9061
vn 0.4093 0.1071 0.9061
vn 0.3968 0.1465 0.9061
vn 0.3806 0.1846 0.9061
vn 0.3608 0.2209 0.9061
vn 0.3375 0.2551 0.9061
vn 0.3110 0.2868 0.9061
vn 0.2815 0.3158 0.9061
vn 0.2493 0.3418 0.9061
vn 0.2147 0.3645 0.9061
vn 0.1781 0.3837 0.9061
vn 0.1398 0.3993 0.9061
vn 0.1001 0.4110 0.9061
vn 0.0595 0.4188 0.9061
vn 0.0183 0.4226 0.9061
vn -0.0231 0.4224 0.9061
vn -0.0642 0.4181 0.9061
vn -0.1047 0.4099 0.9061
vn -0.1443 0.3977 0.9061
vn -0.1824 0.3817 0.9061
vn -0.2188 0.3620 0.9061
vn -0.2531 0.3389 0.9061
vn -0.2850 0.3126 0.9061
vn -0.3142 0.2833 0.9061
vn -0.3404 0.2512 0.9061
vn -0.3633 0.2168 0.9061
vn -0.3827 0.1803 0.9061
vn -0.3985 0.1420 0.9061
vn -0.4104 0.1024 0.9061
vn -0.4185 0.0618 0.9061
vn -0.5448 0.0267 0.8382
vn -0.4773 0.0234 0.8784
vn -0.4217 0.0301 0.9063
vn -0.3989 0.0195 0.9168
vn -0.3257 0.0159 0.9453
vn 0.2356 -0.1078 0.9658
vn 0.2450 -0.0842 0.9658
vn 0.2521 -0.0599 0.9658
vn 0.2567 -0.0350 0.9658
vn 0.2589 -0.0097 0.9658
vn 0.2586 0.0156 0.9658
vn 0.2559 0.0408 0.9658
vn 0.2507 0.0656 0.9658
vn 0.2431 0.0897 0.9658
vn 0.2331 0.1131 0.9658
vn 0.2210 0.1353 0.9658
vn 0.2067 0.1562 0.9658
vn 0.1905 0.1757 0.9658
vn 0.1724 0.1934 0.9658
vn 0.1527 0.2093 0.9658
vn 0.1315 0.2232 0.9658
vn 0.1091 0.2350 0.9658
vn 0.0856 0.2446 0.9658
vn 0.0613 0.2518 0.9658
vn 0.0613 0.2517 0.9658
vn 0.0364 0.2565 0.9658
vn 0.0112 0.2589 0.9658
vn -0.0141 0.2587 0.9658
vn -0.0393 0.2561 0.9658
vn -0.0642 0.2510 0.9658
vn -0.0884 0.2436 0.9658
vn -0.1117 0.2338 0.9658
vn -0.1340 0.2217 0.9658
vn -0.1340 0.2218 0.9658
vn -0.1550 0.2076 0.9658
vn -0.1746 0.1915 0.9658
vn -0.1924 0.1735 0.9658
vn -0.2085 0.1539 0.9658
vn -0.2225 0.1328 0.9658
vn -0.2344 0.1104 0.9658
vn -0.2441 0.0870 0.9658
vn -0.2514 0.0627 0.9658
vn -0.2563 0.0379 0.9658
vn -0.2581 0.0201 0.9659
vn -0.2421 0.0119 0.9702
vn 0.0794 -0.0363 0.9962
vn 0.0825 -0.0284 0.9962
vn 0.0849 -0.0202 0.9962
vn 0.0865 -0.0118 0.9962
vn 0.0872 -0.0033 0.9962
vn 0.0871 0.0053 0.9962
vn 0.0862 0.0137 0.9962
vn 0.0844 0.0221 0.9962
vn 0.0819 0.0302 0.9962
vn 0.0785 0.0381 0.9962
vn 0.0744 0.0456 0.9962
vn 0.0696 0.0526 0.9962
vn 0.0641 0.0592 0.9962
vn 0.0581 0.0651 0.9962
vn 0.0514 0.0705 0.9962
vn 0.0443 0.0752 0.9962
vn 0.0367 0.0792 0.9962
vn 0.0288 0.0824 0.9962
vn 0.0206 0.0848 0.9962
vn 0.0123 0.0864 0.9962
vn 0.0038 0.0872 0.9962
vn -0.0048 0.0871 0.9962
vn -0.0132 0.0862 0.9962
vn -0.0216 0.0845 0.9962
vn -0.0298 0.0820 0.9962
vn -0.0376 0.0787 0.9962
vn -0.0451 0.0747 0.9962
vn -0.0522 0.0699 0.9962
vn -0.0588 0.0645 0.9962
vn -0.0648 0.0584 0.9962
vn -0.0702 0.0518 0.9962
vn -0.0749 0.0447 0.9962
vn -0.0789 0.0372 0.9962
vn -0.0822 0.0293 0.9962
vn -0.0847 0.0211 0.9962
vn -0.0863 0.0128 0.9962
vn -0.0872 0.0043 0.9962
vn 0.0731 -0.0474 0.9962
vn 0.2171 -0.1409 0.9659
vn 0.3545 -0.2301 0.9063
vn 0.4811 -0.3122 0.8192
vn 0.5932 -0.3849 0.7071
vn 0.6871 -0.4459 0.5736
vn 0.7603 -0.4934 0.4226
vn 0.8103 -0.5258 0.2588
vn 0.8357 -0.5423 0.0872
vn 0.8887 0.4502 0.0870
vn 0.9457 0.3131 0.0871
vn 0.9582 -0.2726 0.0871
vn 0.0871 -0.0071 0.9962
vn 0.2586 -0.0210 0.9658
vn 0.4221 -0.0342 0.9059
vn 0.5727 -0.0464 0.8185
vn 0.7057 -0.0572 0.7062
vn 0.8171 -0.0662 0.5726
vn 0.9038 -0.0732 0.4217
vn 0.0852 -0.0193 0.9962
vn 0.2530 -0.0572 0.9658
vn 0.4131 -0.0933 0.9059
vn 0.5604 -0.1266 0.8185
vn 0.6906 -0.1560 0.7062
vn 0.7997 -0.1807 0.5726
vn 0.8844 -0.1998 0.4218
vn 0.8844 -0.1998 0.4217
vn 0.9423 -0.2129 0.2582
vn 0.9629 -0.0780 0.2582
vn 0.0765 -0.0423 0.9962
vn 0.2271 -0.1255 0.9658
vn 0.3706 -0.2049 0.9059
vn 0.5028 -0.2779 0.8185
vn 0.6196 -0.3425 0.7062
vn 0.7175 -0.3966 0.5726
vn 0.7936 -0.4386 0.4218
vn 0.7936 -0.4386 0.4217
vn 0.8455 -0.4674 0.2582
vn 0.8455 -0.4673 0.2582
vn 0.8719 -0.4819 0.0869
vn 0.0817 -0.0311 0.9962
vn 0.2425 -0.0923 0.9658
vn 0.3958 -0.1506 0.9059
vn 0.5370 -0.2043 0.8185
vn 0.6617 -0.2518 0.7062
vn 0.7662 -0.2915 0.5726
vn 0.8474 -0.3224 0.4217
vn 0.8474 -0.3224 0.4218
vn 0.9029 -0.3436 0.2582
vn 0.9311 -0.3543 0.0869
vn 0.9037 -0.0732 0.4218
vn 0.9717 -0.2196 0.0869
vn 0.9759 -0.2044 0.0763
vn 0.9818 0.1690 0.0871
vn 0.9944 0.0602 0.0869
vn 0.9643 0.0584 0.2582
vn 0.9051 0.0548 0.4218
vn 0.8183 0.0496 0.5726
vn 0.7067 0.0428 0.7062
vn 0.5735 0.0347 0.8185
vn 0.4227 0.0256 0.9059
vn 0.2589 0.0157 0.9658
vn 0.0872 0.0053 0.9962
vn 0.9936 0.0916 0.0656
vn 0.9960 0.0212 0.0871
vn 0.9930 -0.0805 0.0869
vn 0.9958 -0.0571 0.0710
vn 0.9880 -0.1271 0.0871
vn 0.9674 0.2379 0.0871
vn 0.9769 0.1999 0.0752
vn 0.9465 0.1937 0.2582
vn 0.8883 0.1818 0.4218
vn 0.8883 0.1818 0.4217
vn 0.8032 0.1644 0.5726
vn 0.6936 0.1419 0.7062
vn 0.6936 0.1420 0.7062
vn 0.5629 0.1152 0.8185
vn 0.4149 0.0849 0.9059
vn 0.2542 0.0520 0.9658
vn 0.0856 0.0175 0.9962
vn 0.9213 0.3791 0.0871
vn 0.9389 0.3355 0.0764
vn 0.9097 0.3251 0.2582
vn 0.8538 0.3051 0.4218
vn 0.8538 0.3051 0.4217
vn 0.7720 0.2759 0.5726
vn 0.6667 0.2383 0.7062
vn 0.5410 0.1933 0.8185
vn 0.3988 0.1425 0.9059
vn 0.2443 0.0873 0.9658
vn 0.0823 0.0294 0.9962
vn 0.8547 0.5118 0.0871
vn 0.8821 0.4644 0.0787
vn 0.8549 0.4500 0.2582
vn 0.8023 0.4224 0.4218
vn 0.7254 0.3819 0.5726
vn 0.6265 0.3298 0.7062
vn 0.5084 0.2676 0.8185
vn 0.3747 0.1973 0.9059
vn 0.2296 0.1208 0.9658
vn 0.2296 0.1209 0.9658
vn 0.0773 0.0407 0.9962
vn 0.0708 0.0512 0.9962
vn 0.2102 0.1520 0.9658
vn 0.3432 0.2481 0.9059
vn 0.4656 0.3366 0.8185
vn 0.5738 0.4148 0.7062
vn 0.6644 0.4803 0.5726
vn 0.7348 0.5312 0.4217
vn 0.7348 0.5312 0.4218
vn 0.7829 0.5660 0.2582
vn 0.8073 0.5836 0.0869
vn 0.0629 0.0607 0.9962
vn 0.1867 0.1801 0.9658
vn 0.3048 0.2940 0.9059
vn 0.4135 0.3988 0.8185
vn 0.4136 0.3988 0.8185
vn 0.5096 0.4915 0.7062
vn 0.5901 0.5691 0.5726
vn 0.6526 0.6294 0.4217
vn 0.6954 0.6707 0.2582
vn 0.7171 0.6916 0.0869
vn 0.6461 0.7180 0.2588
vn 0.6219 0.7180 0.3125
vn 0.6502 0.7224 0.2352
vn 0.6664 0.7405 0.0872
vn 0.6466 0.7472 0.1539
vn 0.6671 0.7412 0.0753
vn 0.5025 0.5973 0.6251
vn 0.5480 0.6089 0.5736
vn 0.4961 0.5513 0.6708
vn 0.5454 0.6128 0.5718
vn 0.5742 0.6380 0.5131
vn 0.6063 0.6737 0.4226
vn 0.5811 0.6697 0.4623
vn 0.6165 0.6850 0.3881
vn 0.3472 0.4151 0.8409
vn 0.3816 0.4282 0.8192
vn 0.3383 0.3760 0.8627
vn 0.3205 0.3561 0.8777
vn 0.3992 0.4465 0.8008
vn 0.4258 0.4730 0.7713
vn 0.4730 0.5256 0.7071
vn 0.4313 0.5129 0.7423
vn 0.4643 0.5302 0.7094
vn 0.2264 0.2516 0.9410
vn 0.2437 0.2707 0.9313
vn 0.2767 0.3195 0.9063
vn 0.2671 0.3145 0.9109
vn 0.2965 0.3361 0.8939
vn 0.1184 0.1315 0.9842
vn 0.1395 0.1558 0.9779
vn 0.1661 0.1987 0.9659
vn 0.1718 0.2021 0.9642
vn 0.2097 0.2338 0.9494
vn 0.0089 0.0098 0.9999
vn 0.0392 0.0482 0.9981
vn 0.0513 0.0711 0.9962
vn 0.0887 0.0994 0.9911
vn 0.1142 0.1270 0.9853
vn -0.6690 -0.7433 -0.0000
vn -0.8389 0.5444 -0.0000
vn -0.8790 0.4769 -0.0000
vn -0.9427 0.3335 -0.0000
vn -0.9833 0.1819 -0.0000
vn -0.9997 0.0259 -0.0000
vn -0.9914 -0.1308 -0.0000
vn -0.9587 -0.2843 -0.0000
vn -0.9025 -0.4307 -0.0000
vn -0.8240 -0.5666 -0.0000
vn -0.7252 -0.6885 -0.0000
vn 0.7288 0.6847 -0.0000
vn 0.8328 0.5535 -0.0000
vn 0.9135 0.4068 -0.0000
vn 0.9686 0.2488 -0.0000
vn 0.9965 0.0837 -0.0000
vn 0.5349 -0.0032 0.8449
vn 0.5343 -0.0041 0.8453
vn 0.5343 -0.0045 0.8453
vn 0.5343 -0.0044 0.8453
vn 0.5343 -0.0038 0.8453
vn 0.5341 -0.0030 0.8454
vn 0.5342 -0.0024 0.8454
vn 0.5338 -0.0011 0.8456
vn 0.5334 -0.0001 0.8459
vn 0.5529 -0.0076 0.8332
vn 0.5493 -0.0037 0.8356
vn 0.5461 -0.0012 0.8377
vn 0.5420 0.0002 0.8404
vn 0.5387 -0.0002 0.8425
vn 0.5365 -0.0014 0.8439
vn 0.5355 -0.0025 0.8446
vn 0.5332 -0.0000 0.8460
vn 0.5409 -0.0040 0.8411
vn 0.5488 0.0001 0.8359
vn 0.5602 -0.0000 0.8284
vn 0.6140 -0.0594 0.7871
vn 0.6147 -0.0161 0.7886
vn 0.5963 -0.0016 0.8027
vn 0.5866 0.0005 0.8099
vn 0.5713 -0.0021 0.8207
vn 0.5745 -0.0047 0.8185
vn 0.5670 -0.0015 0.8237
vn 0.5679 -0.0027 -0.8231
vn 0.5866 0.0005 -0.8099
vn 0.6008 -0.0025 -0.7994
vn 0.5922 -0.0105 -0.8058
vn 0.6293 0.0133 -0.7771
vn 0.5562 -0.0000 -0.8311
vn 0.5600 -0.0013 -0.8285
vn 0.5657 -0.0071 -0.8246
vn 0.5706 -0.0175 -0.8211
vn 0.5462 -0.0021 -0.8376
vn 0.5493 -0.0007 -0.8356
vn 0.5535 0.0004 -0.8329
vn 0.5399 -0.0057 -0.8417
vn 0.5399 -0.0042 -0.8417
vn 0.5451 -0.0310 -0.8378
vn 0.5396 -0.0004 -0.8419
vn 0.5398 -0.0019 -0.8418
vn 0.5398 -0.0067 -0.8418
vn 0.5395 -0.0084 -0.8419
vn 0.5393 -0.0095 -0.8421
vn 0.5391 -0.0101 -0.8422
vn 0.5390 -0.0103 -0.8422
vn 0.5392 -0.0102 -0.8421
vn 0.5396 -0.0092 -0.8419
vn 0.5407 -0.0076 -0.8412
vn 0.5428 -0.0049 -0.8399
vn 0.4913 -0.0000 -0.8710
vn 0.4956 0.0017 -0.8685
vn 0.4211 -0.0020 -0.9070
vn 0.4344 0.0039 -0.9007
vn 0.3481 -0.0044 -0.9374
vn 0.3389 -0.0087 -0.9408
vn 0.2920 -0.0000 -0.9564
vn 0.2540 -0.0000 -0.9672
vn 0.2059 -0.0087 -0.9785
vn 0.1963 -0.0044 -0.9805
vn 0.1183 0.0026 -0.9930
vn 0.0691 -0.0105 -0.9976
vn 0.0395 -0.0000 -0.9992
vn 0.2540 -0.0007 -0.9672
vn 0.0395 -0.0076 -0.9992
vn 0.1182 -0.0085 -0.9929
vn 0.1963 -0.0092 -0.9805
vn 0.2917 0.0486 -0.9553
vn 0.3481 -0.0094 -0.9374
vn 0.4211 -0.0082 -0.9070
vn 0.4913 -0.0058 -0.8710
vn 0.0562 0.0248 -0.9981
vn 0.0566 0.0377 -0.9977
vn 0.0983 0.0500 -0.9939
vn 0.1036 0.0895 -0.9906
vn 0.1387 0.0965 -0.9856
vn 0.1415 0.1079 -0.9840
vn 0.1505 0.1312 -0.9799
vn 0.1476 0.1110 -0.9828
vn 0.1565 0.1434 -0.9772
vn 0.1804 0.1477 -0.9724
vn 0.1949 0.1841 -0.9634
vn 0.2122 0.1857 -0.9594
vn 0.2295 0.2173 -0.9487
vn 0.2388 0.2189 -0.9461
vn 0.2483 0.2327 -0.9403
vn 0.2656 0.2501 -0.9311
vn 0.2654 0.2515 -0.9308
vn 0.2970 0.2867 -0.9108
vn 0.2931 0.2872 -0.9119
vn 0.3218 0.3114 -0.8941
vn 0.3152 0.3101 -0.8969
vn 0.3444 0.3320 -0.8782
vn 0.3390 0.3329 -0.8799
vn 0.3589 0.3547 -0.8634
vn 0.3888 0.3707 -0.8435
vn 0.3609 0.3811 -0.8512
vn 0.4338 0.4069 -0.8039
vn 0.4537 0.4401 -0.7749
vn 0.4537 0.4406 -0.7746
vn 0.3905 0.4292 -0.8144
vn 0.4599 0.4794 -0.7475
vn 0.5048 0.4802 -0.7174
vn 0.4579 0.4987 -0.7360
vn 0.5398 0.4952 -0.6808
vn 0.4949 0.5250 -0.6924
vn 0.5435 0.5464 -0.6372
vn 0.6058 0.5319 -0.5917
vn 0.5063 0.6150 -0.6045
vn 0.5953 0.5883 -0.5473
vn 0.5966 0.6095 -0.5222
vn 0.6111 0.6326 -0.4757
vn 0.6415 0.6184 -0.4540
vn 0.6312 0.6672 -0.3955
vn 0.6675 0.6639 -0.3370
vn 0.6755 0.6589 -0.3312
vn 0.6622 0.7092 -0.2421
vn 0.7090 0.6787 -0.1913
vn 0.7692 0.6233 -0.1411
vn 0.6074 0.7829 -0.1343
vn 0.1323 0.0228 -0.9909
vn 0.1325 0.0301 -0.9907
vn 0.1680 0.0445 -0.9848
vn 0.1720 0.0749 -0.9822
vn 0.2021 0.0837 -0.9758
vn 0.2046 0.0937 -0.9743
vn 0.2140 0.1116 -0.9704
vn 0.2166 0.1213 -0.9687
vn 0.2375 0.1268 -0.9631
vn 0.2492 0.1563 -0.9558
vn 0.2646 0.1588 -0.9512
vn 0.2788 0.1849 -0.9424
vn 0.2872 0.1868 -0.9395
vn 0.3055 0.2138 -0.9279
vn 0.3095 0.2138 -0.9266
vn 0.3369 0.2444 -0.9093
vn 0.3338 0.2447 -0.9103
vn 0.3585 0.2656 -0.8949
vn 0.3528 0.2641 -0.8976
vn 0.3822 0.2862 -0.8787
vn 0.3677 0.2899 -0.8836
vn 0.4170 0.3165 -0.8521
vn 0.3932 0.3251 -0.8601
vn 0.4566 0.3477 -0.8189
vn 0.4200 0.3669 -0.8301
vn 0.4980 0.3805 -0.7793
vn 0.4507 0.4093 -0.7933
vn 0.5213 0.4113 -0.7477
vn 0.4804 0.4277 -0.7657
vn 0.5637 0.4239 -0.7089
vn 0.4943 0.4811 -0.7241
vn 0.6125 0.4581 -0.6442
vn 0.5316 0.5320 -0.6591
vn 0.6548 0.4909 -0.5746
vn 0.5682 0.5738 -0.5897
vn 0.7056 0.5100 -0.4919
vn 0.5968 0.6309 -0.4958
vn 0.7501 0.5375 -0.3853
vn 0.6331 0.6718 -0.3844
vn 0.7857 0.5559 -0.2714
vn 0.6618 0.7007 -0.2664
vn 0.2077 0.0204 -0.9780
vn 0.2078 0.0225 -0.9779
vn 0.2367 0.0385 -0.9708
vn 0.2396 0.0600 -0.9690
vn 0.2647 0.0703 -0.9618
vn 0.2661 0.0760 -0.9609
vn 0.2743 0.0930 -0.9571
vn 0.2759 0.0988 -0.9561
vn 0.2937 0.1053 -0.9501
vn 0.3027 0.1280 -0.9445
vn 0.3159 0.1312 -0.9397
vn 0.3271 0.1517 -0.9327
vn 0.3346 0.1541 -0.9297
vn 0.3494 0.1758 -0.9204
vn 0.3531 0.1760 -0.9189
vn 0.3756 0.2012 -0.9047
vn 0.3734 0.2014 -0.9056
vn 0.3940 0.2187 -0.8927
vn 0.3892 0.2173 -0.8952
vn 0.4139 0.2359 -0.8792
vn 0.4020 0.2386 -0.8840
vn 0.4435 0.2610 -0.8574
vn 0.4238 0.2678 -0.8653
vn 0.4775 0.2869 -0.8305
vn 0.4473 0.3027 -0.8416
vn 0.5133 0.3142 -0.7986
vn 0.4746 0.3384 -0.8126
vn 0.5347 0.3400 -0.7736
vn 0.4999 0.3538 -0.7905
vn 0.5708 0.3508 -0.7424
vn 0.5153 0.3994 -0.7582
vn 0.6147 0.3801 -0.6912
vn 0.5509 0.4434 -0.7070
vn 0.6543 0.4089 -0.6362
vn 0.5864 0.4803 -0.6523
vn 0.7014 0.4272 -0.5705
vn 0.6192 0.5316 -0.5779
vn 0.7470 0.4539 -0.4857
vn 0.6600 0.5706 -0.4887
vn 0.7872 0.4741 -0.3944
vn 0.6962 0.6006 -0.3932
vn 0.2818 0.0175 -0.9593
vn 0.2818 0.0152 -0.9594
vn 0.3043 0.0318 -0.9520
vn 0.3061 0.0450 -0.9509
vn 0.3260 0.0564 -0.9437
vn 0.3264 0.0580 -0.9435
vn 0.3335 0.0737 -0.9399
vn 0.3341 0.0760 -0.9395
vn 0.3487 0.0832 -0.9335
vn 0.3550 0.0992 -0.9296
vn 0.3661 0.1032 -0.9248
vn 0.3743 0.1181 -0.9198
vn 0.3808 0.1208 -0.9167
vn 0.3920 0.1372 -0.9097
vn 0.3955 0.1377 -0.9081
vn 0.4131 0.1573 -0.8970
vn 0.4117 0.1573 -0.8976
vn 0.4280 0.1711 -0.8874
vn 0.4242 0.1698 -0.8895
vn 0.4441 0.1847 -0.8767
vn 0.4348 0.1864 -0.8810
vn 0.4684 0.2045 -0.8596
vn 0.4528 0.2094 -0.8667
vn 0.4963 0.2249 -0.8385
vn 0.4726 0.2370 -0.8488
vn 0.5261 0.2463 -0.8140
vn 0.4958 0.2653 -0.8269
vn 0.5448 0.2666 -0.7950
vn 0.5164 0.2776 -0.8101
vn 0.5743 0.2753 -0.7710
vn 0.5320 0.3143 -0.7862
vn 0.6121 0.2988 -0.7321
vn 0.5640 0.3501 -0.7479
vn 0.6474 0.3223 -0.6907
vn 0.5965 0.3804 -0.7067
vn 0.6891 0.3380 -0.6410
vn 0.6301 0.4234 -0.6509
vn 0.7325 0.3612 -0.5770
vn 0.6710 0.4573 -0.5836
vn 0.7732 0.3800 -0.5078
vn 0.7098 0.4849 -0.5108
vn 0.3543 0.0137 -0.9350
vn 0.3541 0.0083 -0.9352
vn 0.3703 0.0243 -0.9286
vn 0.3711 0.0302 -0.9281
vn 0.3859 0.0417 -0.9216
vn 0.3854 0.0400 -0.9219
vn 0.3912 0.0539 -0.9187
vn 0.3909 0.0530 -0.9189
vn 0.4022 0.0606 -0.9135
vn 0.4060 0.0701 -0.9112
vn 0.4150 0.0746 -0.9068
vn 0.4201 0.0840 -0.9036
vn 0.4257 0.0870 -0.9006
vn 0.4333 0.0981 -0.8959
vn 0.4366 0.0990 -0.8942
vn 0.4491 0.1129 -0.8863
vn 0.4487 0.1128 -0.8865
vn 0.4605 0.1228 -0.8791
vn 0.4580 0.1218 -0.8806
vn 0.4727 0.1328 -0.8712
vn 0.4662 0.1336 -0.8745
vn 0.4913 0.1471 -0.8585
vn 0.4800 0.1501 -0.8643
vn 0.5129 0.1618 -0.8431
vn 0.4957 0.1701 -0.8517
vn 0.5362 0.1772 -0.8253
vn 0.5142 0.1907 -0.8362
vn 0.5517 0.1916 -0.8118
vn 0.5299 0.1996 -0.8243
vn 0.5742 0.1979 -0.7944
vn 0.5443 0.2266 -0.8077
vn 0.6047 0.2149 -0.7669
vn 0.5711 0.2530 -0.7809
vn 0.6341 0.2320 -0.7377
vn 0.5985 0.2756 -0.7522
vn 0.6685 0.2438 -0.7027
vn 0.6294 0.3081 -0.7134
vn 0.7064 0.2613 -0.6578
vn 0.6664 0.3344 -0.6664
vn 0.7435 0.2761 -0.6091
vn 0.7028 0.3567 -0.6155
vn 0.4247 0.0084 -0.9053
vn 0.4245 0.0023 -0.9054
vn 0.4342 0.0154 -0.9007
vn 0.4343 0.0159 -0.9006
vn 0.4438 0.0259 -0.8958
vn 0.4428 0.0221 -0.8963
vn 0.4470 0.0333 -0.8939
vn 0.4462 0.0302 -0.8944
vn 0.4540 0.0372 -0.8902
vn 0.4556 0.0410 -0.8892
vn 0.4622 0.0455 -0.8856
vn 0.4645 0.0498 -0.8842
vn 0.4691 0.0529 -0.8815
vn 0.4731 0.0587 -0.8791
vn 0.4763 0.0599 -0.8773
vn 0.4835 0.0679 -0.8727
vn 0.4843 0.0681 -0.8722
vn 0.4912 0.0739 -0.8679
vn 0.4904 0.0735 -0.8684
vn 0.4994 0.0803 -0.8626
vn 0.4962 0.0804 -0.8645
vn 0.5121 0.0891 -0.8543
vn 0.5057 0.0903 -0.8580
vn 0.5270 0.0979 -0.8442
vn 0.5168 0.1024 -0.8500
vn 0.5434 0.1070 -0.8326
vn 0.5300 0.1149 -0.8402
vn 0.5548 0.1155 -0.8240
vn 0.5406 0.1203 -0.8327
vn 0.5703 0.1192 -0.8128
vn 0.5522 0.1368 -0.8224
vn 0.5924 0.1291 -0.7952
vn 0.5722 0.1531 -0.8057
vn 0.6142 0.1391 -0.7768
vn 0.5927 0.1672 -0.7879
vn 0.6396 0.1458 -0.7547
vn 0.6172 0.1876 -0.7641
vn 0.6690 0.1562 -0.7267
vn 0.6463 0.2044 -0.7352
vn 0.6983 0.1651 -0.6965
vn 0.6756 0.2189 -0.7040
vn 0.4925 0.0008 -0.8703
vn 0.4924 -0.0024 -0.8704
vn 0.4957 0.0038 -0.8685
vn 0.4955 0.0025 -0.8686
vn 0.4993 0.0080 -0.8664
vn 0.4987 0.0049 -0.8668
vn 0.5006 0.0107 -0.8656
vn 0.4998 0.0079 -0.8661
vn 0.5037 0.0125 -0.8638
vn 0.5035 0.0120 -0.8639
vn 0.5075 0.0156 -0.8615
vn 0.5074 0.0154 -0.8616
vn 0.5107 0.0184 -0.8595
vn 0.5112 0.0189 -0.8593
vn 0.5145 0.0207 -0.8573
vn 0.5161 0.0226 -0.8562
vn 0.5187 0.0234 -0.8547
vn 0.5201 0.0247 -0.8538
vn 0.5215 0.0254 -0.8529
vn 0.5240 0.0273 -0.8513
vn 0.5249 0.0273 -0.8507
vn 0.5306 0.0304 -0.8471
vn 0.5301 0.0305 -0.8474
vn 0.5385 0.0335 -0.8420
vn 0.5362 0.0343 -0.8434
vn 0.5474 0.0363 -0.8361
vn 0.5435 0.0384 -0.8386
vn 0.5539 0.0386 -0.8317
vn 0.5490 0.0401 -0.8349
vn 0.5624 0.0397 -0.8259
vn 0.5561 0.0458 -0.8299
vn 0.5751 0.0421 -0.8170
vn 0.5675 0.0514 -0.8218
vn 0.5878 0.0447 -0.8077
vn 0.5793 0.0563 -0.8132
vn 0.6028 0.0457 -0.7966
vn 0.5941 0.0639 -0.8018
vn 0.6205 0.0479 -0.7828
vn 0.6115 0.0700 -0.7881
vn 0.6383 0.0498 -0.7681
vn 0.6293 0.0754 -0.7735
vn 0.6725 0.1163 -0.7309
vn 0.6574 0.0499 -0.7519
vn 0.7185 0.1804 -0.6718
vn 0.7287 0.2346 -0.6435
vn 0.7095 0.1676 -0.6845
vn 0.7934 0.3563 -0.4936
vn 0.7885 0.3347 -0.5160
vn 0.7753 0.3266 -0.5406
vn 0.7907 0.4964 -0.3582
vn 0.7952 0.4623 -0.3923
vn 0.7882 0.4386 -0.4317
vn 0.7954 0.4081 -0.4481
vn 0.7953 0.3719 -0.4788
vn 0.7714 0.5828 -0.2556
vn 0.7803 0.5412 -0.3135
vn 0.7756 0.5505 -0.3089
vn 0.7885 0.5069 -0.3482
vn 0.7593 0.6138 -0.2159
vn 0.7451 0.6378 -0.1952
vn 0.7398 0.6550 -0.1540
vn 0.7208 0.6847 -0.1081
vn 0.6965 0.7143 -0.0676
vn 0.6930 0.7194 -0.0465
vn 0.6992 0.7115 -0.0700
vn 0.6972 0.7137 -0.0670
vn 0.7457 0.6331 -0.2078
vn 0.7412 0.6412 -0.1988
vn 0.7719 0.5373 -0.3398
vn 0.7669 0.5529 -0.3258
vn 0.7771 0.4269 -0.4624
vn 0.7737 0.4512 -0.4447
vn 0.7613 0.3048 -0.5723
vn 0.7614 0.3386 -0.5529
vn 0.7477 0.2611 -0.6106
vn 0.7828 0.1833 -0.5946
vn 0.0395 -0.0000 0.9992
vn 0.0691 -0.0105 0.9976
vn 0.1183 0.0026 0.9930
vn 0.1963 -0.0044 0.9805
vn 0.2059 -0.0087 0.9785
vn 0.2540 -0.0000 0.9672
vn 0.2920 -0.0000 0.9564
vn 0.3389 -0.0087 0.9408
vn 0.3481 -0.0044 0.9374
vn 0.4211 0.0026 0.9070
vn 0.4653 -0.0105 0.8851
vn 0.4913 -0.0000 0.8710
vn 0.7338 0.6170 0.2843
vn 0.6837 0.5959 0.4213
vn 0.6183 0.5799 0.5306
vn 0.5398 0.4952 0.6808
vn 0.4534 0.4406 0.7748
vn 0.3444 0.3320 0.8782
vn 0.2483 0.2327 0.9403
vn 0.1415 0.1079 0.9840
vn 0.4913 0.0009 0.8710
vn 0.4923 -0.0060 0.8704
vn 0.4211 0.0093 0.9070
vn 0.4240 -0.0093 0.9056
vn 0.3481 0.0157 0.9373
vn 0.3534 -0.0115 0.9354
vn 0.2920 0.0134 0.9563
vn 0.2824 0.0362 0.9586
vn 0.0548 -0.0163 0.9984
vn 0.0395 0.0338 0.9986
vn 0.1310 -0.0154 0.9913
vn 0.1182 0.0299 0.9925
vn 0.2065 -0.0144 0.9783
vn 0.1962 0.0257 0.9802
vn 0.2540 -0.0007 0.9672
vn 0.0935 0.0152 0.9955
vn 0.0577 0.0733 0.9956
vn 0.1634 0.0120 0.9865
vn 0.1335 0.0633 0.9890
vn 0.2326 0.0087 0.9725
vn 0.2086 0.0529 0.9766
vn 0.3006 0.0053 0.9537
vn 0.2825 0.0420 0.9583
vn 0.3672 0.0021 0.9301
vn 0.3548 0.0305 0.9345
vn 0.4320 -0.0009 0.9019
vn 0.4250 0.0182 0.9050
vn 0.4947 -0.0031 0.8690
vn 0.4926 0.0042 0.8703
vn 0.1321 0.0705 0.9887
vn 0.1071 0.1167 0.9874
vn 0.1959 0.0592 0.9788
vn 0.1753 0.1004 0.9794
vn 0.2588 0.0476 0.9647
vn 0.2426 0.0836 0.9665
vn 0.3208 0.0359 0.9465
vn 0.3088 0.0662 0.9488
vn 0.3814 0.0241 0.9241
vn 0.3734 0.0482 0.9264
vn 0.4404 0.0125 0.8977
vn 0.4360 0.0293 0.8995
vn 0.4977 0.0015 0.8674
vn 0.4964 0.0089 0.8680
vn 0.1476 0.1110 0.9828
vn 0.1505 0.1311 0.9799
vn 0.2083 0.0911 0.9738
vn 0.2098 0.1144 0.9710
vn 0.2691 0.0739 0.9603
vn 0.2709 0.0952 0.9579
vn 0.3287 0.0563 0.9427
vn 0.3307 0.0756 0.9407
vn 0.3871 0.0389 0.9212
vn 0.3892 0.0551 0.9195
vn 0.4438 0.0215 0.8959
vn 0.4457 0.0339 0.8945
vn 0.4989 0.0045 0.8666
vn 0.5002 0.0112 0.8658
vn 0.1736 0.1307 0.9761
vn 0.1613 0.1614 0.9736
vn 0.2310 0.1107 0.9666
vn 0.2213 0.1384 0.9653
vn 0.2876 0.0901 0.9535
vn 0.2802 0.1149 0.9530
vn 0.3431 0.0694 0.9367
vn 0.3380 0.0907 0.9368
vn 0.3973 0.0484 0.9164
vn 0.3944 0.0659 0.9166
vn 0.4501 0.0274 0.8926
vn 0.4490 0.0404 0.8926
vn 0.5014 0.0068 0.8652
vn 0.5014 0.0137 0.8651
vn 0.2063 0.1750 0.9627
vn 0.1994 0.1956 0.9602
vn 0.2589 0.1485 0.9544
vn 0.2536 0.1674 0.9527
vn 0.3105 0.1215 0.9428
vn 0.3068 0.1385 0.9416
vn 0.3611 0.0941 0.9278
vn 0.3589 0.1090 0.9270
vn 0.4105 0.0664 0.9095
vn 0.4095 0.0790 0.9089
vn 0.4584 0.0386 0.8879
vn 0.4585 0.0484 0.8874
vn 0.5049 0.0109 0.8631
vn 0.5055 0.0170 0.8627
vn 0.2347 0.2129 0.9485
vn 0.2330 0.2238 0.9464
vn 0.2832 0.1810 0.9418
vn 0.2822 0.1911 0.9401
vn 0.3307 0.1485 0.9320
vn 0.3304 0.1578 0.9306
vn 0.3771 0.1154 0.9189
vn 0.3774 0.1239 0.9177
vn 0.4223 0.0820 0.9027
vn 0.4231 0.0895 0.9017
vn 0.4660 0.0483 0.8835
vn 0.4672 0.0547 0.8824
vn 0.5082 0.0146 0.8611
vn 0.5095 0.0195 0.8602
vn 0.2654 0.2515 0.9308
vn 0.2656 0.2501 0.9311
vn 0.3077 0.2118 0.9276
vn 0.3071 0.2160 0.9268
vn 0.3512 0.1740 0.9200
vn 0.3509 0.1781 0.9193
vn 0.3936 0.1356 0.9092
vn 0.3936 0.1396 0.9086
vn 0.4346 0.0967 0.8954
vn 0.4350 0.1007 0.8948
vn 0.4741 0.0575 0.8786
vn 0.4749 0.0614 0.8779
vn 0.5120 0.0180 0.8588
vn 0.5134 0.0220 0.8579
vn 0.2948 0.2887 0.9109
vn 0.2954 0.2850 0.9119
vn 0.3353 0.2459 0.9095
vn 0.3355 0.2429 0.9102
vn 0.3746 0.2023 0.9049
vn 0.3746 0.2001 0.9054
vn 0.4125 0.1580 0.8972
vn 0.4124 0.1565 0.8975
vn 0.4490 0.1130 0.8864
vn 0.4489 0.1126 0.8865
vn 0.4837 0.0676 0.8726
vn 0.4840 0.0685 0.8724
vn 0.5167 0.0218 0.8559
vn 0.5179 0.0245 0.8551
vn 0.3198 0.3135 0.8941
vn 0.3175 0.3078 0.8969
vn 0.3569 0.2672 0.8951
vn 0.3546 0.2622 0.8975
vn 0.3928 0.2201 0.8929
vn 0.3905 0.2158 0.8950
vn 0.4272 0.1720 0.8876
vn 0.4252 0.1687 0.8893
vn 0.4601 0.1233 0.8793
vn 0.4585 0.1211 0.8804
vn 0.4911 0.0741 0.8680
vn 0.4905 0.0733 0.8684
vn 0.5202 0.0243 0.8537
vn 0.5214 0.0258 0.8529
vn 0.3588 0.3547 0.8634
vn 0.3390 0.3329 0.8799
vn 0.3752 0.2940 0.8791
vn 0.3754 0.2811 0.8832
vn 0.4087 0.2422 0.8800
vn 0.4078 0.2314 0.8833
vn 0.4405 0.1895 0.8775
vn 0.4389 0.1808 0.8802
vn 0.4705 0.1359 0.8718
vn 0.4687 0.1298 0.8738
vn 0.4986 0.0817 0.8630
vn 0.4971 0.0786 0.8641
vn 0.5242 0.0269 0.8512
vn 0.5248 0.0278 0.8508
vn 0.3746 0.3861 0.8429
vn 0.3762 0.3640 0.8520
vn 0.4058 0.3297 0.8524
vn 0.4053 0.3102 0.8599
vn 0.4352 0.2719 0.8583
vn 0.4329 0.2553 0.8645
vn 0.4626 0.2129 0.8606
vn 0.4591 0.1995 0.8657
vn 0.4879 0.1529 0.8594
vn 0.4839 0.1431 0.8634
vn 0.5106 0.0921 0.8549
vn 0.5074 0.0865 0.8574
vn 0.5305 0.0306 0.8471
vn 0.5302 0.0302 0.8474
vn 0.4111 0.4332 0.8021
vn 0.4148 0.4004 0.8171
vn 0.4390 0.3704 0.8186
vn 0.4389 0.3415 0.8311
vn 0.4645 0.3058 0.8311
vn 0.4614 0.2812 0.8415
vn 0.4874 0.2396 0.8397
vn 0.4821 0.2198 0.8481
vn 0.5076 0.1722 0.8442
vn 0.5013 0.1577 0.8508
vn 0.5246 0.1037 0.8450
vn 0.5192 0.0951 0.8493
vn 0.5382 0.0347 0.8421
vn 0.5365 0.0327 0.8433
vn 0.4599 0.4794 0.7475
vn 0.4538 0.4405 0.7746
vn 0.4765 0.4104 0.7775
vn 0.4734 0.3765 0.7963
vn 0.4978 0.3392 0.7982
vn 0.4910 0.3105 0.8140
vn 0.5158 0.2660 0.8144
vn 0.5066 0.2430 0.8273
vn 0.5302 0.1911 0.8260
vn 0.5202 0.1744 0.8360
vn 0.5408 0.1152 0.8332
vn 0.5323 0.1051 0.8400
vn 0.5470 0.0385 0.8362
vn 0.5437 0.0356 0.8385
vn 0.4909 0.4979 0.7149
vn 0.4725 0.4797 0.7394
vn 0.5107 0.4268 0.7463
vn 0.4915 0.4108 0.7679
vn 0.5272 0.3530 0.7730
vn 0.5077 0.3395 0.7918
vn 0.5399 0.2769 0.7949
vn 0.5214 0.2661 0.8108
vn 0.5488 0.1990 0.8119
vn 0.5326 0.1912 0.8245
vn 0.5536 0.1198 0.8241
vn 0.5415 0.1152 0.8328
vn 0.5538 0.0400 0.8317
vn 0.5490 0.0385 0.8350
vn 0.5435 0.5464 0.6372
vn 0.4949 0.5250 0.6924
vn 0.5303 0.4753 0.7020
vn 0.5288 0.4260 0.7341
vn 0.5474 0.3940 0.7383
vn 0.5392 0.3525 0.7648
vn 0.5594 0.3095 0.7690
vn 0.5468 0.2766 0.7903
vn 0.5661 0.2226 0.7937
vn 0.5517 0.1989 0.8100
vn 0.5671 0.1340 0.8127
vn 0.5544 0.1198 0.8236
vn 0.5620 0.0447 0.8259
vn 0.5558 0.0399 0.8303
vn 0.5543 0.6017 0.5750
vn 0.5593 0.5431 0.6263
vn 0.5750 0.5195 0.6321
vn 0.5699 0.4678 0.6756
vn 0.5892 0.4319 0.6829
vn 0.5764 0.3884 0.7190
vn 0.5966 0.3399 0.7270
vn 0.5789 0.3057 0.7559
vn 0.5969 0.2447 0.7641
vn 0.5777 0.2204 0.7859
vn 0.5899 0.1473 0.7939
vn 0.5733 0.1328 0.8085
vn 0.5751 0.0489 0.8166
vn 0.5665 0.0438 0.8229
vn 0.6111 0.6326 0.4757
vn 0.5889 0.5976 0.5441
vn 0.6179 0.5539 0.5581
vn 0.6058 0.5094 0.6112
vn 0.6299 0.4622 0.6242
vn 0.6105 0.4248 0.6684
vn 0.6333 0.3647 0.6826
vn 0.6096 0.3356 0.7181
vn 0.6276 0.2629 0.7328
vn 0.6035 0.2425 0.7596
vn 0.6127 0.1582 0.7743
vn 0.5925 0.1464 0.7922
vn 0.5884 0.0522 0.8069
vn 0.5776 0.0481 0.8149
vn 0.6675 0.6639 0.3370
vn 0.6059 0.6677 0.4326
vn 0.6522 0.6021 0.4605
vn 0.6508 0.5388 0.5349
vn 0.6675 0.5055 0.5467
vn 0.6527 0.4518 0.6082
vn 0.6705 0.4007 0.6243
vn 0.6470 0.3585 0.6729
vn 0.6611 0.2898 0.6921
vn 0.6343 0.2599 0.7281
vn 0.6391 0.1746 0.7490
vn 0.6152 0.1571 0.7725
vn 0.6045 0.0577 0.7945
vn 0.5907 0.0512 0.8053
vn 0.7090 0.6787 0.1913
vn 0.6142 0.7343 0.2890
vn 0.6940 0.6323 0.3443
vn 0.6901 0.5795 0.4335
vn 0.7127 0.5350 0.4537
vn 0.6939 0.4896 0.5279
vn 0.7150 0.4266 0.5538
vn 0.6869 0.3909 0.6126
vn 0.7008 0.3097 0.6426
vn 0.6695 0.2847 0.6861
vn 0.6702 0.1868 0.7183
vn 0.6424 0.1727 0.7467
vn 0.6233 0.0612 0.7796
vn 0.6069 0.0562 0.7928
vn 0.6809 0.7276 0.0837
vn 0.6981 0.6876 0.1997
vn 0.7268 0.6500 0.2220
vn 0.7221 0.6113 0.3237
vn 0.7522 0.5553 0.3548
vn 0.7312 0.5212 0.4401
vn 0.7565 0.4460 0.4784
vn 0.7252 0.4190 0.5463
vn 0.7394 0.3252 0.5896
vn 0.7046 0.3068 0.6398
vn 0.7011 0.1965 0.6855
vn 0.6422 0.0638 0.7638
vn 0.6235 0.0611 0.7794
vn 0.7133 0.1303 0.6887
vn 0.7674 0.2883 0.5727
vn 0.7877 0.4695 0.3989
vn 0.7001 0.7110 0.0669
vn 0.7104 0.6948 0.1121
vn 0.6919 0.7205 0.0468
vn 0.7758 0.5502 0.3087
vn 0.7662 0.5881 0.2589
vn 0.7486 0.6325 0.1987
vn 0.7511 0.6223 0.2205
vn 0.7364 0.6584 0.1556
vn 0.7776 0.5380 0.3255
vn 0.7760 0.5107 0.3701
vn 0.7765 0.5187 0.3577
vn 0.7711 0.3135 0.5542
vn 0.7840 0.4180 0.4590
vn 0.7865 0.4294 0.4438
vn 0.7860 0.3794 0.4881
vn 0.7816 0.3358 0.5257
vn 0.7668 0.3767 0.5198
vn 0.7321 0.1928 0.6533
vn 0.7232 0.1855 0.6652
vn 0.7524 0.2200 0.6209
vn 0.6721 0.0689 0.7373
vn 0.6565 0.0806 0.7500
vn 0.6888 0.0881 0.7196
vn 0.6972 0.7135 0.0692
vn 0.6974 0.7132 0.0714
vn 0.7405 0.6398 0.2055
vn 0.7403 0.6380 0.2119
vn 0.7647 0.5497 0.3364
vn 0.7631 0.5455 0.3466
vn 0.7690 0.4453 0.4586
vn 0.7651 0.4382 0.4719
vn 0.7535 0.3294 0.5690
vn 0.7462 0.3189 0.5843
vn 0.7185 0.2050 0.6647
vn 0.7071 0.1910 0.6808
vn 0.6649 0.0753 0.7431
vn 0.6486 0.0580 0.7589
vn 0.7275 0.6834 -0.0604
vn 0.9809 0.1617 -0.1085
vn 0.9471 0.2662 -0.1792
vn 0.8973 0.3660 -0.2469
vn 0.9725 0.1983 -0.1219
vn 0.8368 0.3686 -0.4048
vn 0.8428 0.3573 -0.4024
vn 0.8366 0.3349 -0.4335
vn 0.8239 0.4130 -0.3881
vn 0.8259 0.3287 -0.4581
vn 0.9687 0.1780 -0.1728
vn 0.9617 0.1893 -0.1984
vn 0.9486 0.2421 -0.2040
vn 0.9384 0.2375 -0.2509
vn 0.9003 0.2975 -0.3178
vn 0.9006 0.2975 -0.3169
vn 0.8696 0.3280 -0.3692
vn 0.8321 0.4519 -0.3215
vn 0.8321 0.4596 -0.3104
vn 0.8307 0.4572 -0.3176
vn 0.8297 0.4903 -0.2668
vn 0.8171 0.5005 -0.2859
vn 0.8180 0.5299 -0.2237
vn 0.8239 0.5295 -0.2018
vn 0.7981 0.5708 -0.1928
vn 0.7976 0.5900 -0.1254
vn 0.7933 0.5943 -0.1318
vn 0.7680 0.6342 -0.0888
vn 0.7665 0.6418 -0.0227
vn 0.8964 0.3640 -0.2528
vn 0.8957 0.3907 -0.2124
vn 0.8879 0.3995 -0.2281
vn 0.8878 0.4340 -0.1531
vn 0.8756 0.4503 -0.1748
vn 0.8753 0.4755 -0.0878
vn 0.8565 0.5032 -0.1149
vn 0.8563 0.5161 -0.0186
vn 0.8319 0.5529 -0.0477
vn 0.9467 0.2646 -0.1838
vn 0.9463 0.2842 -0.1542
vn 0.9423 0.2909 -0.1659
vn 0.9422 0.3162 -0.1112
vn 0.9358 0.3287 -0.1273
vn 0.9357 0.3471 -0.0638
vn 0.9258 0.3686 -0.0835
vn 0.9258 0.3779 -0.0134
vn 0.9130 0.4066 -0.0342
vn 0.9807 0.1607 -0.1114
vn 0.9805 0.1728 -0.0933
vn 0.9791 0.1769 -0.1006
vn 0.9790 0.1923 -0.0671
vn 0.9767 0.2001 -0.0770
vn 0.9767 0.2114 -0.0383
vn 0.9731 0.2249 -0.0502
vn 0.9730 0.2306 -0.0076
vn 0.9684 0.2487 -0.0200
vn 0.8366 0.4192 -0.3527
vn 0.8385 0.4183 -0.3493
vn 0.8999 0.3370 -0.2769
vn 0.8967 0.3396 -0.2839
vn 0.9485 0.2449 -0.2011
vn 0.9468 0.2469 -0.2064
vn 0.9801 0.1536 -0.1261
vn 0.9808 0.1537 -0.1199
vn 0.9927 0.0967 -0.0728
vn 0.9944 0.0874 -0.0597
vn 0.9976 0.0621 -0.0305
vn 0.9977 0.0601 -0.0319
vn 0.9977 0.0601 -0.0320
vn 0.9977 0.0648 -0.0218
vn 0.9974 0.0674 -0.0251
vn 0.9974 0.0712 -0.0119
vn 0.9970 0.0757 -0.0158
vn 0.9970 0.0776 -0.0014
vn 0.9965 0.0837 -0.0054
vn 0.7976 0.5900 0.1254
vn 0.8092 0.3433 0.4768
vn 0.9757 0.1632 0.1459
vn 0.9876 0.1239 0.0966
vn 0.9986 0.0513 0.0099
vn 0.9954 0.0777 0.0555
vn 0.9952 0.0943 0.0276
vn 0.9965 0.0696 0.0468
vn 0.9965 0.0738 0.0399
vn 0.9740 0.1746 0.1442
vn 0.9186 0.2640 0.2942
vn 0.9497 0.2287 0.2140
vn 0.8773 0.3188 0.3587
vn 0.8193 0.3510 0.4533
vn 0.8392 0.3437 0.4214
vn 0.8438 0.3613 0.3967
vn 0.8366 0.3636 0.4096
vn 0.8366 0.4192 0.3527
vn 0.8385 0.4183 0.3493
vn 0.8321 0.4519 0.3215
vn 0.8322 0.4555 0.3163
vn 0.8307 0.4612 0.3117
vn 0.8301 0.4849 0.2754
vn 0.8175 0.5049 0.2770
vn 0.9977 0.0601 0.0320
vn 0.9977 0.0639 0.0238
vn 0.9974 0.0680 0.0231
vn 0.9809 0.1601 0.1108
vn 0.9809 0.1600 0.1109
vn 0.9807 0.1623 0.1090
vn 0.9806 0.1704 0.0968
vn 0.9791 0.1786 0.0969
vn 0.9791 0.1897 0.0728
vn 0.9768 0.2018 0.0713
vn 0.9486 0.2113 0.2357
vn 0.9485 0.2430 0.2031
vn 0.9469 0.2485 0.2042
vn 0.9471 0.2636 0.1830
vn 0.9467 0.2671 0.1800
vn 0.9464 0.2807 0.1596
vn 0.9424 0.2936 0.1602
vn 0.9424 0.3122 0.1200
vn 0.9361 0.3314 0.1183
vn 0.9004 0.3015 0.3138
vn 0.9000 0.3345 0.2795
vn 0.8968 0.3417 0.2811
vn 0.8973 0.3626 0.2518
vn 0.8964 0.3673 0.2480
vn 0.8960 0.3861 0.2194
vn 0.8882 0.4031 0.2206
vn 0.8882 0.4289 0.1646
vn 0.8760 0.4539 0.1631
vn 0.7973 0.5625 0.2189
vn 0.8317 0.5284 0.1706
vn 0.8180 0.5299 0.2237
vn 0.7680 0.6342 0.0888
vn 0.7933 0.5943 0.1318
vn 0.8570 0.5057 0.0988
vn 0.8759 0.4711 0.1042
vn 0.9262 0.3703 0.0713
vn 0.9360 0.3436 0.0763
vn 0.9732 0.2259 0.0425
vn 0.9768 0.2091 0.0463
vn 0.9970 0.0761 0.0131
vn 0.9974 0.0704 0.0147
vn 0.7284 0.6843 0.0355
vn 0.7675 0.6391 0.0488
vn 0.8325 0.5533 0.0274
vn 0.8571 0.5137 0.0398
vn 0.9133 0.4068 0.0189
vn 0.9262 0.3759 0.0295
vn 0.9685 0.2487 0.0103
vn 0.9732 0.2292 0.0179
vn 0.9965 0.0837 0.0020
vn 0.9970 0.0772 0.0050
vn 0.9962 0.0872 -0.0000
vn 0.9659 0.2588 -0.0000
vn 0.9063 0.4226 -0.0000
vn 0.8191 0.5736 -0.0000
vn 0.8192 0.5736 -0.0000
vn 0.7071 0.7071 -0.0000
vn 0.5736 0.8192 -0.0000
vn 0.4226 0.9063 -0.0000
vn 0.2588 0.9659 -0.0000
vn 0.0872 0.9962 -0.0000
vn -0.0872 0.9962 -0.0000
vn -0.2588 0.9659 -0.0000
vn -0.4226 0.9063 -0.0000
vn -0.5736 0.8192 -0.0000
vn -0.7071 0.7071 -0.0000
vn -0.8191 0.5736 -0.0000
vn -0.8192 0.5736 -0.0000
vn -0.9063 0.4226 -0.0000
vn -0.9659 0.2588 -0.0000
vn -0.9962 0.0872 -0.0000
vn -0.0000 0.0001 1.0000
vn -0.0000 -0.0001 1.0000
vn -0.0000 -0.0001 -1.0000
vn -0.0000 0.0001 -1.0000
vn -0.9962 -0.0000 0.0872
vn -0.9659 -0.0000 0.2588
vn -0.9063 -0.0000 0.4226
vn -0.8192 -0.0000 0.5736
vn -0.7071 -0.0000 0.7071
vn -0.5736 -0.0000 0.8192
vn -0.4226 -0.0000 0.9063
vn -0.2588 -0.0000 0.9659
vn 0.0872 -0.0000 0.9962
vn 0.2588 -0.0000 0.9659
vn 0.4226 -0.0000 0.9063
vn 0.5736 -0.0000 0.8192
vn 0.7071 -0.0000 0.7071
vn 0.8192 -0.0000 0.5736
vn 0.9063 -0.0000 0.4226
vn 0.9659 -0.0000 0.2588
vn 0.9962 -0.0000 0.0872
vn 0.9962 -0.0000 -0.0872
vn 0.9659 -0.0000 -0.2588
vn 0.9063 -0.0000 -0.4226
vn 0.8192 -0.0000 -0.5736
vn 0.7071 -0.0000 -0.7071
vn 0.4226 -0.0000 -0.9063
vn 0.2588 -0.0000 -0.9659
vn 0.0872 -0.0000 -0.9962
vn 0.7058 0.7058 -0.0617
vn 0.6843 0.7058 -0.1834
vn 0.6421 0.7058 -0.2994
vn 0.5803 0.7058 -0.4064
vn 0.5803 0.7058 -0.4063
vn 0.5010 0.7058 -0.5010
vn 0.5009 0.7058 -0.5010
vn 0.4064 0.7058 -0.5803
vn 0.2994 0.7058 -0.6421
vn 0.1834 0.7058 -0.6843
vn 0.0618 0.7058 -0.7058
vn 0.0617 0.7058 -0.7058
vn 0.0618 0.7058 0.7058
vn 0.0617 0.7058 0.7058
vn 0.1834 0.7058 0.6843
vn 0.2994 0.7058 0.6421
vn 0.4063 0.7058 0.5803
vn 0.4064 0.7057 0.5803
vn 0.5009 0.7058 0.5010
vn 0.5803 0.7058 0.4064
vn 0.6421 0.7058 0.2994
vn 0.6843 0.7058 0.1834
vn 0.7058 0.7058 0.0617
vn 0.7058 0.7058 0.0618
vn -0.0000 0.7071 -0.7071
vn -0.0000 0.7071 0.7071
vn -0.0618 0.7058 -0.7058
vn -0.0617 0.7058 -0.7058
vn -0.1834 0.7058 -0.6843
vn -0.2994 0.7058 -0.6421
vn -0.4063 0.7058 -0.5803
vn -0.4064 0.7057 -0.5803
vn -0.5009 0.7058 -0.5010
vn -0.5803 0.7058 -0.4064
vn -0.6421 0.7058 -0.2994
vn -0.6843 0.7058 -0.1834
vn -0.7058 0.7058 -0.0617
vn -0.7058 0.7058 -0.0618
vn -0.7058 0.7058 0.0617
vn -0.6843 0.7058 0.1834
vn -0.6421 0.7058 0.2994
vn -0.5803 0.7058 0.4064
vn -0.5803 0.7058 0.4063
vn -0.5010 0.7058 0.5010
vn -0.5009 0.7058 0.5010
vn -0.4064 0.7058 0.5803
vn -0.2994 0.7058 0.6421
vn -0.1834 0.7058 0.6843
vn -0.0618 0.7058 0.7058
vn -0.0617 0.7058 0.7058
vn -0.4064 0.7058 -0.5803
vn -0.5010 0.7058 -0.5010
vn 0.4064 0.7058 0.5803
vn 0.5010 0.7058 0.5010
vn -0.5736 0.8191 -0.0000
vn -0.0002 0.4143 0.9101
vn -0.0000 0.4226 0.9063
vn -0.0000 0.3008 0.9537
vn -0.0006 0.2588 0.9659
vn -0.0000 0.2166 0.9763
vn -0.0000 0.1305 0.9914
vn -0.0006 0.0872 0.9962
vn -0.0000 0.0436 0.9990
vn -0.0000 0.4921 0.8705
vn -0.0000 0.5736 0.8192
vn -0.0000 0.8191 0.5736
vn -0.0000 0.8192 0.5736
vn -0.0000 0.9063 0.4226
vn -0.0000 0.9659 0.2588
vn -0.0000 0.9962 0.0872
vn -0.0868 0.0868 0.9924
vn -0.2127 0.9657 0.1490
vn -0.0871 0.9962 0.0076
vn -0.0717 0.9962 0.0502
vn -0.0618 0.9962 0.0619
vn -0.1837 0.9657 0.1837
vn -0.2997 0.9057 0.2998
vn -0.0503 0.9962 0.0717
vn -0.2354 0.9657 0.1098
vn -0.2509 0.9657 0.0672
vn -0.2587 0.9657 0.0226
vn -0.2588 0.9657 0.0226
vn -0.1490 0.9657 0.2128
vn -0.2432 0.9057 0.3473
vn -0.3298 0.8181 0.4710
vn -0.0370 0.9962 0.0793
vn -0.3473 0.9057 0.2432
vn -0.3842 0.9057 0.1792
vn -0.4095 0.9057 0.1097
vn -0.4223 0.9057 0.0369
vn -0.1097 0.9657 0.2354
vn -0.1098 0.9657 0.2354
vn -0.1791 0.9057 0.3842
vn -0.1792 0.9057 0.3842
vn -0.2430 0.8181 0.5212
vn -0.0226 0.9962 0.0845
vn -0.4066 0.8181 0.4066
vn -0.4711 0.8181 0.3298
vn -0.4710 0.8181 0.3298
vn -0.5212 0.8181 0.2430
vn -0.5555 0.8181 0.1488
vn -0.5729 0.8181 0.0501
vn -0.5728 0.8181 0.0501
vn -0.0672 0.9657 0.2509
vn -0.1097 0.9057 0.4095
vn -0.1488 0.8181 0.5555
vn -0.1488 0.8181 0.5554
vn -0.2123 0.5721 0.7922
vn -0.0076 0.9962 0.0872
vn -0.4063 0.7058 0.5803
vn -0.6843 0.7057 0.1834
vn -0.7058 0.7058 0.0618
vn -0.0226 0.9657 0.2588
vn -0.0227 0.9657 0.2588
vn -0.0369 0.9057 0.4223
vn -0.0370 0.9057 0.4223
vn -0.0501 0.8181 0.5729
vn -0.0617 0.7057 0.7058
vn -0.0715 0.5721 0.8171
vn -0.0790 0.4213 0.9035
vn -0.3466 0.5721 0.7433
vn -0.4704 0.5721 0.6719
vn -0.5800 0.5721 0.5799
vn -0.5799 0.5721 0.5800
vn -0.6719 0.5721 0.4704
vn -0.7433 0.5721 0.3466
vn -0.7922 0.5721 0.2123
vn -0.8171 0.5721 0.0715
vn -0.2347 0.4213 0.8760
vn -0.3833 0.4213 0.8220
vn -0.3833 0.4213 0.8219
vn -0.5202 0.4213 0.7429
vn -0.6413 0.4213 0.6413
vn -0.7429 0.4213 0.5202
vn -0.8220 0.4213 0.3833
vn -0.8760 0.4213 0.2347
vn -0.9035 0.4213 0.0790
vn -0.0842 0.2579 0.9625
vn -0.2501 0.2579 0.9332
vn -0.2501 0.2579 0.9333
vn -0.4083 0.2579 0.8757
vn -0.4083 0.2579 0.8756
vn -0.5542 0.2579 0.7914
vn -0.6832 0.2579 0.6832
vn -0.7914 0.2579 0.5542
vn -0.8757 0.2579 0.4083
vn -0.8756 0.2579 0.4083
vn -0.9332 0.2579 0.2501
vn -0.9333 0.2579 0.2501
vn -0.9625 0.2579 0.0842
vn -0.2578 0.0868 0.9623
vn -0.4210 0.0868 0.9029
vn -0.5714 0.0868 0.8161
vn -0.7044 0.0868 0.7044
vn -0.8161 0.0868 0.5714
vn -0.9029 0.0868 0.4210
vn -0.9623 0.0868 0.2578
vn -0.9924 0.0868 0.0868
vn -0.0845 0.9962 0.0226
vn -0.3299 0.8181 0.4710
vn -0.2998 0.9057 0.2998
vn -0.2128 0.9657 0.1490
vn -0.0793 0.9962 0.0370
vn -0.9962 -0.0000 0.0871
vn -0.8191 -0.0000 0.5736
vn -0.0002 -0.4226 0.9063
vn -0.0000 -0.8191 0.5736
vn -0.0000 -0.7071 0.7071
vn -0.0000 -0.6091 0.7931
vn -0.0006 -0.5736 0.8192
vn -0.0000 -0.5377 0.8431
vn -0.0000 -0.4946 0.8691
vn -0.0001 -0.9076 0.4198
vn -0.0000 -0.8677 0.4972
vn -0.0000 -0.8192 0.5735
vn -0.0000 -0.9063 0.4226
vn -0.0000 -0.9659 0.2588
vn -0.0000 -0.9962 0.0872
vn -0.0000 -0.0438 0.9990
vn -0.0006 -0.0872 0.9962
vn -0.0000 -0.4170 0.9089
vn -0.0000 -0.3005 0.9538
vn -0.0006 -0.2588 0.9659
vn -0.0000 -0.2163 0.9763
vn -0.0000 -0.1307 0.9914
vn -0.2578 -0.0868 0.9623
vn -0.2501 -0.2579 0.9332
vn -0.2501 -0.2579 0.9333
vn -0.2347 -0.4213 0.8760
vn -0.2123 -0.5721 0.7922
vn -0.1834 -0.7058 0.6843
vn -0.1488 -0.8181 0.5554
vn -0.1488 -0.8181 0.5555
vn -0.1097 -0.9057 0.4095
vn -0.0672 -0.9657 0.2509
vn -0.0227 -0.9962 0.0845
vn -0.4210 -0.0868 0.9029
vn -0.4083 -0.2579 0.8756
vn -0.3833 -0.4213 0.8220
vn -0.3833 -0.4213 0.8219
vn -0.3466 -0.5721 0.7433
vn -0.2994 -0.7058 0.6421
vn -0.2430 -0.8181 0.5212
vn -0.1792 -0.9057 0.3842
vn -0.1098 -0.9657 0.2354
vn -0.1097 -0.9657 0.2354
vn -0.0370 -0.9962 0.0793
vn -0.0868 -0.0868 0.9924
vn -0.0842 -0.2579 0.9625
vn -0.0790 -0.4213 0.9035
vn -0.0715 -0.5721 0.8171
vn -0.0618 -0.7058 0.7058
vn -0.0617 -0.7058 0.7058
vn -0.0501 -0.8181 0.5729
vn -0.0370 -0.9057 0.4223
vn -0.0369 -0.9057 0.4223
vn -0.0226 -0.9657 0.2588
vn -0.0227 -0.9657 0.2588
vn -0.0076 -0.9962 0.0872
vn -0.7044 -0.0868 0.7044
vn -0.6832 -0.2579 0.6832
vn -0.6413 -0.4213 0.6413
vn -0.5800 -0.5721 0.5800
vn -0.5800 -0.5721 0.5799
vn -0.5010 -0.7058 0.5009
vn -0.5009 -0.7058 0.5010
vn -0.4066 -0.8181 0.4066
vn -0.2998 -0.9057 0.2998
vn -0.1836 -0.9657 0.1837
vn -0.1837 -0.9657 0.1837
vn -0.0619 -0.9962 0.0619
vn -0.8161 -0.0868 0.5714
vn -0.7915 -0.2579 0.5542
vn -0.7914 -0.2579 0.5542
vn -0.7429 -0.4213 0.5202
vn -0.6719 -0.5721 0.4704
vn -0.6718 -0.5721 0.4704
vn -0.5803 -0.7058 0.4064
vn -0.4711 -0.8181 0.3298
vn -0.4710 -0.8181 0.3298
vn -0.3473 -0.9057 0.2432
vn -0.2128 -0.9657 0.1490
vn -0.0717 -0.9962 0.0502
vn -0.5714 -0.0868 0.8161
vn -0.5542 -0.2579 0.7914
vn -0.5202 -0.4213 0.7429
vn -0.4704 -0.5721 0.6719
vn -0.4064 -0.7058 0.5803
vn -0.4063 -0.7058 0.5803
vn -0.3298 -0.8181 0.4711
vn -0.3298 -0.8181 0.4710
vn -0.2432 -0.9057 0.3473
vn -0.1490 -0.9657 0.2128
vn -0.0502 -0.9962 0.0717
vn -0.9623 -0.0868 0.2578
vn -0.9333 -0.2579 0.2501
vn -0.9332 -0.2579 0.2501
vn -0.8760 -0.4213 0.2347
vn -0.7922 -0.5721 0.2123
vn -0.6843 -0.7057 0.1834
vn -0.6843 -0.7058 0.1834
vn -0.5555 -0.8181 0.1488
vn -0.4095 -0.9057 0.1097
vn -0.2509 -0.9657 0.0672
vn -0.0845 -0.9962 0.0226
vn -0.9924 -0.0868 0.0868
vn -0.9625 -0.2579 0.0842
vn -0.9035 -0.4213 0.0790
vn -0.8171 -0.5721 0.0715
vn -0.7058 -0.7058 0.0617
vn -0.7058 -0.7058 0.0618
vn -0.5729 -0.8181 0.0501
vn -0.4223 -0.9057 0.0369
vn -0.2588 -0.9657 0.0226
vn -0.2587 -0.9657 0.0226
vn -0.0872 -0.9962 0.0076
vn -0.9029 -0.0868 0.4210
vn -0.8757 -0.2579 0.4083
vn -0.8756 -0.2579 0.4083
vn -0.8219 -0.4213 0.3833
vn -0.8220 -0.4213 0.3833
vn -0.7433 -0.5721 0.3466
vn -0.6421 -0.7058 0.2994
vn -0.5212 -0.8181 0.2430
vn -0.3842 -0.9057 0.1792
vn -0.2354 -0.9657 0.1098
vn -0.2354 -0.9657 0.1097
vn -0.0793 -0.9962 0.0370
vn -0.5736 -0.8191 -0.0000
vn 0.4659 0.8848 -0.0000
vn 0.5699 0.8217 -0.0000
vn 0.6655 0.7464 -0.0000
vn 0.7512 0.6601 -0.0000
vn 0.7952 0.6063 -0.0000
vn 0.8257 0.5640 0.0073
vn 0.9374 0.3484 -0.0000
vn 0.8881 0.4596 -0.0000
vn 0.8306 0.5569 -0.0000
vn 0.9306 0.3660 -0.0000
vn 0.8607 0.5091 -0.0000
vn 0.7689 0.6394 -0.0000
vn 0.7689 0.6393 -0.0000
vn 0.6576 0.7534 -0.0000
vn 0.5297 0.8482 -0.0000
vn 0.3882 0.9216 -0.0000
vn 0.2369 0.9715 -0.0000
vn 0.2370 0.9715 -0.0000
vn 0.0797 0.9968 -0.0000
vn 0.0796 0.9968 -0.0000
vn 0.9966 0.0818 -0.0000
vn 0.9699 0.2433 -0.0000
vn 0.9173 0.3983 -0.0000
vn 0.8400 0.5426 -0.0000
vn 0.7403 0.6723 -0.0000
vn 0.6207 0.7841 -0.0000
vn 0.4845 0.8748 -0.0000
vn -0.5000 0.5000 -0.7071
vn 0.5000 0.5000 -0.7071
vn -0.5000 -0.5000 -0.7071
vn -0.0000 -0.7071 -0.7071
vn 0.5000 -0.5000 -0.7071
vn 0.5991 -0.8007 -0.0000
vn 0.4468 -0.8946 -0.0000
vn 0.2864 -0.9581 -0.0000
vn 0.1610 -0.9870 -0.0000
vn 0.0025 -1.0000 -0.0000
vn -0.1334 -0.9911 -0.0000
vn -0.2680 -0.9634 -0.0000
vn -0.4079 -0.9130 -0.0000
vn -0.5511 -0.8344 -0.0000
vn -0.6716 -0.7409 -0.0000
vn -0.7887 -0.6147 -0.0000
vn -0.7888 -0.6147 -0.0000
vn -0.8685 -0.4958 -0.0000
vn -0.8684 -0.4958 -0.0000
vn -0.9358 -0.3525 -0.0000
vn -0.9789 -0.2044 -0.0000
vn -0.9984 -0.0571 -0.0000
vn -0.9969 0.0786 -0.0000
vn -0.9695 0.2449 -0.0000
vn -0.9128 0.4083 -0.0000
vn -0.8432 0.5375 -0.0000
vn -0.7663 0.6425 -0.0000
vn -0.6446 0.7645 -0.0000
vn -0.6446 0.7646 -0.0000
vn -0.5266 0.8501 -0.0000
vn -0.5265 0.8501 -0.0000
vn -0.4074 0.9132 -0.0000
vn -0.4075 0.9132 -0.0000
vn 0.7392 -0.6735 -0.0000
vn -0.7440 -0.6682 -0.0000
vn 0.0831 -0.9965 -0.0000
vn 0.0829 -0.9966 -0.0000
vn 0.2190 -0.9757 -0.0000
vn 0.3149 -0.9491 -0.0000
vn 0.3148 -0.9492 -0.0000
vn 0.4498 -0.8931 -0.0000
vn 0.5850 -0.8110 -0.0000
vn 0.6974 -0.7166 -0.0000
vn 0.6974 -0.7167 -0.0000
vn 0.8052 -0.5930 -0.0000
vn 0.8804 -0.4742 -0.0000
vn 0.9452 -0.3264 -0.0000
vn 0.9848 -0.1739 -0.0000
vn 0.9998 -0.0203 -0.0000
vn 0.9889 0.1485 -0.0000
vn 0.9541 0.2996 -0.0000
vn 0.9081 0.4188 -0.0000
vn 0.8076 0.5898 -0.0000
vn 0.7130 0.7011 -0.0000
vn 0.5930 0.8052 -0.0000
vn 0.5931 0.8052 -0.0000
vn 0.4731 0.8810 -0.0000
vn 0.3269 0.9450 -0.0000
vn 0.3269 0.9451 -0.0000
vn 0.1857 0.9826 -0.0000
vn 0.1858 0.9826 -0.0000
vn 0.0260 0.9997 -0.0000
vn 0.0259 0.9997 -0.0000
vn -0.1352 0.9908 -0.0000
vn -0.3013 0.9535 -0.0000
vn -0.4362 0.8999 -0.0000
vn -0.5581 0.8298 -0.0000
vn -0.6963 0.7177 -0.0000
vn -0.7348 0.6782 -0.0000
vn -0.7496 0.6619 -0.0000
vn 0.7427 0.6697 -0.0000
vn -0.9505 -0.3108 -0.0000
vn -0.9904 -0.1385 -0.0000
vn -1.0000 0.0057 -0.0000
vn -0.9875 0.1579 -0.0000
vn -0.9503 0.3115 -0.0000
vn -0.8932 0.4498 -0.0000
vn -0.8932 0.4497 -0.0000
vn -0.8229 0.5682 -0.0000
vn -0.7345 0.6786 -0.0000
vn -0.6186 0.7857 -0.0000
vn -0.4933 0.8699 -0.0000
vn -0.3583 0.9336 -0.0000
vn -0.2028 0.9792 -0.0000
vn -0.0360 0.9994 -0.0000
vn 0.1138 0.9935 -0.0000
vn 0.2597 0.9657 -0.0000
vn 0.4134 0.9106 -0.0000
vn 0.5567 0.8307 -0.0000
vn 0.6766 0.7363 -0.0000
vn 0.7880 0.6157 -0.0000
vn 0.8797 0.4756 -0.0000
vn 0.9500 0.3124 -0.0000
vn 0.9500 0.3123 -0.0000
vn 0.9869 0.1612 -0.0000
vn 0.7419 0.6705 -0.0000
vn -0.9894 -0.1449 -0.0000
vn -0.9531 -0.3028 -0.0000
vn -0.8923 -0.4514 -0.0000
vn -0.8072 -0.5903 -0.0000
vn -0.6990 -0.7151 -0.0000
vn -0.5746 -0.8184 -0.0000
vn -0.4374 -0.8993 -0.0000
vn -0.2894 -0.9572 -0.0000
vn -0.1361 -0.9907 -0.0000
vn -0.0173 -0.9999 -0.0000
vn 0.0934 -0.9956 -0.0000
vn 0.2496 -0.9684 -0.0000
vn 0.2496 -0.9683 -0.0000
vn 0.4023 -0.9155 -0.0000
vn 0.5465 -0.8375 -0.0000
vn 0.6696 -0.7427 -0.0000
vn 0.7778 -0.6285 -0.0000
vn 0.8693 -0.4942 -0.0000
vn 0.9404 -0.3400 -0.0000
vn 0.9760 -0.2180 -0.0000
vn 0.9944 -0.1058 -0.0000
vn 0.9988 0.0485 -0.0000
vn 0.9826 0.1856 -0.0000
vn 0.9344 0.3563 -0.0000
vn 0.8701 0.4929 -0.0000
vn 0.7848 0.6197 -0.0000
vn 0.7849 0.6197 -0.0000
vn 0.7090 0.7052 -0.0000
vn 0.7091 0.7051 -0.0000
vn -0.7422 -0.6702 -0.0000
vn -0.9996 -0.0267 -0.0000
vn -0.9829 -0.1839 -0.0000
vn -0.9400 -0.3411 -0.0000
vn -0.8721 -0.4894 -0.0000
vn -0.7897 -0.6135 -0.0000
vn -0.6898 -0.7240 -0.0000
vn -0.5664 -0.8241 -0.0000
vn -0.5665 -0.8241 -0.0000
vn -0.4347 -0.9006 -0.0000
vn -0.4348 -0.9005 -0.0000
vn -0.3015 -0.9535 -0.0000
vn -0.1623 -0.9867 -0.0000
vn -0.0035 -1.0000 -0.0000
vn 0.1166 -0.9932 -0.0000
vn 0.2773 -0.9608 -0.0000
vn 0.4168 -0.9090 -0.0000
vn 0.5545 -0.8322 -0.0000
vn 0.6601 -0.7512 -0.0000
vn 0.7578 -0.6525 -0.0000
vn 0.8408 -0.5414 -0.0000
vn 0.9145 -0.4046 -0.0000
vn 0.9145 -0.4047 -0.0000
vn 0.9686 -0.2486 -0.0000
vn 0.9936 -0.1129 -0.0000
vn 0.9936 -0.1130 -0.0000
vn 0.9987 0.0518 -0.0000
vn 0.9764 0.2160 -0.0000
vn 0.9309 0.3653 -0.0000
vn 0.8617 0.5074 -0.0000
vn 0.8617 0.5073 -0.0000
vn 0.7815 0.6239 -0.0000
vn 0.6805 0.7328 -0.0000
vn 0.6805 0.7327 -0.0000
vn 0.5460 0.8378 -0.0000
vn 0.3982 0.9173 -0.0000
vn 0.3981 0.9173 -0.0000
vn 0.2509 0.9680 -0.0000
vn 0.2508 0.9680 -0.0000
vn 0.0904 0.9959 -0.0000
vn -0.0085 1.0000 -0.0000
vn -0.0083 1.0000 -0.0000
vn -0.7421 -0.6703 -0.0000
vn -0.0923 -0.9957 -0.0000
vn -0.2558 -0.9667 -0.0000
vn -0.3952 -0.9186 -0.0000
vn -0.5389 -0.8423 -0.0000
vn -0.6682 -0.7439 -0.0000
vn -0.6682 -0.7440 -0.0000
vn -0.7817 -0.6237 -0.0000
vn -0.8747 -0.4847 -0.0000
vn -0.9411 -0.3382 -0.0000
vn -0.9824 -0.1870 -0.0000
vn -0.9824 -0.1871 -0.0000
vn -0.9991 -0.0424 -0.0000
vn -0.9944 0.1055 -0.0000
vn -0.9649 0.2625 -0.0000
vn -0.9165 0.4001 -0.0000
vn -0.8381 0.5455 -0.0000
vn -0.7383 0.6745 -0.0000
vn -0.6682 0.7439 -0.0000
vn -0.5758 0.8176 -0.0000
vn -0.4474 0.8943 -0.0000
vn -0.4474 0.8944 -0.0000
vn -0.3017 0.9534 -0.0000
vn -0.1545 0.9880 -0.0000
vn -0.1546 0.9880 -0.0000
vn -0.0011 1.0000 -0.0000
vn 0.1509 0.9885 -0.0000
vn 0.1509 0.9886 -0.0000
vn 0.2946 0.9556 -0.0000
vn 0.4293 0.9032 -0.0000
vn 0.5741 0.8188 -0.0000
vn 0.6931 0.7209 -0.0000
vn 0.8047 0.5937 -0.0000
vn 0.8656 0.5008 -0.0000
vn 0.9130 0.4079 -0.0000
vn 0.9641 0.2655 -0.0000
vn 0.9937 0.1123 -0.0000
vn 0.7400 0.6726 -0.0000
vn 0.7427 0.6696 -0.0000
vn -0.5991 -0.8007 -0.0000
vn -0.4468 -0.8946 -0.0000
vn -0.2864 -0.9581 -0.0000
vn -0.1610 -0.9870 -0.0000
vn -0.0025 -1.0000 -0.0000
vn 0.1334 -0.9911 -0.0000
vn 0.2680 -0.9634 -0.0000
vn 0.4079 -0.9130 -0.0000
vn 0.5511 -0.8344 -0.0000
vn 0.6716 -0.7409 -0.0000
vn 0.7887 -0.6147 -0.0000
vn 0.7888 -0.6147 -0.0000
vn 0.8685 -0.4958 -0.0000
vn 0.8684 -0.4958 -0.0000
vn 0.9358 -0.3525 -0.0000
vn 0.9789 -0.2044 -0.0000
vn 0.9984 -0.0571 -0.0000
vn 0.9969 0.0786 -0.0000
vn 0.9695 0.2449 -0.0000
vn 0.9696 0.2449 -0.0000
vn 0.9128 0.4083 -0.0000
vn 0.8432 0.5375 -0.0000
vn 0.7663 0.6425 -0.0000
vn 0.6446 0.7645 -0.0000
vn 0.6446 0.7646 -0.0000
vn 0.5266 0.8501 -0.0000
vn 0.5265 0.8501 -0.0000
vn 0.4074 0.9132 -0.0000
vn 0.4075 0.9132 -0.0000
vn -0.7392 -0.6735 -0.0000
vn 0.7440 -0.6682 -0.0000
vn -0.0831 -0.9965 -0.0000
vn -0.0829 -0.9966 -0.0000
vn -0.2190 -0.9757 -0.0000
vn -0.3149 -0.9491 -0.0000
vn -0.3148 -0.9492 -0.0000
vn -0.4498 -0.8931 -0.0000
vn -0.5850 -0.8110 -0.0000
vn -0.6974 -0.7166 -0.0000
vn -0.6974 -0.7167 -0.0000
vn -0.8052 -0.5930 -0.0000
vn -0.8804 -0.4742 -0.0000
vn -0.9452 -0.3264 -0.0000
vn -0.9848 -0.1739 -0.0000
vn -0.9998 -0.0203 -0.0000
vn -0.9889 0.1485 -0.0000
vn -0.9541 0.2996 -0.0000
vn -0.9081 0.4188 -0.0000
vn -0.8076 0.5898 -0.0000
vn -0.7130 0.7011 -0.0000
vn -0.5930 0.8052 -0.0000
vn -0.5931 0.8052 -0.0000
vn -0.4731 0.8810 -0.0000
vn -0.3269 0.9450 -0.0000
vn -0.3269 0.9451 -0.0000
vn -0.1857 0.9826 -0.0000
vn -0.1858 0.9826 -0.0000
vn -0.0260 0.9997 -0.0000
vn -0.0259 0.9997 -0.0000
vn 0.1352 0.9908 -0.0000
vn 0.3013 0.9535 -0.0000
vn 0.4362 0.8999 -0.0000
vn 0.5581 0.8298 -0.0000
vn 0.6963 0.7177 -0.0000
vn 0.7348 0.6782 -0.0000
vn 0.7496 0.6619 -0.0000
vn -0.7427 0.6697 -0.0000
vn 0.9505 -0.3108 -0.0000
vn 0.9904 -0.1385 -0.0000
vn 1.0000 0.0057 -0.0000
vn 0.9875 0.1579 -0.0000
vn 0.9503 0.3115 -0.0000
vn 0.8932 0.4498 -0.0000
vn 0.8932 0.4497 -0.0000
vn 0.8229 0.5682 -0.0000
vn 0.7345 0.6786 -0.0000
vn 0.6186 0.7857 -0.0000
vn 0.4933 0.8699 -0.0000
vn 0.3583 0.9336 -0.0000
vn 0.2028 0.9792 -0.0000
vn 0.0360 0.9994 -0.0000
vn -0.1138 0.9935 -0.0000
vn -0.2597 0.9657 -0.0000
vn -0.4134 0.9106 -0.0000
vn -0.5567 0.8307 -0.0000
vn -0.6766 0.7363 -0.0000
vn -0.7880 0.6157 -0.0000
vn -0.8797 0.4756 -0.0000
vn -0.9500 0.3124 -0.0000
vn -0.9500 0.3123 -0.0000
vn -0.9869 0.1612 -0.0000
vn -0.7419 0.6705 -0.0000
vn 0.9894 -0.1449 -0.0000
vn 0.9531 -0.3028 -0.0000
vn 0.8923 -0.4514 -0.0000
vn 0.8072 -0.5903 -0.0000
vn 0.6990 -0.7151 -0.0000
vn 0.5746 -0.8184 -0.0000
vn 0.4374 -0.8993 -0.0000
vn 0.2894 -0.9572 -0.0000
vn 0.1361 -0.9907 -0.0000
vn 0.0173 -0.9999 -0.0000
vn -0.0934 -0.9956 -0.0000
vn -0.2496 -0.9684 -0.0000
vn -0.2496 -0.9683 -0.0000
vn -0.4023 -0.9155 -0.0000
vn -0.5465 -0.8375 -0.0000
vn -0.6696 -0.7427 -0.0000
vn -0.7778 -0.6285 -0.0000
vn -0.8693 -0.4942 -0.0000
vn -0.9404 -0.3400 -0.0000
vn -0.9760 -0.2180 -0.0000
vn -0.9944 -0.1058 -0.0000
vn -0.9988 0.0485 -0.0000
vn -0.9826 0.1856 -0.0000
vn -0.9344 0.3563 -0.0000
vn -0.8701 0.4929 -0.0000
vn -0.7848 0.6197 -0.0000
vn -0.7849 0.6197 -0.0000
vn -0.7090 0.7052 -0.0000
vn -0.7091 0.7051 -0.0000
vn 0.7422 -0.6702 -0.0000
vn 0.9996 -0.0267 -0.0000
vn 0.9829 -0.1839 -0.0000
vn 0.9400 -0.3411 -0.0000
vn 0.8721 -0.4894 -0.0000
vn 0.7897 -0.6135 -0.0000
vn 0.6898 -0.7240 -0.0000
vn 0.5664 -0.8241 -0.0000
vn 0.5665 -0.8241 -0.0000
vn 0.4347 -0.9006 -0.0000
vn 0.4348 -0.9005 -0.0000
vn 0.3015 -0.9535 -0.0000
vn 0.1623 -0.9867 -0.0000
vn 0.0035 -1.0000 -0.0000
vn -0.1166 -0.9932 -0.0000
vn -0.2773 -0.9608 -0.0000
vn -0.4168 -0.9090 -0.0000
vn -0.5545 -0.8322 -0.0000
vn -0.6601 -0.7512 -0.0000
vn -0.7578 -0.6525 -0.0000
vn -0.8408 -0.5414 -0.0000
vn -0.9145 -0.4046 -0.0000
vn -0.9145 -0.4047 -0.0000
vn -0.9686 -0.2486 -0.0000
vn -0.9936 -0.1129 -0.0000
vn -0.9936 -0.1130 -0.0000
vn -0.9987 0.0518 -0.0000
vn -0.9764 0.2160 -0.0000
vn -0.9309 0.3653 -0.0000
vn -0.8617 0.5074 -0.0000
vn -0.8617 0.5073 -0.0000
vn -0.7815 0.6239 -0.0000
vn -0.6805 0.7328 -0.0000
vn -0.6805 0.7327 -0.0000
vn -0.5460 0.8378 -0.0000
vn -0.3982 0.9173 -0.0000
vn -0.3981 0.9173 -0.0000
vn -0.2509 0.9680 -0.0000
vn -0.2508 0.9680 -0.0000
vn -0.0904 0.9959 -0.0000
vn 0.0085 1.0000 -0.0000
vn 0.0083 1.0000 -0.0000
vn 0.7421 -0.6703 -0.0000
vn 0.0923 -0.9957 -0.0000
vn 0.2558 -0.9667 -0.0000
vn 0.3952 -0.9186 -0.0000
vn 0.5389 -0.8423 -0.0000
vn 0.6682 -0.7439 -0.0000
vn 0.6682 -0.7440 -0.0000
vn 0.7817 -0.6237 -0.0000
vn 0.8747 -0.4847 -0.0000
vn 0.9411 -0.3382 -0.0000
vn 0.9824 -0.1870 -0.0000
vn 0.9991 -0.0424 -0.0000
vn 0.9944 0.1055 -0.0000
vn 0.9649 0.2625 -0.0000
vn 0.9165 0.4001 -0.0000
vn 0.8381 0.5455 -0.0000
vn 0.7383 0.6745 -0.0000
vn 0.6682 0.7439 -0.0000
vn 0.5758 0.8176 -0.0000
vn 0.4474 0.8944 -0.0000
vn 0.3017 0.9534 -0.0000
vn 0.1545 0.9880 -0.0000
vn 0.1546 0.9880 -0.0000
vn 0.0011 1.0000 -0.0000
vn -0.1509 0.9885 -0.0000
vn -0.1509 0.9886 -0.0000
vn -0.2946 0.9556 -0.0000
vn -0.4293 0.9032 -0.0000
vn -0.5741 0.8188 -0.0000
vn -0.6931 0.7209 -0.0000
vn -0.8047 0.5937 -0.0000
vn -0.8656 0.5008 -0.0000
vn -0.9130 0.4079 -0.0000
vn -0.9641 0.2655 -0.0000
vn -0.9937 0.1123 -0.0000
vn -0.7400 0.6726 -0.0000
vn -0.7427 0.6696 -0.0000
s 0
f 1//1 2//1 3//1
f 3//1 2//1 4//1
f 3//1 4//1 5//1
f 1//1 6//1 2//1
f 2//1 6//1 7//1
f 2//1 7//1 8//1
f 9//1 10//1 11//1
f 8//1 12//1 2//1
f 2//1 12//1 13//1
f 2//1 13//1 14//1
f 15//1 16//1 17//1
f 17//1 16//1 18//1
f 17//1 18//1 19//1
f 19//1 18//1 20//1
f 19//1 20//1 4//1
f 4//1 20//1 21//1
f 4//1 21//1 22//1
f 22//1 23//1 4//1
f 4//1 23//1 24//1
f 4//1 24//1 25//1
f 25//1 26//1 4//1
f 4//1 26//1 27//1
f 4//1 27//1 5//1
f 11//1 10//1 28//1
f 28//1 10//1 29//1
f 28//1 29//1 15//1
f 15//1 29//1 30//1
f 15//1 30//1 31//1
f 31//1 32//1 15//1
f 15//1 32//1 33//1
f 15//1 33//1 34//1
f 14//1 35//1 2//1
f 2//1 35//1 36//1
f 2//1 36//1 37//1
f 37//1 36//1 38//1
f 37//1 38//1 11//1
f 11//1 38//1 39//1
f 11//1 39//1 40//1
f 40//1 41//1 11//1
f 11//1 41//1 42//1
f 11//1 42//1 43//1
f 34//1 44//1 15//1
f 15//1 44//1 45//1
f 15//1 45//1 46//1
f 46//1 47//1 15//1
f 15//1 47//1 48//1
f 15//1 48//1 49//1
f 49//1 50//1 15//1
f 15//1 50//1 51//1
f 15//1 51//1 16//1
f 43//1 52//1 11//1
f 11//1 52//1 53//1
f 11//1 53//1 9//1
f 54//2 55//2 56//2
f 57//2 58//2 59//2
f 59//2 58//2 60//2
f 61//2 62//2 63//2
f 63//2 62//2 64//2
f 54//2 56//2 63//2
f 63//2 56//2 65//2
f 63//2 65//2 61//2
f 64//2 66//2 63//2
f 63//2 66//2 67//2
f 63//2 67//2 58//2
f 58//2 67//2 68//2
f 58//2 68//2 60//2
f 69//3 18//3 16//3
f 70//3 71//3 72//3
f 69//3 16//3 73//3
f 74//3 75//3 76//3
f 76//3 75//3 77//3
f 76//3 77//3 78//3
f 79//3 80//3 81//3
f 82//3 83//3 84//3
f 84//3 83//3 79//3
f 85//3 86//3 87//3
f 72//3 88//3 70//3
f 70//3 88//3 89//3
f 70//3 89//3 90//3
f 78//3 91//3 92//3
f 92//3 91//3 93//3
f 78//3 92//3 76//3
f 76//3 92//3 94//3
f 76//3 94//3 95//3
f 96//3 97//3 98//3
f 90//3 99//3 70//3
f 70//3 99//3 100//3
f 70//3 100//3 87//3
f 87//3 100//3 73//3
f 87//3 73//3 101//3
f 101//3 73//3 16//3
f 101//3 16//3 102//3
f 102//3 16//3 92//3
f 102//3 92//3 103//3
f 103//3 92//3 104//3
f 93//3 105//3 92//3
f 92//3 105//3 106//3
f 92//3 106//3 104//3
f 107//3 108//3 79//3
f 109//3 79//3 110//3
f 110//3 79//3 111//3
f 96//3 98//3 112//3
f 109//3 113//3 79//3
f 79//3 113//3 114//3
f 79//3 114//3 115//3
f 116//3 55//3 117//3
f 108//3 118//3 79//3
f 79//3 118//3 119//3
f 79//3 119//3 111//3
f 115//3 120//3 79//3
f 79//3 120//3 74//3
f 79//3 74//3 84//3
f 84//3 74//3 76//3
f 84//3 76//3 121//3
f 122//3 123//3 124//3
f 125//3 126//3 127//3
f 128//3 129//3 130//3
f 129//3 131//3 130//3
f 130//3 131//3 132//3
f 130//3 132//3 133//3
f 122//3 134//3 123//3
f 123//3 134//3 135//3
f 123//3 135//3 136//3
f 117//3 137//3 116//3
f 116//3 137//3 138//3
f 116//3 138//3 139//3
f 139//3 138//3 140//3
f 139//3 140//3 141//3
f 141//3 140//3 142//3
f 141//3 142//3 143//3
f 144//3 145//3 146//3
f 145//3 147//3 146//3
f 146//3 147//3 148//3
f 146//3 148//3 149//3
f 149//3 148//3 150//3
f 107//3 79//3 151//3
f 151//3 79//3 81//3
f 151//3 81//3 152//3
f 153//3 154//3 155//3
f 146//3 156//3 144//3
f 144//3 156//3 157//3
f 144//3 157//3 158//3
f 158//3 157//3 159//3
f 158//3 159//3 160//3
f 160//3 159//3 161//3
f 160//3 161//3 98//3
f 98//3 161//3 162//3
f 98//3 162//3 112//3
f 101//3 163//3 87//3
f 87//3 163//3 164//3
f 87//3 164//3 85//3
f 135//3 165//3 136//3
f 136//3 165//3 166//3
f 136//3 166//3 167//3
f 167//3 166//3 143//3
f 167//3 143//3 168//3
f 168//3 143//3 142//3
f 169//3 170//3 171//3
f 172//3 173//3 130//3
f 130//3 173//3 174//3
f 130//3 174//3 128//3
f 133//3 175//3 130//3
f 130//3 175//3 176//3
f 130//3 176//3 177//3
f 178//3 179//3 180//3
f 181//3 182//3 169//3
f 169//3 182//3 183//3
f 169//3 183//3 184//3
f 171//3 185//3 169//3
f 169//4 185//4 186//4
f 169//3 186//3 187//3
f 164//3 188//3 85//3
f 85//3 188//3 189//3
f 85//3 189//3 155//3
f 155//3 189//3 190//3
f 155//3 190//3 153//3
f 191//3 192//3 152//3
f 193//3 181//3 194//3
f 154//3 195//3 155//3
f 155//3 195//3 196//3
f 155//3 196//3 178//3
f 178//3 196//3 197//3
f 178//3 197//3 179//3
f 198//3 127//3 199//3
f 199//3 127//3 178//3
f 199//3 178//3 200//3
f 200//3 178//3 180//3
f 201//3 151//3 202//3
f 202//3 151//3 152//3
f 202//3 152//3 203//3
f 203//3 152//3 192//3
f 193//3 204//3 181//3
f 181//3 204//3 205//3
f 181//3 205//3 182//3
f 184//3 206//3 169//3
f 169//3 206//3 207//3
f 169//3 207//3 170//3
f 172//3 130//3 152//3
f 152//3 130//3 208//3
f 152//3 208//3 191//3
f 209//3 210//3 211//3
f 211//3 210//3 212//3
f 211//5 212//5 213//5
f 213//3 212//3 214//3
f 213//3 214//3 215//3
f 215//3 214//3 216//3
f 215//6 216//6 124//6
f 124//3 216//3 217//3
f 124//3 217//3 122//3
f 150//3 218//3 149//3
f 149//5 218//5 219//5
f 149//7 219//7 220//7
f 220//3 219//3 221//3
f 220//8 221//8 222//8
f 222//7 221//7 223//7
f 222//6 223//6 194//6
f 194//3 223//3 224//3
f 194//3 224//3 193//3
f 225//3 226//3 227//3
f 177//3 228//3 130//3
f 130//4 228//4 229//4
f 130//3 229//3 211//3
f 211//3 229//3 230//3
f 211//3 230//3 209//3
f 198//3 231//3 127//3
f 127//3 231//3 151//3
f 127//3 151//3 125//3
f 125//3 151//3 201//3
f 125//3 201//3 227//3
f 227//3 201//3 232//3
f 227//3 232//3 225//3
f 187//3 233//3 169//3
f 169//3 233//3 234//3
f 169//3 234//3 235//3
f 235//3 234//3 227//3
f 235//3 227//3 236//3
f 236//3 227//3 226//3
f 237//1 152//1 81//1
f 238//1 76//1 239//1
f 239//1 76//1 95//1
f 239//1 95//1 240//1
f 81//1 241//1 242//1
f 243//1 244//1 245//1
f 245//1 244//1 246//1
f 241//1 81//1 247//1
f 247//1 81//1 248//1
f 247//1 248//1 249//1
f 249//1 248//1 250//1
f 249//1 250//1 251//1
f 242//1 252//1 81//1
f 81//1 252//1 253//1
f 81//1 253//1 237//1
f 254//1 255//1 256//1
f 256//1 255//1 257//1
f 256//1 257//1 246//1
f 246//1 257//1 258//1
f 246//1 258//1 245//1
f 251//1 250//1 259//1
f 259//1 250//1 260//1
f 259//1 260//1 261//1
f 261//1 260//1 262//1
f 261//1 262//1 263//1
f 263//1 262//1 264//1
f 263//1 264//1 254//1
f 254//1 264//1 265//1
f 254//1 265//1 255//1
f 266//1 267//1 240//1
f 240//1 267//1 268//1
f 240//1 268//1 239//1
f 269//1 270//1 271//1
f 271//1 270//1 272//1
f 271//1 272//1 273//1
f 273//1 272//1 274//1
f 273//1 274//1 275//1
f 275//1 274//1 276//1
f 275//1 276//1 277//1
f 277//1 276//1 278//1
f 277//1 278//1 279//1
f 279//1 278//1 280//1
f 279//1 280//1 281//1
f 281//1 280//1 282//1
f 281//1 282//1 283//1
f 283//1 282//1 284//1
f 283//1 284//1 285//1
f 285//1 284//1 286//1
f 285//1 286//1 287//1
f 287//1 286//1 288//1
f 287//1 288//1 289//1
f 289//1 288//1 290//1
f 289//1 290//1 291//1
f 291//1 290//1 292//1
f 291//1 292//1 293//1
f 293//1 292//1 294//1
f 293//1 294//1 295//1
f 295//1 294//1 296//1
f 295//1 296//1 243//1
f 243//1 296//1 297//1
f 243//1 297//1 244//1
f 266//1 298//1 267//1
f 267//1 298//1 299//1
f 267//1 299//1 300//1
f 300//1 299//1 301//1
f 300//1 301//1 302//1
f 302//1 301//1 303//1
f 302//1 303//1 304//1
f 304//1 303//1 305//1
f 304//1 305//1 306//1
f 306//1 305//1 307//1
f 306//1 307//1 308//1
f 308//1 307//1 309//1
f 308//1 309//1 310//1
f 310//1 309//1 311//1
f 310//1 311//1 312//1
f 312//1 311//1 313//1
f 312//1 313//1 314//1
f 314//1 313//1 315//1
f 314//1 315//1 316//1
f 316//1 315//1 317//1
f 316//1 317//1 318//1
f 318//1 317//1 319//1
f 318//1 319//1 320//1
f 320//1 319//1 321//1
f 320//1 321//1 269//1
f 269//1 321//1 322//1
f 269//1 322//1 270//1
f 323//9 324//9 325//9
f 325//10 324//10 326//10
f 326//11 327//11 325//11
f 325//12 327//12 328//12
f 325//13 328//13 329//13
f 330//14 331//14 59//14
f 59//15 331//15 332//15
f 59//16 332//16 333//16
f 334//17 57//17 335//17
f 335//18 57//18 59//18
f 335//19 59//19 336//19
f 336//20 59//20 333//20
f 56//21 337//21 338//21
f 56//22 338//22 65//22
f 65//23 338//23 339//23
f 65//24 339//24 61//24
f 61//25 339//25 340//25
f 61//26 340//26 62//26
f 340//27 341//27 62//27
f 62//28 341//28 342//28
f 62//29 342//29 64//29
f 342//30 343//30 64//30
f 64//31 343//31 344//31
f 64//32 344//32 66//32
f 344//33 345//33 66//33
f 66//34 345//34 346//34
f 66//35 346//35 67//35
f 346//36 347//36 67//36
f 67//37 347//37 348//37
f 67//38 348//38 68//38
f 348//39 349//39 68//39
f 68//40 349//40 350//40
f 68//41 350//41 60//41
f 329//42 330//42 325//42
f 325//14 330//14 59//14
f 325//43 59//43 351//43
f 351//44 59//44 60//44
f 351//45 60//45 352//45
f 352//46 60//46 350//46
f 353//47 354//47 355//47
f 355//47 354//47 356//47
f 355//47 356//47 357//47
f 357//47 356//47 358//47
f 357//47 358//47 359//47
f 359//47 358//47 360//47
f 359//47 360//47 361//47
f 361//47 360//47 362//47
f 361//47 362//47 363//47
f 363//47 362//47 364//47
f 363//47 364//47 365//47
f 365//47 364//47 366//47
f 365//47 366//47 367//47
f 367//47 366//47 368//47
f 367//47 368//47 369//47
f 369//47 368//47 370//47
f 369//47 370//47 371//47
f 371//47 370//47 372//47
f 371//47 372//47 373//47
f 373//47 372//47 374//47
f 373//47 374//47 375//47
f 375//47 374//47 376//47
f 375//47 376//47 377//47
f 377//47 376//47 378//47
f 377//47 378//47 379//47
f 379//47 378//47 380//47
f 379//47 380//47 381//47
f 381//47 380//47 382//47
f 381//47 382//47 383//47
f 383//47 382//47 139//47
f 383//47 139//47 384//47
f 384//47 139//47 141//47
f 384//47 141//47 385//47
f 385//47 141//47 386//47
f 385//47 386//47 387//47
f 387//47 386//47 388//47
f 387//47 388//47 389//47
f 389//47 388//47 390//47
f 389//47 390//47 391//47
f 391//47 390//47 392//47
f 391//47 392//47 353//47
f 353//47 392//47 354//47
f 393//47 394//47 395//47
f 395//47 394//47 396//47
f 397//47 398//47 155//47
f 399//47 400//47 394//47
f 394//47 400//47 401//47
f 394//47 401//47 402//47
f 398//47 403//47 155//47
f 155//47 403//47 404//47
f 155//47 404//47 394//47
f 394//47 404//47 405//47
f 394//47 405//47 399//47
f 406//47 407//47 395//47
f 395//47 407//47 408//47
f 395//47 408//47 409//47
f 410//47 411//47 412//47
f 178//47 413//47 155//47
f 155//47 413//47 414//47
f 155//47 414//47 397//47
f 396//47 415//47 395//47
f 395//47 415//47 416//47
f 395//47 416//47 417//47
f 417//47 418//47 395//47
f 395//47 418//47 419//47
f 395//47 419//47 406//47
f 409//47 420//47 395//47
f 395//47 420//47 421//47
f 395//47 421//47 422//47
f 422//47 423//47 395//47
f 395//47 423//47 410//47
f 395//47 410//47 424//47
f 424//47 410//47 412//47
f 402//47 425//47 394//47
f 394//47 425//47 426//47
f 394//47 426//47 427//47
f 427//47 428//47 394//47
f 394//47 428//47 429//47
f 394//47 429//47 430//47
f 430//47 431//47 394//47
f 394//47 431//47 432//47
f 394//47 432//47 396//47
f 127//47 126//47 433//47
f 433//47 126//47 434//47
f 126//48 125//48 434//48
f 434//48 125//48 435//48
f 413//48 178//48 433//48
f 433//48 178//48 127//48
f 82//1 436//1 437//1
f 438//1 439//1 440//1
f 441//1 442//1 443//1
f 443//1 442//1 444//1
f 443//1 444//1 445//1
f 445//1 446//1 443//1
f 443//1 446//1 447//1
f 443//1 447//1 82//1
f 82//1 447//1 448//1
f 82//1 448//1 436//1
f 449//1 83//1 450//1
f 450//1 83//1 82//1
f 450//1 82//1 451//1
f 451//1 82//1 437//1
f 439//1 452//1 440//1
f 440//1 452//1 453//1
f 440//1 453//1 454//1
f 454//1 455//1 440//1
f 440//1 455//1 456//1
f 440//1 456//1 457//1
f 458//1 459//1 440//1
f 440//1 459//1 460//1
f 440//1 460//1 461//1
f 462//1 463//1 464//1
f 464//1 463//1 465//1
f 465//1 463//1 440//1
f 440//1 463//1 466//1
f 440//1 466//1 438//1
f 457//1 467//1 440//1
f 440//1 467//1 468//1
f 440//1 468//1 458//1
f 461//1 460//1 443//1
f 443//1 460//1 469//1
f 443//1 469//1 470//1
f 470//1 471//1 443//1
f 443//1 471//1 472//1
f 443//1 472//1 473//1
f 473//1 474//1 443//1
f 443//1 474//1 475//1
f 443//1 475//1 441//1
f 80//1 79//1 476//1
f 476//1 79//1 477//1
f 248//48 81//48 476//48
f 476//48 81//48 80//48
f 79//48 83//48 477//48
f 477//48 83//48 449//48
f 478//1 479//1 480//1
f 481//1 482//1 483//1
f 484//1 485//1 486//1
f 487//1 488//1 144//1
f 144//1 488//1 489//1
f 486//1 490//1 484//1
f 484//1 490//1 491//1
f 484//1 491//1 492//1
f 493//1 494//1 485//1
f 485//1 494//1 495//1
f 485//1 495//1 486//1
f 478//1 496//1 479//1
f 479//1 496//1 497//1
f 479//1 497//1 498//1
f 498//1 497//1 499//1
f 498//1 499//1 493//1
f 493//1 499//1 500//1
f 493//1 500//1 494//1
f 501//1 502//1 480//1
f 480//1 502//1 503//1
f 480//1 503//1 478//1
f 504//1 505//1 501//1
f 501//1 505//1 506//1
f 501//1 506//1 502//1
f 507//1 508//1 509//1
f 510//1 511//1 512//1
f 512//1 511//1 513//1
f 512//1 513//1 504//1
f 504//1 513//1 514//1
f 504//1 514//1 505//1
f 507//1 509//1 515//1
f 508//1 507//1 516//1
f 516//1 507//1 517//1
f 516//1 517//1 518//1
f 518//1 517//1 519//1
f 518//1 519//1 520//1
f 521//1 522//1 483//1
f 509//1 523//1 515//1
f 515//1 523//1 524//1
f 515//1 524//1 510//1
f 510//1 524//1 525//1
f 510//1 525//1 511//1
f 526//1 98//1 97//1
f 520//1 519//1 527//1
f 527//1 519//1 526//1
f 527//1 526//1 528//1
f 528//1 526//1 97//1
f 528//1 97//1 529//1
f 530//1 531//1 532//1
f 522//1 533//1 483//1
f 483//1 533//1 534//1
f 483//1 534//1 481//1
f 491//1 535//1 492//1
f 492//1 535//1 536//1
f 492//1 536//1 537//1
f 537//1 536//1 538//1
f 537//1 538//1 539//1
f 539//1 538//1 483//1
f 539//1 483//1 540//1
f 540//1 483//1 482//1
f 540//1 482//1 541//1
f 541//1 542//1 540//1
f 540//1 542//1 543//1
f 540//1 543//1 144//1
f 144//1 543//1 544//1
f 144//1 544//1 487//1
f 545//1 145//1 546//1
f 546//1 145//1 144//1
f 546//1 144//1 547//1
f 547//1 144//1 489//1
f 530//1 532//1 483//1
f 483//1 532//1 548//1
f 483//1 548//1 521//1
f 323//49 549//49 298//49
f 298//50 549//50 299//50
f 550//51 301//51 551//51
f 551//52 301//52 299//52
f 551//53 299//53 552//53
f 552//54 299//54 549//54
f 550//55 553//55 301//55
f 301//56 553//56 554//56
f 301//57 554//57 303//57
f 555//58 305//58 556//58
f 556//59 305//59 303//59
f 556//60 303//60 557//60
f 557//61 303//61 554//61
f 555//62 558//62 305//62
f 305//63 558//63 559//63
f 305//64 559//64 307//64
f 559//65 560//65 307//65
f 307//66 560//66 561//66
f 307//67 561//67 309//67
f 562//68 311//68 563//68
f 563//69 311//69 309//69
f 563//70 309//70 564//70
f 564//71 309//71 561//71
f 562//72 565//72 311//72
f 311//73 565//73 566//73
f 311//74 566//74 313//74
f 567//75 315//75 568//75
f 568//76 315//76 313//76
f 568//77 313//77 569//77
f 569//78 313//78 566//78
f 567//79 570//79 315//79
f 315//80 570//80 571//80
f 315//81 571//81 317//81
f 571//82 572//82 317//82
f 317//83 572//83 573//83
f 317//84 573//84 319//84
f 574//85 321//85 575//85
f 575//86 321//86 319//86
f 575//87 319//87 576//87
f 576//88 319//88 573//88
f 574//89 577//89 321//89
f 321//90 577//90 578//90
f 321//91 578//91 322//91
f 579//92 270//92 580//92
f 580//93 270//93 322//93
f 580//94 322//94 581//94
f 581//95 322//95 578//95
f 579//96 582//96 270//96
f 270//97 582//97 583//97
f 270//98 583//98 272//98
f 583//99 584//99 272//99
f 272//100 584//100 585//100
f 272//101 585//101 274//101
f 586//102 276//102 587//102
f 587//103 276//103 274//103
f 587//104 274//104 588//104
f 588//105 274//105 585//105
f 586//106 589//106 276//106
f 276//107 589//107 590//107
f 276//108 590//108 278//108
f 591//109 280//109 592//109
f 592//110 280//110 278//110
f 592//111 278//111 593//111
f 593//112 278//112 590//112
f 591//113 594//113 280//113
f 280//114 594//114 595//114
f 280//115 595//115 282//115
f 595//116 596//116 282//116
f 282//117 596//117 597//117
f 282//118 597//118 284//118
f 598//119 286//119 599//119
f 599//120 286//120 284//120
f 599//121 284//121 600//121
f 600//122 284//122 597//122
f 598//123 601//123 286//123
f 286//124 601//124 602//124
f 286//125 602//125 288//125
f 603//126 290//126 604//126
f 604//127 290//127 288//127
f 604//128 288//128 605//128
f 605//129 288//129 602//129
f 603//130 606//130 290//130
f 290//131 606//131 607//131
f 290//132 607//132 292//132
f 607//133 608//133 292//133
f 292//134 608//134 609//134
f 292//135 609//135 294//135
f 610//136 296//136 611//136
f 611//137 296//137 294//137
f 611//138 294//138 612//138
f 612//139 294//139 609//139
f 613//136 614//136 615//136
f 615//140 614//140 616//140
f 617//134 618//134 619//134
f 619//141 618//141 616//141
f 619//139 616//139 620//139
f 620//138 616//138 614//138
f 617//133 621//133 618//133
f 618//142 621//142 622//142
f 618//143 622//143 623//143
f 624//128 625//128 626//128
f 626//144 625//144 623//144
f 626//126 623//126 627//126
f 627//130 623//130 622//130
f 624//129 628//129 625//129
f 625//145 628//145 629//145
f 625//146 629//146 630//146
f 629//123 631//123 630//123
f 630//119 631//119 632//119
f 630//147 632//147 633//147
f 634//117 635//117 636//117
f 636//148 635//148 633//148
f 636//122 633//122 637//122
f 637//121 633//121 632//121
f 634//116 638//116 635//116
f 635//149 638//149 639//149
f 635//150 639//150 640//150
f 641//111 642//111 643//111
f 643//151 642//151 640//151
f 643//109 640//109 644//109
f 644//113 640//113 639//113
f 641//112 645//112 642//112
f 642//152 645//152 646//152
f 642//153 646//153 647//153
f 646//106 648//106 647//106
f 647//102 648//102 649//102
f 647//154 649//154 650//154
f 651//100 652//100 653//100
f 653//155 652//155 650//155
f 653//105 650//105 654//105
f 654//104 650//104 649//104
f 651//99 655//99 652//99
f 652//156 655//156 656//156
f 652//157 656//157 657//157
f 658//94 659//94 660//94
f 660//158 659//158 657//158
f 660//92 657//92 661//92
f 661//96 657//96 656//96
f 658//95 662//95 659//95
f 659//159 662//159 663//159
f 659//160 663//160 664//160
f 663//89 665//89 664//89
f 664//85 665//85 666//85
f 664//161 666//161 667//161
f 668//83 669//83 670//83
f 670//162 669//162 667//162
f 670//88 667//88 671//88
f 671//87 667//87 666//87
f 668//82 672//82 669//82
f 669//163 672//163 673//163
f 669//164 673//164 674//164
f 675//77 676//77 677//77
f 677//165 676//165 674//165
f 677//75 674//75 678//75
f 678//79 674//79 673//79
f 675//78 679//78 676//78
f 676//166 679//166 680//166
f 676//167 680//167 681//167
f 680//72 682//72 681//72
f 681//68 682//68 683//68
f 681//168 683//168 684//168
f 685//66 686//66 687//66
f 687//169 686//169 684//169
f 687//71 684//71 688//71
f 688//70 684//70 683//70
f 685//65 689//65 686//65
f 686//170 689//170 690//170
f 686//171 690//171 691//171
f 692//60 693//60 694//60
f 694//172 693//172 691//172
f 694//58 691//58 695//58
f 695//62 691//62 690//62
f 692//61 696//61 693//61
f 693//173 696//173 697//173
f 693//174 697//174 698//174
f 697//55 699//55 698//55
f 698//51 699//51 700//51
f 698//175 700//175 701//175
f 702//49 703//49 704//49
f 704//176 703//176 701//176
f 704//54 701//54 705//54
f 705//53 701//53 700//53
f 706//177 707//177 708//177
f 708//177 707//177 709//177
f 708//177 709//177 710//177
f 710//177 709//177 711//177
f 613//178 615//178 712//178
f 712//178 615//178 713//178
f 714//178 297//178 610//178
f 610//178 297//178 296//178
f 715//177 247//177 716//177
f 716//177 247//177 249//177
f 716//177 249//177 717//177
f 717//177 249//177 718//177
f 712//179 713//179 719//179
f 709//180 707//180 720//180
f 709//181 720//181 721//181
f 721//182 720//182 722//182
f 721//183 722//183 723//183
f 722//184 724//184 723//184
f 723//185 724//185 725//185
f 723//186 725//186 726//186
f 725//187 727//187 726//187
f 726//188 727//188 728//188
f 726//189 728//189 729//189
f 728//190 730//190 729//190
f 729//191 730//191 731//191
f 729//192 731//192 732//192
f 731//193 733//193 732//193
f 732//194 733//194 734//194
f 732//195 734//195 735//195
f 734//196 736//196 735//196
f 735//197 736//197 737//197
f 735//198 737//198 738//198
f 737//199 739//199 738//199
f 738//200 739//200 740//200
f 738//201 740//201 719//201
f 719//202 740//202 741//202
f 719//203 741//203 712//203
f 742//204 718//204 251//204
f 251//205 718//205 249//205
f 742//206 251//206 743//206
f 743//207 251//207 259//207
f 743//184 259//184 744//184
f 744//185 259//185 745//185
f 745//208 259//208 261//208
f 745//187 261//187 746//187
f 746//188 261//188 747//188
f 747//209 261//209 263//209
f 747//190 263//190 748//190
f 748//191 263//191 749//191
f 749//210 263//210 254//210
f 749//193 254//193 750//193
f 750//194 254//194 751//194
f 751//211 254//211 256//211
f 751//196 256//196 752//196
f 752//197 256//197 753//197
f 753//212 256//212 246//212
f 753//199 246//199 754//199
f 754//200 246//200 755//200
f 755//213 246//213 244//213
f 755//214 244//214 756//214
f 756//215 244//215 297//215
f 756//216 297//216 714//216
f 757//47 758//47 759//47
f 757//47 760//47 758//47
f 758//47 760//47 761//47
f 758//47 761//47 762//47
f 762//47 761//47 763//47
f 762//47 763//47 764//47
f 765//47 766//47 759//47
f 759//47 766//47 767//47
f 759//47 767//47 757//47
f 768//47 769//47 770//47
f 770//47 769//47 771//47
f 770//47 771//47 772//47
f 773//47 774//47 768//47
f 768//47 774//47 775//47
f 768//47 775//47 769//47
f 55//47 116//47 776//47
f 771//47 777//47 772//47
f 772//47 777//47 778//47
f 772//47 778//47 765//47
f 765//47 778//47 779//47
f 765//47 779//47 766//47
f 780//47 781//47 773//47
f 773//47 781//47 782//47
f 773//47 782//47 774//47
f 783//47 784//47 780//47
f 780//47 784//47 785//47
f 780//47 785//47 781//47
f 786//47 787//47 788//47
f 789//47 790//47 791//47
f 791//47 790//47 792//47
f 791//47 792//47 787//47
f 787//47 792//47 793//47
f 787//47 793//47 788//47
f 794//47 795//47 789//47
f 789//47 795//47 796//47
f 789//47 796//47 790//47
f 763//47 797//47 764//47
f 764//47 797//47 798//47
f 764//47 798//47 794//47
f 794//47 798//47 799//47
f 794//47 799//47 795//47
f 800//47 801//47 143//47
f 143//47 801//47 802//47
f 143//47 802//47 803//47
f 56//47 55//47 337//47
f 337//47 55//47 776//47
f 337//47 776//47 804//47
f 804//47 776//47 786//47
f 804//47 786//47 805//47
f 805//47 786//47 788//47
f 806//47 807//47 808//47
f 166//47 809//47 143//47
f 143//47 809//47 810//47
f 143//47 810//47 800//47
f 803//47 811//47 143//47
f 143//47 811//47 812//47
f 143//47 812//47 806//47
f 806//47 812//47 813//47
f 806//47 813//47 807//47
f 806//47 814//47 815//47
f 815//47 814//47 816//47
f 815//47 816//47 783//47
f 783//47 816//47 817//47
f 783//47 817//47 784//47
f 808//47 818//47 806//47
f 806//47 818//47 819//47
f 806//47 819//47 820//47
f 820//47 821//47 806//47
f 806//47 821//47 822//47
f 806//47 822//47 823//47
f 823//47 824//47 806//47
f 806//47 824//47 825//47
f 806//47 825//47 814//47
f 713//47 615//47 616//47
f 227//47 826//47 125//47
f 125//47 826//47 827//47
f 125//47 827//47 828//47
f 829//47 732//47 735//47
f 828//47 830//47 125//47
f 125//47 830//47 831//47
f 125//47 831//47 435//47
f 435//47 831//47 711//47
f 435//47 711//47 832//47
f 711//47 709//47 832//47
f 832//47 709//47 721//47
f 832//47 721//47 833//47
f 833//47 721//47 723//47
f 833//47 723//47 834//47
f 834//47 723//47 726//47
f 834//47 726//47 835//47
f 835//47 726//47 729//47
f 835//47 729//47 836//47
f 836//47 729//47 732//47
f 836//47 732//47 837//47
f 837//47 732//47 838//47
f 829//47 839//47 732//47
f 732//47 839//47 840//47
f 732//47 840//47 838//47
f 841//47 842//47 623//47
f 735//47 738//47 829//47
f 829//47 738//47 719//47
f 829//47 719//47 843//47
f 616//47 618//47 713//47
f 713//47 618//47 623//47
f 713//47 623//47 719//47
f 719//47 623//47 842//47
f 719//47 842//47 843//47
f 87//47 844//47 70//47
f 70//47 844//47 845//47
f 70//47 845//47 703//47
f 703//47 845//47 846//47
f 703//47 846//47 701//47
f 701//47 846//47 847//47
f 701//47 847//47 698//47
f 698//47 847//47 848//47
f 698//47 848//47 693//47
f 693//47 848//47 849//47
f 693//47 849//47 691//47
f 691//47 849//47 850//47
f 691//47 850//47 686//47
f 686//47 850//47 851//47
f 686//47 851//47 684//47
f 684//47 851//47 852//47
f 684//47 852//47 681//47
f 681//47 852//47 853//47
f 681//47 853//47 676//47
f 676//47 853//47 854//47
f 676//47 854//47 674//47
f 674//47 854//47 855//47
f 674//47 855//47 669//47
f 669//47 855//47 856//47
f 669//47 856//47 667//47
f 667//47 856//47 857//47
f 667//47 857//47 664//47
f 664//47 857//47 858//47
f 664//47 858//47 659//47
f 659//47 858//47 859//47
f 659//47 859//47 657//47
f 657//47 859//47 652//47
f 652//47 859//47 860//47
f 652//47 860//47 650//47
f 650//47 860//47 861//47
f 650//47 861//47 647//47
f 647//47 861//47 862//47
f 647//47 862//47 642//47
f 642//47 862//47 863//47
f 642//47 863//47 640//47
f 640//47 863//47 864//47
f 640//47 864//47 635//47
f 635//47 864//47 865//47
f 635//47 865//47 633//47
f 633//47 865//47 866//47
f 633//47 866//47 630//47
f 630//47 866//47 867//47
f 630//47 867//47 625//47
f 625//47 867//47 868//47
f 625//47 868//47 623//47
f 623//47 868//47 869//47
f 623//47 869//47 841//47
f 20//2 18//2 870//2
f 870//2 18//2 871//2
f 870//2 871//2 872//2
f 872//2 873//2 870//2
f 870//2 873//2 874//2
f 870//2 874//2 875//2
f 876//217 877//217 878//217
f 878//218 877//218 879//218
f 878//218 879//218 880//218
f 880//219 879//219 97//219
f 880//220 97//220 881//220
f 72//221 71//221 876//221
f 876//222 71//222 882//222
f 876//217 882//217 877//217
f 876//223 883//223 72//223
f 72//224 883//224 884//224
f 72//224 884//224 88//224
f 88//225 884//225 885//225
f 88//225 885//225 89//225
f 89//226 885//226 886//226
f 89//226 886//226 90//226
f 90//227 886//227 887//227
f 90//227 887//227 99//227
f 99//228 887//228 888//228
f 99//228 888//228 100//228
f 100//229 888//229 889//229
f 100//229 889//229 890//229
f 890//230 889//230 891//230
f 890//230 891//230 69//230
f 69//231 891//231 18//231
f 18//232 891//232 892//232
f 18//233 892//233 871//233
f 871//234 892//234 893//234
f 871//234 893//234 872//234
f 872//235 893//235 894//235
f 872//235 894//235 873//235
f 873//236 894//236 895//236
f 873//236 895//236 874//236
f 896//237 897//237 898//237
f 898//238 897//238 899//238
f 898//239 899//239 895//239
f 895//240 899//240 875//240
f 895//241 875//241 874//241
f 58//242 57//242 898//242
f 900//243 57//243 901//243
f 901//244 57//244 334//244
f 900//245 902//245 57//245
f 57//246 902//246 903//246
f 57//247 903//247 898//247
f 898//248 903//248 904//248
f 898//249 904//249 896//249
f 898//250 905//250 58//250
f 58//251 905//251 906//251
f 58//251 906//251 63//251
f 63//252 906//252 907//252
f 63//252 907//252 54//252
f 54//253 907//253 55//253
f 55//254 907//254 908//254
f 55//255 908//255 117//255
f 117//256 908//256 909//256
f 117//256 909//256 137//256
f 137//257 909//257 910//257
f 137//257 910//257 138//257
f 138//258 910//258 911//258
f 138//258 911//258 140//258
f 140//47 911//47 912//47
f 140//47 912//47 142//47
f 142//259 912//259 913//259
f 142//259 913//259 168//259
f 168//260 913//260 914//260
f 168//260 914//260 167//260
f 167//261 914//261 915//261
f 167//261 915//261 136//261
f 136//262 915//262 916//262
f 136//262 916//262 123//262
f 917//263 169//263 918//263
f 918//264 169//264 235//264
f 918//264 235//264 919//264
f 919//265 235//265 236//265
f 919//265 236//265 920//265
f 920//266 236//266 226//266
f 920//266 226//266 921//266
f 921//267 226//267 225//267
f 921//267 225//267 922//267
f 922//268 225//268 232//268
f 922//268 232//268 923//268
f 923//269 232//269 201//269
f 923//269 201//269 924//269
f 924//270 201//270 202//270
f 924//270 202//270 925//270
f 925//271 202//271 203//271
f 925//271 203//271 926//271
f 926//272 203//272 192//272
f 926//272 192//272 927//272
f 927//273 192//273 191//273
f 927//273 191//273 928//273
f 928//274 191//274 208//274
f 928//274 208//274 929//274
f 929//275 208//275 130//275
f 929//275 130//275 930//275
f 930//276 130//276 211//276
f 930//276 211//276 931//276
f 931//277 211//277 213//277
f 931//278 213//278 932//278
f 932//279 213//279 215//279
f 932//280 215//280 916//280
f 916//281 215//281 124//281
f 916//282 124//282 123//282
f 933//283 194//283 917//283
f 917//284 194//284 181//284
f 917//263 181//263 169//263
f 149//285 220//285 933//285
f 933//286 220//286 222//286
f 933//287 222//287 194//287
f 933//288 934//288 149//288
f 149//289 934//289 935//289
f 149//289 935//289 146//289
f 146//290 935//290 936//290
f 146//290 936//290 156//290
f 156//291 936//291 937//291
f 156//291 937//291 157//291
f 157//292 937//292 938//292
f 157//292 938//292 159//292
f 159//1 938//1 939//1
f 159//1 939//1 161//1
f 161//293 939//293 940//293
f 161//293 940//293 162//293
f 162//294 940//294 941//294
f 162//294 941//294 112//294
f 112//295 941//295 881//295
f 112//295 881//295 96//295
f 96//296 881//296 97//296
f 942//2 881//2 943//2
f 943//2 881//2 941//2
f 943//2 941//2 944//2
f 945//2 923//2 946//2
f 946//2 923//2 924//2
f 946//2 924//2 947//2
f 948//2 919//2 949//2
f 949//2 919//2 920//2
f 949//2 920//2 950//2
f 950//2 920//2 921//2
f 950//2 921//2 945//2
f 945//2 921//2 922//2
f 945//2 922//2 923//2
f 951//2 876//2 952//2
f 952//2 876//2 878//2
f 952//2 878//2 942//2
f 942//2 878//2 880//2
f 942//2 880//2 881//2
f 953//2 954//2 887//2
f 955//2 892//2 956//2
f 956//2 892//2 891//2
f 956//2 891//2 957//2
f 957//2 891//2 889//2
f 957//2 889//2 954//2
f 954//2 889//2 888//2
f 954//2 888//2 887//2
f 958//2 895//2 959//2
f 959//2 895//2 894//2
f 959//2 894//2 955//2
f 955//2 894//2 893//2
f 955//2 893//2 892//2
f 960//2 933//2 961//2
f 961//2 933//2 917//2
f 961//2 917//2 948//2
f 948//2 917//2 918//2
f 948//2 918//2 919//2
f 887//2 886//2 953//2
f 953//2 886//2 885//2
f 953//2 885//2 962//2
f 962//2 885//2 884//2
f 962//2 884//2 951//2
f 951//2 884//2 883//2
f 951//2 883//2 876//2
f 963//2 912//2 964//2
f 964//2 912//2 911//2
f 964//2 911//2 965//2
f 966//2 936//2 967//2
f 967//2 936//2 935//2
f 967//2 935//2 960//2
f 960//2 935//2 934//2
f 960//2 934//2 933//2
f 968//2 906//2 969//2
f 969//2 906//2 905//2
f 969//2 905//2 958//2
f 958//2 905//2 898//2
f 958//2 898//2 895//2
f 911//2 910//2 965//2
f 965//2 910//2 909//2
f 965//2 909//2 970//2
f 970//2 909//2 908//2
f 970//2 908//2 968//2
f 968//2 908//2 907//2
f 968//2 907//2 906//2
f 971//2 915//2 972//2
f 972//2 915//2 914//2
f 972//2 914//2 963//2
f 963//2 914//2 913//2
f 963//2 913//2 912//2
f 941//2 940//2 944//2
f 944//2 940//2 939//2
f 944//2 939//2 973//2
f 973//2 939//2 938//2
f 973//2 938//2 966//2
f 966//2 938//2 937//2
f 966//2 937//2 936//2
f 974//2 931//2 975//2
f 975//2 931//2 932//2
f 975//2 932//2 971//2
f 971//2 932//2 916//2
f 971//2 916//2 915//2
f 924//2 925//2 947//2
f 947//2 925//2 926//2
f 947//2 926//2 976//2
f 976//2 926//2 927//2
f 976//2 927//2 977//2
f 927//2 928//2 977//2
f 977//2 928//2 929//2
f 977//2 929//2 974//2
f 974//2 929//2 930//2
f 974//2 930//2 931//2
f 84//297 978//297 82//297
f 82//297 978//297 443//297
f 978//1 84//1 979//1
f 979//1 84//1 121//1
f 121//297 76//297 979//297
f 979//297 76//297 238//297
f 980//48 324//48 323//48
f 981//48 982//48 323//48
f 323//48 982//48 983//48
f 983//48 984//48 323//48
f 323//48 984//48 985//48
f 323//48 985//48 980//48
f 298//48 266//48 323//48
f 323//48 266//48 986//48
f 323//48 986//48 981//48
f 172//297 152//297 987//297
f 987//297 152//297 237//297
f 172//297 987//297 988//297
f 988//297 987//297 989//297
f 988//297 989//297 990//297
f 882//2 71//2 991//2
f 992//2 993//2 877//2
f 877//2 993//2 994//2
f 877//2 994//2 995//2
f 995//2 996//2 877//2
f 877//2 996//2 529//2
f 877//2 529//2 879//2
f 879//2 529//2 97//2
f 991//2 997//2 882//2
f 882//2 997//2 998//2
f 882//2 998//2 877//2
f 877//2 998//2 999//2
f 877//2 999//2 992//2
f 1000//297 85//297 394//297
f 394//297 85//297 155//297
f 1001//47 86//47 1000//47
f 1000//47 86//47 85//47
f 1002//297 826//297 227//297
f 227//297 234//297 1002//297
f 1002//297 234//297 1003//297
f 1002//297 1003//297 1004//297
f 1004//297 1003//297 1005//297
f 702//48 991//48 703//48
f 703//48 991//48 71//48
f 703//48 71//48 70//48
f 844//297 87//297 1001//297
f 1001//297 87//297 86//297
f 845//3 844//3 1001//3
f 1000//3 394//3 1001//3
f 1001//3 394//3 393//3
f 1001//3 393//3 845//3
f 395//297 846//297 393//297
f 393//297 846//297 845//297
f 846//298 395//298 847//298
f 847//298 395//298 424//298
f 847//299 424//299 848//299
f 848//299 424//299 412//299
f 848//300 412//300 849//300
f 849//300 412//300 411//300
f 849//301 411//301 850//301
f 850//301 411//301 410//301
f 850//302 410//302 851//302
f 851//302 410//302 423//302
f 851//303 423//303 852//303
f 852//303 423//303 422//303
f 852//304 422//304 853//304
f 853//304 422//304 421//304
f 853//305 421//305 854//305
f 854//305 421//305 420//305
f 854//306 420//306 855//306
f 855//306 420//306 409//306
f 855//307 409//307 856//307
f 856//307 409//307 408//307
f 856//308 408//308 857//308
f 857//308 408//308 407//308
f 857//309 407//309 858//309
f 858//309 407//309 406//309
f 858//310 406//310 859//310
f 859//310 406//310 419//310
f 859//311 419//311 860//311
f 860//311 419//311 418//311
f 860//312 418//312 861//312
f 861//312 418//312 417//312
f 861//313 417//313 862//313
f 862//313 417//313 416//313
f 862//314 416//314 863//314
f 863//314 416//314 415//314
f 863//315 415//315 864//315
f 864//315 415//315 396//315
f 864//316 396//316 865//316
f 865//316 396//316 432//316
f 865//317 432//317 866//317
f 866//317 432//317 431//317
f 866//318 431//318 867//318
f 867//318 431//318 430//318
f 867//319 430//319 868//319
f 868//319 430//319 429//319
f 868//320 429//320 869//320
f 869//320 429//320 428//320
f 869//321 428//321 841//321
f 841//321 428//321 427//321
f 841//322 427//322 842//322
f 842//322 427//322 426//322
f 842//323 426//323 843//323
f 843//323 426//323 425//323
f 440//298 268//298 465//298
f 465//298 268//298 267//298
f 465//299 267//299 464//299
f 464//299 267//299 300//299
f 464//300 300//300 462//300
f 462//300 300//300 302//300
f 462//301 302//301 463//301
f 463//301 302//301 304//301
f 463//302 304//302 466//302
f 466//302 304//302 306//302
f 466//303 306//303 438//303
f 438//303 306//303 308//303
f 438//304 308//304 439//304
f 439//304 308//304 310//304
f 439//305 310//305 452//305
f 452//305 310//305 312//305
f 452//306 312//306 453//306
f 453//306 312//306 314//306
f 453//307 314//307 454//307
f 454//307 314//307 316//307
f 454//308 316//308 455//308
f 455//308 316//308 318//308
f 455//309 318//309 456//309
f 456//309 318//309 320//309
f 456//310 320//310 457//310
f 457//310 320//310 269//310
f 457//311 269//311 467//311
f 467//311 269//311 271//311
f 467//312 271//312 468//312
f 468//312 271//312 273//312
f 468//313 273//313 458//313
f 458//313 273//313 275//313
f 458//314 275//314 459//314
f 459//314 275//314 277//314
f 459//315 277//315 460//315
f 460//315 277//315 279//315
f 460//316 279//316 469//316
f 469//316 279//316 281//316
f 469//317 281//317 470//317
f 470//317 281//317 283//317
f 470//318 283//318 471//318
f 471//318 283//318 285//318
f 471//319 285//319 472//319
f 472//319 285//319 287//319
f 472//320 287//320 473//320
f 473//320 287//320 289//320
f 473//321 289//321 474//321
f 474//321 289//321 291//321
f 474//322 291//322 475//322
f 475//322 291//322 293//322
f 475//323 293//323 441//323
f 441//323 293//323 295//323
f 461//297 239//297 440//297
f 440//297 239//297 268//297
f 238//3 239//3 979//3
f 979//3 239//3 461//3
f 979//3 461//3 978//3
f 978//3 461//3 443//3
f 386//324 806//324 388//324
f 388//324 806//324 815//324
f 388//325 815//325 390//325
f 390//325 815//325 783//325
f 390//326 783//326 392//326
f 392//326 783//326 780//326
f 392//327 780//327 354//327
f 354//327 780//327 773//327
f 354//328 773//328 356//328
f 356//328 773//328 768//328
f 356//329 768//329 358//329
f 358//329 768//329 770//329
f 358//330 770//330 360//330
f 360//330 770//330 772//330
f 360//331 772//331 362//331
f 362//331 772//331 765//331
f 362//332 765//332 364//332
f 364//332 765//332 759//332
f 364//333 759//333 366//333
f 366//333 759//333 758//333
f 366//334 758//334 368//334
f 368//334 758//334 762//334
f 368//335 762//335 370//335
f 370//335 762//335 764//335
f 370//336 764//336 372//336
f 372//336 764//336 794//336
f 372//337 794//337 374//337
f 374//337 794//337 789//337
f 374//338 789//338 376//338
f 376//338 789//338 791//338
f 376//339 791//339 378//339
f 378//339 791//339 787//339
f 378//340 787//340 380//340
f 380//340 787//340 786//340
f 380//341 786//341 382//341
f 382//341 786//341 776//341
f 386//48 141//48 806//48
f 806//48 141//48 143//48
f 139//297 382//297 116//297
f 116//297 382//297 776//297
f 1006//341 526//341 1007//341
f 1007//341 526//341 519//341
f 1007//340 519//340 1008//340
f 1008//340 519//340 517//340
f 1008//339 517//339 1009//339
f 1009//339 517//339 507//339
f 1009//338 507//338 1010//338
f 1010//338 507//338 515//338
f 1010//337 515//337 1011//337
f 1011//337 515//337 510//337
f 1011//336 510//336 1012//336
f 1012//336 510//336 512//336
f 1012//335 512//335 1013//335
f 1013//335 512//335 504//335
f 1013//334 504//334 1014//334
f 1014//334 504//334 501//334
f 1014//333 501//333 1015//333
f 1015//333 501//333 480//333
f 1015//332 480//332 1016//332
f 1016//332 480//332 479//332
f 1016//331 479//331 1017//331
f 1017//331 479//331 498//331
f 1017//330 498//330 1018//330
f 1018//330 498//330 493//330
f 1018//329 493//329 1019//329
f 1019//329 493//329 485//329
f 1019//328 485//328 1020//328
f 1020//328 485//328 484//328
f 1020//327 484//327 1021//327
f 1021//327 484//327 492//327
f 1021//326 492//326 1022//326
f 1022//326 492//326 537//326
f 1022//325 537//325 1023//325
f 1023//325 537//325 539//325
f 1023//324 539//324 1024//324
f 1024//324 539//324 540//324
f 1006//297 160//297 526//297
f 526//297 160//297 98//297
f 158//48 1024//48 144//48
f 144//48 1024//48 540//48
f 1025//1 1022//1 1026//1
f 1026//1 1022//1 1023//1
f 1026//1 1023//1 1027//1
f 1027//1 1023//1 1024//1
f 1027//1 1024//1 1028//1
f 1028//1 1024//1 158//1
f 1028//1 158//1 1029//1
f 1029//1 158//1 160//1
f 1029//1 160//1 1030//1
f 1030//1 160//1 1006//1
f 1030//1 1006//1 1031//1
f 1031//1 1006//1 1007//1
f 1031//1 1007//1 1032//1
f 1032//1 1007//1 1008//1
f 1032//1 1008//1 1033//1
f 1033//1 1008//1 1009//1
f 1033//1 1009//1 1034//1
f 1034//1 1009//1 1010//1
f 1034//1 1010//1 1035//1
f 1035//1 1010//1 1011//1
f 1035//1 1011//1 1036//1
f 1036//1 1011//1 1012//1
f 1036//1 1012//1 1037//1
f 1037//1 1012//1 1013//1
f 1037//1 1013//1 1038//1
f 1038//1 1013//1 1014//1
f 1038//1 1014//1 1039//1
f 1039//1 1014//1 1015//1
f 1039//1 1015//1 1040//1
f 1040//1 1015//1 1016//1
f 1040//1 1016//1 1041//1
f 1041//1 1016//1 1017//1
f 1041//1 1017//1 1042//1
f 1042//1 1017//1 1018//1
f 1042//1 1018//1 1043//1
f 1043//1 1018//1 1019//1
f 1043//1 1019//1 1044//1
f 1044//1 1019//1 1020//1
f 1044//1 1020//1 1045//1
f 1045//1 1020//1 1021//1
f 1045//1 1021//1 1025//1
f 1025//1 1021//1 1022//1
f 528//342 529//342 996//342
f 528//342 996//342 1046//342
f 1046//343 996//343 995//343
f 1046//343 995//343 1047//343
f 1047//344 995//344 994//344
f 1047//344 994//344 1048//344
f 1048//345 994//345 993//345
f 1048//345 993//345 1049//345
f 1049//346 993//346 992//346
f 1049//346 992//346 1050//346
f 1050//347 992//347 999//347
f 1050//347 999//347 1051//347
f 1051//348 999//348 998//348
f 1051//348 998//348 1052//348
f 1052//349 998//349 997//349
f 1052//349 997//349 1053//349
f 1053//350 997//350 991//350
f 1053//350 991//350 702//350
f 528//351 1046//351 1054//351
f 1046//352 1047//352 1055//352
f 1047//353 1048//353 1056//353
f 1048//354 1049//354 1057//354
f 1049//355 1050//355 1058//355
f 1050//356 1051//356 1059//356
f 1051//357 1052//357 1060//357
f 1052//358 1053//358 1061//358
f 1053//359 702//359 704//359
f 1053//359 704//359 1061//359
f 1061//360 704//360 705//360
f 1061//361 705//361 1062//361
f 705//362 700//362 1062//362
f 1062//363 700//363 699//363
f 1062//364 699//364 1063//364
f 699//365 697//365 1063//365
f 1063//366 697//366 696//366
f 1063//367 696//367 1064//367
f 1064//368 696//368 692//368
f 1064//369 692//369 1065//369
f 1065//370 692//370 694//370
f 1065//371 694//371 1066//371
f 1066//372 694//372 695//372
f 695//373 690//373 1066//373
f 1066//374 690//374 689//374
f 1066//374 689//374 1067//374
f 1067//375 689//375 685//375
f 1067//376 685//376 1068//376
f 685//377 687//377 1068//377
f 1068//378 687//378 688//378
f 1068//379 688//379 1069//379
f 688//380 683//380 1069//380
f 1069//381 683//381 682//381
f 1069//382 682//382 1070//382
f 682//383 680//383 1070//383
f 1070//384 680//384 679//384
f 1070//384 679//384 1071//384
f 1071//385 679//385 675//385
f 1071//386 675//386 1072//386
f 1072//387 675//387 677//387
f 1072//388 677//388 1073//388
f 1073//389 677//389 678//389
f 678//390 673//390 1073//390
f 1073//391 673//391 672//391
f 1073//392 672//392 1074//392
f 1074//393 672//393 668//393
f 1074//394 668//394 1075//394
f 668//395 670//395 1075//395
f 1075//396 670//396 671//396
f 1075//397 671//397 1076//397
f 671//398 666//398 1076//398
f 1076//399 666//399 665//399
f 1076//400 665//400 1077//400
f 665//401 663//401 1077//401
f 1077//402 663//402 662//402
f 1077//403 662//403 1078//403
f 1078//404 662//404 658//404
f 1078//405 658//405 1079//405
f 1079//406 658//406 660//406
f 1079//407 660//407 1080//407
f 1080//408 660//408 661//408
f 661//409 656//409 1080//409
f 1080//410 656//410 655//410
f 1080//411 655//411 1081//411
f 1081//412 655//412 651//412
f 1081//413 651//413 1082//413
f 1082//414 651//414 653//414
f 1082//415 653//415 1083//415
f 1083//416 653//416 654//416
f 654//417 649//417 1083//417
f 1083//418 649//418 648//418
f 1083//419 648//419 1084//419
f 648//420 646//420 1084//420
f 1084//421 646//421 645//421
f 1084//421 645//421 1085//421
f 1085//422 645//422 641//422
f 1085//423 641//423 1086//423
f 641//424 643//424 1086//424
f 1086//425 643//425 644//425
f 1086//426 644//426 1087//426
f 644//427 639//427 1087//427
f 1087//428 639//428 638//428
f 1087//429 638//429 1088//429
f 1088//430 638//430 634//430
f 1088//431 634//431 1089//431
f 1089//432 634//432 636//432
f 1089//433 636//433 1090//433
f 1090//434 636//434 637//434
f 637//435 632//435 1090//435
f 1090//436 632//436 631//436
f 1090//437 631//437 1091//437
f 631//438 629//438 1091//438
f 1091//439 629//439 628//439
f 1091//439 628//439 1092//439
f 1092//440 628//440 624//440
f 1092//441 624//441 1093//441
f 624//442 626//442 1093//442
f 1093//443 626//443 627//443
f 1093//444 627//444 1094//444
f 627//445 622//445 1094//445
f 1094//446 622//446 621//446
f 1094//446 621//446 1095//446
f 1095//447 621//447 617//447
f 1095//448 617//448 1096//448
f 1096//449 617//449 619//449
f 1096//450 619//450 1097//450
f 1097//451 619//451 620//451
f 620//452 614//452 1097//452
f 1097//453 614//453 613//453
f 1097//453 613//453 1098//453
f 1052//358 1061//358 1060//358
f 1060//454 1061//454 1062//454
f 1060//454 1062//454 1099//454
f 1099//455 1062//455 1063//455
f 1099//455 1063//455 1100//455
f 1100//456 1063//456 1064//456
f 1100//456 1064//456 1101//456
f 1101//457 1064//457 1065//457
f 1101//457 1065//457 1102//457
f 1102//458 1065//458 1066//458
f 1102//458 1066//458 1103//458
f 1103//459 1066//459 1067//459
f 1103//459 1067//459 1104//459
f 1104//460 1067//460 1068//460
f 1104//460 1068//460 1105//460
f 1105//461 1068//461 1069//461
f 1105//461 1069//461 1106//461
f 1106//462 1069//462 1070//462
f 1106//462 1070//462 1107//462
f 1107//463 1070//463 1071//463
f 1107//463 1071//463 1108//463
f 1108//464 1071//464 1072//464
f 1108//464 1072//464 1109//464
f 1109//465 1072//465 1073//465
f 1109//466 1073//466 1110//466
f 1110//467 1073//467 1074//467
f 1110//467 1074//467 1111//467
f 1111//468 1074//468 1075//468
f 1111//468 1075//468 1112//468
f 1112//469 1075//469 1076//469
f 1112//469 1076//469 1113//469
f 1113//470 1076//470 1077//470
f 1113//470 1077//470 1114//470
f 1114//471 1077//471 1078//471
f 1114//471 1078//471 1115//471
f 1115//472 1078//472 1079//472
f 1115//472 1079//472 1116//472
f 1116//473 1079//473 1080//473
f 1116//473 1080//473 1117//473
f 1117//474 1080//474 1081//474
f 1117//474 1081//474 1118//474
f 1118//475 1081//475 1082//475
f 1118//475 1082//475 1119//475
f 1119//476 1082//476 1083//476
f 1119//476 1083//476 1120//476
f 1120//477 1083//477 1084//477
f 1120//477 1084//477 1121//477
f 1121//478 1084//478 1085//478
f 1121//478 1085//478 1122//478
f 1122//479 1085//479 1086//479
f 1122//479 1086//479 1123//479
f 1123//480 1086//480 1087//480
f 1123//480 1087//480 1124//480
f 1124//481 1087//481 1088//481
f 1124//481 1088//481 1125//481
f 1125//482 1088//482 1089//482
f 1125//482 1089//482 1126//482
f 1126//483 1089//483 1090//483
f 1126//483 1090//483 1127//483
f 1127//484 1090//484 1091//484
f 1127//484 1091//484 1128//484
f 1128//485 1091//485 1092//485
f 1128//485 1092//485 1129//485
f 1129//486 1092//486 1093//486
f 1129//486 1093//486 1130//486
f 1130//487 1093//487 1094//487
f 1130//487 1094//487 1131//487
f 1131//488 1094//488 1095//488
f 1131//488 1095//488 1132//488
f 1132//489 1095//489 1096//489
f 1132//489 1096//489 1133//489
f 1133//490 1096//490 1097//490
f 1133//490 1097//490 1134//490
f 1134//491 1097//491 1098//491
f 1134//491 1098//491 1135//491
f 1051//357 1060//357 1059//357
f 1059//492 1060//492 1099//492
f 1059//492 1099//492 1136//492
f 1136//493 1099//493 1100//493
f 1136//493 1100//493 1137//493
f 1137//494 1100//494 1101//494
f 1137//494 1101//494 1138//494
f 1138//495 1101//495 1102//495
f 1138//495 1102//495 1139//495
f 1139//496 1102//496 1103//496
f 1139//496 1103//496 1140//496
f 1140//497 1103//497 1104//497
f 1140//497 1104//497 1141//497
f 1141//498 1104//498 1105//498
f 1141//498 1105//498 1142//498
f 1142//499 1105//499 1106//499
f 1142//499 1106//499 1143//499
f 1143//500 1106//500 1107//500
f 1143//500 1107//500 1144//500
f 1144//501 1107//501 1108//501
f 1144//501 1108//501 1145//501
f 1145//502 1108//502 1109//502
f 1145//502 1109//502 1146//502
f 1146//503 1109//503 1110//503
f 1146//503 1110//503 1147//503
f 1147//504 1110//504 1111//504
f 1147//505 1111//505 1148//505
f 1148//506 1111//506 1112//506
f 1148//506 1112//506 1149//506
f 1149//507 1112//507 1113//507
f 1149//507 1113//507 1150//507
f 1150//508 1113//508 1114//508
f 1150//508 1114//508 1151//508
f 1151//509 1114//509 1115//509
f 1151//509 1115//509 1152//509
f 1152//510 1115//510 1116//510
f 1152//510 1116//510 1153//510
f 1153//511 1116//511 1117//511
f 1153//511 1117//511 1154//511
f 1154//512 1117//512 1118//512
f 1154//512 1118//512 1155//512
f 1155//513 1118//513 1119//513
f 1155//513 1119//513 1156//513
f 1156//514 1119//514 1120//514
f 1156//514 1120//514 1157//514
f 1157//515 1120//515 1121//515
f 1157//515 1121//515 1158//515
f 1158//516 1121//516 1122//516
f 1158//516 1122//516 1159//516
f 1159//517 1122//517 1123//517
f 1159//517 1123//517 1160//517
f 1160//518 1123//518 1124//518
f 1160//518 1124//518 1161//518
f 1161//519 1124//519 1125//519
f 1161//519 1125//519 1162//519
f 1162//520 1125//520 1126//520
f 1162//520 1126//520 1163//520
f 1163//521 1126//521 1127//521
f 1163//521 1127//521 1164//521
f 1164//522 1127//522 1128//522
f 1164//522 1128//522 1165//522
f 1165//523 1128//523 1129//523
f 1165//523 1129//523 1166//523
f 1166//524 1129//524 1130//524
f 1166//524 1130//524 1167//524
f 1167//525 1130//525 1131//525
f 1167//525 1131//525 1168//525
f 1168//526 1131//526 1132//526
f 1168//526 1132//526 1169//526
f 1169//527 1132//527 1133//527
f 1169//527 1133//527 1170//527
f 1170//528 1133//528 1134//528
f 1170//528 1134//528 1171//528
f 1171//529 1134//529 1135//529
f 1171//529 1135//529 1172//529
f 1050//356 1059//356 1058//356
f 1058//530 1059//530 1136//530
f 1058//530 1136//530 1173//530
f 1173//531 1136//531 1137//531
f 1173//531 1137//531 1174//531
f 1174//532 1137//532 1138//532
f 1174//532 1138//532 1175//532
f 1175//533 1138//533 1139//533
f 1175//533 1139//533 1176//533
f 1176//534 1139//534 1140//534
f 1176//534 1140//534 1177//534
f 1177//535 1140//535 1141//535
f 1177//535 1141//535 1178//535
f 1178//536 1141//536 1142//536
f 1178//537 1142//537 1179//537
f 1179//538 1142//538 1143//538
f 1179//538 1143//538 1180//538
f 1180//539 1143//539 1144//539
f 1180//539 1144//539 1181//539
f 1181//540 1144//540 1145//540
f 1181//540 1145//540 1182//540
f 1182//541 1145//541 1146//541
f 1182//541 1146//541 1183//541
f 1183//542 1146//542 1147//542
f 1183//542 1147//542 1184//542
f 1184//543 1147//543 1148//543
f 1184//543 1148//543 1185//543
f 1185//544 1148//544 1149//544
f 1185//544 1149//544 1186//544
f 1186//545 1149//545 1150//545
f 1186//545 1150//545 1187//545
f 1187//546 1150//546 1151//546
f 1187//546 1151//546 1188//546
f 1188//547 1151//547 1152//547
f 1188//547 1152//547 1189//547
f 1189//548 1152//548 1153//548
f 1189//548 1153//548 1190//548
f 1190//549 1153//549 1154//549
f 1190//549 1154//549 1191//549
f 1191//550 1154//550 1155//550
f 1191//550 1155//550 1192//550
f 1192//551 1155//551 1156//551
f 1192//551 1156//551 1193//551
f 1193//552 1156//552 1157//552
f 1193//552 1157//552 1194//552
f 1194//553 1157//553 1158//553
f 1194//553 1158//553 1195//553
f 1195//554 1158//554 1159//554
f 1195//554 1159//554 1196//554
f 1196//555 1159//555 1160//555
f 1196//555 1160//555 1197//555
f 1197//556 1160//556 1161//556
f 1197//556 1161//556 1198//556
f 1198//557 1161//557 1162//557
f 1198//557 1162//557 1199//557
f 1199//558 1162//558 1163//558
f 1199//559 1163//559 1200//559
f 1200//560 1163//560 1164//560
f 1200//560 1164//560 1201//560
f 1201//561 1164//561 1165//561
f 1201//561 1165//561 1202//561
f 1202//562 1165//562 1166//562
f 1202//562 1166//562 1203//562
f 1203//563 1166//563 1167//563
f 1203//563 1167//563 1204//563
f 1204//564 1167//564 1168//564
f 1204//564 1168//564 1205//564
f 1205//565 1168//565 1169//565
f 1205//565 1169//565 1206//565
f 1206//566 1169//566 1170//566
f 1206//566 1170//566 1207//566
f 1207//567 1170//567 1171//567
f 1207//567 1171//567 1208//567
f 1208//568 1171//568 1172//568
f 1208//568 1172//568 1209//568
f 1049//355 1058//355 1057//355
f 1057//569 1058//569 1173//569
f 1057//569 1173//569 1210//569
f 1210//570 1173//570 1174//570
f 1210//570 1174//570 1211//570
f 1211//571 1174//571 1175//571
f 1211//571 1175//571 1212//571
f 1212//572 1175//572 1176//572
f 1212//572 1176//572 1213//572
f 1213//573 1176//573 1177//573
f 1213//573 1177//573 1214//573
f 1214//574 1177//574 1178//574
f 1214//574 1178//574 1215//574
f 1215//575 1178//575 1179//575
f 1215//575 1179//575 1216//575
f 1216//576 1179//576 1180//576
f 1216//576 1180//576 1217//576
f 1217//577 1180//577 1181//577
f 1217//577 1181//577 1218//577
f 1218//578 1181//578 1182//578
f 1218//578 1182//578 1219//578
f 1219//579 1182//579 1183//579
f 1219//579 1183//579 1220//579
f 1220//580 1183//580 1184//580
f 1220//580 1184//580 1221//580
f 1221//581 1184//581 1185//581
f 1221//581 1185//581 1222//581
f 1222//582 1185//582 1186//582
f 1222//582 1186//582 1223//582
f 1223//583 1186//583 1187//583
f 1223//583 1187//583 1224//583
f 1224//584 1187//584 1188//584
f 1224//584 1188//584 1225//584
f 1225//585 1188//585 1189//585
f 1225//585 1189//585 1226//585
f 1226//586 1189//586 1190//586
f 1226//586 1190//586 1227//586
f 1227//587 1190//587 1191//587
f 1227//587 1191//587 1228//587
f 1228//588 1191//588 1192//588
f 1228//588 1192//588 1229//588
f 1229//589 1192//589 1193//589
f 1229//589 1193//589 1230//589
f 1230//590 1193//590 1194//590
f 1230//590 1194//590 1231//590
f 1231//591 1194//591 1195//591
f 1231//591 1195//591 1232//591
f 1232//592 1195//592 1196//592
f 1232//592 1196//592 1233//592
f 1233//593 1196//593 1197//593
f 1233//593 1197//593 1234//593
f 1234//594 1197//594 1198//594
f 1234//594 1198//594 1235//594
f 1235//595 1198//595 1199//595
f 1235//595 1199//595 1236//595
f 1236//596 1199//596 1200//596
f 1236//596 1200//596 1237//596
f 1237//597 1200//597 1201//597
f 1237//597 1201//597 1238//597
f 1238//598 1201//598 1202//598
f 1238//598 1202//598 1239//598
f 1239//599 1202//599 1203//599
f 1239//599 1203//599 1240//599
f 1240//600 1203//600 1204//600
f 1240//600 1204//600 1241//600
f 1241//601 1204//601 1205//601
f 1241//601 1205//601 1242//601
f 1242//602 1205//602 1206//602
f 1242//602 1206//602 1243//602
f 1243//603 1206//603 1207//603
f 1243//603 1207//603 1244//603
f 1244//604 1207//604 1208//604
f 1244//604 1208//604 1245//604
f 1245//605 1208//605 1209//605
f 1245//605 1209//605 1246//605
f 1048//354 1057//354 1056//354
f 1056//606 1057//606 1210//606
f 1056//606 1210//606 1247//606
f 1247//607 1210//607 1211//607
f 1247//607 1211//607 1248//607
f 1248//608 1211//608 1212//608
f 1248//608 1212//608 1249//608
f 1249//609 1212//609 1213//609
f 1249//609 1213//609 1250//609
f 1250//610 1213//610 1214//610
f 1250//610 1214//610 1251//610
f 1251//611 1214//611 1215//611
f 1251//611 1215//611 1252//611
f 1252//612 1215//612 1216//612
f 1252//612 1216//612 1253//612
f 1253//613 1216//613 1217//613
f 1253//613 1217//613 1254//613
f 1254//614 1217//614 1218//614
f 1254//614 1218//614 1255//614
f 1255//615 1218//615 1219//615
f 1255//615 1219//615 1256//615
f 1256//616 1219//616 1220//616
f 1256//616 1220//616 1257//616
f 1257//617 1220//617 1221//617
f 1257//617 1221//617 1258//617
f 1258//618 1221//618 1222//618
f 1258//618 1222//618 1259//618
f 1259//619 1222//619 1223//619
f 1259//619 1223//619 1260//619
f 1260//620 1223//620 1224//620
f 1260//620 1224//620 1261//620
f 1261//621 1224//621 1225//621
f 1261//621 1225//621 1262//621
f 1262//622 1225//622 1226//622
f 1262//622 1226//622 1263//622
f 1263//623 1226//623 1227//623
f 1263//623 1227//623 1264//623
f 1264//624 1227//624 1228//624
f 1264//624 1228//624 1265//624
f 1265//625 1228//625 1229//625
f 1265//625 1229//625 1266//625
f 1266//626 1229//626 1230//626
f 1266//626 1230//626 1267//626
f 1267//627 1230//627 1231//627
f 1267//627 1231//627 1268//627
f 1268//628 1231//628 1232//628
f 1268//628 1232//628 1269//628
f 1269//629 1232//629 1233//629
f 1269//629 1233//629 1270//629
f 1270//630 1233//630 1234//630
f 1270//630 1234//630 1271//630
f 1271//631 1234//631 1235//631
f 1271//631 1235//631 1272//631
f 1272//632 1235//632 1236//632
f 1272//632 1236//632 1273//632
f 1273//633 1236//633 1237//633
f 1273//633 1237//633 1274//633
f 1274//634 1237//634 1238//634
f 1274//634 1238//634 1275//634
f 1275//635 1238//635 1239//635
f 1275//635 1239//635 1276//635
f 1276//636 1239//636 1240//636
f 1276//636 1240//636 1277//636
f 1277//637 1240//637 1241//637
f 1277//637 1241//637 1278//637
f 1278//638 1241//638 1242//638
f 1278//638 1242//638 1279//638
f 1279//639 1242//639 1243//639
f 1279//639 1243//639 1280//639
f 1280//640 1243//640 1244//640
f 1280//640 1244//640 1281//640
f 1281//641 1244//641 1245//641
f 1281//641 1245//641 1282//641
f 1282//642 1245//642 1246//642
f 1282//642 1246//642 1283//642
f 1047//353 1056//353 1055//353
f 1055//643 1056//643 1247//643
f 1055//644 1247//644 1284//644
f 1284//645 1247//645 1248//645
f 1284//645 1248//645 1285//645
f 1285//646 1248//646 1249//646
f 1285//646 1249//646 1286//646
f 1286//647 1249//647 1250//647
f 1286//647 1250//647 1287//647
f 1287//648 1250//648 1251//648
f 1287//648 1251//648 1288//648
f 1288//649 1251//649 1252//649
f 1288//649 1252//649 1289//649
f 1289//650 1252//650 1253//650
f 1289//650 1253//650 1290//650
f 1290//651 1253//651 1254//651
f 1290//651 1254//651 1291//651
f 1291//652 1254//652 1255//652
f 1291//652 1255//652 1292//652
f 1292//653 1255//653 1256//653
f 1292//653 1256//653 1293//653
f 1293//654 1256//654 1257//654
f 1293//654 1257//654 1294//654
f 1294//655 1257//655 1258//655
f 1294//655 1258//655 1295//655
f 1295//656 1258//656 1259//656
f 1295//656 1259//656 1296//656
f 1296//657 1259//657 1260//657
f 1296//657 1260//657 1297//657
f 1297//658 1260//658 1261//658
f 1297//658 1261//658 1298//658
f 1298//659 1261//659 1262//659
f 1298//659 1262//659 1299//659
f 1299//660 1262//660 1263//660
f 1299//660 1263//660 1300//660
f 1300//661 1263//661 1264//661
f 1300//661 1264//661 1301//661
f 1301//662 1264//662 1265//662
f 1301//662 1265//662 1302//662
f 1302//663 1265//663 1266//663
f 1302//663 1266//663 1303//663
f 1303//664 1266//664 1267//664
f 1303//664 1267//664 1304//664
f 1304//665 1267//665 1268//665
f 1304//665 1268//665 1305//665
f 1305//666 1268//666 1269//666
f 1305//666 1269//666 1306//666
f 1306//667 1269//667 1270//667
f 1306//667 1270//667 1307//667
f 1307//668 1270//668 1271//668
f 1307//668 1271//668 1308//668
f 1308//669 1271//669 1272//669
f 1308//669 1272//669 1309//669
f 1309//670 1272//670 1273//670
f 1309//670 1273//670 1310//670
f 1310//671 1273//671 1274//671
f 1310//671 1274//671 1311//671
f 1311//672 1274//672 1275//672
f 1311//672 1275//672 1312//672
f 1312//673 1275//673 1276//673
f 1312//673 1276//673 1313//673
f 1313//674 1276//674 1277//674
f 1313//674 1277//674 1314//674
f 1314//675 1277//675 1278//675
f 1314//675 1278//675 1315//675
f 1315//676 1278//676 1279//676
f 1315//676 1279//676 1316//676
f 1316//677 1279//677 1280//677
f 1316//677 1280//677 1317//677
f 1317//678 1280//678 1281//678
f 1317//678 1281//678 1318//678
f 1318//679 1281//679 1282//679
f 1318//679 1282//679 1319//679
f 1319//680 1282//680 1283//680
f 1319//680 1283//680 1320//680
f 1046//352 1055//352 1054//352
f 1054//681 1055//681 1284//681
f 1054//681 1284//681 1321//681
f 1321//682 1284//682 1285//682
f 1321//682 1285//682 1322//682
f 1322//683 1285//683 1286//683
f 1322//683 1286//683 1323//683
f 1323//684 1286//684 1287//684
f 1323//684 1287//684 1324//684
f 1324//685 1287//685 1288//685
f 1324//685 1288//685 1325//685
f 1325//686 1288//686 1289//686
f 1325//686 1289//686 1326//686
f 1326//687 1289//687 1290//687
f 1326//687 1290//687 1327//687
f 1327//688 1290//688 1291//688
f 1327//688 1291//688 1328//688
f 1328//689 1291//689 1292//689
f 1328//690 1292//690 1329//690
f 1329//691 1292//691 1293//691
f 1329//692 1293//692 1330//692
f 1330//693 1293//693 1294//693
f 1330//693 1294//693 1331//693
f 1331//694 1294//694 1295//694
f 1331//694 1295//694 1332//694
f 1332//695 1295//695 1296//695
f 1332//695 1296//695 1333//695
f 1333//696 1296//696 1297//696
f 1333//696 1297//696 1334//696
f 1334//697 1297//697 1298//697
f 1334//697 1298//697 1335//697
f 1335//698 1298//698 1299//698
f 1335//698 1299//698 1336//698
f 1336//699 1299//699 1300//699
f 1336//699 1300//699 1337//699
f 1337//700 1300//700 1301//700
f 1337//701 1301//701 1338//701
f 1338//702 1301//702 1302//702
f 1338//702 1302//702 1339//702
f 1339//703 1302//703 1303//703
f 1339//703 1303//703 1340//703
f 1340//704 1303//704 1304//704
f 1340//704 1304//704 1341//704
f 1341//705 1304//705 1305//705
f 1341//705 1305//705 1342//705
f 1342//706 1305//706 1306//706
f 1342//706 1306//706 1343//706
f 1343//707 1306//707 1307//707
f 1343//707 1307//707 1344//707
f 1344//708 1307//708 1308//708
f 1344//708 1308//708 1345//708
f 1345//709 1308//709 1309//709
f 1345//709 1309//709 1346//709
f 1346//710 1309//710 1310//710
f 1346//710 1310//710 1347//710
f 1347//711 1310//711 1311//711
f 1347//711 1311//711 1348//711
f 1348//712 1311//712 1312//712
f 1348//712 1312//712 1349//712
f 1349//713 1312//713 1313//713
f 1349//713 1313//713 1350//713
f 1350//714 1313//714 1314//714
f 1350//714 1314//714 1351//714
f 1351//715 1314//715 1315//715
f 1351//715 1315//715 1352//715
f 1352//716 1315//716 1316//716
f 1352//716 1316//716 1353//716
f 1353//717 1316//717 1317//717
f 1353//717 1317//717 1354//717
f 1354//718 1317//718 1318//718
f 1354//718 1318//718 1355//718
f 1355//719 1318//719 1319//719
f 1355//719 1319//719 1356//719
f 1356//720 1319//720 1320//720
f 1356//720 1320//720 1357//720
f 528//351 1054//351 527//351
f 527//721 1054//721 1321//721
f 527//721 1321//721 520//721
f 520//722 1321//722 1322//722
f 520//722 1322//722 518//722
f 518//723 1322//723 1323//723
f 518//723 1323//723 516//723
f 516//724 1323//724 1324//724
f 516//724 1324//724 508//724
f 508//725 1324//725 1325//725
f 508//725 1325//725 509//725
f 509//726 1325//726 1326//726
f 509//726 1326//726 523//726
f 523//727 1326//727 1327//727
f 523//727 1327//727 524//727
f 524//728 1327//728 1328//728
f 524//728 1328//728 525//728
f 525//729 1328//729 1329//729
f 525//729 1329//729 511//729
f 511//730 1329//730 1330//730
f 511//730 1330//730 513//730
f 513//731 1330//731 1331//731
f 513//731 1331//731 514//731
f 514//732 1331//732 1332//732
f 514//732 1332//732 505//732
f 505//733 1332//733 1333//733
f 505//733 1333//733 506//733
f 506//734 1333//734 1334//734
f 506//735 1334//735 502//735
f 502//736 1334//736 1335//736
f 502//736 1335//736 503//736
f 503//737 1335//737 1336//737
f 503//737 1336//737 478//737
f 478//738 1336//738 1337//738
f 478//738 1337//738 496//738
f 496//739 1337//739 1338//739
f 496//739 1338//739 497//739
f 497//740 1338//740 1339//740
f 497//740 1339//740 499//740
f 499//741 1339//741 1340//741
f 499//741 1340//741 500//741
f 500//742 1340//742 1341//742
f 500//742 1341//742 494//742
f 494//743 1341//743 1342//743
f 494//743 1342//743 495//743
f 495//744 1342//744 1343//744
f 495//744 1343//744 486//744
f 486//745 1343//745 1344//745
f 486//745 1344//745 490//745
f 490//746 1344//746 1345//746
f 490//746 1345//746 491//746
f 491//747 1345//747 1346//747
f 491//747 1346//747 535//747
f 535//748 1346//748 1347//748
f 535//748 1347//748 536//748
f 536//749 1347//749 1348//749
f 536//749 1348//749 538//749
f 538//750 1348//750 1349//750
f 538//750 1349//750 483//750
f 483//751 1349//751 1350//751
f 483//751 1350//751 530//751
f 530//752 1350//752 1351//752
f 530//752 1351//752 531//752
f 531//753 1351//753 1352//753
f 531//753 1352//753 532//753
f 532//754 1352//754 1353//754
f 532//754 1353//754 548//754
f 548//755 1353//755 1354//755
f 548//755 1354//755 521//755
f 521//756 1354//756 1355//756
f 521//756 1355//756 522//756
f 522//757 1355//757 1356//757
f 522//757 1356//757 533//757
f 533//758 1356//758 1357//758
f 533//758 1357//758 534//758
f 613//759 712//759 1358//759
f 613//759 1358//759 1098//759
f 1098//760 1358//760 1359//760
f 1098//760 1359//760 1135//760
f 1135//761 1359//761 1360//761
f 1135//761 1360//761 1172//761
f 1172//762 1360//762 1361//762
f 1172//763 1361//763 1209//763
f 1209//764 1361//764 1362//764
f 1209//764 1362//764 1246//764
f 1246//765 1362//765 1363//765
f 1246//765 1363//765 1283//765
f 1283//766 1363//766 1364//766
f 1283//766 1364//766 1320//766
f 1320//767 1364//767 1365//767
f 1320//767 1365//767 1357//767
f 1357//768 1365//768 481//768
f 1357//768 481//768 534//768
f 739//769 737//769 1366//769
f 736//770 734//770 1367//770
f 724//771 722//771 1368//771
f 488//772 487//772 1369//772
f 1369//772 487//772 1370//772
f 1369//773 1370//773 1371//773
f 1371//773 1370//773 1372//773
f 1371//774 1372//774 1373//774
f 1373//774 1372//774 1374//774
f 1373//775 1374//775 1375//775
f 1375//775 1374//775 1376//775
f 1375//776 1376//776 1377//776
f 1377//776 1376//776 1378//776
f 1377//777 1378//777 1379//777
f 1379//777 1378//777 1380//777
f 1379//778 1380//778 1381//778
f 489//779 488//779 1382//779
f 1382//779 488//779 1369//779
f 1382//780 1369//780 1383//780
f 1383//781 1369//781 1371//781
f 1383//782 1371//782 1384//782
f 1384//782 1371//782 1373//782
f 1384//783 1373//783 1385//783
f 1385//783 1373//783 1375//783
f 1385//784 1375//784 1386//784
f 1386//784 1375//784 1377//784
f 1386//785 1377//785 1387//785
f 1387//785 1377//785 1379//785
f 1387//786 1379//786 1388//786
f 1388//786 1379//786 1381//786
f 1388//787 1381//787 1368//787
f 1389//788 1390//788 1391//788
f 546//789 547//789 1392//789
f 1392//789 547//789 1393//789
f 1392//790 1393//790 1394//790
f 1394//790 1393//790 1395//790
f 1394//791 1395//791 1396//791
f 1396//791 1395//791 1397//791
f 1396//792 1397//792 1398//792
f 1398//792 1397//792 1399//792
f 1398//793 1399//793 1400//793
f 1400//793 1399//793 1401//793
f 1400//794 1401//794 1402//794
f 1402//794 1401//794 1403//794
f 1402//795 1403//795 1404//795
f 1404//796 1403//796 1405//796
f 1404//797 1405//797 1406//797
f 1406//798 1405//798 1407//798
f 1406//799 1407//799 707//799
f 707//799 1407//799 720//799
f 547//800 489//800 1393//800
f 1393//800 489//800 1382//800
f 1393//801 1382//801 1395//801
f 1395//801 1382//801 1383//801
f 1395//802 1383//802 1397//802
f 1397//802 1383//802 1384//802
f 1397//803 1384//803 1399//803
f 1399//803 1384//803 1385//803
f 1399//804 1385//804 1401//804
f 1401//804 1385//804 1386//804
f 1401//805 1386//805 1403//805
f 1403//805 1386//805 1387//805
f 1403//806 1387//806 1405//806
f 1405//806 1387//806 1388//806
f 1405//807 1388//807 1407//807
f 1407//807 1388//807 1368//807
f 1407//808 1368//808 720//808
f 720//808 1368//808 722//808
f 1380//778 1389//778 1381//778
f 1381//788 1389//788 1391//788
f 1381//787 1391//787 1368//787
f 1368//809 1391//809 725//809
f 1368//810 725//810 724//810
f 733//811 731//811 1408//811
f 1408//812 731//812 1390//812
f 1408//813 1390//813 1409//813
f 1409//813 1390//813 1389//813
f 1409//814 1389//814 1410//814
f 1410//815 1389//815 1380//815
f 1410//816 1380//816 1411//816
f 1411//816 1380//816 1378//816
f 1411//817 1378//817 1412//817
f 1412//817 1378//817 1376//817
f 1412//818 1376//818 1413//818
f 1413//818 1376//818 1374//818
f 1413//819 1374//819 1414//819
f 1414//819 1374//819 1372//819
f 1414//820 1372//820 1415//820
f 1415//820 1372//820 1370//820
f 1415//821 1370//821 544//821
f 544//821 1370//821 487//821
f 731//822 730//822 1390//822
f 1390//823 730//823 728//823
f 1390//824 728//824 1391//824
f 1391//825 728//825 727//825
f 1391//826 727//826 725//826
f 734//827 733//827 1367//827
f 1367//828 733//828 1408//828
f 1367//829 1408//829 1416//829
f 1416//829 1408//829 1409//829
f 1416//830 1409//830 1417//830
f 1417//831 1409//831 1410//831
f 1417//832 1410//832 1418//832
f 1418//832 1410//832 1411//832
f 1418//833 1411//833 1419//833
f 1419//833 1411//833 1412//833
f 1419//834 1412//834 1420//834
f 1420//834 1412//834 1413//834
f 1420//835 1413//835 1421//835
f 1421//835 1413//835 1414//835
f 1421//836 1414//836 1422//836
f 1422//837 1414//837 1415//837
f 1422//838 1415//838 543//838
f 543//838 1415//838 544//838
f 737//839 736//839 1366//839
f 1366//840 736//840 1367//840
f 1366//841 1367//841 1423//841
f 1423//841 1367//841 1416//841
f 1423//842 1416//842 1424//842
f 1424//843 1416//843 1417//843
f 1424//844 1417//844 1425//844
f 1425//844 1417//844 1418//844
f 1425//845 1418//845 1426//845
f 1426//845 1418//845 1419//845
f 1426//846 1419//846 1427//846
f 1427//846 1419//846 1420//846
f 1427//847 1420//847 1428//847
f 1428//847 1420//847 1421//847
f 1428//848 1421//848 1429//848
f 1429//848 1421//848 1422//848
f 1429//849 1422//849 542//849
f 542//849 1422//849 543//849
f 740//850 739//850 1430//850
f 1430//851 739//851 1366//851
f 1430//852 1366//852 1431//852
f 1431//852 1366//852 1423//852
f 1431//853 1423//853 1432//853
f 1432//854 1423//854 1424//854
f 1432//855 1424//855 1433//855
f 1433//855 1424//855 1425//855
f 1433//856 1425//856 1434//856
f 1434//856 1425//856 1426//856
f 1434//857 1426//857 1435//857
f 1435//857 1426//857 1427//857
f 1435//858 1427//858 1436//858
f 1436//858 1427//858 1428//858
f 1436//859 1428//859 1437//859
f 1437//859 1428//859 1429//859
f 1437//860 1429//860 541//860
f 541//860 1429//860 542//860
f 541//861 482//861 1437//861
f 1437//861 482//861 1438//861
f 1437//862 1438//862 1436//862
f 1436//862 1438//862 1439//862
f 1436//863 1439//863 1435//863
f 1435//863 1439//863 1440//863
f 1435//864 1440//864 1434//864
f 1434//864 1440//864 1441//864
f 1434//865 1441//865 1433//865
f 1433//865 1441//865 1442//865
f 1433//866 1442//866 1432//866
f 1432//867 1442//867 1443//867
f 1432//868 1443//868 1431//868
f 1431//869 1443//869 1444//869
f 1431//870 1444//870 1430//870
f 1430//870 1444//870 1445//870
f 1430//871 1445//871 740//871
f 740//871 1445//871 741//871
f 482//872 481//872 1438//872
f 1438//872 481//872 1365//872
f 1438//873 1365//873 1439//873
f 1439//874 1365//874 1364//874
f 1439//875 1364//875 1440//875
f 1440//875 1364//875 1363//875
f 1440//876 1363//876 1441//876
f 1441//876 1363//876 1362//876
f 1441//877 1362//877 1442//877
f 1442//877 1362//877 1361//877
f 1442//878 1361//878 1443//878
f 1443//878 1361//878 1360//878
f 1443//879 1360//879 1444//879
f 1444//880 1360//880 1359//880
f 1444//881 1359//881 1445//881
f 1445//882 1359//882 1358//882
f 1445//883 1358//883 741//883
f 741//883 1358//883 712//883
f 1446//884 545//884 546//884
f 1447//885 1448//885 1392//885
f 1392//886 1448//886 1449//886
f 1392//887 1449//887 546//887
f 546//888 1449//888 1450//888
f 546//889 1450//889 1446//889
f 1451//890 1452//890 1394//890
f 1394//891 1452//891 1453//891
f 1394//892 1453//892 1392//892
f 1392//893 1453//893 1454//893
f 1392//894 1454//894 1447//894
f 1455//895 1456//895 1396//895
f 1396//896 1456//896 1457//896
f 1396//897 1457//897 1394//897
f 1394//898 1457//898 1458//898
f 1394//899 1458//899 1451//899
f 1459//900 1460//900 1398//900
f 1398//901 1460//901 1461//901
f 1398//902 1461//902 1396//902
f 1396//903 1461//903 1462//903
f 1396//904 1462//904 1455//904
f 1459//905 1398//905 1463//905
f 1463//906 1398//906 1400//906
f 1463//907 1400//907 1464//907
f 1465//908 1466//908 1402//908
f 1402//909 1466//909 1467//909
f 1402//910 1467//910 1400//910
f 1400//911 1467//911 1468//911
f 1400//912 1468//912 1464//912
f 1465//913 1402//913 1469//913
f 1469//914 1402//914 1404//914
f 1469//915 1404//915 1470//915
f 1470//916 1404//916 1471//916
f 1471//917 1404//917 1406//917
f 1471//918 1406//918 1472//918
f 1472//919 1406//919 1473//919
f 1473//920 1406//920 707//920
f 1473//921 707//921 706//921
f 819//922 1474//922 1475//922
f 1474//923 1476//923 1477//923
f 1476//924 1478//924 1479//924
f 1480//925 1481//925 1482//925
f 1483//926 1484//926 1485//926
f 1486//927 610//927 611//927
f 1486//928 611//928 1487//928
f 1487//929 611//929 612//929
f 1487//930 612//930 1488//930
f 612//931 609//931 1488//931
f 1488//932 609//932 608//932
f 1488//933 608//933 1489//933
f 608//934 607//934 1489//934
f 1489//935 607//935 606//935
f 1489//936 606//936 1490//936
f 1490//937 606//937 603//937
f 1490//938 603//938 1491//938
f 1491//939 603//939 604//939
f 1491//940 604//940 1492//940
f 1492//941 604//941 605//941
f 605//942 602//942 1492//942
f 1492//943 602//943 601//943
f 1492//943 601//943 1493//943
f 1493//944 601//944 598//944
f 1493//945 598//945 1494//945
f 598//946 599//946 1494//946
f 1494//947 599//947 600//947
f 1494//948 600//948 1495//948
f 600//949 597//949 1495//949
f 1495//950 597//950 596//950
f 1495//951 596//951 1496//951
f 596//952 595//952 1496//952
f 1496//953 595//953 594//953
f 1496//953 594//953 1497//953
f 1497//954 594//954 591//954
f 1497//955 591//955 1498//955
f 1498//956 591//956 592//956
f 1498//957 592//957 1499//957
f 1499//958 592//958 593//958
f 593//959 590//959 1499//959
f 1499//960 590//960 589//960
f 1499//961 589//961 1500//961
f 1500//962 589//962 586//962
f 1500//963 586//963 1501//963
f 586//964 587//964 1501//964
f 1501//965 587//965 588//965
f 1501//966 588//966 1502//966
f 588//967 585//967 1502//967
f 1502//968 585//968 584//968
f 1502//969 584//969 1503//969
f 584//970 583//970 1503//970
f 1503//971 583//971 582//971
f 1503//972 582//972 1504//972
f 1504//973 582//973 579//973
f 1504//974 579//974 1505//974
f 1505//975 579//975 580//975
f 1505//976 580//976 1506//976
f 1506//977 580//977 581//977
f 581//978 578//978 1506//978
f 1506//979 578//979 577//979
f 1506//980 577//980 1507//980
f 1507//981 577//981 574//981
f 1507//982 574//982 1508//982
f 1508//983 574//983 575//983
f 1508//984 575//984 1509//984
f 1509//985 575//985 576//985
f 576//986 573//986 1509//986
f 1509//987 573//987 572//987
f 1509//988 572//988 1510//988
f 572//989 571//989 1510//989
f 1510//990 571//990 570//990
f 1510//991 570//991 1511//991
f 1511//992 570//992 567//992
f 1511//993 567//993 1512//993
f 567//994 568//994 1512//994
f 1512//995 568//995 569//995
f 1512//996 569//996 1513//996
f 569//997 566//997 1513//997
f 1513//998 566//998 565//998
f 1513//998 565//998 1514//998
f 1514//999 565//999 562//999
f 1514//1000 562//1000 1515//1000
f 1515//1001 562//1001 563//1001
f 1515//1002 563//1002 1516//1002
f 1516//1003 563//1003 564//1003
f 564//1004 561//1004 1516//1004
f 1516//1005 561//1005 560//1005
f 1516//1006 560//1006 1517//1006
f 560//1007 559//1007 1517//1007
f 1517//1008 559//1008 558//1008
f 1517//1008 558//1008 1518//1008
f 1518//1009 558//1009 555//1009
f 1518//1010 555//1010 1519//1010
f 555//1011 556//1011 1519//1011
f 1519//1012 556//1012 557//1012
f 1519//1013 557//1013 1520//1013
f 557//1014 554//1014 1520//1014
f 1520//1015 554//1015 553//1015
f 1520//1016 553//1016 1521//1016
f 1521//1017 553//1017 550//1017
f 1521//1018 550//1018 1522//1018
f 1522//1019 550//1019 551//1019
f 1522//1020 551//1020 1523//1020
f 1523//1021 551//1021 552//1021
f 1523//1022 552//1022 549//1022
f 549//1023 323//1023 325//1023
f 549//1024 325//1024 1523//1024
f 1523//1025 325//1025 351//1025
f 1523//1026 351//1026 352//1026
f 352//1027 1524//1027 1523//1027
f 1523//1028 1524//1028 1525//1028
f 1523//1028 1525//1028 1522//1028
f 1522//1029 1525//1029 1526//1029
f 1522//1029 1526//1029 1521//1029
f 1521//1030 1526//1030 1527//1030
f 1521//1030 1527//1030 1520//1030
f 1520//1031 1527//1031 1528//1031
f 1520//1031 1528//1031 1519//1031
f 1519//1032 1528//1032 1529//1032
f 1519//1032 1529//1032 1518//1032
f 1518//1033 1529//1033 1530//1033
f 1518//1033 1530//1033 1517//1033
f 1517//1034 1530//1034 1531//1034
f 1517//1034 1531//1034 1516//1034
f 1516//1035 1531//1035 1532//1035
f 1516//1035 1532//1035 1515//1035
f 1515//1036 1532//1036 1533//1036
f 1515//1037 1533//1037 1514//1037
f 1514//1038 1533//1038 1534//1038
f 1514//1038 1534//1038 1513//1038
f 1513//1039 1534//1039 1535//1039
f 1513//1039 1535//1039 1512//1039
f 1512//1040 1535//1040 1536//1040
f 1512//1041 1536//1041 1511//1041
f 1511//1042 1536//1042 1537//1042
f 1511//1042 1537//1042 1510//1042
f 1510//1043 1537//1043 1538//1043
f 1510//1043 1538//1043 1509//1043
f 1509//1044 1538//1044 1539//1044
f 1509//1044 1539//1044 1508//1044
f 1508//1045 1539//1045 1540//1045
f 1508//1045 1540//1045 1507//1045
f 1507//1046 1540//1046 1541//1046
f 1507//1046 1541//1046 1506//1046
f 1506//1047 1541//1047 1542//1047
f 1506//1047 1542//1047 1505//1047
f 1505//1048 1542//1048 1543//1048
f 1505//1048 1543//1048 1504//1048
f 1504//1049 1543//1049 1544//1049
f 1504//1049 1544//1049 1503//1049
f 1503//1050 1544//1050 1545//1050
f 1503//1050 1545//1050 1502//1050
f 1502//1051 1545//1051 1546//1051
f 1502//1051 1546//1051 1501//1051
f 1501//1052 1546//1052 1547//1052
f 1501//1052 1547//1052 1500//1052
f 1500//1053 1547//1053 1548//1053
f 1500//1053 1548//1053 1499//1053
f 1499//1054 1548//1054 1549//1054
f 1499//1054 1549//1054 1498//1054
f 1498//1055 1549//1055 1550//1055
f 1498//1055 1550//1055 1497//1055
f 1497//1056 1550//1056 1551//1056
f 1497//1056 1551//1056 1496//1056
f 1496//1057 1551//1057 1552//1057
f 1496//1057 1552//1057 1495//1057
f 1495//1058 1552//1058 1553//1058
f 1495//1058 1553//1058 1494//1058
f 1494//1059 1553//1059 1554//1059
f 1494//1059 1554//1059 1493//1059
f 1493//1060 1554//1060 1555//1060
f 1493//1060 1555//1060 1492//1060
f 1492//1061 1555//1061 1556//1061
f 1492//1061 1556//1061 1491//1061
f 1491//1062 1556//1062 1557//1062
f 1491//1062 1557//1062 1490//1062
f 1490//1063 1557//1063 1558//1063
f 1490//1063 1558//1063 1489//1063
f 1489//1064 1558//1064 1559//1064
f 1489//1064 1559//1064 1488//1064
f 1488//1065 1559//1065 1485//1065
f 1488//1065 1485//1065 1487//1065
f 1487//1066 1485//1066 1484//1066
f 1487//1066 1484//1066 1486//1066
f 1483//926 1485//926 1560//926
f 1560//1067 1485//1067 1559//1067
f 1560//1067 1559//1067 1561//1067
f 1561//1068 1559//1068 1558//1068
f 1561//1068 1558//1068 1562//1068
f 1562//1069 1558//1069 1557//1069
f 1562//1069 1557//1069 1563//1069
f 1563//1070 1557//1070 1556//1070
f 1563//1070 1556//1070 1564//1070
f 1564//1071 1556//1071 1555//1071
f 1564//1071 1555//1071 1565//1071
f 1565//1072 1555//1072 1554//1072
f 1565//1072 1554//1072 1566//1072
f 1566//1073 1554//1073 1553//1073
f 1566//1073 1553//1073 1567//1073
f 1567//1074 1553//1074 1552//1074
f 1567//1074 1552//1074 1568//1074
f 1568//1075 1552//1075 1551//1075
f 1568//1075 1551//1075 1569//1075
f 1569//1076 1551//1076 1550//1076
f 1569//1076 1550//1076 1570//1076
f 1570//1077 1550//1077 1549//1077
f 1570//1077 1549//1077 1571//1077
f 1571//1078 1549//1078 1548//1078
f 1571//1078 1548//1078 1572//1078
f 1572//1079 1548//1079 1547//1079
f 1572//1079 1547//1079 1573//1079
f 1573//1080 1547//1080 1546//1080
f 1573//1080 1546//1080 1574//1080
f 1574//1081 1546//1081 1545//1081
f 1574//1081 1545//1081 1575//1081
f 1575//1082 1545//1082 1544//1082
f 1575//1083 1544//1083 1576//1083
f 1576//1084 1544//1084 1543//1084
f 1576//1084 1543//1084 1577//1084
f 1577//1085 1543//1085 1542//1085
f 1577//1085 1542//1085 1578//1085
f 1578//1086 1542//1086 1541//1086
f 1578//1086 1541//1086 1579//1086
f 1579//1087 1541//1087 1540//1087
f 1579//1087 1540//1087 1580//1087
f 1580//1088 1540//1088 1539//1088
f 1580//1088 1539//1088 1581//1088
f 1581//1089 1539//1089 1538//1089
f 1581//1089 1538//1089 1582//1089
f 1582//1090 1538//1090 1537//1090
f 1582//1090 1537//1090 1583//1090
f 1583//1091 1537//1091 1536//1091
f 1583//1092 1536//1092 1584//1092
f 1584//1093 1536//1093 1535//1093
f 1584//1093 1535//1093 1585//1093
f 1585//1094 1535//1094 1534//1094
f 1585//1094 1534//1094 1586//1094
f 1586//1095 1534//1095 1533//1095
f 1586//1095 1533//1095 1587//1095
f 1587//1096 1533//1096 1532//1096
f 1587//1096 1532//1096 1588//1096
f 1588//1097 1532//1097 1531//1097
f 1588//1097 1531//1097 1589//1097
f 1589//1098 1531//1098 1530//1098
f 1589//1098 1530//1098 1590//1098
f 1590//1099 1530//1099 1529//1099
f 1590//1099 1529//1099 1591//1099
f 1591//1100 1529//1100 1528//1100
f 1591//1100 1528//1100 1592//1100
f 1592//1101 1528//1101 1527//1101
f 1592//1101 1527//1101 1593//1101
f 1593//1102 1527//1102 1526//1102
f 1593//1102 1526//1102 1594//1102
f 1594//1103 1526//1103 1525//1103
f 1594//1103 1525//1103 1595//1103
f 1595//1104 1525//1104 1524//1104
f 1595//1104 1524//1104 1596//1104
f 352//1105 350//1105 1524//1105
f 1524//1106 350//1106 349//1106
f 1524//1107 349//1107 1596//1107
f 1596//1108 349//1108 348//1108
f 1596//1109 348//1109 347//1109
f 347//1110 1597//1110 1596//1110
f 1596//1111 1597//1111 1598//1111
f 1596//1111 1598//1111 1595//1111
f 1595//1112 1598//1112 1599//1112
f 1595//1112 1599//1112 1594//1112
f 1594//1113 1599//1113 1600//1113
f 1594//1113 1600//1113 1593//1113
f 1593//1114 1600//1114 1601//1114
f 1593//1114 1601//1114 1592//1114
f 1592//1115 1601//1115 1602//1115
f 1592//1115 1602//1115 1591//1115
f 1591//1116 1602//1116 1603//1116
f 1591//1116 1603//1116 1590//1116
f 1590//1117 1603//1117 1604//1117
f 1590//1117 1604//1117 1589//1117
f 1589//1118 1604//1118 1605//1118
f 1589//1118 1605//1118 1588//1118
f 1588//1119 1605//1119 1606//1119
f 1588//1119 1606//1119 1587//1119
f 1587//1120 1606//1120 1607//1120
f 1587//1120 1607//1120 1586//1120
f 1586//1121 1607//1121 1608//1121
f 1586//1121 1608//1121 1585//1121
f 1585//1122 1608//1122 1609//1122
f 1585//1122 1609//1122 1584//1122
f 1584//1123 1609//1123 1610//1123
f 1584//1123 1610//1123 1583//1123
f 1583//1124 1610//1124 1611//1124
f 1583//1124 1611//1124 1582//1124
f 1582//1125 1611//1125 1612//1125
f 1582//1125 1612//1125 1581//1125
f 1581//1126 1612//1126 1613//1126
f 1581//1126 1613//1126 1580//1126
f 1580//1127 1613//1127 1614//1127
f 1580//1127 1614//1127 1579//1127
f 1579//1128 1614//1128 1615//1128
f 1579//1128 1615//1128 1578//1128
f 1578//1129 1615//1129 1616//1129
f 1578//1129 1616//1129 1577//1129
f 1577//1130 1616//1130 1617//1130
f 1577//1130 1617//1130 1576//1130
f 1576//1131 1617//1131 1618//1131
f 1576//1131 1618//1131 1575//1131
f 1575//1132 1618//1132 1619//1132
f 1575//1132 1619//1132 1574//1132
f 1574//1133 1619//1133 1620//1133
f 1574//1133 1620//1133 1573//1133
f 1573//1134 1620//1134 1621//1134
f 1573//1134 1621//1134 1572//1134
f 1572//1135 1621//1135 1622//1135
f 1572//1135 1622//1135 1571//1135
f 1571//1136 1622//1136 1623//1136
f 1571//1136 1623//1136 1570//1136
f 1570//1137 1623//1137 1624//1137
f 1570//1137 1624//1137 1569//1137
f 1569//1138 1624//1138 1625//1138
f 1569//1138 1625//1138 1568//1138
f 1568//1139 1625//1139 1626//1139
f 1568//1139 1626//1139 1567//1139
f 1567//1140 1626//1140 1627//1140
f 1567//1140 1627//1140 1566//1140
f 1566//1141 1627//1141 1628//1141
f 1566//1141 1628//1141 1565//1141
f 1565//1142 1628//1142 1629//1142
f 1565//1142 1629//1142 1564//1142
f 1564//1143 1629//1143 1630//1143
f 1564//1143 1630//1143 1563//1143
f 1563//1144 1630//1144 1631//1144
f 1563//1144 1631//1144 1562//1144
f 1562//1145 1631//1145 1632//1145
f 1562//1145 1632//1145 1561//1145
f 1561//1146 1632//1146 1482//1146
f 1561//1146 1482//1146 1560//1146
f 1560//1147 1482//1147 1481//1147
f 1560//1147 1481//1147 1483//1147
f 1480//925 1482//925 1633//925
f 1633//1148 1482//1148 1632//1148
f 1633//1148 1632//1148 1634//1148
f 1634//1149 1632//1149 1631//1149
f 1634//1149 1631//1149 1635//1149
f 1635//1150 1631//1150 1630//1150
f 1635//1150 1630//1150 1636//1150
f 1636//1151 1630//1151 1629//1151
f 1636//1151 1629//1151 1637//1151
f 1637//1152 1629//1152 1628//1152
f 1637//1152 1628//1152 1638//1152
f 1638//1153 1628//1153 1627//1153
f 1638//1153 1627//1153 1639//1153
f 1639//1154 1627//1154 1626//1154
f 1639//1154 1626//1154 1640//1154
f 1640//1155 1626//1155 1625//1155
f 1640//1155 1625//1155 1641//1155
f 1641//1156 1625//1156 1624//1156
f 1641//1156 1624//1156 1642//1156
f 1642//1157 1624//1157 1623//1157
f 1642//1157 1623//1157 1643//1157
f 1643//1158 1623//1158 1622//1158
f 1643//1158 1622//1158 1644//1158
f 1644//1159 1622//1159 1621//1159
f 1644//1159 1621//1159 1645//1159
f 1645//1160 1621//1160 1620//1160
f 1645//1160 1620//1160 1646//1160
f 1646//1161 1620//1161 1619//1161
f 1646//1161 1619//1161 1647//1161
f 1647//1162 1619//1162 1618//1162
f 1647//1163 1618//1163 1648//1163
f 1648//1164 1618//1164 1617//1164
f 1648//1164 1617//1164 1649//1164
f 1649//1165 1617//1165 1616//1165
f 1649//1165 1616//1165 1650//1165
f 1650//1166 1616//1166 1615//1166
f 1650//1166 1615//1166 1651//1166
f 1651//1167 1615//1167 1614//1167
f 1651//1167 1614//1167 1652//1167
f 1652//1168 1614//1168 1613//1168
f 1652//1168 1613//1168 1653//1168
f 1653//1169 1613//1169 1612//1169
f 1653//1169 1612//1169 1654//1169
f 1654//1170 1612//1170 1611//1170
f 1654//1170 1611//1170 1655//1170
f 1655//1171 1611//1171 1610//1171
f 1655//1171 1610//1171 1656//1171
f 1656//1172 1610//1172 1609//1172
f 1656//1172 1609//1172 1657//1172
f 1657//1173 1609//1173 1608//1173
f 1657//1173 1608//1173 1658//1173
f 1658//1174 1608//1174 1607//1174
f 1658//1174 1607//1174 1659//1174
f 1659//1175 1607//1175 1606//1175
f 1659//1175 1606//1175 1660//1175
f 1660//1176 1606//1176 1605//1176
f 1660//1176 1605//1176 1661//1176
f 1661//1177 1605//1177 1604//1177
f 1661//1177 1604//1177 1662//1177
f 1662//1178 1604//1178 1603//1178
f 1662//1178 1603//1178 1663//1178
f 1663//1179 1603//1179 1602//1179
f 1663//1179 1602//1179 1664//1179
f 1664//1180 1602//1180 1601//1180
f 1664//1180 1601//1180 1665//1180
f 1665//1181 1601//1181 1600//1181
f 1665//1181 1600//1181 1666//1181
f 1666//1182 1600//1182 1599//1182
f 1666//1182 1599//1182 1667//1182
f 1667//1183 1599//1183 1598//1183
f 1667//1183 1598//1183 1668//1183
f 1668//1184 1598//1184 1597//1184
f 1668//1184 1597//1184 1669//1184
f 347//1185 346//1185 1597//1185
f 1597//1186 346//1186 345//1186
f 1597//1187 345//1187 1669//1187
f 1669//1188 345//1188 344//1188
f 1669//1189 344//1189 343//1189
f 343//1190 1670//1190 1669//1190
f 1669//1191 1670//1191 1671//1191
f 1669//1191 1671//1191 1668//1191
f 1668//1192 1671//1192 1672//1192
f 1668//1192 1672//1192 1667//1192
f 1667//1193 1672//1193 1673//1193
f 1667//1193 1673//1193 1666//1193
f 1666//1194 1673//1194 1674//1194
f 1666//1194 1674//1194 1665//1194
f 1665//1195 1674//1195 1675//1195
f 1665//1195 1675//1195 1664//1195
f 1664//1196 1675//1196 1676//1196
f 1664//1196 1676//1196 1663//1196
f 1663//1197 1676//1197 1677//1197
f 1663//1197 1677//1197 1662//1197
f 1662//1198 1677//1198 1678//1198
f 1662//1198 1678//1198 1661//1198
f 1661//1199 1678//1199 1679//1199
f 1661//1199 1679//1199 1660//1199
f 1660//1200 1679//1200 1680//1200
f 1660//1200 1680//1200 1659//1200
f 1659//1201 1680//1201 1681//1201
f 1659//1201 1681//1201 1658//1201
f 1658//1202 1681//1202 1682//1202
f 1658//1202 1682//1202 1657//1202
f 1657//1203 1682//1203 1683//1203
f 1657//1203 1683//1203 1656//1203
f 1656//1204 1683//1204 1684//1204
f 1656//1204 1684//1204 1655//1204
f 1655//1205 1684//1205 1685//1205
f 1655//1205 1685//1205 1654//1205
f 1654//1206 1685//1206 1686//1206
f 1654//1206 1686//1206 1653//1206
f 1653//1207 1686//1207 1687//1207
f 1653//1207 1687//1207 1652//1207
f 1652//1208 1687//1208 1688//1208
f 1652//1208 1688//1208 1651//1208
f 1651//1209 1688//1209 1689//1209
f 1651//1209 1689//1209 1650//1209
f 1650//1210 1689//1210 1690//1210
f 1650//1210 1690//1210 1649//1210
f 1649//1211 1690//1211 1691//1211
f 1649//1211 1691//1211 1648//1211
f 1648//1212 1691//1212 1692//1212
f 1648//1212 1692//1212 1647//1212
f 1647//1213 1692//1213 1693//1213
f 1647//1213 1693//1213 1646//1213
f 1646//1214 1693//1214 1694//1214
f 1646//1214 1694//1214 1645//1214
f 1645//1215 1694//1215 1695//1215
f 1645//1215 1695//1215 1644//1215
f 1644//1216 1695//1216 1696//1216
f 1644//1216 1696//1216 1643//1216
f 1643//1217 1696//1217 1697//1217
f 1643//1217 1697//1217 1642//1217
f 1642//1218 1697//1218 1698//1218
f 1642//1218 1698//1218 1641//1218
f 1641//1219 1698//1219 1699//1219
f 1641//1220 1699//1220 1640//1220
f 1640//1221 1699//1221 1700//1221
f 1640//1221 1700//1221 1639//1221
f 1639//1222 1700//1222 1701//1222
f 1639//1222 1701//1222 1638//1222
f 1638//1223 1701//1223 1702//1223
f 1638//1223 1702//1223 1637//1223
f 1637//1224 1702//1224 1703//1224
f 1637//1224 1703//1224 1636//1224
f 1636//1225 1703//1225 1704//1225
f 1636//1225 1704//1225 1635//1225
f 1635//1226 1704//1226 1705//1226
f 1635//1226 1705//1226 1634//1226
f 1634//1227 1705//1227 1479//1227
f 1634//1227 1479//1227 1633//1227
f 1633//1228 1479//1228 1478//1228
f 1633//1228 1478//1228 1480//1228
f 1476//924 1479//924 1477//924
f 1477//1229 1479//1229 1705//1229
f 1477//1229 1705//1229 1706//1229
f 1706//1230 1705//1230 1704//1230
f 1706//1230 1704//1230 1707//1230
f 1707//1231 1704//1231 1703//1231
f 1707//1231 1703//1231 1708//1231
f 1708//1232 1703//1232 1702//1232
f 1708//1232 1702//1232 1709//1232
f 1709//1233 1702//1233 1701//1233
f 1709//1233 1701//1233 1710//1233
f 1710//1234 1701//1234 1700//1234
f 1710//1234 1700//1234 1711//1234
f 1711//1235 1700//1235 1699//1235
f 1711//1235 1699//1235 1712//1235
f 1712//1236 1699//1236 1698//1236
f 1712//1236 1698//1236 1713//1236
f 1713//1237 1698//1237 1697//1237
f 1713//1237 1697//1237 1714//1237
f 1714//1238 1697//1238 1696//1238
f 1714//1238 1696//1238 1715//1238
f 1715//1239 1696//1239 1695//1239
f 1715//1239 1695//1239 1716//1239
f 1716//1240 1695//1240 1694//1240
f 1716//1240 1694//1240 1717//1240
f 1717//1241 1694//1241 1693//1241
f 1717//1241 1693//1241 1718//1241
f 1718//1242 1693//1242 1692//1242
f 1718//1242 1692//1242 1719//1242
f 1719//1243 1692//1243 1691//1243
f 1719//1243 1691//1243 1720//1243
f 1720//1244 1691//1244 1690//1244
f 1720//1244 1690//1244 1721//1244
f 1721//1245 1690//1245 1689//1245
f 1721//1245 1689//1245 1722//1245
f 1722//1246 1689//1246 1688//1246
f 1722//1246 1688//1246 1723//1246
f 1723//1247 1688//1247 1687//1247
f 1723//1247 1687//1247 1724//1247
f 1724//1248 1687//1248 1686//1248
f 1724//1248 1686//1248 1725//1248
f 1725//1249 1686//1249 1685//1249
f 1725//1249 1685//1249 1726//1249
f 1726//1250 1685//1250 1684//1250
f 1726//1250 1684//1250 1727//1250
f 1727//1251 1684//1251 1683//1251
f 1727//1251 1683//1251 1728//1251
f 1728//1252 1683//1252 1682//1252
f 1728//1252 1682//1252 1729//1252
f 1729//1253 1682//1253 1681//1253
f 1729//1253 1681//1253 1730//1253
f 1730//1254 1681//1254 1680//1254
f 1730//1254 1680//1254 1731//1254
f 1731//1255 1680//1255 1679//1255
f 1731//1255 1679//1255 1732//1255
f 1732//1256 1679//1256 1678//1256
f 1732//1256 1678//1256 1733//1256
f 1733//1257 1678//1257 1677//1257
f 1733//1257 1677//1257 1734//1257
f 1734//1258 1677//1258 1676//1258
f 1734//1258 1676//1258 1735//1258
f 1735//1259 1676//1259 1675//1259
f 1735//1259 1675//1259 1736//1259
f 1736//1260 1675//1260 1674//1260
f 1736//1260 1674//1260 1737//1260
f 1737//1261 1674//1261 1673//1261
f 1737//1261 1673//1261 1738//1261
f 1738//1262 1673//1262 1672//1262
f 1738//1262 1672//1262 1739//1262
f 1739//1263 1672//1263 1671//1263
f 1739//1263 1671//1263 1740//1263
f 1740//1264 1671//1264 1670//1264
f 1740//1264 1670//1264 1741//1264
f 343//1265 342//1265 1670//1265
f 1670//1266 342//1266 341//1266
f 1670//1267 341//1267 1741//1267
f 1741//1268 341//1268 340//1268
f 1741//1269 340//1269 339//1269
f 1474//923 1477//923 1475//923
f 1475//1270 1477//1270 1706//1270
f 1475//1270 1706//1270 1742//1270
f 1742//1271 1706//1271 1707//1271
f 1742//1271 1707//1271 1743//1271
f 1743//1272 1707//1272 1708//1272
f 1743//1272 1708//1272 1744//1272
f 1744//1273 1708//1273 1709//1273
f 1744//1273 1709//1273 1745//1273
f 1745//1274 1709//1274 1710//1274
f 1745//1274 1710//1274 1746//1274
f 1746//1275 1710//1275 1711//1275
f 1746//1275 1711//1275 1747//1275
f 1747//1276 1711//1276 1712//1276
f 1747//1276 1712//1276 1748//1276
f 1748//1277 1712//1277 1713//1277
f 1748//1277 1713//1277 1749//1277
f 1749//1278 1713//1278 1714//1278
f 1749//1278 1714//1278 1750//1278
f 1750//1279 1714//1279 1715//1279
f 1750//1279 1715//1279 1751//1279
f 1751//1280 1715//1280 1716//1280
f 1751//1280 1716//1280 1752//1280
f 1752//1281 1716//1281 1717//1281
f 1752//1281 1717//1281 1753//1281
f 1753//1282 1717//1282 1718//1282
f 1753//1282 1718//1282 1754//1282
f 1754//1283 1718//1283 1719//1283
f 1754//1283 1719//1283 1755//1283
f 1755//1284 1719//1284 1720//1284
f 1755//1284 1720//1284 1756//1284
f 1756//1285 1720//1285 1721//1285
f 1756//1285 1721//1285 1757//1285
f 1757//1286 1721//1286 1722//1286
f 1757//1286 1722//1286 1758//1286
f 1758//1287 1722//1287 1723//1287
f 1758//1287 1723//1287 1759//1287
f 1759//1288 1723//1288 1724//1288
f 1759//1289 1724//1289 1760//1289
f 1760//1290 1724//1290 1725//1290
f 1760//1290 1725//1290 1761//1290
f 1761//1291 1725//1291 1726//1291
f 1761//1291 1726//1291 1762//1291
f 1762//1292 1726//1292 1727//1292
f 1762//1292 1727//1292 1763//1292
f 1763//1293 1727//1293 1728//1293
f 1763//1293 1728//1293 1764//1293
f 1764//1294 1728//1294 1729//1294
f 1764//1294 1729//1294 1765//1294
f 1765//1295 1729//1295 1730//1295
f 1765//1295 1730//1295 1766//1295
f 1766//1296 1730//1296 1731//1296
f 1766//1296 1731//1296 1767//1296
f 1767//1297 1731//1297 1732//1297
f 1767//1298 1732//1298 1768//1298
f 1768//1299 1732//1299 1733//1299
f 1768//1299 1733//1299 1769//1299
f 1769//1300 1733//1300 1734//1300
f 1769//1300 1734//1300 1770//1300
f 1770//1301 1734//1301 1735//1301
f 1770//1301 1735//1301 1771//1301
f 1771//1302 1735//1302 1736//1302
f 1771//1302 1736//1302 1772//1302
f 1772//1303 1736//1303 1737//1303
f 1772//1303 1737//1303 1773//1303
f 1773//1304 1737//1304 1738//1304
f 1773//1304 1738//1304 1774//1304
f 1774//1305 1738//1305 1739//1305
f 1774//1305 1739//1305 1775//1305
f 1775//1306 1739//1306 1740//1306
f 1775//1306 1740//1306 1776//1306
f 1776//1307 1740//1307 1741//1307
f 1776//1307 1741//1307 1777//1307
f 1777//1308 1741//1308 339//1308
f 1777//1309 339//1309 338//1309
f 819//922 1475//922 820//922
f 820//1310 1475//1310 1742//1310
f 820//1310 1742//1310 821//1310
f 821//1311 1742//1311 1743//1311
f 821//1311 1743//1311 822//1311
f 822//1312 1743//1312 1744//1312
f 822//1312 1744//1312 823//1312
f 823//1313 1744//1313 1745//1313
f 823//1313 1745//1313 824//1313
f 824//1314 1745//1314 1746//1314
f 824//1314 1746//1314 825//1314
f 825//1315 1746//1315 1747//1315
f 825//1315 1747//1315 814//1315
f 814//1316 1747//1316 1748//1316
f 814//1316 1748//1316 816//1316
f 816//1317 1748//1317 1749//1317
f 816//1317 1749//1317 817//1317
f 817//1318 1749//1318 1750//1318
f 817//1318 1750//1318 784//1318
f 784//1319 1750//1319 1751//1319
f 784//1319 1751//1319 785//1319
f 785//1320 1751//1320 1752//1320
f 785//1320 1752//1320 781//1320
f 781//1321 1752//1321 1753//1321
f 781//1321 1753//1321 782//1321
f 782//1322 1753//1322 1754//1322
f 782//1322 1754//1322 774//1322
f 774//1323 1754//1323 1755//1323
f 774//1323 1755//1323 775//1323
f 775//1324 1755//1324 1756//1324
f 775//1324 1756//1324 769//1324
f 769//1325 1756//1325 1757//1325
f 769//1325 1757//1325 771//1325
f 771//1326 1757//1326 1758//1326
f 771//1326 1758//1326 777//1326
f 777//1327 1758//1327 1759//1327
f 777//1327 1759//1327 778//1327
f 778//1328 1759//1328 1760//1328
f 778//1328 1760//1328 779//1328
f 779//1329 1760//1329 1761//1329
f 779//1329 1761//1329 766//1329
f 766//1330 1761//1330 1762//1330
f 766//1330 1762//1330 767//1330
f 767//1331 1762//1331 1763//1331
f 767//1331 1763//1331 757//1331
f 757//1332 1763//1332 1764//1332
f 757//1332 1764//1332 760//1332
f 760//1333 1764//1333 1765//1333
f 760//1333 1765//1333 761//1333
f 761//1334 1765//1334 1766//1334
f 761//1334 1766//1334 763//1334
f 763//1335 1766//1335 1767//1335
f 763//1335 1767//1335 797//1335
f 797//1336 1767//1336 1768//1336
f 797//1336 1768//1336 798//1336
f 798//1337 1768//1337 1769//1337
f 798//1337 1769//1337 799//1337
f 799//1338 1769//1338 1770//1338
f 799//1338 1770//1338 795//1338
f 795//1339 1770//1339 1771//1339
f 795//1339 1771//1339 796//1339
f 796//1340 1771//1340 1772//1340
f 796//1340 1772//1340 790//1340
f 790//1341 1772//1341 1773//1341
f 790//1341 1773//1341 792//1341
f 792//1342 1773//1342 1774//1342
f 792//1342 1774//1342 793//1342
f 793//1343 1774//1343 1775//1343
f 793//1343 1775//1343 788//1343
f 788//1344 1775//1344 1776//1344
f 788//1344 1776//1344 805//1344
f 805//1345 1776//1345 1777//1345
f 805//1345 1777//1345 804//1345
f 804//1346 1777//1346 338//1346
f 804//1346 338//1346 337//1346
f 819//1347 818//1347 1778//1347
f 819//1347 1778//1347 1474//1347
f 1474//1348 1778//1348 1779//1348
f 1474//1348 1779//1348 1476//1348
f 1476//1349 1779//1349 1780//1349
f 1476//1349 1780//1349 1478//1349
f 1478//1350 1780//1350 1781//1350
f 1478//1350 1781//1350 1480//1350
f 1480//1351 1781//1351 1782//1351
f 1480//1351 1782//1351 1481//1351
f 1481//1352 1782//1352 1783//1352
f 1481//1352 1783//1352 1483//1352
f 1483//1353 1783//1353 1784//1353
f 1483//1353 1784//1353 1484//1353
f 1484//1354 1784//1354 1785//1354
f 1484//1354 1785//1354 1486//1354
f 1486//1355 1785//1355 714//1355
f 1486//1355 714//1355 610//1355
f 744//1356 745//1356 1786//1356
f 746//1357 747//1357 1787//1357
f 754//1358 755//1358 1788//1358
f 813//1359 812//1359 1789//1359
f 1789//1359 812//1359 1790//1359
f 1789//1360 1790//1360 1791//1360
f 1791//1360 1790//1360 1792//1360
f 1791//1361 1792//1361 1793//1361
f 1793//1361 1792//1361 1794//1361
f 1793//1362 1794//1362 1795//1362
f 1795//1362 1794//1362 1796//1362
f 1795//1363 1796//1363 1797//1363
f 1797//1363 1796//1363 1798//1363
f 1797//1364 1798//1364 1799//1364
f 1799//1364 1798//1364 1800//1364
f 1799//1365 1800//1365 1801//1365
f 807//1366 813//1366 1802//1366
f 1802//1366 813//1366 1789//1366
f 1802//1367 1789//1367 1803//1367
f 1803//1367 1789//1367 1791//1367
f 1803//1368 1791//1368 1804//1368
f 1804//1368 1791//1368 1793//1368
f 1804//1369 1793//1369 1805//1369
f 1805//1369 1793//1369 1795//1369
f 1805//1370 1795//1370 1806//1370
f 1806//1370 1795//1370 1797//1370
f 1806//1371 1797//1371 1807//1371
f 1807//1371 1797//1371 1799//1371
f 1807//1372 1799//1372 1808//1372
f 1808//1373 1799//1373 1801//1373
f 1808//1374 1801//1374 1788//1374
f 1809//1375 1810//1375 1811//1375
f 818//1376 808//1376 1778//1376
f 1778//1376 808//1376 1812//1376
f 1778//1377 1812//1377 1779//1377
f 1779//1377 1812//1377 1813//1377
f 1779//1378 1813//1378 1780//1378
f 1780//1378 1813//1378 1814//1378
f 1780//1379 1814//1379 1781//1379
f 1781//1379 1814//1379 1815//1379
f 1781//1380 1815//1380 1782//1380
f 1782//1380 1815//1380 1816//1380
f 1782//1381 1816//1381 1783//1381
f 1783//1381 1816//1381 1817//1381
f 1783//1382 1817//1382 1784//1382
f 1784//1383 1817//1383 1818//1383
f 1784//1384 1818//1384 1785//1384
f 1785//1385 1818//1385 1819//1385
f 1785//1386 1819//1386 714//1386
f 714//1386 1819//1386 756//1386
f 808//1387 807//1387 1812//1387
f 1812//1387 807//1387 1802//1387
f 1812//1388 1802//1388 1813//1388
f 1813//1388 1802//1388 1803//1388
f 1813//1389 1803//1389 1814//1389
f 1814//1389 1803//1389 1804//1389
f 1814//1390 1804//1390 1815//1390
f 1815//1390 1804//1390 1805//1390
f 1815//1391 1805//1391 1816//1391
f 1816//1391 1805//1391 1806//1391
f 1816//1392 1806//1392 1817//1392
f 1817//1392 1806//1392 1807//1392
f 1817//1393 1807//1393 1818//1393
f 1818//1394 1807//1394 1808//1394
f 1818//1395 1808//1395 1819//1395
f 1819//1395 1808//1395 1788//1395
f 1819//1396 1788//1396 756//1396
f 756//1396 1788//1396 755//1396
f 1800//1397 1809//1397 1801//1397
f 1801//1375 1809//1375 1811//1375
f 1801//1374 1811//1374 1788//1374
f 1788//1398 1811//1398 753//1398
f 1788//1399 753//1399 754//1399
f 748//1400 749//1400 1820//1400
f 1820//1401 749//1401 1810//1401
f 1820//1402 1810//1402 1821//1402
f 1821//1402 1810//1402 1809//1402
f 1821//1403 1809//1403 1822//1403
f 1822//1403 1809//1403 1800//1403
f 1822//1404 1800//1404 1823//1404
f 1823//1404 1800//1404 1798//1404
f 1823//1405 1798//1405 1824//1405
f 1824//1405 1798//1405 1796//1405
f 1824//1406 1796//1406 1825//1406
f 1825//1406 1796//1406 1794//1406
f 1825//1407 1794//1407 1826//1407
f 1826//1407 1794//1407 1792//1407
f 1826//1408 1792//1408 1827//1408
f 1827//1408 1792//1408 1790//1408
f 1827//1409 1790//1409 811//1409
f 811//1409 1790//1409 812//1409
f 749//1410 750//1410 1810//1410
f 1810//1411 750//1411 751//1411
f 1810//1412 751//1412 1811//1412
f 1811//1413 751//1413 752//1413
f 1811//1414 752//1414 753//1414
f 747//1415 748//1415 1787//1415
f 1787//1416 748//1416 1820//1416
f 1787//1417 1820//1417 1828//1417
f 1828//1417 1820//1417 1821//1417
f 1828//1418 1821//1418 1829//1418
f 1829//1419 1821//1419 1822//1419
f 1829//1420 1822//1420 1830//1420
f 1830//1420 1822//1420 1823//1420
f 1830//1421 1823//1421 1831//1421
f 1831//1422 1823//1422 1824//1422
f 1831//1423 1824//1423 1832//1423
f 1832//1423 1824//1423 1825//1423
f 1832//1424 1825//1424 1833//1424
f 1833//1424 1825//1424 1826//1424
f 1833//1425 1826//1425 1834//1425
f 1834//1425 1826//1425 1827//1425
f 1834//1426 1827//1426 803//1426
f 803//1426 1827//1426 811//1426
f 745//1427 746//1427 1786//1427
f 1786//1428 746//1428 1787//1428
f 1786//1429 1787//1429 1835//1429
f 1835//1429 1787//1429 1828//1429
f 1835//1430 1828//1430 1836//1430
f 1836//1431 1828//1431 1829//1431
f 1836//1432 1829//1432 1837//1432
f 1837//1432 1829//1432 1830//1432
f 1837//1433 1830//1433 1838//1433
f 1838//1433 1830//1433 1831//1433
f 1838//1434 1831//1434 1839//1434
f 1839//1434 1831//1434 1832//1434
f 1839//1435 1832//1435 1840//1435
f 1840//1435 1832//1435 1833//1435
f 1840//1436 1833//1436 1841//1436
f 1841//1436 1833//1436 1834//1436
f 1841//1437 1834//1437 802//1437
f 802//1437 1834//1437 803//1437
f 743//1438 744//1438 1842//1438
f 1842//1439 744//1439 1786//1439
f 1842//1440 1786//1440 1843//1440
f 1843//1440 1786//1440 1835//1440
f 1843//1441 1835//1441 1844//1441
f 1844//1441 1835//1441 1836//1441
f 1844//1442 1836//1442 1845//1442
f 1845//1442 1836//1442 1837//1442
f 1845//1443 1837//1443 1846//1443
f 1846//1443 1837//1443 1838//1443
f 1846//1444 1838//1444 1847//1444
f 1847//1444 1838//1444 1839//1444
f 1847//1445 1839//1445 1848//1445
f 1848//1445 1839//1445 1840//1445
f 1848//1446 1840//1446 1849//1446
f 1849//1447 1840//1447 1841//1447
f 1849//1448 1841//1448 801//1448
f 801//1448 1841//1448 802//1448
f 801//1449 800//1449 1849//1449
f 1849//1449 800//1449 1850//1449
f 1849//1450 1850//1450 1848//1450
f 1848//1450 1850//1450 1851//1450
f 1848//1451 1851//1451 1847//1451
f 1847//1451 1851//1451 1852//1451
f 1847//1452 1852//1452 1846//1452
f 1846//1452 1852//1452 1853//1452
f 1846//1453 1853//1453 1845//1453
f 1845//1453 1853//1453 1854//1453
f 1845//1454 1854//1454 1844//1454
f 1844//1454 1854//1454 1855//1454
f 1844//1455 1855//1455 1843//1455
f 1843//1456 1855//1456 1856//1456
f 1843//1457 1856//1457 1842//1457
f 1842//1457 1856//1457 1857//1457
f 1842//1458 1857//1458 743//1458
f 743//1458 1857//1458 742//1458
f 800//1459 810//1459 1850//1459
f 1850//1459 810//1459 1858//1459
f 1850//1460 1858//1460 1851//1460
f 1851//1460 1858//1460 1859//1460
f 1851//1461 1859//1461 1852//1461
f 1852//1461 1859//1461 1860//1461
f 1852//1462 1860//1462 1853//1462
f 1853//1463 1860//1463 1861//1463
f 1853//1464 1861//1464 1854//1464
f 1854//1464 1861//1464 1862//1464
f 1854//1465 1862//1465 1855//1465
f 1855//1465 1862//1465 1863//1465
f 1855//1466 1863//1466 1856//1466
f 1856//1466 1863//1466 1864//1466
f 1856//1467 1864//1467 1857//1467
f 1857//1467 1864//1467 1865//1467
f 1857//1468 1865//1468 742//1468
f 742//1468 1865//1468 718//1468
f 1865//1469 1864//1469 1866//1469
f 1866//1470 1867//1470 1865//1470
f 1865//1471 1867//1471 1868//1471
f 1865//1472 1868//1472 718//1472
f 718//1473 1868//1473 1869//1473
f 718//1474 1869//1474 717//1474
f 1870//1475 1863//1475 1871//1475
f 1871//1476 1863//1476 1862//1476
f 1871//1477 1862//1477 1872//1477
f 1870//1478 1873//1478 1863//1478
f 1863//1479 1873//1479 1874//1479
f 1863//1480 1874//1480 1864//1480
f 1864//1481 1874//1481 1875//1481
f 1864//1482 1875//1482 1866//1482
f 1876//1483 1861//1483 1877//1483
f 1877//1484 1861//1484 1860//1484
f 1877//1485 1860//1485 1878//1485
f 1878//1486 1860//1486 1879//1486
f 1876//1487 1880//1487 1861//1487
f 1861//1488 1880//1488 1881//1488
f 1861//1489 1881//1489 1862//1489
f 1862//1490 1881//1490 1882//1490
f 1862//1491 1882//1491 1872//1491
f 1883//1492 1884//1492 1859//1492
f 1859//1493 1884//1493 1885//1493
f 1859//1494 1885//1494 1860//1494
f 1860//1495 1885//1495 1886//1495
f 1860//1496 1886//1496 1879//1496
f 1887//1497 1888//1497 1858//1497
f 1858//1498 1888//1498 1889//1498
f 1858//1499 1889//1499 1859//1499
f 1859//1500 1889//1500 1890//1500
f 1859//1501 1890//1501 1883//1501
f 809//1502 1891//1502 810//1502
f 810//1503 1891//1503 1892//1503
f 810//1504 1892//1504 1858//1504
f 1858//1505 1892//1505 1893//1505
f 1858//1506 1893//1506 1887//1506
f 449//1507 450//1507 477//1507
f 477//1507 450//1507 250//1507
f 477//1507 250//1507 476//1507
f 476//1507 250//1507 248//1507
f 442//1508 441//1508 243//1508
f 243//1508 441//1508 295//1508
f 434//1507 435//1507 433//1507
f 433//1507 435//1507 832//1507
f 433//1507 832//1507 413//1507
f 413//1507 832//1507 414//1507
f 829//1508 843//1508 402//1508
f 402//1508 843//1508 425//1508
f 829//1509 402//1509 401//1509
f 829//1509 401//1509 839//1509
f 839//1510 401//1510 400//1510
f 839//1510 400//1510 840//1510
f 840//1511 400//1511 399//1511
f 840//1511 399//1511 838//1511
f 838//1512 399//1512 405//1512
f 838//1512 405//1512 837//1512
f 837//1513 405//1513 404//1513
f 837//1513 404//1513 836//1513
f 836//1514 404//1514 403//1514
f 836//1514 403//1514 835//1514
f 835//1515 403//1515 398//1515
f 835//1515 398//1515 834//1515
f 834//1516 398//1516 397//1516
f 834//1516 397//1516 833//1516
f 833//1517 397//1517 414//1517
f 833//1517 414//1517 832//1517
f 250//1517 450//1517 451//1517
f 250//1517 451//1517 260//1517
f 260//1516 451//1516 437//1516
f 260//1516 437//1516 262//1516
f 262//1515 437//1515 436//1515
f 262//1515 436//1515 264//1515
f 264//1514 436//1514 448//1514
f 264//1514 448//1514 265//1514
f 265//1513 448//1513 447//1513
f 265//1513 447//1513 255//1513
f 255//1512 447//1512 446//1512
f 255//1512 446//1512 257//1512
f 257//1511 446//1511 445//1511
f 257//1511 445//1511 258//1511
f 258//1510 445//1510 444//1510
f 258//1510 444//1510 245//1510
f 245//1509 444//1509 442//1509
f 245//1509 442//1509 243//1509
f 710//1518 711//1518 831//1518
f 710//1518 831//1518 1894//1518
f 1894//1519 831//1519 830//1519
f 1894//1519 830//1519 1895//1519
f 1895//1520 830//1520 828//1520
f 1895//1520 828//1520 1896//1520
f 1896//1521 828//1521 827//1521
f 1896//1521 827//1521 1897//1521
f 1897//1522 827//1522 826//1522
f 1897//1522 826//1522 1002//1522
f 987//1522 237//1522 253//1522
f 987//1522 253//1522 1898//1522
f 1898//1521 253//1521 252//1521
f 1898//1521 252//1521 1899//1521
f 1899//1520 252//1520 242//1520
f 1899//1520 242//1520 1900//1520
f 1900//1519 242//1519 241//1519
f 1900//1519 241//1519 1901//1519
f 1901//1518 241//1518 247//1518
f 1901//1518 247//1518 715//1518
f 1902//1523 1903//1523 1904//1523
f 1904//1524 1903//1524 1905//1524
f 1904//1525 1905//1525 1906//1525
f 1906//1526 1907//1526 1904//1526
f 1904//1527 1907//1527 1908//1527
f 1904//1528 1908//1528 1909//1528
f 1909//1529 1910//1529 1904//1529
f 1904//1530 1910//1530 1911//1530
f 1904//1531 1911//1531 1912//1531
f 1904//1532 1913//1532 1914//1532
f 1914//1533 1915//1533 1904//1533
f 1904//1534 1915//1534 1916//1534
f 1904//1535 1916//1535 1917//1535
f 1917//1536 1918//1536 1904//1536
f 1904//1537 1918//1537 1919//1537
f 1904//1538 1919//1538 1902//1538
f 1912//1539 122//1539 1904//1539
f 1904//1540 122//1540 217//1540
f 1904//1541 217//1541 1913//1541
f 1913//1542 217//1542 1920//1542
f 214//1543 1921//1543 216//1543
f 216//1544 1921//1544 1922//1544
f 1922//1545 1923//1545 216//1545
f 216//1546 1923//1546 1924//1546
f 216//1547 1924//1547 217//1547
f 217//1548 1924//1548 1925//1548
f 217//1549 1925//1549 1920//1549
f 1926//1550 1927//1550 221//1550
f 221//1551 1927//1551 1928//1551
f 221//1552 1928//1552 223//1552
f 223//1553 1928//1553 1929//1553
f 223//1554 1929//1554 224//1554
f 221//1555 219//1555 1930//1555
f 1931//1556 1932//1556 1926//1556
f 1926//1557 1932//1557 1933//1557
f 1926//1558 1933//1558 1927//1558
f 1934//1559 1935//1559 1926//1559
f 1926//1560 1935//1560 1936//1560
f 1926//1561 1936//1561 1931//1561
f 1937//1562 1938//1562 1926//1562
f 1937//1563 1926//1563 1939//1563
f 221//1564 1930//1564 1926//1564
f 1926//1565 1930//1565 1940//1565
f 1926//1566 1940//1566 1939//1566
f 1938//1567 1941//1567 1926//1567
f 1926//1568 1941//1568 1942//1568
f 1926//1569 1942//1569 1943//1569
f 1943//1570 1944//1570 1926//1570
f 1926//1571 1944//1571 1945//1571
f 1926//1572 1945//1572 1946//1572
f 1946//1573 1947//1573 1926//1573
f 1926//1574 1947//1574 1948//1574
f 1926//1575 1948//1575 1934//1575
f 1930//1576 219//1576 1949//1576
f 1949//1577 219//1577 218//1577
f 1949//1578 218//1578 1950//1578
f 1950//1579 218//1579 150//1579
f 1950//1580 150//1580 1951//1580
f 1951//1581 150//1581 148//1581
f 1951//1582 148//1582 1952//1582
f 1952//1583 148//1583 1953//1583
f 1953//1584 148//1584 147//1584
f 1953//1585 147//1585 1954//1585
f 1954//1586 147//1586 1955//1586
f 1955//1587 147//1587 145//1587
f 1955//1588 145//1588 545//1588
f 1952//1589 1953//1589 1956//1589
f 1955//1590 545//1590 1446//1590
f 1954//1591 1955//1591 1957//1591
f 1953//1592 1954//1592 1958//1592
f 1952//1593 1956//1593 1951//1593
f 1950//1594 1951//1594 1959//1594
f 1949//1595 1950//1595 1960//1595
f 1930//1596 1949//1596 1961//1596
f 1955//1597 1446//1597 1957//1597
f 1957//1598 1446//1598 1450//1598
f 1957//1599 1450//1599 1962//1599
f 1962//1600 1450//1600 1449//1600
f 1962//1601 1449//1601 1963//1601
f 1963//1602 1449//1602 1448//1602
f 1963//1603 1448//1603 1964//1603
f 1448//1604 1447//1604 1964//1604
f 1964//1605 1447//1605 1454//1605
f 1964//1606 1454//1606 1965//1606
f 1965//1607 1454//1607 1453//1607
f 1965//1608 1453//1608 1966//1608
f 1966//1609 1453//1609 1452//1609
f 1966//1610 1452//1610 1967//1610
f 1967//1611 1452//1611 1451//1611
f 1967//1612 1451//1612 1968//1612
f 1451//1613 1458//1613 1968//1613
f 1968//1614 1458//1614 1457//1614
f 1968//1615 1457//1615 1969//1615
f 1969//1616 1457//1616 1456//1616
f 1969//1617 1456//1617 1970//1617
f 1970//1618 1456//1618 1455//1618
f 1970//1619 1455//1619 1971//1619
f 1455//1620 1462//1620 1971//1620
f 1971//1621 1462//1621 1461//1621
f 1971//1622 1461//1622 1972//1622
f 1972//1623 1461//1623 1460//1623
f 1459//1624 1973//1624 1460//1624
f 1460//1625 1973//1625 1974//1625
f 1460//1626 1974//1626 1972//1626
f 1459//1627 1463//1627 1973//1627
f 1973//1628 1463//1628 1464//1628
f 1973//1629 1464//1629 1975//1629
f 1975//1630 1464//1630 1468//1630
f 1975//1631 1468//1631 1976//1631
f 1468//1632 1467//1632 1976//1632
f 1976//1633 1467//1633 1466//1633
f 1976//1634 1466//1634 1977//1634
f 1977//1635 1466//1635 1978//1635
f 1466//1636 1465//1636 1978//1636
f 1978//1637 1465//1637 1469//1637
f 1978//1638 1469//1638 1979//1638
f 1469//1639 1470//1639 1979//1639
f 1979//1640 1470//1640 1471//1640
f 1979//1641 1471//1641 1980//1641
f 1980//1642 1471//1642 1472//1642
f 1472//1643 1473//1643 1980//1643
f 1980//1644 1473//1644 706//1644
f 1980//1645 706//1645 1981//1645
f 1954//1646 1957//1646 1958//1646
f 1958//1647 1957//1647 1962//1647
f 1958//1648 1962//1648 1982//1648
f 1982//1649 1962//1649 1963//1649
f 1982//1650 1963//1650 1983//1650
f 1983//1651 1963//1651 1964//1651
f 1983//1652 1964//1652 1984//1652
f 1984//1653 1964//1653 1965//1653
f 1984//1654 1965//1654 1985//1654
f 1985//1655 1965//1655 1966//1655
f 1985//1656 1966//1656 1986//1656
f 1986//1657 1966//1657 1967//1657
f 1986//1658 1967//1658 1987//1658
f 1987//1659 1967//1659 1968//1659
f 1987//1660 1968//1660 1988//1660
f 1988//1661 1968//1661 1969//1661
f 1988//1662 1969//1662 1989//1662
f 1989//1663 1969//1663 1970//1663
f 1989//1664 1970//1664 1990//1664
f 1990//1665 1970//1665 1971//1665
f 1990//1666 1971//1666 1991//1666
f 1991//1667 1971//1667 1972//1667
f 1991//1668 1972//1668 1992//1668
f 1992//1669 1972//1669 1974//1669
f 1992//1670 1974//1670 1993//1670
f 1993//1671 1974//1671 1973//1671
f 1993//1672 1973//1672 1994//1672
f 1994//1673 1973//1673 1975//1673
f 1994//1674 1975//1674 1995//1674
f 1995//1675 1975//1675 1976//1675
f 1995//1676 1976//1676 1996//1676
f 1996//1677 1976//1677 1977//1677
f 1996//1678 1977//1678 1997//1678
f 1997//1679 1977//1679 1978//1679
f 1997//1680 1978//1680 1998//1680
f 1998//1681 1978//1681 1979//1681
f 1998//1682 1979//1682 1999//1682
f 1999//1683 1979//1683 1980//1683
f 1999//1684 1980//1684 2000//1684
f 2000//1685 1980//1685 1981//1685
f 2000//1686 1981//1686 2001//1686
f 1953//1687 1958//1687 1956//1687
f 1956//1688 1958//1688 1982//1688
f 1956//1689 1982//1689 2002//1689
f 2002//1690 1982//1690 1983//1690
f 2002//1691 1983//1691 2003//1691
f 2003//1692 1983//1692 1984//1692
f 2003//1693 1984//1693 2004//1693
f 2004//1694 1984//1694 1985//1694
f 2004//1695 1985//1695 2005//1695
f 2005//1696 1985//1696 1986//1696
f 2005//1697 1986//1697 2006//1697
f 2006//1698 1986//1698 1987//1698
f 2006//1699 1987//1699 2007//1699
f 2007//1700 1987//1700 1988//1700
f 2007//1701 1988//1701 2008//1701
f 2008//1702 1988//1702 1989//1702
f 2008//1703 1989//1703 2009//1703
f 2009//1704 1989//1704 1990//1704
f 2009//1705 1990//1705 2010//1705
f 2010//1706 1990//1706 1991//1706
f 2010//1707 1991//1707 2011//1707
f 2011//1708 1991//1708 1992//1708
f 2011//1709 1992//1709 2012//1709
f 2012//1710 1992//1710 1993//1710
f 2012//1711 1993//1711 2013//1711
f 2013//1712 1993//1712 1994//1712
f 2013//1713 1994//1713 2014//1713
f 2014//1714 1994//1714 1995//1714
f 2014//1715 1995//1715 2015//1715
f 2015//1716 1995//1716 1996//1716
f 2015//1717 1996//1717 2016//1717
f 2016//1718 1996//1718 1997//1718
f 2016//1719 1997//1719 2017//1719
f 2017//1720 1997//1720 1998//1720
f 2017//1721 1998//1721 2018//1721
f 2018//1722 1998//1722 1999//1722
f 2018//1723 1999//1723 2019//1723
f 2019//1724 1999//1724 2000//1724
f 2019//1725 2000//1725 2020//1725
f 2020//1726 2000//1726 2001//1726
f 2020//1727 2001//1727 2021//1727
f 1951//1728 1956//1728 1959//1728
f 1959//1729 1956//1729 2002//1729
f 1959//1730 2002//1730 2022//1730
f 2022//1731 2002//1731 2003//1731
f 2022//1732 2003//1732 2023//1732
f 2023//1733 2003//1733 2004//1733
f 2023//1734 2004//1734 2024//1734
f 2024//1735 2004//1735 2005//1735
f 2024//1736 2005//1736 2025//1736
f 2025//1737 2005//1737 2006//1737
f 2025//1738 2006//1738 2026//1738
f 2026//1739 2006//1739 2007//1739
f 2026//1740 2007//1740 2027//1740
f 2027//1741 2007//1741 2008//1741
f 2027//1742 2008//1742 2028//1742
f 2028//1743 2008//1743 2009//1743
f 2028//1744 2009//1744 2029//1744
f 2029//1745 2009//1745 2010//1745
f 2029//1746 2010//1746 2030//1746
f 2030//1747 2010//1747 2011//1747
f 2030//1748 2011//1748 2031//1748
f 2031//1749 2011//1749 2012//1749
f 2031//1750 2012//1750 2032//1750
f 2032//1751 2012//1751 2013//1751
f 2032//1752 2013//1752 2033//1752
f 2033//1753 2013//1753 2014//1753
f 2033//1754 2014//1754 2034//1754
f 2034//1755 2014//1755 2015//1755
f 2034//1756 2015//1756 2035//1756
f 2035//1757 2015//1757 2016//1757
f 2035//1758 2016//1758 2036//1758
f 2036//1759 2016//1759 2017//1759
f 2036//1760 2017//1760 2037//1760
f 2037//1761 2017//1761 2018//1761
f 2037//1762 2018//1762 2038//1762
f 2038//1763 2018//1763 2019//1763
f 2038//1764 2019//1764 2039//1764
f 2039//1765 2019//1765 2020//1765
f 2039//1766 2020//1766 2040//1766
f 2040//1767 2020//1767 2021//1767
f 2040//1768 2021//1768 2041//1768
f 1950//1769 1959//1769 1960//1769
f 1960//1770 1959//1770 2022//1770
f 1960//1771 2022//1771 2042//1771
f 2042//1772 2022//1772 2023//1772
f 2042//1773 2023//1773 2043//1773
f 2043//1774 2023//1774 2024//1774
f 2043//1775 2024//1775 2044//1775
f 2044//1776 2024//1776 2025//1776
f 2044//1777 2025//1777 2045//1777
f 2045//1778 2025//1778 2026//1778
f 2045//1779 2026//1779 2046//1779
f 2046//1780 2026//1780 2027//1780
f 2046//1781 2027//1781 2047//1781
f 2047//1782 2027//1782 2028//1782
f 2047//1783 2028//1783 2048//1783
f 2048//1784 2028//1784 2029//1784
f 2048//1785 2029//1785 2049//1785
f 2049//1786 2029//1786 2030//1786
f 2049//1787 2030//1787 2050//1787
f 2050//1788 2030//1788 2031//1788
f 2050//1789 2031//1789 2051//1789
f 2051//1790 2031//1790 2032//1790
f 2051//1791 2032//1791 2052//1791
f 2052//1792 2032//1792 2033//1792
f 2052//1793 2033//1793 2053//1793
f 2053//1794 2033//1794 2034//1794
f 2053//1795 2034//1795 2054//1795
f 2054//1796 2034//1796 2035//1796
f 2054//1797 2035//1797 2055//1797
f 2055//1798 2035//1798 2036//1798
f 2055//1799 2036//1799 2056//1799
f 2056//1800 2036//1800 2037//1800
f 2056//1801 2037//1801 2057//1801
f 2057//1802 2037//1802 2038//1802
f 2057//1803 2038//1803 2058//1803
f 2058//1804 2038//1804 2039//1804
f 2058//1805 2039//1805 2059//1805
f 2059//1806 2039//1806 2040//1806
f 2059//1807 2040//1807 2060//1807
f 2060//1808 2040//1808 2041//1808
f 2060//1809 2041//1809 2061//1809
f 1949//1810 1960//1810 1961//1810
f 1961//1811 1960//1811 2042//1811
f 1961//1812 2042//1812 2062//1812
f 2062//1813 2042//1813 2043//1813
f 2062//1814 2043//1814 2063//1814
f 2063//1815 2043//1815 2044//1815
f 2063//1816 2044//1816 2064//1816
f 2064//1817 2044//1817 2045//1817
f 2064//1818 2045//1818 2065//1818
f 2065//1819 2045//1819 2046//1819
f 2065//1820 2046//1820 2066//1820
f 2066//1821 2046//1821 2047//1821
f 2066//1822 2047//1822 2067//1822
f 2067//1823 2047//1823 2048//1823
f 2067//1824 2048//1824 2068//1824
f 2068//1825 2048//1825 2049//1825
f 2068//1826 2049//1826 2069//1826
f 2069//1827 2049//1827 2050//1827
f 2069//1828 2050//1828 2070//1828
f 2070//1829 2050//1829 2051//1829
f 2070//1830 2051//1830 2071//1830
f 2071//1831 2051//1831 2052//1831
f 2071//1832 2052//1832 2072//1832
f 2072//1833 2052//1833 2053//1833
f 2072//1834 2053//1834 2073//1834
f 2073//1835 2053//1835 2054//1835
f 2073//1836 2054//1836 2074//1836
f 2074//1837 2054//1837 2055//1837
f 2074//1838 2055//1838 2075//1838
f 2075//1839 2055//1839 2056//1839
f 2075//1840 2056//1840 2076//1840
f 2076//1841 2056//1841 2057//1841
f 2076//1842 2057//1842 2077//1842
f 2077//1843 2057//1843 2058//1843
f 2077//1844 2058//1844 2078//1844
f 2078//1845 2058//1845 2059//1845
f 2078//1846 2059//1846 2079//1846
f 2079//1847 2059//1847 2060//1847
f 2079//1848 2060//1848 2080//1848
f 2080//1849 2060//1849 2061//1849
f 2080//1850 2061//1850 2081//1850
f 1930//1851 1961//1851 1940//1851
f 1940//1852 1961//1852 2062//1852
f 1940//1853 2062//1853 1939//1853
f 1939//1854 2062//1854 2063//1854
f 1939//1855 2063//1855 1937//1855
f 1937//1856 2063//1856 2064//1856
f 1937//1857 2064//1857 1938//1857
f 1938//1858 2064//1858 2065//1858
f 1938//1859 2065//1859 1941//1859
f 1941//1860 2065//1860 2066//1860
f 1941//1861 2066//1861 1942//1861
f 1942//1862 2066//1862 2067//1862
f 1942//1863 2067//1863 1943//1863
f 1943//1864 2067//1864 2068//1864
f 1943//1865 2068//1865 1944//1865
f 1944//1866 2068//1866 2069//1866
f 1944//1867 2069//1867 1945//1867
f 1945//1868 2069//1868 2070//1868
f 1945//1869 2070//1869 1946//1869
f 1946//1870 2070//1870 2071//1870
f 1946//1871 2071//1871 1947//1871
f 1947//1872 2071//1872 2072//1872
f 1947//1873 2072//1873 1948//1873
f 1948//1874 2072//1874 2073//1874
f 1948//1875 2073//1875 1934//1875
f 1934//1876 2073//1876 2074//1876
f 1934//1877 2074//1877 1935//1877
f 1935//1878 2074//1878 2075//1878
f 1935//1879 2075//1879 1936//1879
f 1936//1880 2075//1880 2076//1880
f 1936//1881 2076//1881 1931//1881
f 1931//1882 2076//1882 2077//1882
f 1931//1883 2077//1883 1932//1883
f 1932//1884 2077//1884 2078//1884
f 1932//1885 2078//1885 1933//1885
f 1933//1886 2078//1886 2079//1886
f 1933//1887 2079//1887 1927//1887
f 1927//1888 2079//1888 2080//1888
f 1927//1889 2080//1889 1928//1889
f 1928//1890 2080//1890 2081//1890
f 1928//1891 2081//1891 1929//1891
f 224//1892 1929//1892 193//1892
f 193//1893 1929//1893 2081//1893
f 2061//1894 205//1894 2081//1894
f 2081//1895 205//1895 204//1895
f 2081//1896 204//1896 193//1896
f 2082//1897 183//1897 2083//1897
f 2083//1898 183//1898 182//1898
f 2083//1899 182//1899 2084//1899
f 2085//1900 2086//1900 2087//1900
f 2087//1901 2086//1901 2088//1901
f 2087//1902 2088//1902 2083//1902
f 2083//1903 2088//1903 2089//1903
f 2083//1904 2089//1904 2082//1904
f 2090//1905 2091//1905 2092//1905
f 2090//1906 2092//1906 2087//1906
f 2087//1907 2092//1907 2093//1907
f 2087//1908 2093//1908 2085//1908
f 2091//1909 2090//1909 2094//1909
f 2094//1910 2090//1910 2095//1910
f 2094//1911 2095//1911 2096//1911
f 2096//1912 2095//1912 2097//1912
f 2097//1913 2095//1913 708//1913
f 2097//1914 708//1914 710//1914
f 706//1915 708//1915 1981//1915
f 1981//1916 708//1916 2095//1916
f 1981//1917 2095//1917 2001//1917
f 2001//1918 2095//1918 2090//1918
f 2001//1919 2090//1919 2021//1919
f 2021//1920 2090//1920 2087//1920
f 2021//1921 2087//1921 2041//1921
f 2041//1922 2087//1922 2083//1922
f 2041//1923 2083//1923 2061//1923
f 2061//1924 2083//1924 2084//1924
f 2061//1925 2084//1925 205//1925
f 205//1926 2084//1926 182//1926
f 809//1927 166//1927 2098//1927
f 2098//1928 166//1928 165//1928
f 2098//1929 165//1929 2099//1929
f 2099//1930 165//1930 2100//1930
f 2100//1931 165//1931 135//1931
f 2100//1932 135//1932 2101//1932
f 2101//1933 135//1933 2102//1933
f 2102//1934 135//1934 134//1934
f 2102//1935 134//1935 2103//1935
f 2103//1936 134//1936 2104//1936
f 2104//1937 134//1937 122//1937
f 2104//1938 122//1938 1912//1938
f 1868//1939 1867//1939 2105//1939
f 1866//1940 1875//1940 2106//1940
f 1874//1941 1873//1941 2107//1941
f 1871//1942 1872//1942 2108//1942
f 1881//1943 1880//1943 2109//1943
f 1878//1944 1879//1944 2110//1944
f 1884//1945 1883//1945 2111//1945
f 1887//1946 1893//1946 2112//1946
f 1912//1947 1911//1947 2104//1947
f 2104//1948 1911//1948 2113//1948
f 2104//1949 2113//1949 2103//1949
f 2103//1950 2113//1950 2114//1950
f 2103//1951 2114//1951 2102//1951
f 2102//1952 2114//1952 2115//1952
f 2102//1953 2115//1953 2101//1953
f 2101//1954 2115//1954 2116//1954
f 1891//1955 809//1955 2117//1955
f 2117//1956 809//1956 2098//1956
f 2117//1957 2098//1957 2118//1957
f 2118//1958 2098//1958 2099//1958
f 2118//1959 2099//1959 2116//1959
f 2116//1960 2099//1960 2100//1960
f 2116//1961 2100//1961 2101//1961
f 1892//1962 1891//1962 2119//1962
f 2119//1963 1891//1963 2117//1963
f 2119//1964 2117//1964 2120//1964
f 2120//1965 2117//1965 2118//1965
f 2120//1966 2118//1966 2121//1966
f 2121//1967 2118//1967 2116//1967
f 2121//1968 2116//1968 2122//1968
f 2122//1969 2116//1969 2115//1969
f 2122//1970 2115//1970 2123//1970
f 2123//1971 2115//1971 2114//1971
f 2123//1972 2114//1972 2124//1972
f 2124//1973 2114//1973 2113//1973
f 2124//1974 2113//1974 1910//1974
f 1910//1975 2113//1975 1911//1975
f 1893//1976 1892//1976 2112//1976
f 2112//1977 1892//1977 2119//1977
f 2112//1978 2119//1978 2125//1978
f 2125//1979 2119//1979 2120//1979
f 2125//1980 2120//1980 2126//1980
f 2126//1981 2120//1981 2121//1981
f 2126//1982 2121//1982 2127//1982
f 2127//1983 2121//1983 2122//1983
f 2127//1984 2122//1984 2128//1984
f 2128//1985 2122//1985 2123//1985
f 2128//1986 2123//1986 2129//1986
f 2129//1987 2123//1987 2124//1987
f 2129//1988 2124//1988 1909//1988
f 1909//1989 2124//1989 1910//1989
f 1888//1990 1887//1990 2130//1990
f 2130//1991 1887//1991 2112//1991
f 2130//1992 2112//1992 2131//1992
f 2131//1993 2112//1993 2125//1993
f 2131//1994 2125//1994 2132//1994
f 2132//1995 2125//1995 2126//1995
f 2132//1996 2126//1996 2133//1996
f 2133//1997 2126//1997 2127//1997
f 2133//1998 2127//1998 2134//1998
f 2134//1999 2127//1999 2128//1999
f 2134//2000 2128//2000 2135//2000
f 2135//2001 2128//2001 2129//2001
f 2135//2002 2129//2002 1908//2002
f 1908//2003 2129//2003 1909//2003
f 1889//2004 1888//2004 2136//2004
f 2136//2005 1888//2005 2130//2005
f 2136//2006 2130//2006 2137//2006
f 2137//2007 2130//2007 2131//2007
f 2137//2008 2131//2008 2138//2008
f 2138//2009 2131//2009 2132//2009
f 2138//2010 2132//2010 2139//2010
f 2139//2011 2132//2011 2133//2011
f 2139//2012 2133//2012 2140//2012
f 2140//2013 2133//2013 2134//2013
f 2140//2014 2134//2014 2141//2014
f 2141//2015 2134//2015 2135//2015
f 2141//2016 2135//2016 1907//2016
f 1907//2017 2135//2017 1908//2017
f 1890//2018 1889//2018 2142//2018
f 2142//2019 1889//2019 2136//2019
f 2142//2020 2136//2020 2143//2020
f 2143//2021 2136//2021 2137//2021
f 2143//2022 2137//2022 2144//2022
f 2144//2023 2137//2023 2138//2023
f 2144//2024 2138//2024 2145//2024
f 2145//2025 2138//2025 2139//2025
f 2145//2026 2139//2026 2146//2026
f 2146//2027 2139//2027 2140//2027
f 2146//2028 2140//2028 2147//2028
f 2147//2029 2140//2029 2141//2029
f 2147//2030 2141//2030 1906//2030
f 1906//2031 2141//2031 1907//2031
f 1883//2032 1890//2032 2111//2032
f 2111//2033 1890//2033 2142//2033
f 2111//2034 2142//2034 2148//2034
f 2148//2035 2142//2035 2143//2035
f 2148//2036 2143//2036 2149//2036
f 2149//2037 2143//2037 2144//2037
f 2149//2038 2144//2038 2150//2038
f 2150//2039 2144//2039 2145//2039
f 2150//2040 2145//2040 2151//2040
f 2151//2041 2145//2041 2146//2041
f 2151//2042 2146//2042 2152//2042
f 2152//2043 2146//2043 2147//2043
f 2152//2044 2147//2044 1905//2044
f 1905//2045 2147//2045 1906//2045
f 1885//2046 1884//2046 2153//2046
f 2153//2047 1884//2047 2111//2047
f 2153//2048 2111//2048 2154//2048
f 2154//2049 2111//2049 2148//2049
f 2154//2050 2148//2050 2155//2050
f 2155//2051 2148//2051 2149//2051
f 2155//2052 2149//2052 2156//2052
f 2156//2053 2149//2053 2150//2053
f 2156//2054 2150//2054 2157//2054
f 2157//2055 2150//2055 2151//2055
f 2157//2056 2151//2056 2158//2056
f 2158//2057 2151//2057 2152//2057
f 2158//2058 2152//2058 1903//2058
f 1903//2059 2152//2059 1905//2059
f 1886//2060 1885//2060 2159//2060
f 2159//2061 1885//2061 2153//2061
f 2159//2062 2153//2062 2160//2062
f 2160//2063 2153//2063 2154//2063
f 2160//2064 2154//2064 2161//2064
f 2161//2065 2154//2065 2155//2065
f 2161//2066 2155//2066 2162//2066
f 2162//2067 2155//2067 2156//2067
f 2162//2068 2156//2068 2163//2068
f 2163//2069 2156//2069 2157//2069
f 2163//2070 2157//2070 2164//2070
f 2164//2071 2157//2071 2158//2071
f 2164//2072 2158//2072 1902//2072
f 1902//2073 2158//2073 1903//2073
f 1879//2074 1886//2074 2110//2074
f 2110//2075 1886//2075 2159//2075
f 2110//2076 2159//2076 2165//2076
f 2165//2077 2159//2077 2160//2077
f 2165//2078 2160//2078 2166//2078
f 2166//2079 2160//2079 2161//2079
f 2166//2080 2161//2080 2167//2080
f 2167//2081 2161//2081 2162//2081
f 2167//2082 2162//2082 2168//2082
f 2168//2083 2162//2083 2163//2083
f 2168//2084 2163//2084 2169//2084
f 2169//2085 2163//2085 2164//2085
f 2169//2086 2164//2086 1919//2086
f 1919//2087 2164//2087 1902//2087
f 1877//2088 1878//2088 2170//2088
f 2170//2089 1878//2089 2110//2089
f 2170//2090 2110//2090 2171//2090
f 2171//2091 2110//2091 2165//2091
f 2171//2092 2165//2092 2172//2092
f 2172//2093 2165//2093 2166//2093
f 2172//2094 2166//2094 2173//2094
f 2173//2095 2166//2095 2167//2095
f 2173//2096 2167//2096 2174//2096
f 2174//2097 2167//2097 2168//2097
f 2174//2098 2168//2098 2175//2098
f 2175//2099 2168//2099 2169//2099
f 2175//2100 2169//2100 1918//2100
f 1918//2101 2169//2101 1919//2101
f 1876//2102 1877//2102 2176//2102
f 2176//2103 1877//2103 2170//2103
f 2176//2104 2170//2104 2177//2104
f 2177//2105 2170//2105 2171//2105
f 2177//2106 2171//2106 2178//2106
f 2178//2107 2171//2107 2172//2107
f 2178//2108 2172//2108 2179//2108
f 2179//2109 2172//2109 2173//2109
f 2179//2110 2173//2110 2180//2110
f 2180//2111 2173//2111 2174//2111
f 2180//2112 2174//2112 2181//2112
f 2181//2113 2174//2113 2175//2113
f 2181//2114 2175//2114 1917//2114
f 1917//2115 2175//2115 1918//2115
f 1880//2116 1876//2116 2109//2116
f 2109//2117 1876//2117 2176//2117
f 2109//2118 2176//2118 2182//2118
f 2182//2119 2176//2119 2177//2119
f 2182//2120 2177//2120 2183//2120
f 2183//2121 2177//2121 2178//2121
f 2183//2122 2178//2122 2184//2122
f 2184//2123 2178//2123 2179//2123
f 2184//2124 2179//2124 2185//2124
f 2185//2125 2179//2125 2180//2125
f 2185//2126 2180//2126 2186//2126
f 2186//2127 2180//2127 2181//2127
f 2186//2128 2181//2128 1916//2128
f 1916//2129 2181//2129 1917//2129
f 1882//2130 1881//2130 2187//2130
f 2187//2131 1881//2131 2109//2131
f 2187//2132 2109//2132 2188//2132
f 2188//2133 2109//2133 2182//2133
f 2188//2134 2182//2134 2189//2134
f 2189//2135 2182//2135 2183//2135
f 2189//2136 2183//2136 2190//2136
f 2190//2137 2183//2137 2184//2137
f 2190//2138 2184//2138 2191//2138
f 2191//2139 2184//2139 2185//2139
f 2191//2140 2185//2140 2192//2140
f 2192//2141 2185//2141 2186//2141
f 2192//2142 2186//2142 1915//2142
f 1915//2143 2186//2143 1916//2143
f 1872//2144 1882//2144 2108//2144
f 2108//2145 1882//2145 2187//2145
f 2108//2146 2187//2146 2193//2146
f 2193//2147 2187//2147 2188//2147
f 2193//2148 2188//2148 2194//2148
f 2194//2149 2188//2149 2189//2149
f 2194//2150 2189//2150 2195//2150
f 2195//2151 2189//2151 2190//2151
f 2195//2152 2190//2152 2196//2152
f 2196//2153 2190//2153 2191//2153
f 2196//2154 2191//2154 2197//2154
f 2197//2155 2191//2155 2192//2155
f 2197//2156 2192//2156 1914//2156
f 1914//2157 2192//2157 1915//2157
f 1870//2158 1871//2158 2198//2158
f 2198//2159 1871//2159 2108//2159
f 2198//2160 2108//2160 2199//2160
f 2199//2161 2108//2161 2193//2161
f 2199//2162 2193//2162 2200//2162
f 2200//2163 2193//2163 2194//2163
f 2200//2164 2194//2164 2201//2164
f 2201//2165 2194//2165 2195//2165
f 2201//2166 2195//2166 2202//2166
f 2202//2167 2195//2167 2196//2167
f 2202//2168 2196//2168 2203//2168
f 2203//2169 2196//2169 2197//2169
f 2203//2170 2197//2170 1913//2170
f 1913//2171 2197//2171 1914//2171
f 1873//2172 1870//2172 2107//2172
f 2107//2173 1870//2173 2198//2173
f 2107//2174 2198//2174 2204//2174
f 2204//2175 2198//2175 2199//2175
f 2204//2176 2199//2176 2205//2176
f 2205//2177 2199//2177 2200//2177
f 2205//2178 2200//2178 2206//2178
f 2206//2179 2200//2179 2201//2179
f 2206//2180 2201//2180 2207//2180
f 2207//2181 2201//2181 2202//2181
f 2207//2182 2202//2182 2208//2182
f 2208//2183 2202//2183 2203//2183
f 2208//2184 2203//2184 1920//2184
f 1920//2185 2203//2185 1913//2185
f 1875//2186 1874//2186 2106//2186
f 2106//2187 1874//2187 2107//2187
f 2106//2188 2107//2188 2209//2188
f 2209//2189 2107//2189 2204//2189
f 2209//2190 2204//2190 2210//2190
f 2210//2191 2204//2191 2205//2191
f 2210//2192 2205//2192 2211//2192
f 2211//2193 2205//2193 2206//2193
f 2211//2194 2206//2194 2212//2194
f 2212//2195 2206//2195 2207//2195
f 2212//2196 2207//2196 2213//2196
f 2213//2197 2207//2197 2208//2197
f 2213//2198 2208//2198 1925//2198
f 1925//2199 2208//2199 1920//2199
f 1867//2200 1866//2200 2105//2200
f 2105//2201 1866//2201 2106//2201
f 2105//2202 2106//2202 2214//2202
f 2214//2203 2106//2203 2209//2203
f 2214//2204 2209//2204 2215//2204
f 2215//2205 2209//2205 2210//2205
f 2215//2206 2210//2206 2216//2206
f 2216//2207 2210//2207 2211//2207
f 2216//2208 2211//2208 2217//2208
f 2217//2209 2211//2209 2212//2209
f 2217//2210 2212//2210 2218//2210
f 2218//2211 2212//2211 2213//2211
f 2218//2212 2213//2212 1924//2212
f 1924//2213 2213//2213 1925//2213
f 1869//2214 1868//2214 2219//2214
f 2219//2215 1868//2215 2105//2215
f 2219//2216 2105//2216 2220//2216
f 2220//2217 2105//2217 2214//2217
f 2220//2218 2214//2218 2221//2218
f 2221//2219 2214//2219 2215//2219
f 2221//2220 2215//2220 2222//2220
f 2222//2221 2215//2221 2216//2221
f 2222//2222 2216//2222 2223//2222
f 2223//2223 2216//2223 2217//2223
f 2223//2224 2217//2224 2224//2224
f 2224//2225 2217//2225 2218//2225
f 2224//2226 2218//2226 1923//2226
f 1923//2227 2218//2227 1924//2227
f 717//2228 1869//2228 2225//2228
f 2225//2229 1869//2229 2219//2229
f 2225//2230 2219//2230 2226//2230
f 2226//2231 2219//2231 2220//2231
f 2226//2232 2220//2232 2227//2232
f 2227//2233 2220//2233 2221//2233
f 2227//2234 2221//2234 2228//2234
f 2228//2235 2221//2235 2222//2235
f 2228//2236 2222//2236 2229//2236
f 2229//2237 2222//2237 2223//2237
f 2229//2238 2223//2238 2230//2238
f 2230//2224 2223//2224 2224//2224
f 2230//2239 2224//2239 1922//2239
f 1922//2240 2224//2240 1923//2240
f 210//2241 209//2241 2231//2241
f 229//2242 228//2242 2232//2242
f 2233//2243 2234//2243 2235//2243
f 2236//2244 2237//2244 716//2244
f 716//2245 2237//2245 2238//2245
f 716//2246 2238//2246 715//2246
f 2239//2247 2240//2247 2241//2247
f 2241//2248 2240//2248 2242//2248
f 2241//2249 2242//2249 2236//2249
f 2236//2250 2242//2250 2243//2250
f 2236//2251 2243//2251 2237//2251
f 2235//2252 2234//2252 2241//2252
f 2241//2253 2234//2253 2244//2253
f 2241//2254 2244//2254 2239//2254
f 2232//2255 228//2255 2245//2255
f 2233//2256 2235//2256 2246//2256
f 2246//2257 2235//2257 2245//2257
f 2246//2258 2245//2258 2247//2258
f 2247//2259 2245//2259 228//2259
f 2247//2260 228//2260 177//2260
f 2231//2261 209//2261 2232//2261
f 2232//2262 209//2262 230//2262
f 2232//2263 230//2263 229//2263
f 1921//2264 214//2264 2231//2264
f 2231//2265 214//2265 212//2265
f 2231//2266 212//2266 210//2266
f 716//2267 717//2267 2236//2267
f 2236//2268 717//2268 2225//2268
f 2236//2269 2225//2269 2241//2269
f 2241//2270 2225//2270 2226//2270
f 2241//2271 2226//2271 2235//2271
f 2235//2272 2226//2272 2227//2272
f 2235//2273 2227//2273 2245//2273
f 2245//2274 2227//2274 2228//2274
f 2245//2275 2228//2275 2232//2275
f 2232//2276 2228//2276 2229//2276
f 2232//2277 2229//2277 2231//2277
f 2231//2278 2229//2278 2230//2278
f 2231//2279 2230//2279 1921//2279
f 1921//2280 2230//2280 1922//2280
f 710//2281 1894//2281 2248//2281
f 2249//2282 2250//2282 2251//2282
f 2250//2283 2252//2283 2253//2283
f 2252//2284 2254//2284 2255//2284
f 187//2285 186//2285 2256//2285
f 2088//2286 2257//2286 2089//2286
f 2089//2287 2257//2287 206//2287
f 2089//2288 206//2288 2082//2288
f 2082//2289 206//2289 184//2289
f 2082//2290 184//2290 183//2290
f 186//2291 185//2291 2256//2291
f 2256//2292 185//2292 171//2292
f 2256//2293 171//2293 2258//2293
f 2258//2294 171//2294 170//2294
f 2258//2295 170//2295 2257//2295
f 2257//2296 170//2296 207//2296
f 2257//2297 207//2297 206//2297
f 2086//2298 2085//2298 2254//2298
f 2254//2299 2085//2299 2093//2299
f 2254//2300 2093//2300 2255//2300
f 2255//2301 2093//2301 2092//2301
f 2255//2302 2092//2302 2259//2302
f 2259//2303 2092//2303 2091//2303
f 2259//2304 2091//2304 2260//2304
f 2091//2305 2094//2305 2260//2305
f 2260//2306 2094//2306 2096//2306
f 2260//2307 2096//2307 2248//2307
f 2248//2308 2096//2308 2097//2308
f 2248//2309 2097//2309 710//2309
f 2252//2310 2255//2310 2253//2310
f 2253//2311 2255//2311 2259//2311
f 2253//2312 2259//2312 2261//2312
f 2261//2313 2259//2313 2260//2313
f 2261//2314 2260//2314 2262//2314
f 2262//2315 2260//2315 2248//2315
f 2262//2316 2248//2316 2263//2316
f 2263//2317 2248//2317 1894//2317
f 2263//2318 1894//2318 1895//2318
f 2250//2319 2253//2319 2251//2319
f 2251//2320 2253//2320 2261//2320
f 2251//2321 2261//2321 2264//2321
f 2264//2322 2261//2322 2262//2322
f 2264//2323 2262//2323 2265//2323
f 2265//2324 2262//2324 2263//2324
f 2265//2325 2263//2325 2266//2325
f 2266//2326 2263//2326 1895//2326
f 2266//2327 1895//2327 1896//2327
f 2249//2328 2251//2328 2267//2328
f 2267//2329 2251//2329 2264//2329
f 2267//2330 2264//2330 2268//2330
f 2268//2331 2264//2331 2265//2331
f 2268//2332 2265//2332 2269//2332
f 2269//2333 2265//2333 2266//2333
f 2269//2334 2266//2334 2270//2334
f 2270//2335 2266//2335 1896//2335
f 2270//2336 1896//2336 1897//2336
f 2088//2337 2086//2337 2257//2337
f 2257//2338 2086//2338 2254//2338
f 2257//2339 2254//2339 2258//2339
f 2258//2340 2254//2340 2252//2340
f 2258//2341 2252//2341 2256//2341
f 2256//2342 2252//2342 2250//2342
f 2256//2343 2250//2343 187//2343
f 187//2344 2250//2344 2249//2344
f 187//2345 2249//2345 233//2345
f 233//2346 2249//2346 2267//2346
f 233//2347 2267//2347 234//2347
f 234//2348 2267//2348 2268//2348
f 234//2349 2268//2349 1003//2349
f 1003//2350 2268//2350 2269//2350
f 1003//2351 2269//2351 1005//2351
f 1005//2352 2269//2352 2270//2352
f 1005//2353 2270//2353 1004//2353
f 1004//2354 2270//2354 1897//2354
f 1004//2355 1897//2355 1002//2355
f 2237//2356 2243//2356 2271//2356
f 176//2357 2247//2357 177//2357
f 129//2358 2272//2358 131//2358
f 129//2359 128//2359 2273//2359
f 173//2360 172//2360 2274//2360
f 128//2361 174//2361 2273//2361
f 2273//2362 174//2362 173//2362
f 2273//2363 173//2363 2275//2363
f 2275//2364 173//2364 2274//2364
f 2272//2365 129//2365 2276//2365
f 133//2366 132//2366 2277//2366
f 2277//2367 132//2367 131//2367
f 2278//2368 175//2368 133//2368
f 2247//2369 176//2369 2246//2369
f 2246//2370 176//2370 175//2370
f 2246//2371 175//2371 2233//2371
f 2233//2372 175//2372 2278//2372
f 2233//2373 2278//2373 2234//2373
f 2234//2374 2278//2374 2279//2374
f 2234//2375 2279//2375 2244//2375
f 2244//2376 2279//2376 2280//2376
f 2244//2377 2280//2377 2239//2377
f 2239//2378 2280//2378 2281//2378
f 2239//2379 2281//2379 2240//2379
f 172//2380 988//2380 2274//2380
f 2274//2381 988//2381 990//2381
f 2274//2382 990//2382 2282//2382
f 129//2383 2273//2383 2276//2383
f 2276//2384 2273//2384 2275//2384
f 2276//2385 2275//2385 2283//2385
f 2283//2386 2275//2386 2274//2386
f 2283//2387 2274//2387 2284//2387
f 2284//2388 2274//2388 2282//2388
f 2284//2389 2282//2389 2285//2389
f 131//2390 2272//2390 2277//2390
f 2277//2391 2272//2391 2276//2391
f 2277//2392 2276//2392 2286//2392
f 2286//2393 2276//2393 2283//2393
f 2286//2394 2283//2394 2287//2394
f 2287//2395 2283//2395 2284//2395
f 2287//2396 2284//2396 2288//2396
f 2288//2397 2284//2397 2285//2397
f 2288//2398 2285//2398 2289//2398
f 133//2399 2277//2399 2278//2399
f 2278//2400 2277//2400 2286//2400
f 2278//2401 2286//2401 2279//2401
f 2279//2402 2286//2402 2287//2402
f 2279//2403 2287//2403 2280//2403
f 2280//2404 2287//2404 2288//2404
f 2280//2405 2288//2405 2281//2405
f 2281//2406 2288//2406 2289//2406
f 2281//2407 2289//2407 2271//2407
f 2271//2408 2243//2408 2281//2408
f 2281//2409 2243//2409 2242//2409
f 2281//2410 2242//2410 2240//2410
f 2238//2411 2237//2411 2290//2411
f 2290//2412 2237//2412 2271//2412
f 2290//2413 2271//2413 2291//2413
f 2291//2414 2271//2414 2289//2414
f 2291//2415 2289//2415 2292//2415
f 2292//2416 2289//2416 2285//2416
f 2292//2417 2285//2417 2293//2417
f 2293//2418 2285//2418 2282//2418
f 2293//2419 2282//2419 989//2419
f 989//2420 2282//2420 990//2420
f 715//2421 2238//2421 1901//2421
f 1901//2422 2238//2422 2290//2422
f 1901//2423 2290//2423 1900//2423
f 1900//2424 2290//2424 2291//2424
f 1900//2425 2291//2425 1899//2425
f 1899//2426 2291//2426 2292//2426
f 1899//2427 2292//2427 1898//2427
f 1898//2428 2292//2428 2293//2428
f 1898//2429 2293//2429 987//2429
f 987//2430 2293//2430 989//2430
f 2294//297 2295//297 385//297
f 385//297 2295//297 384//297
f 2294//2431 385//2431 387//2431
f 2294//2431 387//2431 2296//2431
f 2296//2432 387//2432 389//2432
f 2296//2432 389//2432 2297//2432
f 2297//2433 389//2433 391//2433
f 2297//2433 391//2433 2298//2433
f 2298//2434 391//2434 353//2434
f 2298//2435 353//2435 2299//2435
f 2299//2436 353//2436 355//2436
f 2299//2436 355//2436 2300//2436
f 2300//2437 355//2437 357//2437
f 2300//2437 357//2437 2301//2437
f 2301//2438 357//2438 359//2438
f 2301//2438 359//2438 2302//2438
f 2302//2439 359//2439 361//2439
f 2302//2439 361//2439 2303//2439
f 2303//2440 361//2440 363//2440
f 2303//2440 363//2440 2304//2440
f 2304//2441 363//2441 365//2441
f 2304//2441 365//2441 2305//2441
f 2305//2442 365//2442 367//2442
f 2305//2442 367//2442 2306//2442
f 2306//2443 367//2443 369//2443
f 2306//2443 369//2443 2307//2443
f 2307//2444 369//2444 371//2444
f 2307//2444 371//2444 2308//2444
f 2308//2445 371//2445 373//2445
f 2308//2445 373//2445 2309//2445
f 2309//2446 373//2446 375//2446
f 2309//2447 375//2447 2310//2447
f 2310//2448 375//2448 377//2448
f 2310//2448 377//2448 2311//2448
f 2311//2449 377//2449 379//2449
f 2311//2449 379//2449 2312//2449
f 2312//2450 379//2450 381//2450
f 2312//2450 381//2450 2313//2450
f 2314//48 2313//48 383//48
f 383//48 2313//48 381//48
f 2295//2 2314//2 384//2
f 384//2 2314//2 383//2
f 2315//47 2316//47 2317//47
f 2318//47 2319//47 2320//47
f 2315//47 2314//47 2321//47
f 2321//47 2314//47 2295//47
f 2321//47 2295//47 2320//47
f 2320//47 2295//47 2294//47
f 2320//47 2294//47 2318//47
f 2318//47 2322//47 2323//47
f 2324//47 2325//47 2326//47
f 2326//47 2325//47 2327//47
f 2326//47 2327//47 2328//47
f 2329//47 2330//47 2331//47
f 2332//47 2333//47 2334//47
f 2334//47 2333//47 2296//47
f 2334//47 2296//47 2297//47
f 2335//47 2336//47 2337//47
f 2337//47 2336//47 2338//47
f 2339//47 2340//47 2318//47
f 2318//47 2340//47 2341//47
f 2318//47 2341//47 2342//47
f 2343//47 2344//47 2326//47
f 2326//47 2344//47 2345//47
f 2328//47 2346//47 2326//47
f 2326//47 2346//47 2347//47
f 2326//47 2347//47 2348//47
f 2348//2451 2347//2451 2349//2451
f 2348//47 2349//47 2334//47
f 2334//47 2349//47 2350//47
f 2334//47 2350//47 2332//47
f 2351//47 2352//47 2353//47
f 2353//47 2352//47 2354//47
f 2355//47 2356//47 2336//47
f 2357//47 2358//47 2336//47
f 2336//47 2358//47 2359//47
f 2336//47 2359//47 2338//47
f 2323//47 2360//47 2318//47
f 2318//47 2360//47 2361//47
f 2318//47 2361//47 2339//47
f 2362//47 2363//47 2364//47
f 2364//47 2363//47 2365//47
f 2364//47 2365//47 2366//47
f 2366//47 2365//47 2326//47
f 2326//47 2365//47 2367//47
f 2326//47 2367//47 2343//47
f 2345//47 2368//47 2326//47
f 2326//47 2368//47 2369//47
f 2326//47 2369//47 2324//47
f 2332//47 2313//47 2370//47
f 2370//47 2313//47 2314//47
f 2329//47 2331//47 2371//47
f 2297//47 2298//47 2334//47
f 2334//47 2298//47 2299//47
f 2334//47 2299//47 2300//47
f 2372//47 2373//47 2353//47
f 2374//47 2375//47 2353//47
f 2353//47 2375//47 2376//47
f 2353//47 2376//47 2377//47
f 2378//47 2379//47 2336//47
f 2336//47 2379//47 2380//47
f 2336//47 2380//47 2357//47
f 2381//2452 2382//2452 2383//2452
f 2383//47 2382//47 2384//47
f 2383//47 2384//47 2364//47
f 2364//47 2384//47 2385//47
f 2364//47 2385//47 2362//47
f 2308//47 2331//47 2307//47
f 2307//47 2331//47 2306//47
f 2300//47 2301//47 2334//47
f 2334//47 2301//47 2302//47
f 2334//47 2302//47 2386//47
f 2387//47 2388//47 2389//47
f 2389//47 2388//47 2390//47
f 2389//47 2390//47 2391//47
f 2338//47 2392//47 2337//47
f 2337//47 2392//47 2393//47
f 2337//47 2393//47 2390//47
f 2390//47 2393//47 2394//47
f 2390//47 2394//47 2395//47
f 2396//2451 2397//2451 2336//2451
f 2336//47 2397//47 2398//47
f 2336//47 2398//47 2355//47
f 2396//2452 2399//2452 2397//2452
f 2397//2451 2399//2451 2400//2451
f 2397//47 2400//47 2401//47
f 2356//47 2402//47 2336//47
f 2336//47 2402//47 2403//47
f 2336//47 2403//47 2378//47
f 2404//47 2405//47 2383//47
f 2383//2452 2405//2452 2406//2452
f 2383//2451 2406//2451 2381//2451
f 2407//47 2408//47 2409//47
f 2409//47 2408//47 2410//47
f 2409//47 2410//47 2411//47
f 2302//47 2303//47 2386//47
f 2386//47 2303//47 2304//47
f 2386//47 2304//47 2331//47
f 2331//47 2304//47 2305//47
f 2331//47 2305//47 2306//47
f 2412//2451 2413//2451 2353//2451
f 2353//47 2413//47 2414//47
f 2353//47 2414//47 2415//47
f 2415//47 2416//47 2353//47
f 2353//47 2416//47 2417//47
f 2353//47 2417//47 2351//47
f 2412//47 2353//47 2333//47
f 2333//47 2353//47 2418//47
f 2333//47 2418//47 2296//47
f 2296//47 2418//47 2419//47
f 2296//47 2419//47 2294//47
f 2294//47 2419//47 2420//47
f 2294//47 2420//47 2421//47
f 2422//47 2423//47 2424//47
f 2424//47 2423//47 2425//47
f 2370//47 2426//47 2427//47
f 2354//47 2428//47 2353//47
f 2353//47 2428//47 2429//47
f 2353//47 2429//47 2372//47
f 2373//47 2430//47 2353//47
f 2353//47 2430//47 2431//47
f 2353//47 2431//47 2374//47
f 2322//47 2318//47 2432//47
f 2432//47 2318//47 2294//47
f 2432//47 2294//47 2424//47
f 2424//47 2294//47 2421//47
f 2424//47 2421//47 2422//47
f 2395//47 2433//47 2390//47
f 2390//47 2433//47 2434//47
f 2390//47 2434//47 2435//47
f 2436//47 2437//47 2370//47
f 2370//47 2437//47 2438//47
f 2370//47 2438//47 2439//47
f 2427//47 2440//47 2370//47
f 2370//47 2440//47 2441//47
f 2370//47 2441//47 2442//47
f 2377//47 2443//47 2353//47
f 2353//47 2443//47 2444//47
f 2353//47 2444//47 2445//47
f 2446//47 2447//47 2353//47
f 2353//47 2447//47 2448//47
f 2353//47 2448//47 2449//47
f 2425//47 2450//47 2424//47
f 2424//47 2450//47 2451//47
f 2424//47 2451//47 2387//47
f 2435//47 2452//47 2390//47
f 2390//47 2452//47 2453//47
f 2390//47 2453//47 2454//47
f 2342//47 2455//47 2318//47
f 2318//47 2455//47 2456//47
f 2318//47 2456//47 2457//47
f 2457//47 2456//47 2458//47
f 2457//47 2458//47 2459//47
f 2459//47 2460//47 2457//47
f 2457//47 2460//47 2461//47
f 2457//47 2461//47 2462//47
f 2463//47 2464//47 2457//47
f 2457//47 2464//47 2465//47
f 2457//47 2465//47 2466//47
f 2467//47 2313//47 2468//47
f 2468//47 2313//47 2332//47
f 2468//47 2332//47 2469//47
f 2469//47 2332//47 2350//47
f 2467//47 2470//47 2313//47
f 2313//47 2470//47 2471//47
f 2313//47 2471//47 2312//47
f 2454//47 2472//47 2390//47
f 2390//47 2472//47 2473//47
f 2390//47 2473//47 2391//47
f 2462//47 2474//47 2457//47
f 2457//47 2474//47 2475//47
f 2457//47 2475//47 2463//47
f 2409//47 2476//47 2407//47
f 2407//47 2476//47 2477//47
f 2407//47 2477//47 2439//47
f 2439//47 2477//47 2478//47
f 2439//47 2478//47 2479//47
f 2309//47 2480//47 2481//47
f 2445//47 2482//47 2353//47
f 2353//47 2482//47 2483//47
f 2353//47 2483//47 2446//47
f 2411//47 2484//47 2409//47
f 2409//47 2484//47 2485//47
f 2409//47 2485//47 2486//47
f 2486//47 2485//47 2388//47
f 2486//47 2388//47 2487//47
f 2487//47 2388//47 2387//47
f 2487//47 2387//47 2488//47
f 2488//47 2387//47 2451//47
f 2315//47 2317//47 2314//47
f 2314//47 2317//47 2457//47
f 2314//47 2457//47 2370//47
f 2370//47 2457//47 2466//47
f 2370//47 2466//47 2436//47
f 2479//47 2489//47 2439//47
f 2439//47 2489//47 2490//47
f 2439//47 2490//47 2370//47
f 2370//47 2490//47 2491//47
f 2370//47 2491//47 2426//47
f 2309//47 2481//47 2308//47
f 2310//47 2492//47 2309//47
f 2309//47 2492//47 2493//47
f 2309//47 2493//47 2480//47
f 2481//47 2494//47 2308//47
f 2308//47 2494//47 2495//47
f 2308//47 2495//47 2496//47
f 2308//47 2497//47 2331//47
f 2331//47 2497//47 2498//47
f 2331//47 2498//47 2371//47
f 2311//47 2499//47 2310//47
f 2310//47 2499//47 2500//47
f 2310//47 2500//47 2492//47
f 2496//47 2501//47 2308//47
f 2308//47 2501//47 2502//47
f 2308//47 2502//47 2497//47
f 2471//47 2503//47 2312//47
f 2312//47 2503//47 2504//47
f 2312//47 2504//47 2311//47
f 2311//47 2504//47 2505//47
f 2311//47 2505//47 2499//47
f 2506//297 2507//297 1028//297
f 1028//297 2507//297 1027//297
f 2508//2 2506//2 1029//2
f 1029//2 2506//2 1028//2
f 2509//48 2508//48 1030//48
f 1030//48 2508//48 1029//48
f 2509//2450 1030//2450 1031//2450
f 2509//2450 1031//2450 2510//2450
f 2510//2449 1031//2449 1032//2449
f 2510//2449 1032//2449 2511//2449
f 2511//2448 1032//2448 1033//2448
f 2511//2448 1033//2448 2512//2448
f 2512//2446 1033//2446 1034//2446
f 2512//2447 1034//2447 2513//2447
f 2513//2445 1034//2445 1035//2445
f 2513//2445 1035//2445 2514//2445
f 2514//2444 1035//2444 1036//2444
f 2514//2444 1036//2444 2515//2444
f 2515//2443 1036//2443 1037//2443
f 2515//2443 1037//2443 2516//2443
f 2516//2442 1037//2442 1038//2442
f 2516//2442 1038//2442 2517//2442
f 2517//2441 1038//2441 1039//2441
f 2517//2441 1039//2441 2518//2441
f 2518//2440 1039//2440 1040//2440
f 2518//2440 1040//2440 2519//2440
f 2519//2439 1040//2439 1041//2439
f 2519//2439 1041//2439 2520//2439
f 2520//2438 1041//2438 1042//2438
f 2520//2438 1042//2438 2521//2438
f 2521//2437 1042//2437 1043//2437
f 2521//2437 1043//2437 2522//2437
f 2522//2436 1043//2436 1044//2436
f 2522//2436 1044//2436 2523//2436
f 2523//2434 1044//2434 1045//2434
f 2523//2435 1045//2435 2524//2435
f 2524//2433 1045//2433 1025//2433
f 2524//2433 1025//2433 2525//2433
f 2525//2432 1025//2432 1026//2432
f 2525//2432 1026//2432 2526//2432
f 2526//2431 1026//2431 1027//2431
f 2526//2431 1027//2431 2507//2431
f 2521//1 2522//1 2527//1
f 2528//1 2529//1 2527//1
f 2530//1 2531//1 2532//1
f 2528//1 2527//1 2533//1
f 2521//1 2527//1 2520//1
f 2534//1 2535//1 2536//1
f 2536//1 2535//1 2537//1
f 2538//1 2539//1 2540//1
f 2540//1 2539//1 2541//1
f 2540//1 2541//1 2542//1
f 2543//1 2517//1 2518//1
f 2544//1 2545//1 2546//1
f 2546//1 2545//1 2547//1
f 2548//1 2549//1 2550//1
f 2550//1 2549//1 2551//1
f 2552//1 2526//1 2553//1
f 2553//1 2526//1 2507//1
f 2553//1 2507//1 2554//1
f 2554//1 2507//1 2506//1
f 2554//1 2506//1 2555//1
f 2556//1 2555//1 2557//1
f 2557//1 2555//1 2506//1
f 2557//1 2506//1 2558//1
f 2558//1 2506//1 2508//1
f 2558//1 2508//1 2532//1
f 2532//1 2508//1 2509//1
f 2532//1 2509//1 2530//1
f 2559//1 2560//1 2540//1
f 2540//1 2560//1 2561//1
f 2562//1 2563//1 2546//1
f 2564//1 2565//1 2546//1
f 2546//1 2565//1 2566//1
f 2546//1 2566//1 2567//1
f 2568//1 2569//1 2549//1
f 2570//1 2571//1 2549//1
f 2549//1 2571//1 2572//1
f 2549//1 2572//1 2551//1
f 2573//1 2574//1 2575//1
f 2575//1 2574//1 2576//1
f 2575//1 2576//1 2577//1
f 2577//1 2576//1 2540//1
f 2540//1 2576//1 2578//1
f 2540//1 2578//1 2559//1
f 2561//1 2579//1 2540//1
f 2540//1 2579//1 2580//1
f 2540//1 2580//1 2538//1
f 2543//1 2518//1 2527//1
f 2527//1 2518//1 2519//1
f 2527//1 2519//1 2520//1
f 2581//1 2582//1 2546//1
f 2546//1 2582//1 2583//1
f 2584//1 2585//1 2586//1
f 2587//1 2588//1 2549//1
f 2549//1 2588//1 2589//1
f 2549//1 2589//1 2570//1
f 2530//1 2590//1 2591//1
f 2592//1 2593//1 2594//1
f 2594//1 2593//1 2595//1
f 2594//1 2595//1 2575//1
f 2575//1 2595//1 2596//1
f 2575//1 2596//1 2573//1
f 2516//1 2517//1 2581//1
f 2581//1 2517//1 2543//1
f 2581//1 2543//1 2582//1
f 2582//1 2543//1 2597//1
f 2582//1 2597//1 2552//1
f 2551//1 2598//1 2550//1
f 2550//1 2598//1 2599//1
f 2550//1 2599//1 2584//1
f 2584//1 2599//1 2600//1
f 2584//1 2600//1 2601//1
f 2602//1 2603//1 2549//1
f 2549//1 2603//1 2604//1
f 2549//1 2604//1 2568//1
f 2602//2453 2605//2453 2603//2453
f 2603//2454 2605//2454 2606//2454
f 2603//1 2606//1 2607//1
f 2569//1 2608//1 2549//1
f 2549//1 2608//1 2609//1
f 2549//1 2609//1 2587//1
f 2610//1 2530//1 2611//1
f 2611//1 2530//1 2612//1
f 2613//1 2614//1 2553//1
f 2615//1 2616//1 2594//1
f 2594//2453 2616//2453 2617//2453
f 2594//1 2617//1 2592//1
f 2542//1 2618//1 2540//1
f 2540//1 2618//1 2619//1
f 2540//1 2619//1 2620//1
f 2620//2454 2619//2454 2621//2454
f 2620//1 2621//1 2597//1
f 2597//1 2621//1 2622//1
f 2597//1 2622//1 2552//1
f 2552//1 2622//1 2623//1
f 2547//1 2624//1 2546//1
f 2546//1 2624//1 2625//1
f 2546//1 2625//1 2562//1
f 2563//1 2626//1 2546//1
f 2546//1 2626//1 2627//1
f 2546//1 2627//1 2564//1
f 2512//1 2513//1 2581//1
f 2583//2454 2628//2454 2546//2454
f 2546//1 2628//1 2629//1
f 2546//1 2629//1 2630//1
f 2630//1 2631//1 2546//1
f 2546//1 2631//1 2632//1
f 2546//1 2632//1 2544//1
f 2509//1 2633//1 2634//1
f 2584//1 2586//1 2535//1
f 2535//1 2586//1 2635//1
f 2535//1 2635//1 2537//1
f 2537//1 2635//1 2636//1
f 2537//1 2636//1 2637//1
f 2591//1 2638//1 2530//1
f 2530//1 2638//1 2639//1
f 2530//1 2639//1 2612//1
f 2640//1 2641//1 2642//1
f 2642//1 2641//1 2643//1
f 2536//1 2644//1 2534//1
f 2534//2453 2644//2453 2645//2453
f 2534//1 2645//1 2646//1
f 2623//1 2647//1 2552//1
f 2552//1 2647//1 2648//1
f 2552//1 2648//1 2526//1
f 2526//1 2648//1 2649//1
f 2526//1 2649//1 2650//1
f 2523//1 2651//1 2652//1
f 2567//1 2653//1 2546//1
f 2546//1 2653//1 2654//1
f 2546//1 2654//1 2655//1
f 2656//1 2657//1 2546//1
f 2546//1 2657//1 2658//1
f 2546//1 2658//1 2659//1
f 2633//1 2509//1 2660//1
f 2660//1 2509//1 2510//1
f 2660//1 2510//1 2581//1
f 2581//1 2510//1 2511//1
f 2581//1 2511//1 2512//1
f 2513//1 2514//1 2581//1
f 2581//1 2514//1 2515//1
f 2581//1 2515//1 2516//1
f 2590//1 2530//1 2661//1
f 2661//1 2530//1 2509//1
f 2661//1 2509//1 2636//1
f 2636//1 2509//1 2634//1
f 2636//1 2634//1 2637//1
f 2601//1 2662//1 2584//1
f 2584//1 2662//1 2663//1
f 2584//1 2663//1 2664//1
f 2613//1 2553//1 2665//1
f 2523//1 2652//1 2522//1
f 2664//1 2666//1 2584//1
f 2584//1 2666//1 2667//1
f 2584//1 2667//1 2668//1
f 2640//1 2669//1 2641//1
f 2641//1 2669//1 2670//1
f 2641//1 2670//1 2671//1
f 2671//1 2670//1 2534//1
f 2671//1 2534//1 2672//1
f 2672//1 2534//1 2646//1
f 2553//1 2673//1 2674//1
f 2524//1 2675//1 2523//1
f 2523//1 2675//1 2676//1
f 2523//1 2676//1 2651//1
f 2652//1 2677//1 2522//1
f 2522//1 2677//1 2678//1
f 2522//1 2678//1 2679//1
f 2522//1 2680//1 2527//1
f 2527//1 2680//1 2681//1
f 2527//1 2681//1 2533//1
f 2655//1 2682//1 2546//1
f 2546//1 2682//1 2683//1
f 2546//1 2683//1 2656//1
f 2668//1 2684//1 2584//1
f 2584//1 2684//1 2685//1
f 2584//1 2685//1 2585//1
f 2686//1 2687//1 2530//1
f 2554//1 2688//1 2689//1
f 2674//1 2690//1 2553//1
f 2553//1 2690//1 2691//1
f 2553//1 2691//1 2692//1
f 2525//1 2693//1 2524//1
f 2524//1 2693//1 2694//1
f 2524//1 2694//1 2675//1
f 2679//1 2695//1 2522//1
f 2522//1 2695//1 2696//1
f 2522//1 2696//1 2680//1
f 2697//1 2698//1 2554//1
f 2554//1 2698//1 2699//1
f 2650//1 2700//1 2526//1
f 2526//1 2700//1 2701//1
f 2526//1 2701//1 2525//1
f 2525//1 2701//1 2702//1
f 2525//1 2702//1 2693//1
f 2530//1 2687//1 2554//1
f 2554//1 2687//1 2703//1
f 2554//1 2703//1 2697//1
f 2699//1 2704//1 2554//1
f 2554//1 2704//1 2705//1
f 2554//1 2705//1 2688//1
f 2641//1 2706//1 2643//1
f 2643//1 2706//1 2707//1
f 2643//1 2707//1 2614//1
f 2614//1 2707//1 2708//1
f 2614//1 2708//1 2709//1
f 2610//1 2710//1 2530//1
f 2530//1 2710//1 2711//1
f 2530//1 2711//1 2686//1
f 2689//1 2712//1 2554//1
f 2554//1 2712//1 2713//1
f 2554//1 2713//1 2553//1
f 2553//1 2713//1 2714//1
f 2553//1 2714//1 2665//1
f 2709//1 2715//1 2614//1
f 2614//1 2715//1 2716//1
f 2614//1 2716//1 2553//1
f 2553//1 2716//1 2717//1
f 2553//1 2717//1 2673//1
f 2718//47 75//47 2719//47
f 2719//47 75//47 74//47
f 2720//297 118//297 2721//297
f 2721//297 118//297 108//297
f 2722//1 197//1 2723//1
f 2723//1 197//1 196//1
f 2724//48 101//48 2725//48
f 2725//48 101//48 102//48
f 2726//3 2727//3 2728//3
f 2729//3 2730//3 2731//3
f 2732//3 2733//3 2734//3
f 2727//3 2735//3 2728//3
f 2728//3 2735//3 2736//3
f 2728//3 2736//3 2737//3
f 2731//3 2738//3 2729//3
f 2729//3 2738//3 2739//3
f 2729//3 2739//3 2740//3
f 2741//3 2742//3 2743//3
f 2744//3 2745//3 2732//3
f 2732//3 2745//3 2746//3
f 2732//3 2746//3 2733//3
f 2736//3 2747//3 2737//3
f 2737//3 2747//3 2748//3
f 2737//3 2748//3 2749//3
f 2739//3 2750//3 2740//3
f 2740//3 2750//3 2751//3
f 2740//3 2751//3 2752//3
f 2734//3 2753//3 2732//3
f 2732//3 2753//3 2754//3
f 2732//3 2754//3 2755//3
f 2755//3 2754//3 2743//3
f 2755//3 2743//3 2756//3
f 2756//3 2743//3 2742//3
f 2757//3 2758//3 2759//3
f 2729//3 2760//3 2730//3
f 2730//3 2760//3 2761//3
f 2730//3 2761//3 2762//3
f 2763//3 2764//3 2744//3
f 2744//3 2764//3 2765//3
f 2744//3 2765//3 2745//3
f 2766//3 2767//3 2743//3
f 2743//3 2767//3 2768//3
f 2743//3 2768//3 2769//3
f 2769//3 2770//3 2743//3
f 2743//3 2770//3 2771//3
f 2743//3 2771//3 2741//3
f 2766//3 2772//3 2767//3
f 2767//3 2772//3 2773//3
f 2767//3 2773//3 2757//3
f 2757//3 2773//3 2774//3
f 2757//3 2774//3 2758//3
f 2759//3 2775//3 2757//3
f 2757//3 2775//3 2776//3
f 2757//3 2776//3 2777//3
f 2762//3 2778//3 2730//3
f 2730//3 2778//3 2779//3
f 2730//3 2779//3 2780//3
f 2749//3 2781//3 2737//3
f 2737//3 2781//3 2782//3
f 2737//3 2782//3 2783//3
f 2783//3 2782//3 2730//3
f 2783//3 2730//3 2784//3
f 2784//3 2730//3 2780//3
f 2726//3 2728//3 2776//3
f 2776//3 2728//3 2785//3
f 2776//3 2785//3 2786//3
f 2786//3 2787//3 2776//3
f 2776//3 2787//3 2788//3
f 2776//3 2788//3 2789//3
f 2744//3 2790//3 2763//3
f 2763//3 2790//3 2791//3
f 2763//3 2791//3 2792//3
f 2789//3 2793//3 2776//3
f 2776//3 2793//3 2794//3
f 2776//3 2794//3 2777//3
f 2792//3 2795//3 2763//3
f 2763//3 2795//3 2796//3
f 2763//3 2796//3 2797//3
f 2752//3 2798//3 2740//3
f 2740//3 2798//3 2799//3
f 2740//3 2799//3 2800//3
f 2800//3 2799//3 2763//3
f 2800//3 2763//3 2801//3
f 2801//3 2763//3 2797//3
f 964//342 2802//342 963//342
f 963//342 2802//342 2803//342
f 963//343 2803//343 972//343
f 972//343 2803//343 2804//343
f 972//344 2804//344 971//344
f 971//344 2804//344 2805//344
f 971//345 2805//345 975//345
f 975//345 2805//345 2806//345
f 975//346 2806//346 974//346
f 974//346 2806//346 2807//346
f 974//347 2807//347 977//347
f 977//347 2807//347 2808//347
f 977//348 2808//348 976//348
f 976//348 2808//348 2809//348
f 976//349 2809//349 947//349
f 947//349 2809//349 2810//349
f 947//350 2810//350 946//350
f 946//350 2810//350 2811//350
f 946//2455 2811//2455 945//2455
f 945//2455 2811//2455 2812//2455
f 945//2456 2812//2456 950//2456
f 950//2456 2812//2456 2813//2456
f 950//2457 2813//2457 949//2457
f 949//2457 2813//2457 2814//2457
f 949//2458 2814//2458 948//2458
f 948//2458 2814//2458 2815//2458
f 948//2459 2815//2459 961//2459
f 961//2459 2815//2459 2816//2459
f 961//2460 2816//2460 960//2460
f 960//2460 2816//2460 2817//2460
f 960//2461 2817//2461 967//2461
f 967//2461 2817//2461 2818//2461
f 967//2462 2818//2462 966//2462
f 966//2462 2818//2462 2819//2462
f 966//21 2819//21 973//21
f 973//21 2819//21 2820//21
f 973//2463 2820//2463 944//2463
f 944//2463 2820//2463 2821//2463
f 944//2464 2821//2464 943//2464
f 943//2464 2821//2464 2822//2464
f 943//2465 2822//2465 942//2465
f 942//2465 2822//2465 2823//2465
f 942//2466 2823//2466 952//2466
f 952//2466 2823//2466 2824//2466
f 952//2467 2824//2467 951//2467
f 951//2467 2824//2467 2825//2467
f 951//2468 2825//2468 962//2468
f 962//2468 2825//2468 2826//2468
f 962//2469 2826//2469 953//2469
f 953//2469 2826//2469 2827//2469
f 953//2470 2827//2470 954//2470
f 954//2470 2827//2470 2828//2470
f 954//2471 2828//2471 957//2471
f 957//2471 2828//2471 2829//2471
f 957//2472 2829//2472 956//2472
f 956//2472 2829//2472 2830//2472
f 956//2473 2830//2473 955//2473
f 955//2473 2830//2473 2831//2473
f 955//2474 2831//2474 959//2474
f 959//2474 2831//2474 2832//2474
f 959//2475 2832//2475 958//2475
f 958//2475 2832//2475 2833//2475
f 958//2476 2833//2476 969//2476
f 969//2476 2833//2476 2834//2476
f 969//286 2834//286 968//286
f 968//286 2834//286 2835//286
f 968//2477 2835//2477 970//2477
f 970//2477 2835//2477 2836//2477
f 970//2478 2836//2478 965//2478
f 965//2478 2836//2478 2837//2478
f 965//2479 2837//2479 964//2479
f 964//2479 2837//2479 2802//2479
f 2721//2472 108//2472 107//2472
f 2721//2472 107//2472 2838//2472
f 2838//2473 107//2473 151//2473
f 2838//2473 151//2473 2839//2473
f 2839//2474 151//2474 231//2474
f 2839//2474 231//2474 2840//2474
f 2840//2475 231//2475 198//2475
f 2840//2475 198//2475 2841//2475
f 2841//2476 198//2476 199//2476
f 2841//2476 199//2476 2842//2476
f 2842//286 199//286 200//286
f 2842//286 200//286 2843//286
f 2843//2477 200//2477 180//2477
f 2843//2477 180//2477 2844//2477
f 2844//2478 180//2478 179//2478
f 2844//2478 179//2478 2845//2478
f 2845//2479 179//2479 197//2479
f 2845//2479 197//2479 2722//2479
f 2719//2463 74//2463 120//2463
f 2719//2463 120//2463 2846//2463
f 2846//2464 120//2464 115//2464
f 2846//2464 115//2464 2847//2464
f 2847//2465 115//2465 114//2465
f 2847//2465 114//2465 2848//2465
f 2848//2466 114//2466 113//2466
f 2848//2466 113//2466 2849//2466
f 2849//2467 113//2467 109//2467
f 2849//2467 109//2467 2850//2467
f 2850//2468 109//2468 110//2468
f 2850//2468 110//2468 2851//2468
f 2851//2469 110//2469 111//2469
f 2851//2469 111//2469 2852//2469
f 2852//2470 111//2470 119//2470
f 2852//2470 119//2470 2853//2470
f 2853//2471 119//2471 118//2471
f 2853//2471 118//2471 2720//2471
f 2723//342 196//342 195//342
f 2723//342 195//342 2854//342
f 2854//343 195//343 154//343
f 2854//343 154//343 2855//343
f 2855//344 154//344 153//344
f 2855//344 153//344 2856//344
f 2856//345 153//345 190//345
f 2856//345 190//345 2857//345
f 2857//346 190//346 189//346
f 2857//346 189//346 2858//346
f 2858//347 189//347 188//347
f 2858//347 188//347 2859//347
f 2859//348 188//348 164//348
f 2859//348 164//348 2860//348
f 2860//349 164//349 163//349
f 2860//349 163//349 2861//349
f 2861//350 163//350 101//350
f 2861//350 101//350 2724//350
f 2725//2455 102//2455 103//2455
f 2725//2455 103//2455 2862//2455
f 2862//2456 103//2456 104//2456
f 2862//2456 104//2456 2863//2456
f 2863//2457 104//2457 106//2457
f 2863//2457 106//2457 2864//2457
f 2864//2458 106//2458 105//2458
f 2864//2458 105//2458 2865//2458
f 2865//2459 105//2459 93//2459
f 2865//2459 93//2459 2866//2459
f 2866//2460 93//2460 91//2460
f 2866//2460 91//2460 2867//2460
f 2867//2461 91//2461 78//2461
f 2867//2461 78//2461 2868//2461
f 2868//2462 78//2462 77//2462
f 2868//2462 77//2462 2869//2462
f 2869//21 77//21 75//21
f 2869//21 75//21 2718//21
f 2721//2436 2729//2436 2720//2436
f 2720//2436 2729//2436 2740//2436
f 2729//2480 2721//2480 2838//2480
f 2729//2480 2838//2480 2760//2480
f 2760//2481 2838//2481 2839//2481
f 2760//2481 2839//2481 2761//2481
f 2761//2482 2839//2482 2840//2482
f 2761//2482 2840//2482 2762//2482
f 2762//2483 2840//2483 2841//2483
f 2762//2484 2841//2484 2778//2484
f 2778//2485 2841//2485 2842//2485
f 2778//2486 2842//2486 2779//2486
f 2779//2487 2842//2487 2843//2487
f 2779//2487 2843//2487 2780//2487
f 2780//2488 2843//2488 2844//2488
f 2780//2488 2844//2488 2784//2488
f 2784//2489 2844//2489 2845//2489
f 2784//2489 2845//2489 2783//2489
f 2783//2490 2845//2490 2722//2490
f 2783//2491 2722//2491 2737//2491
f 2744//2492 2719//2492 2846//2492
f 2744//2493 2846//2493 2790//2493
f 2790//2494 2846//2494 2847//2494
f 2790//2494 2847//2494 2791//2494
f 2791//2495 2847//2495 2848//2495
f 2791//2495 2848//2495 2792//2495
f 2792//2496 2848//2496 2849//2496
f 2792//2497 2849//2497 2795//2497
f 2795//2498 2849//2498 2850//2498
f 2795//2498 2850//2498 2796//2498
f 2796//2499 2850//2499 2851//2499
f 2796//2499 2851//2499 2797//2499
f 2797//2500 2851//2500 2852//2500
f 2797//2500 2852//2500 2801//2500
f 2801//2501 2852//2501 2853//2501
f 2801//2501 2853//2501 2800//2501
f 2800//2502 2853//2502 2720//2502
f 2800//2503 2720//2503 2740//2503
f 2723//2504 2728//2504 2722//2504
f 2722//2504 2728//2504 2737//2504
f 2732//2505 2718//2505 2744//2505
f 2744//2505 2718//2505 2719//2505
f 2728//2506 2723//2506 2854//2506
f 2728//2507 2854//2507 2785//2507
f 2785//2508 2854//2508 2855//2508
f 2785//2508 2855//2508 2786//2508
f 2786//2509 2855//2509 2856//2509
f 2786//2509 2856//2509 2787//2509
f 2787//2510 2856//2510 2857//2510
f 2787//2511 2857//2511 2788//2511
f 2788//2512 2857//2512 2858//2512
f 2788//2512 2858//2512 2789//2512
f 2789//2513 2858//2513 2859//2513
f 2789//2513 2859//2513 2793//2513
f 2793//2514 2859//2514 2860//2514
f 2793//2514 2860//2514 2794//2514
f 2794//2515 2860//2515 2861//2515
f 2794//2515 2861//2515 2777//2515
f 2777//2516 2861//2516 2724//2516
f 2777//2517 2724//2517 2757//2517
f 2767//2518 2725//2518 2862//2518
f 2767//2518 2862//2518 2768//2518
f 2768//2519 2862//2519 2863//2519
f 2768//2519 2863//2519 2769//2519
f 2769//2520 2863//2520 2864//2520
f 2769//2520 2864//2520 2770//2520
f 2770//2521 2864//2521 2865//2521
f 2770//2522 2865//2522 2771//2522
f 2771//2523 2865//2523 2866//2523
f 2771//2524 2866//2524 2741//2524
f 2741//2525 2866//2525 2867//2525
f 2741//2525 2867//2525 2742//2525
f 2742//2526 2867//2526 2868//2526
f 2742//2526 2868//2526 2756//2526
f 2756//2527 2868//2527 2869//2527
f 2756//2527 2869//2527 2755//2527
f 2755//2528 2869//2528 2718//2528
f 2755//2529 2718//2529 2732//2529
f 2725//2445 2767//2445 2724//2445
f 2724//2445 2767//2445 2757//2445
f 2803//2508 2745//2508 2804//2508
f 2804//2508 2745//2508 2765//2508
f 2804//2509 2765//2509 2805//2509
f 2805//2509 2765//2509 2764//2509
f 2805//2510 2764//2510 2806//2510
f 2806//2530 2764//2530 2763//2530
f 2806//2512 2763//2512 2807//2512
f 2807//2531 2763//2531 2799//2531
f 2807//2513 2799//2513 2808//2513
f 2808//2513 2799//2513 2798//2513
f 2808//2514 2798//2514 2809//2514
f 2809//2514 2798//2514 2752//2514
f 2809//2515 2752//2515 2810//2515
f 2810//2515 2752//2515 2751//2515
f 2810//2516 2751//2516 2870//2516
f 2870//2516 2751//2516 2871//2516
f 2870//2518 2871//2518 2812//2518
f 2812//2518 2871//2518 2739//2518
f 2812//2519 2739//2519 2813//2519
f 2813//2519 2739//2519 2738//2519
f 2813//2520 2738//2520 2814//2520
f 2814//2520 2738//2520 2731//2520
f 2814//2521 2731//2521 2815//2521
f 2815//2521 2731//2521 2730//2521
f 2815//2523 2730//2523 2816//2523
f 2816//2524 2730//2524 2782//2524
f 2816//2525 2782//2525 2817//2525
f 2817//2525 2782//2525 2781//2525
f 2817//2526 2781//2526 2818//2526
f 2818//2526 2781//2526 2749//2526
f 2818//2527 2749//2527 2819//2527
f 2819//2527 2749//2527 2748//2527
f 2819//2529 2748//2529 2872//2529
f 2872//2529 2748//2529 2873//2529
f 2872//2493 2873//2493 2821//2493
f 2821//2493 2873//2493 2736//2493
f 2821//2494 2736//2494 2822//2494
f 2822//2494 2736//2494 2735//2494
f 2822//2495 2735//2495 2823//2495
f 2823//2495 2735//2495 2727//2495
f 2823//2496 2727//2496 2824//2496
f 2824//2532 2727//2532 2726//2532
f 2824//2498 2726//2498 2825//2498
f 2825//2533 2726//2533 2776//2533
f 2825//2499 2776//2499 2826//2499
f 2826//2499 2776//2499 2775//2499
f 2826//2500 2775//2500 2827//2500
f 2827//2500 2775//2500 2759//2500
f 2827//2501 2759//2501 2828//2501
f 2828//2501 2759//2501 2758//2501
f 2828//2502 2758//2502 2874//2502
f 2874//2502 2758//2502 2875//2502
f 2874//2480 2875//2480 2830//2480
f 2830//2480 2875//2480 2773//2480
f 2830//2481 2773//2481 2831//2481
f 2831//2481 2773//2481 2772//2481
f 2831//2482 2772//2482 2832//2482
f 2832//2482 2772//2482 2766//2482
f 2832//2483 2766//2483 2833//2483
f 2833//2483 2766//2483 2743//2483
f 2833//2485 2743//2485 2834//2485
f 2834//2486 2743//2486 2754//2486
f 2834//2487 2754//2487 2835//2487
f 2835//2487 2754//2487 2753//2487
f 2835//2488 2753//2488 2836//2488
f 2836//2488 2753//2488 2734//2488
f 2836//2489 2734//2489 2837//2489
f 2837//2489 2734//2489 2733//2489
f 2837//2491 2733//2491 2876//2491
f 2876//2491 2733//2491 2746//2491
f 2876//2507 2746//2507 2803//2507
f 2803//2507 2746//2507 2745//2507
f 95//297 94//297 240//297
f 240//297 94//297 2877//297
f 240//297 2877//297 2878//297
f 39//3 38//3 2879//3
f 2879//3 38//3 2880//3
f 240//3 2878//3 266//3
f 266//3 2878//3 2879//3
f 266//3 2879//3 986//3
f 986//3 2879//3 2880//3
f 2881//297 92//297 51//297
f 51//297 92//297 16//297
f 2882//48 2883//48 3//48
f 3//48 2883//48 1//48
f 331//47 330//47 2884//47
f 2884//47 330//47 2885//47
f 94//47 2886//47 2887//47
f 2887//47 2888//47 94//47
f 94//47 2888//47 2889//47
f 94//47 2889//47 2877//47
f 2890//47 2891//47 94//47
f 94//47 2891//47 2892//47
f 94//47 2892//47 2886//47
f 92//47 2881//47 94//47
f 94//47 2881//47 2893//47
f 94//47 2893//47 2894//47
f 2894//47 2895//47 94//47
f 94//47 2895//47 2896//47
f 94//47 2896//47 2890//47
f 2880//2441 38//2441 36//2441
f 2880//2441 36//2441 2897//2441
f 2897//2442 36//2442 35//2442
f 2897//2442 35//2442 2898//2442
f 2898//2443 35//2443 14//2443
f 2898//2443 14//2443 2899//2443
f 2899//2534 14//2534 13//2534
f 2899//2444 13//2444 2900//2444
f 2900//2445 13//2445 12//2445
f 2900//2445 12//2445 2901//2445
f 2901//2447 12//2447 8//2447
f 2901//2446 8//2446 2902//2446
f 2902//2448 8//2448 7//2448
f 2902//2448 7//2448 2903//2448
f 2903//2449 7//2449 6//2449
f 2903//2449 6//2449 2904//2449
f 2904//2450 6//2450 1//2450
f 2904//2450 1//2450 2883//2450
f 324//2535 2905//2535 326//2535
f 326//2536 2905//2536 2906//2536
f 326//2537 2906//2537 327//2537
f 327//2538 2906//2538 2907//2538
f 327//2539 2907//2539 328//2539
f 328//2540 2907//2540 329//2540
f 329//2541 2907//2541 2885//2541
f 329//2542 2885//2542 330//2542
f 324//2543 980//2543 2905//2543
f 2905//2544 980//2544 985//2544
f 2905//2544 985//2544 2908//2544
f 2908//2505 985//2505 984//2505
f 2908//2505 984//2505 2909//2505
f 2909//2545 984//2545 983//2545
f 2909//2546 983//2546 2910//2546
f 2910//2547 983//2547 982//2547
f 2910//2547 982//2547 2911//2547
f 2911//2548 982//2548 981//2548
f 2911//2548 981//2548 2912//2548
f 2912//2549 981//2549 986//2549
f 2912//2549 986//2549 2880//2549
f 2885//2550 2907//2550 2913//2550
f 2914//2551 2915//2551 2916//2551
f 2880//2552 2897//2552 2917//2552
f 2916//2553 2915//2553 2880//2553
f 2918//2554 2880//2554 2915//2554
f 2918//2555 2915//2555 2919//2555
f 2919//2555 2915//2555 2914//2555
f 2919//2556 2914//2556 2920//2556
f 2921//2557 2880//2557 2918//2557
f 2922//2558 2923//2558 2924//2558
f 2924//2559 2923//2559 2917//2559
f 2924//2559 2917//2559 2925//2559
f 2925//2560 2917//2560 2897//2560
f 2925//2561 2897//2561 2898//2561
f 2921//2562 2918//2562 2926//2562
f 2926//2562 2918//2562 2919//2562
f 2926//2563 2919//2563 2927//2563
f 2927//2563 2919//2563 2920//2563
f 2927//2564 2920//2564 2928//2564
f 2929//2565 2880//2565 2921//2565
f 2930//2566 2922//2566 2931//2566
f 2931//2567 2922//2567 2924//2567
f 2931//2567 2924//2567 2932//2567
f 2932//2568 2924//2568 2925//2568
f 2932//2568 2925//2568 2933//2568
f 2933//2569 2925//2569 2898//2569
f 2933//2569 2898//2569 2899//2569
f 2929//2570 2921//2570 2934//2570
f 2934//2571 2921//2571 2926//2571
f 2934//2572 2926//2572 2935//2572
f 2935//2573 2926//2573 2927//2573
f 2935//2574 2927//2574 2936//2574
f 2936//2574 2927//2574 2928//2574
f 2936//2526 2928//2526 2937//2526
f 2938//2575 2880//2575 2929//2575
f 2939//2576 2930//2576 2940//2576
f 2940//2577 2930//2577 2931//2577
f 2940//2578 2931//2578 2941//2578
f 2941//2579 2931//2579 2932//2579
f 2941//2579 2932//2579 2942//2579
f 2942//2580 2932//2580 2933//2580
f 2942//2580 2933//2580 2943//2580
f 2943//2581 2933//2581 2899//2581
f 2943//2582 2899//2582 2900//2582
f 2938//2583 2929//2583 2944//2583
f 2944//2583 2929//2583 2934//2583
f 2944//2584 2934//2584 2945//2584
f 2945//2584 2934//2584 2935//2584
f 2945//2585 2935//2585 2946//2585
f 2946//2586 2935//2586 2936//2586
f 2946//2527 2936//2527 2947//2527
f 2947//2527 2936//2527 2937//2527
f 2947//2587 2937//2587 2948//2587
f 2912//2588 2880//2588 2938//2588
f 2949//2589 2939//2589 2950//2589
f 2950//2524 2939//2524 2940//2524
f 2950//2523 2940//2523 2951//2523
f 2951//2522 2940//2522 2941//2522
f 2951//2521 2941//2521 2952//2521
f 2952//2520 2941//2520 2942//2520
f 2952//2520 2942//2520 2953//2520
f 2953//2590 2942//2590 2943//2590
f 2953//2519 2943//2519 2954//2519
f 2954//2518 2943//2518 2900//2518
f 2954//2591 2900//2591 2901//2591
f 2912//2592 2938//2592 2911//2592
f 2911//2593 2938//2593 2944//2593
f 2911//2594 2944//2594 2910//2594
f 2910//2595 2944//2595 2945//2595
f 2910//2596 2945//2596 2909//2596
f 2909//2596 2945//2596 2946//2596
f 2909//2529 2946//2529 2908//2529
f 2908//2597 2946//2597 2947//2597
f 2908//2598 2947//2598 2905//2598
f 2905//2598 2947//2598 2948//2598
f 2905//2599 2948//2599 2906//2599
f 2955//2600 2949//2600 2956//2600
f 2956//2601 2949//2601 2950//2601
f 2956//2601 2950//2601 2957//2601
f 2957//2602 2950//2602 2951//2602
f 2957//2603 2951//2603 2958//2603
f 2958//2604 2951//2604 2952//2604
f 2958//2604 2952//2604 2959//2604
f 2959//2605 2952//2605 2953//2605
f 2959//2605 2953//2605 2960//2605
f 2960//2606 2953//2606 2954//2606
f 2960//2606 2954//2606 2961//2606
f 2961//2607 2954//2607 2901//2607
f 2961//2607 2901//2607 2902//2607
f 2962//2608 2955//2608 2963//2608
f 2963//2609 2955//2609 2956//2609
f 2963//2610 2956//2610 2964//2610
f 2964//2611 2956//2611 2957//2611
f 2964//2611 2957//2611 2965//2611
f 2965//2612 2957//2612 2958//2612
f 2965//2612 2958//2612 2966//2612
f 2966//2613 2958//2613 2959//2613
f 2966//2613 2959//2613 2967//2613
f 2967//2614 2959//2614 2960//2614
f 2967//2614 2960//2614 2968//2614
f 2968//2615 2960//2615 2961//2615
f 2968//2615 2961//2615 2969//2615
f 2969//2616 2961//2616 2902//2616
f 2969//2616 2902//2616 2903//2616
f 2907//2617 2962//2617 2913//2617
f 2913//2618 2962//2618 2963//2618
f 2913//2619 2963//2619 2970//2619
f 2970//2620 2963//2620 2964//2620
f 2970//2621 2964//2621 2971//2621
f 2971//2622 2964//2622 2965//2622
f 2971//2622 2965//2622 2972//2622
f 2972//2623 2965//2623 2966//2623
f 2972//2623 2966//2623 2973//2623
f 2973//2624 2966//2624 2967//2624
f 2973//2624 2967//2624 2974//2624
f 2974//2625 2967//2625 2968//2625
f 2974//2626 2968//2626 2975//2626
f 2975//2627 2968//2627 2969//2627
f 2975//2628 2969//2628 2976//2628
f 2976//2629 2969//2629 2903//2629
f 2976//2629 2903//2629 2904//2629
f 2885//2550 2913//2550 2977//2550
f 2977//2630 2913//2630 2970//2630
f 2977//2630 2970//2630 2978//2630
f 2978//2631 2970//2631 2971//2631
f 2978//2631 2971//2631 2979//2631
f 2979//2632 2971//2632 2972//2632
f 2979//2632 2972//2632 2980//2632
f 2980//2633 2972//2633 2973//2633
f 2980//2633 2973//2633 2981//2633
f 2981//2634 2973//2634 2974//2634
f 2981//2634 2974//2634 2982//2634
f 2982//2635 2974//2635 2975//2635
f 2982//2635 2975//2635 2983//2635
f 2983//2636 2975//2636 2976//2636
f 2983//2636 2976//2636 2984//2636
f 2984//2637 2976//2637 2904//2637
f 2984//2637 2904//2637 2883//2637
f 2923//2638 2880//2638 2917//2638
f 2907//2617 2906//2617 2962//2617
f 2962//2599 2906//2599 2948//2599
f 2962//2608 2948//2608 2955//2608
f 2955//2587 2948//2587 2937//2587
f 2955//2600 2937//2600 2949//2600
f 2949//2526 2937//2526 2928//2526
f 2949//2525 2928//2525 2939//2525
f 2939//2639 2928//2639 2920//2639
f 2939//2576 2920//2576 2930//2576
f 2930//2640 2920//2640 2914//2640
f 2930//2566 2914//2566 2922//2566
f 2922//2641 2914//2641 2916//2641
f 2922//2558 2916//2558 2923//2558
f 2923//2642 2916//2642 2880//2642
f 2883//2643 2882//2643 2985//2643
f 2883//2455 2985//2455 2984//2455
f 2984//2456 2985//2456 2986//2456
f 2984//2456 2986//2456 2983//2456
f 2983//2457 2986//2457 2987//2457
f 2983//2457 2987//2457 2982//2457
f 2982//2644 2987//2644 2988//2644
f 2982//2458 2988//2458 2981//2458
f 2981//2459 2988//2459 2989//2459
f 2981//2459 2989//2459 2980//2459
f 2980//2460 2989//2460 2990//2460
f 2980//2460 2990//2460 2979//2460
f 2979//2461 2990//2461 2991//2461
f 2979//2461 2991//2461 2978//2461
f 2978//2462 2991//2462 2992//2462
f 2978//2462 2992//2462 2977//2462
f 2977//21 2992//21 2884//21
f 2977//21 2884//21 2885//21
f 334//2645 2993//2645 2994//2645
f 2995//2646 903//2646 2996//2646
f 2996//2647 903//2647 902//2647
f 2996//2647 902//2647 2997//2647
f 2997//2648 902//2648 900//2648
f 2997//2649 900//2649 2994//2649
f 2994//2650 900//2650 901//2650
f 2994//2651 901//2651 334//2651
f 897//2652 896//2652 2995//2652
f 2995//2653 896//2653 904//2653
f 2995//2654 904//2654 903//2654
f 2995//2655 2998//2655 897//2655
f 897//2656 2998//2656 2999//2656
f 897//2656 2999//2656 899//2656
f 899//2657 2999//2657 870//2657
f 899//2657 870//2657 875//2657
f 331//2658 2884//2658 332//2658
f 332//2659 2884//2659 3000//2659
f 334//2660 335//2660 2993//2660
f 2993//2661 335//2661 336//2661
f 2993//2662 336//2662 3000//2662
f 3000//2663 336//2663 333//2663
f 3000//2664 333//2664 332//2664
f 2992//2665 2991//2665 3001//2665
f 3001//2665 2991//2665 3002//2665
f 3001//2666 3002//2666 3003//2666
f 3003//2667 3002//2667 3004//2667
f 3003//2668 3004//2668 3005//2668
f 3005//2668 3004//2668 3006//2668
f 3005//2669 3006//2669 3007//2669
f 3007//2669 3006//2669 3008//2669
f 3007//2670 3008//2670 3009//2670
f 3009//2670 3008//2670 3010//2670
f 3009//2671 3010//2671 3011//2671
f 3011//2672 3010//2672 3012//2672
f 3011//2673 3012//2673 3013//2673
f 3013//2673 3012//2673 3014//2673
f 3013//2674 3014//2674 3015//2674
f 3015//2674 3014//2674 3016//2674
f 3015//2675 3016//2675 870//2675
f 2991//2676 2990//2676 3002//2676
f 3002//2676 2990//2676 3017//2676
f 3002//2677 3017//2677 3004//2677
f 3004//2677 3017//2677 3018//2677
f 3004//2678 3018//2678 3006//2678
f 3006//2679 3018//2679 3019//2679
f 3006//2680 3019//2680 3008//2680
f 3008//2680 3019//2680 3020//2680
f 3008//2681 3020//2681 3010//2681
f 3010//2681 3020//2681 3021//2681
f 3010//2682 3021//2682 3012//2682
f 3012//2682 3021//2682 3022//2682
f 3012//2683 3022//2683 3014//2683
f 3014//2683 3022//2683 3023//2683
f 3014//2684 3023//2684 3016//2684
f 3016//2685 3023//2685 3024//2685
f 3016//2686 3024//2686 870//2686
f 2884//2687 2992//2687 3000//2687
f 3000//2687 2992//2687 3001//2687
f 3000//2688 3001//2688 2993//2688
f 2993//2688 3001//2688 3003//2688
f 2993//2689 3003//2689 2994//2689
f 2994//2689 3003//2689 3005//2689
f 2994//2690 3005//2690 2997//2690
f 2997//2690 3005//2690 3007//2690
f 2997//2691 3007//2691 2996//2691
f 2996//2692 3007//2692 3009//2692
f 2996//2693 3009//2693 2995//2693
f 2995//2693 3009//2693 3011//2693
f 2995//2694 3011//2694 2998//2694
f 2998//2695 3011//2695 3013//2695
f 2998//2696 3013//2696 2999//2696
f 2999//2697 3013//2697 3015//2697
f 2999//2698 3015//2698 870//2698
f 2989//2699 2988//2699 3025//2699
f 3025//2699 2988//2699 3026//2699
f 3025//2700 3026//2700 3027//2700
f 3027//2700 3026//2700 3028//2700
f 3027//2701 3028//2701 3029//2701
f 3029//2701 3028//2701 3030//2701
f 3029//2702 3030//2702 3031//2702
f 3031//2703 3030//2703 3032//2703
f 3031//2704 3032//2704 3033//2704
f 3033//2705 3032//2705 3034//2705
f 3033//2706 3034//2706 3035//2706
f 3035//2706 3034//2706 3036//2706
f 3035//2707 3036//2707 3037//2707
f 3037//2707 3036//2707 3038//2707
f 3037//2708 3038//2708 3039//2708
f 3039//2709 3038//2709 3040//2709
f 3039//2710 3040//2710 870//2710
f 2988//2711 2987//2711 3026//2711
f 3026//2711 2987//2711 3041//2711
f 3026//2712 3041//2712 3028//2712
f 3028//2713 3041//2713 3042//2713
f 3028//2714 3042//2714 3030//2714
f 3030//2714 3042//2714 3043//2714
f 3030//2715 3043//2715 3032//2715
f 3032//2716 3043//2716 3044//2716
f 3032//2717 3044//2717 3034//2717
f 3034//2717 3044//2717 3045//2717
f 3034//2718 3045//2718 3036//2718
f 3036//2719 3045//2719 3046//2719
f 3036//2720 3046//2720 3038//2720
f 3038//2720 3046//2720 3047//2720
f 3038//2721 3047//2721 3040//2721
f 3040//2721 3047//2721 3048//2721
f 3040//2722 3048//2722 870//2722
f 2990//2723 2989//2723 3017//2723
f 3017//2723 2989//2723 3025//2723
f 3017//2724 3025//2724 3018//2724
f 3018//2724 3025//2724 3027//2724
f 3018//2725 3027//2725 3019//2725
f 3019//2725 3027//2725 3029//2725
f 3019//2726 3029//2726 3020//2726
f 3020//2726 3029//2726 3031//2726
f 3020//2727 3031//2727 3021//2727
f 3021//2728 3031//2728 3033//2728
f 3021//2729 3033//2729 3022//2729
f 3022//2730 3033//2730 3035//2730
f 3022//2731 3035//2731 3023//2731
f 3023//2731 3035//2731 3037//2731
f 3023//2732 3037//2732 3024//2732
f 3024//2732 3037//2732 3039//2732
f 3024//2733 3039//2733 870//2733
f 2986//2734 2985//2734 3049//2734
f 3049//2734 2985//2734 3050//2734
f 3049//2735 3050//2735 3051//2735
f 3051//2736 3050//2736 3052//2736
f 3051//2737 3052//2737 3053//2737
f 3053//2737 3052//2737 3054//2737
f 3053//2738 3054//2738 3055//2738
f 3055//2738 3054//2738 3056//2738
f 3055//2739 3056//2739 3057//2739
f 3057//2740 3056//2740 3058//2740
f 3057//2741 3058//2741 3059//2741
f 3059//2741 3058//2741 3060//2741
f 3059//2742 3060//2742 3061//2742
f 3061//2742 3060//2742 3062//2742
f 3061//2743 3062//2743 3063//2743
f 3063//2743 3062//2743 3064//2743
f 3063//2744 3064//2744 870//2744
f 2985//2745 2882//2745 3050//2745
f 3050//2745 2882//2745 3065//2745
f 3050//2746 3065//2746 3052//2746
f 3052//2746 3065//2746 3066//2746
f 3052//2747 3066//2747 3054//2747
f 3054//2747 3066//2747 3067//2747
f 3054//2748 3067//2748 3056//2748
f 3056//2748 3067//2748 3068//2748
f 3056//2749 3068//2749 3058//2749
f 3058//2750 3068//2750 3069//2750
f 3058//2751 3069//2751 3060//2751
f 3060//2751 3069//2751 3070//2751
f 3060//2752 3070//2752 3062//2752
f 3062//2752 3070//2752 3071//2752
f 3062//2753 3071//2753 3064//2753
f 3064//2754 3071//2754 3072//2754
f 3064//2755 3072//2755 870//2755
f 2987//2756 2986//2756 3041//2756
f 3041//2756 2986//2756 3049//2756
f 3041//2757 3049//2757 3042//2757
f 3042//2758 3049//2758 3051//2758
f 3042//2759 3051//2759 3043//2759
f 3043//2760 3051//2760 3053//2760
f 3043//2761 3053//2761 3044//2761
f 3044//2761 3053//2761 3055//2761
f 3044//2762 3055//2762 3045//2762
f 3045//2762 3055//2762 3057//2762
f 3045//2763 3057//2763 3046//2763
f 3046//2763 3057//2763 3059//2763
f 3046//2764 3059//2764 3047//2764
f 3047//2764 3059//2764 3061//2764
f 3047//2765 3061//2765 3048//2765
f 3048//2766 3061//2766 3063//2766
f 3048//2767 3063//2767 870//2767
f 20//332 870//332 3072//332
f 20//332 3072//332 21//332
f 21//331 3072//331 3071//331
f 21//331 3071//331 22//331
f 22//330 3071//330 3070//330
f 22//330 3070//330 23//330
f 23//2768 3070//2768 3069//2768
f 23//329 3069//329 24//329
f 24//328 3069//328 3068//328
f 24//328 3068//328 25//328
f 25//327 3068//327 3067//327
f 25//327 3067//327 26//327
f 26//326 3067//326 3066//326
f 26//326 3066//326 27//326
f 27//325 3066//325 3065//325
f 27//325 3065//325 5//325
f 5//324 3065//324 2882//324
f 5//324 2882//324 3//324
f 3073//1 3074//1 2878//1
f 3074//1 3075//1 2878//1
f 2878//1 3075//1 3076//1
f 2878//1 3076//1 3077//1
f 3077//1 3078//1 2878//1
f 2878//1 3078//1 3079//1
f 2878//1 3079//1 2879//1
f 2878//1 2877//1 3080//1
f 3080//1 3081//1 2878//1
f 2878//1 3081//1 3082//1
f 2878//1 3082//1 3073//1
f 2892//2769 44//2769 2886//2769
f 2886//2769 44//2769 34//2769
f 2886//2770 34//2770 2887//2770
f 2887//2770 34//2770 33//2770
f 2887//2771 33//2771 2888//2771
f 2888//2771 33//2771 32//2771
f 2888//2772 32//2772 2889//2772
f 2889//2772 32//2772 31//2772
f 2889//2773 31//2773 2877//2773
f 2877//2774 31//2774 30//2774
f 10//2775 3082//2775 29//2775
f 29//2775 3082//2775 3081//2775
f 29//2776 3081//2776 30//2776
f 30//2776 3081//2776 3080//2776
f 30//2777 3080//2777 2877//2777
f 3082//2778 10//2778 9//2778
f 3082//2778 9//2778 3073//2778
f 3073//2779 9//2779 53//2779
f 3073//2779 53//2779 3074//2779
f 3074//2780 53//2780 52//2780
f 3074//2781 52//2781 3075//2781
f 3075//2782 52//2782 43//2782
f 3075//2782 43//2782 3076//2782
f 3076//2783 43//2783 42//2783
f 3076//2783 42//2783 3077//2783
f 3077//2784 42//2784 41//2784
f 3077//2784 41//2784 3078//2784
f 3078//2785 41//2785 40//2785
f 3078//2786 40//2786 3079//2786
f 3079//2787 40//2787 39//2787
f 3079//2788 39//2788 2879//2788
f 2881//2789 51//2789 50//2789
f 2881//2789 50//2789 2893//2789
f 2893//2790 50//2790 49//2790
f 2893//2790 49//2790 2894//2790
f 2894//2791 49//2791 48//2791
f 2894//2791 48//2791 2895//2791
f 2895//2792 48//2792 47//2792
f 2895//2792 47//2792 2896//2792
f 2896//2793 47//2793 46//2793
f 2896//2793 46//2793 2890//2793
f 2890//2794 46//2794 45//2794
f 2890//2794 45//2794 2891//2794
f 2891//2795 45//2795 44//2795
f 2891//2795 44//2795 2892//2795
f 3083//2 17//2 3084//2
f 3084//2 17//2 19//2
f 3085//48 4//48 3086//48
f 3086//48 4//48 2//48
f 3087//3 37//3 3088//3
f 3088//3 37//3 11//3
f 3089//297 28//297 3090//297
f 3090//297 28//297 15//297
f 3091//1 3092//1 3093//1
f 3093//1 3092//1 3094//1
f 3093//1 3094//1 3095//1
f 3095//1 3096//1 3093//1
f 3093//1 3096//1 3097//1
f 3093//1 3097//1 3098//1
f 3088//2436 11//2436 3089//2436
f 3089//2436 11//2436 28//2436
f 3090//337 15//337 3083//337
f 3083//337 15//337 17//337
f 3086//2445 2//2445 3087//2445
f 3087//2445 2//2445 37//2445
f 3084//328 19//328 3085//328
f 3085//328 19//328 4//328
f 3087//2796 3091//2796 3086//2796
f 3086//2796 3091//2796 3093//2796
f 3088//2504 3092//2504 3087//2504
f 3087//2504 3092//2504 3091//2504
f 3098//346 3085//346 3093//346
f 3093//346 3085//346 3086//346
f 3089//2797 3094//2797 3088//2797
f 3088//2797 3094//2797 3092//2797
f 3097//2798 3084//2798 3098//2798
f 3098//2798 3084//2798 3085//2798
f 3090//2476 3095//2476 3089//2476
f 3089//2476 3095//2476 3094//2476
f 3096//2799 3083//2799 3097//2799
f 3097//2799 3083//2799 3084//2799
f 3083//2800 3096//2800 3090//2800
f 3090//2800 3096//2800 3095//2800
f 3099//2801 2528//2801 2533//2801
f 3099//2801 2533//2801 3100//2801
f 3100//2802 2533//2802 2681//2802
f 3100//2802 2681//2802 3101//2802
f 3101//2803 2681//2803 2680//2803
f 3101//2803 2680//2803 3102//2803
f 3102//2804 2680//2804 2696//2804
f 3102//2804 2696//2804 3103//2804
f 3103//2805 2696//2805 2695//2805
f 3103//2805 2695//2805 3104//2805
f 3104//2806 2695//2806 2679//2806
f 3104//2806 2679//2806 3105//2806
f 3105//2807 2679//2807 2678//2807
f 3105//2807 2678//2807 3106//2807
f 3106//2808 2678//2808 2677//2808
f 3106//2808 2677//2808 3107//2808
f 3107//2809 2677//2809 2652//2809
f 3107//2809 2652//2809 3108//2809
f 3108//2810 2652//2810 2651//2810
f 3108//2810 2651//2810 3109//2810
f 3109//2811 2651//2811 2676//2811
f 3109//2812 2676//2812 3110//2812
f 3110//2813 2676//2813 2675//2813
f 3110//2814 2675//2814 3111//2814
f 3111//2815 2675//2815 2694//2815
f 3111//2815 2694//2815 3112//2815
f 3112//2816 2694//2816 2693//2816
f 3112//2816 2693//2816 3113//2816
f 3113//2817 2693//2817 2702//2817
f 3113//2817 2702//2817 3114//2817
f 3114//2818 2702//2818 2701//2818
f 3114//2818 2701//2818 3115//2818
f 3115//2819 2701//2819 2700//2819
f 3115//2819 2700//2819 3116//2819
f 3116//2820 2700//2820 2650//2820
f 3116//2820 2650//2820 3117//2820
f 3117//2821 2650//2821 2649//2821
f 3117//2821 2649//2821 3118//2821
f 3118//2822 2649//2822 2648//2822
f 3118//2822 2648//2822 3119//2822
f 3119//2823 2648//2823 2647//2823
f 3119//2824 2647//2824 3120//2824
f 3120//2825 2647//2825 2623//2825
f 3120//2826 2623//2826 3121//2826
f 3121//2827 2623//2827 2622//2827
f 3121//2828 2622//2828 3122//2828
f 2529//2829 2528//2829 3123//2829
f 3123//2829 2528//2829 3099//2829
f 2527//48 2529//48 3124//48
f 3124//48 2529//48 3123//48
f 2543//2830 2527//2830 3125//2830
f 3125//2830 2527//2830 3124//2830
f 2597//297 2543//297 3126//297
f 3126//297 2543//297 3125//297
f 3127//2831 2621//2831 2619//2831
f 3127//2832 2619//2832 3128//2832
f 3128//2833 2619//2833 2618//2833
f 3128//2833 2618//2833 3129//2833
f 3129//2834 2618//2834 2542//2834
f 3129//2835 2542//2835 3130//2835
f 3130//2836 2542//2836 2541//2836
f 3130//2836 2541//2836 3131//2836
f 3131//2837 2541//2837 2539//2837
f 3131//2837 2539//2837 3132//2837
f 3132//2838 2539//2838 2538//2838
f 3132//2839 2538//2839 3133//2839
f 3133//2840 2538//2840 2580//2840
f 3133//2840 2580//2840 3134//2840
f 3134//2841 2580//2841 2579//2841
f 3134//2841 2579//2841 3135//2841
f 3135//2842 2579//2842 2561//2842
f 3135//2842 2561//2842 3136//2842
f 3136//2843 2561//2843 2560//2843
f 3136//2843 2560//2843 3137//2843
f 3137//2844 2560//2844 2559//2844
f 3137//2844 2559//2844 3138//2844
f 3138//2845 2559//2845 2578//2845
f 3138//2845 2578//2845 3139//2845
f 3139//2846 2578//2846 2576//2846
f 3139//2846 2576//2846 3140//2846
f 3140//2847 2576//2847 2574//2847
f 3140//2847 2574//2847 3141//2847
f 3141//2848 2574//2848 2573//2848
f 3141//2848 2573//2848 3142//2848
f 3142//2849 2573//2849 2596//2849
f 3142//2849 2596//2849 3143//2849
f 3143//2850 2596//2850 2595//2850
f 3143//2851 2595//2851 3144//2851
f 3144//2852 2595//2852 2593//2852
f 3144//2852 2593//2852 3145//2852
f 3145//2853 2593//2853 2592//2853
f 3145//2854 2592//2854 3146//2854
f 3146//2855 2592//2855 2617//2855
f 3146//2856 2617//2856 3147//2856
f 3147//2857 2617//2857 2616//2857
f 3147//2858 2616//2858 3148//2858
f 3148//2859 2616//2859 2615//2859
f 3148//2859 2615//2859 3149//2859
f 3149//2860 2615//2860 2594//2860
f 3149//2860 2594//2860 3150//2860
f 3150//2861 2594//2861 2575//2861
f 3150//2861 2575//2861 3151//2861
f 3151//2862 2575//2862 2577//2862
f 3151//2862 2577//2862 3152//2862
f 3152//2863 2577//2863 2540//2863
f 3152//2863 2540//2863 3153//2863
f 3153//2864 2540//2864 2620//2864
f 3153//2864 2620//2864 3154//2864
f 3154//2865 2620//2865 2597//2865
f 3154//2865 2597//2865 3126//2865
f 2622//2866 2621//2866 3122//2866
f 3122//2866 2621//2866 3127//2866
f 3125//1 3124//1 3126//1
f 3126//1 3124//1 3123//1
f 3099//1 3152//1 3153//1
f 3099//1 3153//1 3123//1
f 3123//1 3153//1 3154//1
f 3123//1 3154//1 3126//1
f 3122//1 3127//1 3128//1
f 3152//1 3099//1 3151//1
f 3151//1 3099//1 3100//1
f 3151//1 3100//1 3150//1
f 3150//1 3100//1 3101//1
f 3150//1 3101//1 3149//1
f 3149//1 3101//1 3102//1
f 3149//1 3102//1 3148//1
f 3148//1 3102//1 3103//1
f 3148//1 3103//1 3147//1
f 3147//1 3103//1 3104//1
f 3147//1 3104//1 3146//1
f 3139//1 3113//1 3138//1
f 3138//1 3113//1 3114//1
f 3138//1 3114//1 3137//1
f 3137//1 3114//1 3115//1
f 3137//1 3115//1 3136//1
f 3136//1 3115//1 3116//1
f 3136//1 3116//1 3135//1
f 3135//1 3116//1 3117//1
f 3135//1 3117//1 3134//1
f 3134//1 3117//1 3118//1
f 3134//1 3118//1 3133//1
f 3133//1 3118//1 3119//1
f 3133//1 3119//1 3132//1
f 3132//1 3119//1 3120//1
f 3132//1 3120//1 3131//1
f 3131//1 3120//1 3121//1
f 3131//1 3121//1 3130//1
f 3130//1 3121//1 3122//1
f 3130//1 3122//1 3129//1
f 3129//1 3122//1 3128//1
f 3107//1 3108//1 3143//1
f 3143//1 3108//1 3142//1
f 3142//1 3108//1 3109//1
f 3142//1 3109//1 3141//1
f 3141//1 3109//1 3110//1
f 3141//1 3110//1 3140//1
f 3140//1 3110//1 3111//1
f 3140//1 3111//1 3139//1
f 3139//1 3111//1 3112//1
f 3139//1 3112//1 3113//1
f 3143//1 3144//1 3107//1
f 3107//1 3144//1 3145//1
f 3107//1 3145//1 3106//1
f 3106//1 3145//1 3146//1
f 3106//1 3146//1 3105//1
f 3105//1 3146//1 3104//1
f 3155//2867 2692//2867 2691//2867
f 3155//2867 2691//2867 3156//2867
f 3156//2868 2691//2868 2690//2868
f 3156//2868 2690//2868 3157//2868
f 3157//2869 2690//2869 2674//2869
f 3157//2869 2674//2869 3158//2869
f 3158//2870 2674//2870 2673//2870
f 3158//2870 2673//2870 3159//2870
f 3159//2871 2673//2871 2717//2871
f 3159//2871 2717//2871 3160//2871
f 3160//2872 2717//2872 2716//2872
f 3160//2873 2716//2873 3161//2873
f 3161//2874 2716//2874 2715//2874
f 3161//2874 2715//2874 3162//2874
f 3162//2875 2715//2875 2709//2875
f 3162//2875 2709//2875 3163//2875
f 3163//2876 2709//2876 2708//2876
f 3163//2876 2708//2876 3164//2876
f 3164//2877 2708//2877 2707//2877
f 3164//2877 2707//2877 3165//2877
f 3165//2878 2707//2878 2706//2878
f 3165//2878 2706//2878 3166//2878
f 3166//2879 2706//2879 2641//2879
f 3166//2879 2641//2879 3167//2879
f 3167//2880 2641//2880 2671//2880
f 3167//2880 2671//2880 3168//2880
f 3168//2881 2671//2881 2672//2881
f 3168//2881 2672//2881 3169//2881
f 3169//2882 2672//2882 2646//2882
f 3169//2882 2646//2882 3170//2882
f 3170//2883 2646//2883 2645//2883
f 3170//2883 2645//2883 3171//2883
f 3171//2884 2645//2884 2644//2884
f 3171//2884 2644//2884 3172//2884
f 3172//2885 2644//2885 2536//2885
f 3172//2885 2536//2885 3173//2885
f 3173//2886 2536//2886 2537//2886
f 3173//2886 2537//2886 3174//2886
f 3174//2887 2537//2887 2637//2887
f 3174//2887 2637//2887 3175//2887
f 3175//2888 2637//2888 2634//2888
f 3175//2889 2634//2889 3176//2889
f 3176//2890 2634//2890 2633//2890
f 3176//2890 2633//2890 3177//2890
f 2553//3 2692//3 3178//3
f 3178//3 2692//3 3155//3
f 2552//48 2553//48 3179//48
f 3179//48 2553//48 3178//48
f 2582//2 2552//2 3180//2
f 3180//2 2552//2 3179//2
f 2583//2891 2582//2891 3181//2891
f 3181//2891 2582//2891 3180//2891
f 3182//2892 2658//2892 2657//2892
f 3182//2892 2657//2892 3183//2892
f 3183//2893 2657//2893 2656//2893
f 3183//2893 2656//2893 3184//2893
f 3184//2894 2656//2894 2683//2894
f 3184//2894 2683//2894 3185//2894
f 3185//2895 2683//2895 2682//2895
f 3185//2895 2682//2895 3186//2895
f 3186//2896 2682//2896 2655//2896
f 3186//2896 2655//2896 3187//2896
f 3187//2897 2655//2897 2654//2897
f 3187//2897 2654//2897 3188//2897
f 3188//2898 2654//2898 2653//2898
f 3188//2898 2653//2898 3189//2898
f 3189//2899 2653//2899 2567//2899
f 3189//2899 2567//2899 3190//2899
f 3190//2900 2567//2900 2566//2900
f 3190//2900 2566//2900 3191//2900
f 3191//2901 2566//2901 2565//2901
f 3191//2901 2565//2901 3192//2901
f 3192//2902 2565//2902 2564//2902
f 3192//2902 2564//2902 3193//2902
f 3193//2903 2564//2903 2627//2903
f 3193//2904 2627//2904 3194//2904
f 3194//2905 2627//2905 2626//2905
f 3194//2905 2626//2905 3195//2905
f 3195//2906 2626//2906 2563//2906
f 3195//2906 2563//2906 3196//2906
f 3196//2907 2563//2907 2562//2907
f 3196//2907 2562//2907 3197//2907
f 3197//2908 2562//2908 2625//2908
f 3197//2908 2625//2908 3198//2908
f 3198//2909 2625//2909 2624//2909
f 3198//2909 2624//2909 3199//2909
f 3199//2910 2624//2910 2547//2910
f 3199//2910 2547//2910 3200//2910
f 3200//2911 2547//2911 2545//2911
f 3200//2911 2545//2911 3201//2911
f 3201//2912 2545//2912 2544//2912
f 3201//2912 2544//2912 3202//2912
f 3202//2913 2544//2913 2632//2913
f 3202//2913 2632//2913 3203//2913
f 3203//2914 2632//2914 2631//2914
f 3203//2914 2631//2914 3204//2914
f 3204//2915 2631//2915 2630//2915
f 3204//2915 2630//2915 3205//2915
f 3205//2916 2630//2916 2629//2916
f 3205//2916 2629//2916 3206//2916
f 3206//2917 2629//2917 2628//2917
f 3206//2918 2628//2918 3207//2918
f 3207//2919 2628//2919 2583//2919
f 3207//2920 2583//2920 3181//2920
f 2659//48 2658//48 3208//48
f 3208//48 2658//48 3182//48
f 2546//3 2659//3 3209//3
f 3209//3 2659//3 3208//3
f 2581//2921 2546//2921 3210//2921
f 3210//2921 2546//2921 3209//2921
f 2660//2 2581//2 3211//2
f 3211//2 2581//2 3210//2
f 2633//297 2660//297 3177//297
f 3177//297 2660//297 3211//297
f 3205//1 3206//1 3155//1
f 3155//1 3206//1 3207//1
f 3179//1 3178//1 3180//1
f 3180//1 3178//1 3155//1
f 3180//1 3155//1 3181//1
f 3181//1 3155//1 3207//1
f 3205//1 3155//1 3204//1
f 3204//1 3155//1 3156//1
f 3204//1 3156//1 3203//1
f 3203//1 3156//1 3157//1
f 3203//1 3157//1 3202//1
f 3202//1 3157//1 3158//1
f 3202//1 3158//1 3201//1
f 3210//1 3209//1 3211//1
f 3211//1 3209//1 3208//1
f 3211//1 3208//1 3177//1
f 3177//1 3208//1 3182//1
f 3177//1 3182//1 3176//1
f 3201//1 3158//1 3200//1
f 3200//1 3158//1 3159//1
f 3200//1 3159//1 3199//1
f 3199//1 3159//1 3160//1
f 3199//1 3160//1 3198//1
f 3198//1 3160//1 3161//1
f 3198//1 3161//1 3197//1
f 3197//1 3161//1 3162//1
f 3197//1 3162//1 3196//1
f 3196//1 3162//1 3163//1
f 3196//1 3163//1 3195//1
f 3195//1 3163//1 3164//1
f 3195//1 3164//1 3194//1
f 3194//1 3164//1 3165//1
f 3194//1 3165//1 3193//1
f 3182//1 3183//1 3176//1
f 3176//1 3183//1 3184//1
f 3176//1 3184//1 3175//1
f 3175//1 3184//1 3185//1
f 3175//1 3185//1 3174//1
f 3174//1 3185//1 3186//1
f 3174//1 3186//1 3173//1
f 3173//1 3186//1 3187//1
f 3173//1 3187//1 3172//1
f 3172//1 3187//1 3188//1
f 3172//1 3188//1 3171//1
f 3171//1 3188//1 3189//1
f 3171//1 3189//1 3170//1
f 3170//1 3189//1 3190//1
f 3170//1 3190//1 3169//1
f 3169//1 3190//1 3168//1
f 3190//1 3191//1 3168//1
f 3168//1 3191//1 3192//1
f 3168//1 3192//1 3167//1
f 3167//1 3192//1 3193//1
f 3167//1 3193//1 3166//1
f 3166//1 3193//1 3165//1
f 3212//2922 2586//2922 2585//2922
f 3212//2922 2585//2922 3213//2922
f 3213//2923 2585//2923 2685//2923
f 3213//2923 2685//2923 3214//2923
f 3214//2924 2685//2924 2684//2924
f 3214//2924 2684//2924 3215//2924
f 3215//2925 2684//2925 2668//2925
f 3215//2925 2668//2925 3216//2925
f 3216//2926 2668//2926 2667//2926
f 3216//2926 2667//2926 3217//2926
f 3217//2927 2667//2927 2666//2927
f 3217//2927 2666//2927 3218//2927
f 3218//2928 2666//2928 2664//2928
f 3218//2929 2664//2929 3219//2929
f 3219//2930 2664//2930 2663//2930
f 3219//2931 2663//2931 3220//2931
f 3220//2932 2663//2932 2662//2932
f 3220//2932 2662//2932 3221//2932
f 3221//2933 2662//2933 2601//2933
f 3221//2933 2601//2933 3222//2933
f 3222//2934 2601//2934 2600//2934
f 3222//2934 2600//2934 3223//2934
f 3223//2935 2600//2935 2599//2935
f 3223//2935 2599//2935 3224//2935
f 3224//2936 2599//2936 2598//2936
f 3224//2936 2598//2936 3225//2936
f 3225//2937 2598//2937 2551//2937
f 3225//2937 2551//2937 3226//2937
f 3226//2938 2551//2938 2572//2938
f 3226//2938 2572//2938 3227//2938
f 3227//2939 2572//2939 2571//2939
f 3227//2939 2571//2939 3228//2939
f 3228//2940 2571//2940 2570//2940
f 3228//2940 2570//2940 3229//2940
f 3229//2941 2570//2941 2589//2941
f 3229//2941 2589//2941 3230//2941
f 3230//2942 2589//2942 2588//2942
f 3230//2943 2588//2943 3231//2943
f 3231//2944 2588//2944 2587//2944
f 3231//2944 2587//2944 3232//2944
f 3232//2945 2587//2945 2609//2945
f 3232//2946 2609//2946 3233//2946
f 3233//2947 2609//2947 2608//2947
f 3233//2947 2608//2947 3234//2947
f 3234//2948 2608//2948 2569//2948
f 3234//2948 2569//2948 3235//2948
f 3235//2949 2569//2949 2568//2949
f 3235//2949 2568//2949 3236//2949
f 3236//2950 2568//2950 2604//2950
f 3236//2951 2604//2951 3237//2951
f 3237//2952 2604//2952 2603//2952
f 3237//2952 2603//2952 3238//2952
f 3238//2953 2603//2953 2607//2953
f 3238//2954 2607//2954 3239//2954
f 3239//2955 2607//2955 2606//2955
f 3239//2955 2606//2955 3240//2955
f 3240//2956 2606//2956 2605//2956
f 3240//2957 2605//2957 3241//2957
f 3241//2958 2605//2958 2602//2958
f 3241//2959 2602//2959 3242//2959
f 3242//2960 2602//2960 2549//2960
f 3242//2960 2549//2960 3243//2960
f 3243//2961 2549//2961 2548//2961
f 3243//2962 2548//2962 3244//2962
f 2635//48 2586//48 3245//48
f 3245//48 2586//48 3212//48
f 2636//2963 2635//2963 3246//2963
f 3246//2963 2635//2963 3245//2963
f 2661//297 2636//297 3247//297
f 3247//297 2636//297 3246//297
f 3248//2964 2534//2964 2670//2964
f 3248//2964 2670//2964 3249//2964
f 3249//2965 2670//2965 2669//2965
f 3249//2965 2669//2965 3250//2965
f 3250//2966 2669//2966 2640//2966
f 3250//2966 2640//2966 3251//2966
f 3251//2967 2640//2967 2642//2967
f 3251//2967 2642//2967 3252//2967
f 3252//2968 2642//2968 2643//2968
f 3252//2969 2643//2969 3253//2969
f 3253//2970 2643//2970 2614//2970
f 3253//2970 2614//2970 3254//2970
f 3254//2971 2614//2971 2613//2971
f 3254//2971 2613//2971 3255//2971
f 3255//2972 2613//2972 2665//2972
f 3255//2972 2665//2972 3256//2972
f 3256//2973 2665//2973 2714//2973
f 3256//2974 2714//2974 3257//2974
f 3257//2975 2714//2975 2713//2975
f 3257//2975 2713//2975 3258//2975
f 3258//2976 2713//2976 2712//2976
f 3258//2976 2712//2976 3259//2976
f 3259//2977 2712//2977 2689//2977
f 3259//2977 2689//2977 3260//2977
f 3260//2978 2689//2978 2688//2978
f 3260//2978 2688//2978 3261//2978
f 3261//2979 2688//2979 2705//2979
f 3261//2979 2705//2979 3262//2979
f 3262//2980 2705//2980 2704//2980
f 3262//2980 2704//2980 3263//2980
f 3263//2981 2704//2981 2699//2981
f 3263//2981 2699//2981 3264//2981
f 3264//2982 2699//2982 2698//2982
f 3264//2982 2698//2982 3265//2982
f 3265//2983 2698//2983 2697//2983
f 3265//2984 2697//2984 3266//2984
f 3266//2985 2697//2985 2703//2985
f 3266//2985 2703//2985 3267//2985
f 3267//2986 2703//2986 2687//2986
f 3267//2987 2687//2987 3268//2987
f 3268//2988 2687//2988 2686//2988
f 3268//2988 2686//2988 3269//2988
f 3269//2989 2686//2989 2711//2989
f 3269//2990 2711//2990 3270//2990
f 3270//2991 2711//2991 2710//2991
f 3270//2991 2710//2991 3271//2991
f 3271//2992 2710//2992 2610//2992
f 3271//2992 2610//2992 3272//2992
f 3272//2993 2610//2993 2611//2993
f 3272//2993 2611//2993 3273//2993
f 3273//2994 2611//2994 2612//2994
f 3273//2994 2612//2994 3274//2994
f 3274//2995 2612//2995 2639//2995
f 3274//2995 2639//2995 3275//2995
f 3275//2996 2639//2996 2638//2996
f 3275//2996 2638//2996 3276//2996
f 3276//2997 2638//2997 2591//2997
f 3276//2997 2591//2997 3277//2997
f 3277//2998 2591//2998 2590//2998
f 3277//2998 2590//2998 3278//2998
f 3278//2999 2590//2999 2661//2999
f 3278//2999 2661//2999 3247//2999
f 2535//2 2534//2 3279//2
f 3279//2 2534//2 3248//2
f 2584//297 2535//297 3280//297
f 3280//297 2535//297 3279//297
f 2550//3000 2584//3000 3281//3000
f 3281//3000 2584//3000 3280//3000
f 2548//48 2550//48 3244//48
f 3244//48 2550//48 3281//48
f 3244//1 3281//1 3280//1
f 3251//1 3241//1 3250//1
f 3250//1 3241//1 3242//1
f 3250//1 3242//1 3249//1
f 3249//1 3242//1 3243//1
f 3249//1 3243//1 3248//1
f 3248//1 3243//1 3244//1
f 3248//1 3244//1 3279//1
f 3279//1 3244//1 3280//1
f 3227//1 3228//1 3262//1
f 3247//1 3246//1 3245//1
f 3262//1 3228//1 3261//1
f 3228//1 3229//1 3261//1
f 3261//1 3229//1 3230//1
f 3261//1 3230//1 3260//1
f 3260//1 3230//1 3231//1
f 3260//1 3231//1 3259//1
f 3259//1 3231//1 3232//1
f 3259//1 3232//1 3258//1
f 3258//1 3232//1 3233//1
f 3258//1 3233//1 3257//1
f 3257//1 3233//1 3234//1
f 3257//1 3234//1 3256//1
f 3256//1 3234//1 3235//1
f 3256//1 3235//1 3255//1
f 3255//1 3235//1 3236//1
f 3255//1 3236//1 3254//1
f 3254//1 3236//1 3237//1
f 3254//1 3237//1 3253//1
f 3253//1 3237//1 3238//1
f 3253//1 3238//1 3252//1
f 3252//1 3238//1 3239//1
f 3252//1 3239//1 3251//1
f 3251//1 3239//1 3240//1
f 3251//1 3240//1 3241//1
f 3245//1 3212//1 3247//1
f 3247//1 3212//1 3213//1
f 3247//1 3213//1 3278//1
f 3278//1 3213//1 3214//1
f 3278//1 3214//1 3277//1
f 3277//1 3214//1 3215//1
f 3277//1 3215//1 3276//1
f 3276//1 3215//1 3216//1
f 3276//1 3216//1 3275//1
f 3275//1 3216//1 3217//1
f 3262//1 3263//1 3227//1
f 3227//1 3263//1 3264//1
f 3227//1 3264//1 3226//1
f 3226//1 3264//1 3265//1
f 3226//1 3265//1 3225//1
f 3225//1 3265//1 3266//1
f 3225//1 3266//1 3224//1
f 3224//1 3266//1 3267//1
f 3224//1 3267//1 3223//1
f 3223//1 3267//1 3268//1
f 3223//1 3268//1 3222//1
f 3222//1 3268//1 3269//1
f 3222//1 3269//1 3221//1
f 3221//1 3269//1 3270//1
f 3221//1 3270//1 3220//1
f 3220//1 3270//1 3271//1
f 3220//1 3271//1 3219//1
f 3219//1 3271//1 3272//1
f 3219//1 3272//1 3218//1
f 3218//1 3272//1 3273//1
f 3218//1 3273//1 3217//1
f 3217//1 3273//1 3274//1
f 3217//1 3274//1 3275//1
f 2556//2963 2557//2963 3282//2963
f 3282//2963 2557//2963 3283//2963
f 2555//3 2556//3 3284//3
f 3284//3 2556//3 3282//3
f 2554//48 2555//48 3285//48
f 3285//48 2555//48 3284//48
f 2530//2 2554//2 3286//2
f 3286//2 2554//2 3285//2
f 2531//3001 2530//3001 3287//3001
f 3287//3001 2530//3001 3286//3001
f 2532//2 2531//2 3288//2
f 3288//2 2531//2 3287//2
f 2558//297 2532//297 3289//297
f 3289//297 2532//297 3288//297
f 2557//3 2558//3 3283//3
f 3283//3 2558//3 3289//3
f 3285//1 3284//1 3286//1
f 3286//1 3284//1 3282//1
f 3286//1 3282//1 3287//1
f 3287//1 3282//1 3283//1
f 3287//1 3283//1 3288//1
f 3288//1 3283//1 3289//1
f 3290//3002 2329//3002 2371//3002
f 3290//3002 2371//3002 3291//3002
f 3291//3003 2371//3003 2498//3003
f 3291//3003 2498//3003 3292//3003
f 3292//3004 2498//3004 2497//3004
f 3292//3004 2497//3004 3293//3004
f 3293//3005 2497//3005 2502//3005
f 3293//3005 2502//3005 3294//3005
f 3294//3006 2502//3006 2501//3006
f 3294//3006 2501//3006 3295//3006
f 3295//3007 2501//3007 2496//3007
f 3295//3007 2496//3007 3296//3007
f 3296//3008 2496//3008 2495//3008
f 3296//3008 2495//3008 3297//3008
f 3297//3009 2495//3009 2494//3009
f 3297//3009 2494//3009 3298//3009
f 3298//3010 2494//3010 2481//3010
f 3298//3010 2481//3010 3299//3010
f 3299//3011 2481//3011 2480//3011
f 3299//3011 2480//3011 3300//3011
f 3300//3012 2480//3012 2493//3012
f 3300//3013 2493//3013 3301//3013
f 3301//3014 2493//3014 2492//3014
f 3301//3015 2492//3015 3302//3015
f 3302//3016 2492//3016 2500//3016
f 3302//3016 2500//3016 3303//3016
f 3303//3017 2500//3017 2499//3017
f 3303//3017 2499//3017 3304//3017
f 3304//3018 2499//3018 2505//3018
f 3304//3018 2505//3018 3305//3018
f 3305//3019 2505//3019 2504//3019
f 3305//3019 2504//3019 3306//3019
f 3306//3020 2504//3020 2503//3020
f 3306//3021 2503//3021 3307//3021
f 3307//3022 2503//3022 2471//3022
f 3307//3022 2471//3022 3308//3022
f 3308//3023 2471//3023 2470//3023
f 3308//3023 2470//3023 3309//3023
f 3309//3024 2470//3024 2467//3024
f 3309//3024 2467//3024 3310//3024
f 3310//3025 2467//3025 2468//3025
f 3310//3026 2468//3026 3311//3026
f 3311//3027 2468//3027 2469//3027
f 3311//3028 2469//3028 3312//3028
f 3312//3029 2469//3029 2350//3029
f 3312//3030 2350//3030 3313//3030
f 2330//3031 2329//3031 3314//3031
f 3314//3031 2329//3031 3290//3031
f 2331//297 2330//297 3315//297
f 3315//297 2330//297 3314//297
f 2386//3032 2331//3032 3316//3032
f 3316//3032 2331//3032 3315//3032
f 2334//48 2386//48 3317//48
f 3317//48 2386//48 3316//48
f 3318//3033 2349//3033 2347//3033
f 3318//3034 2347//3034 3319//3034
f 3319//3035 2347//3035 2346//3035
f 3319//3035 2346//3035 3320//3035
f 3320//3036 2346//3036 2328//3036
f 3320//3037 2328//3037 3321//3037
f 3321//3038 2328//3038 2327//3038
f 3321//3038 2327//3038 3322//3038
f 3322//3039 2327//3039 2325//3039
f 3322//3039 2325//3039 3323//3039
f 3323//3040 2325//3040 2324//3040
f 3323//3041 2324//3041 3324//3041
f 3324//3042 2324//3042 2369//3042
f 3324//3042 2369//3042 3325//3042
f 3325//3043 2369//3043 2368//3043
f 3325//3043 2368//3043 3326//3043
f 3326//3044 2368//3044 2345//3044
f 3326//3044 2345//3044 3327//3044
f 3327//3045 2345//3045 2344//3045
f 3327//3045 2344//3045 3328//3045
f 3328//3046 2344//3046 2343//3046
f 3328//3046 2343//3046 3329//3046
f 3329//3047 2343//3047 2367//3047
f 3329//3047 2367//3047 3330//3047
f 3330//3048 2367//3048 2365//3048
f 3330//3048 2365//3048 3331//3048
f 3331//3049 2365//3049 2363//3049
f 3331//3049 2363//3049 3332//3049
f 3332//3050 2363//3050 2362//3050
f 3332//3050 2362//3050 3333//3050
f 3333//3051 2362//3051 2385//3051
f 3333//3051 2385//3051 3334//3051
f 3334//3052 2385//3052 2384//3052
f 3334//3053 2384//3053 3335//3053
f 3335//3054 2384//3054 2382//3054
f 3335//3054 2382//3054 3336//3054
f 3336//3055 2382//3055 2381//3055
f 3336//3056 2381//3056 3337//3056
f 3337//3057 2381//3057 2406//3057
f 3337//3058 2406//3058 3338//3058
f 3338//3059 2406//3059 2405//3059
f 3338//3060 2405//3060 3339//3060
f 3339//3061 2405//3061 2404//3061
f 3339//3061 2404//3061 3340//3061
f 3340//3062 2404//3062 2383//3062
f 3340//3062 2383//3062 3341//3062
f 3341//3063 2383//3063 2364//3063
f 3341//3063 2364//3063 3342//3063
f 3342//3064 2364//3064 2366//3064
f 3342//3064 2366//3064 3343//3064
f 3343//3065 2366//3065 2326//3065
f 3343//3065 2326//3065 3344//3065
f 3344//3066 2326//3066 2348//3066
f 3344//3066 2348//3066 3345//3066
f 3345//3067 2348//3067 2334//3067
f 3345//3067 2334//3067 3317//3067
f 2350//3068 2349//3068 3313//3068
f 3313//3068 2349//3068 3318//3068
f 3316//47 3315//47 3317//47
f 3317//47 3315//47 3314//47
f 3290//47 3343//47 3344//47
f 3290//47 3344//47 3314//47
f 3314//47 3344//47 3345//47
f 3314//47 3345//47 3317//47
f 3313//47 3318//47 3319//47
f 3343//47 3290//47 3342//47
f 3342//47 3290//47 3291//47
f 3342//47 3291//47 3341//47
f 3341//47 3291//47 3292//47
f 3341//47 3292//47 3340//47
f 3340//47 3292//47 3293//47
f 3340//47 3293//47 3339//47
f 3339//47 3293//47 3294//47
f 3339//47 3294//47 3338//47
f 3338//47 3294//47 3295//47
f 3338//47 3295//47 3337//47
f 3330//47 3304//47 3329//47
f 3329//47 3304//47 3305//47
f 3329//47 3305//47 3328//47
f 3328//47 3305//47 3306//47
f 3328//47 3306//47 3327//47
f 3327//47 3306//47 3307//47
f 3327//47 3307//47 3326//47
f 3326//47 3307//47 3308//47
f 3326//47 3308//47 3325//47
f 3325//47 3308//47 3309//47
f 3325//47 3309//47 3324//47
f 3324//47 3309//47 3310//47
f 3324//47 3310//47 3323//47
f 3323//47 3310//47 3311//47
f 3323//47 3311//47 3322//47
f 3322//47 3311//47 3312//47
f 3322//47 3312//47 3321//47
f 3321//47 3312//47 3313//47
f 3321//47 3313//47 3320//47
f 3320//47 3313//47 3319//47
f 3298//47 3299//47 3334//47
f 3334//47 3299//47 3333//47
f 3333//47 3299//47 3300//47
f 3333//47 3300//47 3332//47
f 3332//47 3300//47 3301//47
f 3332//47 3301//47 3331//47
f 3331//47 3301//47 3302//47
f 3331//47 3302//47 3330//47
f 3330//47 3302//47 3303//47
f 3330//47 3303//47 3304//47
f 3334//47 3335//47 3298//47
f 3298//47 3335//47 3336//47
f 3298//47 3336//47 3297//47
f 3297//47 3336//47 3337//47
f 3297//47 3337//47 3296//47
f 3296//47 3337//47 3295//47
f 3346//3069 2442//3069 2441//3069
f 3346//3069 2441//3069 3347//3069
f 3347//3070 2441//3070 2440//3070
f 3347//3070 2440//3070 3348//3070
f 3348//3071 2440//3071 2427//3071
f 3348//3071 2427//3071 3349//3071
f 3349//3072 2427//3072 2426//3072
f 3349//3072 2426//3072 3350//3072
f 3350//3073 2426//3073 2491//3073
f 3350//3073 2491//3073 3351//3073
f 3351//3074 2491//3074 2490//3074
f 3351//3075 2490//3075 3352//3075
f 3352//3076 2490//3076 2489//3076
f 3352//3076 2489//3076 3353//3076
f 3353//3077 2489//3077 2479//3077
f 3353//3077 2479//3077 3354//3077
f 3354//3078 2479//3078 2478//3078
f 3354//3078 2478//3078 3355//3078
f 3355//3079 2478//3079 2477//3079
f 3355//3079 2477//3079 3356//3079
f 3356//3080 2477//3080 2476//3080
f 3356//3080 2476//3080 3357//3080
f 3357//3081 2476//3081 2409//3081
f 3357//3081 2409//3081 3358//3081
f 3358//3082 2409//3082 2486//3082
f 3358//3082 2486//3082 3359//3082
f 3359//3083 2486//3083 2487//3083
f 3359//3083 2487//3083 3360//3083
f 3360//3084 2487//3084 2488//3084
f 3360//3084 2488//3084 3361//3084
f 3361//3085 2488//3085 2451//3085
f 3361//3085 2451//3085 3362//3085
f 3362//3086 2451//3086 2450//3086
f 3362//3086 2450//3086 3363//3086
f 3363//3087 2450//3087 2425//3087
f 3363//3087 2425//3087 3364//3087
f 3364//3088 2425//3088 2423//3088
f 3364//3088 2423//3088 3365//3088
f 3365//3089 2423//3089 2422//3089
f 3365//3089 2422//3089 3366//3089
f 3366//3090 2422//3090 2421//3090
f 3366//3091 2421//3091 3367//3091
f 3367//3092 2421//3092 2420//3092
f 3367//3092 2420//3092 3368//3092
f 2370//3 2442//3 3369//3
f 3369//3 2442//3 3346//3
f 2332//297 2370//297 3370//297
f 3370//297 2370//297 3369//297
f 2333//2 2332//2 3371//2
f 3371//2 2332//2 3370//2
f 2412//3093 2333//3093 3372//3093
f 3372//3093 2333//3093 3371//3093
f 3373//3094 2448//3094 2447//3094
f 3373//3094 2447//3094 3374//3094
f 3374//3095 2447//3095 2446//3095
f 3374//3095 2446//3095 3375//3095
f 3375//3096 2446//3096 2483//3096
f 3375//3096 2483//3096 3376//3096
f 3376//3097 2483//3097 2482//3097
f 3376//3097 2482//3097 3377//3097
f 3377//3098 2482//3098 2445//3098
f 3377//3098 2445//3098 3378//3098
f 3378//3099 2445//3099 2444//3099
f 3378//3099 2444//3099 3379//3099
f 3379//3100 2444//3100 2443//3100
f 3379//3100 2443//3100 3380//3100
f 3380//3101 2443//3101 2377//3101
f 3380//3101 2377//3101 3381//3101
f 3381//3102 2377//3102 2376//3102
f 3381//3102 2376//3102 3382//3102
f 3382//3103 2376//3103 2375//3103
f 3382//3103 2375//3103 3383//3103
f 3383//3104 2375//3104 2374//3104
f 3383//3104 2374//3104 3384//3104
f 3384//3105 2374//3105 2431//3105
f 3384//3106 2431//3106 3385//3106
f 3385//3107 2431//3107 2430//3107
f 3385//3107 2430//3107 3386//3107
f 3386//3108 2430//3108 2373//3108
f 3386//3108 2373//3108 3387//3108
f 3387//3109 2373//3109 2372//3109
f 3387//3109 2372//3109 3388//3109
f 3388//3110 2372//3110 2429//3110
f 3388//3110 2429//3110 3389//3110
f 3389//3111 2429//3111 2428//3111
f 3389//3111 2428//3111 3390//3111
f 3390//3112 2428//3112 2354//3112
f 3390//3112 2354//3112 3391//3112
f 3391//3113 2354//3113 2352//3113
f 3391//3113 2352//3113 3392//3113
f 3392//3114 2352//3114 2351//3114
f 3392//3114 2351//3114 3393//3114
f 3393//3115 2351//3115 2417//3115
f 3393//3115 2417//3115 3394//3115
f 3394//3116 2417//3116 2416//3116
f 3394//3116 2416//3116 3395//3116
f 3395//3117 2416//3117 2415//3117
f 3395//3117 2415//3117 3396//3117
f 3396//3118 2415//3118 2414//3118
f 3396//3118 2414//3118 3397//3118
f 3397//3119 2414//3119 2413//3119
f 3397//3120 2413//3120 3398//3120
f 3398//3121 2413//3121 2412//3121
f 3398//3122 2412//3122 3372//3122
f 2449//297 2448//297 3399//297
f 3399//297 2448//297 3373//297
f 2353//3 2449//3 3400//3
f 3400//3 2449//3 3399//3
f 2418//3123 2353//3123 3401//3123
f 3401//3123 2353//3123 3400//3123
f 2419//2 2418//2 3402//2
f 3402//2 2418//2 3401//2
f 2420//48 2419//48 3368//48
f 3368//48 2419//48 3402//48
f 3396//47 3397//47 3346//47
f 3346//47 3397//47 3398//47
f 3370//47 3369//47 3371//47
f 3371//47 3369//47 3346//47
f 3371//47 3346//47 3372//47
f 3372//2451 3346//2451 3398//2451
f 3396//47 3346//47 3395//47
f 3395//47 3346//47 3347//47
f 3395//47 3347//47 3394//47
f 3394//47 3347//47 3348//47
f 3394//47 3348//47 3393//47
f 3393//47 3348//47 3349//47
f 3393//47 3349//47 3392//47
f 3401//47 3400//47 3402//47
f 3402//47 3400//47 3399//47
f 3402//47 3399//47 3368//47
f 3368//47 3399//47 3373//47
f 3368//47 3373//47 3367//47
f 3392//47 3349//47 3391//47
f 3391//47 3349//47 3350//47
f 3391//47 3350//47 3390//47
f 3390//47 3350//47 3351//47
f 3390//47 3351//47 3389//47
f 3389//47 3351//47 3352//47
f 3389//47 3352//47 3388//47
f 3388//47 3352//47 3353//47
f 3388//47 3353//47 3387//47
f 3387//47 3353//47 3354//47
f 3387//47 3354//47 3386//47
f 3386//47 3354//47 3355//47
f 3386//47 3355//47 3385//47
f 3385//47 3355//47 3356//47
f 3385//47 3356//47 3384//47
f 3373//47 3374//47 3367//47
f 3367//47 3374//47 3375//47
f 3367//47 3375//47 3366//47
f 3366//47 3375//47 3376//47
f 3366//47 3376//47 3365//47
f 3365//47 3376//47 3377//47
f 3365//47 3377//47 3364//47
f 3364//47 3377//47 3378//47
f 3364//47 3378//47 3363//47
f 3363//47 3378//47 3379//47
f 3363//47 3379//47 3362//47
f 3362//47 3379//47 3380//47
f 3362//47 3380//47 3361//47
f 3361//47 3380//47 3381//47
f 3361//47 3381//47 3360//47
f 3360//47 3381//47 3359//47
f 3381//47 3382//47 3359//47
f 3359//47 3382//47 3383//47
f 3359//47 3383//47 3358//47
f 3358//47 3383//47 3384//47
f 3358//47 3384//47 3357//47
f 3357//47 3384//47 3356//47
f 3403//3124 2389//3124 2391//3124
f 3403//3124 2391//3124 3404//3124
f 3404//3125 2391//3125 2473//3125
f 3404//3125 2473//3125 3405//3125
f 3405//3126 2473//3126 2472//3126
f 3405//3126 2472//3126 3406//3126
f 3406//3127 2472//3127 2454//3127
f 3406//3127 2454//3127 3407//3127
f 3407//3128 2454//3128 2453//3128
f 3407//3128 2453//3128 3408//3128
f 3408//3129 2453//3129 2452//3129
f 3408//3129 2452//3129 3409//3129
f 3409//3130 2452//3130 2435//3130
f 3409//3131 2435//3131 3410//3131
f 3410//3132 2435//3132 2434//3132
f 3410//3133 2434//3133 3411//3133
f 3411//3134 2434//3134 2433//3134
f 3411//3134 2433//3134 3412//3134
f 3412//3135 2433//3135 2395//3135
f 3412//3135 2395//3135 3413//3135
f 3413//3136 2395//3136 2394//3136
f 3413//3136 2394//3136 3414//3136
f 3414//3137 2394//3137 2393//3137
f 3414//3137 2393//3137 3415//3137
f 3415//3138 2393//3138 2392//3138
f 3415//3138 2392//3138 3416//3138
f 3416//3139 2392//3139 2338//3139
f 3416//3139 2338//3139 3417//3139
f 3417//3140 2338//3140 2359//3140
f 3417//3140 2359//3140 3418//3140
f 3418//3141 2359//3141 2358//3141
f 3418//3141 2358//3141 3419//3141
f 3419//3142 2358//3142 2357//3142
f 3419//3142 2357//3142 3420//3142
f 3420//3143 2357//3143 2380//3143
f 3420//3143 2380//3143 3421//3143
f 3421//3144 2380//3144 2379//3144
f 3421//3145 2379//3145 3422//3145
f 3422//3146 2379//3146 2378//3146
f 3422//3146 2378//3146 3423//3146
f 3423//3147 2378//3147 2403//3147
f 3423//3148 2403//3148 3424//3148
f 3424//3149 2403//3149 2402//3149
f 3424//3149 2402//3149 3425//3149
f 3425//3150 2402//3150 2356//3150
f 3425//3150 2356//3150 3426//3150
f 3426//3151 2356//3151 2355//3151
f 3426//3151 2355//3151 3427//3151
f 3427//3152 2355//3152 2398//3152
f 3427//3153 2398//3153 3428//3153
f 3428//3154 2398//3154 2397//3154
f 3428//3154 2397//3154 3429//3154
f 3429//3155 2397//3155 2401//3155
f 3429//3156 2401//3156 3430//3156
f 3430//3157 2401//3157 2400//3157
f 3430//3157 2400//3157 3431//3157
f 3431//3158 2400//3158 2399//3158
f 3431//3159 2399//3159 3432//3159
f 3432//3160 2399//3160 2396//3160
f 3432//3161 2396//3161 3433//3161
f 3433//3162 2396//3162 2336//3162
f 3433//3162 2336//3162 3434//3162
f 3434//3163 2336//3163 2335//3163
f 3434//3164 2335//3164 3435//3164
f 2387//297 2389//297 3436//297
f 3436//297 2389//297 3403//297
f 2424//3165 2387//3165 3437//3165
f 3437//3165 2387//3165 3436//3165
f 2432//48 2424//48 3438//48
f 3438//48 2424//48 3437//48
f 3439//3166 2485//3166 2484//3166
f 3439//3166 2484//3166 3440//3166
f 3440//3167 2484//3167 2411//3167
f 3440//3167 2411//3167 3441//3167
f 3441//3168 2411//3168 2410//3168
f 3441//3168 2410//3168 3442//3168
f 3442//3169 2410//3169 2408//3169
f 3442//3169 2408//3169 3443//3169
f 3443//3170 2408//3170 2407//3170
f 3443//3171 2407//3171 3444//3171
f 3444//3172 2407//3172 2439//3172
f 3444//3172 2439//3172 3445//3172
f 3445//3173 2439//3173 2438//3173
f 3445//3173 2438//3173 3446//3173
f 3446//3174 2438//3174 2437//3174
f 3446//3174 2437//3174 3447//3174
f 3447//3175 2437//3175 2436//3175
f 3447//3175 2436//3175 3448//3175
f 3448//3176 2436//3176 2466//3176
f 3448//3176 2466//3176 3449//3176
f 3449//3177 2466//3177 2465//3177
f 3449//3177 2465//3177 3450//3177
f 3450//3178 2465//3178 2464//3178
f 3450//3178 2464//3178 3451//3178
f 3451//3179 2464//3179 2463//3179
f 3451//3179 2463//3179 3452//3179
f 3452//3180 2463//3180 2475//3180
f 3452//3180 2475//3180 3453//3180
f 3453//3181 2475//3181 2474//3181
f 3453//3181 2474//3181 3454//3181
f 3454//3182 2474//3182 2462//3182
f 3454//3182 2462//3182 3455//3182
f 3455//3183 2462//3183 2461//3183
f 3455//3183 2461//3183 3456//3183
f 3456//3184 2461//3184 2460//3184
f 3456//3184 2460//3184 3457//3184
f 3457//3185 2460//3185 2459//3185
f 3457//3185 2459//3185 3458//3185
f 3458//3186 2459//3186 2458//3186
f 3458//3187 2458//3187 3459//3187
f 3459//3188 2458//3188 2456//3188
f 3459//3188 2456//3188 3460//3188
f 3460//3189 2456//3189 2455//3189
f 3460//3190 2455//3190 3461//3190
f 3461//3191 2455//3191 2342//3191
f 3461//3191 2342//3191 3462//3191
f 3462//3192 2342//3192 2341//3192
f 3462//3192 2341//3192 3463//3192
f 3463//3193 2341//3193 2340//3193
f 3463//3193 2340//3193 3464//3193
f 3464//3194 2340//3194 2339//3194
f 3464//3194 2339//3194 3465//3194
f 3465//3195 2339//3195 2361//3195
f 3465//3195 2361//3195 3466//3195
f 3466//3196 2361//3196 2360//3196
f 3466//3196 2360//3196 3467//3196
f 3467//3197 2360//3197 2323//3197
f 3467//3197 2323//3197 3468//3197
f 3468//3198 2323//3198 2322//3198
f 3468//3198 2322//3198 3469//3198
f 3469//3199 2322//3199 2432//3199
f 3469//3199 2432//3199 3438//3199
f 2388//2 2485//2 3470//2
f 3470//2 2485//2 3439//2
f 2390//48 2388//48 3471//48
f 3471//48 2388//48 3470//48
f 2337//3200 2390//3200 3472//3200
f 3472//3200 2390//3200 3471//3200
f 2335//297 2337//297 3435//297
f 3435//297 2337//297 3472//297
f 3435//47 3472//47 3471//47
f 3442//47 3432//47 3441//47
f 3441//47 3432//47 3433//47
f 3441//47 3433//47 3440//47
f 3440//47 3433//47 3434//47
f 3440//47 3434//47 3439//47
f 3439//47 3434//47 3435//47
f 3439//47 3435//47 3470//47
f 3470//47 3435//47 3471//47
f 3418//47 3419//47 3453//47
f 3438//47 3437//47 3436//47
f 3453//47 3419//47 3452//47
f 3419//47 3420//47 3452//47
f 3452//47 3420//47 3421//47
f 3452//47 3421//47 3451//47
f 3451//47 3421//47 3422//47
f 3451//47 3422//47 3450//47
f 3450//47 3422//47 3423//47
f 3450//47 3423//47 3449//47
f 3449//47 3423//47 3424//47
f 3449//47 3424//47 3448//47
f 3448//47 3424//47 3425//47
f 3448//47 3425//47 3447//47
f 3447//47 3425//47 3426//47
f 3447//47 3426//47 3446//47
f 3446//47 3426//47 3427//47
f 3446//47 3427//47 3445//47
f 3445//47 3427//47 3428//47
f 3445//47 3428//47 3444//47
f 3444//47 3428//47 3429//47
f 3444//47 3429//47 3443//47
f 3443//47 3429//47 3430//47
f 3443//47 3430//47 3442//47
f 3442//47 3430//47 3431//47
f 3442//47 3431//47 3432//47
f 3436//47 3403//47 3438//47
f 3438//47 3403//47 3404//47
f 3438//47 3404//47 3469//47
f 3469//47 3404//47 3405//47
f 3469//47 3405//47 3468//47
f 3468//47 3405//47 3406//47
f 3468//47 3406//47 3467//47
f 3467//47 3406//47 3407//47
f 3467//47 3407//47 3466//47
f 3466//47 3407//47 3408//47
f 3453//47 3454//47 3418//47
f 3418//47 3454//47 3455//47
f 3418//47 3455//47 3417//47
f 3417//47 3455//47 3456//47
f 3417//47 3456//47 3416//47
f 3416//47 3456//47 3457//47
f 3416//47 3457//47 3415//47
f 3415//47 3457//47 3458//47
f 3415//47 3458//47 3414//47
f 3414//47 3458//47 3459//47
f 3414//47 3459//47 3413//47
f 3413//47 3459//47 3460//47
f 3413//47 3460//47 3412//47
f 3412//47 3460//47 3461//47
f 3412//47 3461//47 3411//47
f 3411//47 3461//47 3462//47
f 3411//47 3462//47 3410//47
f 3410//47 3462//47 3463//47
f 3410//47 3463//47 3409//47
f 3409//47 3463//47 3464//47
f 3409//47 3464//47 3408//47
f 3408//47 3464//47 3465//47
f 3408//47 3465//47 3466//47
f 2316//3165 2315//3165 3473//3165
f 3473//3165 2315//3165 3474//3165
f 2317//3 2316//3 3475//3
f 3475//3 2316//3 3473//3
f 2457//297 2317//297 3476//297
f 3476//297 2317//297 3475//297
f 2318//2 2457//2 3477//2
f 3477//2 2457//2 3476//2
f 2319//3201 2318//3201 3478//3201
f 3478//3201 2318//3201 3477//3201
f 2320//2 2319//2 3479//2
f 3479//2 2319//2 3478//2
f 2321//48 2320//48 3480//48
f 3480//48 2320//48 3479//48
f 2315//3 2321//3 3474//3
f 3474//3 2321//3 3480//3
f 3476//47 3475//47 3477//47
f 3477//47 3475//47 3473//47
f 3477//47 3473//47 3478//47
f 3478//47 3473//47 3474//47
f 3478//47 3474//47 3479//47
f 3479//47 3474//47 3480//47
