# Blender 4.5.3 LTS
# www.blender.org
mtllib 3- ARM - V1.STL.mtl
o 3-_ARM_-_V1
v -0.000000 279.299988 -19.799999
v -3.438234 219.300003 -19.499193
v -3.438234 279.299988 -19.499193
v -6.771999 219.300003 -18.605913
v -6.771999 279.299988 -18.605913
v -9.900000 219.300003 -17.147303
v -9.900000 279.299988 -17.147303
v -12.727195 219.300003 -15.167680
v -12.727195 279.299988 -15.167680
v -15.167680 219.300003 -12.727195
v -15.167680 279.299988 -12.727195
v -17.147303 219.300003 -9.900000
v -17.147303 279.299988 -9.900000
v -18.605913 219.300003 -6.771999
v -18.605913 279.299988 -6.771999
v -19.499193 219.300003 -3.438234
v -19.499193 279.299988 -3.438234
v -19.799999 219.300003 -0.000000
v -19.799999 279.299988 -0.000000
v -19.499193 219.300003 3.438234
v -19.499193 279.299988 3.438234
v -18.605913 219.300003 6.771999
v -18.605913 279.299988 6.771999
v -17.147303 219.300003 9.900000
v -17.147303 279.299988 9.900000
v -15.167680 219.300003 12.727195
v -15.167680 279.299988 12.727195
v -12.727195 219.300003 15.167680
v -12.727195 279.299988 15.167680
v -9.900000 219.300003 17.147303
v -9.900000 279.299988 17.147303
v -6.771999 219.300003 18.605913
v -6.771999 279.299988 18.605913
v -3.438234 219.300003 19.499193
v -3.438234 279.299988 19.499193
v -0.000000 219.300003 19.799999
v -0.000000 279.299988 19.799999
v 3.438234 219.300003 19.499193
v 3.438234 279.299988 19.499193
v 6.771999 219.300003 18.605913
v 6.771999 279.299988 18.605913
v 9.900000 219.300003 17.147303
v 9.900000 279.299988 17.147303
v 12.727195 219.300003 15.167680
v 12.727195 279.299988 15.167680
v 15.167680 219.300003 12.727195
v 15.167680 279.299988 12.727195
v 17.147303 219.300003 9.900000
v 17.147303 279.299988 9.900000
v 18.605913 219.300003 6.771999
v 18.605913 279.299988 6.771999
v 19.499193 219.300003 3.438234
v 19.499193 279.299988 3.438234
v 19.799999 219.300003 0.000000
v 19.799999 279.299988 -0.000000
v 19.499193 219.300003 -3.438234
v 19.499193 279.299988 -3.438234
v 18.605913 219.300003 -6.771999
v 18.605913 279.299988 -6.771999
v 17.147303 219.300003 -9.900000
v 17.147303 279.299988 -9.900000
v 15.167680 219.300003 -12.727195
v 15.167680 279.299988 -12.727195
v 12.727195 219.300003 -15.167680
v 12.727195 279.299988 -15.167680
v 9.900000 219.300003 -17.147303
v 9.900000 279.299988 -17.147303
v 6.771999 219.300003 -18.605913
v 6.771999 279.299988 -18.605913
v 3.438234 219.300003 -19.499193
v 3.438234 279.299988 -19.499193
v -0.000000 219.300003 -19.799999
v 10.400000 305.000000 -52.500000
v 17.300001 305.000000 -47.305969
v 12.771331 305.000000 -47.648655
v 8.821477 305.000000 -47.916630
v 7.262509 305.000000 -47.989513
v 9.400000 305.000000 -52.500000
v 9.547367 305.000000 -47.876667
v -8.600000 305.000000 -63.500004
v -3.254855 305.000000 -48.106098
v -3.972916 305.000000 -48.092110
v 10.377212 305.000000 -63.260475
v 10.309539 305.000000 -63.513035
v 17.300001 305.000000 -68.199997
v 10.199039 305.000000 -63.750000
v 10.049067 305.000000 -63.964180
v 9.413030 305.000000 -64.409538
v 9.160472 305.000000 -64.477211
v 8.900000 305.000000 -64.500000
v -17.000000 305.000000 -68.199997
v -8.600000 305.000000 -64.500000
v -8.860473 305.000000 -64.477211
v -9.100000 305.000000 -52.500000
v -7.918736 305.000000 -47.960892
v -10.099999 305.000000 -52.500000
v -9.494947 305.000000 -47.879688
v -9.909236 305.000000 -47.855190
v 4.006737 305.000000 -48.091377
v 2.902361 305.000000 -48.111916
v 8.900000 305.000000 -63.500004
v 2.328745 305.000000 -48.119934
v 0.000061 305.000000 -48.134365
v 10.400000 305.000000 -63.000000
v 9.864182 305.000000 -64.149063
v 9.650001 305.000000 -64.299042
v -9.113030 305.000000 -64.409538
v -9.350000 305.000000 -64.299042
v -9.564181 305.000000 -64.149063
v -9.749067 305.000000 -63.964180
v -9.899038 305.000000 -63.750000
v -10.009540 305.000000 -63.513035
v 5.651137 305.000000 -48.047924
v 9.400000 305.000000 -63.000000
v 9.392404 305.000000 -63.086823
v -4.865706 305.000000 -48.070641
v -6.368566 305.000000 -48.023933
v -12.599371 305.000000 -47.661999
v -17.000000 305.000000 -47.328121
v -10.099999 305.000000 -63.000000
v -10.077212 305.000000 -63.260475
v 8.986824 305.000000 -63.492401
v 9.071011 305.000000 -63.469849
v 9.150001 305.000000 -63.433014
v 9.221394 305.000000 -63.383022
v 9.283022 305.000000 -63.321396
v -9.092403 305.000000 -63.086823
v -9.069846 305.000000 -63.171005
v 9.333013 305.000000 -63.249996
v 9.369846 305.000000 -63.171005
v -9.100000 305.000000 -63.000000
v -9.033013 305.000000 -63.249996
v -8.983023 305.000000 -63.321396
v -8.921394 305.000000 -63.383022
v -8.849999 305.000000 -63.433014
v -8.771009 305.000000 -63.469849
v -8.686824 305.000000 -63.492401
v -28.500000 357.299988 26.500000
v -32.000000 357.299988 26.500000
v -28.500000 387.299988 26.500000
v -32.000000 387.299988 26.500000
v -27.907921 394.199860 26.500000
v -31.358219 394.787628 26.500000
v -26.148994 400.897949 26.500000
v -29.451599 402.056854 26.500000
v -23.274647 407.198486 26.500000
v -26.335758 408.895599 26.500000
v -19.368923 412.917206 26.500000
v -22.101595 415.104340 26.500000
v -14.546018 417.886902 26.500000
v -16.872622 420.501984 26.500000
v -8.946948 421.962280 26.500000
v -10.801383 424.931061 26.500000
v -2.735420 425.024231 26.500000
v -4.064985 428.262390 26.500000
v 3.906949 426.983154 26.500000
v 3.140058 430.398743 26.500000
v 10.785947 427.781799 26.500000
v 10.603562 431.277832 26.500000
v 17.700441 427.396820 26.500000
v 18.107803 430.874023 26.500000
v 24.448265 425.839447 26.500000
v 25.433868 429.199066 26.500000
v 30.832117 423.155273 26.500000
v 32.368042 426.301849 26.500000
v 36.665352 419.422760 26.500000
v 38.708042 422.266846 26.500000
v 41.777401 414.750977 26.500000
v 44.268921 417.211792 26.500000
v 46.018810 409.276581 26.500000
v 48.888451 411.284210 26.500000
v 49.265556 403.159637 26.500000
v 52.431881 404.656921 26.500000
v 51.422714 396.578979 26.500000
v 54.795837 397.523315 26.500000
v 52.427212 389.727020 26.500000
v 55.911362 390.091461 26.500000
v 52.249680 382.804077 26.500000
v 55.745907 382.578186 26.500000
v 50.895306 376.012604 26.500000
v 54.304306 375.202667 26.500000
v 48.403694 369.551178 26.500000
v 51.628609 368.180023 26.500000
v 44.847691 363.608673 26.500000
v 47.796871 361.715179 26.500000
v 40.331272 358.358856 26.500000
v 42.920872 355.996643 26.500000
v 34.986485 353.955261 26.500000
v 37.142857 351.191315 26.500000
v 33.114582 352.428619 26.500000
v 35.657837 349.969513 26.500000
v 31.511988 350.621338 26.500000
v 34.387051 348.526184 26.500000
v 30.220264 348.580200 26.500000
v 33.363136 346.898438 26.500000
v 29.272911 346.358246 26.500000
v 32.742847 345.500000 26.500000
v 29.014429 345.500000 26.500000
v 29.014429 345.500000 -26.500000
v 32.742847 345.500000 -26.500000
v 29.272911 346.358246 -26.500000
v 33.363136 346.898438 -26.500000
v -32.000000 357.299988 -26.500000
v -28.500000 357.299988 -26.500000
v -32.000000 387.299988 -26.500000
v -28.500000 387.299988 -26.500000
v -31.358219 394.787628 -26.500000
v -27.907921 394.199860 -26.500000
v -29.451599 402.056854 -26.500000
v -26.148994 400.897949 -26.500000
v -26.335758 408.895599 -26.500000
v -23.274647 407.198486 -26.500000
v -22.101595 415.104340 -26.500000
v -19.368923 412.917206 -26.500000
v -16.872622 420.501984 -26.500000
v -14.546018 417.886902 -26.500000
v -10.801383 424.931061 -26.500000
v -8.946948 421.962280 -26.500000
v -4.064985 428.262390 -26.500000
v -2.735420 425.024231 -26.500000
v 3.140058 430.398743 -26.500000
v 3.906949 426.983154 -26.500000
v 10.603562 431.277832 -26.500000
v 10.785947 427.781799 -26.500000
v 18.107803 430.874023 -26.500000
v 17.700441 427.396820 -26.500000
v 25.433868 429.199066 -26.500000
v 24.448265 425.839447 -26.500000
v 32.368042 426.301849 -26.500000
v 30.832117 423.155273 -26.500000
v 38.708042 422.266846 -26.500000
v 36.665352 419.422760 -26.500000
v 44.268921 417.211792 -26.500000
v 41.777401 414.750977 -26.500000
v 48.888451 411.284210 -26.500000
v 46.018810 409.276581 -26.500000
v 52.431881 404.656921 -26.500000
v 49.265556 403.159637 -26.500000
v 54.795837 397.523315 -26.500000
v 51.422714 396.578979 -26.500000
v 55.911362 390.091461 -26.500000
v 52.427212 389.727020 -26.500000
v 55.745907 382.578186 -26.500000
v 52.249680 382.804077 -26.500000
v 54.304306 375.202667 -26.500000
v 50.895306 376.012604 -26.500000
v 51.628609 368.180023 -26.500000
v 48.403694 369.551178 -26.500000
v 47.796871 361.715179 -26.500000
v 44.847691 363.608673 -26.500000
v 42.920872 355.996643 -26.500000
v 40.331272 358.358856 -26.500000
v 37.142857 351.191315 -26.500000
v 34.986485 353.955261 -26.500000
v 35.657837 349.969513 -26.500000
v 33.114582 352.428619 -26.500000
v 34.387051 348.526184 -26.500000
v 31.511988 350.621338 -26.500000
v 30.220264 348.580200 -26.500000
v 32.000000 305.021545 -26.898190
v 32.000000 305.410980 -28.388760
v 32.000000 319.864441 -19.887894
v 32.000000 307.483826 -38.124805
v 32.000000 322.860199 -23.157188
v 32.000000 321.240845 -21.633852
v 32.000000 306.554871 -33.339943
v 32.000000 304.090851 -23.652220
v 32.000000 304.332581 -24.461121
v 32.000000 318.761230 -17.957666
v 32.000000 309.968048 -39.191479
v 32.000000 312.508728 -40.055813
v 32.000000 324.686920 -24.424437
v 32.000000 341.343506 -41.500000
v 32.000000 341.343506 -31.331833
v 32.000000 322.425140 -41.500000
v 32.000000 326.680908 -25.407757
v 32.000000 321.385742 -41.484455
v 32.000000 315.100983 -40.719799
v 32.000000 317.740479 -41.182926
v 32.000000 318.707794 -41.300686
v 32.000000 304.568726 -25.271614
v 32.000000 319.864441 19.887894
v 32.000000 321.240845 21.633852
v 32.000000 306.862457 34.839355
v 32.000000 319.721161 41.394680
v 32.000000 317.054535 41.082684
v 32.000000 326.680908 25.407757
v 32.000000 324.686920 24.424437
v 32.000000 322.425140 41.500000
v 32.000000 341.343506 31.331833
v 32.000000 341.343506 41.500000
v 32.000000 303.805237 -22.718971
v 32.000000 303.875214 -22.945818
v 32.000000 303.968079 -23.248428
v 32.000000 302.814026 -18.902452
v 32.000000 303.061829 -20.032099
v 32.000000 317.955444 -15.885574
v 32.000000 302.588654 -17.767530
v 32.000000 304.266602 24.238356
v 32.000000 318.761230 17.957666
v 32.000000 304.608337 25.409693
v 32.000000 305.703644 29.569948
v 32.000000 307.483826 38.124805
v 32.000000 308.432678 38.559410
v 32.000000 310.925751 39.543110
v 32.000000 322.860199 23.157188
v 32.000000 311.847748 39.851902
v 32.000000 314.428711 40.567947
v 32.000000 303.492828 -21.705482
v 32.000000 303.594360 -22.038700
v 32.000000 303.699829 -22.378830
v 32.000000 303.114563 20.257433
v 32.000000 302.869415 19.165314
v 32.000000 317.955444 15.885574
v 32.000000 302.623444 17.949938
v 32.000000 304.089600 23.648119
v 32.000000 303.906830 23.048594
v 32.000000 303.812256 22.741728
v 32.000000 303.217102 -20.680391
v 32.000000 303.358246 -21.227867
v 32.000000 303.424072 -21.467760
v 32.000000 314.655426 5.091762
v 32.000000 301.446381 9.375286
v 32.000000 314.164764 2.923327
v 32.000000 301.135956 4.712538
v 32.000000 314.000000 0.706186
v 32.000000 301.032379 0.000000
v 32.000000 314.000000 -0.706186
v 32.000000 301.053101 -2.108123
v 32.000000 314.164764 -2.923327
v 32.000000 301.251038 -6.834913
v 32.000000 314.655426 -5.091762
v 32.000000 301.649475 -11.406105
v 32.000000 302.231293 -15.720676
v 32.000000 303.714813 22.427086
v 32.000000 303.626526 22.142658
v 32.000000 303.558960 21.923737
v 32.000000 302.325745 16.295206
v 32.000000 302.006287 14.234044
v 32.000000 301.500488 9.960244
v 32.000000 303.422913 21.463612
v 32.000000 303.336670 21.146954
v 32.000000 303.258636 20.845699
v 28.500000 326.680908 25.407757
v 28.500000 324.686920 24.424437
v 28.500000 312.299988 45.000000
v 28.500000 319.864441 -19.887894
v 28.500000 321.240845 -21.633852
v 28.500000 312.299988 -45.000000
v 28.500000 322.860199 -23.157188
v 28.500000 322.860199 23.157188
v 28.500000 321.240845 21.633852
v 28.500000 319.864441 19.887894
v 28.500000 341.376190 31.345036
v 28.500000 341.605377 45.000000
v 28.500000 341.605377 31.426981
v 28.500000 318.761230 17.957666
v 28.500000 317.955444 15.885574
v 28.500000 314.655426 5.091762
v 28.500000 314.164764 -2.923327
v 28.500000 314.655426 -5.091762
v 28.500000 324.686920 -24.424437
v 28.500000 326.680908 -25.407757
v 28.500000 341.605377 -45.000000
v 28.500000 341.376190 -31.345036
v 28.500000 341.605377 -31.426981
v 28.500000 314.164764 2.923327
v 28.500000 314.000000 0.706186
v 28.500000 314.000000 -0.706186
v 28.500000 317.955444 -15.885574
v 28.500000 318.761230 -17.957666
v 32.685829 345.342194 29.523670
v 33.363136 346.898438 41.500000
v 32.619343 345.148834 29.971899
v 32.612389 345.127991 41.500000
v 32.534607 344.885376 30.382837
v 32.742847 345.500000 28.563484
v 32.728264 345.460297 29.050018
v 32.154087 343.260345 41.500000
v 32.159466 343.293304 31.456694
v 32.244190 343.752014 31.289738
v 32.339470 344.177582 31.050596
v 32.438759 344.558746 30.745605
v 32.000046 341.376190 31.345036
v 32.010365 341.842163 31.490471
v 32.040253 342.325562 31.558409
v 32.090389 342.813568 31.547050
v 37.142857 351.191315 41.500000
v 35.657837 349.969513 41.500000
v 34.387051 348.526184 41.500000
v 28.501869 341.842163 31.490471
v 28.654398 343.752014 31.289738
v 28.595274 343.293304 31.456694
v 28.694489 344.013031 45.000000
v 28.548740 342.813568 31.547050
v 28.517300 342.325562 31.558409
v 29.014429 345.500000 28.563484
v 29.003809 345.460297 29.050018
v 28.972918 345.342194 29.523670
v 29.272911 346.358246 45.000000
v 28.924551 345.148834 29.971899
v 28.863005 344.885376 30.382837
v 28.793617 344.558746 30.745605
v 28.722189 344.177582 31.050596
v 30.220264 348.580200 45.000000
v 31.511988 350.621338 45.000000
v 33.114582 352.428619 45.000000
v 34.986485 353.955261 45.000000
v 32.040253 342.325562 -31.558409
v 32.090389 342.813568 -31.547050
v 32.154087 343.260345 -41.500000
v 32.010365 341.842163 -31.490471
v 32.000046 341.376190 -31.345036
v 32.619343 345.148834 -29.971899
v 32.534607 344.885376 -30.382837
v 32.612389 345.127991 -41.500000
v 32.438759 344.558746 -30.745605
v 32.339470 344.177582 -31.050596
v 32.244190 343.752014 -31.289738
v 32.154087 343.260345 -31.465530
v 32.742847 345.500000 -28.563484
v 32.685829 345.342194 -29.523670
v 33.363136 346.898438 -41.500000
v 32.728264 345.460297 -29.050018
v 34.387051 348.526184 -41.500000
v 35.657837 349.969513 -41.500000
v 37.142857 351.191315 -41.500000
v 29.014429 345.500000 -28.563484
v 28.863005 344.885376 -30.382837
v 28.924551 345.148834 -29.971899
v 29.272911 346.358246 -45.000000
v 28.972918 345.342194 -29.523670
v 29.003809 345.460297 -29.050018
v 28.501869 341.842163 -31.490471
v 28.517300 342.325562 -31.558409
v 28.694489 344.013031 -45.000000
v 28.548740 342.813568 -31.547050
v 28.595274 343.293304 -31.456694
v 28.654398 343.752014 -31.289738
v 28.722189 344.177582 -31.050596
v 28.793617 344.558746 -30.745605
v 30.220264 348.580200 -45.000000
v 31.511988 350.621338 -45.000000
v 33.114582 352.428619 -45.000000
v 34.986485 353.955261 -45.000000
v 21.299999 312.299988 -45.000000
v 21.299999 312.299988 18.000000
v -21.000000 312.299988 -45.000000
v -28.500000 312.299988 -45.000000
v -21.000000 312.299988 18.000000
v -28.500000 312.299988 45.000000
v -21.034441 278.465149 -15.282416
v -22.516661 278.465149 -13.000000
v -22.240242 279.300018 -13.467429
v -13.000000 279.300018 22.516661
v -13.000000 278.465149 22.516661
v -11.245903 279.300018 23.442049
v -11.803753 278.465149 23.166170
v -4.514853 278.465149 25.605003
v -4.514853 279.300018 25.605003
v -5.441370 279.300049 25.424231
v -8.034442 278.465149 24.727468
v -7.388577 279.299988 24.928074
v -7.954653 279.300018 24.753252
v -8.892524 278.465149 24.432007
v -8.892524 279.300049 24.432007
v -10.386999 279.300018 23.835062
v -2.852509 279.300049 25.843048
v -4.067296 278.465149 25.679897
v -1.911931 279.300079 25.929607
v -0.000000 278.465149 26.000000
v -0.000000 279.299988 26.000000
v 4.514853 278.465149 25.605003
v 8.034442 278.465149 24.727468
v 6.778691 279.300018 25.100784
v 5.862484 279.300049 25.330441
v 4.514853 279.300018 25.605003
v 4.067296 278.465149 25.679897
v 3.280928 279.300018 25.792160
v 0.687225 279.300018 25.990917
v 11.803753 278.465149 23.166170
v 13.000000 278.465149 22.516661
v 13.000000 279.300018 22.516661
v 11.633327 279.300018 23.252218
v 9.251623 279.300049 24.298302
v 8.892524 278.465149 24.432007
v 8.892524 279.300049 24.432007
v 7.388576 279.299988 24.928076
v 16.712477 278.465149 19.917154
v 16.530336 279.300110 20.068581
v 15.282416 278.465149 21.034441
v 14.442307 279.300018 21.619894
v 13.916527 279.299988 21.962019
v 21.034441 278.465149 15.282416
v 22.516661 278.465149 13.000000
v 22.240242 279.300018 13.467429
v 22.516661 279.300018 13.000000
v 20.784060 279.300446 15.621232
v 20.202929 279.300415 16.365868
v 19.917154 278.465149 16.712477
v 19.917154 279.300385 16.712477
v 18.384777 278.465149 18.384777
v 18.452797 279.299988 18.316504
v 16.712477 279.300079 19.917154
v 23.474661 279.300049 11.177669
v 23.166170 278.465149 11.803753
v 24.432007 279.300110 8.892524
v 24.432007 278.465149 8.892524
v 24.481258 279.300110 8.756021
v 24.727468 278.465149 8.034442
v 24.783150 279.300079 7.861012
v 26.000000 278.465149 0.000000
v 26.000000 279.299988 0.000000
v 25.999514 279.300018 0.159001
v 25.679897 278.465149 4.067296
v 25.851236 279.300110 2.777327
v 25.605003 279.300110 4.514853
v 25.605003 278.465149 4.514853
v 25.444326 279.300171 5.346610
v 25.034428 279.299988 7.019788
v 25.605003 278.465149 -4.514853
v 25.605003 279.300110 -4.514853
v 25.679897 278.465149 -4.067296
v 25.779758 279.300018 -3.376998
v 25.988132 279.300110 -0.785483
v 23.876749 279.299988 -10.290813
v 24.432007 278.465149 -8.892524
v 23.208717 279.300079 -11.719875
v 23.166170 278.465149 -11.803753
v 22.516661 279.300018 -13.000000
v 22.516661 278.465149 -13.000000
v 22.341516 279.299988 -13.298745
v 24.263151 279.300079 -9.343419
v 24.432007 279.300110 -8.892524
v 24.727468 278.465149 -8.034442
v 24.586521 279.300110 -8.455946
v 25.313282 279.300110 -5.936138
v 19.802687 279.300354 -16.847958
v 19.917154 279.300385 -16.712477
v 19.917154 278.465149 -16.712477
v 20.401585 279.300446 -16.117546
v 21.034441 278.465149 -15.282416
v 21.454895 279.300293 -14.686302
v 21.921448 279.300110 -13.980347
v 13.000000 279.300018 -22.516661
v 13.534631 279.300018 -22.199409
v 13.000000 278.465149 -22.516661
v 13.916527 279.299988 -21.962019
v 15.282416 278.465149 -21.034441
v 16.058140 279.300110 -20.448378
v 16.712477 278.465149 -19.917154
v 16.712477 279.300079 -19.917154
v 18.384777 278.465149 -18.384777
v 18.021072 279.300018 -18.741423
v 19.491272 279.300232 -17.207275
v 11.245903 279.300018 -23.442049
v 11.803753 278.465149 -23.166170
v 10.386999 279.300018 -23.835064
v 8.892524 279.300049 -24.432007
v 8.892524 278.465149 -24.432007
v 7.954653 279.300018 -24.753252
v 8.034442 278.465149 -24.727468
v 5.441370 279.300049 -25.424231
v 4.514853 278.465149 -25.605003
v 4.514853 279.300018 -25.605003
v 2.852509 279.300049 -25.843048
v 4.067296 278.465149 -25.679897
v 1.911931 279.300079 -25.929607
v -0.000000 278.465149 -26.000000
v -0.000001 279.299988 -26.000000
v -4.514853 278.465149 -25.605003
v -8.034442 278.465149 -24.727468
v -6.778691 279.300018 -25.100784
v -5.862484 279.300049 -25.330441
v -4.514853 279.300018 -25.605003
v -4.067296 278.465149 -25.679897
v -3.280928 279.300018 -25.792160
v -0.687225 279.300018 -25.990917
v -11.803753 278.465149 -23.166170
v -13.000000 278.465149 -22.516661
v -13.000000 279.300018 -22.516661
v -11.633327 279.300018 -23.252218
v -9.251623 279.300049 -24.298302
v -8.892524 278.465149 -24.432007
v -8.892524 279.300049 -24.432007
v -7.388576 279.299988 -24.928076
v -16.712477 278.465149 -19.917154
v -16.530336 279.300110 -20.068581
v -15.282416 278.465149 -21.034441
v -14.442307 279.300018 -21.619894
v -13.916527 279.299988 -21.962019
v -22.341530 279.299988 -13.298725
v -20.784060 279.300446 -15.621232
v -20.202929 279.300415 -16.365868
v -19.917154 278.465149 -16.712477
v -19.917154 279.300385 -16.712477
v -18.384777 278.465149 -18.384777
v -18.452797 279.299988 -18.316504
v -16.712477 279.300079 -19.917154
v -25.034428 279.299988 -7.019788
v -24.727468 278.465149 -8.034442
v -25.444326 279.300171 -5.346610
v -25.605003 278.465149 -4.514853
v -24.783150 279.300079 -7.861012
v -24.481258 279.300110 -8.756021
v -24.432007 278.465149 -8.892524
v -24.432007 279.300110 -8.892524
v -23.166170 278.465149 -11.803753
v -23.474661 279.300049 -11.177669
v -22.516661 279.300018 -13.000000
v -26.000000 278.465149 -0.000000
v -26.000000 279.299988 0.000000
v -25.999514 279.300018 -0.159001
v -25.679897 278.465149 -4.067296
v -25.851236 279.300110 -2.777327
v -25.755198 279.299988 -3.559466
v -25.605003 279.300110 -4.514853
v -25.605003 278.465149 4.514853
v -25.605003 279.300110 4.514853
v -25.679897 278.465149 4.067296
v -25.779758 279.300018 3.376998
v -25.988132 279.300110 0.785483
v -23.876749 279.299988 10.290813
v -24.432007 278.465149 8.892524
v -23.208717 279.300079 11.719875
v -23.166170 278.465149 11.803753
v -22.516661 279.300018 13.000000
v -22.516661 278.465149 13.000000
v -22.341516 279.299988 13.298745
v -24.263151 279.300079 9.343419
v -24.432007 279.300110 8.892524
v -24.727468 278.465149 8.034442
v -24.586521 279.300110 8.455946
v -25.313282 279.300110 5.936138
v -19.802687 279.300354 16.847958
v -19.917154 279.300385 16.712477
v -19.917154 278.465149 16.712477
v -20.401585 279.300446 16.117546
v -21.034441 278.465149 15.282416
v -21.454895 279.300293 14.686302
v -21.921448 279.300110 13.980347
v -13.534631 279.300018 22.199409
v -13.916527 279.299988 21.962019
v -15.282416 278.465149 21.034441
v -16.058140 279.300110 20.448378
v -16.712477 278.465149 19.917154
v -16.712477 279.300079 19.917154
v -18.384777 278.465149 18.384777
v -18.021072 279.300018 18.741423
v -19.491272 279.300232 17.207275
v -0.000000 279.299988 -20.000000
v -3.472964 279.299988 -19.696156
v -3.128689 269.299988 -19.753767
v -6.840403 279.299988 -18.793854
v -6.180340 269.299988 -19.021132
v -3.472964 269.299988 -19.696156
v -10.000000 279.299988 -17.320509
v -9.079810 269.299988 -17.820131
v -6.840403 269.299988 -18.793854
v -12.855752 279.299988 -15.320889
v -11.755705 269.299988 -16.180340
v -10.000000 269.299988 -17.320509
v -15.320889 279.299988 -12.855752
v -14.142136 269.299988 -14.142136
v -12.855752 269.299988 -15.320889
v -17.320509 279.299988 -10.000000
v -16.180340 269.299988 -11.755705
v -15.320889 269.299988 -12.855752
v -18.793854 279.299988 -6.840403
v -17.820131 269.299988 -9.079810
v -17.320509 269.299988 -10.000000
v -19.696156 279.299988 -3.472964
v -19.021132 269.299988 -6.180340
v -18.793854 269.299988 -6.840403
v -20.000000 279.299988 -0.000000
v -19.753767 269.299988 -3.128689
v -19.696156 269.299988 -3.472964
v -19.696156 279.299988 3.472964
v -19.753767 269.299988 3.128689
v -20.000000 269.299988 -0.000000
v -18.793854 279.299988 6.840403
v -19.021132 269.299988 6.180340
v -19.696156 269.299988 3.472964
v -17.320509 279.299988 10.000000
v -17.820131 269.299988 9.079810
v -18.793854 269.299988 6.840403
v -15.320889 279.299988 12.855752
v -16.180340 269.299988 11.755705
v -17.320509 269.299988 10.000000
v -12.855752 279.299988 15.320889
v -14.142136 269.299988 14.142136
v -15.320889 269.299988 12.855752
v -10.000000 279.299988 17.320509
v -11.755705 269.299988 16.180340
v -12.855752 269.299988 15.320889
v -6.840403 279.299988 18.793854
v -9.079810 269.299988 17.820131
v -10.000000 269.299988 17.320509
v -3.472964 279.299988 19.696156
v -6.180340 269.299988 19.021132
v -6.840403 269.299988 18.793854
v -0.000000 279.299988 20.000000
v -3.128689 269.299988 19.753767
v -3.472964 269.299988 19.696156
v 3.472964 279.299988 19.696156
v 3.128689 269.299988 19.753767
v -0.000000 269.299988 20.000000
v 6.840403 279.299988 18.793854
v 6.180340 269.299988 19.021132
v 3.472964 269.299988 19.696156
v 10.000000 279.299988 17.320509
v 9.079810 269.299988 17.820131
v 6.840403 269.299988 18.793854
v 12.855752 279.299988 15.320889
v 11.755705 269.299988 16.180340
v 10.000000 269.299988 17.320509
v 15.320889 279.299988 12.855752
v 14.142136 269.299988 14.142136
v 12.855752 269.299988 15.320889
v 17.320509 279.299988 10.000000
v 16.180340 269.299988 11.755705
v 15.320889 269.299988 12.855752
v 18.793854 279.299988 6.840403
v 17.820131 269.299988 9.079810
v 17.320509 269.299988 10.000000
v 19.696156 279.299988 3.472964
v 19.021132 269.299988 6.180340
v 18.793854 269.299988 6.840403
v 20.000000 279.299988 -0.000000
v 19.753767 269.299988 3.128689
v 19.696156 269.299988 3.472964
v 19.696156 279.299988 -3.472964
v 19.753767 269.299988 -3.128689
v 20.000000 269.299988 0.000000
v 18.793854 279.299988 -6.840403
v 19.021132 269.299988 -6.180340
v 19.696156 269.299988 -3.472964
v 17.320509 279.299988 -10.000000
v 17.820131 269.299988 -9.079810
v 18.793854 269.299988 -6.840403
v 15.320889 279.299988 -12.855752
v 16.180340 269.299988 -11.755705
v 17.320509 269.299988 -10.000000
v 12.855752 279.299988 -15.320889
v 14.142136 269.299988 -14.142136
v 15.320889 269.299988 -12.855752
v 10.000000 279.299988 -17.320509
v 11.755705 269.299988 -16.180340
v 12.855752 269.299988 -15.320889
v 6.840403 279.299988 -18.793854
v 9.079810 269.299988 -17.820131
v 10.000000 269.299988 -17.320509
v 3.472964 279.299988 -19.696156
v 6.180340 269.299988 -19.021132
v 6.840403 269.299988 -18.793854
v -0.000000 269.299988 -20.000000
v 3.128689 269.299988 -19.753767
v 3.472964 269.299988 -19.696156
v -0.000000 279.299988 19.799999
v -0.000000 279.299988 -20.000000
v 15.812799 282.307526 -27.174284
v 12.678529 281.856415 -27.462250
v 11.995616 283.287445 -30.033220
v -12.678529 281.856415 -27.462250
v -15.812799 282.307526 -27.174284
v -13.925645 279.314545 -21.988531
v -14.855876 280.797699 -24.617294
v -6.460443 284.106506 -32.193264
v -8.520361 283.870422 -31.587999
v -8.611595 281.856415 -28.559877
v -4.297201 284.279297 -32.627632
v 0.000000 284.412933 -32.959286
v 3.068686 284.345123 -32.791454
v 5.305728 284.207886 -32.449024
v 7.535506 283.992523 -31.902637
v 9.770749 283.689026 -31.114243
v 13.927402 279.317352 -21.993645
v -10.701470 283.533905 -30.702168
v -12.991343 283.070618 -29.430067
v 26.338949 288.438202 23.895674
v 25.160215 286.593018 22.299301
v 26.254831 286.593018 18.140993
v 24.015886 281.057465 -12.833397
v 24.669882 281.057465 -11.135031
v 20.712435 281.057465 -18.916819
v 24.874098 287.401062 -25.970682
v 25.634779 288.017761 -25.345373
v 26.338949 288.438202 -23.895674
v 26.646290 288.900940 -24.237816
v 22.566839 285.804077 27.374025
v 23.930410 286.593018 26.252321
v 24.890720 287.414124 25.958447
v 16.948214 280.134857 21.429972
v 16.230173 281.056946 24.227390
v 13.940898 279.317627 21.985760
v 17.757217 281.057465 22.653145
v 18.566223 281.980042 23.876318
v 17.931456 282.459320 25.921196
v 19.375227 282.902649 25.099493
v 18.187504 282.674500 26.167593
v 21.944506 285.466919 27.770111
v 21.438904 285.237732 28.160496
v 20.993238 284.747833 27.545841
v 21.187346 285.142609 28.392067
v 19.529188 283.761139 27.242617
v 22.539738 284.747833 24.249329
v 25.828142 288.180939 25.161591
v 26.398737 288.677917 24.545250
v 28.041344 290.252289 21.855099
v 27.155886 289.375031 23.511557
v 27.244925 288.438202 19.366125
v 28.682957 290.938568 20.195963
v 28.235016 290.283386 20.591253
v 29.279177 291.624664 18.095610
v 28.833466 290.283386 15.566916
v 29.284742 290.283386 10.440016
v 30.392992 293.092468 10.763273
v 29.782562 292.251343 15.621882
v 30.448160 293.174286 10.115973
v 27.856655 286.593018 9.290828
v 28.285389 286.593018 4.674900
v 30.734463 293.619080 5.043790
v 28.431005 286.593018 0.000000
v 30.803045 293.731445 -2.251874
v 30.819715 293.759155 0.000000
v 29.661131 290.283386 0.000000
v 30.633919 293.458618 -7.337081
v 29.565704 290.283386 -5.239331
v 30.231947 292.859772 -12.378646
v 29.284742 290.283386 -10.440016
v 28.833466 290.283386 -15.566916
v 29.440176 291.819702 -17.393553
v 27.377745 289.588104 -23.149473
v 28.201838 290.419525 -21.484270
v 28.235016 290.283386 -20.591253
v 28.761057 291.025543 -19.957214
v 27.244925 288.438202 -19.366125
v 20.993238 284.747833 -27.545841
v 21.510633 285.267334 -28.099678
v 22.539738 284.747833 -24.249329
v 22.201557 285.599701 -27.598471
v 19.375227 282.902649 -25.099493
v 18.941534 283.286682 -26.799309
v 20.866838 284.869049 -28.178333
v 17.931456 282.459320 -25.921196
v 17.757217 281.057465 -22.653145
v 16.948214 280.134857 -21.429972
v 16.230173 281.056946 -24.227390
v 13.940898 279.317627 -21.985760
v 22.484322 281.057465 -16.025690
v 23.284552 281.057465 -14.465604
v 25.238459 281.057465 -9.376912
v 25.714527 281.057465 -7.567044
v 26.364922 281.057465 -3.828253
v 27.200882 282.902649 0.000000
v 27.005075 282.902649 4.110468
v 26.364922 281.057465 3.828253
v 25.238459 281.057465 9.376912
v 25.714527 281.057465 7.567044
v 24.669882 281.057465 11.135031
v 24.015886 281.057465 12.833397
v 22.789503 280.134857 13.853039
v 21.034647 280.134857 16.711994
v 23.930410 286.593018 -26.252321
v 25.160215 286.593018 -22.299301
v 23.277016 284.747833 -22.507082
v 23.981482 284.747833 -20.702927
v 22.802748 282.902649 -19.106554
v 21.994726 282.902649 -20.711950
v 21.624014 281.057465 -17.510181
v 21.187346 285.142609 -28.392067
v 21.149067 282.902649 -22.246334
v 19.758394 281.057465 -20.243341
v 19.063057 280.134857 -19.241844
v 18.566223 281.980042 -23.876318
v 20.453732 281.980042 -21.244837
v 28.285389 286.593018 -4.674900
v 27.142612 284.747833 -8.716233
v 27.856655 286.593018 -9.290828
v 26.335316 284.747833 -12.907784
v 27.168032 286.593018 -13.794162
v 25.829910 284.747833 -14.937387
v 26.254831 286.593018 -18.140993
v 25.264736 284.747833 -16.915863
v 24.646322 284.747833 -18.838604
v 23.565323 282.902649 -17.432148
v 24.274643 282.902649 -15.690733
v 24.922897 282.902649 -13.885393
v 25.502598 282.902649 -12.021407
v 26.006582 282.902649 -10.104459
v 27.005075 282.902649 -4.110468
v 26.428570 282.902649 -8.141639
v 25.829910 284.747833 14.937387
v 26.335316 284.747833 12.907784
v 27.168032 286.593018 13.794162
v 27.142612 284.747833 8.716233
v 24.922897 282.902649 13.885393
v 25.502598 282.902649 12.021407
v 26.428570 282.902649 8.141639
v 26.006582 282.902649 10.104459
v 21.994726 282.902649 20.711950
v 22.802748 282.902649 19.106554
v 23.981482 284.747833 20.702927
v 24.646322 284.747833 18.838604
v 23.277016 284.747833 22.507082
v 21.149067 282.902649 22.246334
v 20.453732 281.980042 21.244837
v 23.779596 281.980042 15.078168
v 22.484322 281.057465 16.025690
v 23.284552 281.057465 14.465604
v 21.943821 280.134857 15.322461
v 25.264736 284.747833 16.915863
v 23.565323 282.902649 17.432148
v 24.274643 282.902649 15.690733
v 22.213381 281.980042 18.308367
v 21.624014 281.057465 17.510181
v 19.063057 280.134857 19.241844
v 19.758394 281.057465 20.243341
v 23.635267 286.486481 -26.764458
v -26.338949 288.438202 -23.895674
v -25.160215 286.593018 -22.299301
v -26.254831 286.593018 -18.140993
v -20.712435 281.057465 18.916819
v -24.874098 287.401062 25.970682
v -25.634779 288.017761 25.345373
v -26.338949 288.438202 23.895674
v -26.646290 288.900940 24.237816
v -22.566839 285.804077 -27.374025
v -23.930410 286.593018 -26.252321
v -24.890720 287.414124 -25.958447
v -22.539738 284.747833 -24.249329
v -25.828142 288.180939 -25.161591
v -26.398737 288.677917 -24.545250
v -28.041344 290.252289 -21.855099
v -27.155886 289.375031 -23.511557
v -27.244925 288.438202 -19.366125
v -28.682957 290.938568 -20.195963
v -28.235016 290.283386 -20.591253
v -29.279177 291.624664 -18.095610
v -28.833466 290.283386 -15.566916
v -29.284742 290.283386 -10.440016
v -30.392992 293.092468 -10.763273
v -29.782562 292.251343 -15.621882
v -30.448160 293.174286 -10.115973
v -27.856655 286.593018 -9.290828
v -28.285389 286.593018 -4.674900
v -30.734463 293.619080 -5.043790
v -28.431005 286.593018 -0.000000
v -30.803045 293.731445 2.251874
v -30.819715 293.759155 0.000000
v -29.661131 290.283386 -0.000000
v -30.633919 293.458618 7.337081
v -29.565704 290.283386 5.239331
v -30.231947 292.859772 12.378646
v -29.284742 290.283386 10.440016
v -28.833466 290.283386 15.566916
v -29.440176 291.819702 17.393553
v -27.377745 289.588104 23.149473
v -28.201838 290.419525 21.484270
v -28.235016 290.283386 20.591253
v -28.761057 291.025543 19.957214
v -27.244925 288.438202 19.366125
v -20.993238 284.747833 27.545841
v -21.510633 285.267334 28.099678
v -22.539738 284.747833 24.249329
v -22.201557 285.599701 27.598471
v -19.375227 282.902649 25.099493
v -18.941534 283.286682 26.799309
v -20.866838 284.869049 28.178333
v -17.931456 282.459320 25.921196
v -17.757217 281.057465 22.653145
v -16.948214 280.134857 21.429972
v -16.230173 281.056946 24.227390
v -13.940898 279.317627 21.985760
v -23.284552 281.057465 14.465604
v -22.484322 281.057465 16.025690
v -24.015886 281.057465 12.833397
v -24.669882 281.057465 11.135031
v -25.238459 281.057465 9.376912
v -26.364922 281.057465 3.828253
v -25.714527 281.057465 7.567044
v -27.005077 282.902649 -4.110468
v -27.200882 282.902649 -0.000000
v -26.364922 281.057465 -3.828253
v -25.238459 281.057465 -9.376912
v -24.669882 281.057465 -11.135031
v -24.015886 281.057465 -12.833397
v -25.714527 281.057465 -7.567044
v -21.034647 280.134857 -16.711994
v -16.948214 280.134857 -21.429972
v -15.967015 280.848572 -23.968082
v -13.936957 279.314789 -21.981920
v -17.757217 281.057465 -22.653145
v -18.566223 281.980042 -23.876318
v -17.931456 282.459320 -25.921196
v -19.375227 282.902649 -25.099493
v -18.187504 282.674500 -26.167593
v -21.944506 285.466919 -27.770111
v -21.438904 285.237732 -28.160496
v -20.993238 284.747833 -27.545841
v -21.187346 285.142609 -28.392067
v -19.529188 283.761139 -27.242617
v -23.930410 286.593018 26.252321
v -25.160215 286.593018 22.299301
v -23.277016 284.747833 22.507082
v -23.981482 284.747833 20.702927
v -22.802748 282.902649 19.106554
v -21.994726 282.902649 20.711950
v -21.624014 281.057465 17.510181
v -21.187346 285.142609 28.392067
v -21.149067 282.902649 22.246334
v -19.758394 281.057465 20.243341
v -19.063057 280.134857 19.241844
v -18.566223 281.980042 23.876318
v -20.453732 281.980042 21.244837
v -28.285389 286.593018 4.674900
v -27.142612 284.747833 8.716233
v -27.856655 286.593018 9.290828
v -26.335316 284.747833 12.907784
v -27.168032 286.593018 13.794162
v -25.829912 284.747833 14.937387
v -26.254831 286.593018 18.140993
v -25.264736 284.747833 16.915863
v -24.646322 284.747833 18.838604
v -23.565323 282.902649 17.432148
v -24.274643 282.902649 15.690733
v -24.922897 282.902649 13.885393
v -25.502598 282.902649 12.021407
v -26.006582 282.902649 10.104459
v -27.005077 282.902649 4.110468
v -26.428570 282.902649 8.141639
v -25.829912 284.747833 -14.937387
v -26.335316 284.747833 -12.907784
v -27.168032 286.593018 -13.794162
v -27.142612 284.747833 -8.716233
v -24.922897 282.902649 -13.885393
v -25.502598 282.902649 -12.021407
v -26.428570 282.902649 -8.141639
v -26.006582 282.902649 -10.104459
v -21.994726 282.902649 -20.711950
v -22.802748 282.902649 -19.106554
v -23.981482 284.747833 -20.702927
v -24.646322 284.747833 -18.838604
v -23.277016 284.747833 -22.507082
v -21.149067 282.902649 -22.246334
v -20.453732 281.980042 -21.244837
v -23.779596 281.980042 -15.078168
v -22.484322 281.057465 -16.025690
v -23.284552 281.057465 -14.465604
v -21.943821 280.134857 -15.322461
v -22.789503 280.134857 -13.853039
v -21.624014 281.057465 -17.510181
v -22.213381 281.980042 -18.308367
v -24.274643 282.902649 -15.690733
v -23.565323 282.902649 -17.432148
v -25.264736 284.747833 -16.915863
v -19.063057 280.134857 -19.241844
v -19.758394 281.057465 -20.243341
v -23.635267 286.486481 26.764458
v -15.812799 282.307526 27.174284
v -12.678529 281.856415 27.462250
v -12.991343 283.070618 29.430067
v -13.927402 279.317352 21.993645
v -10.701470 283.533905 30.702168
v -9.509638 283.729431 31.220490
v -8.520361 283.870422 31.587999
v -6.460443 284.106506 32.193264
v -4.297201 284.279297 32.627632
v 0.000000 284.412933 32.959286
v 3.068686 284.345123 32.791454
v 5.305728 284.207886 32.449024
v 8.611595 281.856415 28.559877
v 15.812799 282.307526 27.174284
v 11.995616 283.287445 30.033220
v 12.678529 281.856415 27.462250
v 9.770749 283.689026 31.114243
v 7.535506 283.992523 31.902637
v 13.927402 279.317352 21.993645
v 21.299999 343.299988 -45.000000
v 17.300001 347.299988 -45.000000
v 46.018810 409.276581 -45.000000
v 41.777401 414.750977 -45.000000
v 36.665352 419.422760 -45.000000
v 30.832117 423.155273 -45.000000
v 24.448265 425.839447 -45.000000
v 17.700441 427.396820 -45.000000
v 10.785947 427.781799 -45.000000
v 3.906949 426.983154 -45.000000
v -2.735420 425.024231 -45.000000
v -8.946948 421.962280 -45.000000
v 49.265556 403.159637 -45.000000
v 40.331272 358.358856 -45.000000
v -14.546018 417.886902 -45.000000
v -19.368923 412.917206 -45.000000
v -23.274647 407.198486 -45.000000
v -26.148994 400.897949 -45.000000
v -27.907921 394.199860 -45.000000
v -17.000000 347.299988 -45.000000
v -28.500000 387.299988 -45.000000
v -21.000000 343.299988 -45.000000
v 44.847691 363.608673 -45.000000
v 48.403694 369.551178 -45.000000
v 50.895306 376.012604 -45.000000
v 52.249680 382.804077 -45.000000
v 52.427212 389.727020 -45.000000
v 51.422714 396.578979 -45.000000
v -26.148994 400.897949 45.000000
v -28.500000 387.299988 45.000000
v -27.907921 394.199860 45.000000
v 51.422714 396.578979 45.000000
v 52.427212 389.727020 45.000000
v 50.651806 377.002533 45.000000
v 52.249680 382.804077 45.000000
v 50.716812 376.839508 45.000000
v 50.895306 376.012604 45.000000
v 50.508091 376.477478 45.000000
v 48.403694 369.551178 45.000000
v 44.847691 363.608673 45.000000
v -23.274647 407.198486 45.000000
v -19.368923 412.917206 45.000000
v -14.546018 417.886902 45.000000
v 40.331272 358.358856 45.000000
v -8.946948 421.962280 45.000000
v -2.735420 425.024231 45.000000
v 17.700441 427.396820 45.000000
v 24.448265 425.839447 45.000000
v 30.832117 423.155273 45.000000
v 36.665352 419.422760 45.000000
v 41.777401 414.750977 45.000000
v 46.018810 409.276581 45.000000
v 49.265556 403.159637 45.000000
v 3.906949 426.983154 45.000000
v 10.785947 427.781799 45.000000
v 29.149391 381.058136 50.500000
v 46.011005 379.038544 50.500000
v 29.972742 384.130920 50.500000
v 46.758339 383.194183 50.500000
v 30.250000 387.299988 50.500000
v 46.999828 387.409546 50.500000
v 29.972742 390.469086 50.500000
v 25.980310 375.569122 50.500000
v 40.878433 367.525360 50.500000
v 27.804964 378.175018 50.500000
v 43.049503 371.146729 50.500000
v 44.768700 375.003174 50.500000
v 23.730875 401.280304 50.500000
v 31.819801 416.147461 50.500000
v 21.125000 403.104950 50.500000
v 28.201853 418.324188 50.500000
v 18.241867 404.449402 50.500000
v 21.125000 371.495026 50.500000
v 32.000000 358.577179 50.500000
v 23.730873 373.319672 50.500000
v 35.313190 361.194550 50.500000
v 38.287090 364.191803 50.500000
v -1.980311 399.030884 50.500000
v -16.816399 407.164917 50.500000
v -3.804964 396.424988 50.500000
v -18.998791 403.550385 50.500000
v -5.149391 393.541870 50.500000
v 24.348112 420.049408 50.500000
v 20.314667 421.298035 50.500000
v 15.169080 405.272736 50.500000
v 16.160217 422.051880 50.500000
v 12.000000 405.550018 50.500000
v 11.945225 422.299957 50.500000
v 8.830921 405.272736 50.500000
v 18.241867 370.150604 50.500000
v 27.177340 353.913239 50.500000
v 29.401213 356.439026 50.500000
v 15.169080 369.327271 50.500000
v 24.071680 347.966339 50.500000
v 25.385490 351.064606 50.500000
v 12.000000 369.049988 50.500000
v 14.836666 321.081970 50.500000
v 22.033129 322.279175 50.500000
v 23.000000 322.425140 50.500000
v 0.269126 373.319672 50.500000
v -23.000000 322.425140 50.500000
v 2.875000 371.495026 50.500000
v -18.046528 321.641571 50.500000
v 5.758132 370.150604 50.500000
v -14.708628 321.058716 50.500000
v -9.357670 320.017334 50.500000
v -5.149391 381.058136 50.500000
v -23.000000 387.299988 50.500000
v -3.804964 378.175018 50.500000
v -1.980311 375.569122 50.500000
v 2.875000 403.104950 50.500000
v -7.909998 416.085266 50.500000
v 0.269126 401.280304 50.500000
v -11.231362 413.478302 50.500000
v -14.214634 410.490356 50.500000
v 23.000000 341.343506 50.500000
v 23.269651 344.697998 50.500000
v 1.824815 319.098480 50.500000
v 3.129787 319.162323 50.500000
v 8.830921 369.327271 50.500000
v 4.393250 319.257782 50.500000
v 5.598267 319.381592 50.500000
v -5.972742 384.130920 50.500000
v -6.250000 387.299988 50.500000
v -22.745319 391.514587 50.500000
v -5.972742 390.469086 50.500000
v -21.984980 395.667877 50.500000
v -20.730049 399.699341 50.500000
v 7.731027 422.038666 50.500000
v 3.578957 421.271820 50.500000
v 5.758132 404.449402 50.500000
v -0.450559 420.010590 50.500000
v -4.298880 418.273346 50.500000
v 27.804964 396.424988 50.500000
v 40.754082 407.255035 50.500000
v 25.980310 399.030884 50.500000
v 38.141918 410.572296 50.500000
v 35.149311 413.550903 50.500000
v 46.731956 391.623322 50.500000
v 45.958618 395.774200 50.500000
v 29.149391 393.541870 50.500000
v 44.691078 399.801727 50.500000
v 42.947773 403.647339 50.500000
v 6.715145 319.527893 50.500000
v 9.525107 320.052063 50.500000
v 11.063558 320.364624 50.500000
v -4.933981 319.309204 50.500000
v -3.789569 319.207916 50.500000
v -2.546220 319.129486 50.500000
v 0.000000 319.065857 50.500000
v -7.179973 319.598694 50.500000
v -6.076553 319.440308 50.500000
v 50.651806 377.002533 48.983315
v 50.508091 376.477478 48.983315
v -32.000000 353.827026 26.196156
v -32.000000 350.459595 25.293854
v -32.000000 322.425140 41.500000
v -32.000000 387.299988 41.500000
v -32.000000 304.608337 -25.409693
v -32.000000 304.266602 -24.238356
v -32.000000 338.506134 -13.340404
v -32.000000 304.089600 -23.648119
v -32.000000 303.906830 -23.048594
v -32.000000 311.847748 -39.851906
v -32.000000 310.925751 -39.543110
v -32.000000 339.979492 -16.500000
v -32.000000 308.432678 -38.559410
v -32.000000 341.979126 -19.355751
v -32.000000 344.444244 -21.820890
v -32.000000 322.425140 -41.500000
v -32.000000 347.299988 -23.820509
v -32.000000 350.459595 -25.293854
v -32.000000 305.410980 28.388760
v -32.000000 306.554871 33.339943
v -32.000000 339.979492 16.500000
v -32.000000 307.483826 38.124805
v -32.000000 304.090851 23.652220
v -32.000000 304.332581 24.461121
v -32.000000 338.506134 13.340404
v -32.000000 304.568726 25.271614
v -32.000000 305.021545 26.898190
v -32.000000 337.300018 6.500000
v -32.000000 301.032379 0.000000
v -32.000000 301.053101 2.108123
v -32.000000 305.703644 -29.569948
v -32.000000 306.862457 -34.839355
v -32.000000 307.483826 -38.124805
v -32.000000 319.721161 -41.394680
v -32.000000 317.054535 -41.082684
v -32.000000 314.428711 -40.567947
v -32.000000 309.968048 39.191479
v -32.000000 312.508728 40.055813
v -32.000000 341.979126 19.355751
v -32.000000 315.100983 40.719799
v -32.000000 317.740479 41.182926
v -32.000000 303.805237 22.718971
v -32.000000 303.875214 22.945818
v -32.000000 303.968079 23.248428
v -32.000000 301.135956 -4.712538
v -32.000000 337.300018 -6.500000
v -32.000000 301.446381 -9.375286
v -32.000000 337.603851 -9.972963
v -32.000000 302.006287 -14.234044
v -32.000000 301.500488 -9.960244
v -32.000000 387.299988 -41.500000
v -32.000000 353.827026 -26.196156
v -32.000000 347.299988 23.820509
v -32.000000 344.444244 21.820890
v -32.000000 321.385742 41.484455
v -32.000000 318.707794 41.300686
v -32.000000 303.812256 -22.741728
v -32.000000 303.714813 -22.427086
v -32.000000 303.626526 -22.142658
v -32.000000 303.358246 21.227867
v -32.000000 303.424072 21.467760
v -32.000000 337.603851 9.972963
v -32.000000 303.558960 -21.923737
v -32.000000 303.422913 -21.463612
v -32.000000 303.336670 -21.146954
v -32.000000 303.217102 20.680391
v -32.000000 303.492828 21.705482
v -32.000000 303.594360 22.038700
v -32.000000 303.699829 22.378830
v -32.000000 303.258636 -20.845699
v -32.000000 303.114563 -20.257433
v -32.000000 302.869415 -19.165314
v -32.000000 302.623444 -17.949938
v -32.000000 302.325745 -16.295206
v -32.000000 302.588654 17.767530
v -32.000000 302.814026 18.902452
v -32.000000 303.061829 20.032099
v -32.000000 301.251038 6.834913
v -32.000000 301.649475 11.406105
v -32.000000 302.231293 15.720676
v -31.679829 392.598358 41.500000
v -29.451599 402.056854 41.500000
v -30.723974 397.819611 41.500000
v -31.358219 394.787628 41.500000
v -29.146347 402.887756 41.500000
v -26.969908 407.729065 41.500000
v -26.335758 408.895599 41.500000
v -24.226328 412.273041 41.500000
v -17.205141 420.209900 41.500000
v -20.955540 416.453613 41.500000
v -22.101595 415.104340 41.500000
v -16.872622 420.501984 41.500000
v -13.029713 423.487183 41.500000
v -4.064985 428.262390 41.500000
v -8.490021 426.237885 41.500000
v -10.801383 424.931061 41.500000
v -3.652132 428.421906 41.500000
v 1.413546 430.007446 41.500000
v 3.140058 430.398743 41.500000
v 6.633291 430.971466 41.500000
v 17.229990 430.988068 41.500000
v 11.931139 431.299957 41.500000
v 10.603562 431.277832 41.500000
v 18.107803 430.874023 41.500000
v 22.452724 430.040405 41.500000
v 25.433868 429.199066 41.500000
v 27.523340 428.470703 41.500000
v 32.368042 426.301849 41.500000
v 36.916325 423.565369 41.500000
v 44.268921 417.211792 41.500000
v 41.101990 420.301117 41.500000
v 38.708042 422.266846 41.500000
v 44.864124 416.556610 41.500000
v 48.147984 412.386322 41.500000
v 48.888451 411.284210 41.500000
v 50.905773 407.850952 41.500000
v 54.690838 397.953278 41.500000
v 53.097355 403.016449 41.500000
v 52.431881 404.656921 41.500000
v 54.795837 397.523315 41.500000
v 55.663029 392.735046 41.500000
v 55.745907 382.578186 41.500000
v 55.999786 387.437714 41.500000
v 55.911362 390.091461 41.500000
v 55.696201 382.138397 41.500000
v 54.756691 376.914185 41.500000
v 54.304306 375.202667 41.500000
v 53.194935 371.841095 41.500000
v 48.304317 362.440460 41.500000
v 51.033661 366.993011 41.500000
v 51.628609 368.180023 41.500000
v 47.796871 361.715179 41.500000
v 45.046631 358.249695 41.500000
v 41.308006 354.481689 41.500000
v 42.920872 355.996643 41.500000
v 50.716812 376.839508 48.912064
v -28.500000 350.459595 -25.293854
v -28.500000 347.299988 -23.820509
v -28.500000 339.979492 -16.500000
v -28.500000 338.506134 -13.340404
v -28.500000 353.827026 -26.196156
v -28.500000 339.979492 16.500000
v -28.500000 338.506134 13.340404
v -28.500000 337.603851 9.972963
v -28.500000 344.444244 -21.820890
v -28.500000 341.979126 -19.355751
v -28.500000 337.603851 -9.972963
v -28.500000 337.300018 -6.500000
v -28.500000 337.300018 6.500000
v -28.500000 341.979126 19.355751
v -28.500000 344.444244 21.820890
v -28.500000 347.299988 23.820509
v -28.500000 350.459595 25.293854
v -28.500000 353.827026 26.196156
v 30.000000 387.299988 50.500000
v 29.726540 390.425659 49.299999
v 29.726540 390.425659 50.500000
v 28.914467 393.456360 49.299999
v 28.914467 393.456360 50.500000
v 27.588457 396.300018 49.299999
v 27.588457 396.300018 50.500000
v 25.788801 398.870178 49.299999
v 25.788801 398.870178 50.500000
v 23.570177 401.088806 49.299999
v 23.570177 401.088806 50.500000
v 21.000000 402.888458 49.299999
v 21.000000 402.888458 50.500000
v 18.156363 404.214478 49.299999
v 18.156363 404.214478 50.500000
v 15.125667 405.026550 49.299999
v 15.125667 405.026550 50.500000
v 12.000000 405.299988 49.299999
v 12.000000 405.299988 50.500000
v 8.874332 405.026550 49.299999
v 8.874332 405.026550 50.500000
v 5.843637 404.214478 49.299999
v 5.843637 404.214478 50.500000
v 3.000000 402.888458 49.299999
v 3.000000 402.888458 50.500000
v 0.429823 401.088806 49.299999
v 0.429823 401.088806 50.500000
v -1.788800 398.870178 49.299999
v -1.788800 398.870178 50.500000
v -3.588457 396.300018 49.299999
v -3.588457 396.300018 50.500000
v -4.914467 393.456360 49.299999
v -4.914467 393.456360 50.500000
v -5.726540 390.425659 49.299999
v -5.726540 390.425659 50.500000
v -6.000000 387.299988 49.299999
v -6.000000 387.299988 50.500000
v -5.726540 384.174347 49.299999
v -5.726540 384.174347 50.500000
v -4.914467 381.143616 49.299999
v -4.914467 381.143616 50.500000
v -3.588457 378.299988 49.299999
v -3.588457 378.299988 50.500000
v -1.788800 375.729828 49.299999
v -1.788800 375.729828 50.500000
v 0.429823 373.511200 49.299999
v 0.429823 373.511200 50.500000
v 3.000000 371.711548 49.299999
v 3.000000 371.711548 50.500000
v 5.843637 370.385529 49.299999
v 5.843637 370.385529 50.500000
v 8.874332 369.573456 49.299999
v 8.874332 369.573456 50.500000
v 12.000000 369.299988 49.299999
v 12.000000 369.299988 50.500000
v 15.125667 369.573456 49.299999
v 15.125667 369.573456 50.500000
v 18.156363 370.385529 49.299999
v 18.156363 370.385529 50.500000
v 21.000000 371.711548 49.299999
v 21.000000 371.711548 50.500000
v 23.570177 373.511200 49.299999
v 23.570177 373.511200 50.500000
v 25.788801 375.729828 49.299999
v 25.788801 375.729828 50.500000
v 27.588457 378.299988 49.299999
v 27.588457 378.299988 50.500000
v 28.914467 381.143616 49.299999
v 28.914467 381.143616 50.500000
v 29.726540 384.174347 49.299999
v 29.726540 384.174347 50.500000
v 30.000000 387.299988 49.299999
v 30.250000 387.299988 49.299999
v 29.972742 390.469086 49.299999
v 29.149391 393.541870 49.299999
v 27.804964 396.424988 49.299999
v 25.980310 399.030884 49.299999
v 23.730875 401.280304 49.299999
v 21.125000 403.104950 49.299999
v 18.241867 404.449402 49.299999
v 15.169080 405.272736 49.299999
v 12.000000 405.550018 49.299999
v 8.830921 405.272736 49.299999
v 5.758132 404.449402 49.299999
v 2.875000 403.104950 49.299999
v 0.269126 401.280304 49.299999
v -1.980311 399.030884 49.299999
v -3.804964 396.424988 49.299999
v -5.149391 393.541870 49.299999
v -5.972742 390.469086 49.299999
v -6.250000 387.299988 49.299999
v -5.972742 384.130920 49.299999
v -5.149391 381.058136 49.299999
v -3.804964 378.175018 49.299999
v -1.980311 375.569122 49.299999
v 0.269126 373.319672 49.299999
v 2.875000 371.495026 49.299999
v 5.758132 370.150604 49.299999
v 8.830921 369.327271 49.299999
v 12.000000 369.049988 49.299999
v 15.169080 369.327271 49.299999
v 18.241867 370.150604 49.299999
v 21.125000 371.495026 49.299999
v 23.730873 373.319672 49.299999
v 25.980310 375.569122 49.299999
v 27.804964 378.175018 49.299999
v 29.149391 381.058136 49.299999
v 29.972742 384.130920 49.299999
v 12.000000 387.299988 50.500000
v -21.000000 322.119629 -50.500000
v -23.000000 322.425140 -50.500000
v -21.000000 343.299988 -50.500000
v -23.000000 387.299988 -50.500000
v -17.000000 347.299988 -50.500000
v -5.972742 390.469086 -50.500000
v -6.250000 387.299988 -50.500000
v 21.299999 343.299988 -50.500000
v 23.269651 344.697998 -50.500000
v 23.000000 341.343506 -50.500000
v 23.000000 322.425140 -50.500000
v 22.033129 322.279175 -50.500000
v 21.299999 322.166351 -50.500000
v 24.071680 347.966339 -50.500000
v 17.300001 347.299988 -50.500000
v 25.385490 351.064606 -50.500000
v 46.758339 383.194183 -50.500000
v 46.011005 379.038544 -50.500000
v 40.754082 407.255035 -50.500000
v 27.177340 353.913239 -50.500000
v 29.401213 356.439026 -50.500000
v -1.980311 375.569122 -50.500000
v 0.269126 373.319672 -50.500000
v 44.691078 399.801727 -50.500000
v 45.958618 395.774200 -50.500000
v 46.731956 391.623322 -50.500000
v 8.830921 369.327271 -50.500000
v 5.758132 370.150604 -50.500000
v 2.875000 371.495026 -50.500000
v 12.000000 369.049988 -50.500000
v 15.169080 369.327271 -50.500000
v 18.241867 370.150604 -50.500000
v 42.947773 403.647339 -50.500000
v 40.878433 367.525360 -50.500000
v 38.287090 364.191803 -50.500000
v -5.972742 384.130920 -50.500000
v -5.149391 381.058136 -50.500000
v -3.804964 378.175018 -50.500000
v 5.758132 404.449402 -50.500000
v 3.578957 421.271820 -50.500000
v 8.830921 405.272736 -50.500000
v 7.731027 422.038666 -50.500000
v 12.000000 405.550018 -50.500000
v 11.945225 422.299957 -50.500000
v 15.169080 405.272736 -50.500000
v 46.999828 387.409546 -50.500000
v 44.768700 375.003174 -50.500000
v 43.049503 371.146729 -50.500000
v 35.313190 361.194550 -50.500000
v 32.000000 358.577179 -50.500000
v 16.160217 422.051880 -50.500000
v 20.314667 421.298035 -50.500000
v 18.241867 404.449402 -50.500000
v 24.348112 420.049408 -50.500000
v 21.125000 403.104950 -50.500000
v -22.745319 391.514587 -50.500000
v -21.984980 395.667877 -50.500000
v -5.149391 393.541870 -50.500000
v -20.730049 399.699341 -50.500000
v -3.804964 396.424988 -50.500000
v 21.125000 371.495026 -50.500000
v 23.730875 373.319672 -50.500000
v 25.980310 375.569122 -50.500000
v 30.250000 387.299988 -50.500000
v 29.972742 390.469086 -50.500000
v 0.269126 401.280304 -50.500000
v -7.909998 416.085266 -50.500000
v 2.875000 403.104950 -50.500000
v -4.298880 418.273346 -50.500000
v -0.450559 420.010590 -50.500000
v -18.998791 403.550385 -50.500000
v -16.816399 407.164917 -50.500000
v -1.980311 399.030884 -50.500000
v -14.214634 410.490356 -50.500000
v -11.231362 413.478302 -50.500000
v 27.804964 378.175018 -50.500000
v 29.149391 381.058136 -50.500000
v 29.972742 384.130920 -50.500000
v 29.149391 393.541870 -50.500000
v 27.804964 396.424988 -50.500000
v 38.141918 410.572296 -50.500000
v 25.980310 399.030884 -50.500000
v 35.149311 413.550903 -50.500000
v 23.730875 401.280304 -50.500000
v 31.819801 416.147461 -50.500000
v 28.201853 418.324188 -50.500000
v 41.308006 354.481689 -41.500000
v 47.796871 361.715179 -41.500000
v 45.046631 358.249695 -41.500000
v 42.920872 355.996643 -41.500000
v 48.304321 362.440460 -41.500000
v 51.033661 366.993011 -41.500000
v 54.304306 375.202667 -41.500000
v 53.194935 371.841095 -41.500000
v 51.628609 368.180023 -41.500000
v 54.756691 376.914185 -41.500000
v 55.696201 382.138397 -41.500000
v 55.745907 382.578186 -41.500000
v 55.999786 387.437714 -41.500000
v 54.795837 397.523315 -41.500000
v 55.663029 392.735046 -41.500000
v 55.911362 390.091461 -41.500000
v 54.690838 397.953278 -41.500000
v 53.097355 403.016449 -41.500000
v 48.888451 411.284210 -41.500000
v 50.905773 407.850952 -41.500000
v 52.431881 404.656921 -41.500000
v 48.147984 412.386322 -41.500000
v 44.864124 416.556610 -41.500000
v 44.268921 417.211792 -41.500000
v 41.101990 420.301117 -41.500000
v 38.708042 422.266846 -41.500000
v 36.916325 423.565369 -41.500000
v 32.368042 426.301849 -41.500000
v 27.523340 428.470703 -41.500000
v 18.107803 430.874023 -41.500000
v 22.452724 430.040405 -41.500000
v 25.433868 429.199066 -41.500000
v 17.229990 430.988068 -41.500000
v 11.931139 431.299957 -41.500000
v 3.140058 430.398743 -41.500000
v 6.633291 430.971466 -41.500000
v 10.603562 431.277832 -41.500000
v 1.413546 430.007446 -41.500000
v -3.652132 428.421906 -41.500000
v -4.064985 428.262390 -41.500000
v -8.490021 426.237885 -41.500000
v -16.872622 420.501984 -41.500000
v -13.029713 423.487183 -41.500000
v -10.801383 424.931061 -41.500000
v -17.205141 420.209900 -41.500000
v -20.955540 416.453613 -41.500000
v -26.335758 408.895599 -41.500000
v -24.226328 412.273041 -41.500000
v -22.101595 415.104340 -41.500000
v -26.969908 407.729065 -41.500000
v -29.146347 402.887756 -41.500000
v -29.451599 402.056854 -41.500000
v -30.723974 397.819611 -41.500000
v -31.679829 392.598358 -41.500000
v -31.358219 394.787628 -41.500000
v -6.250000 387.299988 -49.500000
v -5.972742 390.469086 -49.500000
v -5.149391 393.541870 -49.500000
v -3.804964 396.424988 -49.500000
v -1.980311 399.030884 -49.500000
v 0.269126 401.280304 -49.500000
v 2.875000 403.104950 -49.500000
v 5.758132 404.449402 -49.500000
v 8.830921 405.272736 -49.500000
v 12.000000 405.550018 -49.500000
v 15.169080 405.272736 -49.500000
v 18.241867 404.449402 -49.500000
v 21.125000 403.104950 -49.500000
v 23.730875 401.280304 -49.500000
v 25.980310 399.030884 -49.500000
v 27.804964 396.424988 -49.500000
v 29.149391 393.541870 -49.500000
v 29.972742 390.469086 -49.500000
v 30.250000 387.299988 -49.500000
v 29.972742 384.130920 -49.500000
v 29.149391 381.058136 -49.500000
v 27.804964 378.175018 -49.500000
v 25.980310 375.569122 -49.500000
v 23.730875 373.319672 -49.500000
v 21.125000 371.495026 -49.500000
v 18.241867 370.150604 -49.500000
v 15.169080 369.327271 -49.500000
v 12.000000 369.049988 -49.500000
v 8.830921 369.327271 -49.500000
v 5.758132 370.150604 -49.500000
v 2.875000 371.495026 -49.500000
v 0.269126 373.319672 -49.500000
v -1.980311 375.569122 -49.500000
v -3.804964 378.175018 -49.500000
v -5.149391 381.058136 -49.500000
v -5.972742 384.130920 -49.500000
v 25.788801 398.870178 -49.500000
v 27.588457 396.300018 -49.500000
v 28.914467 393.456360 -49.500000
v 29.726540 390.425659 -49.500000
v 30.000000 387.299988 -49.500000
v 29.726540 384.174347 -49.500000
v 28.914467 381.143616 -49.500000
v 27.588457 378.299988 -49.500000
v 25.788801 375.729828 -49.500000
v 23.570177 373.511200 -49.500000
v 21.000000 371.711548 -49.500000
v 18.156363 370.385529 -49.500000
v 15.125667 369.573456 -49.500000
v 12.000000 369.299988 -49.500000
v 8.874332 369.573456 -49.500000
v 5.843637 370.385529 -49.500000
v 3.000000 371.711548 -49.500000
v 0.429823 373.511200 -49.500000
v -1.788800 375.729828 -49.500000
v -3.588457 378.299988 -49.500000
v -4.914467 381.143616 -49.500000
v -5.726540 384.174347 -49.500000
v -6.000000 387.299988 -49.500000
v -5.726540 390.425659 -49.500000
v -4.914467 393.456360 -49.500000
v -3.588457 396.300018 -49.500000
v -1.788800 398.870178 -49.500000
v 0.429823 401.088806 -49.500000
v 3.000000 402.888458 -49.500000
v 5.843637 404.214478 -49.500000
v 8.874332 405.026550 -49.500000
v 12.000000 405.299988 -49.500000
v 15.125667 405.026550 -49.500000
v 18.156363 404.214478 -49.500000
v 21.000000 402.888458 -49.500000
v 23.570177 401.088806 -49.500000
v -6.000000 387.299988 -50.500000
v -5.726540 390.425659 -50.500000
v -4.914467 393.456360 -50.500000
v -3.588457 396.300018 -50.500000
v -1.788800 398.870178 -50.500000
v 0.429823 401.088806 -50.500000
v 3.000000 402.888458 -50.500000
v 5.843637 404.214478 -50.500000
v 8.874332 405.026550 -50.500000
v 12.000000 405.299988 -50.500000
v 15.125667 405.026550 -50.500000
v 18.156363 404.214478 -50.500000
v 21.000000 402.888458 -50.500000
v 23.570177 401.088806 -50.500000
v 25.788801 398.870178 -50.500000
v 27.588457 396.300018 -50.500000
v 28.914467 393.456360 -50.500000
v 29.726540 390.425659 -50.500000
v 30.000000 387.299988 -50.500000
v 29.726540 384.174347 -50.500000
v 28.914467 381.143616 -50.500000
v 27.588457 378.299988 -50.500000
v 25.788801 375.729828 -50.500000
v 23.570177 373.511200 -50.500000
v 21.000000 371.711548 -50.500000
v 18.156363 370.385529 -50.500000
v 15.125667 369.573456 -50.500000
v 12.000000 369.299988 -50.500000
v 8.874332 369.573456 -50.500000
v 5.843637 370.385529 -50.500000
v 3.000000 371.711548 -50.500000
v 0.429823 373.511200 -50.500000
v -1.788800 375.729828 -50.500000
v -3.588457 378.299988 -50.500000
v -4.914467 381.143616 -50.500000
v -5.726540 384.174347 -50.500000
v 12.000000 387.299988 -50.500000
v 16.537409 283.197144 -28.523613
v -20.208233 288.846619 -35.451374
v -20.404228 289.743530 -36.412243
v -15.661074 289.707886 -37.343018
v -21.184940 290.924683 -37.501675
v -22.013716 293.088593 -39.417442
v -22.505022 295.041992 -40.990055
v -19.466957 294.896759 -41.292160
v -22.684559 295.335327 -41.197575
v -19.452013 307.451996 -48.079010
v -20.410297 307.539215 -48.052879
v -20.280890 308.280884 -48.310535
v 17.679970 305.379974 -47.429474
v 18.516903 300.783142 -45.228142
v 15.008019 300.569550 -45.468353
v 21.299999 314.757965 -49.872646
v 22.589794 315.448639 -49.953148
v 21.299999 312.057281 -49.324623
v 23.290066 313.206085 -49.513275
v 21.299999 309.000000 -48.486866
v 23.396248 309.943970 -48.673531
v 23.465574 307.846344 -47.987667
v 23.502239 306.747223 -47.580395
v 19.785549 307.485565 -48.070881
v 13.574375 300.499939 -45.583042
v 9.338023 301.526794 -46.462559
v 7.652507 301.809052 -46.691662
v 5.930449 302.005920 -46.857483
v 4.189615 302.137177 -46.971786
v 2.429014 302.217346 -47.043167
v 0.000000 302.255890 -47.078083
v -3.397851 302.179260 -47.009045
v -5.093123 302.076233 -46.918343
v -6.692899 301.928467 -46.791435
v -8.361207 301.702972 -46.604568
v -10.081045 301.363647 -46.333839
v -13.418076 300.493195 -45.596203
v -18.397800 300.775146 -45.235474
v -17.528509 305.528503 -47.498260
v -23.105452 319.021210 -50.366798
v -21.000000 318.952698 -50.386040
v -23.211302 315.664734 -49.972218
v -21.000000 315.595825 -50.014454
v -23.232386 315.003357 -49.863102
v -21.000000 314.719116 -49.874207
v -23.317417 312.360077 -49.321224
v -21.000000 312.276489 -49.386829
v -23.423635 309.112244 -48.415646
v -21.000000 309.000000 -48.502205
v -23.462057 307.952179 -48.025112
v -23.465576 307.846313 -47.987659
v -23.567257 304.815582 -46.781021
v -23.607813 303.621948 -46.231373
v -21.507252 300.994720 -45.059704
v -23.623833 302.560120 -45.706520
v -23.583416 301.148560 -44.957302
v -22.918304 296.310577 -41.909733
v -23.301308 298.371124 -43.302746
v -23.538326 300.458527 -44.569031
v -16.001455 282.544373 -27.548765
v -16.890068 283.678345 -29.219629
v 17.701435 284.782776 -30.718719
v 16.697594 285.419312 -31.956654
v 17.897865 285.052521 -31.066814
v 18.029358 285.407104 -31.550962
v 19.025589 286.745728 -33.135998
v 17.175041 289.694458 -37.012535
v 20.283270 288.993286 -35.603474
v 20.517832 289.746735 -36.393383
v 21.340261 291.295624 -37.845161
v 19.583241 294.901611 -41.279552
v 22.197733 293.646027 -39.878052
v 23.084621 297.110016 -42.467739
v 22.859678 296.052124 -41.724415
v 22.608154 295.044250 -40.978153
v 23.424074 299.288361 -43.876488
v 23.607813 303.621948 -46.231373
v 23.598068 301.453674 -45.124329
v 23.583429 301.148804 -44.957432
v 23.040318 321.116669 -50.480343
v 23.145456 317.745636 -50.247921
v 23.183893 316.528076 -50.098999
v 21.299999 318.750458 -50.367348
v 21.299999 315.379272 -49.974052
v 11.468356 286.906067 -35.108410
v 9.342875 287.349182 -35.941227
v 7.207215 287.676910 -36.547043
v 5.075522 287.905945 -36.966137
v 2.936069 288.050415 -37.228474
v 0.000000 288.121368 -37.356964
v -4.111203 287.981262 -37.102997
v -6.179520 287.798492 -36.770039
v -8.148418 287.545776 -36.305428
v -10.231921 287.179352 -35.624062
v -12.419963 286.662109 -34.642651
v -16.552370 285.422180 -32.003300
v -17.897865 285.052521 -31.066814
v -19.106871 286.878754 -33.290592
v 15.809960 289.705292 -37.308956
v 10.840506 291.215088 -39.599331
v 8.840312 291.648254 -40.200932
v 6.825273 291.963409 -40.637638
v 4.809397 292.180969 -40.939297
v 2.783358 292.317108 -41.127937
v 0.000000 292.383606 -41.220284
v -3.896625 292.252045 -41.037731
v -5.853802 292.079193 -40.798195
v -7.714063 291.837860 -40.463558
v -9.677568 291.483154 -39.971992
v -11.734101 290.973175 -39.262230
v 16.158962 294.793579 -41.692959
v 14.759839 294.775879 -41.890572
v 10.125349 296.123291 -43.410931
v 8.273086 296.500458 -43.808392
v 6.396962 296.770294 -44.096432
v 4.512266 296.954102 -44.295166
v 2.613315 297.068054 -44.419346
v 0.000000 297.123383 -44.480103
v -3.657385 297.013702 -44.359970
v -5.489392 296.868347 -44.202232
v -7.225729 296.663330 -43.981663
v -9.049726 296.357513 -43.657230
v -10.948743 295.909637 -43.187881
v -14.607251 294.775116 -41.913269
v -16.537409 283.197144 28.523613
v -16.896324 283.686859 29.231672
v -17.701435 284.782776 30.718719
v -16.552370 285.422180 32.003300
v -17.897865 285.052521 31.066814
v -19.025589 286.745728 33.135998
v -15.661074 289.707886 37.343018
v -20.404228 289.743530 36.412243
v -20.283270 288.993286 35.603474
v -21.340261 291.295624 37.845161
v -19.466957 294.896759 41.292160
v -22.197733 293.646027 39.878052
v -21.936094 295.441284 41.377560
v -22.859678 296.052124 41.724415
v -23.424074 299.288361 43.876488
v -23.084621 297.110016 42.467739
v -21.507252 300.994720 45.059704
v -23.396248 309.943970 48.673531
v -23.465574 307.846344 47.987667
v -20.410297 307.539215 48.052879
v -23.502239 306.747223 47.580395
v -23.607813 303.621948 46.231373
v -23.598068 301.453674 45.124329
v -23.583429 301.148804 44.957432
v -23.040318 321.116669 50.480343
v -23.145456 317.745636 50.247921
v -19.245594 314.487885 49.883804
v -23.183893 316.528076 50.098999
v -23.232386 315.003357 49.863098
v -23.290066 313.206085 49.513275
v 22.681410 315.390625 49.941608
v 23.211302 315.664734 49.972218
v 23.105452 319.021210 50.366798
v 23.462057 307.952179 48.025112
v 23.423635 309.112244 48.415646
v 17.348417 307.228088 48.129551
v 23.317417 312.360077 49.321224
v 23.607813 303.621948 46.231373
v 23.567257 304.815582 46.781021
v 23.465576 307.846313 47.987659
v 18.516903 300.783142 45.228142
v 23.623833 302.560120 45.706520
v 23.583416 301.148560 44.957302
v 19.583241 294.901611 41.279552
v 22.684559 295.335327 41.197575
v 22.918304 296.310577 41.909733
v 23.301308 298.371124 43.302746
v 23.538326 300.458527 44.569031
v 21.184940 290.924683 37.501675
v 22.013716 293.088593 39.417442
v 22.608660 295.046143 40.979584
v 20.517832 289.746735 36.393383
v 20.208233 288.846619 35.451374
v 17.175041 289.694458 37.012535
v 19.106871 286.878754 33.290592
v 16.001455 282.544373 27.548765
v 16.890068 283.678345 29.219629
v -12.419963 286.662109 34.642651
v -10.231921 287.179352 35.624062
v -8.148418 287.545776 36.305428
v -6.179520 287.798492 36.770039
v -4.111203 287.981262 37.102997
v 0.000000 288.121368 37.356964
v 2.936069 288.050415 37.228474
v 5.075522 287.905945 36.966137
v 7.207215 287.676910 36.547043
v 9.342875 287.349182 35.941227
v 11.468356 286.906067 35.108410
v 16.697594 285.419312 31.956654
v 17.897865 285.052521 31.066814
v 18.029358 285.407104 31.550962
v 15.809960 289.705292 37.308956
v 10.840506 291.215088 39.599331
v 8.840312 291.648254 40.200932
v 6.825273 291.963409 40.637638
v 4.809397 292.180969 40.939297
v 2.783358 292.317108 41.127937
v 0.000000 292.383606 41.220284
v -3.896625 292.252045 41.037731
v -5.853802 292.079193 40.798195
v -7.714063 291.837860 40.463558
v -9.677568 291.483154 39.971992
v -11.734101 290.973175 39.262230
v 16.158962 294.793579 41.692959
v 14.759838 294.775879 41.890572
v 10.125349 296.123291 43.410931
v 8.273086 296.500458 43.808392
v 6.396962 296.770294 44.096432
v 4.512266 296.954102 44.295166
v 2.613315 297.068054 44.419346
v 0.000000 297.123383 44.480103
v -3.657385 297.013702 44.359970
v -5.489392 296.868347 44.202232
v -7.225729 296.663330 43.981663
v -9.049726 296.357513 43.657230
v -10.948743 295.909637 43.187881
v -14.607251 294.775116 41.913269
v 15.008019 300.569550 45.468353
v 13.574375 300.499939 45.583042
v 9.338023 301.526794 46.462559
v 7.652507 301.809052 46.691662
v 5.930449 302.005920 46.857483
v 4.189615 302.137177 46.971786
v 2.429014 302.217346 47.043167
v 0.000000 302.255890 47.078083
v -3.397851 302.179260 47.009045
v -5.093123 302.076233 46.918343
v -6.692899 301.928467 46.791435
v -8.361207 301.702972 46.604568
v -10.081045 301.363647 46.333839
v -13.418076 300.493195 45.596203
v -18.397800 300.775146 45.235474
v 13.752672 306.869446 48.238785
v 12.284221 306.729553 48.290897
v 8.495191 307.311249 48.689621
v 6.990955 307.468140 48.793228
v 5.434627 307.570496 48.868141
v 3.847399 307.634552 48.919754
v 2.233788 307.671906 48.951973
v 0.000000 307.689240 48.967728
v -3.122765 307.654388 48.936573
v -4.672421 307.605225 48.895626
v -6.125916 307.531097 48.838310
v -7.626062 307.410431 48.753853
v -9.149967 307.216064 48.631371
v -12.124205 306.714661 48.296875
v -17.226395 307.215698 48.132885
v 16.110216 314.057556 49.903248
v 12.426147 313.526550 49.930931
v 10.922731 313.303558 49.944134
v 7.614686 313.354248 50.044998
v 6.301626 313.364868 50.071167
v 4.918950 313.357880 50.090080
v 3.491935 313.344727 50.103107
v 2.031167 313.333069 50.111233
v 0.000000 313.326172 50.115208
v -2.837149 313.339081 50.107349
v -4.235171 313.351685 50.097019
v -5.535791 313.362427 50.082550
v -6.859295 313.363373 50.061226
v -8.175849 313.338989 50.030277
v -10.759004 313.279114 49.945644
v -15.985202 314.039948 49.904095
v 29.051086 295.182587 -34.066170
v 29.454546 296.031097 -34.426994
v 29.514915 295.331024 -30.944715
v 21.268003 285.212311 28.446110
v 23.378328 287.208099 29.859665
v 25.619944 289.026428 28.767704
v 23.857327 287.713440 30.187294
v 25.380987 289.086670 29.852745
v 25.383276 289.470856 31.232824
v 27.685522 291.715302 29.100302
v 27.617737 292.578186 32.748222
v 27.172369 291.916229 32.539551
v 29.499144 295.566620 32.024590
v 29.454445 296.030853 34.426907
v 28.706869 294.508759 33.769611
v 29.972246 297.236481 34.916378
v 30.877020 298.804047 31.240660
v 30.422915 298.429382 35.375099
v 30.838253 299.701172 35.837406
v 31.966303 306.159912 37.797153
v 31.703320 303.546906 37.078735
v 31.707224 303.275208 35.556114
v 31.186089 300.963806 36.270241
v 31.717520 302.210968 30.415689
v 31.444818 302.097137 -36.637409
v 31.702913 303.544220 -37.077942
v 31.710371 302.994415 -34.089722
v 31.860153 304.782898 -37.430645
v 30.848782 299.523651 -34.820621
v 30.749159 299.410553 -35.734135
v 30.309158 298.112793 -35.255768
v 30.884176 298.551147 -30.128195
v 25.358599 289.440338 -31.215494
v 25.520262 289.641693 -31.329327
v 27.671574 292.052917 -30.389223
v 27.644970 292.356934 -31.698856
v 27.458452 292.357727 -32.759571
v 25.360001 289.410919 -31.100428
v 25.232765 289.285858 -31.127371
v 25.402948 289.073975 -29.727631
v 23.724705 287.571350 -30.096220
v 24.120224 287.147278 -27.516203
v 21.253309 285.199585 -28.436277
v 23.788418 286.975983 -27.922747
v 21.430489 285.354065 -28.554617
v 23.620180 286.905914 -28.170040
v 21.702307 285.595245 -28.735559
v 23.435728 286.844666 -28.482821
v 22.105377 285.962738 -29.003759
v 23.236828 286.799988 -28.880840
v 22.965321 286.789124 -29.579884
v 22.987225 286.810974 -29.594664
v 22.968811 286.792603 29.582237
v 22.714928 286.542297 29.411337
v 23.009184 286.781219 29.434973
v 22.086195 285.944977 28.990982
v 23.238644 286.800262 28.876879
v 21.512772 285.426544 28.609440
v 23.553211 286.881653 28.278086
v 23.770048 286.967743 27.948208
v 24.065004 287.116089 27.577648
v 24.453817 287.355255 27.184942
v 24.931025 287.700104 26.791992
v 26.700174 289.282837 25.433762
v 27.408354 290.007538 24.677740
v 27.837938 290.468018 24.091049
v 28.406292 291.102020 23.102533
v 29.068590 291.880188 21.508053
v 29.546936 292.473724 19.900883
v 29.990292 293.053528 17.855207
v 30.363766 293.571289 15.434093
v 30.815638 294.248016 10.652907
v 30.856421 294.312744 10.014035
v 31.067926 294.660980 4.997876
v 30.819715 293.759155 0.000000
v 31.130863 294.769409 0.000000
v 31.118557 294.748016 -2.231915
v 30.993677 294.536041 -7.267648
v 30.696531 294.062927 -12.245525
v 30.109825 293.215912 -17.169222
v 29.605078 292.547943 -19.668915
v 29.188366 292.026062 -21.149622
v 28.572475 291.293030 -22.755011
v 28.023973 290.672363 -23.797636
v 24.651104 287.491852 -27.013855
v 25.746870 288.382019 -26.200581
v 26.687588 289.270355 -25.445360
v 27.262526 289.854797 -24.852306
v 23.230715 287.056641 -29.759398
v 25.566669 289.030701 -28.977547
v 25.785181 289.039520 -28.203619
v 25.929384 289.079102 -27.799784
v 26.062967 289.135376 -27.483667
v 26.184689 289.200653 -27.234852
v 26.424425 289.361572 -26.828966
v 26.807091 289.686035 -26.335922
v 27.593502 290.516632 -25.565582
v 28.265059 291.328491 -24.866962
v 28.673908 291.851776 -24.316298
v 29.213585 292.567780 -23.326641
v 29.601089 293.097870 -22.337435
v 30.034981 293.707367 -20.799400
v 30.327831 294.129486 -19.369425
v 30.681784 294.653809 -16.938185
v 31.092167 295.290131 -12.109736
v 31.299591 295.629913 -7.197156
v 31.386681 295.778076 -2.211691
v 31.395260 295.792908 0.000000
v 31.351379 295.717560 4.951314
v 31.203815 295.471069 9.910318
v 31.175343 295.424530 10.540544
v 30.859545 294.924957 15.241508
v 30.598038 294.528076 17.607122
v 30.287006 294.070068 19.594036
v 29.950701 293.587555 21.144064
v 29.483795 292.936035 22.668159
v 29.081921 292.390656 23.603216
v 28.777422 291.987030 24.153391
v 28.274019 291.339783 24.856230
v 27.008419 289.881653 26.122320
v 26.665010 289.557465 26.502504
v 26.384556 289.332184 26.889996
v 26.171404 289.192963 27.260416
v 26.014482 289.112976 27.592712
v 25.786499 289.039764 28.199594
v 27.700113 291.699799 -28.972490
v 27.808840 291.636688 -28.208376
v 27.953781 291.619598 -27.423426
v 28.049326 291.642212 -27.016275
v 28.137758 291.682739 -26.699429
v 28.218277 291.733582 -26.451651
v 28.376690 291.865417 -26.051847
v 28.629072 292.141113 -25.577389
v 29.145947 292.856567 -24.869509
v 29.585457 293.548035 -24.243206
v 29.852205 293.985107 -23.743698
v 30.203367 294.568481 -22.829485
v 30.454857 294.987244 -21.900295
v 30.735815 295.451782 -20.436031
v 30.925066 295.760803 -19.060507
v 31.153400 296.126801 -16.701513
v 31.417597 296.537598 -11.971713
v 31.550915 296.737549 -7.125778
v 31.606846 296.819458 -2.191245
v 31.612352 296.827454 0.000000
v 31.584177 296.786438 4.904212
v 31.489376 296.646057 9.805110
v 31.471073 296.618561 10.426505
v 31.267912 296.306946 15.044891
v 31.099417 296.041016 17.352577
v 30.898701 295.718018 19.277275
v 30.681293 295.362091 20.765764
v 30.378790 294.860718 22.212305
v 30.117792 294.425934 23.086807
v 29.919643 294.096680 23.594561
v 29.591311 293.557526 24.233540
v 28.761627 292.309387 25.377066
v 28.535431 292.031067 25.735962
v 28.350361 291.840942 26.111528
v 28.209492 291.727448 26.477030
v 28.105671 291.666077 26.808498
v 27.954653 291.619690 27.419359
v 27.844194 291.626038 27.995100
v 29.530323 295.009460 -29.593353
v 29.546844 294.635590 -28.128206
v 29.609762 294.540497 -27.351299
v 29.693563 294.481812 -26.557913
v 29.748756 294.477417 -26.149591
v 29.799810 294.493073 -25.834236
v 29.846266 294.521271 -25.589672
v 29.937588 294.608337 -25.200541
v 30.082878 294.811005 -24.752480
v 30.379641 295.364807 -24.123373
v 30.631165 295.899384 -23.582415
v 30.783457 296.229462 -23.141293
v 30.983532 296.654724 -22.311083
v 31.126534 296.945129 -21.447300
v 31.286009 297.247223 -20.062035
v 31.393267 297.432281 -18.743980
v 31.522501 297.628021 -16.460302
v 31.671793 297.801270 -11.831892
v 31.747028 297.856201 -7.053687
v 31.778574 297.869904 -2.170621
v 31.781681 297.870880 0.000000
v 31.765789 297.865143 4.856675
v 31.712305 297.834381 9.698706
v 31.701979 297.826660 10.311122
v 31.587240 297.711700 14.845034
v 31.491961 297.584930 17.092825
v 31.378332 297.407593 18.952507
v 31.255085 297.190887 20.375891
v 31.083305 296.858978 21.739035
v 30.934820 296.552734 22.547173
v 30.821918 296.312317 23.007654
v 30.634510 295.906647 23.573978
v 30.159082 294.939667 24.569641
v 30.029001 294.728363 24.900101
v 29.922417 294.591309 25.258091
v 29.841198 294.517578 25.614620
v 29.781288 294.485413 25.942503
v 29.694067 294.481659 26.553820
v 29.630213 294.519623 27.135132
v 29.538397 294.655579 28.258654
v 30.891165 298.208801 -28.732121
v 30.898661 297.810669 -27.215117
v 30.927191 297.674042 -26.426418
v 30.965164 297.561432 -25.626659
v 30.990164 297.522125 -25.218864
v 31.013275 297.505737 -24.906750
v 31.034296 297.504883 -24.667109
v 31.075596 297.534851 -24.292242
v 31.141237 297.645630 -23.876669
v 31.275064 298.001617 -23.338982
v 31.388227 298.351135 -22.893402
v 31.456635 298.558289 -22.516218
v 31.546370 298.805817 -21.776558
v 31.610415 298.954956 -20.982292
v 31.681753 299.081268 -19.680000
v 31.729679 299.134125 -18.421707
v 31.787369 299.150543 -16.215672
v 31.853937 299.077209 -11.690716
v 31.887453 298.983185 -6.981061
v 31.901501 298.927185 -2.149863
v 31.902884 298.920990 0.000000
v 31.895809 298.951294 4.808811
v 31.871986 299.032776 9.591401
v 31.867384 299.045380 10.194726
v 31.816244 299.133667 14.642733
v 31.773743 299.152161 16.829144
v 31.723007 299.128662 18.621696
v 31.667925 299.060760 19.977262
v 31.591061 298.912933 21.252563
v 31.524536 298.749054 21.989906
v 31.473894 298.608521 22.399405
v 31.389732 298.355774 22.886324
v 31.175634 297.725067 23.714586
v 31.116905 297.597290 24.011047
v 31.068737 297.527344 24.347046
v 31.032003 297.504395 24.691435
v 31.004890 297.509674 25.013563
v 30.965393 297.560974 25.622555
v 30.936459 297.639893 26.207798
v 30.894827 297.836426 27.348143
v 31.719330 301.938690 -29.269220
v 31.721100 301.573364 -27.826412
v 31.722996 301.148499 -26.255211
v 31.730215 300.963776 -25.455435
v 31.739820 300.788788 -24.650736
v 31.746138 300.709137 -24.244642
v 31.751984 300.655762 -23.936972
v 31.757296 300.621460 -23.703428
v 31.767727 300.585876 -23.345295
v 31.784296 300.591827 -22.966385
v 31.818047 300.725342 -22.528746
v 31.846546 300.870575 -22.185368
v 31.863756 300.943970 -21.875881
v 31.886309 301.000519 -21.231199
v 31.902395 300.999634 -20.509218
v 31.920300 300.941162 -19.292578
v 31.932320 300.856293 -18.095583
v 31.946781 300.687347 -15.968747
v 31.963457 300.361298 -11.548637
v 31.971846 300.115723 -6.908076
v 31.975363 299.988983 -2.129015
v 31.975708 299.975586 0.000000
v 31.973936 300.042389 4.760729
v 31.967976 300.237885 9.483495
v 31.966824 300.271179 10.077655
v 31.954016 300.567078 14.438798
v 31.943365 300.735046 16.562834
v 31.930647 300.870758 18.286831
v 31.916830 300.958160 19.572762
v 31.897537 301.004364 20.757225
v 31.880825 300.992096 21.420782
v 31.868097 300.958954 21.776791
v 31.846922 300.872375 22.179735
v 31.792976 300.615509 22.827295
v 31.778156 300.582550 23.085951
v 31.765993 300.589264 23.396933
v 31.756714 300.624603 23.727003
v 31.749863 300.673096 24.041880
v 31.739876 300.787964 24.646631
v 31.732559 300.914246 25.234661
v 31.722029 301.180969 26.390774
v 32.000000 301.032379 0.000000
v -29.051086 295.182587 34.066170
v -29.454546 296.031097 34.426994
v -29.514915 295.331024 30.944715
v -31.444818 302.097137 36.637409
v -31.702913 303.544220 37.077942
v -31.710371 302.994415 34.089722
v -31.860153 304.782898 37.430645
v -30.848782 299.523651 34.820621
v -30.749159 299.410553 35.734135
v -30.309158 298.112793 35.255768
v -30.884176 298.551147 30.128195
v -25.358599 289.440338 31.215494
v -25.520262 289.641693 31.329327
v -27.671574 292.052917 30.389223
v -27.644970 292.356934 31.698856
v -27.458452 292.357727 32.759571
v -25.360001 289.410919 31.100428
v -25.232765 289.285858 31.127371
v -25.402948 289.073975 29.727631
v -23.724705 287.571350 30.096220
v -24.120224 287.147278 27.516203
v -21.253309 285.199585 28.436277
v -23.788418 286.975983 27.922747
v -21.430489 285.354065 28.554617
v -23.620180 286.905914 28.170040
v -21.702307 285.595245 28.735559
v -23.435728 286.844666 28.482821
v -22.105377 285.962738 29.003759
v -23.236828 286.799988 28.880840
v -22.965321 286.789124 29.579884
v -22.987225 286.810974 29.594664
v -21.268003 285.212311 -28.446110
v -23.378328 287.208099 -29.859665
v -25.619944 289.026428 -28.767704
v -23.857327 287.713440 -30.187294
v -25.380987 289.086670 -29.852745
v -25.383276 289.470856 -31.232824
v -27.685522 291.715302 -29.100302
v -27.617737 292.578186 -32.748222
v -27.172369 291.916229 -32.539551
v -29.499144 295.566620 -32.024590
v -29.454445 296.030853 -34.426907
v -28.706869 294.508759 -33.769611
v -29.972246 297.236481 -34.916378
v -30.877020 298.804047 -31.240660
v -30.422915 298.429382 -35.375099
v -30.838253 299.701172 -35.837406
v -31.966303 306.159912 -37.797153
v -31.703320 303.546906 -37.078735
v -31.707224 303.275208 -35.556114
v -31.186089 300.963806 -36.270241
v -31.717520 302.210968 -30.415689
v -22.968811 286.792603 -29.582237
v -22.714928 286.542297 -29.411337
v -23.009184 286.781219 -29.434973
v -22.086195 285.944977 -28.990982
v -23.238644 286.800262 -28.876879
v -21.512772 285.426544 -28.609440
v -23.553211 286.881653 -28.278086
v -23.770048 286.967743 -27.948208
v -24.065004 287.116089 -27.577648
v -24.453817 287.355255 -27.184942
v -24.931025 287.700104 -26.791992
v -26.700174 289.282837 -25.433762
v -27.408354 290.007538 -24.677740
v -27.837938 290.468018 -24.091049
v -28.406292 291.102020 -23.102533
v -29.068590 291.880188 -21.508053
v -29.546936 292.473724 -19.900883
v -29.990292 293.053528 -17.855207
v -30.363766 293.571289 -15.434093
v -30.815638 294.248016 -10.652907
v -30.856421 294.312744 -10.014035
v -31.067926 294.660980 -4.997876
v -31.130863 294.769409 0.000000
v -31.118557 294.748016 2.231915
v -30.993677 294.536041 7.267648
v -30.696531 294.062927 12.245525
v -30.109825 293.215912 17.169222
v -29.605078 292.547943 19.668915
v -29.188366 292.026062 21.149622
v -28.572475 291.293030 22.755011
v -28.023973 290.672363 23.797636
v -24.651104 287.491852 27.013855
v -25.746870 288.382019 26.200581
v -26.687588 289.270355 25.445360
v -27.262526 289.854797 24.852306
v -23.230715 287.056641 29.759398
v -25.566669 289.030701 28.977547
v -25.785181 289.039520 28.203619
v -25.929384 289.079102 27.799784
v -26.062967 289.135376 27.483667
v -26.184689 289.200653 27.234852
v -26.424425 289.361572 26.828966
v -26.807091 289.686035 26.335922
v -27.593502 290.516632 25.565582
v -28.265059 291.328491 24.866962
v -28.673908 291.851776 24.316298
v -29.213585 292.567780 23.326641
v -29.601089 293.097870 22.337435
v -30.034981 293.707367 20.799400
v -30.327831 294.129486 19.369425
v -30.681784 294.653809 16.938185
v -31.092167 295.290131 12.109736
v -31.299591 295.629913 7.197156
v -31.386681 295.778076 2.211691
v -31.395260 295.792908 0.000000
v -31.351379 295.717560 -4.951314
v -31.203815 295.471069 -9.910318
v -31.175343 295.424530 -10.540544
v -30.859545 294.924957 -15.241508
v -30.598038 294.528076 -17.607122
v -30.287006 294.070068 -19.594036
v -29.950701 293.587555 -21.144064
v -29.483795 292.936035 -22.668159
v -29.081921 292.390656 -23.603216
v -28.777422 291.987030 -24.153391
v -28.274019 291.339783 -24.856230
v -27.008419 289.881653 -26.122320
v -26.665010 289.557465 -26.502504
v -26.384556 289.332184 -26.889996
v -26.171404 289.192963 -27.260416
v -26.014482 289.112976 -27.592712
v -25.786499 289.039764 -28.199594
v -27.700113 291.699799 28.972490
v -27.808840 291.636688 28.208376
v -27.953781 291.619598 27.423426
v -28.049326 291.642212 27.016275
v -28.137758 291.682739 26.699429
v -28.218277 291.733582 26.451651
v -28.376690 291.865417 26.051847
v -28.629072 292.141113 25.577389
v -29.145947 292.856567 24.869509
v -29.585457 293.548035 24.243206
v -29.852205 293.985107 23.743698
v -30.203367 294.568481 22.829485
v -30.454857 294.987244 21.900295
v -30.735815 295.451782 20.436031
v -30.925066 295.760803 19.060507
v -31.153400 296.126801 16.701513
v -31.417597 296.537598 11.971713
v -31.550915 296.737549 7.125778
v -31.606846 296.819458 2.191245
v -31.612352 296.827454 0.000000
v -31.584177 296.786438 -4.904212
v -31.489376 296.646057 -9.805110
v -31.471073 296.618561 -10.426505
v -31.267912 296.306946 -15.044891
v -31.099417 296.041016 -17.352577
v -30.898701 295.718018 -19.277275
v -30.681293 295.362091 -20.765764
v -30.378790 294.860718 -22.212305
v -30.117792 294.425934 -23.086807
v -29.919643 294.096680 -23.594561
v -29.591311 293.557526 -24.233540
v -28.761627 292.309387 -25.377066
v -28.535431 292.031067 -25.735962
v -28.350361 291.840942 -26.111528
v -28.209492 291.727448 -26.477030
v -28.105671 291.666077 -26.808498
v -27.954653 291.619690 -27.419359
v -27.844194 291.626038 -27.995100
v -29.530323 295.009460 29.593353
v -29.546844 294.635590 28.128206
v -29.609762 294.540497 27.351299
v -29.693563 294.481812 26.557913
v -29.748756 294.477417 26.149591
v -29.799810 294.493073 25.834236
v -29.846266 294.521271 25.589672
v -29.937588 294.608337 25.200541
v -30.082878 294.811005 24.752480
v -30.379641 295.364807 24.123373
v -30.631165 295.899384 23.582415
v -30.783457 296.229462 23.141293
v -30.983532 296.654724 22.311083
v -31.126534 296.945129 21.447300
v -31.286009 297.247223 20.062035
v -31.393267 297.432281 18.743980
v -31.522501 297.628021 16.460302
v -31.671793 297.801270 11.831892
v -31.747028 297.856201 7.053687
v -31.778574 297.869904 2.170621
v -31.781681 297.870880 0.000000
v -31.765789 297.865143 -4.856675
v -31.712305 297.834381 -9.698706
v -31.701979 297.826660 -10.311122
v -31.587240 297.711700 -14.845034
v -31.491961 297.584930 -17.092825
v -31.378332 297.407593 -18.952507
v -31.255085 297.190887 -20.375891
v -31.083305 296.858978 -21.739035
v -30.934820 296.552734 -22.547173
v -30.821918 296.312317 -23.007654
v -30.634510 295.906647 -23.573978
v -30.159082 294.939667 -24.569641
v -30.029001 294.728363 -24.900101
v -29.922417 294.591309 -25.258091
v -29.841198 294.517578 -25.614620
v -29.781288 294.485413 -25.942503
v -29.694067 294.481659 -26.553820
v -29.630213 294.519623 -27.135132
v -29.538397 294.655579 -28.258654
v -30.891165 298.208801 28.732121
v -30.898661 297.810669 27.215117
v -30.927191 297.674042 26.426418
v -30.965164 297.561432 25.626659
v -30.990164 297.522125 25.218864
v -31.013275 297.505737 24.906750
v -31.034296 297.504883 24.667109
v -31.075596 297.534851 24.292242
v -31.141237 297.645630 23.876669
v -31.275064 298.001617 23.338982
v -31.388227 298.351135 22.893402
v -31.456635 298.558289 22.516218
v -31.546370 298.805817 21.776558
v -31.610415 298.954956 20.982292
v -31.681753 299.081268 19.680000
v -31.729679 299.134125 18.421707
v -31.787369 299.150543 16.215672
v -31.853937 299.077209 11.690716
v -31.887453 298.983185 6.981061
v -31.901501 298.927185 2.149863
v -31.902884 298.920990 0.000000
v -31.895809 298.951294 -4.808811
v -31.871986 299.032776 -9.591401
v -31.867386 299.045380 -10.194726
v -31.816244 299.133667 -14.642733
v -31.773743 299.152161 -16.829144
v -31.723007 299.128662 -18.621696
v -31.667925 299.060760 -19.977262
v -31.591061 298.912933 -21.252563
v -31.524536 298.749054 -21.989906
v -31.473894 298.608521 -22.399405
v -31.389732 298.355774 -22.886324
v -31.175634 297.725067 -23.714586
v -31.116905 297.597290 -24.011047
v -31.068737 297.527344 -24.347046
v -31.032003 297.504395 -24.691435
v -31.004890 297.509674 -25.013563
v -30.965393 297.560974 -25.622555
v -30.936459 297.639893 -26.207798
v -30.894827 297.836426 -27.348143
v -31.719330 301.938690 29.269220
v -31.721100 301.573364 27.826412
v -31.722996 301.148499 26.255211
v -31.730215 300.963776 25.455435
v -31.739820 300.788788 24.650736
v -31.746138 300.709137 24.244642
v -31.751984 300.655762 23.936972
v -31.757296 300.621460 23.703428
v -31.767727 300.585876 23.345295
v -31.784296 300.591827 22.966385
v -31.818047 300.725342 22.528746
v -31.846546 300.870575 22.185368
v -31.863756 300.943970 21.875881
v -31.886309 301.000519 21.231199
v -31.902395 300.999634 20.509218
v -31.920300 300.941162 19.292578
v -31.932320 300.856293 18.095583
v -31.946781 300.687347 15.968747
v -31.963457 300.361298 11.548637
v -31.971846 300.115723 6.908076
v -31.975363 299.988983 2.129015
v -31.975708 299.975586 0.000000
v -31.973936 300.042389 -4.760729
v -31.967976 300.237885 -9.483495
v -31.966824 300.271179 -10.077655
v -31.954016 300.567078 -14.438798
v -31.943365 300.735046 -16.562834
v -31.930647 300.870758 -18.286831
v -31.916830 300.958160 -19.572762
v -31.897537 301.004364 -20.757225
v -31.880825 300.992096 -21.420782
v -31.868097 300.958954 -21.776791
v -31.846922 300.872375 -22.179735
v -31.792976 300.615509 -22.827295
v -31.778156 300.582550 -23.085953
v -31.765993 300.589264 -23.396933
v -31.756714 300.624603 -23.727003
v -31.749863 300.673096 -24.041880
v -31.739876 300.787964 -24.646631
v -31.732559 300.914246 -25.234661
v -31.722029 301.180969 -26.390774
v -32.000000 301.032379 0.000000
v -13.931301 279.314667 -21.985228
v -15.417715 280.802917 -24.301834
v -16.897085 282.309448 -26.580978
v -16.753998 282.515411 -27.121826
v -18.696127 283.617828 -27.954409
v -17.484936 282.558929 -26.660011
v -20.862282 285.049011 -28.726387
v -20.524807 284.976044 -29.053471
v -20.175867 284.923920 -29.372402
v -19.816433 284.892761 -29.682287
v -17.811975 283.590088 -28.616743
v -19.447508 284.882660 -29.982269
v -19.070126 284.893646 -30.271502
v -18.685339 284.925690 -30.549181
v -18.294220 284.978699 -30.814533
v -25.092167 303.719147 -46.027340
v -27.846502 304.222260 -44.971237
v -26.518297 303.921143 -45.603359
v -26.460953 302.757416 -45.045509
v -29.039820 304.614166 -44.148563
v -27.759609 303.012268 -44.417809
v -30.065037 305.085968 -43.158241
v -28.931654 303.363220 -43.612431
v -30.893621 305.624481 -42.027824
v -29.946041 303.800934 -42.650703
v -31.502512 306.214752 -40.788780
v -30.775902 304.313812 -41.558109
v -31.874758 306.840332 -39.475590
v -31.399254 304.888275 -40.363579
v -25.070080 302.605347 -45.478909
v -24.895926 300.419739 -44.297085
v -30.865749 300.347260 -37.365250
v -31.456184 302.901123 -38.278915
v -31.799589 305.509125 -39.098763
v -30.041723 297.863098 -36.362644
v -29.567497 296.700562 -35.851883
v -28.263767 294.056274 -34.582226
v -26.717299 291.557556 -33.229321
v -24.944128 289.208740 -31.799406
v -22.982931 287.036530 -30.304770
v -24.556618 298.272705 -42.992420
v -24.061640 296.174713 -41.569798
v -23.771717 295.188599 -40.847221
v -22.964781 292.931915 -39.053631
v -21.997032 290.775848 -37.141273
v -20.879978 288.718506 -35.112385
v -19.639509 286.778717 -32.990280
v -26.204338 300.488556 -43.847805
v -25.769321 298.278442 -42.532948
v -25.169006 296.136047 -41.107765
v -24.826029 295.134583 -40.387123
v -23.890041 292.855194 -38.607044
v -22.789732 290.692078 -36.721573
v -21.538004 288.639679 -34.733757
v -20.163200 286.712677 -32.665806
v -27.432579 300.663330 -43.231846
v -26.914238 298.388306 -41.933868
v -26.220697 296.195221 -40.531860
v -25.830236 295.174164 -39.824821
v -24.777370 292.859436 -38.083542
v -23.555096 290.674286 -36.246773
v -22.177578 288.610748 -34.318211
v -20.675467 286.680969 -32.318710
v -28.551554 300.939941 -42.463791
v -27.967600 298.599945 -41.207626
v -27.198002 296.351196 -39.852322
v -26.767899 295.306641 -39.169518
v -25.615141 292.944580 -37.489975
v -24.285458 290.722595 -35.721634
v -22.794100 288.631866 -33.868740
v -21.173876 286.683685 -31.950638
v -29.534761 301.311859 -41.561829
v -28.907532 298.909027 -40.369289
v -28.083532 296.601227 -39.081245
v -27.623659 295.529877 -38.431942
v -26.392374 293.109467 -36.834129
v -24.973499 290.836548 -35.151409
v -23.383135 288.702942 -33.388573
v -21.656069 286.720886 -31.563330
v -30.358910 301.770203 -40.547325
v -29.714521 299.309082 -39.436275
v -28.861532 296.940826 -38.232353
v -28.383512 295.840240 -37.624172
v -27.098888 293.352020 -36.124596
v -25.612326 291.014984 -34.541828
v -23.940447 288.823395 -32.881172
v -22.119757 286.792328 -31.158625
v -31.004480 302.304199 -39.444317
v -30.371809 299.791840 -38.427952
v -29.518156 297.363953 -37.320747
v -29.035013 296.232605 -36.759438
v -27.725422 293.669006 -35.370667
v -26.195541 291.256134 -33.898983
v -24.462029 288.992401 -32.350170
v -22.562744 286.897705 -30.738441
v -24.839939 312.402496 -49.141685
v -25.057016 304.904297 -46.579346
v -26.489180 305.091827 -46.153118
v -27.823648 305.372894 -45.514275
v -29.023062 305.739594 -44.680698
v -30.053833 306.181732 -43.675735
v -30.887104 306.686890 -42.527519
v -31.499546 307.240936 -41.268200
v -31.874004 307.828339 -39.933037
v -24.965721 308.020142 -47.831257
v -26.413488 308.170715 -47.401730
v -27.764196 308.399628 -46.748745
v -28.979435 308.700378 -45.890877
v -30.024651 309.064423 -44.852505
v -30.870127 309.481354 -43.663166
v -31.491816 309.939392 -42.356678
v -31.872046 310.425476 -40.970184
v -24.932339 309.173065 -48.225212
v -26.385786 309.310364 -47.795353
v -27.742420 309.520233 -47.138348
v -28.963446 309.796661 -46.272995
v -30.013952 310.131744 -45.224037
v -30.863897 310.515839 -44.021465
v -31.488981 310.938080 -42.699669
v -31.871326 311.386292 -41.296440
v -26.309034 312.503784 -48.713177
v -27.682037 312.660919 -48.048145
v -28.919085 312.869446 -47.165905
v -29.984249 313.123199 -46.092068
v -30.846603 313.414917 -44.857815
v -31.481102 313.736023 -43.498997
v -31.869326 314.077271 -42.055061
v -24.747469 315.690796 -49.805447
v -26.232109 315.757080 -49.381485
v -27.621450 315.861603 -48.712830
v -28.874527 316.001312 -47.819202
v -29.954393 316.172089 -46.726944
v -30.829210 316.368866 -45.468266
v -31.473179 316.585876 -44.080280
v -31.867317 316.816681 -42.603905
v -24.655062 319.033112 -50.214394
v -26.155127 319.065582 -49.797977
v -27.560747 319.117706 -49.130016
v -28.829845 319.187866 -48.230507
v -29.924433 319.274017 -47.126373
v -30.811747 319.373535 -45.850666
v -31.465221 319.483459 -44.441574
v -31.865299 319.600494 -42.941273
v -24.562834 322.425140 -50.363270
v -26.078182 322.425140 -49.957233
v -27.500000 322.425140 -49.294231
v -28.785089 322.425140 -48.394402
v -29.894400 322.425140 -47.285088
v -30.794230 322.425140 -46.000000
v -31.457233 322.425140 -44.578178
v -31.863268 322.425140 -43.062832
v -24.562834 387.299988 -50.363270
v -26.078182 387.299988 -49.957233
v -27.500000 387.299988 -49.294231
v -28.785089 387.299988 -48.394402
v -29.894400 387.299988 -47.285088
v -30.794230 387.299988 -46.000000
v -31.457233 387.299988 -44.578178
v -31.863268 387.299988 -43.062832
v -24.296780 391.702789 -50.363270
v -25.801100 391.885254 -49.957233
v -27.212574 392.056488 -49.294231
v -28.488310 392.211243 -48.394402
v -29.589550 392.344818 -47.285088
v -30.482830 392.453156 -46.000000
v -31.141010 392.532990 -44.578178
v -31.544092 392.581909 -43.062832
v -30.591209 397.786926 -43.062832
v -29.018484 402.839325 -43.062832
v -26.848808 407.665558 -43.062832
v -24.113756 412.195435 -43.062832
v -20.853130 416.363007 -43.062832
v -17.114386 420.107605 -43.062832
v -12.951932 423.374756 -43.062832
v -8.426347 426.116882 -43.062832
v -3.603493 428.294128 -43.062832
v 1.446443 429.874756 -43.062832
v 6.649968 430.835785 -43.062832
v 11.931354 431.163208 -43.062832
v 17.213737 430.852295 -43.062832
v 22.420244 429.907562 -43.062832
v 27.475101 428.342773 -43.062832
v 32.304749 426.180634 -43.062832
v 36.838894 423.452667 -43.062832
v 41.011555 420.198547 -43.062832
v 44.762001 416.465698 -43.062832
v 48.035656 412.308380 -43.062832
v 50.784870 407.787079 -43.062832
v 52.969646 402.967621 -43.062832
v 54.558178 397.920166 -43.062832
v 55.527348 392.718170 -43.062832
v 55.863056 387.437286 -43.062832
v 55.560413 382.154449 -43.062832
v 54.623825 376.946442 -43.062832
v 53.066925 371.889160 -43.062832
v 50.912361 367.056122 -43.062832
v 48.191502 362.517731 -43.062832
v 44.943935 358.339966 -43.062832
v 41.216930 354.583679 -43.062832
v 37.064728 351.303528 -43.062832
v -30.196947 397.689850 -44.578178
v -28.638783 402.695465 -44.578178
v -26.489191 407.477051 -44.578178
v -23.779455 411.964996 -44.578178
v -20.549015 416.093964 -44.578178
v -16.844877 419.803925 -44.578178
v -12.720956 423.040802 -44.578178
v -8.237263 425.757568 -44.578178
v -3.459053 427.914642 -44.578178
v 1.544136 429.480652 -44.578178
v 6.699492 430.432770 -44.578178
v 11.931989 430.757172 -44.578178
v 17.165474 430.449158 -44.578178
v 22.323786 429.513153 -44.578178
v 27.331852 427.962830 -44.578178
v 32.116791 425.820709 -44.578178
v 36.608963 423.118011 -44.578178
v 40.742996 419.894043 -44.578178
v 44.458729 416.195709 -44.578178
v 47.702076 412.076874 -44.578178
v 50.425846 407.597412 -44.578178
v 52.590397 402.822601 -44.578178
v 54.164219 397.821869 -44.578178
v 55.124420 392.667999 -44.578178
v 55.457024 387.436005 -44.578178
v 55.157181 382.202057 -44.578178
v 54.229263 377.042297 -44.578178
v 52.686771 372.031799 -44.578178
v 50.552155 367.243500 -44.578178
v 47.856483 362.747131 -44.578178
v 44.638981 358.608063 -44.578178
v 40.946476 354.886536 -44.578178
v 36.832706 351.636749 -44.578178
v -29.553171 397.531342 -46.000000
v -28.018776 402.460602 -46.000000
v -25.901981 407.169220 -46.000000
v -23.233587 411.588684 -46.000000
v -20.052429 415.654663 -46.000000
v -16.404806 419.308014 -46.000000
v -12.343801 422.495544 -46.000000
v -7.928514 425.170837 -46.000000
v -3.223202 427.295013 -46.000000
v 1.703656 428.837128 -46.000000
v 6.780360 429.774689 -46.000000
v 11.933026 430.094177 -46.000000
v 17.086666 429.790863 -46.000000
v 22.166281 428.869141 -46.000000
v 27.097942 427.342438 -46.000000
v 31.809877 425.233032 -46.000000
v 36.233517 422.571533 -46.000000
v 40.304482 419.396759 -46.000000
v 43.963520 415.754883 -46.000000
v 47.157387 411.698853 -46.000000
v 49.839600 407.287750 -46.000000
v 51.971127 402.585785 -46.000000
v 53.520943 397.661346 -46.000000
v 54.466492 392.586121 -46.000000
v 54.794018 387.433960 -46.000000
v 54.498753 382.279846 -46.000000
v 53.584991 377.198792 -46.000000
v 52.066036 372.264740 -46.000000
v 49.963985 367.549500 -46.000000
v 47.309441 363.121735 -46.000000
v 44.141026 359.045776 -46.000000
v 40.504852 355.381073 -46.000000
v 36.453842 352.180847 -46.000000
v -28.679438 397.316193 -47.285088
v -27.177307 402.141815 -47.285088
v -25.105021 406.751434 -47.285088
v -22.492735 411.077972 -47.285088
v -19.378466 415.058472 -47.285088
v -15.807541 418.634979 -47.285088
v -11.831926 421.755463 -47.285088
v -7.509480 424.374512 -47.285088
v -2.903106 426.454041 -47.285088
v 1.920156 427.963715 -47.285088
v 6.890112 428.881622 -47.285088
v 11.934434 429.194366 -47.285088
v 16.979712 428.897369 -47.285088
v 21.952515 427.995056 -47.285088
v 26.780479 426.500488 -47.285088
v 31.393337 424.435394 -47.285088
v 35.723961 421.829926 -47.285088
v 39.709328 418.721893 -47.285088
v 43.291428 415.156555 -47.285088
v 46.418137 411.185822 -47.285088
v 49.043953 406.867462 -47.285088
v 51.130661 402.264343 -47.285088
v 52.647888 397.443481 -47.285088
v 53.573555 392.474945 -47.285088
v 53.894196 387.431122 -47.285088
v 53.605137 382.385406 -47.285088
v 52.710590 377.411194 -47.285088
v 51.223572 372.580902 -47.285088
v 49.165722 367.964813 -47.285088
v 46.566994 363.630096 -47.285088
v 43.465202 359.639893 -47.285088
v 39.905483 356.052216 -47.285088
v 35.939655 352.919281 -47.285088
v -27.602297 397.050964 -48.394402
v -26.139940 401.748810 -48.394402
v -24.122524 406.236389 -48.394402
v -21.579409 410.448364 -48.394402
v -18.547604 414.323456 -48.394402
v -15.071233 417.805298 -48.394402
v -11.200887 420.843170 -48.394402
v -6.992893 423.392822 -48.394402
v -2.508490 425.417267 -48.394402
v 2.187058 426.886963 -48.394402
v 7.025416 427.780579 -48.394402
v 11.936170 428.085022 -48.394402
v 16.847855 427.795959 -48.394402
v 21.688984 426.917480 -48.394402
v 26.389111 425.462524 -48.394402
v 30.879827 423.452118 -48.394402
v 35.095779 420.915619 -48.394402
v 38.975620 417.889862 -48.394402
v 42.462872 414.418945 -48.394402
v 45.506790 410.553345 -48.394402
v 48.063076 406.349365 -48.394402
v 50.094528 401.868134 -48.394402
v 51.571583 397.174896 -48.394402
v 52.472740 392.337921 -48.394402
v 52.784889 387.427673 -48.394402
v 52.503487 382.515533 -48.394402
v 51.632626 377.673035 -48.394402
v 50.184978 372.970642 -48.394402
v 48.181618 368.476776 -48.394402
v 45.651699 364.256866 -48.394402
v 42.632038 360.372284 -48.394402
v 39.166584 356.879608 -48.394402
v 35.305763 353.829651 -48.394402
v -26.354477 396.743744 -49.294231
v -24.938198 401.293549 -49.294231
v -22.984348 405.639709 -49.294231
v -20.521362 409.718994 -49.294231
v -17.585087 413.471985 -49.294231
v -14.218251 416.844116 -49.294231
v -10.469854 419.786255 -49.294231
v -6.394450 422.255615 -49.294231
v -2.051346 424.216248 -49.294231
v 2.496252 425.639648 -49.294231
v 7.182159 426.505096 -49.294231
v 11.938182 426.799957 -49.294231
v 16.695105 426.519958 -49.294231
v 21.383698 425.669220 -49.294231
v 25.935726 424.260040 -49.294231
v 30.284946 422.313019 -49.294231
v 34.368061 419.856415 -49.294231
v 38.125648 416.925995 -49.294231
v 41.503025 413.564453 -49.294231
v 44.451031 409.820648 -49.294231
v 46.926773 405.749115 -49.294231
v 48.894215 401.409119 -49.294231
v 50.324730 396.863739 -49.294231
v 51.197491 392.179199 -49.294231
v 51.499805 387.423645 -49.294231
v 51.227268 382.666290 -49.294231
v 50.383846 377.976349 -49.294231
v 48.981819 373.422119 -49.294231
v 47.041580 369.069885 -49.294231
v 44.591373 364.982910 -49.294231
v 41.666862 361.220734 -49.294231
v 38.310600 357.838135 -49.294231
v 34.571426 354.884247 -49.294231
v -24.973892 396.403809 -49.957233
v -23.608591 400.789856 -49.957233
v -21.725071 404.979584 -49.957233
v -19.350742 408.912018 -49.957233
v -16.520159 412.529907 -49.957233
v -13.274515 415.780640 -49.957233
v -9.661043 418.616882 -49.957233
v -5.732334 420.997345 -49.957233
v -1.545561 422.887451 -49.957233
v 2.838343 424.259613 -49.957233
v 7.355579 425.093903 -49.957233
v 11.940407 425.378143 -49.957233
v 16.526102 425.108215 -49.957233
v 21.045927 424.288086 -49.957233
v 25.434105 422.929657 -49.957233
v 29.626774 421.052704 -49.957233
v 33.562912 418.684509 -49.957233
v 37.185246 415.859619 -49.957233
v 40.441048 412.619049 -49.957233
v 43.282944 409.010010 -49.957233
v 45.669571 405.085052 -49.957233
v 47.566193 400.901245 -49.957233
v 48.945213 396.519470 -49.957233
v 49.786564 392.003571 -49.957233
v 50.077995 387.419189 -49.957233
v 49.815266 382.833069 -49.957233
v 49.002205 378.311981 -49.957233
v 47.650642 373.921692 -49.957233
v 45.780247 369.726074 -49.957233
v 43.418236 365.786224 -49.957233
v 40.598991 362.159485 -49.957233
v 37.363537 358.898621 -49.957233
v 33.758961 356.051086 -49.957233
v -23.502489 396.041504 -50.363270
v -22.191525 400.253021 -50.363270
v -20.382959 404.276001 -50.363270
v -18.103119 408.051941 -50.363270
v -15.385180 411.525848 -50.363270
v -12.268698 414.647247 -50.363270
v -8.799027 417.370605 -50.363270
v -5.026664 419.656342 -50.363270
v -1.006506 421.471222 -50.363270
v 3.202937 422.788757 -50.363270
v 7.540407 423.589844 -50.363270
v 11.942778 423.862793 -50.363270
v 16.345982 423.603638 -50.363270
v 20.685938 422.816132 -50.363270
v 24.899485 421.511749 -50.363270
v 28.925303 419.709473 -50.363270
v 32.704803 417.435547 -50.363270
v 36.182980 414.723053 -50.363270
v 39.309219 411.611481 -50.363270
v 42.038017 408.146057 -50.363270
v 44.329666 404.377289 -50.363270
v 46.150810 400.359985 -50.363270
v 47.474953 396.152588 -50.363270
v 48.282822 391.816376 -50.363270
v 48.562653 387.414429 -50.363270
v 48.310383 383.010834 -50.363270
v 47.529678 378.669647 -50.363270
v 46.231899 374.454071 -50.363270
v 44.435936 370.425446 -50.363270
v 42.167923 366.642395 -50.363270
v 39.460876 363.159973 -50.363270
v 36.354176 360.028870 -50.363270
v 32.893047 357.294647 -50.363270
v 24.562834 341.343506 -50.363270
v 24.812418 344.448334 -50.363270
v 26.078182 341.343506 -49.957233
v 26.308308 344.206299 -49.957233
v 27.500000 341.343506 -49.294231
v 27.711868 343.979187 -49.294231
v 28.785089 341.343506 -48.394402
v 28.980455 343.773895 -48.394402
v 29.894400 341.343506 -47.285088
v 30.075523 343.596710 -47.285088
v 30.794230 341.343506 -46.000000
v 30.963797 343.452972 -46.000000
v 31.457233 341.343506 -44.578178
v 31.618290 343.347046 -44.578178
v 31.863268 341.343506 -43.062832
v 32.019112 343.282196 -43.062832
v 25.554760 347.473480 -50.363270
v 26.992773 346.995575 -49.957233
v 28.342035 346.547150 -49.294231
v 29.561543 346.141876 -48.394402
v 30.614243 345.792023 -47.285088
v 31.468149 345.508240 -46.000000
v 32.097321 345.299164 -44.578178
v 32.482635 345.171082 -43.062832
v 26.770792 350.341156 -50.363270
v 28.114006 349.639679 -49.957233
v 29.374313 348.981506 -49.294231
v 30.513422 348.386627 -48.394402
v 31.496723 347.873108 -47.285088
v 32.294334 347.456573 -46.000000
v 32.882027 347.149658 -44.578178
v 33.241940 346.961700 -43.062832
v 28.429293 352.977783 -50.363270
v 29.643206 352.070740 -49.957233
v 30.782194 351.219727 -49.294231
v 31.811655 350.450531 -48.394402
v 32.700302 349.786530 -47.285088
v 33.421131 349.247925 -46.000000
v 33.952251 348.851074 -44.578178
v 34.277519 348.608063 -43.062832
v 30.487663 355.315613 -50.363270
v 31.541105 354.226349 -49.957233
v 32.529526 353.204285 -49.294231
v 33.422894 352.280518 -48.394402
v 34.194065 351.483093 -47.285088
v 34.819607 350.836273 -46.000000
v 35.280514 350.359680 -44.578178
v 35.562782 350.067810 -43.062832
v 31.889196 322.425140 -42.907909
v 31.863268 322.425140 -43.062832
v 31.559507 322.425140 -44.281151
v 31.457233 322.425140 -44.578178
v 31.019058 322.425140 -45.585915
v 30.794230 322.425140 -46.000000
v 30.281153 322.425140 -46.790066
v 29.894400 322.425140 -47.285088
v 29.363962 322.425140 -47.863960
v 28.785089 322.425140 -48.394402
v 28.290068 322.425140 -48.781155
v 27.500000 322.425140 -49.294231
v 27.085915 322.425140 -49.519058
v 26.078182 322.425140 -49.957233
v 25.781153 322.425140 -50.059509
v 24.407909 322.425140 -50.389198
v 24.562834 322.425140 -50.363270
v 31.561996 321.302826 -44.256699
v 31.024542 321.263916 -45.557766
v 30.290621 321.227997 -46.759109
v 29.378201 321.195892 -47.831306
v 28.309620 321.168488 -48.748116
v 27.111040 321.146362 -49.487083
v 25.811810 321.130127 -50.030121
v 24.443737 321.120148 -50.363934
v 24.537062 317.759644 -50.117622
v 24.571140 316.546448 -49.963921
v 24.665171 313.237823 -49.365948
v 24.759058 309.990997 -48.515526
v 31.889826 321.343781 -42.887760
v 31.891459 318.558777 -42.686234
v 31.892054 317.553223 -42.560001
v 31.893686 314.810455 -42.068096
v 31.895309 312.118286 -41.367695
v 31.896919 309.481201 -40.459484
v 31.568453 318.413391 -44.038372
v 31.038776 318.275055 -45.324467
v 31.570803 317.370453 -43.904037
v 31.043957 317.196594 -45.182796
v 31.577259 314.526764 -43.384544
v 31.058195 314.256653 -44.638035
v 31.583673 311.736938 -42.649052
v 31.072342 311.373535 -43.870083
v 31.590029 309.005524 -41.698448
v 31.086370 308.551880 -42.879982
v 30.315201 318.147217 -46.513512
v 29.415180 318.032867 -47.576824
v 30.324148 317.035736 -46.365612
v 29.428648 316.891815 -47.424103
v 30.348757 314.006470 -45.798958
v 29.465702 313.782166 -46.839886
v 30.373213 311.036560 -45.002377
v 29.502546 310.733826 -46.019588
v 30.397472 308.130676 -43.977024
v 29.539120 307.751587 -44.964443
v 28.360426 317.934784 -48.488750
v 27.176376 317.855377 -49.227303
v 28.378937 316.768219 -48.332882
v 27.200195 316.667969 -49.070141
v 28.429895 313.589020 -47.736225
v 27.265806 313.431580 -48.466801
v 28.480602 310.472382 -46.898056
v 27.331154 310.258301 -47.617344
v 28.530972 307.423248 -45.819622
v 27.396128 307.153198 -46.522964
v 25.891592 317.796509 -49.774662
v 25.920700 316.593445 -49.618206
v 26.000937 313.313599 -49.014355
v 26.080946 310.096588 -48.160713
v 26.160578 306.947662 -47.058361
v 24.852629 306.811279 -47.413551
v 31.898506 306.904175 -39.341591
v 31.874758 306.840332 -39.475590
v 31.596317 306.337585 -40.530926
v 31.502512 306.214752 -40.788780
v 31.100250 305.796844 -41.665997
v 30.893621 305.624481 -42.027824
v 30.421490 305.294159 -42.721199
v 30.065037 305.085968 -43.158241
v 29.575344 304.840851 -43.672737
v 29.039820 304.614166 -44.148563
v 28.580900 304.447174 -44.499149
v 27.846502 304.222260 -44.971237
v 27.460585 304.121948 -45.181793
v 26.518297 303.921143 -45.603359
v 24.945681 303.704651 -46.057781
v 25.092167 303.719147 -46.027340
v 26.239668 303.872589 -45.705269
v 18.685339 284.925690 -30.549181
v 18.294220 284.978699 -30.814533
v 19.548597 286.647644 -32.838791
v 19.447508 284.882660 -29.982269
v 19.070126 284.893646 -30.271502
v 20.566298 286.550781 -32.176109
v 20.175867 284.923920 -29.372402
v 19.816433 284.892761 -29.682287
v 21.530783 286.587524 -31.432699
v 20.862282 285.049011 -28.726387
v 20.524807 284.976044 -29.053471
v 22.424379 286.757172 -30.622177
v 22.839420 286.890961 -30.196350
v 25.079020 289.372711 -31.904795
v 22.176701 291.144348 -37.482899
v 20.965141 288.863342 -35.262321
v 28.615234 294.707825 -34.909683
v 27.003487 291.982269 -33.470753
v 23.988310 295.912994 -41.381470
v 23.183380 293.490021 -39.516087
v 29.921356 297.554169 -36.229595
v 30.389936 298.822449 -36.763779
v 31.155495 301.464874 -37.779118
v 24.272549 296.986267 -42.138153
v 24.725868 299.213318 -43.582146
v 24.999655 301.451599 -44.872845
v 20.062952 286.582581 -32.518337
v 21.632914 288.783844 -34.880241
v 22.992678 291.060883 -37.057510
v 24.141502 293.417358 -39.064884
v 25.081802 295.869873 -40.919739
v 25.421925 296.962799 -41.676105
v 25.982130 299.244446 -43.126331
v 26.349052 301.557281 -44.430527
v 21.056324 286.552429 -31.813677
v 22.281652 288.755402 -34.460068
v 22.906567 288.778168 -34.004894
v 23.779594 291.046051 -36.573486
v 24.529160 291.100067 -36.035923
v 25.058773 293.429108 -38.530712
v 25.922430 293.525146 -37.921009
v 26.121109 295.923615 -40.347263
v 27.088131 296.073181 -39.674007
v 26.510975 297.040131 -41.090355
v 27.519053 297.216736 -40.392002
v 27.165150 299.381073 -42.519100
v 28.248827 299.620209 -41.773849
v 27.612484 301.768127 -43.808441
v 28.758316 302.078827 -43.022163
v 21.987499 286.655853 -31.034924
v 23.503040 288.852020 -33.518082
v 24.066671 288.976410 -33.003231
v 25.233469 291.222351 -35.450481
v 25.885101 291.411591 -34.823338
v 26.720459 293.704071 -37.244251
v 27.441759 293.963379 -36.509857
v 27.966026 296.316040 -38.911701
v 28.739498 296.647919 -38.073620
v 28.427057 297.489288 -39.594284
v 29.217777 297.852600 -38.712318
v 29.209257 299.956543 -40.907017
v 30.025246 300.382660 -39.937733
v 29.757868 302.481567 -42.091377
v 30.586121 302.966339 -41.039383
v 24.593294 289.150391 -32.464142
v 26.477186 291.665771 -34.161102
v 28.076292 294.299530 -35.728046
v 29.395082 297.063019 -37.174366
v 29.876232 298.299805 -37.762817
v 30.678799 300.889160 -38.887379
v 31.222334 303.520966 -39.892509
v 31.650583 304.131592 -38.679478
v 19.888189 284.666962 -29.106207
v 18.824919 284.637970 -29.959534
v 17.371771 283.133240 -27.993401
v 18.176395 283.163208 -27.416304
v 16.540209 282.292297 -26.786713
v 16.897085 282.309448 -26.580978
v 17.248409 282.343048 -26.367847
v 13.934152 279.317474 -21.989704
v -13.934152 279.317474 21.989702
v -16.897085 282.309448 26.580978
v -17.248409 282.343048 26.367847
v -20.862282 285.049011 28.726387
v -20.524807 284.976044 29.053471
v -19.447508 284.882660 29.982269
v -19.816433 284.892761 29.682287
v -19.888189 284.666962 29.106207
v -20.175867 284.923920 29.372402
v -18.294220 284.978699 30.814533
v -18.685339 284.925690 30.549181
v -18.824919 284.637970 29.959534
v -19.070126 284.893646 30.271502
v -18.176395 283.163208 27.416304
v -17.371771 283.133240 27.993401
v -24.999655 301.451599 44.872845
v -22.839420 286.890961 30.196350
v -22.424379 286.757172 30.622177
v -21.987499 286.655853 31.034924
v -21.530783 286.587524 31.432699
v -21.056324 286.552429 31.813677
v -20.566298 286.550781 32.176109
v -20.062952 286.582581 32.518337
v -19.548597 286.647644 32.838791
v -25.079020 289.372711 31.904795
v -24.593294 289.150391 32.464142
v -24.066671 288.976410 33.003231
v -23.503040 288.852020 33.518082
v -22.906567 288.778168 34.004894
v -22.281652 288.755402 34.460068
v -21.632914 288.783844 34.880241
v -20.965141 288.863342 35.262321
v -27.003487 291.982269 33.470753
v -26.477186 291.665771 34.161102
v -25.885101 291.411591 34.823338
v -25.233469 291.222351 35.450481
v -24.529160 291.100067 36.035923
v -23.779594 291.046051 36.573486
v -22.992678 291.060883 37.057510
v -22.176701 291.144348 37.482899
v -23.183380 293.490021 39.516087
v -24.141502 293.417358 39.064884
v -25.058773 293.429108 38.530712
v -25.922430 293.525146 37.921009
v -26.720459 293.704071 37.244251
v -27.441759 293.963379 36.509857
v -28.076292 294.299530 35.728046
v -28.615234 294.707825 34.909683
v -23.988310 295.912994 41.381470
v -24.272549 296.986267 42.138153
v -25.081802 295.869873 40.919739
v -25.421925 296.962799 41.676105
v -26.121109 295.923615 40.347263
v -26.510975 297.040131 41.090355
v -27.088131 296.073181 39.674007
v -27.519053 297.216736 40.392002
v -27.966026 296.316040 38.911701
v -28.427057 297.489288 39.594284
v -28.739498 296.647919 38.073620
v -29.217777 297.852600 38.712318
v -29.395082 297.063019 37.174366
v -29.876232 298.299805 37.762817
v -29.921356 297.554169 36.229595
v -30.389936 298.822449 36.763779
v -24.725868 299.213318 43.582146
v -25.982130 299.244446 43.126331
v -27.165150 299.381073 42.519100
v -28.248827 299.620209 41.773849
v -29.209257 299.956543 40.907017
v -30.025246 300.382660 39.937733
v -30.678799 300.889160 38.887379
v -31.155495 301.464874 37.779118
v -31.650583 304.131592 38.679478
v -31.222334 303.520966 39.892509
v -30.586121 302.966339 41.039383
v -29.757868 302.481567 42.091377
v -28.758316 302.078827 43.022163
v -27.612484 301.768127 43.808441
v -26.349052 301.557281 44.430527
v -31.874758 306.840332 39.475590
v -31.502512 306.214752 40.788780
v -30.893621 305.624481 42.027824
v -30.065037 305.085968 43.158241
v -29.039820 304.614166 44.148563
v -27.846502 304.222260 44.971237
v -26.518297 303.921143 45.603359
v -25.092167 303.719147 46.027340
v -24.598114 321.120941 50.337475
v -24.562834 322.425140 50.363270
v -26.107630 321.133209 49.927139
v -26.078182 322.425140 49.957233
v -27.523256 321.153107 49.261734
v -27.500000 322.425140 49.294231
v -28.802229 321.180054 48.361362
v -28.785089 322.425140 48.394402
v -29.905905 321.213196 47.253227
v -29.894400 322.425140 47.285088
v -30.800940 321.251556 45.970806
v -30.794230 322.425140 46.000000
v -31.460293 321.293976 44.552845
v -31.457233 322.425140 44.578178
v -31.864048 321.339172 43.042183
v -31.863268 322.425140 43.062832
v -24.690004 317.762604 50.089912
v -26.184250 317.807739 49.670300
v -27.583719 317.879639 49.001575
v -28.846762 317.976196 48.103638
v -29.935778 318.094543 47.003220
v -30.818359 318.231140 45.733070
v -31.468235 318.381897 44.330997
v -31.866062 318.542389 42.838730
v -31.866796 317.532593 42.711567
v -31.471127 317.330902 44.194954
v -30.824699 317.141296 45.589188
v -29.946653 316.969482 46.852985
v -28.862982 316.820435 47.948948
v -27.605757 316.698639 48.844627
v -26.212198 316.607697 49.513512
v -24.723557 316.550262 49.935802
v -31.868813 314.778473 42.216522
v -31.870811 312.075317 41.512127
v -31.479069 314.465332 43.669613
v -31.486954 311.654327 42.926636
v -30.842131 314.170746 45.036701
v -30.859449 311.257874 44.258720
v -29.976570 313.903259 46.277939
v -30.006310 310.897339 45.470154
v -28.907623 313.670715 47.357143
v -28.952030 310.583069 46.526142
v -27.666449 313.479858 48.242844
v -27.726875 310.324066 47.396381
v -26.289230 313.336243 48.909225
v -26.366020 310.127777 48.055882
v -24.816122 313.244110 49.336857
v -24.908529 309.999878 48.485710
v -25.000612 306.822906 47.383274
v -26.442427 306.987488 46.954586
v -27.786934 307.236328 46.306458
v -28.996126 307.562408 45.457199
v -30.035820 307.956451 44.430820
v -30.876623 308.407379 43.256340
v -31.494774 308.902435 41.966953
v -31.872793 309.427612 40.599110
v -31.889196 387.299988 42.907909
v -31.863268 387.299988 43.062832
v -31.559507 387.299988 44.281151
v -31.457233 387.299988 44.578178
v -31.019058 387.299988 45.585915
v -30.794230 387.299988 46.000000
v -30.281153 387.299988 46.790066
v -29.894400 387.299988 47.285088
v -29.363962 387.299988 47.863960
v -28.785089 387.299988 48.394402
v -28.290068 387.299988 48.781155
v -27.500000 387.299988 49.294231
v -27.085915 387.299988 49.519058
v -26.078182 387.299988 49.957233
v -25.781153 387.299988 50.059509
v -24.562834 387.299988 50.363270
v -24.407909 387.299988 50.389198
v 44.963409 358.322845 42.907909
v 53.091194 371.880035 42.907909
v 55.888981 387.437378 42.907909
v 55.553074 392.721344 42.907909
v 54.583328 397.926453 42.907909
v 50.807796 407.799194 42.907909
v 41.028702 420.218018 42.907909
v 22.426403 429.932739 42.907909
v 6.646806 430.861511 42.907909
v -8.438420 426.139832 42.907909
v -12.966681 423.396088 42.907909
v -17.131594 420.127014 42.907909
v -24.135099 412.210144 42.907909
v -30.616383 397.793121 42.907909
v -24.142984 391.684143 50.389198
v -25.506233 391.849518 50.059509
v -26.801500 392.006622 49.519058
v 47.379131 378.706207 50.389198
v 46.086853 374.508514 50.389198
v 48.713573 378.382080 50.059509
v 47.372551 374.026031 50.059509
v 49.981464 378.074097 49.519058
v 48.594131 373.567627 49.519058
v -27.996893 392.151611 48.781155
v 49.721516 373.144562 48.781155
v 51.151592 377.789856 48.781155
v -29.062971 392.280945 47.863960
v -29.973488 392.391357 46.790066
v -30.706026 392.480255 45.585915
v -31.242542 392.545319 44.281151
v -31.569832 392.585022 42.907909
v -23.352058 396.004456 50.389198
v -24.685478 396.332794 50.059509
v -25.952400 396.644714 49.519058
v -27.121632 396.932617 48.781155
v -28.164381 397.189392 47.863960
v -29.054976 397.408661 46.790066
v -29.771481 397.585083 45.585915
v -30.296257 397.714294 44.281151
v -20.245749 404.204071 50.389198
v -17.975567 407.964020 50.389198
v -21.462002 404.841675 50.059509
v -19.106192 408.743439 50.059509
v -22.617601 405.447479 49.519058
v -20.180435 409.483978 49.519058
v -23.684095 406.006561 48.781155
v -21.171846 410.167389 48.781155
v -24.635221 406.505157 47.863960
v -22.056009 410.776917 47.863960
v -25.447559 406.931000 46.790066
v -22.811157 411.297485 46.790066
v -26.101107 407.273621 45.585915
v -23.418695 411.716309 45.585915
v -26.579773 407.524536 44.281151
v -23.863661 412.023041 44.281151
v -26.871769 407.677612 42.907909
v 3.240212 422.638397 50.389198
v 7.559303 423.436066 50.389198
v 2.909808 423.971283 50.059509
v 7.391808 424.799042 50.059509
v 2.595881 425.237701 49.519058
v 7.232665 426.094086 49.519058
v 2.306160 426.406494 48.781155
v 7.085793 427.289246 48.781155
v 2.047780 427.448883 47.863960
v 6.954811 428.355133 47.863960
v 1.827103 428.339081 46.790066
v 6.842940 429.265472 46.790066
v 1.649562 429.055328 45.585915
v 6.752937 429.997864 45.585915
v 1.519529 429.579926 44.281151
v 6.687018 430.534271 44.281151
v 1.440206 429.899902 42.907909
v 16.327568 423.449799 50.389198
v 20.649134 422.665619 50.389198
v 16.490797 424.813293 50.059509
v 20.975365 423.999573 50.059509
v 16.645884 426.108795 49.519058
v 21.285326 425.266968 49.519058
v 16.789013 427.304443 48.781155
v 21.571386 426.436676 48.781155
v 16.916660 428.370728 47.863960
v 21.826504 427.479797 47.863960
v 17.025681 429.281403 46.790066
v 22.044392 428.370758 46.790066
v 17.113392 430.014069 45.585915
v 22.219692 429.087524 45.585915
v 17.177629 430.550690 44.281151
v 22.348082 429.612518 44.281151
v 17.216818 430.878052 42.907909
v 32.617073 417.307861 50.389198
v 36.080513 414.606873 50.389198
v 33.394714 418.439728 50.059509
v 36.988789 415.636810 50.059509
v 34.133572 419.515106 49.519058
v 37.851768 416.615417 49.519058
v 34.815460 420.507568 48.781155
v 38.648209 417.518585 48.781155
v 35.423584 421.392700 47.863960
v 39.358490 418.324036 47.863960
v 35.942970 422.148682 46.790066
v 39.965126 419.011963 46.790066
v 36.360832 422.756866 45.585915
v 40.453186 419.565369 45.585915
v 36.666882 423.202301 44.281151
v 40.810646 419.970764 44.281151
v 36.853573 423.474060 42.907909
v 41.910740 408.057739 50.389198
v 44.192680 404.304932 50.389198
v 43.038921 408.840698 50.059509
v 45.406929 404.946320 50.059509
v 44.110844 409.584595 49.519058
v 46.560631 405.555725 49.519058
v 45.100109 410.271118 48.781155
v 47.625366 406.118134 48.781155
v 45.982361 410.883392 47.863960
v 48.574928 406.619720 47.863960
v 46.735874 411.406311 46.790066
v 49.385933 407.048126 46.790066
v 47.342094 411.827057 45.585915
v 50.038403 407.392761 45.585915
v 47.786102 412.135162 44.281151
v 50.516281 407.645203 44.281151
v 48.056953 412.323120 42.907909
v 52.195141 377.536377 47.863960
v 50.726948 372.767242 47.863960
v 53.086414 377.319916 46.790066
v 51.585667 372.445007 46.790066
v 53.803471 377.145721 45.585915
v 52.276531 372.185760 45.585915
v 54.328648 377.018158 44.281151
v 52.782528 371.995880 44.281151
v 54.649017 376.940338 42.907909
v 42.040100 366.729919 50.389198
v 39.344517 363.262238 50.389198
v 43.173161 365.954041 50.059509
v 40.375904 362.355591 50.059509
v 44.249718 365.216858 49.519058
v 41.355858 361.494141 49.519058
v 45.243259 364.536530 48.781155
v 42.260250 360.699127 48.781155
v 46.129326 363.929810 47.863960
v 43.066807 359.990082 47.863960
v 46.886101 363.411591 46.790066
v 43.755672 359.384552 46.790066
v 47.494946 362.994690 45.585915
v 44.309883 358.897339 45.585915
v 47.940868 362.689331 44.281151
v 44.715797 358.540527 44.281151
v 48.212894 362.503082 42.907909
v -29.042728 402.848511 42.907909
v -28.734423 402.731689 44.281151
v -28.229027 402.540253 45.585915
v -27.538977 402.278839 46.790066
v -26.681271 401.953888 47.863960
v -25.677025 401.573456 48.781155
v -24.550968 401.146851 49.519058
v -23.330828 400.684631 50.059509
v -22.046648 400.198120 50.389198
v -20.872549 416.380157 42.907909
v -20.625616 416.161743 44.281151
v -20.220825 415.803650 45.585915
v -19.668142 415.314728 46.790066
v -18.981174 414.707001 47.863960
v -18.176838 413.995453 48.781155
v -17.274940 413.197632 49.519058
v -16.297689 412.333099 50.059509
v -15.269143 411.423218 50.389198
v -12.165867 414.531342 50.389198
v -13.077361 415.558472 50.059509
v -13.943401 416.534363 49.519058
v -14.742661 417.435028 48.781155
v -15.455462 418.238251 47.863960
v -16.064251 418.924286 46.790066
v -16.554037 419.476196 45.585915
v -16.912764 419.880432 44.281151
v -12.779136 423.124908 44.281151
v -12.471696 422.680450 45.585915
v -12.051933 422.073547 46.790066
v -11.530182 421.319214 47.863960
v -10.919291 420.436035 48.781155
v -10.234300 419.445679 49.519058
v -9.492077 418.372589 50.059509
v -8.710897 417.243195 50.389198
v -8.284891 425.848053 44.281151
v -8.033214 425.369812 45.585915
v -7.689584 424.716797 46.790066
v -7.262463 423.905121 47.863960
v -6.762370 422.954773 48.781155
v -6.201617 421.889160 49.519058
v -5.594013 420.734497 50.059509
v -4.954518 419.519257 50.389198
v -3.612715 428.318359 42.907909
v -3.495435 428.010223 44.281151
v -3.303181 427.505127 45.585915
v -3.040686 426.815491 46.790066
v -2.714413 425.958282 47.863960
v -2.332396 424.954651 48.781155
v -1.904043 423.829254 49.519058
v -1.439900 422.609833 50.059509
v -0.951396 421.326416 50.389198
v 11.931313 431.189148 42.907909
v 11.931828 430.859436 44.281151
v 11.932673 430.319000 45.585915
v 11.933828 429.581116 46.790066
v 11.935265 428.663910 47.863960
v 11.936945 427.590027 48.781155
v 11.938830 426.385895 49.519058
v 11.940871 425.081116 50.059509
v 11.943021 423.707886 50.389198
v 27.484249 428.367035 42.907909
v 27.367935 428.058533 44.281151
v 27.177263 427.552826 45.585915
v 26.916927 426.862366 46.790066
v 26.593338 426.004150 47.863960
v 26.214466 424.999329 48.781155
v 25.789637 423.872589 49.519058
v 25.329311 422.651733 50.059509
v 24.844828 421.366791 50.389198
v 28.853588 419.572174 50.389198
v 29.489275 420.789429 50.059509
v 30.093262 421.945953 49.519058
v 30.650677 423.013336 48.781155
v 31.147793 423.965240 47.863960
v 31.572372 424.778229 46.790066
v 31.913956 425.432312 45.585915
v 32.164135 425.911377 44.281151
v 32.316750 426.203613 42.907909
v 44.781364 416.482941 42.907909
v 44.535118 416.263702 44.281151
v 44.131451 415.904358 45.585915
v 43.580296 415.413696 46.790066
v 42.895237 414.803864 47.863960
v 42.093132 414.089783 48.781155
v 41.193737 413.289124 49.519058
v 40.219196 412.421570 50.059509
v 39.193504 411.508453 50.389198
v 52.993858 402.976898 42.907909
v 52.685925 402.859131 44.281151
v 52.181126 402.666077 45.585915
v 51.491898 402.402496 46.790066
v 50.635216 402.074890 47.863960
v 49.632160 401.691315 48.781155
v 48.507450 401.261200 49.519058
v 47.288761 400.795135 50.059509
v 46.006111 400.304626 50.389198
v 47.324642 396.115082 50.389198
v 48.657024 396.447571 50.059509
v 49.922966 396.763489 49.519058
v 51.091290 397.055023 48.781155
v 52.133232 397.315033 47.863960
v 53.023132 397.537109 46.790066
v 53.739082 397.715790 45.585915
v 54.263454 397.846619 44.281151
v 55.225914 392.680634 44.281151
v 54.689602 392.613861 45.585915
v 53.957348 392.522736 46.790066
v 53.047180 392.409424 47.863960
v 51.981510 392.276794 48.781155
v 50.786579 392.128052 49.519058
v 49.491810 391.966888 50.059509
v 48.129086 391.797241 50.389198
v 55.559296 387.436340 44.281151
v 55.018848 387.434662 45.585915
v 54.280945 387.432343 46.790066
v 53.363758 387.429474 47.863960
v 52.289871 387.426117 48.781155
v 51.085720 387.422333 49.519058
v 49.780968 387.418243 50.059509
v 48.407734 387.413971 50.389198
v 55.586159 382.151367 42.907909
v 55.258747 382.190063 44.281151
v 54.722031 382.253479 45.585915
v 53.989220 382.340027 46.790066
v 53.078362 382.447601 47.863960
v 52.011883 382.573608 48.781155
v 50.816044 382.714844 49.519058
v 49.520290 382.867920 50.059509
v 48.156528 383.029022 50.389198
v 50.935360 367.044159 42.907909
v 50.642887 367.196320 44.281151
v 50.163441 367.445740 45.585915
v 49.508820 367.786316 46.790066
v 48.695156 368.209625 47.863960
v 47.742470 368.705231 48.781155
v 46.674232 369.260986 49.519058
v 45.516743 369.863159 50.059509
v 44.298500 370.496948 50.389198
v 41.234203 354.564331 42.907909
v 41.014599 354.810242 44.281151
v 40.654610 355.213348 45.585915
v 40.163101 355.763733 46.790066
v 39.552162 356.447845 47.863960
v 38.836857 357.248840 48.781155
v 38.034779 358.146973 49.519058
v 37.165691 359.120148 50.059509
v 36.250984 360.144409 50.389198
v 32.804520 357.421783 50.389198
v 33.589230 356.294830 50.059509
v 34.334808 355.224060 49.519058
v 35.022896 354.235901 48.781155
v 35.636547 353.354584 47.863960
v 36.160660 352.601898 46.790066
v 36.582321 351.996338 45.585915
v 36.891148 351.552826 44.281151
v 37.079540 351.282257 42.907909
v 31.889196 341.343506 42.907909
v 32.044704 343.278046 42.907909
v 31.719252 343.330719 44.281151
v 31.185741 343.417053 45.585915
v 31.019058 341.343506 45.585915
v 31.457233 341.343506 44.578178
v 31.559507 341.343506 44.281151
v 31.863268 341.343506 43.062832
v 29.551895 343.681427 47.863960
v 29.894400 341.343506 47.285088
v 30.457310 343.534912 46.790066
v 30.281153 341.343506 46.790066
v 30.794230 341.343506 46.000000
v 28.491791 343.852966 48.781155
v 28.785089 341.343506 48.394402
v 29.363962 341.343506 47.863960
v 27.303099 344.045319 49.519058
v 27.500000 341.343506 49.294231
v 28.290068 341.343506 48.781155
v 26.015093 344.253723 50.059509
v 26.078182 341.343506 49.957233
v 27.085915 341.343506 49.519058
v 24.659483 344.473083 50.389198
v 24.562834 341.343506 50.363270
v 25.781153 341.343506 50.059509
v 24.407909 341.343506 50.389198
v 32.507236 345.162933 42.907909
v 32.194374 345.266907 44.281151
v 31.681507 345.437347 45.585915
v 30.981258 345.670074 46.790066
v 30.110874 345.959320 47.863960
v 29.091784 346.298004 48.781155
v 27.949080 346.677765 49.519058
v 26.710903 347.089233 50.059509
v 25.407742 347.522308 50.389198
v 33.264919 346.949707 42.907909
v 32.972683 347.102325 44.281151
v 32.493626 347.352509 45.585915
v 31.839542 347.694092 46.790066
v 31.026539 348.118652 47.863960
v 30.074635 348.615784 48.781155
v 29.007265 349.173218 49.519058
v 27.850718 349.777191 50.059509
v 26.633469 350.412872 50.389198
v 34.298286 348.592529 42.907909
v 34.034180 348.789856 44.281151
v 33.601238 349.113342 45.585915
v 33.010117 349.555023 46.790066
v 32.275375 350.104034 47.863960
v 31.415102 350.746826 48.781155
v 30.450480 351.467560 49.519058
v 29.405262 352.248566 50.059509
v 28.305187 353.070526 50.389198
v 35.580807 350.049164 42.907909
v 35.351616 350.286163 44.281151
v 34.975906 350.674652 45.585915
v 34.462929 351.205109 46.790066
v 33.825317 351.864410 47.863960
v 33.078762 352.636353 48.781155
v 32.241661 353.501953 49.519058
v 31.334616 354.439850 50.059509
v 30.379967 355.426971 50.389198
v 16.897085 282.309448 26.580978
v 13.934152 279.317474 21.989702
v 31.863268 322.425140 43.062832
v 31.457233 322.425140 44.578178
v 30.794230 322.425140 46.000000
v 29.894400 322.425140 47.285088
v 28.785089 322.425140 48.394402
v 27.500000 322.425140 49.294231
v 26.078182 322.425140 49.957233
v 24.562834 322.425140 50.363270
v 16.753998 282.515411 27.121826
v 18.696127 283.617828 27.954409
v 17.484936 282.558929 26.660011
v 20.862282 285.049011 28.726387
v 20.524807 284.976044 29.053471
v 20.175867 284.923920 29.372402
v 19.816433 284.892761 29.682287
v 17.811975 283.590088 28.616743
v 19.447508 284.882660 29.982269
v 19.070126 284.893646 30.271502
v 18.685339 284.925690 30.549181
v 18.294220 284.978699 30.814533
v 25.057016 304.904297 46.579346
v 25.092167 303.719147 46.027340
v 26.489180 305.091827 46.153118
v 26.518297 303.921143 45.603359
v 27.823648 305.372894 45.514275
v 27.846502 304.222260 44.971237
v 29.023062 305.739594 44.680698
v 29.039820 304.614166 44.148563
v 30.053833 306.181732 43.675735
v 30.065037 305.085968 43.158241
v 30.887104 306.686890 42.527519
v 30.893621 305.624481 42.027824
v 31.499546 307.240936 41.268200
v 31.502512 306.214752 40.788780
v 31.874004 307.828339 39.933037
v 31.874758 306.840332 39.475590
v 24.965721 308.020142 47.831257
v 26.413488 308.170715 47.401730
v 27.764196 308.399628 46.748745
v 28.979435 308.700378 45.890877
v 30.024651 309.064423 44.852505
v 30.870127 309.481354 43.663166
v 31.491816 309.939392 42.356678
v 31.872046 310.425476 40.970184
v 24.932339 309.173065 48.225212
v 26.385786 309.310364 47.795353
v 27.742420 309.520233 47.138348
v 28.963446 309.796661 46.272995
v 30.013952 310.131744 45.224037
v 30.863897 310.515839 44.021465
v 31.488981 310.938080 42.699669
v 31.871326 311.386292 41.296440
v 24.839939 312.402496 49.141685
v 26.309034 312.503784 48.713177
v 27.682037 312.660919 48.048145
v 28.919085 312.869446 47.165905
v 29.984249 313.123199 46.092068
v 30.846603 313.414917 44.857815
v 31.481102 313.736023 43.498997
v 31.869326 314.077271 42.055061
v 24.747469 315.690796 49.805447
v 26.232109 315.757080 49.381485
v 27.621450 315.861603 48.712830
v 28.874527 316.001312 47.819202
v 29.954393 316.172089 46.726944
v 30.829210 316.368866 45.468266
v 31.473179 316.585876 44.080280
v 31.867317 316.816681 42.603905
v 24.655062 319.033112 50.214394
v 26.155127 319.065582 49.797977
v 27.560747 319.117706 49.130016
v 28.829845 319.187866 48.230507
v 29.924433 319.274017 47.126373
v 30.811747 319.373535 45.850666
v 31.465221 319.483459 44.441574
v 31.865299 319.600494 42.941273
v 26.460953 302.757416 45.045509
v 27.759609 303.012268 44.417809
v 28.931654 303.363220 43.612431
v 29.946041 303.800934 42.650703
v 30.775902 304.313812 41.558109
v 31.399254 304.888275 40.363579
v 25.070080 302.605347 45.478909
v 24.895926 300.419739 44.297085
v 30.865749 300.347260 37.365250
v 31.456184 302.901123 38.278915
v 31.799589 305.509125 39.098763
v 30.041723 297.863098 36.362644
v 29.567497 296.700562 35.851883
v 24.556618 298.272705 42.992420
v 24.061640 296.174713 41.569798
v 23.771717 295.188599 40.847221
v 22.964781 292.931915 39.053631
v 28.263767 294.056274 34.582226
v 26.717299 291.557556 33.229321
v 24.944128 289.208740 31.799406
v 22.982931 287.036530 30.304770
v 21.997032 290.775848 37.141273
v 20.879978 288.718506 35.112385
v 19.639509 286.778717 32.990280
v 26.204338 300.488556 43.847805
v 25.769321 298.278442 42.532948
v 25.169006 296.136047 41.107765
v 24.826029 295.134583 40.387123
v 23.890041 292.855194 38.607044
v 22.789732 290.692078 36.721573
v 21.538004 288.639679 34.733757
v 20.163200 286.712677 32.665806
v 27.432579 300.663330 43.231846
v 26.914238 298.388306 41.933868
v 26.220697 296.195221 40.531860
v 25.830236 295.174164 39.824821
v 24.777370 292.859436 38.083542
v 23.555096 290.674286 36.246773
v 22.177576 288.610748 34.318211
v 20.675467 286.680969 32.318710
v 28.551554 300.939941 42.463791
v 27.967600 298.599945 41.207626
v 27.198002 296.351196 39.852322
v 26.767899 295.306641 39.169518
v 25.615141 292.944580 37.489975
v 24.285458 290.722595 35.721634
v 22.794100 288.631866 33.868740
v 21.173876 286.683685 31.950638
v 29.534761 301.311859 41.561829
v 28.907532 298.909027 40.369289
v 28.083532 296.601227 39.081245
v 27.623659 295.529877 38.431942
v 26.392374 293.109467 36.834129
v 24.973499 290.836548 35.151409
v 23.383135 288.702942 33.388573
v 21.656069 286.720886 31.563330
v 30.358910 301.770203 40.547325
v 29.714521 299.309082 39.436275
v 28.861532 296.940826 38.232353
v 28.383512 295.840240 37.624172
v 27.098888 293.352020 36.124596
v 25.612326 291.014984 34.541828
v 23.940447 288.823395 32.881172
v 22.119757 286.792328 31.158625
v 31.004480 302.304199 39.444317
v 30.371809 299.791840 38.427952
v 29.518156 297.363953 37.320747
v 29.035013 296.232605 36.759438
v 27.725422 293.669006 35.370667
v 26.195541 291.256134 33.898983
v 24.462029 288.992401 32.350170
v 22.562744 286.897705 30.738441
v -7.992161 276.816589 24.597343
v -11.741637 276.816589 23.044260
v -15.201994 276.816589 20.923750
v -24.597343 276.816589 7.992161
v -25.544760 276.816589 4.045893
v -24.597343 276.816589 -7.992161
v -23.044260 276.816589 -11.741637
v -20.923750 276.816589 -15.201994
v -7.992161 276.816589 -24.597343
v -4.045893 276.816589 -25.544760
v 7.992161 276.816589 -24.597343
v 11.741637 276.816589 -23.044260
v 15.201994 276.816589 -20.923750
v 24.597343 276.816589 -7.992161
v 25.544760 276.816589 -4.045893
v 24.597343 276.816589 7.992161
v 23.044260 276.816589 11.741637
v 20.923750 276.816589 15.201994
v 7.992161 276.816589 24.597343
v 4.045893 276.816589 25.544760
v -3.356488 270.084808 21.192034
v -17.358425 270.084808 12.611635
v -19.117611 270.084808 9.740909
v -20.406054 270.084808 6.630329
v -21.192034 270.084808 -3.356488
v -12.611635 270.084808 -17.358425
v -9.740909 270.084808 -19.117611
v -6.630329 270.084808 -20.406054
v 3.356488 270.084808 -21.192034
v 17.358425 270.084808 -12.611635
v 19.117611 270.084808 -9.740909
v 20.406054 270.084808 -6.630329
v 21.192034 270.084808 3.356488
v 12.611635 270.084808 17.358425
v 9.740909 270.084808 19.117611
v 6.630329 270.084808 20.406054
v 17.358425 270.084808 12.611635
v 19.117611 270.084808 9.740909
v 20.406054 270.084808 6.630329
v 12.611635 270.084808 -17.358425
v 9.740909 270.084808 -19.117611
v 6.630329 270.084808 -20.406054
v -17.358425 270.084808 -12.611635
v -19.117611 270.084808 -9.740909
v -20.406054 270.084808 -6.630329
v -12.611635 270.084808 17.358425
v -9.740909 270.084808 19.117611
v -6.630329 270.084808 20.406054
v 10.334225 271.098969 20.282057
v 13.379806 271.098969 18.415724
v 10.843520 272.314697 21.281607
v 14.039195 272.314697 19.323296
v 11.254860 273.698700 22.088907
v 14.571761 273.698700 20.056307
v 11.556989 275.213165 22.681868
v 14.962929 275.213165 20.594706
v 11.741637 276.816589 23.044260
v 15.201994 276.816589 20.923750
v 20.282057 271.098969 -10.334225
v 18.415724 271.098969 -13.379806
v 21.281607 272.314697 -10.843520
v 19.323296 272.314697 -14.039195
v 22.088907 273.698700 -11.254860
v 20.056307 273.698700 -14.571761
v 22.681868 275.213165 -11.556989
v 20.594706 275.213165 -14.962929
v 23.044260 276.816589 -11.741637
v 20.923750 276.816589 -15.201994
v -10.334225 271.098969 -20.282057
v -13.379806 271.098969 -18.415724
v -10.843520 272.314697 -21.281607
v -14.039195 272.314697 -19.323296
v -11.254860 273.698700 -22.088907
v -14.571761 273.698700 -20.056307
v -11.556989 275.213165 -22.681868
v -14.962929 275.213165 -20.594706
v -11.741637 276.816589 -23.044260
v -15.201994 276.816589 -20.923750
v -20.282057 271.098969 10.334225
v -18.415724 271.098969 13.379806
v -21.281607 272.314697 10.843520
v -19.323296 272.314697 14.039195
v -22.088907 273.698700 11.254860
v -20.056307 273.698700 14.571761
v -22.681868 275.213165 11.556989
v -20.594706 275.213165 14.962929
v -23.044260 276.816589 11.741637
v -20.923750 276.816589 15.201994
v -0.000000 269.299988 20.000000
v -0.000000 270.084808 21.456196
v 3.356488 270.084808 21.192034
v -0.000000 271.098969 22.763084
v 3.560931 271.098969 22.482832
v -0.000000 272.314697 23.884905
v 3.736422 272.314697 23.590843
v -0.000000 273.698700 24.790960
v 3.878161 273.698700 24.485743
v -0.000000 275.213165 25.456455
v 3.982267 275.213165 25.143042
v -0.000000 276.816589 25.863178
v -0.000000 278.465149 26.000000
v 7.866477 275.213165 24.210527
v 7.660828 273.698700 23.577604
v 7.380842 272.314697 22.715895
v 7.034180 271.098969 21.648981
v 18.288027 276.816589 18.288027
v 18.000431 275.213165 18.000431
v 17.529856 273.698700 17.529856
v 16.889179 272.314697 16.889179
v 16.095930 271.098969 16.095930
v 15.171822 270.084808 15.171822
v 20.594706 275.213165 14.962929
v 20.056307 273.698700 14.571761
v 19.323296 272.314697 14.039195
v 18.415724 271.098969 13.379806
v 22.681868 275.213165 11.556989
v 22.088907 273.698700 11.254860
v 21.281607 272.314697 10.843520
v 20.282057 271.098969 10.334225
v 24.210527 275.213165 7.866477
v 23.577604 273.698700 7.660828
v 22.715895 272.314697 7.380842
v 21.648981 271.098969 7.034180
v 25.544760 276.816589 4.045893
v 25.143042 275.213165 3.982267
v 24.485743 273.698700 3.878161
v 23.590843 272.314697 3.736422
v 22.482832 271.098969 3.560931
v 20.000000 269.299988 -0.000000
v 21.456196 270.084808 -0.000000
v 22.763084 271.098969 -0.000000
v 23.884905 272.314697 -0.000000
v 24.790960 273.698700 -0.000000
v 25.456455 275.213165 -0.000000
v 25.863178 276.816589 -0.000000
v 26.000000 278.465149 -0.000000
v 21.192034 270.084808 -3.356488
v 22.482832 271.098969 -3.560931
v 23.590843 272.314697 -3.736422
v 24.485743 273.698700 -3.878161
v 25.143042 275.213165 -3.982267
v 24.210527 275.213165 -7.866477
v 23.577604 273.698700 -7.660828
v 22.715895 272.314697 -7.380842
v 21.648981 271.098969 -7.034180
v 18.288027 276.816589 -18.288027
v 18.000431 275.213165 -18.000431
v 17.529856 273.698700 -17.529856
v 16.889179 272.314697 -16.889179
v 16.095930 271.098969 -16.095930
v 15.171822 270.084808 -15.171822
v 14.962929 275.213165 -20.594706
v 14.571761 273.698700 -20.056307
v 14.039195 272.314697 -19.323296
v 13.379806 271.098969 -18.415724
v 11.556989 275.213165 -22.681868
v 11.254860 273.698700 -22.088907
v 10.843520 272.314697 -21.281607
v 10.334225 271.098969 -20.282057
v 7.866477 275.213165 -24.210527
v 7.660828 273.698700 -23.577604
v 7.380842 272.314697 -22.715895
v 7.034180 271.098969 -21.648981
v 4.045893 276.816589 -25.544760
v 3.982267 275.213165 -25.143042
v 3.878161 273.698700 -24.485743
v 3.736422 272.314697 -23.590843
v 3.560931 271.098969 -22.482832
v -0.000000 269.299988 -20.000000
v -0.000000 270.084808 -21.456196
v -0.000000 271.098969 -22.763084
v -0.000000 272.314697 -23.884905
v -0.000000 273.698700 -24.790960
v -0.000000 275.213165 -25.456455
v -0.000000 276.816589 -25.863178
v -0.000000 278.465149 -26.000000
v -3.356488 270.084808 -21.192034
v -3.560931 271.098969 -22.482832
v -3.736422 272.314697 -23.590843
v -3.878161 273.698700 -24.485743
v -3.982267 275.213165 -25.143042
v -7.866477 275.213165 -24.210527
v -7.660828 273.698700 -23.577604
v -7.380842 272.314697 -22.715895
v -7.034180 271.098969 -21.648981
v -18.288027 276.816589 -18.288027
v -18.000431 275.213165 -18.000431
v -17.529856 273.698700 -17.529856
v -16.889179 272.314697 -16.889179
v -16.095930 271.098969 -16.095930
v -15.171822 270.084808 -15.171822
v -20.594706 275.213165 -14.962929
v -20.056307 273.698700 -14.571761
v -19.323296 272.314697 -14.039195
v -18.415724 271.098969 -13.379806
v -22.681868 275.213165 -11.556989
v -22.088907 273.698700 -11.254860
v -21.281607 272.314697 -10.843520
v -20.282057 271.098969 -10.334225
v -24.210527 275.213165 -7.866477
v -23.577604 273.698700 -7.660828
v -22.715895 272.314697 -7.380842
v -21.648981 271.098969 -7.034180
v -25.544760 276.816589 -4.045893
v -25.143042 275.213165 -3.982267
v -24.485743 273.698700 -3.878161
v -23.590843 272.314697 -3.736422
v -22.482832 271.098969 -3.560931
v -20.000000 269.299988 -0.000000
v -21.456196 270.084808 -0.000000
v -22.763084 271.098969 -0.000000
v -23.884905 272.314697 -0.000000
v -24.790960 273.698700 -0.000000
v -25.456455 275.213165 -0.000000
v -25.863178 276.816589 -0.000000
v -26.000000 278.465149 -0.000000
v -21.192034 270.084808 3.356488
v -22.482832 271.098969 3.560931
v -23.590843 272.314697 3.736422
v -24.485743 273.698700 3.878161
v -25.143042 275.213165 3.982267
v -24.210527 275.213165 7.866477
v -23.577604 273.698700 7.660828
v -22.715895 272.314697 7.380842
v -21.648981 271.098969 7.034180
v -18.288027 276.816589 18.288027
v -18.000431 275.213165 18.000431
v -17.529856 273.698700 17.529856
v -16.889179 272.314697 16.889179
v -16.095930 271.098969 16.095930
v -15.171822 270.084808 15.171822
v -14.962929 275.213165 20.594706
v -14.571761 273.698700 20.056307
v -14.039195 272.314697 19.323296
v -13.379806 271.098969 18.415724
v -11.556989 275.213165 22.681868
v -11.254860 273.698700 22.088907
v -10.843520 272.314697 21.281607
v -10.334225 271.098969 20.282057
v -7.866477 275.213165 24.210527
v -7.660828 273.698700 23.577604
v -7.380842 272.314697 22.715895
v -7.034180 271.098969 21.648981
v -4.045893 276.816589 25.544760
v -3.982267 275.213165 25.143042
v -3.878161 273.698700 24.485743
v -3.736422 272.314697 23.590843
v -3.560931 271.098969 22.482832
v -19.000000 309.828430 -70.200005
v -19.000000 342.471558 -70.200005
v -16.171574 345.300018 -70.200005
v 16.471573 307.000000 -70.200005
v -16.171574 307.000000 -70.200005
v 16.471573 345.300018 -70.200005
v 19.300001 342.471558 -70.200005
v 19.300001 309.828430 -70.200005
v -21.000000 309.000000 -68.199997
v -21.000000 343.299988 -68.199997
v 21.299999 309.000000 -68.199997
v 21.299999 343.299988 -68.199997
v -17.000000 347.299988 -68.199997
v 17.300001 347.299988 -68.199997
v -17.000000 347.299988 18.000000
v 17.300001 347.299988 18.000000
v 21.299999 343.299988 18.000000
v -21.000000 343.299988 18.000000
v 9.400000 295.000000 -52.500000
v 10.400000 295.000000 -52.500000
v 9.400000 295.000000 -63.000000
v 8.900000 295.000000 -63.500004
v -8.600000 295.000000 -63.500004
v -9.100000 295.000000 -63.000000
v -9.100000 295.000000 -52.500000
v -10.099999 295.000000 -52.500000
v -10.099999 295.000000 -63.000000
v 8.900000 295.000000 -64.500000
v -8.600000 295.000000 -64.500000
v 10.400000 295.000000 -63.000000
v -9.092403 295.000000 -63.086823
v -10.077212 295.000000 -63.260475
v -9.069846 295.000000 -63.171005
v -10.009540 295.000000 -63.513035
v -9.033013 295.000000 -63.249996
v -9.899038 295.000000 -63.750000
v -8.983023 295.000000 -63.321396
v -9.749067 295.000000 -63.964180
v -8.921394 295.000000 -63.383022
v -9.564181 295.000000 -64.149063
v -8.849999 295.000000 -63.433014
v -9.350000 295.000000 -64.299042
v -8.771009 295.000000 -63.469849
v -9.113030 295.000000 -64.409538
v -8.686824 295.000000 -63.492401
v -8.860473 295.000000 -64.477211
v 8.986824 295.000000 -63.492401
v 9.160472 295.000000 -64.477211
v 9.071011 295.000000 -63.469849
v 9.413030 295.000000 -64.409538
v 9.150001 295.000000 -63.433014
v 9.650001 295.000000 -64.299042
v 9.221394 295.000000 -63.383022
v 9.864182 295.000000 -64.149063
v 9.283022 295.000000 -63.321396
v 10.049067 295.000000 -63.964180
v 9.333013 295.000000 -63.249996
v 10.199039 295.000000 -63.750000
v 9.369846 295.000000 -63.171005
v 10.309539 295.000000 -63.513035
v 9.392404 295.000000 -63.086823
v 10.377212 295.000000 -63.260475
v -7.484323 216.300003 21.801088
v -7.883564 216.300003 21.659914
v -7.885022 214.646454 21.659384
v -1.464107 215.374207 23.003454
v -0.000000 216.300003 23.050001
v -3.585490 215.245132 22.769426
v -3.793905 216.300003 22.735628
v -4.003468 215.206848 22.699663
v -4.002591 216.300003 22.699818
v -5.680094 215.010422 22.339182
v -6.349202 214.912735 22.158297
v -14.816255 216.300003 17.657324
v -14.816752 212.684525 17.656906
v -14.417549 212.832855 17.984348
v -14.157602 216.300003 18.189690
v -12.578115 213.458832 19.315628
v -12.357508 213.527664 19.457506
v -11.525001 216.300003 19.961885
v -11.526680 213.775131 19.960917
v -10.970588 216.300003 20.271870
v -10.436479 214.072052 20.551945
v -8.432987 214.537109 21.451975
v -16.110386 212.172333 16.485083
v -16.958435 216.300003 15.611341
v -17.650661 211.497940 14.824191
v -17.657324 216.300003 14.816255
v -17.989927 211.339691 14.410586
v -19.296686 216.300003 12.607156
v -19.285240 210.702118 12.624661
v -19.961056 210.347961 11.526438
v -19.961885 216.300003 11.525001
v -20.392162 210.114105 10.745333
v -21.108576 216.300003 9.259080
v -21.313055 209.593369 8.778168
v -21.659569 209.389786 7.884518
v -21.659914 216.300003 7.883564
v -21.838036 209.283264 7.375821
v -22.344677 216.300003 5.658440
v -22.420698 208.927490 5.349278
v -22.699564 208.752823 4.004031
v -22.699818 216.300003 4.002591
v -22.812778 208.681091 3.298435
v -22.971273 216.300003 1.903454
v -23.017349 208.550247 1.226424
v -23.050001 208.529221 0.000081
v -23.050001 216.300003 -0.000000
v -23.046265 208.531631 -0.414967
v -22.971273 216.300003 -1.903454
v -22.910725 208.618652 -2.530059
v -22.699614 208.752792 -4.003752
v -22.699818 216.300003 -4.002591
v -22.583132 208.826111 -4.615692
v -22.344677 216.300003 -5.658440
v -22.062239 209.147827 -6.675338
v -19.961885 216.300003 -11.525001
v -20.137241 210.253143 -11.215795
v -21.108576 216.300003 -9.259080
v -21.120378 209.704742 -9.232125
v -21.659914 216.300003 -7.883564
v -21.659174 209.390015 -7.885604
v -21.907488 209.241501 -7.166903
v -16.958435 216.300003 -15.611341
v -14.816255 216.300003 -17.657324
v -14.816866 212.684479 -17.656811
v -15.989589 212.222229 -16.602276
v -17.534952 211.551102 -14.960880
v -17.657324 216.300003 -14.816255
v -17.657187 211.494934 -14.816420
v -19.296686 216.300003 -12.607156
v -18.924271 210.885178 -13.159578
v -19.961416 210.347763 -11.525811
v -11.525001 216.300003 -19.961885
v -11.526051 213.775314 -19.961279
v -11.894190 213.667953 -19.744131
v -14.157602 216.300003 -18.189690
v -13.713066 213.083679 -18.527124
v -14.293495 212.878036 -18.083099
v -9.987259 214.185318 -20.773952
v -10.970588 216.300003 -20.271870
v -7.997491 214.624619 -21.618109
v -7.883564 216.300003 -21.659914
v -7.883844 214.646683 -21.659813
v -6.438083 214.898926 -22.132637
v -7.484323 216.300003 -21.801088
v -4.359551 215.170883 -22.633976
v -4.002591 216.300003 -22.699818
v -4.003089 215.206894 -22.699730
v -2.537381 215.322510 -22.909916
v -3.793905 216.300003 -22.735628
v -0.395964 215.398117 -23.046598
v -0.000000 216.300003 -23.050001
v 0.000132 215.399994 -23.050001
v 1.730826 215.363953 -22.984924
v 3.793905 216.300003 -22.735628
v 3.843781 215.221985 -22.727249
v 4.002591 216.300003 -22.699818
v 4.002685 215.206924 -22.699800
v 7.883564 216.300003 -21.659914
v 7.885350 214.646393 -21.659264
v 7.484323 216.300003 -21.801088
v 6.642651 214.866409 -22.072104
v 4.525107 215.153107 -22.601458
v 11.525001 216.300003 -19.961885
v 11.070777 213.903107 -20.217329
v 10.970588 216.300003 -20.271870
v 10.680169 214.008392 -20.426369
v 8.694631 214.482208 -21.347269
v 17.657103 211.494980 -14.816519
v 16.721075 211.913498 -15.865311
v 17.657324 216.300003 -14.816255
v 16.449448 212.029999 -16.146770
v 16.958435 216.300003 -15.611341
v 14.816294 212.684692 -17.657291
v 14.816255 216.300003 -17.657324
v 14.788836 212.695038 -17.680294
v 14.157602 216.300003 -18.189690
v 12.994188 213.325409 -19.038214
v 11.526231 213.775269 -19.961174
v 18.181238 211.248871 -14.168452
v 19.296686 216.300003 -12.607156
v 19.456713 210.613678 -12.358755
v 19.960995 210.347992 -11.526545
v 19.961885 216.300003 -11.525001
v 20.549227 210.027344 -10.441829
v 21.108576 216.300003 -9.259080
v 21.080528 209.727631 -9.322760
v 21.659317 209.389923 -7.885208
v 21.659914 216.300003 -7.883564
v 21.848150 209.277191 -7.345804
v 22.344677 216.300003 -5.658440
v 22.425655 208.924423 -5.328462
v 22.699560 208.752838 -4.004051
v 22.699818 216.300003 -4.002591
v 22.816196 208.678925 -3.274710
v 22.971272 216.300003 -1.903454
v 23.001459 208.560471 -1.495117
v 23.050001 208.529221 -0.000158
v 23.050001 216.300003 -0.000000
v 23.041771 208.534531 0.615809
v 22.971272 216.300003 1.903454
v 22.890623 208.631485 2.705886
v 22.699579 208.752823 4.003941
v 22.699818 216.300003 4.002591
v 22.549011 208.847488 4.779607
v 22.344677 216.300003 5.658440
v 22.369980 208.958954 5.557560
v 21.743984 209.339539 7.648636
v 21.659914 216.300003 7.883564
v 21.659584 209.389771 7.884469
v 20.921242 209.818497 9.674925
v 21.108576 216.300003 9.259080
v 19.961590 210.347672 11.525514
v 19.961885 216.300003 11.525001
v 19.870930 210.396057 11.681124
v 19.296686 216.300003 12.607156
v 18.624981 211.033768 13.579858
v 17.657324 216.300003 14.816255
v 17.657015 211.495010 14.816623
v 16.958435 216.300003 15.611341
v 15.615754 212.373917 16.954372
v 17.203514 211.701111 15.340849
v 11.525001 216.300003 19.961885
v 11.705916 213.723312 19.856333
v 14.157602 216.300003 18.189690
v 13.537960 213.143875 18.655458
v 14.816255 216.300003 17.657324
v 14.816924 212.684448 17.656763
v 15.264292 212.512802 17.271477
v 7.883564 216.300003 21.659914
v 8.398293 214.544250 21.465580
v 10.970588 216.300003 20.271870
v 9.773503 214.237381 20.875372
v 11.525585 213.775452 19.961548
v 4.002591 216.300003 22.699818
v 4.298459 215.177277 22.645657
v 7.484323 216.300003 21.801088
v 6.367276 214.909943 22.153109
v 7.884913 214.646469 21.659424
v -0.000000 215.399994 23.050001
v 0.684835 215.394363 23.039824
v 3.793905 216.300003 22.735628
v 2.196876 215.341919 22.945070
v 4.003072 215.206894 22.699734
v 14.751265 219.300003 13.579495
v 16.785187 219.300003 10.966311
v 18.361256 219.300003 8.053993
v 19.436476 219.300003 4.921984
v 19.981518 219.300003 1.655716
v 19.981518 219.300003 -1.655716
v 19.436476 219.300003 -4.921984
v 18.361256 219.300003 -8.053993
v 16.785187 219.300003 -10.966311
v 14.751265 219.300003 -13.579495
v 12.314965 219.300003 -15.822268
v 9.542746 219.300003 -17.633450
v 6.510224 219.300003 -18.963634
v 3.300122 219.300003 -19.776543
v -0.000000 219.300003 -20.050001
v -3.300122 219.300003 -19.776543
v -6.510224 219.300003 -18.963634
v -9.542746 219.300003 -17.633450
v -12.314965 219.300003 -15.822268
v -14.751265 219.300003 -13.579495
v -16.785187 219.300003 -10.966311
v -18.361256 219.300003 -8.053993
v -19.436476 219.300003 -4.921984
v -19.981518 219.300003 -1.655716
v -19.981518 219.300003 1.655716
v -19.436476 219.300003 4.921984
v -18.361256 219.300003 8.053993
v -16.785187 219.300003 10.966311
v -14.751265 219.300003 13.579495
v -12.314965 219.300003 15.822268
v -9.542746 219.300003 17.633450
v -6.510224 219.300003 18.963634
v -3.300122 219.300003 19.776543
v -0.000000 219.300003 20.050001
v 3.300122 219.300003 19.776543
v 6.510224 219.300003 18.963634
v 9.542746 219.300003 17.633450
v 12.314965 219.300003 15.822268
v -47.099998 166.300003 -26.000000
v -46.457619 174.052399 -26.000000
v -0.000000 166.300003 -26.000000
v -46.457619 158.547592 -26.000000
v -37.168518 137.370575 -26.000000
v -41.423214 143.882874 -26.000000
v -44.547993 151.006653 -26.000000
v -18.919855 123.167076 -26.000000
v -25.761257 126.869461 -26.000000
v -31.899963 131.647400 -26.000000
v 3.889487 119.360870 -26.000000
v -3.889487 119.360870 -26.000000
v -11.562366 120.641251 -26.000000
v 25.761257 126.869461 -26.000000
v 18.919855 123.167076 -26.000000
v 11.562366 120.641251 -26.000000
v 41.423214 143.882874 -26.000000
v 37.168518 137.370575 -26.000000
v 31.899963 131.647400 -26.000000
v 47.099998 166.300003 -26.000000
v 46.457619 158.547592 -26.000000
v 44.547993 151.006653 -26.000000
v 41.423214 188.717117 -26.000000
v 44.547993 181.593338 -26.000000
v 46.457619 174.052399 -26.000000
v 25.761257 205.730545 -26.000000
v 31.899963 200.952591 -26.000000
v 37.168518 195.229416 -26.000000
v 3.889487 213.239136 -26.000000
v 11.562366 211.958755 -26.000000
v 18.919855 209.432922 -26.000000
v -18.919855 209.432922 -26.000000
v -11.562366 211.958755 -26.000000
v -3.889487 213.239136 -26.000000
v -37.168518 195.229416 -26.000000
v -31.899963 200.952591 -26.000000
v -25.761257 205.730545 -26.000000
v -44.547993 181.593338 -26.000000
v -41.423214 188.717117 -26.000000
v -47.099998 166.300003 26.000000
v -46.457619 158.547592 26.000000
v -0.000000 166.300003 26.000000
v -46.457619 174.052399 26.000000
v -37.168518 195.229416 26.000000
v -41.423214 188.717117 26.000000
v -44.547993 181.593338 26.000000
v -18.919855 209.432922 26.000000
v -25.761257 205.730545 26.000000
v -31.899963 200.952591 26.000000
v 3.889487 213.239136 26.000000
v -3.889487 213.239136 26.000000
v -11.562366 211.958755 26.000000
v 25.761257 205.730545 26.000000
v 18.919855 209.432922 26.000000
v 11.562366 211.958755 26.000000
v 41.423214 188.717117 26.000000
v 37.168518 195.229416 26.000000
v 31.899963 200.952591 26.000000
v 47.099998 166.300003 26.000000
v 46.457619 174.052399 26.000000
v 44.547993 181.593338 26.000000
v 41.423214 143.882874 26.000000
v 44.547993 151.006653 26.000000
v 46.457619 158.547592 26.000000
v 25.761257 126.869461 26.000000
v 31.899963 131.647400 26.000000
v 37.168518 137.370575 26.000000
v 3.889487 119.360870 26.000000
v 11.562366 120.641251 26.000000
v 18.919855 123.167076 26.000000
v -18.919855 123.167076 26.000000
v -11.562366 120.641251 26.000000
v -3.889487 119.360870 26.000000
v -37.168518 137.370575 26.000000
v -31.899963 131.647400 26.000000
v -25.761257 126.869461 26.000000
v -44.547993 151.006653 26.000000
v -41.423214 143.882874 26.000000
v 3.892528 213.238876 24.719154
v 2.290244 213.344284 24.935966
v 0.713941 213.394592 25.038940
v -0.000000 213.399994 25.049999
v -1.526333 213.375259 24.999416
v 10.188880 212.284744 22.686684
v 8.755223 212.579117 23.328106
v 6.637888 212.929916 24.075289
v 4.481145 213.186340 24.610571
v 17.934669 209.851776 16.671942
v 16.279428 210.497177 18.425467
v 15.913030 210.630417 18.770086
v 14.113327 211.235779 20.274153
v 12.203423 211.791611 21.579226
v 11.572968 211.956070 21.953428
v 22.776705 207.526596 -7.983183
v 23.378754 207.188187 -5.790801
v 20.283630 208.808640 -13.431097
v 21.422577 208.246201 -11.347844
v 21.976458 207.958679 -10.131676
v 23.785892 206.952698 -3.558850
v 23.979031 206.839066 -1.624845
v 24.021055 206.814178 0.669242
v 23.863485 206.907196 2.940670
v 23.507351 207.114395 5.194323
v 23.320713 207.221313 6.039778
v 22.668112 207.586395 8.312292
v 21.810402 208.045853 10.514398
v 20.715450 208.599884 12.694670
v 19.416550 209.211624 14.758153
v 18.937832 209.425034 15.419353
v 15.417367 210.805222 -19.214376
v 17.148556 210.167267 -17.547791
v 17.431728 210.055511 -17.241913
v 18.921541 209.432175 -15.441073
v 18.953949 209.417953 -15.397820
v 3.890162 213.239075 -24.719561
v 4.007143 213.229233 -24.699245
v 4.717426 213.163162 -24.562540
v 6.924966 212.888138 -23.987253
v 9.064157 212.519592 -23.199526
v 11.134080 212.065079 -22.198719
v 11.541289 211.964081 -21.971544
v 11.562964 211.958603 -21.959156
v 13.546446 211.409912 -20.690119
v -3.892273 213.238907 -24.719198
v -2.645221 213.325668 -24.897760
v -0.412792 213.398193 -25.046305
v 1.804387 213.365433 -24.979279
v -10.411721 212.234802 -22.576466
v -8.337388 212.656204 -23.493868
v -6.711704 212.919342 -24.053040
v -4.544834 213.180222 -24.597878
v -18.280193 209.707886 -16.259005
v -16.669153 210.351669 -18.042822
v -14.900974 210.980774 -19.652132
v -14.295877 211.178040 -20.134684
v -12.399696 211.738495 -21.457289
v -11.574282 211.955734 -21.952675
v -21.258837 208.329422 11.677683
v -22.218866 207.829895 9.539831
v -22.766159 207.532410 8.015806
v -23.373587 207.191147 5.813425
v -23.782330 206.954773 3.584633
v -23.995596 206.829269 1.332838
v -24.025738 206.811401 -0.450973
v -23.884438 206.894867 -2.749587
v -23.542923 207.093887 -5.016186
v -22.999891 207.402496 -7.254543
v -22.838562 207.492355 -7.788760
v -22.018002 207.936737 -10.033177
v -20.993080 208.462784 -12.188966
v -19.728558 209.069077 -14.301407
v -18.940296 209.423950 -15.416066
v -13.112689 211.537903 20.991604
v -15.030300 210.937424 19.544811
v -16.795086 210.303802 17.915457
v -18.400822 209.656891 16.110455
v -18.754507 209.505081 15.660962
v -18.928415 209.429169 15.431912
v -20.104868 208.893478 13.720077
v -6.619046 212.932587 24.080927
v -8.791392 212.572250 23.313318
v -3.737874 213.251450 24.745081
v -3.890919 213.239014 24.719431
v -5.921500 213.026291 24.277504
v -10.880033 212.126144 22.335192
v -11.574207 211.955750 21.952719
v -12.882706 211.603928 21.145792
v -7.469524 216.820938 -21.757980
v -10.948895 216.820938 -20.231787
v -14.129609 216.820938 -18.153721
v -16.924904 216.820938 -15.580472
v -19.258533 216.820938 -12.582227
v -21.066837 216.820938 -9.240771
v -22.300495 216.820938 -5.647252
v -22.925852 216.820938 -1.899690
v -22.925852 216.820938 1.899690
v -16.924904 216.820938 15.580472
v -14.129609 216.820938 18.153721
v -10.948895 216.820938 20.231787
v -7.469524 216.820938 21.757980
v -3.786404 216.820938 22.690672
v 7.469524 216.820938 21.757980
v 10.948895 216.820938 20.231787
v 14.129609 216.820938 18.153721
v 16.924904 216.820938 15.580472
v 19.258533 216.820938 12.582227
v 21.066837 216.820938 9.240771
v 22.300495 216.820938 5.647252
v 22.925852 216.820938 1.899690
v 22.925852 216.820938 -1.899690
v 16.924904 216.820938 -15.580472
v 14.129609 216.820938 -18.153721
v 10.948895 216.820938 -20.231787
v 7.469524 216.820938 -21.757980
v 3.786404 216.820938 -22.690672
v 17.221306 219.254425 -11.251240
v 18.838322 219.254425 -8.263254
v 17.644171 219.119080 -11.527513
v 19.300896 219.119080 -8.466157
v 18.040937 218.898071 -11.786733
v 19.734915 218.898071 -8.656536
v 18.399548 218.598129 -12.021025
v -17.221306 219.254425 11.251240
v -18.838322 219.254425 8.263254
v -17.644171 219.119080 11.527513
v -19.300896 219.119080 8.466157
v -18.040937 218.898071 11.786733
v -19.734915 218.898071 8.656536
v -18.399548 218.598129 12.021025
v 15.134536 219.254425 -13.932322
v 15.506162 219.119080 -14.274427
v 15.854851 218.898071 -14.595418
v 16.170006 218.598129 -14.885540
v 16.442057 218.228363 -15.135980
v -15.134536 219.254425 13.932322
v -15.506162 219.119080 14.274427
v -15.854851 218.898071 14.595418
v -16.170006 218.598129 14.885540
v -16.442057 218.228363 15.135980
v 12.634935 219.254425 -16.233366
v 12.945185 219.119080 -16.631973
v 13.236284 218.898071 -17.005978
v 13.499390 218.598129 -17.344017
v 13.726507 218.228363 -17.635817
v 13.910736 217.800003 -17.872515
v -12.634935 219.254425 16.233366
v -12.945185 219.119080 16.631973
v -13.236284 218.898071 17.005978
v -13.499390 218.598129 17.344017
v -13.726507 218.228363 17.635817
v -13.910736 217.800003 17.872515
v 9.790688 219.254425 -18.091606
v 10.031096 219.119080 -18.535841
v 10.256667 218.898071 -18.952660
v 10.460545 218.598129 -19.329393
v 10.636536 218.228363 -19.654596
v 10.779293 217.800003 -19.918388
v 10.884478 217.326065 -20.112753
v -9.790688 219.254425 18.091606
v -10.031096 219.119080 18.535841
v -10.256667 218.898071 18.952660
v -10.460545 218.598129 19.329393
v -10.636536 218.228363 19.654596
v -10.779293 217.800003 19.918388
v -10.884478 217.326065 20.112753
v 6.679375 219.254425 -19.456354
v 6.843386 219.119080 -19.934101
v 6.997274 218.898071 -20.382362
v 7.136363 218.598129 -20.787516
v 7.256427 218.228363 -21.137251
v 7.353818 217.800003 -21.420940
v 7.425577 217.326065 -21.629969
v -6.679375 219.254425 19.456354
v -6.843386 219.119080 19.934101
v -6.997274 218.898071 20.382362
v -7.136363 218.598129 20.787516
v -7.256427 218.228363 21.137251
v -7.353818 217.800003 21.420940
v -7.425577 217.326065 21.629969
v 20.942890 217.326065 -9.186404
v 21.066837 216.820938 -9.240771
v 19.258533 216.820938 -12.582227
v -20.942890 217.326065 9.186404
v -21.066837 216.820938 9.240771
v -19.258533 216.820938 12.582227
v -0.000000 219.300003 -20.050001
v -0.000000 219.254425 -20.570946
v 3.385866 219.254425 -20.290384
v -0.000000 219.119080 -21.076061
v 3.469005 219.119080 -20.788610
v -0.000000 218.898071 -21.549999
v 3.547014 218.898071 -21.256086
v -0.000000 218.598129 -21.978363
v 3.617520 218.598129 -21.678606
v -0.000000 218.228363 -22.348133
v 3.678382 218.228363 -22.043335
v -0.000000 217.800003 -22.648075
v 3.727751 217.800003 -22.339186
v -0.000000 217.326065 -22.869078
v 3.764127 217.326065 -22.557173
v -0.000000 216.820938 -23.004423
v -0.000000 216.300003 -23.050001
v 20.127197 218.598129 -8.828608
v 18.709108 218.228363 -12.223270
v 16.662731 217.800003 -15.339125
v 14.046478 217.326065 -18.046915
v 20.465824 218.228363 -8.977143
v 18.960209 217.800003 -12.387323
v 16.825327 217.326065 -15.488805
v 20.740503 217.800003 -9.097629
v 19.145226 217.326065 -12.508200
v 22.300495 216.820938 -5.647252
v 22.169291 217.326065 -5.614027
v 21.955051 217.800003 -5.559774
v 21.664286 218.228363 -5.486142
v 21.305832 218.598129 -5.395369
v 20.890575 218.898071 -5.290212
v 20.431139 219.119080 -5.173867
v 19.941479 219.254425 -5.049869
v 20.500685 219.254425 -1.698735
v 21.004076 219.119080 -1.740447
v 21.476395 218.898071 -1.779585
v 21.903296 218.598129 -1.814959
v 22.271803 218.228363 -1.845494
v 22.570723 217.800003 -1.870263
v 22.790968 217.326065 -1.888513
v 22.790968 217.326065 1.888513
v 22.570723 217.800003 1.870263
v 22.271803 218.228363 1.845494
v 21.903296 218.598129 1.814959
v 21.476395 218.898071 1.779585
v 21.004076 219.119080 1.740447
v 20.500685 219.254425 1.698735
v 22.169291 217.326065 5.614027
v 21.955051 217.800003 5.559774
v 21.664286 218.228363 5.486142
v 21.305832 218.598129 5.395369
v 20.890575 218.898071 5.290212
v 20.431139 219.119080 5.173867
v 19.941479 219.254425 5.049869
v 20.942890 217.326065 9.186404
v 20.740503 217.800003 9.097629
v 20.465824 218.228363 8.977143
v 20.127197 218.598129 8.828608
v 19.734915 218.898071 8.656536
v 19.300896 219.119080 8.466157
v 18.838322 219.254425 8.263254
v 19.145226 217.326065 12.508200
v 18.960209 217.800003 12.387323
v 18.709108 218.228363 12.223270
v 18.399548 218.598129 12.021025
v 18.040937 218.898071 11.786733
v 17.644171 219.119080 11.527513
v 17.221306 219.254425 11.251240
v 16.825327 217.326065 15.488805
v 16.662731 217.800003 15.339125
v 16.442057 218.228363 15.135980
v 16.170006 218.598129 14.885540
v 15.854851 218.898071 14.595418
v 15.506162 219.119080 14.274427
v 15.134536 219.254425 13.932322
v 14.046478 217.326065 18.046915
v 13.910736 217.800003 17.872515
v 13.726507 218.228363 17.635817
v 13.499390 218.598129 17.344017
v 13.236284 218.898071 17.005978
v 12.945185 219.119080 16.631973
v 12.634935 219.254425 16.233366
v 10.884478 217.326065 20.112753
v 10.779293 217.800003 19.918388
v 10.636536 218.228363 19.654596
v 10.460545 218.598129 19.329393
v 10.256667 218.898071 18.952660
v 10.031096 219.119080 18.535841
v 9.790688 219.254425 18.091606
v 7.425577 217.326065 21.629969
v 7.353818 217.800003 21.420940
v 7.256427 218.228363 21.137251
v 7.136363 218.598129 20.787516
v 6.997274 218.898071 20.382362
v 6.843386 219.119080 19.934101
v 6.679375 219.254425 19.456354
v 3.786404 216.820938 22.690672
v 3.764127 217.326065 22.557173
v 3.727751 217.800003 22.339186
v 3.678382 218.228363 22.043335
v 3.617520 218.598129 21.678606
v 3.547014 218.898071 21.256086
v 3.469005 219.119080 20.788610
v 3.385866 219.254425 20.290384
v -0.000000 219.300003 20.050001
v -0.000000 219.254425 20.570946
v -0.000000 219.119080 21.076061
v -0.000000 218.898071 21.549999
v -0.000000 218.598129 21.978363
v -0.000000 218.228363 22.348133
v -0.000000 217.800003 22.648075
v -0.000000 217.326065 22.869078
v -0.000000 216.820938 23.004423
v -0.000000 216.300003 23.050001
v -3.385866 219.254425 20.290384
v -3.469005 219.119080 20.788610
v -3.547014 218.898071 21.256086
v -3.617520 218.598129 21.678606
v -3.678382 218.228363 22.043335
v -3.727751 217.800003 22.339186
v -3.764127 217.326065 22.557173
v -20.127197 218.598129 8.828608
v -18.709108 218.228363 12.223270
v -16.662731 217.800003 15.339125
v -14.046478 217.326065 18.046915
v -20.465824 218.228363 8.977143
v -18.960209 217.800003 12.387323
v -16.825327 217.326065 15.488805
v -20.740503 217.800003 9.097629
v -19.145226 217.326065 12.508200
v -22.300495 216.820938 5.647252
v -22.169291 217.326065 5.614027
v -21.955051 217.800003 5.559774
v -21.664286 218.228363 5.486142
v -21.305832 218.598129 5.395369
v -20.890575 218.898071 5.290212
v -20.431139 219.119080 5.173867
v -19.941479 219.254425 5.049869
v -20.500685 219.254425 1.698735
v -21.004076 219.119080 1.740447
v -21.476395 218.898071 1.779585
v -21.903296 218.598129 1.814959
v -22.271803 218.228363 1.845494
v -22.570723 217.800003 1.870263
v -22.790968 217.326065 1.888513
v -22.790968 217.326065 -1.888513
v -22.570723 217.800003 -1.870263
v -22.271803 218.228363 -1.845494
v -21.903296 218.598129 -1.814959
v -21.476395 218.898071 -1.779585
v -21.004076 219.119080 -1.740447
v -20.500685 219.254425 -1.698735
v -22.169291 217.326065 -5.614027
v -21.955051 217.800003 -5.559774
v -21.664286 218.228363 -5.486142
v -21.305832 218.598129 -5.395369
v -20.890575 218.898071 -5.290212
v -20.431139 219.119080 -5.173867
v -19.941479 219.254425 -5.049869
v -20.942890 217.326065 -9.186404
v -20.740503 217.800003 -9.097629
v -20.465824 218.228363 -8.977143
v -20.127197 218.598129 -8.828608
v -19.734915 218.898071 -8.656536
v -19.300896 219.119080 -8.466157
v -18.838322 219.254425 -8.263254
v -19.145226 217.326065 -12.508200
v -18.960209 217.800003 -12.387323
v -18.709108 218.228363 -12.223270
v -18.399548 218.598129 -12.021025
v -18.040937 218.898071 -11.786733
v -17.644171 219.119080 -11.527513
v -17.221306 219.254425 -11.251240
v -16.825327 217.326065 -15.488805
v -16.662731 217.800003 -15.339125
v -16.442057 218.228363 -15.135980
v -16.170006 218.598129 -14.885540
v -15.854851 218.898071 -14.595418
v -15.506162 219.119080 -14.274427
v -15.134536 219.254425 -13.932322
v -14.046478 217.326065 -18.046915
v -13.910736 217.800003 -17.872515
v -13.726507 218.228363 -17.635817
v -13.499390 218.598129 -17.344017
v -13.236284 218.898071 -17.005978
v -12.945185 219.119080 -16.631973
v -12.634935 219.254425 -16.233366
v -10.884478 217.326065 -20.112753
v -10.779293 217.800003 -19.918388
v -10.636536 218.228363 -19.654596
v -10.460545 218.598129 -19.329393
v -10.256667 218.898071 -18.952660
v -10.031096 219.119080 -18.535841
v -9.790688 219.254425 -18.091606
v -7.425577 217.326065 -21.629969
v -7.353818 217.800003 -21.420940
v -7.256427 218.228363 -21.137251
v -7.136363 218.598129 -20.787516
v -6.997274 218.898071 -20.382362
v -6.843386 219.119080 -19.934101
v -6.679375 219.254425 -19.456354
v -3.786404 216.820938 -22.690672
v -3.764127 217.326065 -22.557173
v -3.727751 217.800003 -22.339186
v -3.678382 218.228363 -22.043335
v -3.617520 218.598129 -21.678606
v -3.547014 218.898071 -21.256086
v -3.469005 219.119080 -20.788610
v -3.385866 219.254425 -20.290384
v 6.331126 214.574310 22.193571
v 2.183069 214.996048 22.976736
v -0.000000 215.399994 23.050001
v -1.454838 215.027542 23.034410
v -3.686979 213.285507 24.404655
v -10.746365 212.185089 22.044407
v -20.379337 209.863892 10.805263
v -17.501923 211.279541 -15.030273
v 19.853806 210.141876 11.744234
v 8.643182 212.628632 23.017790
v 13.490503 212.844879 18.719475
v 11.657116 213.413101 19.914709
v 9.726629 213.916611 20.927067
v 12.057873 211.857056 21.302553
v 13.952955 211.311234 20.020498
v 15.741313 210.715744 18.541132
v 16.105721 210.584534 18.201929
v 17.168673 211.427155 15.410383
v 15.573791 212.088730 17.022856
v 15.221096 212.225220 17.339411
v 19.230240 209.316437 14.587731
v 17.753321 209.948395 16.474752
v 18.598690 210.770233 13.647634
v 22.556801 208.613968 4.809766
v 22.375887 208.724045 5.592287
v 21.743551 209.099747 7.694794
v 20.913052 209.572357 9.730609
v 23.054901 208.304886 0.619799
v 22.902092 208.400650 2.723277
v 23.014143 208.330505 -1.504783
v 22.826853 208.447510 -3.295673
v 21.848745 209.038208 -7.390395
v 22.432144 208.689941 -5.361858
v 21.073788 209.482697 -9.376920
v 20.537748 209.778336 -10.500616
v 18.152058 210.982040 -14.237119
v 19.436369 210.356354 -12.423822
v 20.526232 208.711716 12.551241
v 21.619762 208.163437 10.397828
v 22.477005 207.708328 8.221520
v 23.129623 207.346451 5.974587
v 23.316326 207.240417 5.138446
v 23.672651 207.034912 2.909239
v 23.830339 206.942642 0.662109
v 23.788280 206.967331 -1.607514
v 23.595011 207.080048 -3.520758
v 23.187681 207.313599 -5.728363
v 22.585579 207.649063 -7.896174
v 21.785685 208.077118 -10.019676
v 21.232332 208.361771 -11.221182
v 20.095228 208.918167 -13.278231
v 18.768995 209.520218 -15.218656
v 17.252466 210.149307 -17.036367
v 16.410906 211.750641 -16.216129
v 16.683802 211.636078 -15.934810
v 12.945998 213.022964 -19.100674
v 14.744171 212.404236 -17.747334
v 16.970560 210.259491 -17.337681
v 15.248517 210.887802 -18.978312
v 13.390179 211.482330 -20.429300
v 11.401524 212.026230 -21.687624
v 8.650215 214.156158 -21.395210
v 10.631980 213.692398 -20.481236
v 11.022243 213.589279 -20.273550
v 6.605331 214.531769 -22.113379
v 4.497889 214.811768 -22.637125
v 10.998031 212.125244 -21.910528
v 8.948786 212.570389 -22.891809
v 6.833805 212.930771 -23.663284
v 4.653721 213.199356 -24.226156
v 3.952695 213.263824 -24.359838
v 1.779554 213.396667 -24.633589
v 1.719894 215.017548 -23.016106
v 3.820285 214.878998 -22.761486
v -0.407093 213.428619 -24.699091
v -2.521506 214.977097 -22.942003
v -0.393443 215.050858 -23.077026
v -4.483362 213.216003 -24.260717
v -2.608951 213.357895 -24.553911
v -6.401628 214.563538 -22.173304
v -4.333219 214.829132 -22.669275
v -6.623096 212.961258 -23.727676
v -8.229942 212.704041 -23.180174
v -9.940013 213.865646 -20.826397
v -7.955149 214.295441 -21.663691
v -12.252496 211.804947 -21.182837
v -10.282557 212.291550 -22.281044
v -14.247540 212.583939 -18.149046
v -13.665909 212.785797 -18.591612
v -11.845381 213.358841 -19.803133
v -15.949072 211.939651 -16.671232
v -14.134236 211.254486 -19.883396
v -14.735319 211.060516 -19.408911
v -16.493444 210.441208 -17.825201
v -18.097528 209.806412 -16.067753
v -19.541426 209.175598 -14.137113
v -21.114004 209.460129 -9.285883
v -20.122278 210.000977 -11.277389
v -18.900038 210.623856 -13.226548
v -22.591286 208.592865 -4.644871
v -22.064980 208.910507 -6.716347
v -21.908672 209.002975 -7.210553
v -22.922411 208.387970 -2.546337
v -23.059444 208.302017 -0.417656
v -23.030209 208.320419 1.234360
v -22.823397 208.449646 3.319546
v -21.838530 209.044205 7.420569
v -22.427135 208.692978 5.382797
v -21.308475 209.350235 8.829856
v -18.570194 209.606232 15.478146
v 9.950024 212.447311 22.099573
v 10.061914 212.340469 22.389120
v 11.929252 211.970108 21.032936
v 13.810768 211.430573 19.772915
v 15.588491 210.841141 18.317282
v 15.950994 210.711182 17.983297
v 17.591091 210.080536 16.281563
v 19.062815 209.453339 14.420493
v 20.355421 208.852570 12.410281
v 21.446924 208.307404 10.283116
v 22.303097 207.854584 8.132101
v 22.955200 207.494339 5.910316
v 23.141802 207.388748 5.083344
v 23.497992 207.184082 2.878231
v 23.655642 207.092163 0.655071
v 23.613590 207.116760 -1.590414
v 23.420374 207.229034 -3.483182
v 23.013224 207.461624 -5.666801
v 22.411566 207.795593 -7.810449
v 21.612604 208.221527 -9.909439
v 21.060127 208.504654 -11.096597
v 19.925425 209.057724 -13.128072
v 18.603041 209.655655 -15.042931
v 17.092325 210.279800 -16.835098
v 16.811668 210.389038 -17.132004
v 15.098413 211.011536 -18.747618
v 13.251776 211.599777 -20.174852
v 11.278135 212.137177 -21.411085
v 10.877993 212.234924 -21.629915
v 8.847247 212.674042 -22.592600
v 6.753727 213.029114 -23.348637
v 4.597839 213.293442 -23.899742
v 3.904948 213.356857 -24.030561
v 1.757792 213.487473 -24.298365
v -0.402100 213.518875 -24.362427
v -2.577161 213.449356 -24.220430
v -4.429443 213.309814 -23.933563
v -6.545273 213.059128 -23.411705
v -8.135446 212.805771 -22.875282
v -10.168701 212.399048 -21.993534
v -12.122374 211.918625 -20.915340
v -13.990874 211.374420 -19.638084
v -14.588217 211.182495 -19.171343
v -16.336790 210.569153 -17.612272
v -17.933962 209.939697 -15.880309
v -19.373089 209.313461 -13.975830
v -20.632015 208.717758 -11.917156
v -20.803411 208.576096 -12.051903
v -21.654058 208.199921 -9.813255
v -21.827198 208.055389 -9.922347
v -22.473364 207.761810 -7.620411
v -22.647430 207.615128 -7.703962
v -22.634550 207.673157 -7.098177
v -22.808754 207.526062 -7.175789
v -23.177372 207.368500 -4.909079
v -23.351913 207.220093 -4.962259
v -23.518953 207.171906 -2.691226
v -23.693621 207.022690 -2.720209
v -23.660328 207.089417 -0.441425
v -23.835026 206.939880 -0.446167
v -23.630167 207.107071 1.304604
v -23.804859 206.957611 1.318627
v -23.416807 207.231094 3.508412
v -23.591446 207.082123 3.546263
v -23.008059 207.464539 5.688929
v -23.182512 207.316528 5.750736
v -22.401033 207.801331 7.842333
v -22.575035 207.654831 7.928423
v -21.854530 208.094635 9.331436
v -22.027933 207.949570 9.434822
v -20.896885 208.586548 11.418425
v -21.068796 208.444138 11.546969
v -19.747496 209.141052 13.409629
v -19.916849 209.002045 13.563450
v -18.404915 209.741043 15.298876
v 9.856227 212.602371 21.825844
v 11.820838 212.127869 20.777254
v 13.690170 211.590912 19.537331
v 15.457973 211.003815 18.103527
v 15.818646 210.874298 17.774368
v 17.451267 210.245544 16.096287
v 18.917406 209.619766 14.259565
v 20.205957 209.020004 12.274219
v 21.294640 208.475464 10.172091
v 22.148977 208.022964 8.045368
v 22.799900 207.662872 5.847871
v 22.986197 207.557327 5.029782
v 23.341846 207.352676 2.848060
v 23.499275 207.260773 0.648220
v 23.457283 207.285370 -1.573771
v 23.264341 207.397629 -3.446629
v 22.857828 207.630173 -5.606979
v 22.257238 207.964005 -7.727276
v 21.459940 208.389664 -9.802700
v 20.908783 208.672501 -10.976132
v 19.777224 209.224854 -12.983281
v 18.459265 209.821671 -14.874017
v 16.954636 210.444260 -16.642290
v 16.675232 210.553177 -16.935091
v 14.970472 211.173584 -18.527550
v 13.134619 211.759354 -19.932987
v 11.174334 212.294037 -21.149118
v 10.777121 212.391235 -21.364256
v 8.762343 212.827682 -22.310167
v 6.687035 213.180298 -23.052364
v 4.551436 213.442627 -23.592964
v 3.865329 213.505539 -23.721237
v 1.739760 213.635086 -23.983755
v -0.397964 213.666229 -24.046539
v -2.550809 213.597290 -23.907370
v -4.384678 213.458862 -23.626129
v -6.480481 213.210083 -23.114246
v -8.056548 212.958527 -22.587748
v -10.073202 212.554398 -21.721645
v -12.012632 212.076660 -20.661585
v -13.869200 211.535019 -19.404581
v -14.463087 211.343872 -18.944946
v -16.202564 210.732742 -17.408630
v -17.792742 210.105057 -15.700405
v -19.226635 209.480164 -13.820518
v -20.481787 208.885361 -11.787004
v -21.501303 208.368057 -9.707615
v -22.318918 207.930252 -7.539335
v -22.479811 207.841629 -7.022832
v -23.021711 207.537064 -4.857380
v -23.362780 207.340500 -2.663024
v -23.503956 207.258026 -0.436809
v -23.473835 207.275681 1.290955
v -23.260782 207.399689 3.471593
v -22.852671 207.633087 5.628869
v -22.246725 207.969742 7.758809
v -21.701334 208.262863 9.231269
v -20.745955 208.754318 11.294181
v -19.599840 209.308044 13.261371
v -18.261871 209.906876 15.126634
v -17.912012 210.055237 15.557931
v 9.783050 212.801498 21.575310
v 11.735398 212.326324 20.542023
v 13.594049 211.788437 19.319387
v 15.352666 211.200134 17.904636
v 15.711576 211.070328 17.579725
v 17.336687 210.440048 15.922683
v 18.796726 209.812622 14.107954
v 20.080418 209.211121 12.145397
v 21.165340 208.664917 10.066523
v 22.016949 208.210983 7.962614
v 22.665915 207.849701 5.788133
v 22.851671 207.743790 4.978503
v 23.206316 207.538452 2.819134
v 23.363310 207.446228 0.641648
v 23.321430 207.470917 -1.557807
v 23.129026 207.583557 -3.411594
v 22.723673 207.816895 -5.549737
v 22.124876 208.151825 -7.647885
v 21.330097 208.578842 -9.701140
v 20.780777 208.862579 -10.861762
v 19.653250 209.416580 -12.846423
v 18.340427 210.015076 -14.715155
v 16.842258 210.639282 -16.461948
v 16.564127 210.748459 -16.751097
v 14.867608 211.370270 -18.323120
v 13.041569 211.957199 -19.709614
v 11.092814 212.492737 -20.908541
v 10.698067 212.590073 -21.120543
v 8.696424 213.027054 -22.052324
v 6.635650 213.379990 -22.782990
v 4.515887 213.642487 -23.314915
v 3.835018 213.705429 -23.441095
v 1.726004 213.835037 -23.699282
v -0.394812 213.866196 -23.761021
v -2.530689 213.797226 -23.624163
v -4.350397 213.658737 -23.347542
v -6.430592 213.409805 -22.843891
v -7.995465 213.158035 -22.325640
v -9.998620 212.753464 -21.472662
v -11.926051 212.275024 -20.428003
v -13.772107 211.732437 -19.188440
v -14.362839 211.540909 -18.734985
v -16.093658 210.928452 -17.218660
v -17.676689 210.299210 -15.531627
v -19.104750 209.672623 -13.674027
v -20.355265 209.076080 -11.663644
v -21.371325 208.557175 -9.607083
v -22.186367 208.117966 -7.461925
v -22.346773 208.029053 -6.950848
v -22.887085 207.723480 -4.807877
v -23.227190 207.526245 -2.635983
v -23.367975 207.443481 -0.432380
v -23.337938 207.461182 1.277862
v -23.125477 207.585617 3.436303
v -22.718533 207.819809 5.571400
v -22.114395 208.157593 7.679085
v -21.570711 208.451645 9.135869
v -20.618511 208.944641 11.176298
v -19.476532 209.500015 13.121330
v -18.143847 210.100510 14.964761
v -17.795448 210.249268 15.390876
v -16.217194 210.881744 17.098412
v -19.263611 210.443512 12.690412
v -17.959564 211.071442 14.479533
v -17.618292 211.227219 14.893498
v -16.070370 211.890594 16.554163
v 9.732463 213.039291 21.354715
v 11.675112 212.560394 20.333246
v 13.524703 212.018402 19.124298
v 15.274921 211.425720 17.725040
v 15.632137 211.294968 17.403643
v 17.249674 210.660141 15.764270
v 18.703037 210.028290 13.968491
v 19.980959 209.422653 12.026034
v 21.061085 208.872757 9.968093
v 21.908974 208.415817 7.885072
v 22.555136 208.052170 5.731945
v 22.740093 207.945572 4.930218
v 23.093218 207.738907 2.791840
v 23.249542 207.646088 0.635440
v 23.207844 207.670929 -1.542733
v 23.016258 207.784302 -3.378551
v 22.612644 208.019150 -5.495878
v 22.016434 208.356277 -7.573448
v 21.225119 208.786118 -9.606357
v 20.678215 209.071747 -10.755363
v 19.555700 209.629517 -12.719923
v 18.248810 210.232162 -14.569393
v 16.757534 210.860779 -16.297829
v 16.480696 210.970749 -16.583899
v 14.792164 211.597107 -18.138977
v 12.974897 212.188446 -19.510187
v 11.035701 212.728119 -20.695599
v 10.642911 212.826218 -20.905180
v 8.651311 213.266663 -21.826193
v 6.601048 213.622452 -22.548260
v 4.492245 213.887115 -23.073837
v 3.814921 213.950592 -23.198494
v 1.716940 214.081284 -23.453558
v -0.392737 214.112686 -23.514549
v -2.517409 214.043137 -23.379351
v -4.327615 213.903503 -23.106068
v -6.397044 213.652512 -22.608440
v -7.953909 213.398682 -22.096310
v -9.946954 212.990891 -21.253256
v -11.864827 212.508713 -20.220514
v -13.701903 211.961975 -18.994799
v -14.289801 211.769028 -18.546339
v -16.012426 211.152054 -17.046461
v -17.588108 210.518295 -15.377331
v -19.009666 209.887314 -13.539041
v -20.254583 209.286697 -11.549163
v -21.266167 208.764313 -9.513238
v -22.077658 208.322189 -7.389319
v -22.237368 208.232697 -6.883267
v -22.775354 207.925125 -4.761255
v -23.114004 207.726608 -2.610465
v -23.254189 207.643311 -0.428197
v -23.224279 207.661148 1.265498
v -23.012726 207.786377 3.403020
v -22.607525 208.022095 5.517330
v -22.005997 208.362076 7.604340
v -21.464680 208.658081 9.046712
v -20.516666 209.154358 11.066735
v -19.379774 209.713531 12.992018
v -18.053125 210.318192 14.816400
v -17.706326 210.468002 15.238057
v -16.135384 211.105011 16.927502
v -14.415558 211.726608 18.446516
v 9.705830 213.309372 21.170012
v 11.641515 212.824142 20.156246
v 13.483795 212.275314 18.956734
v 15.226470 211.675552 17.568748
v 15.582073 211.543274 17.249985
v 17.191990 210.901337 15.624264
v 18.638086 210.262741 13.843782
v 19.909300 209.650940 11.918187
v 20.983536 209.095688 9.878371
v 21.826664 208.634415 7.813900
v 22.469122 208.267426 5.680098
v 22.653009 208.159866 4.885597
v 23.004074 207.951355 2.766544
v 23.159477 207.857697 0.629680
v 23.118025 207.882767 -1.528750
v 22.927565 207.997147 -3.347948
v 22.526300 208.234100 -5.446158
v 21.933514 208.574326 -7.505064
v 21.146656 209.008209 -9.519843
v 20.602776 209.296600 -10.658680
v 19.486305 209.859879 -12.606020
v 18.186171 210.468765 -14.439531
v 16.702221 211.104187 -16.153339
v 16.426697 211.215378 -16.437023
v 14.745853 211.848953 -17.979315
v 12.936234 212.447464 -19.339579
v 11.004474 212.994049 -20.515835
v 10.613104 213.093430 -20.723833
v 8.628251 213.539871 -21.638029
v 6.584226 213.900711 -22.354933
v 4.481210 214.169266 -22.876865
v 3.805637 214.233673 -23.000677
v 1.712844 214.366348 -23.254026
v -0.391805 214.398239 -23.314608
v -2.511367 214.327637 -23.180313
v -4.317010 214.185898 -22.908880
v -6.380807 213.931213 -22.414690
v -7.933047 213.673752 -21.906193
v -9.919585 213.260315 -21.069304
v -11.830511 212.771790 -20.044380
v -13.660259 212.218201 -18.828264
v -14.245671 212.022919 -18.383389
v -15.960615 211.398727 -16.895746
v -17.528769 210.757950 -15.240592
v -18.943130 210.120316 -13.418036
v -20.181452 209.513641 -11.445494
v -21.187475 208.986191 -9.427551
v -21.994389 208.539917 -7.322584
v -22.153185 208.449600 -6.821071
v -22.688065 208.139236 -4.718159
v -23.024738 207.938950 -2.586812
v -23.164097 207.854904 -0.424315
v -23.134363 207.872894 1.254027
v -22.924053 207.999252 3.372195
v -22.521210 208.237076 5.467416
v -21.923136 208.580185 7.535679
v -21.384878 208.878952 8.965174
v -20.442110 209.380005 10.967308
v -19.311308 209.944748 12.875751
v -17.991472 210.555695 14.684428
v -17.646400 210.707108 15.102499
v -16.083002 211.351151 16.777773
v -14.370886 211.979980 18.284369
v -12.517692 212.573868 19.616760
v 9.703867 213.604462 21.026171
v 11.635465 213.110809 20.015537
v 13.472303 212.553024 18.820707
v 15.208394 211.944046 17.439243
v 15.562480 211.809814 17.122120
v 17.164806 211.158752 15.505498
v 18.603085 210.511612 13.736160
v 19.866671 209.892075 11.823711
v 20.933928 209.330124 9.798786
v 21.771248 208.863541 7.750157
v 22.409090 208.492447 5.633326
v 22.591629 208.383698 4.845260
v 22.940079 208.172928 2.743587
v 23.094311 208.078278 0.624443
v 23.053171 208.103607 -1.516044
v 22.864143 208.219223 -3.320196
v 22.465851 208.458755 -5.401275
v 21.877340 208.802765 -7.443744
v 21.095947 209.241623 -9.442961
v 20.555695 209.533417 -10.573298
v 19.446291 210.103607 -12.506734
v 18.153713 210.720322 -14.328060
v 16.677473 211.364426 -16.031488
v 16.403269 211.477188 -16.313566
v 14.729734 212.120041 -17.847769
v 12.926521 212.727921 -19.201954
v 10.999949 213.283600 -20.373922
v 10.609428 213.384720 -20.581268
v 8.627883 213.839127 -21.493031
v 6.585668 214.206741 -22.208570
v 4.483110 214.480545 -22.729843
v 3.807443 214.546265 -22.853544
v 1.713838 214.681610 -23.106722
v -0.392042 214.714157 -23.167274
v -2.512747 214.642105 -23.033051
v -4.318897 214.497513 -22.761827
v -6.382350 214.237839 -22.268236
v -7.933464 213.975479 -21.760626
v -9.917252 213.554535 -20.925735
v -11.823975 213.057571 -19.904068
v -13.648166 212.494995 -18.692795
v -14.231474 212.296677 -18.249926
v -15.939343 211.663162 -16.769766
v -17.499847 211.013397 -15.124134
v -18.906364 210.367340 -13.313231
v -20.137100 209.753082 -11.354388
v -21.136488 209.219360 -9.351368
v -21.937784 208.767975 -7.262702
v -22.095444 208.676636 -6.765161
v -22.626425 208.362839 -4.679184
v -22.960587 208.160385 -2.565339
v -23.098896 208.075455 -0.420786
v -23.069387 208.093628 1.243602
v -22.860657 208.221344 3.344244
v -22.460798 208.461761 5.422361
v -21.867037 208.808685 7.474119
v -21.332541 209.110870 8.892514
v -20.396078 209.617828 10.879665
v -19.272354 210.189545 12.774611
v -17.960083 210.808411 14.571408
v -17.616861 210.961868 14.986884
v -16.061176 211.614899 16.652430
v -14.356218 212.253082 18.151367
v -12.509247 212.856384 19.478037
v -12.288120 212.922623 19.619152
v -14.371893 212.539581 18.050583
v -12.529555 213.153824 19.376823
v -12.308819 213.221313 19.518007
v -10.388575 213.754730 20.605963
v -18.053703 209.889755 15.735919
v -16.326683 210.686157 17.286837
v -14.489199 211.498810 18.634056
v -12.554681 212.313278 19.789555
v -12.295926 212.639038 19.758415
v -10.365912 213.445831 20.705763
v -8.389306 214.209854 21.499022
v -18.217722 209.756088 15.921315
v -16.618759 210.394058 17.699785
v -16.461500 210.522415 17.488737
v -14.715954 211.140305 19.067488
v -14.590109 211.301849 18.842657
v -12.709942 211.883041 20.219494
v -12.619298 212.081085 19.992140
v -12.395567 212.144958 20.136526
v -12.332043 212.377640 19.932320
v -10.398032 212.885483 21.030994
v -10.369093 213.153488 20.848701
v -8.367236 213.591492 21.741739
v -8.367184 213.891693 21.596514
v -6.294027 214.251022 22.293526
v -6.313130 214.577026 22.198706
v -5.647060 214.672440 22.377710
v -3.563455 214.901611 22.803175
v -5.629382 214.344345 22.471714
v -6.292444 213.944153 22.440016
v -8.389461 213.317566 21.930660
v -10.451963 212.648880 21.247816
v -12.484915 211.946808 20.365931
v -12.824365 211.724045 20.465981
v -14.863824 211.017883 19.303360
v -3.551384 214.568344 22.895004
v -5.627577 214.035690 22.618448
v -6.308429 213.665283 22.633945
v -8.433241 213.077560 22.158026
v -10.529458 212.449966 21.493423
v -12.597854 211.788116 20.614809
v -12.959732 211.608032 20.725496
v 0.695455 213.515427 24.355391
v -1.505306 213.406265 24.653269
v 0.704088 213.425110 24.691896
v 0.680479 215.047195 23.070333
v -1.449699 214.691391 23.124916
v -3.549639 214.255325 23.042171
v -5.641696 213.755493 22.813627
v -6.341518 213.422470 22.869703
v -8.497358 212.878128 22.417515
v -10.628466 212.293991 21.761318
v -12.731564 211.672867 20.876944
v -0.000000 213.399994 25.049999
v 2.208367 213.614990 23.943171
v 2.231216 213.467209 24.256960
v 2.258786 213.376053 24.591255
v 0.678060 214.710587 23.160625
v -1.448847 214.375916 23.272230
v -3.558271 213.971924 23.240273
v -5.671328 213.511948 23.051552
v -6.390755 213.222733 23.140474
v -8.580029 212.724823 22.701910
v 4.289337 213.664581 23.359261
v 4.323150 213.464706 23.638044
v 4.367308 213.315689 23.945711
v 4.420500 213.221985 24.273130
v -1.486882 213.496902 24.317614
v 0.688304 213.662811 24.039642
v 2.190929 213.814941 23.659372
v 4.266872 213.909393 23.117647
v -5.842547 213.065720 23.947334
v -3.642353 213.378174 24.074411
v -1.471617 213.644440 24.002619
v 0.682852 213.862762 23.754240
v 2.179428 214.061005 23.414135
v 4.256425 214.191864 22.920380
v -6.531554 212.974197 23.754969
v -5.773242 213.161957 23.626804
v -3.605332 213.526688 23.764229
v -1.459974 213.844391 23.717833
v 0.679265 214.109238 23.507851
v 2.174212 214.345764 23.214865
v 4.258306 214.503616 22.773315
v -8.678959 212.621918 23.003304
v -6.454716 213.071869 23.438437
v -5.715608 213.312149 23.325275
v -3.577022 213.726593 23.483381
v -1.452307 214.090714 23.471884
v 0.677651 214.394730 23.307955
v 2.175438 214.660614 23.067583
v 4.272457 214.835373 22.680826
v 6.311986 214.248367 22.288414
v 6.310412 213.941528 22.434898
v 6.326447 213.662704 22.628790
v 6.359630 213.419907 22.864487
v 6.408999 213.220184 23.135174
v 6.473131 213.069290 23.433033
v 6.550169 212.971588 23.749453
v 8.544603 212.731445 22.716112
v 8.462229 212.884705 22.431461
v 8.398352 213.084137 22.171761
v 8.354749 213.324203 21.944235
v 8.332633 213.598206 21.755213
v 8.332622 213.898544 21.609959
v 8.354713 214.216843 21.512510
vn -0.0872 -0.0000 -0.9962
vn -0.2588 -0.0000 -0.9659
vn -0.4226 -0.0000 -0.9063
vn -0.5736 -0.0000 -0.8192
vn -0.7071 -0.0000 -0.7071
vn -0.8192 -0.0000 -0.5736
vn -0.9063 -0.0000 -0.4226
vn -0.9659 -0.0000 -0.2588
vn -0.9962 -0.0000 -0.0872
vn -0.9962 -0.0000 0.0872
vn -0.9659 -0.0000 0.2588
vn -0.9063 -0.0000 0.4226
vn -0.8192 -0.0000 0.5736
vn -0.7071 -0.0000 0.7071
vn -0.5736 -0.0000 0.8192
vn -0.4226 -0.0000 0.9063
vn -0.2588 -0.0000 0.9659
vn -0.0872 -0.0000 0.9962
vn 0.0872 -0.0000 0.9962
vn 0.2588 -0.0000 0.9659
vn 0.4226 -0.0000 0.9063
vn 0.5736 -0.0000 0.8192
vn 0.7071 -0.0000 0.7071
vn 0.8192 -0.0000 0.5736
vn 0.9063 -0.0000 0.4226
vn 0.9659 -0.0000 0.2588
vn 0.9962 -0.0000 0.0872
vn 0.9962 -0.0000 -0.0872
vn 0.9659 -0.0000 -0.2588
vn 0.9063 -0.0000 -0.4226
vn 0.8192 -0.0000 -0.5736
vn 0.7071 -0.0000 -0.7071
vn 0.5736 -0.0000 -0.8192
vn 0.4226 -0.0000 -0.9063
vn 0.2588 -0.0000 -0.9659
vn 0.0872 -0.0000 -0.9962
vn -0.0000 -1.0000 -0.0000
vn -0.0001 -1.0000 -0.0000
vn 0.0001 -1.0000 -0.0000
vn 0.0003 -1.0000 -0.0000
vn -0.0006 -1.0000 -0.0000
vn -0.0000 -0.0000 -1.0000
vn -0.0000 -0.0000 1.0000
vn 1.0000 -0.0000 -0.0000
vn -1.0000 -0.0000 -0.0000
vn 0.9394 -0.3428 -0.0086
vn 0.9206 -0.3904 -0.0002
vn 0.9520 -0.3061 -0.0000
vn 0.9141 -0.4055 -0.0000
vn 0.9106 -0.4133 -0.0064
vn 0.9712 -0.2383 -0.0003
vn 0.9826 -0.1853 -0.0105
vn 0.9752 -0.2213 -0.0053
vn 0.9673 -0.2537 -0.0022
vn 0.9594 -0.2822 -0.0006
vn 1.0000 -0.0014 -0.0000
vn 0.9998 -0.0221 -0.0001
vn 0.9981 -0.0614 -0.0020
vn 0.9968 -0.0801 -0.0039
vn 0.9948 -0.1022 -0.0018
vn 0.9898 -0.1425 0.0001
vn 0.6354 -0.7722 -0.0000
vn 0.7505 -0.6608 -0.0000
vn 0.7506 -0.6608 -0.0000
vn 0.8465 -0.5325 -0.0000
vn 0.9148 -0.4039 -0.0000
vn 0.9331 -0.3596 -0.0061
vn -1.0000 0.0079 -0.0000
vn -0.9918 0.1280 0.0005
vn -0.9953 0.0969 0.0021
vn -0.9967 0.0805 0.0036
vn -0.9979 0.0643 0.0022
vn -0.9995 0.0318 0.0004
vn -0.9575 0.2884 -0.0000
vn -0.9553 0.2957 0.0033
vn -0.9658 0.2594 0.0017
vn -0.9687 0.2481 0.0025
vn -0.9724 0.2331 0.0038
vn -0.9768 0.2140 0.0058
vn -0.9709 0.2395 0.0024
vn -0.9829 0.1844 0.0002
vn -0.9876 0.1572 -0.0001
vn -0.9579 0.2871 -0.0000
vn -0.9199 0.3922 -0.0000
vn -0.8450 0.5348 -0.0000
vn -0.7482 0.6635 -0.0000
vn -0.6320 0.7750 -0.0000
vn 0.9947 -0.1023 0.0061
vn 0.9968 -0.0801 0.0028
vn 0.9981 -0.0614 0.0020
vn 0.9998 -0.0221 0.0001
vn 0.9594 -0.2822 0.0006
vn 0.9673 -0.2537 0.0022
vn 0.9752 -0.2213 0.0053
vn 0.9712 -0.2383 0.0029
vn 0.9836 -0.1803 -0.0000
vn 0.9900 -0.1411 -0.0000
vn 0.9456 -0.3252 -0.0000
vn 0.9206 -0.3904 0.0013
vn 0.9331 -0.3596 0.0061
vn 0.9106 -0.4133 0.0064
vn -0.9724 0.2331 -0.0038
vn -0.9687 0.2481 -0.0025
vn -0.9658 0.2594 -0.0017
vn -0.9553 0.2957 -0.0033
vn -0.9995 0.0318 -0.0004
vn -0.9967 0.0805 -0.0030
vn -0.9979 0.0644 -0.0051
vn -0.9953 0.0969 -0.0021
vn -0.9918 0.1280 -0.0005
vn -0.9876 0.1572 0.0001
vn -0.9709 0.2395 -0.0009
vn -0.9815 0.1911 -0.0089
vn -0.9768 0.2140 -0.0058
vn -0.0000 0.4423 0.8969
vn -0.0000 0.5700 0.8216
vn -0.0000 0.6852 0.7284
vn -0.0000 0.7853 0.6191
vn -0.0000 0.8682 0.4962
vn -0.0000 0.9320 0.3624
vn -0.0000 0.4423 -0.8969
vn -0.0000 0.5700 -0.8216
vn -0.0000 0.6852 -0.7284
vn -0.0000 0.7853 -0.6191
vn -0.0000 0.8682 -0.4962
vn -0.0000 0.9320 -0.3624
vn -0.0000 1.0000 -0.0000
vn -0.8383 -0.0272 -0.5445
vn -0.4666 -0.0000 0.8845
vn -0.4770 0.0284 0.8785
vn -0.1915 -0.0000 0.9815
vn -0.2415 -0.0583 0.9686
vn -0.2467 -0.0418 0.9682
vn -0.2951 -0.0013 0.9555
vn -0.3256 0.0019 0.9455
vn -0.3241 -0.0000 0.9460
vn -0.3987 -0.0000 0.9171
vn -0.3685 -0.1138 0.9226
vn -0.4160 -0.0225 0.9091
vn -0.1418 -0.0000 0.9899
vn -0.1649 0.0473 0.9852
vn -0.0915 -0.0611 0.9939
vn -0.0781 -0.0952 0.9924
vn -0.0368 -0.0000 0.9993
vn 0.2413 -0.0698 0.9679
vn 0.2425 -0.0733 0.9674
vn 0.1996 -0.0000 0.9799
vn 0.1650 -0.0000 0.9863
vn 0.1500 0.0083 0.9887
vn 0.0783 -0.0600 0.9951
vn 0.0763 -0.0520 0.9957
vn 0.0132 -0.0000 0.9999
vn 0.4771 -0.0000 0.8788
vn 0.4739 0.0060 0.8805
vn 0.4021 -0.0123 0.9155
vn 0.3986 -0.0246 0.9168
vn 0.3489 -0.0000 0.9371
vn 0.3256 -0.0000 0.9455
vn 0.3132 0.0141 0.9496
vn 0.2724 -0.0204 0.9620
vn 0.6156 -0.0086 0.7880
vn 0.5960 0.0372 0.8021
vn 0.5442 -0.0400 0.8380
vn 0.5449 -0.0419 0.8374
vn 0.5177 -0.0000 0.8555
vn 0.8383 -0.0272 0.5445
vn 0.8608 -0.0000 0.5090
vn 0.8282 0.0211 0.5600
vn 0.7882 -0.0132 0.6152
vn 0.7879 -0.0141 0.6156
vn 0.7716 -0.0000 0.6361
vn 0.7373 -0.0000 0.6756
vn 0.7385 -0.0050 0.6742
vn 0.6756 0.0052 0.7373
vn 0.6770 -0.0000 0.7360
vn 0.6393 -0.0000 0.7689
vn 0.8852 -0.0000 0.4653
vn 0.8783 0.0331 0.4769
vn 0.9211 -0.0510 0.3859
vn 0.9171 -0.0000 0.3987
vn 0.9406 -0.0000 0.3394
vn 0.9455 -0.0025 0.3256
vn 0.9475 0.0032 0.3196
vn 1.0000 -0.0000 0.0031
vn 0.9968 -0.0144 0.0785
vn 0.9916 -0.1167 0.0562
vn 0.9900 0.0136 0.1403
vn 0.9863 -0.0000 0.1650
vn 0.9818 -0.0000 0.1897
vn 0.9689 -0.0542 0.2416
vn 0.9690 -0.0678 0.2374
vn 0.9582 -0.0044 0.2862
vn 0.9863 -0.0000 -0.1650
vn 0.9884 0.0073 -0.1518
vn 0.9954 -0.0543 -0.0784
vn 0.9949 -0.0611 -0.0800
vn 0.9999 -0.0000 -0.0151
vn 0.9008 -0.1062 -0.4211
vn 0.9170 -0.0067 -0.3987
vn 0.8797 0.0029 -0.4756
vn 0.8788 -0.0000 -0.4772
vn 0.8627 -0.0000 -0.5058
vn 0.9258 -0.0167 -0.3776
vn 0.9365 -0.0000 -0.3507
vn 0.9455 -0.0000 -0.3256
vn 0.9427 -0.0093 -0.3336
vn 0.9695 0.0416 -0.2417
vn 0.9521 -0.1348 -0.2746
vn 0.9796 -0.0000 -0.2011
vn 0.7639 -0.0000 -0.6454
vn 0.7754 -0.0000 -0.6314
vn 0.7879 -0.0185 -0.6155
vn 0.8052 0.0176 -0.5927
vn 0.8382 -0.0335 -0.5443
vn 0.8331 -0.0526 -0.5506
vn 0.8513 -0.0091 -0.5246
vn 0.5103 -0.0000 -0.8600
vn 0.5279 -0.0153 -0.8492
vn 0.5442 -0.0407 -0.8380
vn 0.5768 0.0369 -0.8161
vn 0.6156 -0.0189 -0.7879
vn 0.6303 -0.0000 -0.7764
vn 0.6756 -0.0000 -0.7373
vn 0.6681 -0.0266 -0.7436
vn 0.7369 0.0326 -0.6752
vn 0.7214 -0.0417 -0.6913
vn 0.7557 -0.0027 -0.6550
vn 0.4666 -0.0000 -0.8845
vn 0.4770 0.0284 -0.8785
vn 0.4160 -0.0224 -0.9091
vn 0.3685 -0.1138 -0.9226
vn 0.3987 -0.0000 -0.9171
vn 0.3241 -0.0000 -0.9460
vn 0.3256 0.0019 -0.9455
vn 0.2579 -0.0052 -0.9661
vn 0.2415 -0.0583 -0.9686
vn 0.1915 -0.0000 -0.9815
vn 0.1418 -0.0000 -0.9899
vn 0.1649 0.0473 -0.9852
vn 0.0915 -0.0611 -0.9939
vn 0.0781 -0.0952 -0.9924
vn 0.0368 -0.0000 -0.9993
vn -0.2413 -0.0698 -0.9679
vn -0.2425 -0.0733 -0.9674
vn -0.1996 -0.0000 -0.9799
vn -0.1650 -0.0000 -0.9863
vn -0.1500 0.0083 -0.9887
vn -0.0783 -0.0600 -0.9951
vn -0.0763 -0.0520 -0.9957
vn -0.0132 -0.0000 -0.9999
vn -0.4771 -0.0000 -0.8788
vn -0.4739 0.0060 -0.8805
vn -0.4021 -0.0123 -0.9155
vn -0.3986 -0.0246 -0.9168
vn -0.3489 -0.0000 -0.9371
vn -0.3256 -0.0000 -0.9455
vn -0.3132 0.0141 -0.9496
vn -0.2724 -0.0204 -0.9620
vn -0.6156 -0.0086 -0.7880
vn -0.5960 0.0372 -0.8021
vn -0.5442 -0.0400 -0.8380
vn -0.5449 -0.0419 -0.8374
vn -0.5177 -0.0000 -0.8555
vn -0.8573 -0.0043 -0.5147
vn -0.8282 0.0211 -0.5600
vn -0.7882 -0.0132 -0.6152
vn -0.7879 -0.0141 -0.6156
vn -0.7716 -0.0000 -0.6361
vn -0.7373 -0.0000 -0.6756
vn -0.7385 -0.0050 -0.6742
vn -0.6756 0.0052 -0.7373
vn -0.6770 -0.0000 -0.7360
vn -0.6393 -0.0000 -0.7689
vn -0.9690 -0.0678 -0.2374
vn -0.9689 -0.0542 -0.2416
vn -0.9582 -0.0044 -0.2862
vn -0.9475 0.0032 -0.3196
vn -0.9455 -0.0025 -0.3256
vn -0.9406 -0.0000 -0.3394
vn -0.9171 -0.0000 -0.3987
vn -0.9211 -0.0510 -0.3859
vn -0.8783 0.0331 -0.4769
vn -0.8852 -0.0000 -0.4653
vn -0.8627 -0.0000 -0.5058
vn -1.0000 -0.0000 -0.0031
vn -0.9968 -0.0144 -0.0785
vn -0.9916 -0.1167 -0.0562
vn -0.9924 -0.0154 -0.1219
vn -0.9862 0.0114 -0.1650
vn -0.9879 -0.0000 -0.1553
vn -0.9818 -0.0000 -0.1897
vn -0.9863 -0.0000 0.1650
vn -0.9884 0.0073 0.1518
vn -0.9954 -0.0543 0.0784
vn -0.9949 -0.0611 0.0800
vn -0.9999 -0.0000 0.0151
vn -0.9008 -0.1062 0.4211
vn -0.9170 -0.0067 0.3987
vn -0.8797 0.0029 0.4756
vn -0.8788 -0.0000 0.4772
vn -0.8627 -0.0000 0.5058
vn -0.9258 -0.0167 0.3776
vn -0.9365 -0.0000 0.3507
vn -0.9455 -0.0000 0.3256
vn -0.9427 -0.0093 0.3336
vn -0.9695 0.0416 0.2417
vn -0.9521 -0.1348 0.2746
vn -0.9796 -0.0000 0.2011
vn -0.7639 -0.0000 0.6454
vn -0.7754 -0.0000 0.6314
vn -0.7879 -0.0185 0.6155
vn -0.8052 0.0176 0.5927
vn -0.8382 -0.0335 0.5443
vn -0.8331 -0.0526 0.5506
vn -0.8513 -0.0091 0.5246
vn -0.5103 -0.0000 0.8600
vn -0.5279 -0.0153 0.8492
vn -0.5442 -0.0407 0.8380
vn -0.5768 0.0369 0.8161
vn -0.6156 -0.0189 0.7879
vn -0.6303 -0.0000 0.7764
vn -0.6756 -0.0000 0.7373
vn -0.6681 -0.0266 0.7436
vn -0.7369 0.0326 0.6752
vn -0.7214 -0.0417 0.6913
vn -0.7557 -0.0027 0.6550
vn 0.0872 -0.0027 0.9962
vn 0.2588 -0.0049 0.9659
vn 0.2419 -0.0000 0.9703
vn 0.4226 -0.0064 0.9063
vn 0.3987 -0.0000 0.9171
vn 0.5736 -0.0073 0.8191
vn 0.5446 -0.0000 0.8387
vn 0.4772 -0.0000 0.8788
vn 0.7071 -0.0076 0.7071
vn 0.6756 -0.0000 0.7373
vn 0.6157 -0.0000 0.7880
vn 0.8191 -0.0073 0.5736
vn 0.7880 -0.0000 0.6157
vn 0.9063 -0.0064 0.4226
vn 0.8788 -0.0000 0.4772
vn 0.8387 -0.0000 0.5446
vn 0.9659 -0.0049 0.2588
vn 0.9455 -0.0000 0.3256
vn 0.9171 -0.0000 0.3988
vn 0.9962 -0.0027 0.0872
vn 0.9703 -0.0000 0.2419
vn 0.9962 -0.0027 -0.0872
vn 0.9969 -0.0000 -0.0785
vn 0.9969 -0.0000 0.0785
vn 0.9659 -0.0049 -0.2588
vn 0.9703 -0.0000 -0.2419
vn 0.9063 -0.0064 -0.4226
vn 0.9171 -0.0000 -0.3988
vn 0.8191 -0.0073 -0.5736
vn 0.8387 -0.0000 -0.5446
vn 0.7071 -0.0076 -0.7071
vn 0.7373 -0.0000 -0.6756
vn 0.7880 -0.0000 -0.6157
vn 0.5736 -0.0073 -0.8191
vn 0.6157 -0.0000 -0.7880
vn 0.4226 -0.0064 -0.9063
vn 0.4772 -0.0000 -0.8788
vn 0.5446 -0.0000 -0.8387
vn 0.2588 -0.0049 -0.9659
vn 0.3256 -0.0000 -0.9455
vn 0.0872 -0.0027 -0.9962
vn 0.1650 -0.0000 -0.9863
vn 0.2419 -0.0000 -0.9703
vn -0.0872 -0.0027 -0.9962
vn -0.0785 -0.0000 -0.9969
vn 0.0785 -0.0000 -0.9969
vn -0.2588 -0.0049 -0.9659
vn -0.2419 -0.0000 -0.9703
vn -0.4226 -0.0064 -0.9063
vn -0.3987 -0.0000 -0.9171
vn -0.5736 -0.0073 -0.8191
vn -0.5446 -0.0000 -0.8387
vn -0.4772 -0.0000 -0.8788
vn -0.7071 -0.0076 -0.7071
vn -0.6756 -0.0000 -0.7373
vn -0.6157 -0.0000 -0.7880
vn -0.8191 -0.0073 -0.5736
vn -0.7880 -0.0000 -0.6157
vn -0.9063 -0.0064 -0.4226
vn -0.8788 -0.0000 -0.4772
vn -0.8387 -0.0000 -0.5446
vn -0.9659 -0.0049 -0.2588
vn -0.9455 -0.0000 -0.3256
vn -0.9171 -0.0000 -0.3988
vn -0.9962 -0.0027 -0.0872
vn -0.9863 -0.0000 -0.1650
vn -0.9703 -0.0000 -0.2419
vn -0.9962 -0.0027 0.0872
vn -0.9969 -0.0000 0.0785
vn -0.9969 -0.0000 -0.0785
vn -0.9659 -0.0049 0.2588
vn -0.9703 -0.0000 0.2419
vn -0.9063 -0.0064 0.4226
vn -0.9171 -0.0000 0.3988
vn -0.8191 -0.0073 0.5736
vn -0.8387 -0.0000 0.5446
vn -0.7071 -0.0076 0.7071
vn -0.7373 -0.0000 0.6756
vn -0.7880 -0.0000 0.6157
vn -0.5736 -0.0073 0.8191
vn -0.6157 -0.0000 0.7880
vn -0.4226 -0.0064 0.9063
vn -0.4772 -0.0000 0.8788
vn -0.5446 -0.0000 0.8387
vn -0.2588 -0.0049 0.9659
vn -0.3256 -0.0000 0.9455
vn 0.0785 -0.0000 0.9969
vn -0.0785 -0.0000 0.9969
vn -0.0872 -0.0027 0.9962
vn -0.1650 -0.0000 0.9863
vn -0.2419 -0.0000 0.9703
vn 0.0002 -1.0000 -0.0000
vn -0.0002 -1.0000 -0.0000
vn 0.1683 -0.8416 -0.5132
vn -0.1680 -0.8606 -0.4808
vn -0.2295 -0.8749 -0.4264
vn -0.2433 -0.8830 -0.4014
vn -0.2469 -0.8788 -0.4085
vn -0.2103 -0.8743 -0.4375
vn -0.1148 -0.8184 -0.5631
vn -0.0729 -0.8199 -0.5679
vn -0.1513 -0.8316 -0.5344
vn -0.1739 -0.8319 -0.5270
vn -0.1425 -0.8371 -0.5281
vn -0.1826 -0.8520 -0.4906
vn -0.2064 -0.8583 -0.4699
vn -0.0865 -0.8168 -0.5704
vn -0.0523 -0.8109 -0.5829
vn -0.0447 -0.8106 -0.5838
vn -0.0207 -0.8051 -0.5928
vn -0.0079 -0.8059 -0.5921
vn 0.0218 -0.8057 -0.5919
vn 0.0145 -0.8068 -0.5907
vn 0.0538 -0.8088 -0.5856
vn 0.0836 -0.8076 -0.5838
vn 0.0388 -0.8142 -0.5794
vn 0.1113 -0.8136 -0.5706
vn 0.0613 -0.8177 -0.5724
vn 0.1465 -0.8230 -0.5488
vn 0.0812 -0.8311 -0.5502
vn 0.1794 -0.8329 -0.5235
vn 0.1091 -0.8374 -0.5356
vn 0.1972 -0.8470 -0.4937
vn 0.1402 -0.8489 -0.5097
vn 0.2144 -0.8570 -0.4686
vn 0.2416 -0.8555 -0.4579
vn 0.1678 -0.8713 -0.4613
vn 0.2469 -0.8752 -0.4160
vn 0.2546 -0.8748 -0.4123
vn 0.2483 -0.8826 -0.3993
vn -0.1368 -0.8267 -0.5457
vn -0.1091 -0.8262 -0.5528
vn -0.0970 -0.8274 -0.5532
vn -0.1408 -0.8415 -0.5216
vn -0.1101 -0.8536 -0.5092
vn -0.1682 -0.8506 -0.4981
vn 0.7412 -0.6423 0.1951
vn 0.7802 -0.5487 -0.3004
vn 0.4930 -0.7580 -0.4270
vn 0.6845 -0.7184 -0.1241
vn 0.7520 -0.6336 -0.1815
vn 0.6682 -0.6559 0.3510
vn 0.3150 -0.8491 0.4240
vn 0.3066 -0.8778 0.3680
vn 0.3054 -0.8872 0.3459
vn 0.3102 -0.8226 0.4766
vn 0.3889 -0.8407 0.3769
vn 0.3888 -0.8407 0.3769
vn 0.3894 -0.8626 0.3230
vn 0.4448 -0.8314 0.3329
vn 0.4307 -0.8523 0.2968
vn 0.5486 -0.8008 0.2404
vn 0.5369 -0.8050 0.2524
vn 0.5364 -0.8053 0.2526
vn 0.4821 -0.8247 0.2957
vn 0.4383 -0.8448 0.3069
vn 0.6283 -0.7386 0.2442
vn 0.7174 -0.6666 0.2024
vn 0.7538 -0.6333 0.1754
vn 0.7450 -0.6451 0.1695
vn 0.8188 -0.5560 0.1432
vn 0.8412 -0.5369 0.0634
vn 0.8690 -0.4839 0.1035
vn 0.9269 -0.3717 0.0521
vn 0.9285 -0.3700 0.0324
vn 0.9392 -0.3320 0.0872
vn 0.9434 -0.3304 0.0294
vn 0.9487 -0.3162 -0.0031
vn 0.9464 -0.3227 -0.0142
vn 0.9442 -0.3290 -0.0172
vn 0.9401 -0.3392 -0.0347
vn 0.9246 -0.3775 -0.0500
vn 0.9144 -0.3967 -0.0805
vn 0.9046 -0.4228 -0.0551
vn 0.8127 -0.5708 -0.1172
vn 0.8527 -0.5108 -0.1096
vn 0.8350 -0.5479 -0.0515
vn 0.8764 -0.4702 -0.1044
vn 0.8472 -0.5216 -0.1009
vn 0.8336 -0.5360 -0.1337
vn 0.5378 -0.8045 -0.2523
vn 0.5638 -0.7850 -0.2566
vn 0.4639 -0.8313 -0.3062
vn 0.4328 -0.8493 -0.3023
vn 0.3888 -0.8407 -0.3769
vn 0.3066 -0.8778 -0.3680
vn 0.2690 -0.8846 -0.3809
vn 0.3102 -0.8444 -0.4368
vn 0.3363 -0.8457 -0.4143
vn 0.3645 -0.8382 -0.4057
vn 0.5916 -0.6785 -0.4355
vn 0.6172 -0.6727 -0.4081
vn 0.6893 -0.6323 -0.3536
vn 0.6630 -0.6272 -0.4087
vn 0.7552 -0.5613 -0.3384
vn 0.6933 -0.6155 -0.3748
vn 0.6741 -0.6240 -0.3951
vn 0.8348 -0.4645 -0.2955
vn 0.8287 -0.4658 -0.3103
vn 0.8393 -0.4710 -0.2714
vn 0.7943 -0.5140 -0.3239
vn 0.7726 -0.5222 -0.3612
vn 0.9063 -0.3796 -0.1860
vn 0.9272 -0.3379 -0.1613
vn 0.9276 -0.3454 -0.1425
vn 0.9401 -0.3324 -0.0756
vn 0.9477 -0.3159 0.0451
vn 0.9266 -0.3307 0.1790
vn 0.9276 -0.3498 0.1315
vn 0.9493 -0.3097 0.0538
vn 0.8150 -0.4681 0.3414
vn 0.8328 -0.4650 0.3005
vn 0.8627 -0.4519 0.2269
vn 0.8645 -0.4094 0.2916
vn 0.8705 -0.4179 0.2601
vn 0.8015 -0.5388 0.2592
vn 0.7910 -0.5306 0.3046
vn 0.7344 -0.5713 0.3664
vn 0.6457 -0.6265 0.4366
vn 0.6716 -0.6254 0.3972
vn 0.7031 -0.6075 0.3696
vn 0.5253 -0.7031 0.4793
vn 0.6954 -0.6853 -0.2163
vn 0.6890 -0.6729 -0.2690
vn 0.6219 -0.7416 -0.2514
vn 0.6142 -0.7451 -0.2599
vn 0.6450 -0.7138 -0.2730
vn 0.6135 -0.7268 -0.3088
vn 0.6445 -0.6924 -0.3244
vn 0.5317 -0.8117 -0.2416
vn 0.5307 -0.8065 -0.2606
vn 0.5280 -0.8083 -0.2604
vn 0.5371 -0.8050 -0.2520
vn 0.5402 -0.7716 -0.3358
vn 0.5651 -0.7640 -0.3114
vn 0.4225 -0.8357 -0.3509
vn 0.4392 -0.7918 -0.4245
vn 0.4354 -0.7958 -0.4209
vn 0.4538 -0.8295 -0.3255
vn 0.4751 -0.7865 -0.3946
vn 0.5082 -0.7798 -0.3655
vn 0.5050 -0.7560 -0.4164
vn 0.4369 -0.7962 -0.4186
vn 0.5309 -0.7192 -0.4483
vn 0.5716 -0.7321 -0.3704
vn 0.5610 -0.7437 -0.3636
vn 0.5676 -0.7418 -0.3571
vn 0.5088 -0.7797 -0.3650
vn 0.4833 -0.8222 -0.3005
vn 0.4255 -0.8592 -0.2840
vn 0.9200 -0.3826 -0.0854
vn 0.8992 -0.4019 -0.1732
vn 0.8775 -0.4604 -0.1342
vn 0.8488 -0.4846 -0.2114
vn 0.8457 -0.5032 -0.1777
vn 0.7883 -0.5725 -0.2252
vn 0.7747 -0.5812 -0.2492
vn 0.7126 -0.6387 -0.2903
vn 0.7747 -0.5811 -0.2492
vn 0.7604 -0.5893 -0.2730
vn 0.8138 -0.5326 -0.2325
vn 0.8047 -0.5383 -0.2503
vn 0.8443 -0.4877 -0.2220
vn 0.8913 -0.4196 -0.1717
vn 0.6716 -0.6560 -0.3445
vn 0.7418 -0.5987 -0.3022
vn 0.7261 -0.6057 -0.3254
vn 0.7872 -0.5481 -0.2827
vn 0.7776 -0.5529 -0.2994
vn 0.8283 -0.4975 -0.2576
vn 0.8241 -0.4999 -0.2665
vn 0.8640 -0.4493 -0.2272
vn 0.9486 -0.3162 -0.0144
vn 0.9499 -0.3068 -0.0596
vn 0.9417 -0.3335 -0.0449
vn 0.9246 -0.3454 -0.1608
vn 0.9104 -0.3928 -0.1302
vn 0.8488 -0.4846 0.2114
vn 0.8662 -0.4711 0.1668
vn 0.8266 -0.5237 0.2059
vn 0.8283 -0.4975 0.2576
vn 0.8662 -0.4710 0.1668
vn 0.9778 -0.2095 0.0030
vn 0.9397 -0.3359 0.0646
vn 0.9299 -0.3429 0.1330
vn 0.9104 -0.3928 0.1302
vn 0.8936 -0.4056 0.1921
vn 0.8967 -0.3747 0.2357
vn 0.6445 -0.6924 0.3244
vn 0.7028 -0.6658 0.2506
vn 0.7738 -0.5702 0.2759
vn 0.6890 -0.6729 0.2690
vn 0.6583 -0.7075 0.2570
vn 0.8048 -0.5383 0.2503
vn 0.8024 -0.5106 0.3090
vn 0.8443 -0.4877 0.2220
vn 0.8451 -0.4596 0.2733
vn 0.8780 -0.4399 0.1888
vn 0.8808 -0.4130 0.2317
vn 0.9035 -0.3986 0.1572
vn 0.9036 -0.3986 0.1572
vn 0.9295 -0.2902 0.2277
vn 0.6717 -0.7108 0.2090
vn 0.6611 -0.7215 0.2057
vn 0.6859 -0.6673 0.2903
vn 0.6142 -0.7451 0.2599
vn 0.5956 -0.7332 0.3282
vn 0.5651 -0.7640 0.3114
vn 0.5629 -0.7765 0.2833
vn 0.7014 -0.6153 0.3598
vn 0.6716 -0.6560 0.3445
vn 0.7418 -0.5987 0.3022
vn 0.6553 -0.7067 0.2669
vn 0.7121 -0.6113 0.3453
vn 0.6516 -0.6896 0.3159
vn 0.7089 -0.5734 0.4108
vn 0.6159 -0.7023 0.3570
vn 0.6196 -0.6721 0.4054
vn 0.4106 -0.7950 0.4465
vn 0.4909 -0.7828 0.3825
vn 0.4899 -0.7837 0.3818
vn 0.5796 -0.7125 0.3956
vn 0.5199 -0.7771 0.3549
vn 0.6088 -0.7045 0.3648
vn 0.6631 -0.6849 0.3020
vn 0.6937 -0.6472 0.3159
vn 0.7466 -0.6204 0.2401
vn 0.7747 -0.5812 0.2492
vn 0.5814 -0.7723 0.2560
vn 0.5440 -0.7993 0.2552
vn 0.5960 -0.7527 0.2796
vn 0.4834 -0.8222 0.3005
vn 0.5402 -0.7716 0.3358
vn 0.4538 -0.8295 0.3255
vn 0.5088 -0.7797 0.3650
vn 0.4225 -0.8357 0.3509
vn 0.4752 -0.7865 0.3946
vn 0.3895 -0.8406 0.3764
vn 0.4058 -0.8255 0.3923
vn 0.3427 -0.8441 0.4124
vn 0.9294 -0.3685 0.0201
vn 0.9285 -0.3699 0.0339
vn 0.9208 -0.3816 0.0810
vn 0.8970 -0.4348 0.0790
vn 0.8976 -0.4349 0.0725
vn 0.5367 -0.7185 0.4424
vn 0.5462 -0.7211 0.4262
vn 0.6015 -0.6952 0.3936
vn 0.6049 -0.7161 0.3481
vn 0.6780 -0.6229 0.3902
vn 0.7262 -0.6057 0.3254
vn 0.7715 -0.5558 0.3096
vn 0.7604 -0.5893 0.2730
vn 0.7872 -0.5481 0.2827
vn 0.7883 -0.5726 0.2252
vn 0.8506 -0.4663 0.2430
vn 0.8162 -0.5518 0.1715
vn 0.8198 -0.5487 0.1640
vn 0.7752 -0.6124 0.1550
vn 0.7752 -0.6125 0.1547
vn 0.8515 -0.5110 0.1179
vn 0.8411 -0.5283 0.1159
vn 0.8472 -0.5216 0.1009
vn 0.8752 -0.4628 0.1412
vn 0.8775 -0.4605 0.1342
vn 0.9083 -0.3947 0.1389
vn 0.9200 -0.3826 0.0854
vn 0.9339 -0.3406 0.1086
vn 0.9429 -0.3316 0.0294
vn 0.9483 -0.3161 -0.0295
vn 0.9417 -0.3336 -0.0449
vn 0.9339 -0.3406 -0.1086
vn 0.8936 -0.4056 -0.1921
vn 0.8640 -0.4493 -0.2273
vn 0.8796 -0.4156 -0.2314
vn 0.8588 -0.4484 -0.2477
vn 0.5898 -0.7881 -0.1760
vn 0.6718 -0.7003 -0.2414
vn 0.6713 -0.7112 -0.2088
vn 0.7384 -0.6442 -0.1993
vn 0.7672 -0.6228 -0.1534
vn 0.7671 -0.6229 -0.1534
vn 0.7882 -0.5959 -0.1535
vn 0.9487 -0.3162 0.0073
vn 0.9485 -0.3162 -0.0173
vn 0.9430 -0.3316 -0.0294
vn 0.9411 -0.3343 -0.0508
vn 0.9208 -0.3816 -0.0810
vn 0.8775 -0.4605 -0.1342
vn 0.8752 -0.4628 -0.1412
vn 0.8162 -0.5518 -0.1715
vn 0.7967 -0.5668 -0.2097
vn 0.7749 -0.5983 -0.2040
vn 0.7028 -0.6658 -0.2506
vn 0.7327 -0.6284 -0.2613
vn 0.6631 -0.6849 -0.3020
vn 0.6937 -0.6472 -0.3159
vn 0.6159 -0.7023 -0.3570
vn 0.6120 -0.7069 -0.3547
vn 0.5375 -0.7208 -0.4376
vn -0.7412 -0.6423 -0.1951
vn -0.4930 -0.7580 0.4270
vn -0.6845 -0.7184 0.1241
vn -0.7520 -0.6336 0.1815
vn -0.6682 -0.6559 -0.3510
vn -0.6283 -0.7386 -0.2442
vn -0.7174 -0.6666 -0.2024
vn -0.7538 -0.6333 -0.1754
vn -0.7450 -0.6451 -0.1695
vn -0.8188 -0.5560 -0.1432
vn -0.8412 -0.5369 -0.0634
vn -0.8690 -0.4839 -0.1035
vn -0.9269 -0.3717 -0.0521
vn -0.9285 -0.3700 -0.0324
vn -0.9392 -0.3320 -0.0872
vn -0.9434 -0.3304 -0.0294
vn -0.9487 -0.3162 0.0031
vn -0.9464 -0.3227 0.0142
vn -0.9442 -0.3290 0.0172
vn -0.9401 -0.3392 0.0347
vn -0.9246 -0.3775 0.0500
vn -0.9144 -0.3967 0.0805
vn -0.9046 -0.4228 0.0551
vn -0.8127 -0.5708 0.1172
vn -0.8527 -0.5108 0.1096
vn -0.8350 -0.5479 0.0515
vn -0.8764 -0.4702 0.1044
vn -0.8472 -0.5216 0.1009
vn -0.8336 -0.5360 0.1337
vn -0.5378 -0.8045 0.2523
vn -0.5638 -0.7850 0.2566
vn -0.4639 -0.8313 0.3062
vn -0.4328 -0.8493 0.3023
vn -0.3888 -0.8407 0.3769
vn -0.3066 -0.8778 0.3680
vn -0.2690 -0.8846 0.3809
vn -0.3102 -0.8444 0.4368
vn -0.3363 -0.8457 0.4143
vn -0.3645 -0.8382 0.4057
vn -0.6893 -0.6323 0.3536
vn -0.6172 -0.6727 0.4081
vn -0.5916 -0.6785 0.4355
vn -0.6933 -0.6155 0.3748
vn -0.6741 -0.6240 0.3951
vn -0.6630 -0.6272 0.4087
vn -0.7552 -0.5613 0.3384
vn -0.7802 -0.5487 0.3004
vn -0.7726 -0.5222 0.3612
vn -0.7943 -0.5140 0.3239
vn -0.8393 -0.4710 0.2714
vn -0.8287 -0.4658 0.3103
vn -0.9401 -0.3324 0.0756
vn -0.9276 -0.3454 0.1425
vn -0.9272 -0.3379 0.1613
vn -0.9063 -0.3796 0.1860
vn -0.8674 -0.4302 0.2502
vn -0.9464 -0.3198 -0.0451
vn -0.9480 -0.3138 -0.0537
vn -0.9487 -0.3162 -0.0030
vn -0.9275 -0.3441 -0.1459
vn -0.9266 -0.3307 -0.1790
vn -0.8015 -0.5388 -0.2592
vn -0.7910 -0.5306 -0.3046
vn -0.7214 -0.5795 -0.3792
vn -0.8150 -0.4681 -0.3414
vn -0.8328 -0.4650 -0.3005
vn -0.8627 -0.4519 -0.2269
vn -0.8645 -0.4094 -0.2916
vn -0.8705 -0.4179 -0.2601
vn -0.5253 -0.7031 -0.4793
vn -0.5367 -0.7185 -0.4424
vn -0.5462 -0.7211 -0.4262
vn -0.3150 -0.8491 -0.4240
vn -0.3064 -0.8789 -0.3656
vn -0.3053 -0.8870 -0.3464
vn -0.3102 -0.8226 -0.4766
vn -0.3800 -0.8417 -0.3836
vn -0.3873 -0.8636 -0.3227
vn -0.4448 -0.8314 -0.3329
vn -0.4307 -0.8523 -0.2968
vn -0.5486 -0.8008 -0.2404
vn -0.5369 -0.8050 -0.2524
vn -0.5364 -0.8053 -0.2526
vn -0.4821 -0.8247 -0.2957
vn -0.4383 -0.8448 -0.3069
vn -0.6954 -0.6853 0.2163
vn -0.6890 -0.6729 0.2690
vn -0.6219 -0.7416 0.2514
vn -0.6142 -0.7451 0.2599
vn -0.6450 -0.7138 0.2730
vn -0.6135 -0.7268 0.3088
vn -0.6445 -0.6924 0.3244
vn -0.5317 -0.8117 0.2416
vn -0.5307 -0.8065 0.2606
vn -0.5280 -0.8083 0.2604
vn -0.5371 -0.8050 0.2520
vn -0.5402 -0.7716 0.3358
vn -0.5651 -0.7640 0.3114
vn -0.4225 -0.8357 0.3509
vn -0.4392 -0.7918 0.4245
vn -0.4354 -0.7958 0.4209
vn -0.4538 -0.8295 0.3255
vn -0.4751 -0.7865 0.3946
vn -0.5082 -0.7798 0.3655
vn -0.5050 -0.7560 0.4164
vn -0.4369 -0.7962 0.4186
vn -0.5309 -0.7192 0.4483
vn -0.5716 -0.7321 0.3704
vn -0.5610 -0.7437 0.3636
vn -0.5676 -0.7418 0.3571
vn -0.5088 -0.7797 0.3650
vn -0.4833 -0.8222 0.3005
vn -0.4255 -0.8592 0.2840
vn -0.9200 -0.3826 0.0854
vn -0.8992 -0.4019 0.1732
vn -0.8775 -0.4604 0.1342
vn -0.8488 -0.4846 0.2114
vn -0.8457 -0.5032 0.1777
vn -0.7883 -0.5725 0.2252
vn -0.7747 -0.5812 0.2492
vn -0.7126 -0.6387 0.2903
vn -0.7747 -0.5811 0.2492
vn -0.7604 -0.5893 0.2730
vn -0.8138 -0.5326 0.2325
vn -0.8047 -0.5383 0.2503
vn -0.8443 -0.4877 0.2220
vn -0.8913 -0.4196 0.1717
vn -0.6716 -0.6560 0.3445
vn -0.7418 -0.5987 0.3022
vn -0.7261 -0.6057 0.3254
vn -0.7872 -0.5481 0.2827
vn -0.7776 -0.5529 0.2994
vn -0.8283 -0.4975 0.2576
vn -0.8241 -0.4999 0.2665
vn -0.8640 -0.4493 0.2272
vn -0.9486 -0.3162 0.0144
vn -0.9499 -0.3068 0.0596
vn -0.9417 -0.3335 0.0449
vn -0.9246 -0.3454 0.1608
vn -0.9104 -0.3928 0.1302
vn -0.8488 -0.4846 -0.2114
vn -0.8662 -0.4711 -0.1668
vn -0.8266 -0.5237 -0.2059
vn -0.8283 -0.4975 -0.2576
vn -0.8662 -0.4710 -0.1668
vn -0.9330 -0.3412 -0.1145
vn -0.9299 -0.3429 -0.1330
vn -0.9104 -0.3928 -0.1302
vn -0.8936 -0.4056 -0.1921
vn -0.8967 -0.3747 -0.2357
vn -0.6445 -0.6924 -0.3244
vn -0.7028 -0.6658 -0.2506
vn -0.7738 -0.5702 -0.2759
vn -0.6890 -0.6729 -0.2690
vn -0.6583 -0.7075 -0.2570
vn -0.8048 -0.5383 -0.2503
vn -0.8024 -0.5106 -0.3090
vn -0.8443 -0.4877 -0.2220
vn -0.8451 -0.4596 -0.2733
vn -0.8780 -0.4399 -0.1888
vn -0.8808 -0.4130 -0.2317
vn -0.9035 -0.3986 -0.1572
vn -0.9036 -0.3986 -0.1572
vn -0.9295 -0.2902 -0.2277
vn -0.6717 -0.7108 -0.2090
vn -0.6611 -0.7215 -0.2057
vn -0.6859 -0.6673 -0.2903
vn -0.6142 -0.7451 -0.2599
vn -0.5956 -0.7332 -0.3282
vn -0.5651 -0.7640 -0.3114
vn -0.5629 -0.7765 -0.2833
vn -0.7014 -0.6153 -0.3598
vn -0.6716 -0.6560 -0.3445
vn -0.6780 -0.6229 -0.3902
vn -0.6457 -0.6265 -0.4366
vn -0.6049 -0.7161 -0.3481
vn -0.6015 -0.6952 -0.3936
vn -0.6196 -0.6721 -0.4054
vn -0.6159 -0.7023 -0.3570
vn -0.7089 -0.5734 -0.4108
vn -0.6516 -0.6896 -0.3159
vn -0.7121 -0.6113 -0.3453
vn -0.6552 -0.7067 -0.2669
vn -0.7418 -0.5987 -0.3022
vn -0.4106 -0.7950 -0.4465
vn -0.4909 -0.7828 -0.3825
vn -0.4899 -0.7837 -0.3818
vn -0.5796 -0.7125 -0.3956
vn -0.5199 -0.7771 -0.3549
vn -0.6088 -0.7045 -0.3648
vn -0.6631 -0.6849 -0.3020
vn -0.6937 -0.6472 -0.3159
vn -0.7466 -0.6204 -0.2401
vn -0.7747 -0.5812 -0.2492
vn -0.5814 -0.7723 -0.2560
vn -0.5440 -0.7993 -0.2552
vn -0.5960 -0.7527 -0.2796
vn -0.4834 -0.8222 -0.3005
vn -0.5402 -0.7716 -0.3358
vn -0.4538 -0.8295 -0.3255
vn -0.5088 -0.7797 -0.3650
vn -0.4225 -0.8357 -0.3509
vn -0.4752 -0.7865 -0.3946
vn -0.3895 -0.8406 -0.3764
vn -0.4058 -0.8255 -0.3923
vn -0.3427 -0.8441 -0.4124
vn -0.9294 -0.3685 -0.0201
vn -0.9285 -0.3699 -0.0339
vn -0.9208 -0.3816 -0.0810
vn -0.8970 -0.4348 -0.0790
vn -0.8976 -0.4349 -0.0725
vn -0.6688 -0.6256 -0.4017
vn -0.6741 -0.6240 -0.3951
vn -0.7337 -0.5947 -0.3287
vn -0.7262 -0.6057 -0.3254
vn -0.7715 -0.5558 -0.3096
vn -0.7604 -0.5893 -0.2730
vn -0.7872 -0.5481 -0.2827
vn -0.7883 -0.5726 -0.2252
vn -0.8506 -0.4663 -0.2430
vn -0.8162 -0.5518 -0.1715
vn -0.8198 -0.5487 -0.1640
vn -0.7752 -0.6124 -0.1550
vn -0.7752 -0.6125 -0.1547
vn -0.8515 -0.5110 -0.1179
vn -0.8411 -0.5283 -0.1159
vn -0.8472 -0.5216 -0.1009
vn -0.8752 -0.4628 -0.1412
vn -0.8775 -0.4605 -0.1342
vn -0.9083 -0.3947 -0.1389
vn -0.9200 -0.3826 -0.0854
vn -0.9339 -0.3406 -0.1086
vn -0.9430 -0.3316 -0.0294
vn -0.9477 -0.3159 -0.0451
vn -0.9483 -0.3161 0.0295
vn -0.9417 -0.3336 0.0449
vn -0.9339 -0.3406 0.1086
vn -0.8936 -0.4056 0.1921
vn -0.8640 -0.4493 0.2273
vn -0.8677 -0.4415 0.2282
vn -0.8348 -0.4645 0.2955
vn -0.5898 -0.7881 0.1760
vn -0.6718 -0.7003 0.2414
vn -0.6713 -0.7112 0.2088
vn -0.7384 -0.6442 0.1993
vn -0.7672 -0.6228 0.1534
vn -0.7671 -0.6229 0.1534
vn -0.7882 -0.5959 0.1535
vn -0.9487 -0.3162 -0.0073
vn -0.9485 -0.3162 0.0173
vn -0.9430 -0.3316 0.0294
vn -0.9411 -0.3343 0.0508
vn -0.9208 -0.3816 0.0810
vn -0.8775 -0.4605 0.1342
vn -0.8752 -0.4628 0.1412
vn -0.8162 -0.5518 0.1715
vn -0.7967 -0.5668 0.2097
vn -0.7749 -0.5983 0.2040
vn -0.7028 -0.6658 0.2506
vn -0.7327 -0.6284 0.2613
vn -0.6631 -0.6849 0.3020
vn -0.6937 -0.6472 0.3159
vn -0.6159 -0.7023 0.3570
vn -0.6120 -0.7069 0.3547
vn -0.5375 -0.7208 0.4376
vn -0.1682 -0.8506 0.4981
vn -0.2480 -0.8826 0.3993
vn -0.2546 -0.8748 0.4123
vn -0.2469 -0.8752 0.4160
vn -0.1678 -0.8713 0.4613
vn -0.2416 -0.8555 0.4579
vn -0.2144 -0.8570 0.4686
vn -0.1922 -0.8552 0.4813
vn -0.1101 -0.8536 0.5092
vn -0.1470 -0.8389 0.5241
vn -0.0965 -0.8376 0.5377
vn -0.1802 -0.8312 0.5260
vn -0.1638 -0.8318 0.5303
vn -0.0876 -0.8282 0.5535
vn -0.1387 -0.8274 0.5442
vn -0.0737 -0.8183 0.5700
vn -0.1102 -0.8181 0.5644
vn -0.0512 -0.8139 0.5787
vn -0.0828 -0.8117 0.5781
vn -0.0537 -0.8104 0.5834
vn -0.0206 -0.8059 0.5917
vn -0.0218 -0.8057 0.5919
vn 0.0079 -0.8059 0.5921
vn 0.0146 -0.8055 0.5924
vn 0.0448 -0.8098 0.5850
vn 0.0399 -0.8100 0.5851
vn 0.0871 -0.8143 0.5739
vn 0.1161 -0.8135 0.5699
vn 0.0898 -0.8167 0.5701
vn 0.1356 -0.8298 0.5414
vn 0.1683 -0.8416 0.5132
vn 0.0889 -0.8601 0.5023
vn 0.1438 -0.8338 0.5330
vn 0.0836 -0.8273 0.5556
vn 0.0543 -0.8334 0.5500
vn 0.1680 -0.8606 0.4808
vn 0.2295 -0.8749 0.4264
vn 0.2500 -0.8752 0.4142
vn 0.2432 -0.8830 0.4014
vn 0.1513 -0.8316 0.5344
vn 0.1739 -0.8319 0.5270
vn 0.1425 -0.8371 0.5281
vn 0.1826 -0.8520 0.4906
vn 0.2064 -0.8583 0.4699
vn 0.9645 -0.2640 -0.0000
vn -0.9982 0.0603 -0.0000
vn -0.9963 0.0854 -0.0089
vn -0.9578 0.2876 -0.0000
vn -0.9672 0.2537 -0.0104
vn -0.9788 0.2048 -0.0000
vn -0.9894 0.1453 -0.0000
vn -0.9387 0.3449 -0.0000
vn -0.9121 0.4100 -0.0042
vn -0.9100 0.4146 -0.0062
vn -0.8786 0.4776 -0.0000
vn -0.8482 0.5297 -0.0000
vn -0.8261 0.5634 -0.0107
vn -0.7077 0.7065 -0.0019
vn -0.7182 0.6958 -0.0077
vn -0.7622 0.6474 -0.0000
vn -0.7998 0.6002 -0.0000
vn -0.6599 0.7513 -0.0000
vn -0.6135 0.7897 -0.0000
vn -0.5893 0.8078 -0.0098
vn -0.4160 0.9093 -0.0000
vn -0.4433 0.8963 -0.0098
vn -0.4922 0.8705 -0.0000
vn -0.5438 0.8392 -0.0000
vn -0.3604 0.9328 -0.0000
vn -0.2987 0.9543 -0.0019
vn -0.2843 0.9587 -0.0077
vn -0.2210 0.9753 -0.0000
vn -0.1618 0.9868 -0.0000
vn -0.1170 0.9931 -0.0107
vn 0.0588 0.9983 -0.0042
vn 0.0537 0.9985 -0.0062
vn -0.0166 0.9999 -0.0000
vn -0.0769 0.9970 -0.0000
vn 0.1288 0.9917 -0.0000
vn 0.1884 0.9821 -0.0000
vn 0.2229 0.9748 -0.0104
vn 0.2716 0.9624 -0.0000
vn 0.3291 0.9443 -0.0000
vn 0.3855 0.9227 -0.0089
vn 0.4086 0.9127 -0.0000
vn 0.5155 0.8569 -0.0000
vn 0.5369 0.8436 -0.0089
vn 0.6983 0.7158 -0.0000
vn 0.6726 0.7399 -0.0104
vn 0.6346 0.7728 -0.0000
vn 0.5868 0.8097 -0.0000
vn 0.7402 0.6724 -0.0000
vn 0.7856 0.6187 -0.0042
vn 0.7887 0.6147 -0.0062
vn 0.8300 0.5577 -0.0000
vn 0.8622 0.5066 -0.0000
vn 0.8818 0.4715 -0.0107
vn 0.9539 0.3002 -0.0019
vn 0.9492 0.3146 -0.0077
vn 0.9267 0.3759 -0.0000
vn 0.9023 0.4311 -0.0000
vn 0.9715 0.2372 -0.0000
vn 0.9840 0.1782 -0.0000
vn 0.9889 0.1484 -0.0098
vn 0.9986 -0.0522 -0.0000
vn 0.9997 -0.0220 -0.0098
vn 0.9994 0.0333 -0.0000
vn 0.9956 0.0935 -0.0000
vn 0.9937 -0.1123 -0.0000
vn 0.9842 -0.1770 -0.0019
vn 0.9814 -0.1918 -0.0077
vn 0.9668 -0.2556 -0.0000
vn 0.9496 -0.3134 -0.0000
vn 0.9344 -0.3560 -0.0107
vn 0.8577 -0.5142 -0.0042
vn 0.8602 -0.5099 -0.0062
vn 0.8940 -0.4481 -0.0000
vn 0.9194 -0.3933 -0.0000
vn 0.8194 -0.5732 -0.0000
vn 0.7833 -0.6216 -0.0000
vn 0.7609 -0.6488 -0.0104
vn 0.6199 -0.7847 -0.0000
vn 0.6394 -0.7688 -0.0089
vn 0.6846 -0.7289 -0.0000
vn 0.7274 -0.6863 -0.0000
vn -0.8664 0.4994 -0.0000
vn -0.8663 0.4995 -0.0000
vn -0.9288 -0.3705 -0.0000
vn -0.9289 -0.3703 -0.0000
vn -0.6359 0.7718 -0.0000
vn -0.7581 0.6522 -0.0000
vn -0.8581 0.5135 -0.0000
vn -0.9330 0.3598 -0.0000
vn -0.9807 0.1956 -0.0000
vn -0.9997 0.0256 -0.0000
vn -0.9894 -0.1450 -0.0000
vn -0.9894 -0.1451 -0.0000
vn -0.9502 -0.3115 -0.0000
vn -0.8833 -0.4688 -0.0000
vn -0.7905 -0.6125 -0.0000
vn -0.6746 -0.7382 -0.0000
vn -0.5390 -0.8423 -0.0000
vn -0.3876 -0.9218 -0.0000
vn -0.2249 -0.9744 -0.0000
vn -0.0556 -0.9985 -0.0000
vn 0.1153 -0.9933 -0.0000
vn 0.2829 -0.9592 -0.0000
vn 0.4421 -0.8969 -0.0000
vn 0.5885 -0.8085 -0.0000
vn 0.7176 -0.6964 -0.0000
vn 0.8258 -0.5640 -0.0000
vn 0.9098 -0.4151 -0.0000
vn 0.9672 -0.2540 -0.0000
vn 0.9963 -0.0855 -0.0000
vn 0.9962 0.0872 -0.0000
vn 0.9659 0.2588 -0.0000
vn 0.9063 0.4226 -0.0000
vn 0.8191 0.5736 -0.0000
vn 0.8192 0.5736 -0.0000
vn 0.7071 0.7071 -0.0000
vn 0.5736 0.8192 -0.0000
vn 0.4226 0.9063 -0.0000
vn 0.2588 0.9659 -0.0000
vn 0.0871 0.9962 -0.0000
vn -0.0871 0.9962 -0.0000
vn -0.2588 0.9659 -0.0000
vn -0.4226 0.9063 -0.0000
vn -0.5736 0.8192 -0.0000
vn -0.5736 0.8191 -0.0000
vn -0.7071 0.7071 -0.0000
vn -0.8192 0.5736 -0.0000
vn -0.8191 0.5736 -0.0000
vn -0.9063 0.4226 -0.0000
vn -0.9659 0.2588 -0.0000
vn -0.9962 0.0872 -0.0000
vn -0.9962 -0.0872 -0.0000
vn -0.9659 -0.2588 -0.0000
vn -0.9063 -0.4226 -0.0000
vn -0.8192 -0.5736 -0.0000
vn -0.8191 -0.5736 -0.0000
vn -0.7071 -0.7071 -0.0000
vn -0.5736 -0.8192 -0.0000
vn -0.5736 -0.8191 -0.0000
vn -0.4226 -0.9063 -0.0000
vn -0.2588 -0.9659 -0.0000
vn -0.0872 -0.9962 -0.0000
vn -0.0871 -0.9962 -0.0000
vn 0.0871 -0.9962 -0.0000
vn 0.0872 -0.9962 -0.0000
vn 0.2588 -0.9659 -0.0000
vn 0.4226 -0.9063 -0.0000
vn 0.5736 -0.8192 -0.0000
vn 0.7071 -0.7071 -0.0000
vn 0.8191 -0.5736 -0.0000
vn 0.8192 -0.5736 -0.0000
vn 0.9063 -0.4226 -0.0000
vn 0.9659 -0.2588 -0.0000
vn 0.9962 -0.0872 -0.0000
vn 0.0872 0.9962 -0.0000
vn -0.0872 0.9962 -0.0000
vn 0.6394 -0.7688 0.0089
vn 0.7609 -0.6488 0.0104
vn 0.8194 -0.5733 -0.0000
vn 0.8577 -0.5142 0.0042
vn 0.8602 -0.5099 0.0062
vn 0.9344 -0.3560 0.0107
vn 0.9842 -0.1770 0.0095
vn 0.9814 -0.1918 0.0024
vn 0.9997 -0.0220 0.0098
vn 0.9889 0.1484 0.0098
vn 0.9539 0.3002 0.0019
vn 0.9492 0.3146 0.0077
vn 0.8818 0.4715 0.0107
vn 0.7856 0.6186 0.0067
vn 0.7888 0.6147 0.0044
vn 0.6726 0.7399 0.0104
vn 0.5369 0.8436 0.0089
vn 0.3855 0.9227 0.0089
vn 0.2229 0.9748 0.0104
vn 0.0588 0.9983 0.0042
vn 0.0537 0.9985 0.0062
vn -0.1170 0.9931 0.0107
vn -0.2987 0.9543 0.0095
vn -0.2843 0.9587 0.0024
vn -0.4433 0.8963 0.0098
vn -0.5893 0.8078 0.0098
vn -0.7077 0.7065 0.0019
vn -0.7182 0.6958 0.0077
vn -0.8261 0.5634 0.0107
vn -0.9121 0.4100 0.0067
vn -0.9100 0.4146 0.0044
vn -0.9672 0.2537 0.0104
vn -0.9963 0.0854 0.0089
vn 0.5736 0.8191 -0.0000
vn 0.5736 -0.8191 -0.0000
vn -0.0000 0.0872 0.9962
vn -0.0000 0.2588 0.9659
vn -0.0000 0.4226 0.9063
vn -0.0000 0.5736 0.8192
vn -0.0000 0.7071 0.7071
vn -0.0000 0.8192 0.5736
vn -0.0000 0.9063 0.4226
vn -0.0000 0.9659 0.2588
vn -0.0000 0.9962 0.0872
vn -0.0000 0.0872 -0.9962
vn -0.0000 0.2588 -0.9659
vn -0.0000 0.4226 -0.9063
vn -0.0000 0.5736 -0.8192
vn -0.0000 0.7071 -0.7071
vn -0.0000 0.8192 -0.5736
vn -0.0000 0.9063 -0.4226
vn -0.0000 0.9659 -0.2588
vn -0.0000 0.9962 -0.0872
vn 0.1454 -0.8601 -0.4890
vn -0.1353 -0.7379 -0.6612
vn -0.2163 -0.7353 -0.6423
vn -0.1063 -0.6396 -0.7613
vn -0.2002 -0.6444 -0.7380
vn -0.0548 -0.3191 -0.9461
vn 0.0873 -0.4173 -0.9046
vn 0.0453 -0.1987 -0.9790
vn 0.0153 -0.1878 -0.9821
vn 0.0610 -0.2638 -0.9626
vn 0.0256 -0.2484 -0.9683
vn 0.0544 -0.3087 -0.9496
vn 0.0568 -0.3452 -0.9368
vn 0.0546 -0.3405 -0.9386
vn 0.0521 -0.3126 -0.9485
vn 0.1633 -0.4489 -0.8785
vn 0.0926 -0.4220 -0.9019
vn 0.0690 -0.4060 -0.9113
vn 0.0645 -0.4068 -0.9113
vn 0.0987 -0.3803 -0.9196
vn 0.0509 -0.3792 -0.9239
vn 0.0624 -0.3775 -0.9239
vn 0.0433 -0.3719 -0.9273
vn 0.0468 -0.3714 -0.9273
vn 0.0337 -0.3665 -0.9298
vn 0.0334 -0.3666 -0.9298
vn 0.0246 -0.3627 -0.9316
vn 0.0173 -0.3632 -0.9315
vn 0.0213 -0.3616 -0.9321
vn 0.0130 -0.3604 -0.9327
vn 0.0077 -0.3606 -0.9327
vn 0.0058 -0.3592 -0.9332
vn -0.0109 -0.3592 -0.9332
vn -0.0081 -0.3621 -0.9321
vn -0.0181 -0.3616 -0.9322
vn -0.0278 -0.3632 -0.9313
vn -0.0224 -0.3651 -0.9307
vn -0.0402 -0.3637 -0.9307
vn -0.0289 -0.3696 -0.9287
vn -0.0544 -0.3669 -0.9287
vn -0.0377 -0.3758 -0.9259
vn -0.0725 -0.3711 -0.9258
vn -0.0475 -0.3843 -0.9220
vn -0.0545 -0.3832 -0.9221
vn -0.1042 -0.3797 -0.9192
vn -0.0655 -0.4059 -0.9116
vn -0.0692 -0.4053 -0.9116
vn -0.0892 -0.4182 -0.9039
vn -0.1179 -0.4092 -0.9048
vn -0.0059 -0.0389 -0.9992
vn -0.0103 -0.0360 -0.9993
vn -0.0129 -0.1163 -0.9931
vn -0.0224 -0.1100 -0.9937
vn -0.0239 -0.1620 -0.9865
vn -0.0250 -0.1579 -0.9871
vn -0.0303 -0.1998 -0.9794
vn -0.0348 -0.1956 -0.9801
vn -0.0369 -0.2673 -0.9629
vn -0.0465 -0.2604 -0.9644
vn -0.0485 -0.3172 -0.9471
vn -0.0535 -0.3068 -0.9503
vn -0.0502 -0.3316 -0.9421
vn -0.0523 -0.3195 -0.9461
vn -0.0568 -0.3677 -0.9282
vn -0.0531 -0.4418 -0.8955
vn -0.0781 -0.4691 -0.8797
vn -0.1331 -0.4061 -0.9041
vn -0.0799 -0.4012 -0.9125
vn -0.0619 -0.4065 -0.9115
vn -0.0107 -0.4144 -0.9100
vn -0.0052 -0.4181 -0.9084
vn 0.0060 -0.5593 -0.8290
vn -0.0672 -0.5231 -0.8496
vn -0.0793 -0.4928 -0.8665
vn -0.1455 -0.8676 -0.4755
vn -0.1599 -0.8542 -0.4947
vn 0.1557 -0.8214 -0.5487
vn 0.1614 -0.8166 -0.5542
vn 0.2551 -0.8118 -0.5253
vn 0.1161 -0.7630 -0.6358
vn 0.1343 -0.7367 -0.6628
vn 0.3076 -0.7324 -0.6074
vn 0.0760 -0.6680 -0.7403
vn 0.0965 -0.5859 -0.8046
vn 0.1070 -0.6088 -0.7861
vn 0.1062 -0.6339 -0.7661
vn 0.0624 -0.5488 -0.8336
vn 0.0686 -0.3934 -0.9168
vn 0.0451 -0.4544 -0.8896
vn 0.0739 -0.4198 -0.9046
vn 0.0814 -0.4816 -0.8726
vn 0.0824 -0.5059 -0.8586
vn 0.0023 -0.0150 -0.9999
vn -0.0620 -0.0706 -0.9956
vn -0.1470 -0.0908 -0.9850
vn -0.0218 -0.1221 -0.9923
vn 0.0695 -0.1711 -0.9828
vn 0.0060 -0.0388 -0.9992
vn 0.1449 -0.0672 -0.9872
vn 0.0223 -0.1159 -0.9930
vn 0.0247 -0.1610 -0.9866
vn 0.1296 -0.8351 -0.5345
vn 0.1600 -0.8321 -0.5311
vn 0.1244 -0.8018 -0.5846
vn 0.1397 -0.7993 -0.5844
vn 0.0727 -0.7916 -0.6067
vn 0.1071 -0.7877 -0.6067
vn 0.0570 -0.7802 -0.6229
vn 0.0775 -0.7784 -0.6230
vn 0.0417 -0.7721 -0.6342
vn 0.0497 -0.7716 -0.6342
vn 0.0269 -0.7669 -0.6412
vn 0.0181 -0.7672 -0.6412
vn 0.0097 -0.7644 -0.6446
vn -0.0260 -0.7642 -0.6444
vn -0.0132 -0.7702 -0.6377
vn -0.0667 -0.7675 -0.6376
vn -0.0326 -0.7769 -0.6287
vn -0.0962 -0.7718 -0.6285
vn -0.0445 -0.7864 -0.6162
vn -0.1302 -0.7771 -0.6157
vn -0.0548 -0.7999 -0.5977
vn -0.1731 -0.7835 -0.5968
vn -0.0625 -0.8186 -0.5709
vn -0.1564 -0.8052 -0.5720
vn -0.0910 -0.8389 -0.5366
vn -0.1462 -0.8303 -0.5379
vn -0.1734 -0.8052 -0.5670
vn 0.0592 -0.7807 -0.6221
vn 0.1833 -0.7591 -0.6246
vn 0.1314 -0.7631 -0.6328
vn 0.1666 -0.7560 -0.6330
vn 0.1051 -0.7102 -0.6961
vn 0.1253 -0.7071 -0.6960
vn 0.0630 -0.6987 -0.7126
vn 0.0955 -0.6950 -0.7127
vn 0.0496 -0.6872 -0.7248
vn 0.0688 -0.6855 -0.7248
vn 0.0364 -0.6791 -0.7331
vn 0.0441 -0.6786 -0.7331
vn 0.0235 -0.6740 -0.7384
vn 0.0160 -0.6742 -0.7383
vn 0.0085 -0.6716 -0.7409
vn -0.0229 -0.6714 -0.7407
vn -0.0116 -0.6772 -0.7357
vn -0.0588 -0.6748 -0.7356
vn -0.0288 -0.6838 -0.7291
vn -0.0848 -0.6794 -0.7289
vn -0.0395 -0.6932 -0.7197
vn -0.1147 -0.6852 -0.7193
vn -0.0490 -0.7067 -0.7058
vn -0.1525 -0.6926 -0.7050
vn -0.0567 -0.7257 -0.6857
vn -0.2272 -0.6949 -0.6822
vn -0.0590 -0.7737 -0.6308
vn -0.1169 -0.7649 -0.6334
vn -0.1193 -0.7636 -0.6346
vn 0.0629 -0.5484 -0.8338
vn 0.1177 -0.5387 -0.8342
vn 0.0900 -0.5323 -0.8418
vn 0.1255 -0.5252 -0.8417
vn 0.0932 -0.5260 -0.8453
vn 0.1264 -0.5191 -0.8453
vn 0.0640 -0.4837 -0.8729
vn 0.0896 -0.4798 -0.8728
vn 0.0404 -0.4732 -0.8800
vn 0.0675 -0.4701 -0.8800
vn 0.0322 -0.4640 -0.8853
vn 0.0482 -0.4626 -0.8853
vn 0.0239 -0.4575 -0.8889
vn 0.0307 -0.4571 -0.8889
vn 0.0155 -0.4535 -0.8911
vn 0.0111 -0.4537 -0.8911
vn 0.0057 -0.4516 -0.8922
vn -0.0158 -0.4516 -0.8921
vn -0.0078 -0.4560 -0.8899
vn -0.0406 -0.4543 -0.8899
vn -0.0194 -0.4612 -0.8871
vn -0.0586 -0.4581 -0.8870
vn -0.0268 -0.4685 -0.8830
vn -0.0794 -0.4631 -0.8828
vn -0.0335 -0.4793 -0.8770
vn -0.1059 -0.4696 -0.8765
vn -0.0391 -0.4946 -0.8682
vn -0.1545 -0.4751 -0.8663
vn -0.0473 -0.5339 -0.8442
vn -0.1211 -0.5196 -0.8458
vn -0.0912 -0.5433 -0.8346
vn -0.1088 -0.5401 -0.8346
vn -0.0859 -0.5524 -0.8291
vn 0.0251 -0.5671 -0.8233
vn 0.0870 -0.5738 -0.8143
vn 0.0108 -0.6869 -0.7267
vn 0.1458 -0.6665 -0.7311
vn 0.1105 -0.6600 -0.7431
vn 0.1561 -0.6508 -0.7430
vn 0.1140 -0.6530 -0.7488
vn 0.1489 -0.6458 -0.7488
vn 0.0847 -0.6034 -0.7929
vn 0.1085 -0.5998 -0.7927
vn 0.0521 -0.5919 -0.8043
vn 0.0823 -0.5884 -0.8044
vn 0.0412 -0.5811 -0.8128
vn 0.0591 -0.5796 -0.8128
vn 0.0304 -0.5736 -0.8186
vn 0.0377 -0.5732 -0.8186
vn 0.0197 -0.5689 -0.8222
vn 0.0137 -0.5691 -0.8222
vn 0.0072 -0.5667 -0.8239
vn -0.0195 -0.5666 -0.8238
vn -0.0098 -0.5718 -0.8203
vn -0.0501 -0.5698 -0.8203
vn -0.0244 -0.5779 -0.8157
vn -0.0722 -0.5742 -0.8155
vn -0.0336 -0.5866 -0.8092
vn -0.0977 -0.5798 -0.8089
vn -0.0418 -0.5991 -0.7996
vn -0.1301 -0.5872 -0.7989
vn -0.0487 -0.6169 -0.7855
vn -0.1918 -0.5920 -0.7828
vn -0.0549 -0.6624 -0.7471
vn -0.1519 -0.6444 -0.7495
vn -0.1103 -0.6727 -0.7316
vn -0.0213 -0.6854 -0.7279
vn -0.0622 -0.6748 -0.7353
vn -0.1546 -0.8610 0.4846
vn -0.1595 -0.8479 0.5056
vn -0.1562 -0.8214 0.5485
vn -0.1723 -0.8063 0.5659
vn -0.1356 -0.7364 0.6628
vn -0.0772 -0.6682 0.7400
vn -0.1117 -0.6274 0.7706
vn -0.1243 -0.6254 0.7704
vn -0.0306 -0.5461 0.8371
vn -0.0513 -0.3088 0.9497
vn -0.0547 -0.3453 0.9369
vn -0.0722 -0.4538 0.8882
vn -0.0787 -0.4816 0.8728
vn -0.0798 -0.5059 0.8589
vn -0.0024 -0.0149 0.9999
vn 0.0348 -0.0698 0.9970
vn -0.0085 -0.1211 0.9926
vn -0.0248 -0.1521 0.9881
vn -0.0297 -0.1901 0.9813
vn 0.0030 -0.1167 0.9932
vn 0.0537 -0.3170 0.9469
vn 0.0375 -0.2673 0.9629
vn 0.0352 -0.4170 0.9082
vn 0.0587 -0.3676 0.9281
vn 0.0553 -0.3314 0.9419
vn 0.0697 -0.4412 0.8947
vn 0.0808 -0.4691 0.8794
vn 0.1052 -0.6028 0.7909
vn 0.0464 -0.5654 0.8235
vn 0.0775 -0.5235 0.8485
vn 0.0818 -0.4928 0.8663
vn 0.0605 -0.6745 0.7357
vn 0.1060 -0.6397 0.7613
vn 0.1068 -0.6162 0.7803
vn 0.2898 -0.7378 0.6097
vn 0.1340 -0.7381 0.6612
vn 0.1143 -0.7628 0.6364
vn 0.1365 -0.8669 0.4795
vn 0.1511 -0.8534 0.4988
vn -0.1386 -0.8316 0.5378
vn -0.1580 -0.8280 0.5380
vn -0.1221 -0.8110 0.5722
vn -0.1548 -0.8055 0.5720
vn -0.0798 -0.7974 0.5982
vn -0.1304 -0.7907 0.5981
vn -0.0603 -0.7905 0.6094
vn -0.1178 -0.7788 0.6161
vn -0.0915 -0.7820 0.6165
vn -0.0488 -0.7759 0.6289
vn -0.0644 -0.7748 0.6289
vn -0.0347 -0.7694 0.6379
vn -0.0253 -0.7698 0.6378
vn -0.0138 -0.7644 0.6446
vn 0.0184 -0.7643 0.6445
vn 0.0095 -0.7674 0.6411
vn 0.0512 -0.7658 0.6410
vn 0.0256 -0.7729 0.6340
vn 0.0810 -0.7692 0.6339
vn 0.0385 -0.7815 0.6227
vn 0.1144 -0.7743 0.6224
vn 0.0502 -0.7937 0.6063
vn 0.1533 -0.7808 0.6057
vn 0.0599 -0.8098 0.5836
vn 0.1606 -0.7957 0.5840
vn 0.0867 -0.8378 0.5390
vn 0.1453 -0.8301 0.5383
vn 0.1614 -0.8166 0.5542
vn 0.2646 -0.8109 0.5220
vn 0.0613 -0.7804 0.6222
vn 0.1295 -0.7700 0.6247
vn 0.1859 -0.7517 0.6328
vn 0.0548 -0.7750 0.6296
vn 0.2209 -0.6881 0.6911
vn 0.0539 -0.7167 0.6953
vn 0.1351 -0.6894 0.7117
vn 0.0448 -0.7005 0.7123
vn 0.1008 -0.6822 0.7242
vn 0.0341 -0.6884 0.7245
vn 0.0714 -0.6766 0.7328
vn 0.0226 -0.6798 0.7330
vn 0.0451 -0.6731 0.7382
vn 0.0084 -0.6744 0.7383
vn 0.0162 -0.6715 0.7408
vn -0.0120 -0.6715 0.7409
vn -0.0224 -0.6768 0.7358
vn -0.0303 -0.6764 0.7359
vn -0.0571 -0.6819 0.7292
vn -0.0426 -0.6830 0.7292
vn -0.0814 -0.6892 0.7199
vn -0.0552 -0.6919 0.7199
vn -0.1079 -0.6996 0.7063
vn -0.0690 -0.7046 0.7062
vn -0.1393 -0.7136 0.6866
vn -0.1039 -0.7194 0.6868
vn -0.1790 -0.7525 0.6338
vn -0.1203 -0.7643 0.6335
vn -0.1175 -0.7632 0.6353
vn 0.0068 -0.6873 0.7264
vn 0.1095 -0.6733 0.7312
vn 0.1478 -0.6526 0.7431
vn 0.1133 -0.6595 0.7431
vn 0.1574 -0.6439 0.7487
vn 0.0519 -0.6636 0.7463
vn 0.1857 -0.5857 0.7890
vn 0.0461 -0.6085 0.7922
vn 0.1152 -0.5840 0.8036
vn 0.0381 -0.5933 0.8041
vn 0.0858 -0.5769 0.8123
vn 0.0289 -0.5821 0.8126
vn 0.0608 -0.5716 0.8183
vn 0.0191 -0.5742 0.8185
vn 0.0384 -0.5681 0.8220
vn 0.0071 -0.5693 0.8221
vn 0.0138 -0.5666 0.8239
vn -0.0101 -0.5666 0.8239
vn -0.0191 -0.5714 0.8204
vn -0.0253 -0.5712 0.8204
vn -0.0490 -0.5762 0.8159
vn -0.0355 -0.5772 0.8158
vn -0.0700 -0.5830 0.8094
vn -0.0458 -0.5855 0.8094
vn -0.0932 -0.5928 0.7999
vn -0.0568 -0.5974 0.7999
vn -0.1211 -0.6060 0.7862
vn -0.0842 -0.6120 0.7864
vn -0.1591 -0.6428 0.7494
vn -0.1121 -0.6526 0.7494
vn -0.1485 -0.6656 0.7314
vn -0.0220 -0.6853 0.7279
vn -0.2257 -0.7308 0.6442
vn 0.0733 -0.5467 0.8341
vn 0.0902 -0.5438 0.8344
vn 0.1183 -0.5267 0.8418
vn 0.0932 -0.5317 0.8418
vn 0.1260 -0.5192 0.8453
vn 0.0455 -0.5348 0.8437
vn 0.1489 -0.4697 0.8702
vn 0.0370 -0.4873 0.8724
vn 0.0937 -0.4667 0.8794
vn 0.0305 -0.4743 0.8798
vn 0.0696 -0.4605 0.8849
vn 0.0231 -0.4647 0.8851
vn 0.0492 -0.4559 0.8887
vn 0.0152 -0.4580 0.8888
vn 0.0311 -0.4529 0.8910
vn 0.0056 -0.4538 0.8911
vn 0.0112 -0.4516 0.8922
vn -0.0079 -0.4516 0.8922
vn -0.0156 -0.4557 0.8900
vn -0.0199 -0.4554 0.8900
vn -0.0399 -0.4597 0.8872
vn -0.0278 -0.4606 0.8872
vn -0.0572 -0.4655 0.8832
vn -0.0357 -0.4677 0.8832
vn -0.0766 -0.4738 0.8773
vn -0.0438 -0.4780 0.8772
vn -0.1003 -0.4851 0.8687
vn -0.0640 -0.4910 0.8688
vn -0.1344 -0.5167 0.8456
vn -0.0910 -0.5258 0.8457
vn -0.1201 -0.5379 0.8344
vn -0.0856 -0.5443 0.8345
vn -0.0915 -0.5454 0.8332
vn -0.0106 -0.5520 0.8338
vn -0.0837 -0.5847 0.8069
vn 0.0448 -0.4033 0.9140
vn 0.0676 -0.3993 0.9143
vn 0.0864 -0.3866 0.9182
vn 0.0697 -0.3899 0.9182
vn 0.0921 -0.3808 0.9200
vn 0.0366 -0.3920 0.9192
vn 0.1105 -0.3430 0.9328
vn 0.0272 -0.3557 0.9342
vn 0.0705 -0.3400 0.9378
vn 0.0224 -0.3457 0.9381
vn 0.0522 -0.3352 0.9407
vn 0.0169 -0.3384 0.9408
vn 0.0369 -0.3317 0.9427
vn 0.0111 -0.3334 0.9427
vn 0.0233 -0.3295 0.9439
vn 0.0041 -0.3302 0.9439
vn 0.0084 -0.3285 0.9445
vn -0.0058 -0.3285 0.9445
vn -0.0117 -0.3315 0.9434
vn -0.0144 -0.3314 0.9434
vn -0.0301 -0.3346 0.9419
vn -0.0200 -0.3353 0.9419
vn -0.0433 -0.3390 0.9398
vn -0.0255 -0.3408 0.9398
vn -0.0583 -0.3452 0.9367
vn -0.0308 -0.3488 0.9367
vn -0.0769 -0.3537 0.9322
vn -0.0443 -0.3589 0.9323
vn -0.1049 -0.3776 0.9200
vn -0.0674 -0.3855 0.9203
vn -0.0886 -0.3952 0.9143
vn -0.0636 -0.3998 0.9144
vn -0.0800 -0.4035 0.9115
vn -0.0339 -0.4110 0.9110
vn 0.0158 -0.3967 0.9178
vn 0.0426 -0.1918 0.9805
vn 0.0336 -0.1937 0.9805
vn 0.0198 -0.2480 0.9686
vn 0.0424 -0.2439 0.9689
vn 0.0530 -0.2361 0.9703
vn 0.0438 -0.2379 0.9703
vn 0.0566 -0.2325 0.9710
vn 0.0259 -0.2387 0.9707
vn 0.0706 -0.2085 0.9755
vn 0.0177 -0.2164 0.9762
vn 0.0458 -0.2065 0.9774
vn 0.0144 -0.2102 0.9776
vn 0.0337 -0.2036 0.9785
vn 0.0108 -0.2056 0.9786
vn 0.0237 -0.2015 0.9792
vn 0.0071 -0.2025 0.9793
vn 0.0149 -0.2001 0.9797
vn 0.0026 -0.2005 0.9797
vn 0.0054 -0.1995 0.9799
vn -0.0036 -0.1995 0.9799
vn -0.0075 -0.2013 0.9795
vn -0.0091 -0.2013 0.9795
vn -0.0194 -0.2032 0.9789
vn -0.0126 -0.2037 0.9790
vn -0.0281 -0.2059 0.9782
vn -0.0159 -0.2071 0.9782
vn -0.0381 -0.2097 0.9770
vn -0.0190 -0.2121 0.9771
vn -0.0510 -0.2147 0.9753
vn -0.0269 -0.2186 0.9754
vn -0.0705 -0.2292 0.9708
vn -0.0420 -0.2352 0.9710
vn -0.0549 -0.2415 0.9689
vn -0.0396 -0.2443 0.9689
vn -0.0494 -0.2467 0.9678
vn -0.0083 -0.2535 0.9673
vn 0.0005 -0.2493 0.9684
vn 0.0052 -0.0867 0.9962
vn -0.0176 -0.0829 0.9964
vn -0.0143 -0.0820 0.9965
vn -0.0197 -0.0810 0.9965
vn -0.0153 -0.0788 0.9968
vn -0.0309 -0.0756 0.9967
vn -0.0140 -0.0726 0.9973
vn -0.0221 -0.0713 0.9972
vn -0.0101 -0.0707 0.9974
vn -0.0161 -0.0699 0.9974
vn -0.0079 -0.0692 0.9976
vn -0.0117 -0.0688 0.9976
vn -0.0060 -0.0682 0.9977
vn -0.0080 -0.0680 0.9977
vn -0.0043 -0.0674 0.9977
vn -0.0031 -0.0675 0.9977
vn -0.0017 -0.0669 0.9978
vn 0.0022 -0.0669 0.9978
vn 0.0012 -0.0672 0.9977
vn 0.0061 -0.0671 0.9977
vn 0.0033 -0.0679 0.9977
vn 0.0097 -0.0675 0.9977
vn 0.0052 -0.0688 0.9976
vn 0.0140 -0.0681 0.9976
vn 0.0072 -0.0703 0.9975
vn 0.0193 -0.0688 0.9974
vn 0.0094 -0.0721 0.9974
vn 0.0293 -0.0692 0.9972
vn 0.0147 -0.0790 0.9968
vn 0.0203 -0.0779 0.9968
vn 0.0162 -0.0797 0.9967
vn 0.0189 -0.0792 0.9967
vn 0.0156 -0.0818 0.9965
vn 0.0110 -0.0827 0.9965
vn 0.0132 -0.0796 0.9967
vn -0.1677 -0.0953 0.9812
vn 0.0059 -0.0389 0.9992
vn 0.8791 -0.4642 -0.1086
vn 0.5335 -0.8089 0.2472
vn 0.6663 -0.7301 0.1520
vn 0.6800 -0.7084 0.1891
vn 0.6799 -0.7067 0.1956
vn 0.7969 -0.5844 0.1531
vn 0.8730 -0.4755 0.1081
vn 0.9245 -0.3752 0.0675
vn 0.9399 -0.3335 0.0730
vn 0.9941 -0.1060 0.0215
vn 0.9773 -0.2081 0.0396
vn 0.9774 -0.2066 0.0447
vn 0.9996 -0.0267 0.0050
vn 0.9818 -0.1863 -0.0367
vn 0.9907 -0.1335 -0.0270
vn 0.9596 -0.2723 -0.0709
vn 0.9384 -0.3403 -0.0602
vn 0.9389 -0.3355 -0.0766
vn 0.9131 -0.4020 -0.0680
vn 0.7579 -0.6486 -0.0709
vn 0.7667 -0.6217 -0.1599
vn 0.7712 -0.6219 -0.1361
vn 0.8312 -0.5364 -0.1465
vn 0.7086 -0.6815 -0.1829
vn 0.7081 -0.6803 -0.1891
vn 0.6778 -0.7103 -0.1899
vn 0.5872 -0.7966 -0.1437
vn 0.5879 -0.7937 -0.1561
vn 0.5896 -0.7879 -0.1779
vn 0.5894 -0.7902 -0.1677
vn 0.5921 -0.7817 -0.1960
vn 0.5922 -0.7843 -0.1846
vn 0.5962 -0.7746 -0.2110
vn 0.5956 -0.7727 -0.2193
vn 0.6078 -0.7617 -0.2245
vn 0.6034 -0.7652 0.2245
vn 0.6111 -0.7706 0.1809
vn 0.5954 -0.7732 0.2184
vn 0.5982 -0.7839 0.1661
vn 0.5901 -0.7811 0.2039
vn 0.5902 -0.7923 0.1548
vn 0.5887 -0.7877 0.1814
vn 0.5879 -0.7573 0.2844
vn 0.5976 -0.7854 0.1612
vn 0.5955 -0.7253 0.3454
vn 0.6159 -0.7758 0.1372
vn 0.6125 -0.7005 0.3661
vn 0.6378 -0.7630 0.1049
vn 0.6427 -0.7337 0.2206
vn 0.7314 -0.6551 0.1894
vn 0.7300 -0.6382 0.2447
vn 0.7659 -0.6334 0.1103
vn 0.7657 -0.6036 0.2222
vn 0.7877 -0.6080 0.0995
vn 0.7884 -0.5879 0.1810
vn 0.8172 -0.5664 0.1066
vn 0.8175 -0.5584 0.1412
vn 0.8510 -0.5152 0.1020
vn 0.8509 -0.5120 0.1173
vn 0.8752 -0.4763 0.0846
vn 0.8752 -0.4746 0.0934
vn 0.8977 -0.4348 0.0713
vn 0.8977 -0.4345 0.0726
vn 0.9167 -0.3956 0.0568
vn 0.9166 -0.3970 0.0464
vn 0.9396 -0.3398 0.0407
vn 0.9396 -0.3401 0.0371
vn 0.9417 -0.3354 0.0261
vn 0.9417 -0.3356 0.0237
vn 0.9525 -0.3040 0.0191
vn 0.9525 -0.3045 0.0076
vn 0.9557 -0.2943 0.0056
vn 0.9557 -0.2944 -0.0035
vn 0.9551 -0.2964 -0.0024
vn 0.9550 -0.2961 -0.0159
vn 0.9487 -0.3161 -0.0102
vn 0.9486 -0.3143 -0.0383
vn 0.9335 -0.3580 -0.0217
vn 0.9330 -0.3521 -0.0743
vn 0.9032 -0.4278 -0.0340
vn 0.9029 -0.4153 -0.1105
vn 0.8775 -0.4771 -0.0497
vn 0.8770 -0.4600 -0.1386
vn 0.8561 -0.5132 -0.0601
vn 0.8545 -0.4874 -0.1796
vn 0.8239 -0.5637 -0.0586
vn 0.8220 -0.5249 -0.2210
vn 0.7950 -0.6037 -0.0589
vn 0.7892 -0.5421 -0.2885
vn 0.5344 -0.8088 -0.2455
vn 0.6003 -0.7370 -0.3106
vn 0.5982 -0.7233 -0.3450
vn 0.6256 -0.7685 -0.1340
vn 0.6259 -0.7116 -0.3193
vn 0.6813 -0.7205 -0.1294
vn 0.6812 -0.6734 -0.2873
vn 0.7289 -0.6751 -0.1137
vn 0.7284 -0.6332 -0.2617
vn 0.7578 -0.6449 -0.0992
vn 0.7525 -0.6578 -0.0334
vn 0.6767 -0.7268 -0.1182
vn 0.6699 -0.7184 -0.1877
vn 0.6639 -0.7382 -0.1196
vn 0.6660 -0.7240 -0.1798
vn 0.6759 -0.6944 -0.2470
vn 0.6757 -0.7171 -0.1710
vn 0.6827 -0.6810 -0.2647
vn 0.6828 -0.7125 -0.1617
vn 0.6891 -0.6704 -0.2751
vn 0.6892 -0.7086 -0.1513
vn 0.6948 -0.6600 -0.2856
vn 0.6944 -0.7079 -0.1295
vn 0.7055 -0.6390 -0.3066
vn 0.7031 -0.7065 -0.0807
vn 0.7200 -0.5994 -0.3497
vn 0.7063 -0.7067 0.0409
vn 0.7399 -0.5094 -0.4394
vn 0.7479 -0.6619 0.0503
vn 0.7783 -0.4841 -0.4000
vn 0.7957 -0.6055 -0.0153
vn 0.8148 -0.4947 -0.3024
vn 0.8205 -0.5706 -0.0346
vn 0.8472 -0.4703 -0.2471
vn 0.8518 -0.5211 -0.0544
vn 0.8713 -0.4529 -0.1888
vn 0.8729 -0.4849 -0.0541
vn 0.8951 -0.4191 -0.1521
vn 0.8963 -0.4402 -0.0536
vn 0.9114 -0.3943 -0.1175
vn 0.9118 -0.4082 -0.0447
vn 0.9302 -0.3551 -0.0929
vn 0.9304 -0.3651 -0.0310
vn 0.9519 -0.3000 -0.0618
vn 0.9522 -0.3049 -0.0191
vn 0.9631 -0.2673 -0.0321
vn 0.9632 -0.2688 -0.0088
vn 0.9677 -0.2517 -0.0134
vn 0.9678 -0.2519 -0.0021
vn 0.9682 -0.2501 -0.0029
vn 0.9682 -0.2501 0.0048
vn 0.9659 -0.2588 0.0065
vn 0.9659 -0.2584 0.0159
vn 0.9582 -0.2855 0.0206
vn 0.9582 -0.2854 0.0222
vn 0.9567 -0.2895 0.0317
vn 0.9567 -0.2893 0.0335
vn 0.9401 -0.3385 0.0409
vn 0.9401 -0.3376 0.0473
vn 0.9264 -0.3711 0.0635
vn 0.9264 -0.3718 0.0593
vn 0.9101 -0.4061 0.0821
vn 0.9101 -0.4084 0.0703
vn 0.8925 -0.4390 0.1035
vn 0.8925 -0.4432 0.0840
vn 0.8681 -0.4801 0.1263
vn 0.8678 -0.4891 0.0877
vn 0.8467 -0.5068 0.1618
vn 0.8461 -0.5267 0.0819
vn 0.8299 -0.5214 0.1984
vn 0.8300 -0.5510 0.0871
vn 0.8034 -0.5520 0.2235
vn 0.8050 -0.5763 0.1409
vn 0.7392 -0.6358 0.2220
vn 0.7350 -0.6720 0.0909
vn 0.7156 -0.6170 0.3276
vn 0.7191 -0.6840 0.1228
vn 0.7035 -0.6415 0.3059
vn 0.7057 -0.6935 0.1454
vn 0.6940 -0.6598 0.2882
vn 0.6952 -0.7009 0.1596
vn 0.6866 -0.6727 0.2758
vn 0.6875 -0.7052 0.1732
vn 0.6755 -0.6895 0.2611
vn 0.6760 -0.7142 0.1814
vn 0.6673 -0.7015 0.2504
vn 0.6666 -0.7294 0.1538
vn 0.6136 -0.7563 0.2267
vn 0.7639 -0.6230 -0.1686
vn 0.7639 -0.6224 -0.1705
vn 0.7654 -0.6190 -0.1759
vn 0.7653 -0.6234 -0.1604
vn 0.7711 -0.6035 -0.2031
vn 0.7711 -0.6174 -0.1558
vn 0.7787 -0.5901 -0.2131
vn 0.7787 -0.6095 -0.1489
vn 0.7836 -0.5799 -0.2230
vn 0.7836 -0.6049 -0.1413
vn 0.7880 -0.5705 -0.2314
vn 0.7881 -0.6010 -0.1328
vn 0.7919 -0.5615 -0.2400
vn 0.7917 -0.5998 -0.1159
vn 0.7992 -0.5435 -0.2566
vn 0.7977 -0.5981 -0.0768
vn 0.8090 -0.5101 -0.2922
vn 0.7994 -0.6004 0.0231
vn 0.8212 -0.4349 -0.3693
vn 0.8274 -0.5603 0.0379
vn 0.8472 -0.4086 -0.3396
vn 0.8612 -0.5080 -0.0154
vn 0.8737 -0.4141 -0.2552
vn 0.8786 -0.4763 -0.0336
vn 0.8966 -0.3926 -0.2048
vn 0.9000 -0.4332 -0.0483
vn 0.9132 -0.3766 -0.1559
vn 0.9143 -0.4021 -0.0479
vn 0.9294 -0.3474 -0.1245
vn 0.9302 -0.3641 -0.0462
vn 0.9404 -0.3261 -0.0964
vn 0.9407 -0.3371 -0.0388
vn 0.9531 -0.2930 -0.0756
vn 0.9533 -0.3009 -0.0271
vn 0.9677 -0.2470 -0.0497
vn 0.9679 -0.2507 -0.0163
vn 0.9752 -0.2196 -0.0260
vn 0.9753 -0.2208 -0.0074
vn 0.9784 -0.2066 -0.0109
vn 0.9784 -0.2068 -0.0017
vn 0.9787 -0.2054 -0.0024
vn 0.9787 -0.2054 0.0039
vn 0.9771 -0.2126 0.0054
vn 0.9771 -0.2123 0.0128
vn 0.9719 -0.2346 0.0173
vn 0.9719 -0.2346 0.0182
vn 0.9709 -0.2380 0.0263
vn 0.9709 -0.2379 0.0267
vn 0.9598 -0.2786 0.0349
vn 0.9598 -0.2782 0.0380
vn 0.9505 -0.3060 0.0537
vn 0.9505 -0.3070 0.0476
vn 0.9395 -0.3353 0.0698
vn 0.9395 -0.3379 0.0564
vn 0.9276 -0.3631 0.0882
vn 0.9276 -0.3677 0.0665
vn 0.9110 -0.3978 0.1090
vn 0.9108 -0.4071 0.0694
vn 0.8963 -0.4207 0.1398
vn 0.8959 -0.4396 0.0646
vn 0.8847 -0.4335 0.1716
vn 0.8846 -0.4618 0.0649
vn 0.8662 -0.4590 0.1977
vn 0.8674 -0.4881 0.0966
vn 0.8219 -0.5280 0.2135
vn 0.8193 -0.5684 0.0755
vn 0.8052 -0.5212 0.2829
vn 0.8087 -0.5787 0.1055
vn 0.7975 -0.5439 0.2610
vn 0.7995 -0.5874 0.1257
vn 0.7912 -0.5606 0.2445
vn 0.7922 -0.5944 0.1381
vn 0.7862 -0.5722 0.2335
vn 0.7869 -0.5988 0.1491
vn 0.7785 -0.5872 0.2216
vn 0.7789 -0.6074 0.1561
vn 0.7728 -0.5980 0.2125
vn 0.7730 -0.6137 0.1605
vn 0.7644 -0.6122 0.2023
vn 0.7643 -0.6270 0.1507
vn 0.7468 -0.6410 0.1772
vn 0.8536 -0.5107 -0.1026
vn 0.8539 -0.5040 -0.1297
vn 0.8548 -0.5014 -0.1338
vn 0.8548 -0.5004 -0.1373
vn 0.8558 -0.4977 -0.1413
vn 0.8557 -0.5007 -0.1306
vn 0.8593 -0.4850 -0.1623
vn 0.8593 -0.4953 -0.1274
vn 0.8641 -0.4738 -0.1699
vn 0.8641 -0.4883 -0.1220
vn 0.8671 -0.4654 -0.1776
vn 0.8672 -0.4842 -0.1164
vn 0.8698 -0.4577 -0.1842
vn 0.8700 -0.4807 -0.1098
vn 0.8722 -0.4503 -0.1911
vn 0.8723 -0.4792 -0.0975
vn 0.8767 -0.4357 -0.2037
vn 0.8761 -0.4774 -0.0681
vn 0.8826 -0.4090 -0.2319
vn 0.8770 -0.4804 0.0092
vn 0.8890 -0.3491 -0.2963
vn 0.8938 -0.4476 0.0267
vn 0.9046 -0.3246 -0.2764
vn 0.9151 -0.4029 -0.0144
vn 0.9222 -0.3274 -0.2060
vn 0.9261 -0.3761 -0.0306
vn 0.9368 -0.3101 -0.1620
vn 0.9392 -0.3411 -0.0408
vn 0.9471 -0.2965 -0.1227
vn 0.9479 -0.3159 -0.0402
vn 0.9571 -0.2731 -0.0970
vn 0.9576 -0.2856 -0.0378
vn 0.9638 -0.2558 -0.0752
vn 0.9640 -0.2640 -0.0319
vn 0.9716 -0.2295 -0.0584
vn 0.9717 -0.2353 -0.0225
vn 0.9805 -0.1930 -0.0380
vn 0.9806 -0.1958 -0.0132
vn 0.9850 -0.1714 -0.0200
vn 0.9850 -0.1723 -0.0059
vn 0.9869 -0.1612 -0.0085
vn 0.9869 -0.1613 -0.0013
vn 0.9871 -0.1602 -0.0019
vn 0.9871 -0.1602 0.0030
vn 0.9861 -0.1658 0.0043
vn 0.9861 -0.1656 0.0098
vn 0.9830 -0.1832 0.0138
vn 0.9830 -0.1831 0.0143
vn 0.9824 -0.1858 0.0207
vn 0.9824 -0.1858 0.0201
vn 0.9756 -0.2178 0.0282
vn 0.9756 -0.2176 0.0291
vn 0.9700 -0.2393 0.0432
vn 0.9700 -0.2405 0.0363
vn 0.9633 -0.2626 0.0564
vn 0.9632 -0.2652 0.0430
vn 0.9560 -0.2847 0.0716
vn 0.9559 -0.2893 0.0500
vn 0.9458 -0.3122 0.0896
vn 0.9456 -0.3211 0.0521
vn 0.9367 -0.3306 0.1152
vn 0.9364 -0.3475 0.0481
vn 0.9294 -0.3410 0.1416
vn 0.9293 -0.3665 0.0450
vn 0.9176 -0.3605 0.1673
vn 0.9184 -0.3914 0.0584
vn 0.8897 -0.4129 0.1949
vn 0.8890 -0.4540 0.0596
vn 0.8796 -0.4150 0.2326
vn 0.8826 -0.4621 0.0859
vn 0.8754 -0.4348 0.2113
vn 0.8770 -0.4694 0.1027
vn 0.8716 -0.4490 0.1965
vn 0.8725 -0.4754 0.1128
vn 0.8686 -0.4588 0.1871
vn 0.8692 -0.4794 0.1211
vn 0.8639 -0.4713 0.1778
vn 0.8642 -0.4869 0.1267
vn 0.8603 -0.4804 0.1704
vn 0.8605 -0.4925 0.1299
vn 0.8551 -0.4923 0.1625
vn 0.8552 -0.5016 0.1303
vn 0.8529 -0.5042 0.1351
vn 0.8518 -0.5188 0.0723
vn 0.7157 -0.5963 0.3637
vn 0.9245 -0.3702 -0.0905
vn 0.9245 -0.3690 -0.0951
vn 0.9250 -0.3671 -0.0979
vn 0.9250 -0.3663 -0.1007
vn 0.9255 -0.3643 -0.1034
vn 0.9255 -0.3662 -0.0969
vn 0.9274 -0.3549 -0.1185
vn 0.9274 -0.3619 -0.0950
vn 0.9298 -0.3465 -0.1238
vn 0.9299 -0.3563 -0.0913
vn 0.9314 -0.3402 -0.1296
vn 0.9315 -0.3530 -0.0875
vn 0.9328 -0.3343 -0.1344
vn 0.9330 -0.3502 -0.0831
vn 0.9340 -0.3288 -0.1395
vn 0.9342 -0.3488 -0.0750
vn 0.9364 -0.3180 -0.1486
vn 0.9363 -0.3469 -0.0554
vn 0.9393 -0.2983 -0.1697
vn 0.9370 -0.3492 -0.0020
vn 0.9417 -0.2542 -0.2205
vn 0.9454 -0.3256 0.0153
vn 0.9493 -0.2341 -0.2100
vn 0.9565 -0.2916 -0.0133
vn 0.9594 -0.2358 -0.1548
vn 0.9622 -0.2712 -0.0260
vn 0.9674 -0.2237 -0.1186
vn 0.9689 -0.2456 -0.0320
vn 0.9728 -0.2136 -0.0892
vn 0.9734 -0.2271 -0.0313
vn 0.9780 -0.1965 -0.0697
vn 0.9783 -0.2051 -0.0286
vn 0.9815 -0.1838 -0.0541
vn 0.9816 -0.1894 -0.0243
vn 0.9855 -0.1647 -0.0416
vn 0.9855 -0.1687 -0.0172
vn 0.9900 -0.1384 -0.0268
vn 0.9901 -0.1402 -0.0098
vn 0.9923 -0.1227 -0.0142
vn 0.9924 -0.1234 -0.0043
vn 0.9933 -0.1154 -0.0061
vn 0.9933 -0.1155 -0.0010
vn 0.9934 -0.1147 -0.0014
vn 0.9934 -0.1147 0.0022
vn 0.9929 -0.1187 0.0031
vn 0.9929 -0.1186 0.0070
vn 0.9913 -0.1312 0.0101
vn 0.9913 -0.1312 0.0103
vn 0.9910 -0.1331 0.0150
vn 0.9910 -0.1332 0.0140
vn 0.9875 -0.1560 0.0210
vn 0.9875 -0.1561 0.0205
vn 0.9846 -0.1716 0.0321
vn 0.9846 -0.1727 0.0256
vn 0.9812 -0.1884 0.0420
vn 0.9812 -0.1907 0.0303
vn 0.9774 -0.2044 0.0535
vn 0.9774 -0.2084 0.0348
vn 0.9722 -0.2242 0.0679
vn 0.9721 -0.2317 0.0362
vn 0.9674 -0.2375 0.0878
vn 0.9673 -0.2513 0.0334
vn 0.9635 -0.2449 0.1084
vn 0.9635 -0.2661 0.0284
vn 0.9571 -0.2581 0.1318
vn 0.9574 -0.2872 0.0288
vn 0.9417 -0.2930 0.1651
vn 0.9428 -0.3305 0.0444
vn 0.9372 -0.3006 0.1767
vn 0.9396 -0.3362 0.0647
vn 0.9355 -0.3164 0.1574
vn 0.9366 -0.3418 0.0771
vn 0.9337 -0.3274 0.1450
vn 0.9343 -0.3464 0.0843
vn 0.9322 -0.3349 0.1374
vn 0.9325 -0.3497 0.0899
vn 0.9297 -0.3444 0.1305
vn 0.9299 -0.3555 0.0939
vn 0.9279 -0.3513 0.1249
vn 0.9280 -0.3600 0.0959
vn 0.9252 -0.3604 0.1192
vn 0.9252 -0.3672 0.0955
vn 0.9240 -0.3693 0.0990
vn 0.9238 -0.3770 0.0666
vn 0.8991 -0.4264 0.0991
vn 0.9713 -0.2374 -0.0176
vn 0.9717 -0.2302 -0.0522
vn 0.9726 -0.2260 -0.0542
vn 0.9726 -0.2250 -0.0582
vn 0.9728 -0.2239 -0.0598
vn 0.9728 -0.2234 -0.0616
vn 0.9730 -0.2221 -0.0631
vn 0.9730 -0.2229 -0.0603
vn 0.9736 -0.2162 -0.0727
vn 0.9737 -0.2201 -0.0595
vn 0.9745 -0.2109 -0.0760
vn 0.9746 -0.2165 -0.0576
vn 0.9751 -0.2069 -0.0797
vn 0.9752 -0.2143 -0.0557
vn 0.9756 -0.2033 -0.0829
vn 0.9757 -0.2124 -0.0534
vn 0.9760 -0.1997 -0.0863
vn 0.9762 -0.2112 -0.0494
vn 0.9769 -0.1930 -0.0922
vn 0.9770 -0.2094 -0.0394
vn 0.9778 -0.1806 -0.1063
vn 0.9777 -0.2099 -0.0114
vn 0.9780 -0.1526 -0.1424
vn 0.9806 -0.1959 0.0015
vn 0.9804 -0.1390 -0.1399
vn 0.9844 -0.1754 -0.0132
vn 0.9848 -0.1409 -0.1012
vn 0.9864 -0.1629 -0.0202
vn 0.9881 -0.1344 -0.0749
vn 0.9888 -0.1476 -0.0222
vn 0.9901 -0.1285 -0.0557
vn 0.9904 -0.1365 -0.0211
vn 0.9921 -0.1183 -0.0429
vn 0.9922 -0.1234 -0.0187
vn 0.9933 -0.1106 -0.0332
vn 0.9934 -0.1139 -0.0158
vn 0.9948 -0.0991 -0.0253
vn 0.9948 -0.1014 -0.0112
vn 0.9964 -0.0832 -0.0160
vn 0.9964 -0.0843 -0.0063
vn 0.9972 -0.0738 -0.0086
vn 0.9972 -0.0741 -0.0027
vn 0.9976 -0.0693 -0.0037
vn 0.9976 -0.0694 -0.0006
vn 0.9976 -0.0689 -0.0008
vn 0.9976 -0.0689 0.0013
vn 0.9975 -0.0713 0.0019
vn 0.9975 -0.0712 0.0042
vn 0.9969 -0.0788 0.0063
vn 0.9968 -0.0800 0.0093
vn 0.9968 -0.0801 0.0084
vn 0.9955 -0.0938 0.0133
vn 0.9955 -0.0939 0.0124
vn 0.9945 -0.1032 0.0202
vn 0.9945 -0.1040 0.0155
vn 0.9932 -0.1133 0.0266
vn 0.9932 -0.1148 0.0185
vn 0.9918 -0.1228 0.0342
vn 0.9919 -0.1256 0.0211
vn 0.9899 -0.1346 0.0441
vn 0.9899 -0.1398 0.0223
vn 0.9881 -0.1424 0.0575
vn 0.9882 -0.1516 0.0212
vn 0.9866 -0.1465 0.0717
vn 0.9868 -0.1609 0.0173
vn 0.9840 -0.1534 0.0905
vn 0.9844 -0.1753 0.0125
vn 0.9776 -0.1713 0.1223
vn 0.9794 -0.1998 0.0307
vn 0.9767 -0.1805 0.1157
vn 0.9782 -0.2035 0.0427
vn 0.9764 -0.1913 0.1002
vn 0.9771 -0.2071 0.0496
vn 0.9759 -0.1986 0.0909
vn 0.9762 -0.2102 0.0536
vn 0.9754 -0.2034 0.0854
vn 0.9756 -0.2124 0.0565
vn 0.9745 -0.2094 0.0808
vn 0.9746 -0.2162 0.0586
vn 0.9738 -0.2139 0.0770
vn 0.9739 -0.2191 0.0594
vn 0.9728 -0.2196 0.0734
vn 0.9729 -0.2239 0.0584
vn 0.9724 -0.2253 0.0604
vn 0.9723 -0.2304 0.0392
vn 0.9563 -0.2853 0.0637
vn 0.9965 -0.0830 -0.0084
vn 0.9968 -0.0777 0.0181
vn 0.9969 -0.0766 0.0168
vn 0.9969 -0.0757 0.0205
vn 0.9970 -0.0752 0.0198
vn 0.9970 -0.0734 0.0260
vn 0.9971 -0.0732 0.0214
vn 0.9971 -0.0713 0.0277
vn 0.9972 -0.0720 0.0216
vn 0.9971 -0.0696 0.0297
vn 0.9973 -0.0705 0.0215
vn 0.9972 -0.0673 0.0321
vn 0.9974 -0.0695 0.0214
vn 0.9973 -0.0653 0.0350
vn 0.9975 -0.0681 0.0211
vn 0.9973 -0.0621 0.0403
vn 0.9976 -0.0663 0.0206
vn 0.9971 -0.0572 0.0498
vn 0.9977 -0.0641 0.0198
vn 0.9967 -0.0508 0.0629
vn 0.9983 -0.0553 0.0164
vn 0.9980 -0.0481 0.0421
vn 0.9986 -0.0517 0.0141
vn 0.9984 -0.0471 0.0313
vn 0.9987 -0.0493 0.0128
vn 0.9986 -0.0463 0.0243
vn 0.9989 -0.0458 0.0112
vn 0.9989 -0.0442 0.0180
vn 0.9991 -0.0415 0.0093
vn 0.9991 -0.0406 0.0135
vn 0.9992 -0.0381 0.0077
vn 0.9992 -0.0376 0.0103
vn 0.9994 -0.0345 0.0062
vn 0.9994 -0.0343 0.0077
vn 0.9995 -0.0312 0.0048
vn 0.9995 -0.0312 0.0051
vn 0.9996 -0.0267 0.0032
vn 0.9996 -0.0266 0.0034
vn 0.9997 -0.0263 0.0024
vn 0.9997 -0.0238 0.0016
vn 0.9997 -0.0238 0.0007
vn 0.9997 -0.0230 0.0005
vn 0.9997 -0.0230 -0.0003
vn 0.9997 -0.0231 -0.0002
vn 0.9997 -0.0231 -0.0013
vn 0.9997 -0.0247 -0.0010
vn 0.9997 -0.0246 -0.0031
vn 0.9996 -0.0281 -0.0024
vn 0.9996 -0.0277 -0.0058
vn 0.9994 -0.0337 -0.0045
vn 0.9994 -0.0329 -0.0094
vn 0.9993 -0.0378 -0.0066
vn 0.9992 -0.0366 -0.0126
vn 0.9991 -0.0408 -0.0081
vn 0.9991 -0.0391 -0.0166
vn 0.9989 -0.0450 -0.0099
vn 0.9989 -0.0421 -0.0223
vn 0.9988 -0.0484 -0.0116
vn 0.9986 -0.0435 -0.0311
vn 0.9985 -0.0527 -0.0136
vn 0.9980 -0.0442 -0.0450
vn 0.9983 -0.0557 -0.0153
vn 0.9970 -0.0416 -0.0651
vn 0.9980 -0.0604 -0.0175
vn 0.9969 -0.0469 -0.0626
vn 0.9977 -0.0655 -0.0200
vn 0.9974 -0.0585 -0.0427
vn 0.9975 -0.0679 -0.0210
vn 0.9974 -0.0634 -0.0354
vn 0.9974 -0.0694 -0.0215
vn 0.9973 -0.0660 -0.0324
vn 0.9973 -0.0702 -0.0216
vn 0.9973 -0.0674 -0.0306
vn 0.9972 -0.0710 -0.0218
vn 0.9972 -0.0688 -0.0290
vn 0.9972 -0.0720 -0.0219
vn 0.9972 -0.0703 -0.0272
vn 0.9971 -0.0734 -0.0219
vn 0.9971 -0.0723 -0.0257
vn 0.9970 -0.0745 -0.0217
vn 0.9970 -0.0746 -0.0214
vn 0.9970 -0.0750 -0.0209
vn 0.9970 -0.0752 -0.0203
vn 0.9969 -0.0756 -0.0197
vn 0.9969 -0.0759 -0.0185
vn 0.9968 -0.0773 -0.0179
vn 0.9967 -0.0813 0.0012
vn 0.9985 -0.0544 -0.0106
vn -0.8791 -0.4642 0.1086
vn -0.9818 -0.1863 0.0367
vn -0.9907 -0.1335 0.0270
vn -0.9596 -0.2723 0.0709
vn -0.9384 -0.3403 0.0602
vn -0.9389 -0.3355 0.0766
vn -0.9131 -0.4020 0.0680
vn -0.7579 -0.6486 0.0709
vn -0.7667 -0.6217 0.1599
vn -0.7712 -0.6219 0.1361
vn -0.8312 -0.5364 0.1465
vn -0.7086 -0.6815 0.1829
vn -0.7081 -0.6803 0.1891
vn -0.6778 -0.7103 0.1899
vn -0.5872 -0.7966 0.1437
vn -0.5879 -0.7937 0.1561
vn -0.5896 -0.7879 0.1779
vn -0.5894 -0.7902 0.1677
vn -0.5921 -0.7817 0.1960
vn -0.5922 -0.7843 0.1846
vn -0.5962 -0.7746 0.2110
vn -0.5956 -0.7727 0.2193
vn -0.6078 -0.7617 0.2245
vn -0.5335 -0.8089 -0.2472
vn -0.6663 -0.7301 -0.1520
vn -0.6800 -0.7084 -0.1891
vn -0.6799 -0.7067 -0.1956
vn -0.7969 -0.5844 -0.1531
vn -0.8730 -0.4755 -0.1081
vn -0.9245 -0.3752 -0.0675
vn -0.9399 -0.3335 -0.0730
vn -0.9941 -0.1060 -0.0215
vn -0.9773 -0.2081 -0.0396
vn -0.9774 -0.2066 -0.0447
vn -0.9996 -0.0267 -0.0050
vn -0.6034 -0.7652 -0.2245
vn -0.6111 -0.7706 -0.1809
vn -0.5954 -0.7732 -0.2184
vn -0.5982 -0.7839 -0.1661
vn -0.5901 -0.7811 -0.2039
vn -0.5902 -0.7923 -0.1548
vn -0.5887 -0.7877 -0.1814
vn -0.5879 -0.7573 -0.2844
vn -0.5976 -0.7854 -0.1612
vn -0.5955 -0.7253 -0.3454
vn -0.6159 -0.7758 -0.1372
vn -0.6125 -0.7005 -0.3661
vn -0.6378 -0.7630 -0.1049
vn -0.6427 -0.7337 -0.2206
vn -0.7314 -0.6551 -0.1894
vn -0.7300 -0.6382 -0.2447
vn -0.7659 -0.6334 -0.1103
vn -0.7657 -0.6036 -0.2222
vn -0.7877 -0.6080 -0.0995
vn -0.7884 -0.5879 -0.1810
vn -0.8172 -0.5664 -0.1066
vn -0.8175 -0.5584 -0.1412
vn -0.8510 -0.5152 -0.1020
vn -0.8509 -0.5120 -0.1173
vn -0.8752 -0.4763 -0.0846
vn -0.8752 -0.4746 -0.0934
vn -0.8977 -0.4348 -0.0713
vn -0.8977 -0.4345 -0.0726
vn -0.9167 -0.3956 -0.0568
vn -0.9166 -0.3970 -0.0464
vn -0.9396 -0.3398 -0.0407
vn -0.9396 -0.3401 -0.0371
vn -0.9417 -0.3354 -0.0261
vn -0.9417 -0.3356 -0.0237
vn -0.9525 -0.3040 -0.0191
vn -0.9525 -0.3045 -0.0076
vn -0.9557 -0.2943 -0.0056
vn -0.9557 -0.2944 0.0035
vn -0.9551 -0.2964 0.0024
vn -0.9550 -0.2961 0.0159
vn -0.9487 -0.3161 0.0102
vn -0.9486 -0.3143 0.0383
vn -0.9335 -0.3580 0.0217
vn -0.9330 -0.3521 0.0743
vn -0.9032 -0.4278 0.0340
vn -0.9029 -0.4153 0.1105
vn -0.8775 -0.4771 0.0497
vn -0.8770 -0.4600 0.1386
vn -0.8561 -0.5132 0.0601
vn -0.8545 -0.4874 0.1796
vn -0.8239 -0.5637 0.0586
vn -0.8220 -0.5249 0.2210
vn -0.7950 -0.6037 0.0589
vn -0.7892 -0.5421 0.2885
vn -0.5344 -0.8088 0.2455
vn -0.6003 -0.7370 0.3106
vn -0.5982 -0.7233 0.3450
vn -0.6256 -0.7685 0.1340
vn -0.6259 -0.7116 0.3193
vn -0.6813 -0.7205 0.1294
vn -0.6812 -0.6734 0.2873
vn -0.7289 -0.6751 0.1137
vn -0.7284 -0.6332 0.2617
vn -0.7578 -0.6449 0.0992
vn -0.7525 -0.6578 0.0334
vn -0.6767 -0.7268 0.1182
vn -0.6699 -0.7184 0.1877
vn -0.6639 -0.7382 0.1196
vn -0.6660 -0.7240 0.1798
vn -0.6759 -0.6944 0.2470
vn -0.6757 -0.7171 0.1710
vn -0.6827 -0.6810 0.2647
vn -0.6828 -0.7125 0.1617
vn -0.6891 -0.6704 0.2751
vn -0.6892 -0.7086 0.1513
vn -0.6948 -0.6600 0.2856
vn -0.6944 -0.7079 0.1295
vn -0.7055 -0.6390 0.3066
vn -0.7031 -0.7065 0.0807
vn -0.7200 -0.5994 0.3497
vn -0.7063 -0.7067 -0.0409
vn -0.7399 -0.5094 0.4394
vn -0.7479 -0.6619 -0.0503
vn -0.7783 -0.4841 0.4000
vn -0.7957 -0.6055 0.0153
vn -0.8148 -0.4947 0.3024
vn -0.8205 -0.5706 0.0346
vn -0.8472 -0.4703 0.2471
vn -0.8518 -0.5211 0.0544
vn -0.8713 -0.4529 0.1888
vn -0.8729 -0.4849 0.0541
vn -0.8951 -0.4191 0.1521
vn -0.8963 -0.4402 0.0536
vn -0.9114 -0.3943 0.1175
vn -0.9118 -0.4082 0.0447
vn -0.9302 -0.3551 0.0929
vn -0.9304 -0.3651 0.0310
vn -0.9519 -0.3000 0.0618
vn -0.9522 -0.3049 0.0191
vn -0.9631 -0.2673 0.0321
vn -0.9632 -0.2688 0.0088
vn -0.9677 -0.2517 0.0134
vn -0.9678 -0.2519 0.0021
vn -0.9682 -0.2501 0.0029
vn -0.9682 -0.2501 -0.0048
vn -0.9659 -0.2588 -0.0065
vn -0.9659 -0.2584 -0.0159
vn -0.9582 -0.2855 -0.0206
vn -0.9582 -0.2854 -0.0222
vn -0.9567 -0.2895 -0.0317
vn -0.9567 -0.2893 -0.0335
vn -0.9401 -0.3385 -0.0409
vn -0.9401 -0.3376 -0.0473
vn -0.9264 -0.3711 -0.0635
vn -0.9264 -0.3718 -0.0593
vn -0.9101 -0.4061 -0.0821
vn -0.9101 -0.4084 -0.0703
vn -0.8925 -0.4390 -0.1035
vn -0.8925 -0.4432 -0.0840
vn -0.8681 -0.4801 -0.1263
vn -0.8678 -0.4891 -0.0877
vn -0.8467 -0.5068 -0.1618
vn -0.8461 -0.5267 -0.0819
vn -0.8299 -0.5214 -0.1984
vn -0.8300 -0.5510 -0.0871
vn -0.8034 -0.5520 -0.2235
vn -0.8050 -0.5763 -0.1409
vn -0.7392 -0.6358 -0.2220
vn -0.7350 -0.6720 -0.0909
vn -0.7156 -0.6170 -0.3276
vn -0.7191 -0.6840 -0.1228
vn -0.7035 -0.6415 -0.3059
vn -0.7057 -0.6935 -0.1454
vn -0.6940 -0.6598 -0.2882
vn -0.6952 -0.7009 -0.1596
vn -0.6866 -0.6727 -0.2758
vn -0.6875 -0.7052 -0.1732
vn -0.6755 -0.6895 -0.2611
vn -0.6760 -0.7142 -0.1814
vn -0.6673 -0.7015 -0.2504
vn -0.6666 -0.7294 -0.1538
vn -0.6136 -0.7563 -0.2267
vn -0.7639 -0.6230 0.1686
vn -0.7639 -0.6224 0.1705
vn -0.7654 -0.6190 0.1759
vn -0.7653 -0.6234 0.1604
vn -0.7711 -0.6035 0.2031
vn -0.7711 -0.6174 0.1558
vn -0.7787 -0.5901 0.2131
vn -0.7787 -0.6095 0.1489
vn -0.7836 -0.5799 0.2230
vn -0.7836 -0.6049 0.1413
vn -0.7880 -0.5705 0.2314
vn -0.7881 -0.6010 0.1328
vn -0.7919 -0.5615 0.2400
vn -0.7917 -0.5998 0.1159
vn -0.7992 -0.5435 0.2566
vn -0.7977 -0.5981 0.0768
vn -0.8090 -0.5101 0.2922
vn -0.7994 -0.6004 -0.0231
vn -0.8212 -0.4349 0.3693
vn -0.8274 -0.5603 -0.0379
vn -0.8472 -0.4086 0.3396
vn -0.8612 -0.5080 0.0154
vn -0.8737 -0.4141 0.2552
vn -0.8786 -0.4763 0.0336
vn -0.8966 -0.3926 0.2048
vn -0.9000 -0.4332 0.0483
vn -0.9132 -0.3766 0.1559
vn -0.9143 -0.4021 0.0479
vn -0.9294 -0.3474 0.1245
vn -0.9302 -0.3641 0.0462
vn -0.9404 -0.3261 0.0964
vn -0.9407 -0.3371 0.0388
vn -0.9531 -0.2930 0.0756
vn -0.9533 -0.3009 0.0271
vn -0.9677 -0.2470 0.0497
vn -0.9679 -0.2507 0.0163
vn -0.9752 -0.2196 0.0260
vn -0.9753 -0.2208 0.0074
vn -0.9784 -0.2066 0.0109
vn -0.9784 -0.2068 0.0017
vn -0.9787 -0.2054 0.0024
vn -0.9787 -0.2054 -0.0039
vn -0.9771 -0.2126 -0.0054
vn -0.9771 -0.2123 -0.0128
vn -0.9719 -0.2346 -0.0173
vn -0.9719 -0.2346 -0.0182
vn -0.9709 -0.2380 -0.0263
vn -0.9709 -0.2379 -0.0267
vn -0.9598 -0.2786 -0.0349
vn -0.9598 -0.2782 -0.0380
vn -0.9505 -0.3060 -0.0537
vn -0.9505 -0.3070 -0.0476
vn -0.9395 -0.3353 -0.0698
vn -0.9395 -0.3379 -0.0564
vn -0.9276 -0.3631 -0.0882
vn -0.9276 -0.3677 -0.0665
vn -0.9110 -0.3978 -0.1090
vn -0.9108 -0.4071 -0.0694
vn -0.8963 -0.4207 -0.1398
vn -0.8959 -0.4396 -0.0646
vn -0.8847 -0.4335 -0.1716
vn -0.8846 -0.4618 -0.0649
vn -0.8662 -0.4590 -0.1977
vn -0.8674 -0.4881 -0.0966
vn -0.8219 -0.5280 -0.2135
vn -0.8193 -0.5684 -0.0755
vn -0.8052 -0.5212 -0.2829
vn -0.8087 -0.5787 -0.1055
vn -0.7975 -0.5439 -0.2610
vn -0.7995 -0.5874 -0.1257
vn -0.7912 -0.5606 -0.2445
vn -0.7922 -0.5944 -0.1381
vn -0.7862 -0.5722 -0.2335
vn -0.7869 -0.5988 -0.1491
vn -0.7785 -0.5872 -0.2216
vn -0.7789 -0.6074 -0.1561
vn -0.7728 -0.5980 -0.2125
vn -0.7730 -0.6137 -0.1605
vn -0.7644 -0.6122 -0.2023
vn -0.7643 -0.6270 -0.1507
vn -0.7468 -0.6410 -0.1772
vn -0.8536 -0.5107 0.1026
vn -0.8539 -0.5040 0.1297
vn -0.8548 -0.5014 0.1338
vn -0.8548 -0.5004 0.1373
vn -0.8558 -0.4977 0.1413
vn -0.8557 -0.5007 0.1306
vn -0.8593 -0.4850 0.1623
vn -0.8593 -0.4953 0.1274
vn -0.8641 -0.4738 0.1699
vn -0.8641 -0.4883 0.1220
vn -0.8671 -0.4654 0.1776
vn -0.8672 -0.4842 0.1164
vn -0.8698 -0.4577 0.1842
vn -0.8700 -0.4807 0.1098
vn -0.8722 -0.4503 0.1911
vn -0.8723 -0.4792 0.0975
vn -0.8767 -0.4357 0.2037
vn -0.8761 -0.4774 0.0681
vn -0.8826 -0.4090 0.2319
vn -0.8770 -0.4804 -0.0092
vn -0.8890 -0.3491 0.2963
vn -0.8938 -0.4476 -0.0267
vn -0.9046 -0.3246 0.2764
vn -0.9151 -0.4029 0.0144
vn -0.9222 -0.3274 0.2060
vn -0.9261 -0.3761 0.0306
vn -0.9368 -0.3101 0.1620
vn -0.9392 -0.3411 0.0408
vn -0.9471 -0.2965 0.1227
vn -0.9479 -0.3159 0.0402
vn -0.9571 -0.2731 0.0970
vn -0.9576 -0.2856 0.0378
vn -0.9638 -0.2558 0.0752
vn -0.9640 -0.2640 0.0319
vn -0.9716 -0.2295 0.0584
vn -0.9717 -0.2353 0.0225
vn -0.9805 -0.1930 0.0380
vn -0.9806 -0.1958 0.0132
vn -0.9850 -0.1714 0.0200
vn -0.9850 -0.1723 0.0059
vn -0.9869 -0.1612 0.0085
vn -0.9869 -0.1613 0.0013
vn -0.9871 -0.1602 0.0019
vn -0.9871 -0.1602 -0.0030
vn -0.9861 -0.1658 -0.0043
vn -0.9861 -0.1656 -0.0098
vn -0.9830 -0.1832 -0.0138
vn -0.9830 -0.1831 -0.0143
vn -0.9824 -0.1858 -0.0207
vn -0.9824 -0.1858 -0.0201
vn -0.9756 -0.2178 -0.0282
vn -0.9756 -0.2176 -0.0291
vn -0.9700 -0.2393 -0.0432
vn -0.9700 -0.2405 -0.0363
vn -0.9633 -0.2626 -0.0564
vn -0.9632 -0.2652 -0.0430
vn -0.9560 -0.2847 -0.0716
vn -0.9559 -0.2893 -0.0500
vn -0.9458 -0.3122 -0.0896
vn -0.9456 -0.3211 -0.0521
vn -0.9367 -0.3306 -0.1152
vn -0.9364 -0.3475 -0.0481
vn -0.9294 -0.3410 -0.1416
vn -0.9293 -0.3665 -0.0450
vn -0.9176 -0.3605 -0.1673
vn -0.9184 -0.3914 -0.0584
vn -0.8897 -0.4129 -0.1949
vn -0.8890 -0.4540 -0.0596
vn -0.8796 -0.4150 -0.2326
vn -0.8826 -0.4621 -0.0859
vn -0.8754 -0.4348 -0.2113
vn -0.8770 -0.4694 -0.1027
vn -0.8716 -0.4490 -0.1965
vn -0.8725 -0.4754 -0.1128
vn -0.8686 -0.4588 -0.1871
vn -0.8692 -0.4794 -0.1211
vn -0.8639 -0.4713 -0.1778
vn -0.8642 -0.4869 -0.1267
vn -0.8603 -0.4804 -0.1704
vn -0.8605 -0.4925 -0.1299
vn -0.8551 -0.4923 -0.1625
vn -0.8552 -0.5016 -0.1303
vn -0.8529 -0.5042 -0.1351
vn -0.8518 -0.5188 -0.0723
vn -0.7157 -0.5963 -0.3637
vn -0.9245 -0.3702 0.0905
vn -0.9245 -0.3690 0.0951
vn -0.9250 -0.3671 0.0979
vn -0.9250 -0.3663 0.1007
vn -0.9255 -0.3643 0.1034
vn -0.9255 -0.3662 0.0969
vn -0.9274 -0.3549 0.1185
vn -0.9274 -0.3619 0.0950
vn -0.9298 -0.3465 0.1238
vn -0.9299 -0.3563 0.0913
vn -0.9314 -0.3402 0.1296
vn -0.9315 -0.3530 0.0875
vn -0.9328 -0.3343 0.1344
vn -0.9330 -0.3502 0.0831
vn -0.9340 -0.3288 0.1395
vn -0.9342 -0.3488 0.0750
vn -0.9364 -0.3180 0.1486
vn -0.9363 -0.3469 0.0554
vn -0.9393 -0.2983 0.1697
vn -0.9370 -0.3492 0.0020
vn -0.9417 -0.2542 0.2205
vn -0.9454 -0.3256 -0.0153
vn -0.9493 -0.2341 0.2100
vn -0.9565 -0.2916 0.0133
vn -0.9594 -0.2358 0.1548
vn -0.9622 -0.2712 0.0260
vn -0.9674 -0.2237 0.1186
vn -0.9689 -0.2456 0.0320
vn -0.9728 -0.2136 0.0892
vn -0.9734 -0.2271 0.0313
vn -0.9780 -0.1965 0.0697
vn -0.9783 -0.2051 0.0286
vn -0.9815 -0.1838 0.0541
vn -0.9816 -0.1894 0.0243
vn -0.9855 -0.1647 0.0416
vn -0.9855 -0.1687 0.0172
vn -0.9900 -0.1384 0.0268
vn -0.9901 -0.1402 0.0098
vn -0.9923 -0.1227 0.0142
vn -0.9924 -0.1234 0.0043
vn -0.9933 -0.1154 0.0061
vn -0.9933 -0.1155 0.0010
vn -0.9934 -0.1147 0.0014
vn -0.9934 -0.1147 -0.0022
vn -0.9929 -0.1187 -0.0031
vn -0.9929 -0.1186 -0.0070
vn -0.9913 -0.1312 -0.0101
vn -0.9913 -0.1312 -0.0103
vn -0.9910 -0.1331 -0.0150
vn -0.9910 -0.1332 -0.0140
vn -0.9875 -0.1560 -0.0210
vn -0.9875 -0.1561 -0.0205
vn -0.9846 -0.1716 -0.0321
vn -0.9846 -0.1727 -0.0256
vn -0.9812 -0.1884 -0.0420
vn -0.9812 -0.1907 -0.0303
vn -0.9774 -0.2044 -0.0535
vn -0.9774 -0.2084 -0.0348
vn -0.9722 -0.2242 -0.0679
vn -0.9721 -0.2317 -0.0362
vn -0.9674 -0.2375 -0.0878
vn -0.9673 -0.2513 -0.0334
vn -0.9635 -0.2449 -0.1084
vn -0.9635 -0.2661 -0.0284
vn -0.9571 -0.2581 -0.1318
vn -0.9574 -0.2872 -0.0288
vn -0.9417 -0.2930 -0.1651
vn -0.9428 -0.3305 -0.0444
vn -0.9372 -0.3006 -0.1767
vn -0.9396 -0.3362 -0.0647
vn -0.9355 -0.3164 -0.1574
vn -0.9366 -0.3418 -0.0771
vn -0.9337 -0.3274 -0.1450
vn -0.9343 -0.3464 -0.0843
vn -0.9322 -0.3349 -0.1374
vn -0.9325 -0.3497 -0.0899
vn -0.9297 -0.3444 -0.1305
vn -0.9299 -0.3555 -0.0939
vn -0.9279 -0.3513 -0.1249
vn -0.9280 -0.3600 -0.0959
vn -0.9252 -0.3604 -0.1192
vn -0.9252 -0.3672 -0.0955
vn -0.9240 -0.3693 -0.0990
vn -0.9238 -0.3770 -0.0666
vn -0.8991 -0.4264 -0.0991
vn -0.9713 -0.2374 0.0176
vn -0.9717 -0.2302 0.0522
vn -0.9726 -0.2260 0.0542
vn -0.9726 -0.2250 0.0582
vn -0.9728 -0.2239 0.0598
vn -0.9728 -0.2234 0.0616
vn -0.9730 -0.2221 0.0631
vn -0.9730 -0.2229 0.0603
vn -0.9736 -0.2162 0.0727
vn -0.9737 -0.2201 0.0595
vn -0.9745 -0.2109 0.0760
vn -0.9746 -0.2165 0.0576
vn -0.9751 -0.2069 0.0797
vn -0.9752 -0.2143 0.0557
vn -0.9756 -0.2033 0.0829
vn -0.9757 -0.2124 0.0534
vn -0.9760 -0.1997 0.0863
vn -0.9762 -0.2112 0.0494
vn -0.9769 -0.1930 0.0922
vn -0.9770 -0.2094 0.0394
vn -0.9778 -0.1806 0.1063
vn -0.9777 -0.2099 0.0114
vn -0.9780 -0.1526 0.1424
vn -0.9806 -0.1959 -0.0015
vn -0.9804 -0.1390 0.1399
vn -0.9844 -0.1754 0.0132
vn -0.9848 -0.1409 0.1012
vn -0.9864 -0.1629 0.0202
vn -0.9881 -0.1344 0.0749
vn -0.9888 -0.1476 0.0222
vn -0.9901 -0.1285 0.0557
vn -0.9904 -0.1365 0.0211
vn -0.9921 -0.1183 0.0429
vn -0.9922 -0.1234 0.0187
vn -0.9933 -0.1106 0.0332
vn -0.9934 -0.1139 0.0158
vn -0.9948 -0.0991 0.0253
vn -0.9948 -0.1014 0.0112
vn -0.9964 -0.0832 0.0160
vn -0.9964 -0.0843 0.0063
vn -0.9972 -0.0738 0.0086
vn -0.9972 -0.0741 0.0027
vn -0.9976 -0.0693 0.0037
vn -0.9976 -0.0694 0.0006
vn -0.9976 -0.0689 0.0008
vn -0.9976 -0.0689 -0.0013
vn -0.9975 -0.0713 -0.0019
vn -0.9975 -0.0712 -0.0042
vn -0.9969 -0.0788 -0.0063
vn -0.9968 -0.0800 -0.0093
vn -0.9968 -0.0801 -0.0084
vn -0.9955 -0.0938 -0.0133
vn -0.9955 -0.0939 -0.0124
vn -0.9945 -0.1032 -0.0202
vn -0.9945 -0.1040 -0.0155
vn -0.9932 -0.1133 -0.0266
vn -0.9932 -0.1148 -0.0185
vn -0.9918 -0.1228 -0.0342
vn -0.9919 -0.1256 -0.0211
vn -0.9899 -0.1346 -0.0441
vn -0.9899 -0.1398 -0.0223
vn -0.9881 -0.1424 -0.0575
vn -0.9882 -0.1516 -0.0212
vn -0.9866 -0.1465 -0.0717
vn -0.9868 -0.1609 -0.0173
vn -0.9840 -0.1534 -0.0905
vn -0.9844 -0.1753 -0.0125
vn -0.9776 -0.1713 -0.1223
vn -0.9794 -0.1998 -0.0307
vn -0.9767 -0.1805 -0.1157
vn -0.9782 -0.2035 -0.0427
vn -0.9764 -0.1913 -0.1002
vn -0.9771 -0.2071 -0.0496
vn -0.9759 -0.1986 -0.0909
vn -0.9762 -0.2102 -0.0536
vn -0.9754 -0.2034 -0.0854
vn -0.9756 -0.2124 -0.0565
vn -0.9745 -0.2094 -0.0808
vn -0.9746 -0.2162 -0.0586
vn -0.9738 -0.2139 -0.0770
vn -0.9739 -0.2191 -0.0594
vn -0.9728 -0.2196 -0.0734
vn -0.9729 -0.2239 -0.0584
vn -0.9724 -0.2253 -0.0604
vn -0.9723 -0.2304 -0.0392
vn -0.9563 -0.2853 -0.0637
vn -0.9965 -0.0830 0.0084
vn -0.9968 -0.0777 -0.0181
vn -0.9969 -0.0766 -0.0168
vn -0.9969 -0.0757 -0.0205
vn -0.9970 -0.0752 -0.0198
vn -0.9970 -0.0734 -0.0260
vn -0.9971 -0.0732 -0.0214
vn -0.9971 -0.0713 -0.0277
vn -0.9972 -0.0720 -0.0216
vn -0.9971 -0.0696 -0.0297
vn -0.9973 -0.0705 -0.0215
vn -0.9972 -0.0673 -0.0321
vn -0.9974 -0.0695 -0.0214
vn -0.9973 -0.0653 -0.0350
vn -0.9975 -0.0681 -0.0211
vn -0.9973 -0.0621 -0.0403
vn -0.9976 -0.0663 -0.0206
vn -0.9971 -0.0572 -0.0498
vn -0.9977 -0.0641 -0.0198
vn -0.9967 -0.0508 -0.0629
vn -0.9983 -0.0553 -0.0164
vn -0.9980 -0.0481 -0.0421
vn -0.9986 -0.0517 -0.0141
vn -0.9984 -0.0471 -0.0313
vn -0.9987 -0.0493 -0.0128
vn -0.9986 -0.0463 -0.0243
vn -0.9989 -0.0458 -0.0112
vn -0.9989 -0.0442 -0.0180
vn -0.9991 -0.0415 -0.0093
vn -0.9991 -0.0406 -0.0135
vn -0.9992 -0.0381 -0.0077
vn -0.9992 -0.0376 -0.0103
vn -0.9994 -0.0345 -0.0062
vn -0.9994 -0.0343 -0.0077
vn -0.9995 -0.0312 -0.0048
vn -0.9995 -0.0312 -0.0051
vn -0.9996 -0.0267 -0.0032
vn -0.9996 -0.0266 -0.0034
vn -0.9997 -0.0263 -0.0024
vn -0.9997 -0.0238 -0.0016
vn -0.9997 -0.0238 -0.0007
vn -0.9997 -0.0230 -0.0005
vn -0.9997 -0.0230 0.0003
vn -0.9997 -0.0231 0.0002
vn -0.9997 -0.0231 0.0013
vn -0.9997 -0.0247 0.0010
vn -0.9997 -0.0246 0.0031
vn -0.9996 -0.0281 0.0024
vn -0.9996 -0.0277 0.0058
vn -0.9994 -0.0337 0.0045
vn -0.9994 -0.0329 0.0094
vn -0.9993 -0.0378 0.0066
vn -0.9992 -0.0366 0.0126
vn -0.9991 -0.0408 0.0081
vn -0.9991 -0.0391 0.0166
vn -0.9989 -0.0450 0.0099
vn -0.9989 -0.0421 0.0223
vn -0.9988 -0.0484 0.0116
vn -0.9986 -0.0435 0.0311
vn -0.9985 -0.0527 0.0136
vn -0.9980 -0.0442 0.0450
vn -0.9983 -0.0557 0.0153
vn -0.9970 -0.0416 0.0651
vn -0.9980 -0.0604 0.0175
vn -0.9969 -0.0469 0.0626
vn -0.9977 -0.0655 0.0200
vn -0.9974 -0.0585 0.0427
vn -0.9975 -0.0679 0.0210
vn -0.9974 -0.0634 0.0354
vn -0.9974 -0.0694 0.0215
vn -0.9973 -0.0660 0.0324
vn -0.9973 -0.0702 0.0216
vn -0.9973 -0.0674 0.0306
vn -0.9972 -0.0710 0.0218
vn -0.9972 -0.0688 0.0290
vn -0.9972 -0.0720 0.0219
vn -0.9972 -0.0703 0.0272
vn -0.9971 -0.0734 0.0219
vn -0.9971 -0.0723 0.0257
vn -0.9970 -0.0745 0.0217
vn -0.9970 -0.0746 0.0214
vn -0.9970 -0.0750 0.0209
vn -0.9970 -0.0752 0.0203
vn -0.9969 -0.0756 0.0197
vn -0.9969 -0.0759 0.0185
vn -0.9968 -0.0773 0.0179
vn -0.9967 -0.0813 -0.0012
vn -0.9985 -0.0544 0.0106
vn -0.2565 -0.8811 -0.3973
vn -0.2616 -0.8735 -0.4106
vn -0.2992 -0.8785 -0.3724
vn -0.3129 -0.8629 -0.3969
vn -0.3485 -0.8700 -0.3488
vn -0.2506 -0.8824 -0.3981
vn -0.2562 -0.8791 -0.4019
vn -0.2392 -0.8795 -0.4115
vn -0.2437 -0.8743 -0.4197
vn -0.2354 -0.8729 -0.4273
vn -0.2190 -0.8912 -0.3973
vn -0.4139 -0.8551 -0.3122
vn -0.3934 -0.8447 -0.3629
vn -0.5049 -0.8229 -0.2606
vn -0.4695 -0.8307 -0.2992
vn -0.4269 -0.8419 -0.3301
vn -0.4272 -0.8419 -0.3297
vn -0.3910 -0.8433 -0.3687
vn -0.3610 -0.8553 -0.3717
vn -0.3431 -0.8969 -0.2791
vn -0.3095 -0.8585 -0.4088
vn -0.3105 -0.8573 -0.4107
vn -0.3210 -0.8619 -0.3924
vn -0.3337 -0.8489 -0.4100
vn -0.3441 -0.8521 -0.3945
vn -0.3075 -0.8471 -0.4335
vn -0.2649 -0.8451 -0.4644
vn -0.2158 -0.8462 -0.4873
vn -0.2169 -0.8707 -0.4414
vn -0.2266 -0.8598 -0.4577
vn -0.2215 -0.8576 -0.4642
vn -0.2344 -0.8443 -0.4820
vn -0.1778 -0.8335 -0.5231
vn -0.1505 -0.4362 -0.8871
vn -0.4662 -0.4010 -0.7886
vn -0.6067 -0.3663 -0.7055
vn -0.7302 -0.3215 -0.6028
vn -0.8335 -0.2680 -0.4832
vn -0.9135 -0.2075 -0.3500
vn -0.9680 -0.1417 -0.2069
vn -0.3127 -0.4246 -0.8497
vn -0.1531 -0.4390 -0.8854
vn -0.1510 -0.4795 -0.8645
vn -0.1778 -0.4653 -0.8671
vn -0.9481 -0.2986 -0.1092
vn -0.9601 -0.2382 -0.1468
vn -0.9667 -0.2471 -0.0661
vn -0.9824 -0.1346 -0.1299
vn -0.9877 -0.1468 -0.0531
vn -0.9935 -0.0505 -0.1020
vn -0.9957 -0.0726 -0.0578
vn -0.9272 -0.3506 -0.1316
vn -0.9198 -0.3641 -0.1462
vn -0.9026 -0.4164 -0.1096
vn -0.8560 -0.4907 -0.1627
vn -0.8895 -0.4367 -0.1347
vn -0.9016 -0.4020 -0.1597
vn -0.8450 -0.5033 -0.1805
vn -0.8119 -0.5702 -0.1252
vn -0.7890 -0.5727 -0.2227
vn -0.7427 -0.6524 -0.1507
vn -0.6113 -0.7417 -0.2759
vn -0.6785 -0.7073 -0.1987
vn -0.7131 -0.6551 -0.2496
vn -0.1575 -0.4921 -0.8562
vn -0.1527 -0.5252 -0.8372
vn -0.1639 -0.5311 -0.8313
vn -0.1541 -0.5729 -0.8050
vn -0.1680 -0.5801 -0.7970
vn -0.1594 -0.6068 -0.7787
vn -0.1658 -0.6141 -0.7716
vn -0.1555 -0.6416 -0.7511
vn -0.1756 -0.6503 -0.7391
vn -0.1577 -0.6878 -0.7086
vn -0.1804 -0.6968 -0.6943
vn -0.1607 -0.7305 -0.6638
vn -0.1857 -0.7392 -0.6473
vn -0.1646 -0.7696 -0.6170
vn -0.1915 -0.7776 -0.5988
vn -0.1696 -0.8048 -0.5688
vn -0.1983 -0.8119 -0.5491
vn -0.3114 -0.4232 -0.8508
vn -0.3089 -0.4713 -0.8261
vn -0.3085 -0.4711 -0.8263
vn -0.3003 -0.5295 -0.7934
vn -0.3025 -0.5306 -0.7918
vn -0.2903 -0.5830 -0.7588
vn -0.2948 -0.5851 -0.7555
vn -0.2837 -0.6196 -0.7318
vn -0.2861 -0.6223 -0.7286
vn -0.2732 -0.6565 -0.7031
vn -0.2815 -0.6597 -0.6968
vn -0.2608 -0.7035 -0.6612
vn -0.2710 -0.7071 -0.6531
vn -0.2488 -0.7452 -0.6187
vn -0.2608 -0.7490 -0.6091
vn -0.2378 -0.7821 -0.5760
vn -0.2511 -0.7858 -0.5653
vn -0.2276 -0.8147 -0.5333
vn -0.2428 -0.8182 -0.5212
vn -0.4614 -0.3962 -0.7938
vn -0.4583 -0.4549 -0.7635
vn -0.4505 -0.4516 -0.7702
vn -0.4407 -0.5214 -0.7307
vn -0.4349 -0.5189 -0.7359
vn -0.4203 -0.5813 -0.6967
vn -0.4162 -0.5795 -0.7006
vn -0.4029 -0.6215 -0.6719
vn -0.4017 -0.6202 -0.6738
vn -0.3863 -0.6610 -0.6433
vn -0.3840 -0.6602 -0.6455
vn -0.3602 -0.7103 -0.6047
vn -0.3592 -0.7100 -0.6057
vn -0.3342 -0.7529 -0.5669
vn -0.3343 -0.7529 -0.5669
vn -0.3089 -0.7895 -0.5304
vn -0.3099 -0.7897 -0.5294
vn -0.2844 -0.8212 -0.4947
vn -0.2869 -0.8217 -0.4924
vn -0.5992 -0.3586 -0.7158
vn -0.5955 -0.4266 -0.6807
vn -0.5817 -0.4211 -0.6959
vn -0.5705 -0.5012 -0.6507
vn -0.5582 -0.4963 -0.6650
vn -0.5416 -0.5677 -0.6201
vn -0.5304 -0.5633 -0.6335
vn -0.5149 -0.6124 -0.6000
vn -0.5108 -0.6078 -0.6080
vn -0.4928 -0.6550 -0.5728
vn -0.4815 -0.6517 -0.5861
vn -0.4546 -0.7083 -0.5401
vn -0.4440 -0.7054 -0.5525
vn -0.4159 -0.7535 -0.5092
vn -0.4056 -0.7510 -0.5210
vn -0.3774 -0.7916 -0.4805
vn -0.3673 -0.7895 -0.4916
vn -0.3394 -0.8242 -0.4534
vn -0.3307 -0.8226 -0.4626
vn -0.7211 -0.3112 -0.6190
vn -0.7168 -0.3873 -0.5798
vn -0.6992 -0.3803 -0.6054
vn -0.6867 -0.4694 -0.5551
vn -0.6699 -0.4629 -0.5804
vn -0.6514 -0.5426 -0.5303
vn -0.6352 -0.5368 -0.5554
vn -0.6177 -0.5924 -0.5172
vn -0.6115 -0.5852 -0.5325
vn -0.5911 -0.6387 -0.4925
vn -0.5728 -0.6342 -0.5193
vn -0.5428 -0.6973 -0.4680
vn -0.5245 -0.6933 -0.4942
vn -0.4932 -0.7470 -0.4459
vn -0.4743 -0.7433 -0.4718
vn -0.4430 -0.7885 -0.4267
vn -0.4235 -0.7851 -0.4519
vn -0.3924 -0.8236 -0.4094
vn -0.3739 -0.8207 -0.4321
vn -0.8239 -0.2553 -0.5059
vn -0.8191 -0.3381 -0.4634
vn -0.8001 -0.3302 -0.5008
vn -0.7866 -0.4268 -0.4462
vn -0.7678 -0.4196 -0.4842
vn -0.7476 -0.5066 -0.4294
vn -0.7287 -0.5002 -0.4677
vn -0.7093 -0.5622 -0.4252
vn -0.7024 -0.5528 -0.4483
vn -0.6796 -0.6124 -0.4040
vn -0.6568 -0.6080 -0.4461
vn -0.6238 -0.6777 -0.3894
vn -0.5999 -0.6738 -0.4315
vn -0.5652 -0.7334 -0.3777
vn -0.5398 -0.7298 -0.4196
vn -0.5049 -0.7801 -0.3694
vn -0.4779 -0.7766 -0.4105
vn -0.4432 -0.8196 -0.3631
vn -0.4163 -0.8162 -0.4007
vn -0.9049 -0.1922 -0.3798
vn -0.8997 -0.2805 -0.3346
vn -0.8821 -0.2716 -0.3848
vn -0.8678 -0.3746 -0.3265
vn -0.8498 -0.3670 -0.3783
vn -0.8282 -0.4606 -0.3193
vn -0.8094 -0.4543 -0.3721
vn -0.7883 -0.5222 -0.3254
vn -0.7818 -0.5111 -0.3571
vn -0.7566 -0.5765 -0.3085
vn -0.7323 -0.5732 -0.3676
vn -0.6962 -0.6497 -0.3054
vn -0.6696 -0.6470 -0.3648
vn -0.6313 -0.7129 -0.3053
vn -0.6017 -0.7105 -0.3649
vn -0.5629 -0.7666 -0.3089
vn -0.5305 -0.7638 -0.3676
vn -0.4916 -0.8121 -0.3145
vn -0.4579 -0.8089 -0.3688
vn -0.9619 -0.1234 -0.2439
vn -0.9564 -0.2161 -0.1966
vn -0.9433 -0.2060 -0.2601
vn -0.9283 -0.3142 -0.1989
vn -0.9144 -0.3062 -0.2650
vn -0.8914 -0.4057 -0.2023
vn -0.8759 -0.3997 -0.2704
vn -0.8531 -0.4733 -0.2196
vn -0.8486 -0.4606 -0.2604
vn -0.8210 -0.5318 -0.2075
vn -0.7985 -0.5304 -0.2847
vn -0.7592 -0.6137 -0.2169
vn -0.7328 -0.6132 -0.2949
vn -0.6907 -0.6858 -0.2294
vn -0.6596 -0.6855 -0.3081
vn -0.6164 -0.7481 -0.2458
vn -0.5808 -0.7470 -0.3236
vn -0.5371 -0.8011 -0.2640
vn -0.4986 -0.7990 -0.3362
vn -0.5165 -0.8109 -0.2751
vn -0.5190 -0.8072 -0.2810
vn -0.5183 -0.7978 -0.3081
vn -0.5141 -0.7987 -0.3127
vn -0.5668 -0.7810 -0.2620
vn -0.5904 -0.7682 -0.2478
vn -0.6042 -0.7585 -0.2443
vn -0.6130 -0.7473 -0.2565
vn -0.1202 -0.1957 -0.9733
vn -0.1462 -0.3617 -0.9208
vn -0.1463 -0.4097 -0.9004
vn -0.1505 -0.4137 -0.8979
vn -0.3092 -0.3940 -0.8655
vn -0.3128 -0.3973 -0.8627
vn -0.4634 -0.3672 -0.8065
vn -0.4663 -0.3700 -0.8036
vn -0.6047 -0.3301 -0.7249
vn -0.6069 -0.3323 -0.7220
vn -0.7290 -0.2837 -0.6229
vn -0.7306 -0.2855 -0.6203
vn -0.8330 -0.2293 -0.5036
vn -0.8339 -0.2307 -0.5014
vn -0.9136 -0.1685 -0.3702
vn -0.9141 -0.1695 -0.3684
vn -0.9686 -0.1029 -0.2263
vn -0.9688 -0.1036 -0.2253
vn -0.9965 -0.0345 -0.0762
vn -0.9965 -0.0347 -0.0758
vn -0.1353 -0.3264 -0.9355
vn -0.1383 -0.3657 -0.9204
vn -0.2997 -0.3481 -0.8882
vn -0.3090 -0.3509 -0.8840
vn -0.4557 -0.3249 -0.8287
vn -0.4632 -0.3269 -0.8238
vn -0.5987 -0.2924 -0.7457
vn -0.6044 -0.2938 -0.7405
vn -0.7248 -0.2515 -0.6414
vn -0.7288 -0.2524 -0.6365
vn -0.8303 -0.2034 -0.5189
vn -0.8328 -0.2041 -0.5146
vn -0.9121 -0.1495 -0.3816
vn -0.9135 -0.1500 -0.3783
vn -0.9681 -0.0914 -0.2334
vn -0.9686 -0.0916 -0.2313
vn -0.9964 -0.0306 -0.0786
vn -0.9965 -0.0307 -0.0779
vn -0.1313 -0.3124 -0.9408
vn -0.1354 -0.3169 -0.9388
vn -0.2965 -0.3011 -0.9063
vn -0.2999 -0.3049 -0.9039
vn -0.4532 -0.2812 -0.8459
vn -0.4559 -0.2844 -0.8434
vn -0.5969 -0.2531 -0.7614
vn -0.5990 -0.2558 -0.7588
vn -0.7235 -0.2178 -0.6550
vn -0.7250 -0.2199 -0.6527
vn -0.8295 -0.1762 -0.5300
vn -0.8304 -0.1779 -0.5280
vn -0.9117 -0.1295 -0.3898
vn -0.9122 -0.1308 -0.3882
vn -0.9679 -0.0791 -0.2385
vn -0.9681 -0.0799 -0.2375
vn -0.9964 -0.0265 -0.0803
vn -0.9964 -0.0268 -0.0800
vn -0.1202 -0.2630 -0.9573
vn -0.1313 -0.2672 -0.9547
vn -0.2869 -0.2539 -0.9237
vn -0.2963 -0.2572 -0.9198
vn -0.4453 -0.2374 -0.8633
vn -0.4529 -0.2400 -0.8586
vn -0.5908 -0.2140 -0.7779
vn -0.5967 -0.2160 -0.7729
vn -0.7192 -0.1843 -0.6699
vn -0.7233 -0.1858 -0.6650
vn -0.8268 -0.1492 -0.5424
vn -0.8293 -0.1503 -0.5381
vn -0.9103 -0.1097 -0.3991
vn -0.9117 -0.1105 -0.3958
vn -0.9674 -0.0671 -0.2442
vn -0.9679 -0.0675 -0.2422
vn -0.9964 -0.0224 -0.0822
vn -0.9964 -0.0226 -0.0815
vn -0.1092 -0.1584 -0.9813
vn -0.1246 -0.1930 -0.9733
vn -0.2775 -0.1826 -0.9432
vn -0.2869 -0.1862 -0.9397
vn -0.4377 -0.1710 -0.8827
vn -0.4453 -0.1740 -0.8783
vn -0.5850 -0.1543 -0.7962
vn -0.5908 -0.1567 -0.7914
vn -0.7151 -0.1330 -0.6862
vn -0.7192 -0.1349 -0.6816
vn -0.8242 -0.1077 -0.5560
vn -0.8268 -0.1092 -0.5518
vn -0.9089 -0.0792 -0.4093
vn -0.9103 -0.0803 -0.4061
vn -0.9669 -0.0484 -0.2506
vn -0.9674 -0.0491 -0.2485
vn -0.9963 -0.0162 -0.0844
vn -0.9964 -0.0164 -0.0837
vn -0.0981 -0.1131 -0.9887
vn -0.1091 -0.1177 -0.9870
vn -0.2681 -0.1097 -0.9571
vn -0.2775 -0.1136 -0.9540
vn -0.4300 -0.1029 -0.8969
vn -0.4377 -0.1062 -0.8928
vn -0.5792 -0.0930 -0.8099
vn -0.5850 -0.0957 -0.8054
vn -0.7110 -0.0802 -0.6986
vn -0.7151 -0.0825 -0.6941
vn -0.8216 -0.0650 -0.5664
vn -0.8242 -0.0668 -0.5624
vn -0.9076 -0.0478 -0.4172
vn -0.9089 -0.0491 -0.4140
vn -0.9664 -0.0292 -0.2554
vn -0.9669 -0.0300 -0.2534
vn -0.9962 -0.0097 -0.0860
vn -0.9963 -0.0100 -0.0853
vn -0.0871 -0.0363 -0.9955
vn -0.0981 -0.0410 -0.9943
vn -0.2587 -0.0353 -0.9653
vn -0.2681 -0.0395 -0.9626
vn -0.4224 -0.0333 -0.9058
vn -0.4300 -0.0369 -0.9021
vn -0.5733 -0.0301 -0.8188
vn -0.5792 -0.0332 -0.8145
vn -0.7069 -0.0260 -0.7069
vn -0.7110 -0.0286 -0.7026
vn -0.8190 -0.0211 -0.5734
vn -0.8216 -0.0232 -0.5696
vn -0.9062 -0.0155 -0.4226
vn -0.9076 -0.0170 -0.4196
vn -0.9659 -0.0094 -0.2588
vn -0.9664 -0.0104 -0.2569
vn -0.9962 -0.0030 -0.0872
vn -0.9962 -0.0034 -0.0865
vn -0.0872 0.0053 -0.9962
vn -0.2588 0.0156 -0.9658
vn -0.4225 0.0255 -0.9060
vn -0.5732 0.0346 -0.8187
vn -0.7065 0.0427 -0.7065
vn -0.8182 0.0494 -0.5729
vn -0.9050 0.0547 -0.4220
vn -0.9643 0.0583 -0.2584
vn -0.9944 0.0601 -0.0870
vn -0.9856 0.1448 -0.0871
vn -0.9745 0.1784 -0.1359
vn -0.9751 0.2040 -0.0871
vn -0.9541 0.2865 -0.0870
vn -0.9485 0.2952 -0.1150
vn -0.9351 0.3435 -0.0871
vn -0.9086 0.4085 -0.0870
vn -0.8752 0.4758 -0.0871
vn -0.8494 0.5128 -0.1248
vn -0.8449 0.5277 -0.0871
vn -0.7846 0.6139 -0.0870
vn -0.7903 0.5931 -0.1537
vn -0.7593 0.6449 -0.0871
vn -0.7050 0.7039 -0.0870
vn -0.6575 0.7484 -0.0872
vn -0.6142 0.7825 -0.1024
vn -0.6111 0.7867 -0.0870
vn -0.5417 0.8360 -0.0871
vn -0.5133 0.8471 -0.1373
vn -0.4903 0.8672 -0.0871
vn -0.4145 0.9059 -0.0870
vn -0.4093 0.9066 -0.1024
vn -0.3592 0.9292 -0.0871
vn -0.2976 0.9507 -0.0870
vn -0.2202 0.9716 -0.0871
vn -0.1800 0.9748 -0.1317
vn -0.1612 0.9831 -0.0871
vn -0.0616 0.9943 -0.0870
vn -0.0762 0.9876 -0.1372
vn -0.0166 0.9961 -0.0872
vn 0.0585 0.9945 -0.0870
vn 0.1283 0.9879 -0.0872
vn 0.1773 0.9774 -0.1150
vn 0.1877 0.9784 -0.0871
vn 0.2946 0.9517 -0.0870
vn 0.2676 0.9484 -0.1700
vn 0.3279 0.9407 -0.0871
vn 0.4070 0.9093 -0.0870
vn 0.4071 0.9092 -0.0870
vn 0.5136 0.8536 -0.0870
vn 0.5846 0.8066 -0.0871
vn 0.6093 0.7812 -0.1359
vn 0.6322 0.7699 -0.0871
vn 0.6956 0.7131 -0.0871
vn 0.7008 0.7041 -0.1150
vn 0.7373 0.6699 -0.0872
vn 0.7827 0.6163 -0.0870
vn 0.8269 0.5556 -0.0871
vn 0.8478 0.5155 -0.1248
vn 0.8589 0.5047 -0.0871
vn 0.9073 0.4113 -0.0870
vn 0.8916 0.4260 -0.1537
vn 0.9231 0.3745 -0.0871
vn 0.9503 0.2991 -0.0870
vn 0.9677 0.2364 -0.0872
vn 0.9779 0.1822 -0.1024
vn 0.9803 0.1775 -0.0870
vn 0.9942 0.0632 -0.0870
vn 0.9782 0.0919 -0.1863
vn 0.9956 0.0332 -0.0871
vn 0.9948 -0.0520 -0.0870
vn 0.9931 -0.0569 -0.1024
vn 0.9899 -0.1119 -0.0872
vn 0.9805 -0.1763 -0.0870
vn 0.9631 -0.2546 -0.0871
vn 0.9474 -0.2917 -0.1317
vn 0.9460 -0.3122 -0.0871
vn 0.9099 -0.4056 -0.0870
vn 0.9107 -0.3896 -0.1372
vn 0.8906 -0.4464 -0.0872
vn 0.8544 -0.5122 -0.0870
vn 0.8163 -0.5711 -0.0872
vn 0.7843 -0.6097 -0.1150
vn 0.7803 -0.6193 -0.0871
vn 0.7072 -0.7017 -0.0870
vn 0.7168 -0.6763 -0.1701
vn 0.6820 -0.7261 -0.0871
vn 0.6175 -0.7817 -0.0870
vn -0.9503 0.1740 -0.2584
vn -0.9502 0.1740 -0.2584
vn -0.9224 0.2871 -0.2584
vn -0.8811 0.3961 -0.2584
vn -0.8270 0.4993 -0.2584
vn -0.7609 0.5953 -0.2584
vn -0.7608 0.5953 -0.2584
vn -0.6836 0.6826 -0.2584
vn -0.5965 0.7599 -0.2584
vn -0.5006 0.8262 -0.2584
vn -0.3975 0.8805 -0.2584
vn -0.2886 0.9219 -0.2584
vn -0.1755 0.9500 -0.2584
vn -0.0598 0.9642 -0.2584
vn 0.0568 0.9644 -0.2584
vn 0.1725 0.9505 -0.2584
vn 0.2857 0.9228 -0.2584
vn 0.3947 0.8817 -0.2584
vn 0.4980 0.8278 -0.2584
vn 0.5941 0.7618 -0.2584
vn 0.6815 0.6847 -0.2584
vn 0.7590 0.5977 -0.2584
vn 0.8254 0.5019 -0.2584
vn 0.8799 0.3989 -0.2584
vn 0.9215 0.2900 -0.2584
vn 0.9497 0.1769 -0.2584
vn 0.9641 0.0613 -0.2584
vn 0.9645 -0.0553 -0.2584
vn 0.9508 -0.1710 -0.2584
vn 0.9233 -0.2842 -0.2584
vn 0.8823 -0.3933 -0.2584
vn 0.8823 -0.3934 -0.2584
vn 0.8286 -0.4967 -0.2584
vn 0.7627 -0.5929 -0.2584
vn 0.6858 -0.6804 -0.2584
vn 0.5988 -0.7580 -0.2584
vn -0.9049 0.0547 -0.4220
vn -0.8918 0.1633 -0.4220
vn -0.8656 0.2695 -0.4220
vn -0.8269 0.3717 -0.4220
vn -0.7761 0.4686 -0.4220
vn -0.7140 0.5586 -0.4220
vn -0.6416 0.6406 -0.4220
vn -0.5598 0.7132 -0.4220
vn -0.4698 0.7754 -0.4220
vn -0.3730 0.8263 -0.4220
vn -0.2708 0.8652 -0.4220
vn -0.1647 0.8915 -0.4220
vn -0.1646 0.8915 -0.4220
vn -0.0561 0.9049 -0.4220
vn 0.0533 0.9050 -0.4220
vn 0.1619 0.8920 -0.4220
vn 0.2681 0.8661 -0.4220
vn 0.2681 0.8660 -0.4220
vn 0.3704 0.8275 -0.4220
vn 0.4674 0.7768 -0.4220
vn 0.5575 0.7149 -0.4220
vn 0.6396 0.6426 -0.4220
vn 0.7123 0.5609 -0.4220
vn 0.7746 0.4710 -0.4220
vn 0.8257 0.3743 -0.4220
vn 0.8648 0.2722 -0.4220
vn 0.8913 0.1660 -0.4220
vn 0.8913 0.1661 -0.4220
vn 0.9048 0.0575 -0.4220
vn 0.9051 -0.0519 -0.4220
vn 0.8923 -0.1605 -0.4220
vn 0.8665 -0.2667 -0.4220
vn 0.8281 -0.3691 -0.4220
vn 0.8280 -0.3691 -0.4220
vn 0.7776 -0.4662 -0.4220
vn 0.7158 -0.5564 -0.4220
vn 0.6436 -0.6386 -0.4220
vn 0.5620 -0.7114 -0.4220
vn -0.8181 0.0494 -0.5729
vn -0.8062 0.1476 -0.5729
vn -0.7826 0.2436 -0.5729
vn -0.7476 0.3361 -0.5729
vn -0.7017 0.4237 -0.5729
vn -0.6455 0.5051 -0.5729
vn -0.6456 0.5051 -0.5729
vn -0.5800 0.5791 -0.5729
vn -0.5061 0.6447 -0.5729
vn -0.5061 0.6448 -0.5729
vn -0.4247 0.7010 -0.5729
vn -0.4248 0.7010 -0.5729
vn -0.3372 0.7470 -0.5729
vn -0.2448 0.7822 -0.5729
vn -0.1489 0.8060 -0.5729
vn -0.0507 0.8181 -0.5729
vn 0.0482 0.8182 -0.5729
vn 0.1463 0.8065 -0.5729
vn 0.2424 0.7830 -0.5729
vn 0.3349 0.7481 -0.5729
vn 0.4226 0.7023 -0.5729
vn 0.5041 0.6463 -0.5729
vn 0.5040 0.6463 -0.5729
vn 0.5782 0.5809 -0.5729
vn 0.6440 0.5071 -0.5729
vn 0.7003 0.4258 -0.5729
vn 0.7465 0.3384 -0.5729
vn 0.7818 0.2461 -0.5729
vn 0.8058 0.1501 -0.5729
vn 0.8180 0.0520 -0.5729
vn 0.8183 -0.0469 -0.5729
vn 0.8067 -0.1451 -0.5729
vn 0.7834 -0.2412 -0.5729
vn 0.7486 -0.3337 -0.5729
vn 0.7030 -0.4215 -0.5729
vn 0.6471 -0.5030 -0.5729
vn 0.5818 -0.5773 -0.5729
vn 0.5081 -0.6432 -0.5729
vn -0.6962 0.1274 -0.7065
vn -0.6962 0.1275 -0.7065
vn -0.6758 0.2104 -0.7065
vn -0.6455 0.2902 -0.7065
vn -0.6059 0.3658 -0.7065
vn -0.5574 0.4361 -0.7065
vn -0.5008 0.5001 -0.7065
vn -0.5009 0.5001 -0.7065
vn -0.4370 0.5567 -0.7065
vn -0.3668 0.6053 -0.7064
vn -0.3668 0.6053 -0.7065
vn -0.2912 0.6451 -0.7065
vn -0.2114 0.6754 -0.7065
vn -0.1285 0.6960 -0.7065
vn -0.1286 0.6960 -0.7065
vn -0.0438 0.7064 -0.7065
vn 0.0416 0.7065 -0.7065
vn 0.0416 0.7065 -0.7064
vn 0.1264 0.6964 -0.7065
vn 0.2093 0.6761 -0.7065
vn 0.2892 0.6460 -0.7065
vn 0.3649 0.6065 -0.7065
vn 0.4352 0.5581 -0.7065
vn 0.4993 0.5016 -0.7065
vn 0.5561 0.4379 -0.7065
vn 0.6047 0.3677 -0.7065
vn 0.6446 0.2922 -0.7065
vn 0.6751 0.2125 -0.7065
vn 0.6958 0.1296 -0.7065
vn 0.7063 0.0449 -0.7065
vn 0.7066 -0.0405 -0.7065
vn 0.6966 -0.1253 -0.7065
vn 0.6764 -0.2082 -0.7065
vn 0.6464 -0.2882 -0.7065
vn 0.6070 -0.3639 -0.7065
vn 0.5588 -0.4344 -0.7065
vn 0.5024 -0.4985 -0.7065
vn 0.4387 -0.5554 -0.7065
vn -0.5649 0.1034 -0.8187
vn -0.5483 0.1707 -0.8187
vn -0.5238 0.2355 -0.8187
vn -0.4916 0.2968 -0.8187
vn -0.4523 0.3539 -0.8187
vn -0.4064 0.4058 -0.8187
vn -0.3546 0.4517 -0.8187
vn -0.2976 0.4911 -0.8187
vn -0.2976 0.4912 -0.8187
vn -0.2363 0.5234 -0.8187
vn -0.1715 0.5481 -0.8187
vn -0.1043 0.5647 -0.8187
vn -0.0355 0.5732 -0.8187
vn 0.0337 0.5733 -0.8187
vn 0.0338 0.5733 -0.8187
vn 0.1025 0.5650 -0.8187
vn 0.1025 0.5651 -0.8186
vn 0.1698 0.5486 -0.8187
vn 0.2346 0.5241 -0.8187
vn 0.2346 0.5242 -0.8187
vn 0.2961 0.4921 -0.8187
vn 0.3532 0.4528 -0.8187
vn 0.4051 0.4070 -0.8187
vn 0.4512 0.3553 -0.8187
vn 0.4907 0.2984 -0.8187
vn 0.5230 0.2371 -0.8187
vn 0.5231 0.2371 -0.8187
vn 0.5478 0.1724 -0.8187
vn 0.5646 0.1052 -0.8187
vn 0.5731 0.0364 -0.8187
vn 0.5733 -0.0328 -0.8187
vn 0.5652 -0.1016 -0.8187
vn 0.5489 -0.1690 -0.8187
vn 0.5245 -0.2338 -0.8187
vn 0.4925 -0.2953 -0.8187
vn 0.4534 -0.3525 -0.8187
vn 0.4077 -0.4045 -0.8187
vn 0.3560 -0.4506 -0.8187
vn -0.4163 0.0762 -0.9060
vn -0.4041 0.1258 -0.9060
vn -0.3860 0.1735 -0.9060
vn -0.3623 0.2188 -0.9060
vn -0.3334 0.2608 -0.9060
vn -0.3333 0.2608 -0.9060
vn -0.2995 0.2990 -0.9060
vn -0.2613 0.3329 -0.9060
vn -0.2193 0.3620 -0.9060
vn -0.1742 0.3858 -0.9060
vn -0.1741 0.3858 -0.9060
vn -0.1264 0.4039 -0.9060
vn -0.0769 0.4162 -0.9060
vn -0.0262 0.4224 -0.9060
vn 0.0249 0.4225 -0.9060
vn 0.0756 0.4164 -0.9060
vn 0.1252 0.4043 -0.9060
vn 0.1729 0.3863 -0.9060
vn 0.2182 0.3627 -0.9060
vn 0.2603 0.3337 -0.9060
vn 0.2603 0.3338 -0.9060
vn 0.2986 0.3000 -0.9060
vn 0.3325 0.2618 -0.9060
vn 0.3616 0.2199 -0.9060
vn 0.3855 0.1748 -0.9060
vn 0.4037 0.1271 -0.9060
vn 0.4161 0.0775 -0.9060
vn 0.4224 0.0269 -0.9060
vn 0.4226 -0.0242 -0.9060
vn 0.4166 -0.0749 -0.9060
vn 0.4045 -0.1245 -0.9060
vn 0.3866 -0.1723 -0.9060
vn 0.3630 -0.2176 -0.9060
vn 0.3342 -0.2598 -0.9060
vn 0.3005 -0.2981 -0.9060
vn 0.2624 -0.3321 -0.9060
vn -0.2550 0.0467 -0.9658
vn -0.2475 0.0771 -0.9658
vn -0.2365 0.1063 -0.9658
vn -0.2219 0.1340 -0.9658
vn -0.2042 0.1598 -0.9658
vn -0.1835 0.1832 -0.9658
vn -0.1601 0.2039 -0.9658
vn -0.1343 0.2217 -0.9658
vn -0.1344 0.2217 -0.9658
vn -0.1067 0.2363 -0.9658
vn -0.0774 0.2474 -0.9658
vn -0.0471 0.2549 -0.9658
vn -0.0160 0.2588 -0.9658
vn 0.0152 0.2588 -0.9658
vn 0.0463 0.2551 -0.9658
vn 0.0767 0.2477 -0.9658
vn 0.1059 0.2366 -0.9658
vn 0.1337 0.2222 -0.9658
vn 0.1594 0.2044 -0.9658
vn 0.1829 0.1838 -0.9658
vn 0.2037 0.1604 -0.9658
vn 0.2215 0.1347 -0.9658
vn 0.2361 0.1070 -0.9658
vn 0.2473 0.0778 -0.9658
vn 0.2549 0.0475 -0.9658
vn 0.2587 0.0164 -0.9658
vn 0.2588 -0.0148 -0.9658
vn 0.2552 -0.0459 -0.9658
vn 0.2478 -0.0763 -0.9658
vn 0.2368 -0.1056 -0.9658
vn 0.2224 -0.1333 -0.9658
vn 0.2047 -0.1591 -0.9658
vn 0.1840 -0.1826 -0.9658
vn 0.1607 -0.2034 -0.9658
vn -0.0859 0.0157 -0.9962
vn -0.0834 0.0260 -0.9962
vn -0.0796 0.0358 -0.9962
vn -0.0747 0.0451 -0.9962
vn -0.0688 0.0538 -0.9962
vn -0.0618 0.0617 -0.9962
vn -0.0539 0.0687 -0.9962
vn -0.0452 0.0747 -0.9962
vn -0.0359 0.0796 -0.9962
vn -0.0261 0.0833 -0.9962
vn -0.0159 0.0859 -0.9962
vn -0.0054 0.0871 -0.9962
vn 0.0051 0.0872 -0.9962
vn 0.0156 0.0859 -0.9962
vn 0.0258 0.0834 -0.9962
vn 0.0357 0.0797 -0.9962
vn 0.0450 0.0748 -0.9962
vn 0.0537 0.0688 -0.9962
vn 0.0537 0.0689 -0.9962
vn 0.0616 0.0619 -0.9962
vn 0.0686 0.0540 -0.9962
vn 0.0746 0.0454 -0.9962
vn 0.0795 0.0360 -0.9962
vn 0.0795 0.0361 -0.9962
vn 0.0833 0.0262 -0.9962
vn 0.0858 0.0160 -0.9962
vn 0.0871 0.0055 -0.9962
vn 0.0872 -0.0050 -0.9962
vn 0.0859 -0.0155 -0.9962
vn 0.0834 -0.0257 -0.9962
vn 0.0797 -0.0356 -0.9962
vn 0.0749 -0.0449 -0.9962
vn 0.0689 -0.0536 -0.9962
vn 0.0620 -0.0615 -0.9962
vn 0.0541 -0.0685 -0.9962
vn 0.0872 -0.0070 -0.9962
vn 0.2588 -0.0208 -0.9657
vn 0.4224 -0.0340 -0.9058
vn 0.5730 -0.0461 -0.8183
vn 0.7060 -0.0567 -0.7060
vn 0.7060 -0.0568 -0.7060
vn 0.8174 -0.0657 -0.5723
vn 0.9039 -0.0727 -0.4215
vn 0.9630 -0.0774 -0.2580
vn 0.9930 -0.0798 -0.0869
vn 0.0849 -0.0208 -0.9962
vn 0.2521 -0.0619 -0.9657
vn 0.4115 -0.1010 -0.9058
vn 0.5583 -0.1370 -0.8183
vn 0.5582 -0.1370 -0.8183
vn 0.6878 -0.1688 -0.7060
vn 0.7964 -0.1954 -0.5723
vn 0.8807 -0.2161 -0.4215
vn 0.9383 -0.2303 -0.2580
vn 0.9383 -0.2303 -0.2581
vn 0.9675 -0.2374 -0.0869
vn 0.0805 -0.0341 -0.9962
vn 0.2390 -0.1013 -0.9657
vn 0.3901 -0.1654 -0.9058
vn 0.5292 -0.2244 -0.8183
vn 0.6520 -0.2765 -0.7060
vn 0.7549 -0.3201 -0.5723
vn 0.8349 -0.3540 -0.4215
vn 0.8895 -0.3772 -0.2580
vn 0.9172 -0.3889 -0.0869
vn 0.0740 -0.0466 -0.9962
vn 0.2197 -0.1382 -0.9657
vn 0.3587 -0.2256 -0.9058
vn 0.4866 -0.3061 -0.8183
vn 0.5995 -0.3771 -0.7060
vn 0.6941 -0.4366 -0.5723
vn 0.7676 -0.4828 -0.4215
vn 0.8178 -0.5144 -0.2580
vn 0.8433 -0.5304 -0.0869
vn 0.0656 -0.0578 -0.9962
vn 0.1948 -0.1715 -0.9657
vn 0.3180 -0.2800 -0.9058
vn 0.4314 -0.3799 -0.8183
vn 0.5316 -0.4680 -0.7060
vn 0.6155 -0.5419 -0.5723
vn 0.6806 -0.5992 -0.4215
vn 0.6806 -0.5993 -0.4215
vn 0.7251 -0.6384 -0.2580
vn 0.7477 -0.6583 -0.0869
vn 0.0556 -0.0675 -0.9962
vn 0.1649 -0.2005 -0.9657
vn 0.2692 -0.3272 -0.9058
vn 0.3652 -0.4439 -0.8183
vn 0.4500 -0.5469 -0.7060
vn 0.5210 -0.6332 -0.5723
vn 0.5762 -0.7003 -0.4215
vn 0.6138 -0.7461 -0.2580
vn 0.6330 -0.7693 -0.0869
vn 0.6329 -0.7693 -0.0869
vn 0.9962 0.0007 -0.0872
vn 0.9863 -0.0000 -0.1651
vn 0.9659 0.0012 -0.2588
vn 0.9171 -0.0000 -0.3987
vn 0.9063 0.0015 -0.4226
vn 0.8191 0.0017 -0.5736
vn 0.7071 0.0018 -0.7071
vn 0.5736 0.0017 -0.8192
vn 0.4226 0.0015 -0.9063
vn 0.2588 0.0012 -0.9659
vn 0.0872 0.0007 -0.9962
vn 0.1651 -0.0000 -0.9863
vn 0.9969 -0.0012 -0.0785
vn 0.9455 -0.0050 -0.3256
vn 0.9703 -0.0031 -0.2419
vn 0.9170 -0.0053 -0.3987
vn 0.7880 -0.0097 -0.6156
vn 0.8386 -0.0075 -0.5446
vn 0.7373 -0.0094 -0.6756
vn 0.5446 -0.0136 -0.8386
vn 0.6156 -0.0111 -0.7880
vn 0.4771 -0.0126 -0.8788
vn 0.2419 -0.0163 -0.9702
vn 0.3255 -0.0138 -0.9454
vn 0.1651 -0.0146 -0.9862
vn 0.0784 -0.0171 -0.9968
vn 0.0827 -0.0124 -0.9965
vn 0.0826 -0.0706 -0.9941
vn 0.0937 -0.0656 -0.9934
vn 0.0937 -0.1225 -0.9880
vn 0.0978 -0.1178 -0.9882
vn 0.0977 -0.1743 -0.9798
vn 0.1089 -0.1692 -0.9795
vn 0.1088 -0.2489 -0.9624
vn 0.1200 -0.2438 -0.9624
vn 0.9969 -0.0009 -0.0782
vn 0.9969 -0.0054 -0.0781
vn 0.9970 -0.0050 -0.0776
vn 0.9970 -0.0094 -0.0771
vn 0.9970 -0.0091 -0.0769
vn 0.9970 -0.0134 -0.0763
vn 0.9970 -0.0130 -0.0758
vn 0.9970 -0.0191 -0.0745
vn 0.9971 -0.0187 -0.0740
vn 0.9971 -0.0246 -0.0723
vn 0.9971 -0.0241 -0.0718
vn 0.9242 -0.0229 -0.3811
vn 0.9242 -0.0267 -0.3810
vn 0.9253 -0.0251 -0.3784
vn 0.9254 -0.0464 -0.3761
vn 0.9258 -0.0449 -0.3753
vn 0.9257 -0.0659 -0.3724
vn 0.9268 -0.0641 -0.3700
vn 0.9268 -0.0937 -0.3636
vn 0.9279 -0.0917 -0.3613
vn 0.9279 -0.1206 -0.3527
vn 0.9290 -0.1184 -0.3506
vn 0.7617 -0.0323 -0.6472
vn 0.7614 -0.0455 -0.6466
vn 0.7649 -0.0428 -0.6428
vn 0.7651 -0.0789 -0.6391
vn 0.7663 -0.0763 -0.6379
vn 0.7661 -0.1122 -0.6329
vn 0.7695 -0.1091 -0.6293
vn 0.7695 -0.1595 -0.6184
vn 0.7729 -0.1562 -0.6151
vn 0.7729 -0.2054 -0.6004
vn 0.7762 -0.2018 -0.5973
vn 0.5250 -0.0314 -0.8505
vn 0.5247 -0.0599 -0.8492
vn 0.5311 -0.0562 -0.8454
vn 0.5314 -0.1039 -0.8407
vn 0.5337 -0.1004 -0.8397
vn 0.5335 -0.1477 -0.8328
vn 0.5399 -0.1437 -0.8294
vn 0.5399 -0.2104 -0.8150
vn 0.5464 -0.2061 -0.8118
vn 0.5464 -0.2712 -0.7924
vn 0.5528 -0.2667 -0.7895
vn 0.2372 -0.0211 -0.9712
vn 0.2370 -0.0686 -0.9691
vn 0.2466 -0.0640 -0.9670
vn 0.2467 -0.1191 -0.9617
vn 0.2503 -0.1148 -0.9614
vn 0.2501 -0.1694 -0.9533
vn 0.2598 -0.1646 -0.9515
vn 0.2598 -0.2416 -0.9349
vn 0.2695 -0.2367 -0.9335
vn 0.2695 -0.3121 -0.9110
vn 0.2791 -0.3071 -0.9098
vn 0.1201 -0.3049 -0.9448
vn 0.1486 -0.3199 -0.9357
vn 0.1312 -0.3406 -0.9310
vn 0.9971 -0.0299 -0.0696
vn 0.9972 -0.0294 -0.0692
vn 0.9874 -0.0624 -0.1453
vn 0.9743 -0.0858 -0.2084
vn 0.9743 -0.0721 -0.2136
vn 0.9739 -0.0734 -0.2150
vn 0.9738 -0.0558 -0.2202
vn 0.9734 -0.0571 -0.2217
vn 0.9734 -0.0390 -0.2256
vn 0.9730 -0.0402 -0.2271
vn 0.9731 -0.0273 -0.2289
vn 0.9729 -0.0282 -0.2294
vn 0.9729 -0.0153 -0.2308
vn 0.9725 -0.0162 -0.2324
vn 0.9725 -0.0138 -0.2325
vn 0.9863 -0.0025 -0.1651
vn 0.9727 -0.0910 -0.2133
vn 0.9500 -0.1233 -0.2869
vn 0.9291 -0.1406 -0.3421
vn 0.9238 -0.1504 -0.3520
vn 0.8887 -0.1811 -0.4212
vn 0.8626 -0.1929 -0.4676
vn 0.8625 -0.1620 -0.4794
vn 0.8604 -0.1649 -0.4822
vn 0.8604 -0.1254 -0.4939
vn 0.8583 -0.1281 -0.4969
vn 0.8583 -0.0876 -0.5056
vn 0.8562 -0.0901 -0.5088
vn 0.8563 -0.0613 -0.5128
vn 0.8555 -0.0634 -0.5138
vn 0.8554 -0.0344 -0.5168
vn 0.8533 -0.0365 -0.5202
vn 0.8534 -0.0290 -0.5205
vn 0.8788 -0.0074 -0.4772
vn 0.8517 -0.2061 -0.4818
vn 0.8050 -0.2344 -0.5449
vn 0.7764 -0.2413 -0.5822
vn 0.7582 -0.2566 -0.5994
vn 0.7012 -0.2819 -0.6549
vn 0.6723 -0.2847 -0.6833
vn 0.6722 -0.2370 -0.7014
vn 0.6674 -0.2411 -0.7046
vn 0.6674 -0.1833 -0.7218
vn 0.6625 -0.1872 -0.7253
vn 0.6625 -0.1279 -0.7380
vn 0.6576 -0.1315 -0.7418
vn 0.6579 -0.0895 -0.7478
vn 0.6562 -0.0925 -0.7489
vn 0.6559 -0.0501 -0.7532
vn 0.6510 -0.0533 -0.7572
vn 0.6513 -0.0330 -0.7581
vn 0.6756 -0.0118 -0.7372
vn 0.6457 -0.3006 -0.7020
vn 0.5798 -0.3223 -0.7483
vn 0.5529 -0.3219 -0.7685
vn 0.5170 -0.3371 -0.7868
vn 0.4438 -0.3547 -0.8230
vn 0.4208 -0.3522 -0.8360
vn 0.4207 -0.2902 -0.8595
vn 0.4127 -0.2951 -0.8617
vn 0.4127 -0.2240 -0.8829
vn 0.4046 -0.2287 -0.8854
vn 0.4046 -0.1560 -0.9011
vn 0.3965 -0.1605 -0.9039
vn 0.3967 -0.1089 -0.9114
vn 0.3938 -0.1128 -0.9122
vn 0.3936 -0.0609 -0.9173
vn 0.3855 -0.0650 -0.9204
vn 0.3858 -0.0275 -0.9222
vn 0.3987 -0.0151 -0.9170
vn 0.1421 -0.3882 -0.9105
vn 0.1311 -0.3932 -0.9100
vn 0.2241 -0.3842 -0.8957
vn 0.2792 -0.3747 -0.8841
vn 0.2967 -0.3782 -0.8769
vn 0.3752 -0.3652 -0.8520
vn 0.2438 -0.8170 -0.5225
vn 0.3284 -0.8250 -0.4598
vn 0.4109 -0.8223 -0.3938
vn 0.4900 -0.8089 -0.3251
vn 0.5996 -0.7608 -0.2484
vn 0.5144 -0.7963 -0.3182
vn 0.5200 -0.7990 -0.3019
vn 0.5804 -0.7760 -0.2467
vn 0.5962 -0.7637 -0.2476
vn 0.5194 -0.8035 -0.2909
vn 0.5183 -0.8084 -0.2791
vn 0.5162 -0.8111 -0.2750
vn 0.6495 -0.7308 -0.2101
vn 0.5975 -0.7279 -0.3365
vn 0.6068 -0.7516 -0.2585
vn 0.1841 -0.6805 -0.7092
vn 0.1560 -0.7303 -0.6651
vn 0.1904 -0.7283 -0.6582
vn 0.1596 -0.7733 -0.6136
vn 0.1978 -0.7728 -0.6031
vn 0.1682 -0.8092 -0.5630
vn 0.2010 -0.8090 -0.5524
vn 0.7922 -0.5756 -0.2029
vn 0.7629 -0.6271 -0.1570
vn 0.7101 -0.6641 -0.2340
vn 0.6980 -0.6826 -0.2162
vn 0.6940 -0.6874 -0.2141
vn 0.1855 -0.6407 -0.7451
vn 0.1751 -0.6365 -0.7512
vn 0.1536 -0.6840 -0.7131
vn 0.8562 -0.4515 -0.2511
vn 0.8591 -0.4819 -0.1727
vn 0.8360 -0.5325 -0.1323
vn 0.8874 -0.4511 -0.0946
vn 0.9092 -0.3934 -0.1364
vn 0.9262 -0.3578 -0.1188
vn 0.9352 -0.3250 -0.1406
vn 0.9566 -0.2775 -0.0887
vn 0.1596 -0.6129 -0.7739
vn 0.1672 -0.5904 -0.7896
vn 0.1563 -0.5964 -0.7873
vn 0.1686 -0.5537 -0.8155
vn 0.1520 -0.5593 -0.8149
vn 0.1620 -0.5077 -0.8461
vn 0.2264 -0.8175 -0.5295
vn 0.2544 -0.7832 -0.5673
vn 0.2353 -0.7841 -0.5743
vn 0.2648 -0.7412 -0.6169
vn 0.2481 -0.7428 -0.6218
vn 0.2755 -0.6944 -0.6647
vn 0.2617 -0.6966 -0.6680
vn 0.2861 -0.6424 -0.7110
vn 0.2756 -0.6448 -0.7129
vn 0.2905 -0.6016 -0.7441
vn 0.2866 -0.6039 -0.7437
vn 0.2988 -0.5613 -0.7718
vn 0.2942 -0.5631 -0.7723
vn 0.3057 -0.5034 -0.8082
vn 0.3044 -0.5041 -0.8082
vn 0.3385 -0.8242 -0.4540
vn 0.3651 -0.7916 -0.4899
vn 0.3796 -0.7899 -0.4817
vn 0.4079 -0.7488 -0.5225
vn 0.4229 -0.7458 -0.5147
vn 0.4496 -0.6986 -0.5567
vn 0.4650 -0.6942 -0.5494
vn 0.4894 -0.6399 -0.5925
vn 0.5056 -0.6339 -0.5853
vn 0.5203 -0.5916 -0.6159
vn 0.5285 -0.5852 -0.6149
vn 0.5403 -0.5432 -0.6426
vn 0.5558 -0.5347 -0.6365
vn 0.5680 -0.4710 -0.6749
vn 0.5838 -0.4605 -0.6687
vn 0.4431 -0.8172 -0.3685
vn 0.4706 -0.7835 -0.4057
vn 0.5114 -0.7743 -0.3727
vn 0.5402 -0.7323 -0.4145
vn 0.5787 -0.7193 -0.3843
vn 0.6058 -0.6714 -0.4268
vn 0.6417 -0.6551 -0.3989
vn 0.6663 -0.6002 -0.4425
vn 0.6999 -0.5806 -0.4160
vn 0.7143 -0.5398 -0.4454
vn 0.7304 -0.5229 -0.4394
vn 0.7415 -0.4829 -0.4658
vn 0.7684 -0.4605 -0.4444
vn 0.7808 -0.3962 -0.4831
vn 0.8049 -0.3719 -0.4624
vn 0.5384 -0.7968 -0.2744
vn 0.5691 -0.7591 -0.3162
vn 0.6265 -0.7380 -0.2507
vn 0.6579 -0.6925 -0.2961
vn 0.7091 -0.6645 -0.2359
vn 0.7374 -0.6145 -0.2804
vn 0.7820 -0.5812 -0.2250
vn 0.8069 -0.5259 -0.2690
vn 0.8452 -0.4884 -0.2169
vn 0.8588 -0.4503 -0.2443
vn 0.8771 -0.4212 -0.2307
vn 0.8870 -0.3854 -0.2544
vn 0.9136 -0.3465 -0.2130
vn 0.9252 -0.2863 -0.2492
vn 0.9461 -0.2465 -0.2099
vn 0.1422 -0.4506 -0.8813
vn 0.1564 -0.4568 -0.8757
vn 0.1542 -0.4801 -0.8635
vn 0.1589 -0.5061 -0.8477
vn 0.2245 -0.4494 -0.8647
vn 0.2967 -0.4429 -0.8461
vn 0.3100 -0.4473 -0.8390
vn 0.3752 -0.4334 -0.8194
vn 0.4436 -0.4236 -0.7898
vn 0.4558 -0.4264 -0.7813
vn 0.4497 -0.4883 -0.7479
vn 0.4417 -0.4928 -0.7497
vn 0.4297 -0.5549 -0.7124
vn 0.4235 -0.5577 -0.7139
vn 0.4115 -0.6002 -0.6859
vn 0.4090 -0.6019 -0.6859
vn 0.3941 -0.6448 -0.6549
vn 0.3904 -0.6459 -0.6561
vn 0.3660 -0.7001 -0.6131
vn 0.3643 -0.7004 -0.6138
vn 0.3374 -0.7480 -0.5715
vn 0.3374 -0.7480 -0.5716
vn 0.3088 -0.7896 -0.5302
vn 0.3101 -0.7895 -0.5296
vn 0.2833 -0.8225 -0.4931
vn 0.2863 -0.8224 -0.4917
vn 0.5167 -0.4063 -0.7536
vn 0.5794 -0.3935 -0.7138
vn 0.5902 -0.3949 -0.7041
vn 0.6453 -0.3689 -0.6690
vn 0.7005 -0.3533 -0.6201
vn 0.7098 -0.3535 -0.6093
vn 0.7031 -0.4214 -0.5727
vn 0.6819 -0.4385 -0.5854
vn 0.6695 -0.5031 -0.5466
vn 0.6470 -0.5181 -0.5594
vn 0.6355 -0.5594 -0.5322
vn 0.6227 -0.5707 -0.5353
vn 0.6081 -0.6124 -0.5051
vn 0.5818 -0.6246 -0.5210
vn 0.5573 -0.6792 -0.4776
vn 0.5304 -0.6888 -0.4942
vn 0.5036 -0.7362 -0.4521
vn 0.4756 -0.7435 -0.4700
vn 0.4473 -0.7847 -0.4291
vn 0.4187 -0.7896 -0.4486
vn 0.3920 -0.8224 -0.4124
vn 0.3699 -0.8250 -0.4272
vn 0.7576 -0.3219 -0.5677
vn 0.8041 -0.3041 -0.5109
vn 0.8116 -0.3033 -0.4993
vn 0.8510 -0.2667 -0.4524
vn 0.8874 -0.2473 -0.3890
vn 0.8932 -0.2456 -0.3767
vn 0.8866 -0.3131 -0.3404
vn 0.8625 -0.3451 -0.3702
vn 0.8503 -0.4079 -0.3324
vn 0.8220 -0.4384 -0.3635
vn 0.8114 -0.4766 -0.3383
vn 0.7934 -0.4994 -0.3479
vn 0.7794 -0.5391 -0.3193
vn 0.7417 -0.5672 -0.3581
vn 0.7169 -0.6223 -0.3143
vn 0.6750 -0.6466 -0.3553
vn 0.6474 -0.6954 -0.3120
vn 0.6012 -0.7152 -0.3564
vn 0.5713 -0.7587 -0.3131
vn 0.5209 -0.7733 -0.3615
vn 0.4921 -0.8087 -0.3223
vn 0.4508 -0.8169 -0.3597
vn 0.9230 -0.2044 -0.3259
vn 0.9486 -0.1843 -0.2573
vn 0.9524 -0.1819 -0.2447
vn 0.9720 -0.1367 -0.1913
vn 0.9860 -0.1166 -0.1191
vn 0.9689 -0.2118 -0.1282
vn 0.9696 -0.2177 -0.1115
vn 0.9849 -0.1498 -0.0871
vn 0.9878 -0.1137 -0.1064
vn 0.9965 -0.0650 -0.0522
vn 0.5136 -0.8139 -0.2715
vn 0.4336 -0.8354 -0.3378
vn 0.2717 -0.8380 -0.4732
vn 0.3141 -0.8403 -0.4418
vn 0.3267 -0.8664 -0.3777
vn 0.3324 -0.8633 -0.3798
vn 0.3979 -0.8362 -0.3773
vn 0.2005 -0.8609 -0.4676
vn 0.2074 -0.8577 -0.4705
vn 0.1863 -0.8247 -0.5340
vn 0.2411 -0.8429 -0.4810
vn 0.2192 -0.8462 -0.4857
vn 0.3261 -0.8515 -0.4106
vn 0.3465 -0.8471 -0.4029
vn 0.4064 -0.8505 -0.3338
vn 0.4097 -0.8470 -0.3386
vn 0.4631 -0.8313 -0.3074
vn 0.4382 -0.8555 -0.2759
vn 0.4552 -0.8448 -0.2812
vn 0.2221 -0.8646 -0.4508
vn 0.2203 -0.8649 -0.4509
vn 0.2792 -0.8673 -0.4120
vn 0.3164 -0.8619 -0.3964
vn 0.3200 -0.8627 -0.3916
vn 0.3722 -0.8618 -0.3447
vn 0.3708 -0.8633 -0.3423
vn 0.2464 -0.8831 -0.3992
vn 0.2608 -0.8733 -0.4116
vn 0.2558 -0.8817 -0.3965
vn 0.3116 -0.8726 -0.3761
vn 0.2893 -0.8766 -0.3845
vn 0.2711 -0.8770 -0.3967
vn 0.2527 -0.8779 -0.4067
vn 0.2107 -0.8779 -0.4300
vn -0.2464 -0.8831 0.3992
vn -0.2597 -0.8735 0.4117
vn -0.2558 -0.8817 0.3965
vn -0.2568 -0.8745 0.4115
vn -0.2322 -0.8766 0.4214
vn -0.2894 -0.8766 0.3845
vn -0.3116 -0.8726 0.3761
vn -0.3708 -0.8633 0.3423
vn -0.5136 -0.8139 0.2715
vn -0.4552 -0.8448 0.2812
vn -0.3324 -0.8633 0.3798
vn -0.3979 -0.8362 0.3773
vn -0.4336 -0.8354 0.3378
vn -0.2006 -0.8609 0.4675
vn -0.2717 -0.8380 0.4732
vn -0.3141 -0.8403 0.4418
vn -0.4382 -0.8555 0.2759
vn -0.4631 -0.8313 0.3074
vn -0.4097 -0.8470 0.3386
vn -0.4064 -0.8505 0.3338
vn -0.3722 -0.8618 0.3447
vn -0.3267 -0.8664 0.3777
vn -0.3465 -0.8471 0.4029
vn -0.3261 -0.8515 0.4106
vn -0.3157 -0.8626 0.3954
vn -0.3215 -0.8610 0.3941
vn -0.1863 -0.8247 0.5340
vn -0.2074 -0.8577 0.4705
vn -0.2267 -0.8386 0.4953
vn -0.2404 -0.8484 0.4716
vn -0.2336 -0.8511 0.4702
vn -0.2117 -0.8735 0.4383
vn -0.2423 -0.8647 0.4400
vn -0.1542 -0.4801 0.8635
vn -0.5144 -0.7964 0.3182
vn -0.5959 -0.7639 0.2477
vn -0.5804 -0.7760 0.2467
vn -0.5200 -0.7990 0.3019
vn -0.5384 -0.7968 0.2744
vn -0.4899 -0.8089 0.3251
vn -0.4921 -0.8087 0.3223
vn -0.4508 -0.8169 0.3597
vn -0.4431 -0.8172 0.3684
vn -0.4109 -0.8223 0.3938
vn -0.3920 -0.8224 0.4124
vn -0.3699 -0.8250 0.4272
vn -0.3385 -0.8242 0.4540
vn -0.3284 -0.8250 0.4598
vn -0.2833 -0.8225 0.4931
vn -0.2863 -0.8224 0.4917
vn -0.2265 -0.8175 0.5295
vn -0.2438 -0.8170 0.5225
vn -0.5194 -0.8035 0.2909
vn -0.5183 -0.8084 0.2791
vn -0.5162 -0.8111 0.2750
vn -0.5975 -0.7279 0.3365
vn -0.6068 -0.7516 0.2585
vn -0.5996 -0.7608 0.2484
vn -0.6980 -0.6826 0.2162
vn -0.6940 -0.6875 0.2141
vn -0.6495 -0.7308 0.2101
vn -0.6265 -0.7380 0.2507
vn -0.5691 -0.7591 0.3162
vn -0.5712 -0.7587 0.3131
vn -0.5209 -0.7733 0.3615
vn -0.5114 -0.7743 0.3727
vn -0.4706 -0.7835 0.4058
vn -0.4473 -0.7847 0.4291
vn -0.4187 -0.7896 0.4486
vn -0.3796 -0.7899 0.4817
vn -0.3651 -0.7916 0.4899
vn -0.3088 -0.7896 0.5302
vn -0.3101 -0.7895 0.5296
vn -0.2353 -0.7841 0.5743
vn -0.2544 -0.7832 0.5673
vn -0.7629 -0.6271 0.1570
vn -0.7101 -0.6641 0.2340
vn -0.7091 -0.6645 0.2359
vn -0.6579 -0.6925 0.2961
vn -0.6474 -0.6954 0.3120
vn -0.6012 -0.7152 0.3564
vn -0.5787 -0.7193 0.3843
vn -0.5403 -0.7323 0.4145
vn -0.5036 -0.7362 0.4521
vn -0.4756 -0.7435 0.4700
vn -0.4229 -0.7458 0.5147
vn -0.4079 -0.7488 0.5225
vn -0.3374 -0.7480 0.5715
vn -0.3374 -0.7480 0.5716
vn -0.2481 -0.7428 0.6218
vn -0.2648 -0.7412 0.6169
vn -0.2755 -0.6944 0.6647
vn -0.2617 -0.6966 0.6680
vn -0.3643 -0.7004 0.6138
vn -0.3660 -0.7001 0.6131
vn -0.4496 -0.6986 0.5567
vn -0.4650 -0.6942 0.5494
vn -0.5304 -0.6888 0.4942
vn -0.5573 -0.6792 0.4776
vn -0.6058 -0.6714 0.4268
vn -0.6417 -0.6551 0.3989
vn -0.6750 -0.6466 0.3553
vn -0.7169 -0.6223 0.3143
vn -0.7373 -0.6146 0.2804
vn -0.7820 -0.5812 0.2250
vn -0.7922 -0.5756 0.2029
vn -0.8562 -0.4515 0.2511
vn -0.8591 -0.4819 0.1727
vn -0.8360 -0.5325 0.1323
vn -0.2905 -0.6016 0.7441
vn -0.2866 -0.6039 0.7437
vn -0.4090 -0.6019 0.6859
vn -0.4115 -0.6002 0.6859
vn -0.5202 -0.5916 0.6159
vn -0.5285 -0.5852 0.6149
vn -0.6227 -0.5707 0.5353
vn -0.6355 -0.5594 0.5322
vn -0.7143 -0.5398 0.4454
vn -0.7304 -0.5229 0.4394
vn -0.7934 -0.4994 0.3479
vn -0.8114 -0.4766 0.3382
vn -0.8588 -0.4503 0.2443
vn -0.8771 -0.4212 0.2307
vn -0.2988 -0.5613 0.7718
vn -0.2942 -0.5631 0.7723
vn -0.4235 -0.5577 0.7139
vn -0.4297 -0.5549 0.7124
vn -0.5403 -0.5432 0.6426
vn -0.5558 -0.5347 0.6365
vn -0.6470 -0.5181 0.5594
vn -0.6695 -0.5031 0.5466
vn -0.7415 -0.4829 0.4658
vn -0.7684 -0.4605 0.4444
vn -0.8220 -0.4384 0.3635
vn -0.8503 -0.4079 0.3324
vn -0.8870 -0.3854 0.2544
vn -0.9136 -0.3465 0.2130
vn -0.2861 -0.6424 0.7110
vn -0.2756 -0.6448 0.7129
vn -0.3904 -0.6459 0.6561
vn -0.3941 -0.6448 0.6549
vn -0.4894 -0.6399 0.5925
vn -0.5056 -0.6339 0.5853
vn -0.5818 -0.6246 0.5210
vn -0.6081 -0.6124 0.5051
vn -0.6663 -0.6002 0.4425
vn -0.6999 -0.5806 0.4160
vn -0.7417 -0.5672 0.3581
vn -0.7794 -0.5391 0.3193
vn -0.8069 -0.5259 0.2690
vn -0.8452 -0.4884 0.2169
vn -0.8874 -0.4511 0.0946
vn -0.9092 -0.3934 0.1364
vn -0.9262 -0.3578 0.1188
vn -0.9352 -0.3250 0.1406
vn -0.9566 -0.2775 0.0887
vn -0.9689 -0.2118 0.1282
vn -0.1589 -0.5061 0.8477
vn -0.9849 -0.1498 0.0871
vn -0.9696 -0.2177 0.1115
vn -0.9461 -0.2465 0.2099
vn -0.9252 -0.2863 0.2492
vn -0.8866 -0.3131 0.3404
vn -0.8625 -0.3451 0.3702
vn -0.8049 -0.3719 0.4624
vn -0.7808 -0.3962 0.4831
vn -0.7031 -0.4214 0.5727
vn -0.6819 -0.4385 0.5854
vn -0.5838 -0.4605 0.6687
vn -0.5680 -0.4710 0.6749
vn -0.4497 -0.4883 0.7479
vn -0.4417 -0.4928 0.7497
vn -0.3044 -0.5041 0.8082
vn -0.3057 -0.5034 0.8082
vn -0.1620 -0.5077 0.8461
vn -0.1520 -0.5593 0.8149
vn -0.1686 -0.5537 0.8155
vn -0.1563 -0.5964 0.7873
vn -0.1672 -0.5904 0.7896
vn -0.1522 -0.6342 0.7581
vn -0.1781 -0.6294 0.7564
vn -0.1536 -0.6840 0.7131
vn -0.1841 -0.6805 0.7092
vn -0.1560 -0.7303 0.6651
vn -0.1904 -0.7283 0.6582
vn -0.1596 -0.7733 0.6136
vn -0.1978 -0.7728 0.6031
vn -0.1682 -0.8092 0.5630
vn -0.2010 -0.8090 0.5524
vn -0.9959 -0.0671 0.0604
vn -0.9878 -0.1131 0.1068
vn -0.9681 -0.1410 0.2072
vn -0.9525 -0.1807 0.2453
vn -0.9133 -0.2109 0.3484
vn -0.8933 -0.2438 0.3776
vn -0.8332 -0.2748 0.4798
vn -0.8118 -0.3008 0.5005
vn -0.7300 -0.3310 0.5980
vn -0.7100 -0.3503 0.6109
vn -0.6064 -0.3781 0.6995
vn -0.5905 -0.3908 0.7061
vn -0.4660 -0.4147 0.7816
vn -0.4562 -0.4215 0.7837
vn -0.3126 -0.4400 0.8418
vn -0.3105 -0.4413 0.8419
vn -0.1505 -0.4534 0.8785
vn -0.1571 -0.4496 0.8793
vn -0.0914 -0.0121 0.9957
vn -0.0871 -0.0173 0.9960
vn -0.2624 -0.0120 0.9649
vn -0.2588 -0.0166 0.9658
vn -0.4255 -0.0114 0.9049
vn -0.4226 -0.0154 0.9062
vn -0.5758 -0.0104 0.8175
vn -0.5735 -0.0138 0.8191
vn -0.7086 -0.0090 0.7055
vn -0.7071 -0.0119 0.7070
vn -0.8201 -0.0073 0.5722
vn -0.8191 -0.0096 0.5735
vn -0.9068 -0.0053 0.4215
vn -0.9063 -0.0070 0.4226
vn -0.9661 -0.0032 0.2581
vn -0.9659 -0.0042 0.2588
vn -0.9962 -0.0009 0.0869
vn -0.9962 -0.0013 0.0872
vn -0.1023 -0.0652 0.9926
vn -0.0913 -0.0707 0.9933
vn -0.2716 -0.0634 0.9603
vn -0.2622 -0.0683 0.9626
vn -0.4329 -0.0595 0.8995
vn -0.4253 -0.0639 0.9028
vn -0.5813 -0.0538 0.8119
vn -0.5755 -0.0576 0.8158
vn -0.7125 -0.0464 0.7001
vn -0.7084 -0.0497 0.7041
vn -0.8225 -0.0376 0.5675
vn -0.8199 -0.0402 0.5710
vn -0.9081 -0.0277 0.4179
vn -0.9067 -0.0296 0.4207
vn -0.9666 -0.0169 0.2559
vn -0.9661 -0.0180 0.2577
vn -0.9963 -0.0056 0.0862
vn -0.9962 -0.0060 0.0868
vn -0.9963 -0.0104 0.0856
vn -0.9963 -0.0100 0.0855
vn -0.9666 -0.0313 0.2543
vn -0.9668 -0.0302 0.2538
vn -0.9082 -0.0513 0.4154
vn -0.9087 -0.0494 0.4146
vn -0.8227 -0.0697 0.5642
vn -0.8237 -0.0672 0.5631
vn -0.7127 -0.0861 0.6961
vn -0.7143 -0.0830 0.6950
vn -0.5816 -0.0999 0.8073
vn -0.5837 -0.0962 0.8062
vn -0.4331 -0.1108 0.8945
vn -0.4359 -0.1066 0.8937
vn -0.2718 -0.1184 0.9550
vn -0.2752 -0.1137 0.9546
vn -0.1023 -0.1226 0.9872
vn -0.1441 -0.1846 0.9722
vn -0.1063 -0.1487 0.9831
vn -0.1064 -0.1174 0.9874
vn -0.9963 -0.0212 0.0828
vn -0.9964 -0.0207 0.0822
vn -0.9673 -0.0633 0.2458
vn -0.9677 -0.0618 0.2442
vn -0.9099 -0.1036 0.4016
vn -0.9113 -0.1012 0.3992
vn -0.8261 -0.1408 0.5457
vn -0.8286 -0.1376 0.5426
vn -0.7181 -0.1740 0.6738
vn -0.7222 -0.1701 0.6704
vn -0.5893 -0.2021 0.7822
vn -0.5951 -0.1976 0.7790
vn -0.4433 -0.2243 0.8679
vn -0.4509 -0.2193 0.8652
vn -0.2844 -0.2400 0.9282
vn -0.2938 -0.2347 0.9266
vn -0.9963 -0.0149 0.0848
vn -0.9963 -0.0144 0.0842
vn -0.9668 -0.0446 0.2518
vn -0.9672 -0.0432 0.2501
vn -0.9086 -0.0729 0.4113
vn -0.9099 -0.0707 0.4087
vn -0.8235 -0.0991 0.5587
vn -0.8261 -0.0961 0.5553
vn -0.7140 -0.1223 0.6894
vn -0.7181 -0.1187 0.6857
vn -0.5834 -0.1420 0.7997
vn -0.5893 -0.1377 0.7961
vn -0.4357 -0.1575 0.8862
vn -0.4433 -0.1527 0.8833
vn -0.2750 -0.1684 0.9466
vn -0.2844 -0.1632 0.9447
vn -0.1174 -0.1738 0.9778
vn -0.1174 -0.2489 0.9614
vn -0.1284 -0.2433 0.9614
vn -0.1285 -0.3044 0.9439
vn -0.1395 -0.3400 0.9300
vn -0.1548 -0.3199 0.9347
vn -0.3032 -0.3045 0.9029
vn -0.2939 -0.3100 0.9042
vn -0.4585 -0.2841 0.8420
vn -0.4509 -0.2893 0.8444
vn -0.6009 -0.2557 0.7574
vn -0.5951 -0.2604 0.7603
vn -0.7263 -0.2199 0.6513
vn -0.7222 -0.2240 0.6544
vn -0.8312 -0.1778 0.5268
vn -0.8286 -0.1812 0.5296
vn -0.9126 -0.1307 0.3873
vn -0.9113 -0.1333 0.3896
vn -0.9682 -0.0799 0.2369
vn -0.9678 -0.0815 0.2384
vn -0.9965 -0.0268 0.0798
vn -0.9964 -0.0273 0.0803
vn -0.1504 -0.3875 0.9095
vn -0.1394 -0.3930 0.9089
vn -0.3125 -0.3725 0.8738
vn -0.3032 -0.3780 0.8748
vn -0.4660 -0.3471 0.8139
vn -0.4585 -0.3524 0.8158
vn -0.6066 -0.3120 0.7313
vn -0.6009 -0.3168 0.7339
vn -0.7303 -0.2681 0.6283
vn -0.7263 -0.2724 0.6311
vn -0.8337 -0.2167 0.5079
vn -0.8312 -0.2203 0.5105
vn -0.9139 -0.1592 0.3733
vn -0.9126 -0.1619 0.3754
vn -0.9687 -0.0973 0.2282
vn -0.9682 -0.0990 0.2296
vn -0.9965 -0.0326 0.0769
vn -0.9965 -0.0332 0.0773
vn -0.9863 -0.0019 0.1651
vn -0.9455 -0.0017 0.3256
vn -0.9171 -0.0000 0.3987
vn -0.9063 -0.0004 0.4226
vn -0.8788 -0.0000 0.4771
vn -0.8192 -0.0005 0.5736
vn -0.7071 -0.0005 0.7071
vn -0.5736 -0.0005 0.8192
vn -0.4226 -0.0004 0.9063
vn -0.2588 -0.0003 0.9659
vn -0.1651 -0.0000 0.9863
vn -0.0872 -0.0002 0.9962
vn 0.7251 -0.6842 0.0784
vn 0.9166 -0.3921 0.0784
vn 0.9956 -0.0520 0.0783
vn 0.9926 0.0932 0.0784
vn 0.9685 0.2365 0.0785
vn 0.8995 0.4298 0.0784
vn 0.6961 0.7136 0.0784
vn 0.2708 0.9594 0.0784
vn -0.0767 0.9940 0.0784
vn -0.4148 0.9066 0.0783
vn -0.5421 0.8366 0.0784
vn -0.6579 0.7490 0.0785
vn -0.7974 0.5984 0.0784
vn -0.9548 0.2867 0.0784
vn -0.0785 0.0047 0.9969
vn -0.1651 0.0100 0.9862
vn -0.2331 0.0166 0.9723
vn -0.3821 0.0273 0.9237
vn -0.3255 0.0197 0.9453
vn -0.2419 0.0146 0.9702
vn 0.0751 -0.0231 0.9969
vn 0.2235 -0.0688 0.9723
vn 0.3663 -0.1128 0.9236
vn -0.5217 0.0367 0.8523
vn -0.4770 0.0288 0.8785
vn -0.3986 0.0241 0.9168
vn 0.4948 -0.1685 0.8525
vn 0.5924 -0.1873 0.7835
vn 0.4610 -0.1419 0.8760
vn 0.4817 -0.1318 0.8664
vn 0.5118 -0.1060 0.8525
vn -0.6484 0.0448 0.7600
vn -0.6152 0.0372 0.7875
vn -0.5443 0.0329 0.8382
vn -0.7591 0.0513 0.6489
vn -0.7365 0.0445 0.6749
vn -0.6750 0.0408 0.7367
vn -0.8511 0.0562 0.5219
vn -0.8376 0.0506 0.5439
vn -0.7871 0.0476 0.6150
vn -0.9222 0.0594 0.3822
vn -0.9157 0.0553 0.3981
vn -0.8776 0.0530 0.4765
vn -0.9706 0.0607 0.2331
vn -0.9686 0.0585 0.2415
vn -0.9440 0.0570 0.3250
vn -0.0773 0.0142 0.9969
vn -0.2300 0.0421 0.9723
vn -0.3770 0.0690 0.9236
vn -0.5146 0.0942 0.8522
vn -0.6395 0.1171 0.7598
vn -0.7486 0.1370 0.6488
vn -0.7485 0.1370 0.6488
vn -0.8391 0.1536 0.5218
vn -0.9090 0.1664 0.3821
vn -0.9566 0.1751 0.2331
vn -0.9566 0.1751 0.2330
vn -0.0673 0.0406 0.9969
vn -0.2002 0.1209 0.9723
vn -0.3281 0.1981 0.9236
vn -0.4479 0.2704 0.8522
vn -0.5566 0.3360 0.7598
vn -0.6515 0.3933 0.6488
vn -0.7303 0.4409 0.5218
vn -0.7911 0.4777 0.3821
vn -0.8325 0.5026 0.2330
vn -0.8325 0.5027 0.2330
vn -0.0143 0.0773 0.9969
vn -0.0425 0.2300 0.9723
vn -0.0696 0.3769 0.9236
vn -0.0950 0.5145 0.8522
vn -0.1181 0.6393 0.7598
vn -0.1382 0.7483 0.6487
vn -0.1382 0.7483 0.6488
vn -0.1549 0.8389 0.5218
vn -0.1678 0.9088 0.3821
vn -0.1766 0.9563 0.2330
vn -0.1766 0.9563 0.2331
vn 0.0140 0.0773 0.9969
vn 0.0418 0.2301 0.9723
vn 0.0684 0.3771 0.9236
vn 0.0934 0.5148 0.8522
vn 0.1161 0.6397 0.7598
vn 0.1359 0.7488 0.6488
vn 0.1523 0.8394 0.5218
vn 0.1650 0.9093 0.3821
vn 0.1736 0.9568 0.2331
vn 0.1736 0.9568 0.2330
vn 0.0483 0.0620 0.9969
vn 0.1438 0.1844 0.9723
vn 0.2357 0.3022 0.9236
vn 0.3217 0.4126 0.8522
vn 0.3998 0.5127 0.7598
vn 0.4680 0.6001 0.6488
vn 0.5246 0.6727 0.5218
vn 0.5683 0.7287 0.3821
vn 0.5980 0.7668 0.2331
vn 0.5980 0.7668 0.2330
vn 0.0672 0.0408 0.9969
vn 0.1998 0.1215 0.9723
vn 0.3275 0.1991 0.9236
vn 0.4470 0.2718 0.8522
vn 0.5555 0.3378 0.7598
vn 0.6502 0.3954 0.6488
vn 0.7289 0.4432 0.5218
vn 0.7896 0.4801 0.3821
vn 0.8309 0.5053 0.2330
vn 0.8309 0.5052 0.2330
vn 0.5519 -0.1392 0.8222
vn 0.6630 -0.2041 0.7203
vn 0.6214 -0.1913 0.7598
vn 0.7273 -0.2239 0.6488
vn 0.8153 -0.2510 0.5218
vn 0.8832 -0.2719 0.3821
vn 0.9294 -0.2861 0.2331
vn 0.9294 -0.2861 0.2330
vn 0.0621 -0.0482 0.9969
vn 0.1846 -0.1435 0.9723
vn 0.3026 -0.2352 0.9236
vn 0.4131 -0.3211 0.8522
vn 0.5133 -0.3990 0.7598
vn 0.6008 -0.4670 0.6488
vn 0.6735 -0.5236 0.5218
vn 0.6735 -0.5235 0.5218
vn 0.7296 -0.5672 0.3821
vn 0.7678 -0.5968 0.2330
vn -0.9951 0.0601 0.0783
vn -0.9845 0.0595 0.1648
vn -0.9806 0.1795 0.0783
vn -0.9645 0.2018 0.1707
vn -0.9863 0.1449 0.0784
vn -0.9358 0.3438 0.0785
vn -0.9491 0.2954 0.1095
vn -0.9285 0.2890 0.2330
vn -0.8824 0.2747 0.3821
vn -0.8145 0.2535 0.5218
vn -0.7266 0.2262 0.6488
vn -0.6208 0.1932 0.7598
vn -0.6207 0.1932 0.7598
vn -0.4995 0.1555 0.8522
vn -0.3660 0.1139 0.9236
vn -0.2233 0.0695 0.9723
vn -0.0750 0.0234 0.9969
vn -0.0717 0.0322 0.9969
vn -0.2133 0.0959 0.9723
vn -0.3496 0.1572 0.9236
vn -0.4772 0.2145 0.8522
vn -0.5930 0.2666 0.7598
vn -0.6941 0.3120 0.6488
vn -0.7781 0.3498 0.5218
vn -0.8429 0.3789 0.3821
vn -0.8870 0.3987 0.2330
vn -0.9093 0.4088 0.0783
vn -0.8534 0.5153 0.0783
vn -0.8405 0.5249 0.1341
vn -0.8759 0.4761 0.0784
vn -0.7598 0.6454 0.0785
vn -0.7811 0.6111 0.1281
vn -0.7659 0.5992 0.2330
vn -0.7278 0.5694 0.3821
vn -0.6719 0.5257 0.5218
vn -0.5993 0.4689 0.6488
vn -0.5994 0.4689 0.6488
vn -0.5120 0.4006 0.7598
vn -0.4121 0.3224 0.8522
vn -0.3019 0.2362 0.9236
vn -0.1842 0.1441 0.9723
vn -0.0619 0.0484 0.9969
vn -0.0556 0.0555 0.9969
vn -0.1655 0.1652 0.9723
vn -0.2712 0.2708 0.9236
vn -0.3702 0.3697 0.8522
vn -0.4601 0.4594 0.7598
vn -0.4601 0.4593 0.7598
vn -0.5385 0.5377 0.6488
vn -0.6037 0.6027 0.5218
vn -0.6540 0.6529 0.3821
vn -0.6882 0.6871 0.2330
vn -0.7055 0.7044 0.0783
vn -0.6116 0.7873 0.0783
vn -0.6146 0.7830 0.0955
vn -0.6004 0.7650 0.2331
vn -0.6004 0.7650 0.2330
vn -0.5706 0.7270 0.3821
vn -0.5706 0.7269 0.3821
vn -0.5267 0.6710 0.5218
vn -0.5267 0.6711 0.5218
vn -0.4699 0.5986 0.6488
vn -0.4014 0.5114 0.7598
vn -0.3230 0.4116 0.8522
vn -0.3230 0.4115 0.8522
vn -0.2366 0.3015 0.9236
vn -0.2367 0.3015 0.9236
vn -0.1444 0.1839 0.9723
vn -0.1444 0.1840 0.9723
vn -0.0485 0.0618 0.9969
vn -0.4906 0.8678 0.0784
vn -0.5135 0.8475 0.1342
vn -0.5039 0.8317 0.2331
vn -0.5040 0.8317 0.2331
vn -0.4789 0.7904 0.3821
vn -0.4421 0.7296 0.5218
vn -0.3944 0.6508 0.6488
vn -0.3369 0.5560 0.7598
vn -0.2711 0.4475 0.8522
vn -0.1986 0.3278 0.9236
vn -0.1212 0.2000 0.9723
vn -0.0407 0.0672 0.9969
vn -0.3593 0.9299 0.0784
vn -0.4096 0.9073 0.0955
vn -0.4001 0.8863 0.2331
vn -0.3802 0.8423 0.3821
vn -0.3510 0.7775 0.5218
vn -0.3131 0.6936 0.6488
vn -0.2675 0.5926 0.7598
vn -0.2675 0.5925 0.7598
vn -0.2153 0.4769 0.8522
vn -0.2153 0.4768 0.8522
vn -0.1577 0.3493 0.9236
vn -0.0962 0.2131 0.9723
vn -0.0323 0.0716 0.9969
vn -0.0235 0.0750 0.9969
vn -0.0699 0.2232 0.9723
vn -0.1145 0.3658 0.9236
vn -0.1563 0.4993 0.8522
vn -0.1942 0.6205 0.7598
vn -0.1942 0.6204 0.7598
vn -0.2273 0.7262 0.6488
vn -0.2273 0.7263 0.6487
vn -0.2548 0.8141 0.5218
vn -0.2760 0.8819 0.3821
vn -0.2905 0.9281 0.2331
vn -0.2905 0.9281 0.2330
vn -0.2978 0.9514 0.0783
vn -0.1811 0.9803 0.0783
vn -0.1599 0.9753 0.1525
vn -0.2204 0.9723 0.0784
vn -0.0166 0.9968 0.0785
vn -0.0614 0.9908 0.1203
vn -0.0602 0.9706 0.2331
vn -0.0572 0.9224 0.3821
vn -0.0528 0.8514 0.5218
vn -0.0471 0.7595 0.6488
vn -0.0402 0.6489 0.7598
vn -0.0324 0.5222 0.8522
vn -0.0237 0.3825 0.9236
vn -0.0145 0.2334 0.9723
vn -0.0049 0.0784 0.9969
vn -0.0049 0.0785 0.9969
vn 0.0046 0.0785 0.9969
vn 0.0137 0.2334 0.9723
vn 0.0225 0.3826 0.9236
vn 0.0307 0.5223 0.8522
vn 0.0382 0.6490 0.7598
vn 0.0447 0.7597 0.6488
vn 0.0501 0.8516 0.5218
vn 0.0543 0.9225 0.3821
vn 0.0571 0.9708 0.2331
vn 0.0586 0.9952 0.0783
vn 0.1780 0.9809 0.0783
vn 0.1871 0.9755 0.1157
vn 0.1284 0.9886 0.0785
vn 0.3281 0.9414 0.0784
vn 0.2931 0.9468 0.1327
vn 0.2876 0.9290 0.2331
vn 0.2876 0.9290 0.2330
vn 0.2733 0.8828 0.3821
vn 0.2523 0.8149 0.5218
vn 0.2250 0.7270 0.6488
vn 0.2250 0.7269 0.6488
vn 0.1923 0.6211 0.7598
vn 0.1547 0.4998 0.8522
vn 0.1133 0.3661 0.9236
vn 0.0692 0.2234 0.9723
vn 0.0691 0.2234 0.9723
vn 0.0232 0.0751 0.9969
vn 0.0321 0.0717 0.9969
vn 0.0956 0.2134 0.9723
vn 0.1566 0.3498 0.9236
vn 0.2138 0.4775 0.8522
vn 0.2656 0.5934 0.7598
vn 0.3109 0.6946 0.6488
vn 0.3486 0.7786 0.5218
vn 0.3776 0.8435 0.3821
vn 0.3973 0.8876 0.2331
vn 0.3974 0.8876 0.2330
vn 0.4074 0.9099 0.0783
vn 0.4073 0.9099 0.0783
vn 0.0405 0.0673 0.9969
vn 0.1206 0.2004 0.9723
vn 0.1976 0.3284 0.9236
vn 0.2697 0.4483 0.8522
vn 0.3352 0.5571 0.7598
vn 0.3923 0.6521 0.6488
vn 0.4398 0.7310 0.5218
vn 0.4764 0.7919 0.3821
vn 0.5013 0.8333 0.2330
vn 0.5013 0.8333 0.2331
vn 0.5140 0.8542 0.0783
vn 0.5139 0.8542 0.0783
vn 0.6131 0.7861 0.0783
vn 0.6253 0.7615 0.1707
vn 0.5850 0.8072 0.0784
vn 0.7379 0.6704 0.0785
vn 0.7012 0.7045 0.1095
vn 0.6860 0.6892 0.2331
vn 0.6860 0.6892 0.2330
vn 0.6519 0.6550 0.3821
vn 0.6018 0.6046 0.5218
vn 0.5368 0.5394 0.6488
vn 0.4586 0.4608 0.7598
vn 0.3691 0.3708 0.8522
vn 0.2704 0.2717 0.9236
vn 0.1650 0.1657 0.9723
vn 0.0554 0.0557 0.9969
vn 0.0618 0.0486 0.9969
vn 0.1837 0.1447 0.9723
vn 0.3011 0.2371 0.9236
vn 0.4110 0.3237 0.8522
vn 0.4111 0.3237 0.8522
vn 0.5108 0.4022 0.7598
vn 0.5979 0.4708 0.6488
vn 0.6702 0.5278 0.5218
vn 0.7260 0.5717 0.3821
vn 0.7261 0.5717 0.3821
vn 0.7640 0.6016 0.2331
vn 0.7640 0.6016 0.2330
vn 0.7833 0.6168 0.0783
vn 0.7832 0.6168 0.0783
vn 0.8518 0.5180 0.0783
vn 0.8544 0.5020 0.1342
vn 0.8275 0.5559 0.0785
vn 0.9238 0.3748 0.0784
vn 0.9033 0.4095 0.1281
vn 0.8857 0.4015 0.2330
vn 0.8417 0.3816 0.3821
vn 0.7770 0.3522 0.5218
vn 0.6931 0.3142 0.6488
vn 0.5921 0.2684 0.7598
vn 0.4765 0.2160 0.8522
vn 0.3491 0.1582 0.9236
vn 0.2130 0.0966 0.9723
vn 0.0716 0.0325 0.9969
vn 0.0750 0.0236 0.9969
vn 0.2231 0.0702 0.9723
vn 0.3656 0.1151 0.9236
vn 0.4991 0.1571 0.8522
vn 0.6202 0.1952 0.7598
vn 0.6201 0.1952 0.7598
vn 0.7259 0.2285 0.6488
vn 0.8137 0.2561 0.5218
vn 0.8815 0.2774 0.3821
vn 0.9276 0.2919 0.2330
vn 0.9276 0.2919 0.2331
vn 0.9509 0.2993 0.0783
vn 0.9810 0.1777 0.0783
vn 0.9786 0.1823 0.0955
vn 0.9560 0.1781 0.2330
vn 0.9085 0.1693 0.3821
vn 0.8386 0.1562 0.5218
vn 0.7481 0.1394 0.6488
vn 0.6391 0.1191 0.7598
vn 0.5143 0.0958 0.8522
vn 0.3768 0.0702 0.9236
vn 0.2299 0.0428 0.9723
vn 0.0773 0.0144 0.9969
vn 0.9964 0.0332 0.0784
vn 0.9890 0.0629 0.1342
vn 0.9705 0.0617 0.2331
vn 0.9705 0.0617 0.2330
vn 0.9223 0.0586 0.3821
vn 0.8513 0.0541 0.5218
vn 0.7595 0.0483 0.6488
vn 0.6488 0.0412 0.7598
vn 0.5221 0.0332 0.8522
vn 0.3825 0.0243 0.9236
vn 0.2334 0.0148 0.9723
vn 0.0784 0.0050 0.9969
vn 0.9906 -0.1120 0.0785
vn 0.9938 -0.0569 0.0955
vn 0.9709 -0.0556 0.2330
vn 0.9226 -0.0529 0.3821
vn 0.8517 -0.0488 0.5218
vn 0.7598 -0.0435 0.6488
vn 0.7597 -0.0435 0.6488
vn 0.6491 -0.0372 0.7598
vn 0.5223 -0.0299 0.8522
vn 0.3827 -0.0219 0.9236
vn 0.3826 -0.0219 0.9236
vn 0.2335 -0.0134 0.9723
vn 0.0785 -0.0045 0.9969
vn 0.0774 -0.0139 0.9969
vn 0.2302 -0.0414 0.9723
vn 0.3772 -0.0678 0.9236
vn 0.5149 -0.0926 0.8522
vn 0.6399 -0.1151 0.7598
vn 0.7490 -0.1347 0.6488
vn 0.8396 -0.1510 0.5218
vn 0.9095 -0.1636 0.3821
vn 0.9571 -0.1721 0.2331
vn 0.9571 -0.1721 0.2330
vn 0.9812 -0.1765 0.0783
vn 0.9528 -0.2933 0.0783
vn 0.9385 -0.3097 0.1525
vn 0.9638 -0.2548 0.0784
vn 0.8912 -0.4467 0.0785
vn 0.9067 -0.4042 0.1204
vn 0.8882 -0.3960 0.2330
vn 0.8441 -0.3763 0.3821
vn 0.7791 -0.3473 0.5218
vn 0.6951 -0.3099 0.6488
vn 0.5938 -0.2647 0.7598
vn 0.4779 -0.2130 0.8522
vn 0.3501 -0.1561 0.9236
vn 0.2136 -0.0952 0.9723
vn 0.0718 -0.0320 0.9969
vn 0.0674 -0.0404 0.9969
vn 0.2006 -0.1202 0.9723
vn 0.3287 -0.1971 0.9236
vn 0.4487 -0.2690 0.8522
vn 0.5576 -0.3343 0.7598
vn 0.6527 -0.3913 0.6488
vn 0.7316 -0.4386 0.5218
vn 0.7317 -0.4386 0.5218
vn 0.7926 -0.4752 0.3821
vn 0.8341 -0.5000 0.2330
vn 0.8550 -0.5126 0.0783
vn 0.7871 -0.6118 0.0783
vn 0.7780 -0.6175 0.1156
vn 0.8169 -0.5715 0.0785
vn 0.6825 -0.7266 0.0784
vn 0.7036 -0.6981 0.1327
vn 0.6903 -0.6849 0.2330
vn 0.6560 -0.6509 0.3821
vn 0.6056 -0.6008 0.5218
vn 0.5402 -0.5360 0.6488
vn 0.4615 -0.4579 0.7598
vn 0.3714 -0.3685 0.8522
vn 0.2721 -0.2700 0.9236
vn 0.1660 -0.1647 0.9723
vn 0.0558 -0.0554 0.9969
vn 0.0487 -0.0617 0.9969
vn 0.1450 -0.1835 0.9723
vn 0.2376 -0.3008 0.9236
vn 0.3243 -0.4105 0.8522
vn 0.4030 -0.5102 0.7598
vn 0.4030 -0.5101 0.7598
vn 0.4717 -0.5971 0.6488
vn 0.5288 -0.6694 0.5218
vn 0.5728 -0.7252 0.3821
vn 0.5729 -0.7252 0.3821
vn 0.6028 -0.7631 0.2331
vn 0.6028 -0.7631 0.2330
vn 0.6180 -0.7823 0.0783
vn 0.9937 -0.0799 0.0782
vn 0.9213 -0.0741 0.3816
vn 0.9153 -0.0612 0.3980
vn 0.9428 -0.0758 0.3246
vn 0.9694 -0.0779 0.2327
vn 0.9678 -0.0714 0.2413
vn 0.9832 -0.0790 0.1645
vn 0.7603 -0.0490 0.6477
vn 0.7864 -0.0632 0.6144
vn 0.8506 -0.0684 0.5213
vn 0.8376 -0.0495 0.5440
vn 0.8766 -0.0705 0.4760
vn 0.6500 -0.0410 0.7589
vn 0.6746 -0.0542 0.7362
vn 0.7360 -0.0592 0.6744
vn 0.5233 -0.0327 0.8515
vn 0.5441 -0.0437 0.8379
vn 0.6149 -0.0494 0.7870
vn 0.3835 -0.0241 0.9232
vn 0.3985 -0.0320 0.9166
vn 0.4768 -0.0383 0.8782
vn 0.2340 -0.0153 0.9721
vn 0.2419 -0.0194 0.9701
vn 0.3255 -0.0262 0.9452
vn 0.0785 -0.0063 0.9969
vn 0.1651 -0.0133 0.9862
vn 0.9682 -0.2376 0.0782
vn 0.9445 -0.2318 0.2327
vn 0.8977 -0.2203 0.3816
vn 0.8288 -0.2034 0.5213
vn 0.7395 -0.1815 0.6482
vn 0.6319 -0.1551 0.7594
vn 0.5086 -0.1248 0.8519
vn 0.3727 -0.0914 0.9234
vn 0.3727 -0.0915 0.9234
vn 0.2274 -0.0558 0.9722
vn 0.0764 -0.0188 0.9969
vn 0.9178 -0.3892 0.0782
vn 0.8954 -0.3797 0.2327
vn 0.8510 -0.3608 0.3816
vn 0.7857 -0.3332 0.5213
vn 0.7010 -0.2973 0.6482
vn 0.5990 -0.2540 0.7594
vn 0.4822 -0.2045 0.8519
vn 0.3533 -0.1498 0.9234
vn 0.2156 -0.0914 0.9722
vn 0.0725 -0.0307 0.9969
vn 0.8439 -0.5308 0.0782
vn 0.8232 -0.5178 0.2327
vn 0.7824 -0.4922 0.3816
vn 0.7824 -0.4921 0.3816
vn 0.7224 -0.4544 0.5213
vn 0.6445 -0.4054 0.6482
vn 0.5508 -0.3464 0.7594
vn 0.5507 -0.3464 0.7594
vn 0.4433 -0.2788 0.8519
vn 0.4433 -0.2789 0.8519
vn 0.3248 -0.2043 0.9234
vn 0.1982 -0.1247 0.9722
vn 0.0666 -0.0419 0.9969
vn 0.7482 -0.6588 0.0782
vn 0.7299 -0.6427 0.2327
vn 0.6938 -0.6108 0.3816
vn 0.6937 -0.6108 0.3816
vn 0.6405 -0.5639 0.5213
vn 0.5715 -0.5032 0.6482
vn 0.4884 -0.4300 0.7594
vn 0.3931 -0.3461 0.8519
vn 0.2880 -0.2536 0.9234
vn 0.1757 -0.1547 0.9722
vn 0.0591 -0.0520 0.9969
vn 0.6334 -0.7699 0.0782
vn 0.6179 -0.7510 0.2327
vn 0.5873 -0.7138 0.3816
vn 0.5422 -0.6590 0.5213
vn 0.4838 -0.5880 0.6482
vn 0.4134 -0.5025 0.7594
vn 0.3327 -0.4044 0.8519
vn 0.2438 -0.2963 0.9234
vn 0.1488 -0.1808 0.9722
vn 0.0500 -0.0608 0.9969
vn 0.3542 -0.8635 0.3591
vn 0.2495 -0.8824 0.3989
vn 0.2895 -0.8766 0.3844
vn 0.2322 -0.8766 0.4215
vn 0.2554 -0.8767 0.4075
vn 0.2557 -0.8775 0.4058
vn 0.2558 -0.8816 0.3965
vn 0.9962 -0.0007 0.0872
vn 0.9863 -0.0000 0.1651
vn 0.9659 -0.0012 0.2588
vn 0.9063 -0.0015 0.4226
vn 0.8192 -0.0017 0.5736
vn 0.7071 -0.0018 0.7071
vn 0.5736 -0.0017 0.8192
vn 0.4226 -0.0015 0.9063
vn 0.2588 -0.0012 0.9659
vn 0.0872 -0.0007 0.9962
vn 0.1651 -0.0000 0.9863
vn 0.2190 -0.8912 0.3973
vn 0.4139 -0.8551 0.3122
vn 0.3934 -0.8447 0.3629
vn 0.5049 -0.8229 0.2606
vn 0.4695 -0.8307 0.2992
vn 0.4269 -0.8419 0.3301
vn 0.4272 -0.8419 0.3297
vn 0.3910 -0.8433 0.3687
vn 0.3610 -0.8553 0.3717
vn 0.3431 -0.8969 0.2791
vn 0.3095 -0.8585 0.4088
vn 0.3105 -0.8573 0.4107
vn 0.3210 -0.8619 0.3924
vn 0.3337 -0.8489 0.4100
vn 0.3441 -0.8521 0.3945
vn 0.3075 -0.8471 0.4335
vn 0.2649 -0.8451 0.4644
vn 0.2158 -0.8462 0.4873
vn 0.2169 -0.8707 0.4414
vn 0.2266 -0.8598 0.4577
vn 0.2215 -0.8576 0.4642
vn 0.2344 -0.8443 0.4820
vn 0.1778 -0.8335 0.5231
vn 0.1462 -0.3617 0.9208
vn 0.1463 -0.4097 0.9004
vn 0.1505 -0.4137 0.8979
vn 0.3092 -0.3940 0.8655
vn 0.3128 -0.3973 0.8627
vn 0.4634 -0.3672 0.8065
vn 0.4663 -0.3700 0.8036
vn 0.6047 -0.3301 0.7249
vn 0.6069 -0.3323 0.7220
vn 0.7290 -0.2837 0.6229
vn 0.7306 -0.2855 0.6203
vn 0.8330 -0.2293 0.5036
vn 0.8339 -0.2307 0.5014
vn 0.9136 -0.1685 0.3702
vn 0.9141 -0.1695 0.3684
vn 0.9686 -0.1029 0.2263
vn 0.9688 -0.1036 0.2253
vn 0.9965 -0.0345 0.0762
vn 0.9965 -0.0347 0.0758
vn 0.1353 -0.3264 0.9355
vn 0.1383 -0.3657 0.9204
vn 0.2997 -0.3481 0.8882
vn 0.3090 -0.3509 0.8840
vn 0.4557 -0.3249 0.8287
vn 0.4632 -0.3269 0.8238
vn 0.5987 -0.2924 0.7457
vn 0.6044 -0.2938 0.7405
vn 0.7248 -0.2515 0.6414
vn 0.7288 -0.2524 0.6365
vn 0.8303 -0.2034 0.5189
vn 0.8328 -0.2041 0.5146
vn 0.9121 -0.1495 0.3816
vn 0.9135 -0.1500 0.3783
vn 0.9681 -0.0914 0.2334
vn 0.9686 -0.0916 0.2313
vn 0.9964 -0.0306 0.0786
vn 0.9965 -0.0307 0.0779
vn 0.1313 -0.3124 0.9408
vn 0.1354 -0.3169 0.9388
vn 0.2965 -0.3011 0.9063
vn 0.2999 -0.3049 0.9039
vn 0.4532 -0.2812 0.8459
vn 0.4559 -0.2844 0.8434
vn 0.5969 -0.2531 0.7614
vn 0.5990 -0.2558 0.7588
vn 0.7235 -0.2178 0.6550
vn 0.7250 -0.2199 0.6527
vn 0.8295 -0.1762 0.5300
vn 0.8304 -0.1779 0.5280
vn 0.9117 -0.1295 0.3898
vn 0.9122 -0.1308 0.3882
vn 0.9679 -0.0791 0.2385
vn 0.9681 -0.0799 0.2375
vn 0.9964 -0.0265 0.0803
vn 0.9964 -0.0268 0.0800
vn 0.1202 -0.2630 0.9573
vn 0.1313 -0.2672 0.9547
vn 0.2869 -0.2539 0.9237
vn 0.2963 -0.2572 0.9198
vn 0.4453 -0.2374 0.8633
vn 0.4529 -0.2400 0.8586
vn 0.5908 -0.2140 0.7779
vn 0.5967 -0.2160 0.7729
vn 0.7192 -0.1843 0.6699
vn 0.7233 -0.1858 0.6650
vn 0.8268 -0.1492 0.5424
vn 0.8293 -0.1503 0.5381
vn 0.9103 -0.1097 0.3991
vn 0.9117 -0.1105 0.3958
vn 0.9674 -0.0671 0.2442
vn 0.9679 -0.0675 0.2422
vn 0.9964 -0.0224 0.0822
vn 0.9964 -0.0226 0.0815
vn 0.1092 -0.1887 0.9759
vn 0.1202 -0.1932 0.9738
vn 0.2775 -0.1826 0.9432
vn 0.2869 -0.1862 0.9397
vn 0.4377 -0.1710 0.8827
vn 0.4453 -0.1740 0.8783
vn 0.5850 -0.1543 0.7962
vn 0.5908 -0.1567 0.7914
vn 0.7151 -0.1330 0.6862
vn 0.7192 -0.1349 0.6816
vn 0.8242 -0.1077 0.5560
vn 0.8268 -0.1092 0.5518
vn 0.9089 -0.0792 0.4093
vn 0.9103 -0.0803 0.4061
vn 0.9669 -0.0484 0.2506
vn 0.9674 -0.0491 0.2485
vn 0.9963 -0.0162 0.0844
vn 0.9964 -0.0164 0.0837
vn 0.0981 -0.1131 0.9887
vn 0.1091 -0.1177 0.9870
vn 0.2681 -0.1097 0.9571
vn 0.2775 -0.1136 0.9540
vn 0.4300 -0.1029 0.8969
vn 0.4377 -0.1062 0.8928
vn 0.5792 -0.0930 0.8099
vn 0.5850 -0.0957 0.8054
vn 0.7110 -0.0802 0.6986
vn 0.7151 -0.0825 0.6941
vn 0.8216 -0.0650 0.5664
vn 0.8242 -0.0668 0.5624
vn 0.9076 -0.0478 0.4172
vn 0.9089 -0.0491 0.4140
vn 0.9664 -0.0292 0.2554
vn 0.9669 -0.0300 0.2534
vn 0.9962 -0.0097 0.0860
vn 0.9963 -0.0100 0.0853
vn 0.0871 -0.0363 0.9955
vn 0.0981 -0.0410 0.9943
vn 0.2587 -0.0353 0.9653
vn 0.2681 -0.0395 0.9626
vn 0.4224 -0.0333 0.9058
vn 0.4300 -0.0369 0.9021
vn 0.5733 -0.0301 0.8188
vn 0.5792 -0.0332 0.8145
vn 0.7069 -0.0260 0.7069
vn 0.7110 -0.0286 0.7026
vn 0.8190 -0.0211 0.5734
vn 0.8216 -0.0232 0.5696
vn 0.9062 -0.0155 0.4226
vn 0.9076 -0.0170 0.4196
vn 0.9659 -0.0094 0.2588
vn 0.9664 -0.0104 0.2569
vn 0.9962 -0.0030 0.0872
vn 0.9962 -0.0034 0.0865
vn 0.1505 -0.4362 0.8871
vn 0.4662 -0.4010 0.7886
vn 0.6067 -0.3663 0.7055
vn 0.7302 -0.3215 0.6028
vn 0.8335 -0.2680 0.4832
vn 0.9135 -0.2075 0.3500
vn 0.9680 -0.1417 0.2069
vn 0.3127 -0.4246 0.8497
vn 0.1531 -0.4390 0.8854
vn 0.1510 -0.4795 0.8645
vn 0.1778 -0.4653 0.8671
vn 0.9481 -0.2986 0.1092
vn 0.9601 -0.2382 0.1468
vn 0.9667 -0.2471 0.0661
vn 0.9824 -0.1346 0.1299
vn 0.9877 -0.1468 0.0531
vn 0.9935 -0.0505 0.1020
vn 0.9957 -0.0726 0.0578
vn 0.9272 -0.3506 0.1316
vn 0.9198 -0.3641 0.1462
vn 0.9026 -0.4164 0.1096
vn 0.1575 -0.4921 0.8562
vn 0.1527 -0.5252 0.8372
vn 0.1639 -0.5311 0.8313
vn 0.1541 -0.5729 0.8050
vn 0.1680 -0.5801 0.7970
vn 0.1594 -0.6068 0.7787
vn 0.1658 -0.6141 0.7716
vn 0.1633 -0.6208 0.7667
vn 0.1640 -0.6491 0.7428
vn 0.8560 -0.4907 0.1627
vn 0.8895 -0.4367 0.1347
vn 0.9016 -0.4020 0.1597
vn 0.8450 -0.5033 0.1805
vn 0.8119 -0.5702 0.1252
vn 0.7890 -0.5727 0.2227
vn 0.7427 -0.6524 0.1507
vn 0.6113 -0.7417 0.2759
vn 0.6785 -0.7073 0.1987
vn 0.7131 -0.6551 0.2496
vn 0.1774 -0.6462 0.7422
vn 0.1577 -0.6878 0.7086
vn 0.1804 -0.6968 0.6943
vn 0.1607 -0.7305 0.6638
vn 0.1857 -0.7392 0.6473
vn 0.1646 -0.7696 0.6170
vn 0.1915 -0.7776 0.5988
vn 0.1696 -0.8048 0.5688
vn 0.1983 -0.8119 0.5491
vn 0.3114 -0.4232 0.8508
vn 0.3089 -0.4713 0.8261
vn 0.3085 -0.4711 0.8263
vn 0.3003 -0.5295 0.7934
vn 0.3025 -0.5306 0.7918
vn 0.2903 -0.5830 0.7588
vn 0.2948 -0.5851 0.7555
vn 0.2837 -0.6196 0.7318
vn 0.2861 -0.6223 0.7286
vn 0.2732 -0.6565 0.7031
vn 0.2815 -0.6597 0.6968
vn 0.2608 -0.7035 0.6612
vn 0.2710 -0.7071 0.6531
vn 0.2488 -0.7452 0.6187
vn 0.2608 -0.7490 0.6091
vn 0.2378 -0.7821 0.5760
vn 0.2511 -0.7858 0.5653
vn 0.2276 -0.8147 0.5333
vn 0.2428 -0.8182 0.5212
vn 0.4614 -0.3962 0.7938
vn 0.4583 -0.4549 0.7635
vn 0.4505 -0.4516 0.7702
vn 0.4407 -0.5214 0.7307
vn 0.4349 -0.5189 0.7359
vn 0.4203 -0.5813 0.6967
vn 0.4162 -0.5795 0.7006
vn 0.4029 -0.6215 0.6719
vn 0.4017 -0.6202 0.6738
vn 0.3863 -0.6610 0.6433
vn 0.3840 -0.6602 0.6455
vn 0.3602 -0.7103 0.6047
vn 0.3592 -0.7100 0.6057
vn 0.3342 -0.7529 0.5669
vn 0.3343 -0.7529 0.5669
vn 0.3089 -0.7895 0.5303
vn 0.3099 -0.7897 0.5294
vn 0.2844 -0.8212 0.4947
vn 0.2869 -0.8217 0.4924
vn 0.5992 -0.3586 0.7158
vn 0.5955 -0.4266 0.6807
vn 0.5817 -0.4211 0.6959
vn 0.5705 -0.5012 0.6507
vn 0.5582 -0.4963 0.6650
vn 0.5416 -0.5677 0.6201
vn 0.5304 -0.5633 0.6335
vn 0.5149 -0.6124 0.6000
vn 0.5108 -0.6078 0.6080
vn 0.4928 -0.6550 0.5728
vn 0.4815 -0.6517 0.5861
vn 0.4546 -0.7083 0.5401
vn 0.4440 -0.7054 0.5525
vn 0.4159 -0.7535 0.5092
vn 0.4056 -0.7510 0.5210
vn 0.3774 -0.7916 0.4805
vn 0.3673 -0.7895 0.4916
vn 0.3394 -0.8242 0.4534
vn 0.3307 -0.8226 0.4626
vn 0.7211 -0.3112 0.6190
vn 0.7168 -0.3873 0.5798
vn 0.6992 -0.3803 0.6054
vn 0.6867 -0.4694 0.5551
vn 0.6699 -0.4629 0.5804
vn 0.6514 -0.5426 0.5303
vn 0.6352 -0.5368 0.5554
vn 0.6177 -0.5924 0.5172
vn 0.6115 -0.5852 0.5325
vn 0.5911 -0.6387 0.4925
vn 0.5728 -0.6342 0.5193
vn 0.5428 -0.6973 0.4680
vn 0.5245 -0.6933 0.4942
vn 0.4932 -0.7470 0.4459
vn 0.4743 -0.7433 0.4718
vn 0.4430 -0.7885 0.4267
vn 0.4235 -0.7851 0.4519
vn 0.3924 -0.8236 0.4094
vn 0.3739 -0.8207 0.4321
vn 0.8239 -0.2553 0.5059
vn 0.8191 -0.3381 0.4634
vn 0.8001 -0.3302 0.5008
vn 0.7866 -0.4268 0.4462
vn 0.7678 -0.4196 0.4842
vn 0.7476 -0.5066 0.4294
vn 0.7287 -0.5002 0.4677
vn 0.7093 -0.5622 0.4252
vn 0.7024 -0.5528 0.4483
vn 0.6796 -0.6124 0.4040
vn 0.6568 -0.6080 0.4461
vn 0.6238 -0.6777 0.3894
vn 0.5999 -0.6738 0.4314
vn 0.5652 -0.7334 0.3777
vn 0.5398 -0.7298 0.4196
vn 0.5049 -0.7801 0.3694
vn 0.4779 -0.7766 0.4105
vn 0.4432 -0.8196 0.3631
vn 0.4163 -0.8162 0.4007
vn 0.9049 -0.1922 0.3798
vn 0.8997 -0.2805 0.3346
vn 0.8821 -0.2716 0.3848
vn 0.8678 -0.3746 0.3265
vn 0.8498 -0.3670 0.3783
vn 0.8282 -0.4606 0.3193
vn 0.8094 -0.4543 0.3721
vn 0.7883 -0.5222 0.3254
vn 0.7818 -0.5111 0.3571
vn 0.7566 -0.5765 0.3085
vn 0.7323 -0.5732 0.3676
vn 0.6962 -0.6497 0.3054
vn 0.6696 -0.6470 0.3648
vn 0.6313 -0.7129 0.3053
vn 0.6017 -0.7105 0.3649
vn 0.5629 -0.7666 0.3089
vn 0.5305 -0.7638 0.3676
vn 0.4916 -0.8121 0.3145
vn 0.4579 -0.8089 0.3688
vn 0.9619 -0.1234 0.2439
vn 0.9564 -0.2161 0.1966
vn 0.9433 -0.2060 0.2601
vn 0.9283 -0.3142 0.1989
vn 0.9144 -0.3062 0.2650
vn 0.8914 -0.4057 0.2023
vn 0.8759 -0.3997 0.2704
vn 0.8531 -0.4733 0.2196
vn 0.8486 -0.4606 0.2604
vn 0.8210 -0.5318 0.2075
vn 0.7985 -0.5304 0.2847
vn 0.7592 -0.6137 0.2169
vn 0.7328 -0.6132 0.2949
vn 0.6907 -0.6858 0.2294
vn 0.6596 -0.6855 0.3081
vn 0.6164 -0.7481 0.2458
vn 0.5808 -0.7470 0.3236
vn 0.5371 -0.8011 0.2640
vn 0.4986 -0.7990 0.3362
vn 0.5165 -0.8109 0.2751
vn 0.5190 -0.8072 0.2810
vn 0.5183 -0.7978 0.3081
vn 0.5141 -0.7987 0.3127
vn 0.5668 -0.7810 0.2620
vn 0.5904 -0.7682 0.2478
vn 0.6042 -0.7585 0.2443
vn 0.6130 -0.7473 0.2565
vn -0.2411 -0.0825 0.9670
vn -0.3974 -0.0826 0.9139
vn -0.5428 -0.0826 0.8358
vn -0.9423 -0.0827 0.3245
vn -0.9829 -0.0827 0.1645
vn -0.9670 -0.0825 -0.2411
vn -0.9139 -0.0826 -0.3974
vn -0.8358 -0.0826 -0.5428
vn -0.3244 -0.0827 -0.9423
vn -0.1645 -0.0827 -0.9829
vn 0.2411 -0.0825 -0.9670
vn 0.3974 -0.0826 -0.9139
vn 0.5428 -0.0826 -0.8358
vn 0.9423 -0.0827 -0.3245
vn 0.9829 -0.0827 -0.1645
vn 0.9670 -0.0825 0.2411
vn 0.9139 -0.0826 0.3974
vn 0.8358 -0.0826 0.5428
vn 0.3244 -0.0827 0.9423
vn 0.1645 -0.0827 0.9829
vn -0.0783 -0.8803 0.4679
vn -0.3983 -0.8800 0.2587
vn -0.4357 -0.8799 0.1895
vn -0.4612 -0.8798 0.1150
vn -0.4679 -0.8803 -0.0783
vn -0.2587 -0.8800 -0.3983
vn -0.1894 -0.8799 -0.4357
vn -0.1150 -0.8798 -0.4612
vn 0.0783 -0.8803 -0.4679
vn 0.3983 -0.8800 -0.2587
vn 0.4357 -0.8799 -0.1895
vn 0.4612 -0.8798 -0.1150
vn 0.4679 -0.8803 0.0783
vn 0.2587 -0.8800 0.3983
vn 0.1894 -0.8799 0.4357
vn 0.1150 -0.8798 0.4612
vn 0.3732 -0.8625 0.3419
vn 0.4178 -0.8671 0.2713
vn 0.4497 -0.8715 0.1955
vn 0.4685 -0.8757 0.1168
vn 0.3420 -0.8624 -0.3732
vn 0.2713 -0.8671 -0.4178
vn 0.1955 -0.8715 -0.4497
vn 0.1168 -0.8757 -0.4685
vn -0.3732 -0.8625 -0.3419
vn -0.4178 -0.8671 -0.2713
vn -0.4497 -0.8715 -0.1955
vn -0.4685 -0.8757 -0.1168
vn -0.3420 -0.8624 0.3732
vn -0.2713 -0.8671 0.4178
vn -0.1955 -0.8715 0.4497
vn -0.1168 -0.8757 0.4685
vn 0.2264 -0.8802 0.4171
vn 0.2559 -0.8718 0.4176
vn 0.3209 -0.7891 0.5237
vn 0.3845 -0.6770 0.6275
vn 0.4375 -0.5465 0.7140
vn 0.4376 -0.5465 0.7140
vn 0.4786 -0.4013 0.7810
vn 0.5066 -0.2452 0.8266
vn 0.5065 -0.2452 0.8266
vn 0.4170 -0.8802 -0.2264
vn 0.4177 -0.8718 -0.2559
vn 0.5237 -0.7891 -0.3209
vn 0.6275 -0.6770 -0.3845
vn 0.7140 -0.5465 -0.4375
vn 0.7140 -0.5466 -0.4376
vn 0.7810 -0.4013 -0.4786
vn 0.8266 -0.2452 -0.5065
vn 0.8266 -0.2452 -0.5066
vn -0.2264 -0.8802 -0.4171
vn -0.2559 -0.8718 -0.4176
vn -0.3209 -0.7891 -0.5237
vn -0.3845 -0.6770 -0.6275
vn -0.4375 -0.5465 -0.7140
vn -0.4376 -0.5465 -0.7140
vn -0.4786 -0.4013 -0.7810
vn -0.5066 -0.2452 -0.8266
vn -0.5065 -0.2452 -0.8266
vn -0.4170 -0.8802 0.2264
vn -0.4177 -0.8718 0.2559
vn -0.5237 -0.7891 0.3209
vn -0.6275 -0.6770 0.3845
vn -0.7140 -0.5465 0.4375
vn -0.7140 -0.5466 0.4376
vn -0.7810 -0.4013 0.4786
vn -0.8266 -0.2452 0.5065
vn -0.8266 -0.2452 0.5066
vn 0.0373 -0.8797 0.4741
vn 0.0482 -0.7891 0.6124
vn 0.0577 -0.6770 0.7337
vn 0.0657 -0.5465 0.8348
vn 0.0719 -0.4013 0.9131
vn 0.0761 -0.2452 0.9665
vn 0.0782 -0.0825 0.9935
vn 0.2411 -0.0825 0.9670
vn 0.2322 -0.1014 0.9674
vn 0.2263 -0.2452 0.9427
vn 0.2138 -0.4013 0.8907
vn 0.1955 -0.5465 0.8143
vn 0.1718 -0.6770 0.7156
vn 0.1434 -0.7891 0.5973
vn 0.1125 -0.8763 0.4685
vn 0.0783 -0.8803 0.4679
vn 0.3974 -0.0826 0.9139
vn 0.3801 -0.1156 0.9177
vn 0.3710 -0.2452 0.8957
vn 0.3505 -0.4013 0.8462
vn 0.3205 -0.5465 0.7737
vn 0.2816 -0.6770 0.6799
vn 0.2351 -0.7891 0.5675
vn 0.1862 -0.8736 0.4495
vn 0.1545 -0.8803 0.4486
vn 0.7348 -0.0826 0.6733
vn 0.6472 -0.0825 0.7578
vn 0.6296 -0.2452 0.7372
vn 0.5949 -0.4013 0.6965
vn 0.5439 -0.5465 0.6368
vn 0.4780 -0.6770 0.5596
vn 0.3989 -0.7891 0.4671
vn 0.3192 -0.8709 0.3737
vn 0.2922 -0.8802 0.3740
vn 0.6662 -0.1665 0.7270
vn 0.6136 -0.0827 0.7853
vn 0.5207 -0.0825 0.8497
vn 0.5388 -0.1458 0.8297
vn 0.4755 -0.0827 0.8758
vn 0.7853 -0.0827 0.6136
vn 0.7540 -0.1297 0.6440
vn 0.7372 -0.2452 0.6296
vn 0.6965 -0.4013 0.5949
vn 0.6368 -0.5466 0.5439
vn 0.6368 -0.5465 0.5439
vn 0.5596 -0.6770 0.4780
vn 0.4671 -0.7891 0.3989
vn 0.3616 -0.8797 0.3089
vn 0.3207 -0.8801 0.3501
vn 0.8758 -0.0827 0.4755
vn 0.8460 -0.1250 0.5184
vn 0.8266 -0.2452 0.5066
vn 0.8266 -0.2452 0.5065
vn 0.7810 -0.4013 0.4786
vn 0.7140 -0.5466 0.4376
vn 0.7140 -0.5465 0.4376
vn 0.6275 -0.6770 0.3845
vn 0.5237 -0.7891 0.3209
vn 0.4055 -0.8797 0.2485
vn 0.3740 -0.8802 0.2922
vn 0.9423 -0.0827 0.3245
vn 0.9177 -0.1156 0.3801
vn 0.8957 -0.2452 0.3710
vn 0.8463 -0.4012 0.3505
vn 0.8462 -0.4013 0.3505
vn 0.7737 -0.5465 0.3205
vn 0.6799 -0.6770 0.2816
vn 0.6800 -0.6770 0.2816
vn 0.5675 -0.7891 0.2351
vn 0.4394 -0.8797 0.1820
vn 0.4170 -0.8802 0.2264
vn 0.9829 -0.0827 0.1645
vn 0.9674 -0.1014 0.2322
vn 0.9427 -0.2452 0.2263
vn 0.8907 -0.4013 0.2138
vn 0.8143 -0.5466 0.1955
vn 0.8143 -0.5465 0.1955
vn 0.7156 -0.6770 0.1718
vn 0.5973 -0.7891 0.1434
vn 0.4624 -0.8797 0.1110
vn 0.4486 -0.8803 0.1545
vn 0.4741 -0.8797 0.0373
vn 0.6123 -0.7891 0.0482
vn 0.6124 -0.7891 0.0482
vn 0.7337 -0.6770 0.0577
vn 0.8349 -0.5465 0.0657
vn 0.8348 -0.5466 0.0657
vn 0.9131 -0.4012 0.0719
vn 0.9131 -0.4013 0.0719
vn 0.9665 -0.2452 0.0761
vn 0.9935 -0.0825 0.0782
vn 0.4741 -0.8797 -0.0373
vn 0.6123 -0.7891 -0.0482
vn 0.6124 -0.7891 -0.0482
vn 0.7337 -0.6770 -0.0577
vn 0.8349 -0.5465 -0.0657
vn 0.8348 -0.5466 -0.0657
vn 0.9131 -0.4013 -0.0719
vn 0.9131 -0.4012 -0.0719
vn 0.9665 -0.2452 -0.0761
vn 0.9935 -0.0825 -0.0782
vn 0.9670 -0.0825 -0.2411
vn 0.9674 -0.1014 -0.2322
vn 0.9427 -0.2452 -0.2263
vn 0.8907 -0.4013 -0.2138
vn 0.8143 -0.5466 -0.1955
vn 0.8143 -0.5465 -0.1955
vn 0.7156 -0.6770 -0.1718
vn 0.5973 -0.7891 -0.1434
vn 0.4685 -0.8763 -0.1125
vn 0.4679 -0.8803 -0.0783
vn 0.9139 -0.0826 -0.3974
vn 0.9177 -0.1156 -0.3801
vn 0.8957 -0.2452 -0.3710
vn 0.8462 -0.4013 -0.3505
vn 0.7737 -0.5466 -0.3205
vn 0.7737 -0.5465 -0.3205
vn 0.6799 -0.6770 -0.2816
vn 0.6800 -0.6770 -0.2816
vn 0.5675 -0.7891 -0.2351
vn 0.4496 -0.8736 -0.1862
vn 0.4486 -0.8803 -0.1545
vn 0.6733 -0.0826 -0.7348
vn 0.7578 -0.0825 -0.6472
vn 0.7372 -0.2452 -0.6296
vn 0.6965 -0.4013 -0.5949
vn 0.6368 -0.5466 -0.5439
vn 0.6368 -0.5465 -0.5439
vn 0.5596 -0.6770 -0.4780
vn 0.4671 -0.7891 -0.3989
vn 0.3737 -0.8709 -0.3192
vn 0.3740 -0.8802 -0.2922
vn 0.7270 -0.1665 -0.6662
vn 0.7853 -0.0827 -0.6136
vn 0.8497 -0.0825 -0.5207
vn 0.8297 -0.1458 -0.5388
vn 0.8758 -0.0827 -0.4755
vn 0.6136 -0.0827 -0.7853
vn 0.6440 -0.1297 -0.7540
vn 0.6296 -0.2452 -0.7372
vn 0.5949 -0.4013 -0.6965
vn 0.5439 -0.5465 -0.6368
vn 0.4780 -0.6770 -0.5596
vn 0.3989 -0.7891 -0.4671
vn 0.3089 -0.8797 -0.3616
vn 0.3500 -0.8801 -0.3208
vn 0.4755 -0.0827 -0.8758
vn 0.5184 -0.1250 -0.8460
vn 0.5065 -0.2452 -0.8266
vn 0.5066 -0.2452 -0.8266
vn 0.4786 -0.4013 -0.7810
vn 0.4375 -0.5465 -0.7140
vn 0.4376 -0.5465 -0.7140
vn 0.3845 -0.6770 -0.6275
vn 0.3210 -0.7891 -0.5237
vn 0.3209 -0.7891 -0.5237
vn 0.2485 -0.8797 -0.4055
vn 0.2922 -0.8802 -0.3740
vn 0.3244 -0.0827 -0.9423
vn 0.3801 -0.1156 -0.9177
vn 0.3710 -0.2452 -0.8957
vn 0.3505 -0.4013 -0.8462
vn 0.3205 -0.5465 -0.7737
vn 0.2816 -0.6770 -0.6799
vn 0.2351 -0.7891 -0.5675
vn 0.1820 -0.8797 -0.4394
vn 0.2264 -0.8802 -0.4171
vn 0.1645 -0.0827 -0.9829
vn 0.2322 -0.1014 -0.9674
vn 0.2263 -0.2452 -0.9427
vn 0.2138 -0.4013 -0.8907
vn 0.1955 -0.5465 -0.8143
vn 0.1718 -0.6770 -0.7156
vn 0.1434 -0.7891 -0.5973
vn 0.1110 -0.8797 -0.4624
vn 0.1545 -0.8803 -0.4486
vn 0.0373 -0.8797 -0.4741
vn 0.0482 -0.7891 -0.6124
vn 0.0577 -0.6770 -0.7337
vn 0.0657 -0.5465 -0.8348
vn 0.0719 -0.4013 -0.9131
vn 0.0761 -0.2452 -0.9665
vn 0.0782 -0.0825 -0.9935
vn -0.0373 -0.8797 -0.4741
vn -0.0482 -0.7891 -0.6124
vn -0.0577 -0.6770 -0.7337
vn -0.0657 -0.5465 -0.8348
vn -0.0719 -0.4013 -0.9131
vn -0.0761 -0.2452 -0.9665
vn -0.0782 -0.0825 -0.9935
vn -0.2411 -0.0825 -0.9670
vn -0.2322 -0.1014 -0.9674
vn -0.2263 -0.2452 -0.9427
vn -0.2138 -0.4013 -0.8907
vn -0.1955 -0.5465 -0.8143
vn -0.1718 -0.6770 -0.7156
vn -0.1434 -0.7891 -0.5973
vn -0.1125 -0.8763 -0.4685
vn -0.0783 -0.8803 -0.4679
vn -0.3974 -0.0826 -0.9139
vn -0.3801 -0.1156 -0.9177
vn -0.3710 -0.2452 -0.8957
vn -0.3505 -0.4013 -0.8462
vn -0.3205 -0.5465 -0.7737
vn -0.2816 -0.6770 -0.6799
vn -0.2351 -0.7891 -0.5675
vn -0.1862 -0.8736 -0.4495
vn -0.1545 -0.8803 -0.4486
vn -0.7348 -0.0826 -0.6733
vn -0.6472 -0.0825 -0.7578
vn -0.6296 -0.2452 -0.7372
vn -0.5949 -0.4013 -0.6965
vn -0.5439 -0.5465 -0.6368
vn -0.4780 -0.6770 -0.5596
vn -0.3989 -0.7891 -0.4671
vn -0.3192 -0.8709 -0.3737
vn -0.2922 -0.8802 -0.3740
vn -0.6662 -0.1665 -0.7270
vn -0.6136 -0.0827 -0.7853
vn -0.5207 -0.0825 -0.8497
vn -0.5388 -0.1458 -0.8297
vn -0.4755 -0.0827 -0.8758
vn -0.7853 -0.0827 -0.6136
vn -0.7540 -0.1297 -0.6440
vn -0.7372 -0.2452 -0.6296
vn -0.6965 -0.4013 -0.5949
vn -0.6368 -0.5466 -0.5439
vn -0.6368 -0.5465 -0.5439
vn -0.5596 -0.6770 -0.4780
vn -0.4671 -0.7891 -0.3989
vn -0.3616 -0.8797 -0.3089
vn -0.3207 -0.8801 -0.3501
vn -0.8758 -0.0827 -0.4755
vn -0.8460 -0.1250 -0.5184
vn -0.8266 -0.2452 -0.5066
vn -0.8266 -0.2452 -0.5065
vn -0.7810 -0.4013 -0.4786
vn -0.7140 -0.5466 -0.4376
vn -0.7140 -0.5465 -0.4376
vn -0.6275 -0.6770 -0.3845
vn -0.5237 -0.7891 -0.3209
vn -0.4055 -0.8797 -0.2485
vn -0.3740 -0.8802 -0.2922
vn -0.9423 -0.0827 -0.3245
vn -0.9177 -0.1156 -0.3801
vn -0.8957 -0.2452 -0.3710
vn -0.8463 -0.4012 -0.3505
vn -0.8462 -0.4013 -0.3505
vn -0.7737 -0.5465 -0.3205
vn -0.6799 -0.6770 -0.2816
vn -0.6800 -0.6770 -0.2816
vn -0.5675 -0.7891 -0.2351
vn -0.4394 -0.8797 -0.1820
vn -0.4170 -0.8802 -0.2264
vn -0.9829 -0.0827 -0.1645
vn -0.9674 -0.1014 -0.2322
vn -0.9427 -0.2452 -0.2263
vn -0.8907 -0.4013 -0.2138
vn -0.8143 -0.5466 -0.1955
vn -0.8143 -0.5465 -0.1955
vn -0.7156 -0.6770 -0.1718
vn -0.5973 -0.7891 -0.1434
vn -0.4624 -0.8797 -0.1110
vn -0.4486 -0.8803 -0.1545
vn -0.4741 -0.8797 -0.0373
vn -0.6123 -0.7891 -0.0482
vn -0.6124 -0.7891 -0.0482
vn -0.7337 -0.6770 -0.0577
vn -0.8349 -0.5465 -0.0657
vn -0.8348 -0.5466 -0.0657
vn -0.9131 -0.4012 -0.0719
vn -0.9131 -0.4013 -0.0719
vn -0.9665 -0.2452 -0.0761
vn -0.9935 -0.0825 -0.0782
vn -0.4741 -0.8797 0.0373
vn -0.6123 -0.7891 0.0482
vn -0.6124 -0.7891 0.0482
vn -0.7337 -0.6770 0.0577
vn -0.8349 -0.5465 0.0657
vn -0.8348 -0.5466 0.0657
vn -0.9131 -0.4013 0.0719
vn -0.9131 -0.4012 0.0719
vn -0.9665 -0.2452 0.0761
vn -0.9935 -0.0825 0.0782
vn -0.9670 -0.0825 0.2411
vn -0.9674 -0.1014 0.2322
vn -0.9427 -0.2452 0.2263
vn -0.8907 -0.4013 0.2138
vn -0.8143 -0.5466 0.1955
vn -0.8143 -0.5465 0.1955
vn -0.7156 -0.6770 0.1718
vn -0.5973 -0.7891 0.1434
vn -0.4685 -0.8763 0.1125
vn -0.4679 -0.8803 0.0783
vn -0.9139 -0.0826 0.3974
vn -0.9177 -0.1156 0.3801
vn -0.8957 -0.2452 0.3710
vn -0.8462 -0.4013 0.3505
vn -0.7737 -0.5466 0.3205
vn -0.7737 -0.5465 0.3205
vn -0.6799 -0.6770 0.2816
vn -0.6800 -0.6770 0.2816
vn -0.5675 -0.7891 0.2351
vn -0.4496 -0.8736 0.1862
vn -0.4486 -0.8803 0.1545
vn -0.6733 -0.0826 0.7348
vn -0.7578 -0.0825 0.6472
vn -0.7372 -0.2452 0.6296
vn -0.6965 -0.4013 0.5949
vn -0.6368 -0.5466 0.5439
vn -0.6368 -0.5465 0.5439
vn -0.5596 -0.6770 0.4780
vn -0.4671 -0.7891 0.3989
vn -0.3737 -0.8709 0.3192
vn -0.3740 -0.8802 0.2922
vn -0.7270 -0.1665 0.6662
vn -0.7853 -0.0827 0.6136
vn -0.8497 -0.0825 0.5207
vn -0.8297 -0.1458 0.5388
vn -0.8758 -0.0827 0.4755
vn -0.6136 -0.0827 0.7853
vn -0.6440 -0.1297 0.7540
vn -0.6296 -0.2452 0.7372
vn -0.5949 -0.4013 0.6965
vn -0.5439 -0.5465 0.6368
vn -0.4780 -0.6770 0.5596
vn -0.3989 -0.7891 0.4671
vn -0.3089 -0.8797 0.3616
vn -0.3500 -0.8801 0.3208
vn -0.4755 -0.0827 0.8758
vn -0.5184 -0.1250 0.8460
vn -0.5065 -0.2452 0.8266
vn -0.5066 -0.2452 0.8266
vn -0.4786 -0.4013 0.7810
vn -0.4375 -0.5465 0.7140
vn -0.4376 -0.5465 0.7140
vn -0.3845 -0.6770 0.6275
vn -0.3210 -0.7891 0.5237
vn -0.3209 -0.7891 0.5237
vn -0.2485 -0.8797 0.4055
vn -0.2922 -0.8802 0.3740
vn -0.3244 -0.0827 0.9423
vn -0.3801 -0.1156 0.9177
vn -0.3710 -0.2452 0.8957
vn -0.3505 -0.4013 0.8462
vn -0.3205 -0.5465 0.7737
vn -0.2816 -0.6770 0.6799
vn -0.2351 -0.7891 0.5675
vn -0.1820 -0.8797 0.4394
vn -0.2264 -0.8802 0.4171
vn -0.1645 -0.0827 0.9829
vn -0.2322 -0.1014 0.9674
vn -0.2263 -0.2452 0.9427
vn -0.2138 -0.4013 0.8907
vn -0.1955 -0.5465 0.8143
vn -0.1718 -0.6770 0.7156
vn -0.1434 -0.7891 0.5973
vn -0.1110 -0.8797 0.4624
vn -0.1545 -0.8803 0.4486
vn -0.0373 -0.8797 0.4741
vn -0.0482 -0.7891 0.6124
vn -0.0577 -0.6770 0.7337
vn -0.0657 -0.5465 0.8348
vn -0.0719 -0.4013 0.9131
vn -0.0761 -0.2452 0.9665
vn -0.0782 -0.0825 0.9935
vn -0.0000 0.3746 -0.9272
vn -0.0000 0.3746 0.9272
vn -0.0000 0.3367 0.9416
vn -0.0028 0.2980 0.9546
vn -0.0000 0.2590 0.9659
vn -0.0000 0.1392 0.9903
vn -0.0000 -0.0233 0.9997
vn -0.0000 -0.1795 0.9838
vn 0.0007 -0.1852 0.9827
vn -0.0008 -0.3365 0.9417
vn -0.0000 -0.3420 0.9397
vn -0.0000 -0.4899 0.8718
vn -0.0000 -0.6248 0.7808
vn -0.0000 -0.7432 0.6691
vn -0.0000 -0.7431 0.6691
vn -0.0000 -0.8418 0.5397
vn -0.0000 -0.9182 0.3961
vn -0.0000 -0.9703 0.2419
vn -0.0000 -0.9967 0.0813
vn -0.0000 -0.9967 -0.0813
vn -0.0000 -0.9703 -0.2419
vn -0.0000 -0.9182 -0.3961
vn -0.0000 -0.8418 -0.5397
vn -0.0000 -0.7432 -0.6691
vn -0.0000 -0.6248 -0.7808
vn -0.0000 -0.4899 -0.8718
vn -0.0000 -0.3420 -0.9397
vn -0.0000 -0.1851 -0.9827
vn -0.0000 -0.0233 -0.9997
vn -0.0000 0.1392 -0.9903
vn -0.0000 0.2590 -0.9659
vn -0.0028 0.2980 -0.9546
vn -0.0000 0.3367 -0.9416
vn -0.0000 0.9563 0.2924
vn -0.0000 0.9563 -0.2924
vn -0.0000 0.9753 0.2207
vn -0.0000 0.9973 0.0741
vn -0.0000 0.9973 -0.0741
vn -0.0000 0.9753 -0.2207
vn 0.7072 -0.7070 -0.0000
vn -0.5000 0.5000 -0.7071
vn 0.5000 0.5000 -0.7071
vn -0.5000 -0.5000 -0.7071
vn -0.0000 -0.7071 -0.7071
vn 0.5000 -0.5000 -0.7071
vn -0.5736 -0.0000 0.8191
vn -0.8192 -0.0000 0.5735
vn 0.8192 -0.0000 0.5735
vn 0.5736 -0.0000 0.8191
vn 0.5736 -0.0000 -0.8191
vn 0.8191 -0.0000 -0.5736
vn 0.9962 -0.0000 -0.0871
vn -0.9962 -0.0000 -0.0871
vn -0.8191 -0.0000 -0.5736
vn -0.5736 -0.0000 -0.8191
vn -0.3334 -0.0000 0.9428
vn -0.1168 0.1352 0.9839
vn -0.0826 0.0156 0.9965
vn -0.1646 -0.0009 0.9864
vn -0.1691 -0.0000 0.9856
vn -0.2102 -0.0000 0.9777
vn -0.2496 0.0543 0.9668
vn -0.2651 0.0312 0.9637
vn -0.3079 -0.0069 0.9514
vn -0.6342 -0.0000 0.7732
vn -0.6286 0.0011 0.7777
vn -0.5854 -0.0041 0.8108
vn -0.5468 0.0276 0.8368
vn -0.5584 0.0168 0.8294
vn -0.5182 -0.0000 0.8552
vn -0.4880 -0.0000 0.8728
vn -0.4759 -0.0035 0.8795
vn -0.4100 0.0163 0.9119
vn -0.4139 0.0216 0.9101
vn -0.3540 -0.0000 0.9352
vn -0.6714 -0.0000 0.7411
vn -0.6906 0.0112 0.7231
vn -0.7320 -0.0062 0.6813
vn -0.7511 -0.0000 0.6602
vn -0.7732 -0.0000 0.6342
vn -0.8030 0.0051 0.5959
vn -0.8095 0.0002 0.5871
vn -0.8516 -0.0001 0.5241
vn -0.8519 -0.0000 0.5237
vn -0.8755 -0.0000 0.4832
vn -0.8922 0.0052 0.4515
vn -0.9054 -0.0028 0.4246
vn -0.9326 0.0025 0.3610
vn -0.9282 -0.0000 0.3720
vn -0.9436 -0.0000 0.3311
vn -0.9558 0.0030 0.2941
vn -0.9610 -0.0017 0.2766
vn -0.9792 0.0016 0.2028
vn -0.9778 -0.0000 0.2097
vn -0.9874 -0.0000 0.1584
vn -0.9917 0.0029 0.1282
vn -0.9951 -0.0027 0.0984
vn -0.9996 0.0036 0.0266
vn -0.9991 -0.0000 0.0413
vn -1.0000 -0.0000 -0.0090
vn -0.9991 0.0017 -0.0413
vn -0.9979 -0.0026 -0.0641
vn -0.9899 0.0037 -0.1415
vn -0.9917 -0.0000 -0.1283
vn -0.9824 -0.0000 -0.1870
vn -0.9778 0.0019 -0.2097
vn -0.9693 -0.0033 -0.2457
vn -0.8922 0.0028 -0.4515
vn -0.8960 -0.0002 -0.4441
vn -0.9282 0.0001 -0.3721
vn -0.9284 -0.0000 -0.3715
vn -0.9558 -0.0000 -0.2941
vn -0.9458 0.0108 -0.3246
vn -0.9541 0.0049 -0.2994
vn -0.6907 -0.0000 -0.7232
vn -0.6728 0.0199 -0.7395
vn -0.7269 -0.0058 -0.6867
vn -0.7511 0.0008 -0.6602
vn -0.7634 -0.0000 -0.6459
vn -0.8030 -0.0000 -0.5959
vn -0.7956 0.0071 -0.6058
vn -0.8519 -0.0052 -0.5237
vn -0.8443 -0.0000 -0.5359
vn -0.8698 -0.0000 -0.4933
vn -0.5081 -0.0000 -0.8613
vn -0.5584 0.0097 -0.8295
vn -0.5583 0.0099 -0.8296
vn -0.6286 -0.0053 -0.7777
vn -0.6088 0.0057 -0.7933
vn -0.6315 -0.0000 -0.7754
vn -0.4670 -0.0000 -0.8843
vn -0.4879 -0.0197 -0.8727
vn -0.3966 0.0334 -0.9174
vn -0.4101 0.0051 -0.9120
vn -0.3445 -0.0000 -0.9388
vn -0.3108 -0.0000 -0.9505
vn -0.3333 -0.0258 -0.9425
vn -0.2403 0.0499 -0.9694
vn -0.2499 0.0225 -0.9680
vn -0.1814 -0.0000 -0.9834
vn -0.1419 -0.0000 -0.9899
vn -0.1690 -0.0417 -0.9847
vn -0.0667 0.0915 -0.9936
vn -0.0825 0.0325 -0.9961
vn -0.0086 -0.0000 -1.0000
vn 0.0376 -0.0000 -0.9993
vn 0.0823 0.0831 -0.9931
vn 0.1209 -0.0021 -0.9927
vn 0.1691 0.0002 -0.9856
vn 0.1702 -0.0000 -0.9854
vn 0.3334 -0.0000 -0.9428
vn 0.3144 -0.0052 -0.9493
vn 0.2498 0.0363 -0.9676
vn 0.2461 0.0290 -0.9688
vn 0.1850 -0.0000 -0.9827
vn 0.4880 0.0005 -0.8728
vn 0.4718 -0.0003 -0.8817
vn 0.4101 0.0095 -0.9120
vn 0.4274 0.0353 -0.9034
vn 0.3597 -0.0000 -0.9331
vn 0.7461 -0.0000 -0.6659
vn 0.7219 0.0114 -0.6919
vn 0.7511 -0.0067 -0.6602
vn 0.6812 0.0106 -0.7320
vn 0.6907 -0.0000 -0.7232
vn 0.6422 -0.0000 -0.7666
vn 0.6286 0.0002 -0.7777
vn 0.6017 -0.0075 -0.7987
vn 0.5583 0.0182 -0.8294
vn 0.5323 -0.0000 -0.8466
vn 0.4902 -0.0000 -0.8716
vn 0.7775 -0.0000 -0.6288
vn 0.8030 0.0069 -0.5959
vn 0.8170 -0.0022 -0.5766
vn 0.8554 0.0015 -0.5179
vn 0.8519 -0.0000 -0.5237
vn 0.8791 -0.0000 -0.4767
vn 0.8922 0.0056 -0.4515
vn 0.9034 0.0003 -0.4288
vn 0.9276 -0.0003 -0.3736
vn 0.9282 -0.0000 -0.3720
vn 0.9438 -0.0000 -0.3304
vn 0.9558 0.0031 -0.2941
vn 0.9613 -0.0018 -0.2755
vn 0.9793 0.0017 -0.2023
vn 0.9778 -0.0000 -0.2097
vn 0.9875 -0.0000 -0.1579
vn 0.9917 0.0029 -0.1282
vn 0.9946 -0.0016 -0.1037
vn 0.9995 0.0022 -0.0324
vn 0.9991 -0.0000 -0.0413
vn 0.9999 -0.0000 0.0134
vn 0.9991 0.0022 0.0413
vn 0.9974 -0.0029 0.0723
vn 0.9894 0.0048 0.1452
vn 0.9917 -0.0000 0.1282
vn 0.9817 -0.0000 0.1906
vn 0.9778 0.0021 0.2097
vn 0.9745 0.0003 0.2242
vn 0.9580 -0.0006 0.2869
vn 0.9558 0.0016 0.2941
vn 0.9415 -0.0000 0.3370
vn 0.9245 -0.0000 0.3812
vn 0.9282 -0.0030 0.3720
vn 0.8882 0.0038 0.4595
vn 0.8923 -0.0000 0.4515
vn 0.8640 -0.0000 0.5034
vn 0.8519 0.0007 0.5237
vn 0.8353 -0.0050 0.5498
vn 0.8030 0.0076 0.5959
vn 0.7875 -0.0000 0.6163
vn 0.7507 -0.0310 0.6599
vn 0.7147 0.0093 0.6994
vn 0.7563 -0.0000 0.6542
vn 0.5584 0.0052 0.8295
vn 0.5514 0.0148 0.8341
vn 0.6286 -0.0086 0.7777
vn 0.6155 -0.0000 0.7882
vn 0.6907 -0.0000 0.7232
vn 0.6597 0.0340 0.7508
vn 0.6745 0.0218 0.7380
vn 0.4100 0.0193 0.9119
vn 0.4008 0.0353 0.9155
vn 0.4878 -0.0278 0.8725
vn 0.4624 -0.0000 0.8866
vn 0.5039 -0.0000 0.8637
vn 0.2499 0.0192 0.9681
vn 0.2379 0.0544 0.9698
vn 0.3332 -0.0291 0.9424
vn 0.3093 -0.0000 0.9510
vn 0.3532 -0.0000 0.9355
vn -0.0318 -0.0000 0.9995
vn 0.0149 -0.0000 0.9999
vn 0.0825 0.0512 0.9953
vn 0.0659 0.1070 0.9921
vn 0.1688 -0.0663 0.9834
vn 0.1346 -0.0000 0.9909
vn 0.1801 -0.0000 0.9837
vn -0.0002 1.0000 -0.0000
vn 0.0001 1.0000 -0.0000
vn 0.0002 1.0000 -0.0000
vn -0.0001 1.0000 -0.0000
vn 0.0656 0.9978 -0.0000
vn 0.0349 0.9983 0.0462
vn 0.0095 0.9916 0.1290
vn -0.0000 0.9860 0.1669
vn -0.0191 0.9957 0.0903
vn 0.2058 0.9785 0.0110
vn 0.1776 0.9832 0.0417
vn 0.1641 0.9835 0.0763
vn 0.1215 0.9925 0.0140
vn 0.0889 0.9960 -0.0000
vn 0.3661 0.9306 0.0031
vn 0.3498 0.9368 0.0097
vn 0.3323 0.9430 0.0180
vn 0.3059 0.9511 0.0426
vn 0.3247 0.9458 0.0113
vn 0.2524 0.9676 -0.0000
vn 0.2310 0.9729 -0.0000
vn 0.4998 0.8661 -0.0036
vn 0.4641 0.8857 -0.0146
vn 0.4772 0.8787 -0.0096
vn 0.4879 0.8729 -0.0062
vn 0.5091 0.8607 -0.0021
vn 0.5161 0.8565 -0.0012
vn 0.5245 0.8514 -0.0004
vn 0.5112 0.8594 0.0018
vn 0.5057 0.8627 0.0026
vn 0.4983 0.8670 0.0038
vn 0.4857 0.8741 0.0068
vn 0.4703 0.8824 0.0119
vn 0.4526 0.8915 0.0206
vn 0.4759 0.8795 0.0037
vn 0.4072 0.9133 -0.0000
vn 0.3914 0.9202 -0.0000
vn 0.3521 0.9359 -0.0075
vn 0.3701 0.9290 -0.0032
vn 0.3860 0.9225 -0.0000
vn 0.4759 0.8795 -0.0000
vn 0.4371 0.8989 -0.0319
vn 0.4463 0.8946 -0.0246
vn 0.0833 0.9965 -0.0000
vn 0.0928 0.9957 -0.0008
vn 0.1644 0.9855 -0.0426
vn 0.1504 0.9828 -0.1073
vn 0.1820 0.9827 -0.0345
vn 0.2158 0.9764 -0.0030
vn 0.2407 0.9706 -0.0000
vn 0.2453 0.9694 -0.0000
vn 0.3247 0.9458 -0.0000
vn 0.2979 0.9531 -0.0534
vn 0.3244 0.9456 -0.0238
vn -0.0694 0.9976 -0.0000
vn -0.0350 0.9986 -0.0389
vn -0.0000 0.9864 -0.1645
vn 0.0174 0.9960 -0.0878
vn 0.0605 0.9982 -0.0000
vn -0.2035 0.9790 -0.0105
vn -0.1756 0.9833 -0.0477
vn -0.1641 0.9835 -0.0764
vn -0.1235 0.9922 -0.0160
vn -0.0895 0.9960 -0.0000
vn -0.3727 0.9279 -0.0017
vn -0.3441 0.9389 -0.0111
vn -0.3267 0.9448 -0.0235
vn -0.3085 0.9504 -0.0396
vn -0.3247 0.9457 -0.0140
vn -0.2545 0.9671 -0.0000
vn -0.2334 0.9724 -0.0000
vn -0.4777 0.8785 0.0092
vn -0.4899 0.8718 0.0058
vn -0.4996 0.8662 0.0036
vn -0.5091 0.8607 0.0021
vn -0.5163 0.8564 0.0012
vn -0.5249 0.8512 0.0003
vn -0.5193 0.8546 -0.0009
vn -0.5118 0.8591 -0.0017
vn -0.5033 0.8641 -0.0029
vn -0.4970 0.8677 -0.0042
vn -0.4888 0.8724 -0.0060
vn -0.4740 0.8804 -0.0105
vn -0.4568 0.8894 -0.0182
vn -0.4759 0.8795 -0.0055
vn -0.4105 0.9119 -0.0000
vn -0.3951 0.9186 -0.0000
vn -0.3185 0.9475 0.0289
vn -0.3461 0.9381 0.0101
vn -0.3749 0.9270 0.0013
vn -0.3946 0.9188 0.0001
vn -0.3999 0.9166 -0.0000
vn -0.4759 0.8795 0.0001
vn -0.4449 0.8952 0.0256
vn -0.4616 0.8870 0.0158
vn -0.1777 0.9832 0.0413
vn -0.0562 0.9984 0.0030
vn -0.0812 0.9967 -0.0000
vn -0.1646 0.9864 0.0001
vn -0.1368 0.9779 0.1580
vn -0.1580 0.9832 0.0920
vn -0.2113 0.9774 0.0053
vn -0.2384 0.9712 -0.0000
vn -0.3247 0.9458 0.0002
vn -0.2940 0.9539 0.0609
vn -0.3045 0.9514 0.0468
vn -0.5286 0.8488 -0.0000
vn -0.6142 0.7891 -0.0000
vn -0.7357 0.6773 -0.0000
vn -0.8372 0.5469 -0.0000
vn -0.9158 0.4017 -0.0000
vn -0.9694 0.2455 -0.0000
vn -0.9966 0.0826 -0.0000
vn -0.9966 -0.0826 -0.0000
vn -0.9694 -0.2455 -0.0000
vn -0.9158 -0.4017 -0.0000
vn -0.8372 -0.5469 -0.0000
vn -0.7357 -0.6773 -0.0000
vn -0.6142 -0.7891 -0.0000
vn -0.4759 -0.8795 -0.0000
vn -0.3247 -0.9458 -0.0000
vn -0.1646 -0.9864 -0.0000
vn 0.1646 -0.9864 -0.0000
vn 0.3247 -0.9458 -0.0000
vn 0.4759 -0.8795 -0.0000
vn 0.6142 -0.7891 -0.0000
vn 0.7357 -0.6773 -0.0000
vn 0.8372 -0.5469 -0.0000
vn 0.9158 -0.4017 -0.0000
vn 0.9694 -0.2455 -0.0000
vn 0.9966 -0.0826 -0.0000
vn 0.9966 0.0826 -0.0000
vn 0.9694 0.2455 -0.0000
vn 0.9158 0.4017 -0.0000
vn 0.8372 0.5469 -0.0000
vn 0.7357 0.6773 -0.0000
vn 0.6142 0.7891 -0.0000
vn 0.5286 0.8489 -0.0000
vn 0.5185 0.8551 0.0010
vn -0.2490 0.0869 -0.9646
vn -0.4085 0.0869 -0.9086
vn -0.5563 0.0869 -0.8264
vn -0.6881 0.0870 -0.7204
vn -0.8000 0.0870 -0.5937
vn -0.8889 0.0870 -0.4498
vn -0.9521 0.0870 -0.2930
vn -0.9880 0.0871 -0.1278
vn -0.9953 0.0871 0.0412
vn -0.7482 0.0871 0.6577
vn -0.6262 0.0872 0.7748
vn -0.4862 0.0872 0.8695
vn -0.3321 0.0872 0.9392
vn -0.1685 0.0872 0.9818
vn 0.2490 0.0869 0.9646
vn 0.4085 0.0869 0.9086
vn 0.5563 0.0869 0.8264
vn 0.6881 0.0870 0.7204
vn 0.8000 0.0870 0.5937
vn 0.8889 0.0870 0.4498
vn 0.9521 0.0870 0.2930
vn 0.9880 0.0871 0.1278
vn 0.9954 0.0871 -0.0412
vn 0.7482 0.0871 -0.6577
vn 0.6262 0.0872 -0.7748
vn 0.4862 0.0872 -0.8695
vn 0.3321 0.0872 -0.9392
vn 0.1685 0.0872 -0.9818
vn 0.0770 0.9962 -0.0416
vn 0.0769 0.9962 -0.0416
vn 0.2284 0.9657 -0.1236
vn 0.3727 0.9058 -0.2017
vn 0.3728 0.9057 -0.2017
vn 0.5055 0.8183 -0.2736
vn -0.0770 0.9962 0.0416
vn -0.0769 0.9962 0.0416
vn -0.2284 0.9657 0.1236
vn -0.3727 0.9058 0.2017
vn -0.3728 0.9057 0.2017
vn -0.5055 0.8183 0.2736
vn 0.0690 0.9962 -0.0537
vn 0.2049 0.9657 -0.1595
vn 0.3344 0.9058 -0.2603
vn 0.4537 0.8182 -0.3531
vn 0.5590 0.7059 -0.4351
vn -0.0690 0.9962 0.0537
vn -0.2049 0.9657 0.1595
vn -0.3344 0.9058 0.2603
vn -0.4537 0.8182 0.3531
vn -0.5590 0.7059 0.4351
vn 0.0593 0.9962 -0.0643
vn 0.0592 0.9962 -0.0643
vn 0.1758 0.9657 -0.1910
vn 0.1759 0.9657 -0.1910
vn 0.2870 0.9058 -0.3118
vn 0.3894 0.8182 -0.4230
vn 0.4797 0.7059 -0.5211
vn 0.5555 0.5722 -0.6033
vn -0.0593 0.9962 0.0643
vn -0.0592 0.9962 0.0643
vn -0.1758 0.9657 0.1910
vn -0.1759 0.9657 0.1910
vn -0.2870 0.9058 0.3118
vn -0.3894 0.8182 0.4230
vn -0.4797 0.7059 0.5211
vn -0.5555 0.5722 0.6033
vn 0.0478 0.9962 -0.0732
vn 0.1420 0.9657 -0.2174
vn 0.2318 0.9058 -0.3548
vn 0.2318 0.9057 -0.3548
vn 0.3144 0.8182 -0.4813
vn 0.3874 0.7059 -0.5930
vn 0.4485 0.5723 -0.6865
vn 0.4486 0.5723 -0.6865
vn 0.4960 0.4214 -0.7592
vn -0.0478 0.9962 0.0732
vn -0.1420 0.9657 0.2174
vn -0.2318 0.9058 0.3548
vn -0.2318 0.9057 0.3548
vn -0.3144 0.8182 0.4813
vn -0.3874 0.7059 0.5930
vn -0.4485 0.5723 0.6865
vn -0.4486 0.5723 0.6865
vn -0.4960 0.4214 0.7592
vn 0.0351 0.9962 -0.0801
vn 0.1043 0.9657 -0.2378
vn 0.1702 0.9058 -0.3881
vn 0.1703 0.9057 -0.3881
vn 0.2309 0.8182 -0.5265
vn 0.2845 0.7059 -0.6487
vn 0.3294 0.5723 -0.7510
vn 0.3643 0.4214 -0.8305
vn 0.3881 0.2580 -0.8848
vn -0.0351 0.9962 0.0801
vn -0.1043 0.9657 0.2378
vn -0.1702 0.9058 0.3881
vn -0.1703 0.9057 0.3881
vn -0.2309 0.8182 0.5265
vn -0.2845 0.7059 0.6487
vn -0.3294 0.5723 0.7510
vn -0.3643 0.4214 0.8305
vn -0.3881 0.2580 0.8848
vn 0.8497 0.2580 -0.4598
vn -0.8497 0.2580 0.4598
vn 0.0072 0.9962 -0.0872
vn 0.0215 0.9657 -0.2588
vn 0.0214 0.9657 -0.2588
vn 0.0350 0.9057 -0.4224
vn 0.0475 0.8182 -0.5729
vn 0.0585 0.7059 -0.7059
vn 0.0677 0.5723 -0.8173
vn 0.0749 0.4214 -0.9038
vn 0.0798 0.2580 -0.9628
vn 0.0823 0.0869 -0.9928
vn 0.2490 0.0869 -0.9646
vn 0.2438 0.1181 -0.9626
vn 0.2372 0.2580 -0.9366
vn 0.2226 0.4214 -0.8791
vn 0.2013 0.5723 -0.7950
vn 0.1739 0.7059 -0.6866
vn 0.1411 0.8182 -0.5573
vn 0.1040 0.9058 -0.4108
vn 0.1041 0.9057 -0.4108
vn 0.0637 0.9657 -0.2517
vn 0.0215 0.9962 -0.0848
vn 0.0214 0.9962 -0.0848
vn 0.5056 0.8182 -0.2736
vn 0.6230 0.7059 -0.3371
vn 0.6471 0.5723 -0.5037
vn 0.5554 0.5723 -0.6033
vn 0.6142 0.4214 -0.6672
vn 0.5284 0.2580 -0.8088
vn 0.4002 0.0869 -0.9123
vn 0.4053 0.1524 -0.9014
vn 0.6229 0.7059 -0.3371
vn 0.7212 0.5723 -0.3903
vn 0.7157 0.4214 -0.5570
vn 0.6543 0.2580 -0.7108
vn 0.5449 0.0869 -0.8340
vn 0.5488 0.1845 -0.8153
vn 0.7976 0.4214 -0.4316
vn 0.7156 0.4214 -0.5570
vn 0.7624 0.2580 -0.5934
vn 0.6544 0.2580 -0.7108
vn 0.6747 0.0869 -0.7330
vn 0.6744 0.2161 -0.7061
vn 0.7861 0.0869 -0.6119
vn 0.7782 0.2469 -0.5775
vn 0.9740 0.0871 -0.2089
vn 0.9422 0.0869 -0.3235
vn 0.9138 0.2580 -0.3137
vn 0.8577 0.4214 -0.2945
vn 0.7756 0.5723 -0.2663
vn 0.6699 0.7059 -0.2300
vn 0.6700 0.7059 -0.2300
vn 0.5437 0.8182 -0.1867
vn 0.5438 0.8182 -0.1867
vn 0.4009 0.9057 -0.1376
vn 0.4008 0.9058 -0.1376
vn 0.2456 0.9657 -0.0843
vn 0.0827 0.9962 -0.0284
vn 0.9098 0.3064 -0.2800
vn 0.9247 0.0871 -0.3706
vn 0.8762 0.0869 -0.4741
vn 0.8573 0.2770 -0.4339
vn 0.8487 0.0871 -0.5217
vn 0.0862 0.9962 -0.0144
vn 0.0863 0.9962 -0.0144
vn 0.2561 0.9657 -0.0427
vn 0.4180 0.9058 -0.0698
vn 0.4180 0.9057 -0.0698
vn 0.5670 0.8182 -0.0946
vn 0.5671 0.8182 -0.0946
vn 0.6986 0.7059 -0.1166
vn 0.8089 0.5723 -0.1350
vn 0.8945 0.4214 -0.1493
vn 0.9530 0.2580 -0.1590
vn 0.9599 0.2301 -0.1602
vn 0.9880 0.0871 -0.1278
vn 0.9954 0.0871 0.0412
vn 0.9728 0.2318 -0.0000
vn 0.9661 0.2580 -0.0000
vn 0.9069 0.4214 -0.0000
vn 0.8201 0.5722 -0.0000
vn 0.8201 0.5723 -0.0000
vn 0.7083 0.7059 -0.0000
vn 0.5749 0.8182 -0.0000
vn 0.5749 0.8183 -0.0000
vn 0.4238 0.9057 -0.0000
vn 0.4238 0.9058 -0.0000
vn 0.2596 0.9657 -0.0000
vn 0.2597 0.9657 -0.0000
vn 0.0875 0.9962 -0.0000
vn 0.0874 0.9962 -0.0000
vn 0.9740 0.0871 0.2089
vn 0.9599 0.2301 0.1602
vn 0.9530 0.2580 0.1590
vn 0.8945 0.4214 0.1493
vn 0.8089 0.5723 0.1350
vn 0.6987 0.7059 0.1166
vn 0.6986 0.7059 0.1166
vn 0.5671 0.8182 0.0946
vn 0.4180 0.9057 0.0698
vn 0.4180 0.9058 0.0698
vn 0.2561 0.9657 0.0427
vn 0.0863 0.9962 0.0144
vn 0.0862 0.9962 0.0144
vn 0.9247 0.0871 0.3706
vn 0.9216 0.2249 0.3164
vn 0.9138 0.2580 0.3137
vn 0.8577 0.4214 0.2945
vn 0.8577 0.4215 0.2945
vn 0.7757 0.5722 0.2663
vn 0.7756 0.5723 0.2663
vn 0.6699 0.7059 0.2300
vn 0.5438 0.8182 0.1867
vn 0.5437 0.8182 0.1867
vn 0.4008 0.9058 0.1376
vn 0.4009 0.9057 0.1376
vn 0.2456 0.9657 0.0843
vn 0.0827 0.9962 0.0284
vn 0.8487 0.0871 0.5217
vn 0.8587 0.2163 0.4647
vn 0.8497 0.2580 0.4598
vn 0.7976 0.4214 0.4316
vn 0.7212 0.5723 0.3903
vn 0.6229 0.7059 0.3371
vn 0.6230 0.7059 0.3371
vn 0.5056 0.8182 0.2736
vn 0.5056 0.8183 0.2736
vn 0.3727 0.9058 0.2017
vn 0.3727 0.9057 0.2017
vn 0.2284 0.9657 0.1236
vn 0.0769 0.9962 0.0416
vn 0.7482 0.0871 0.6577
vn 0.7725 0.2041 0.6013
vn 0.7624 0.2580 0.5934
vn 0.7156 0.4214 0.5570
vn 0.7157 0.4214 0.5570
vn 0.6472 0.5722 0.5037
vn 0.6471 0.5723 0.5037
vn 0.5590 0.7059 0.4351
vn 0.4537 0.8182 0.3531
vn 0.4536 0.8182 0.3531
vn 0.3344 0.9057 0.2603
vn 0.3344 0.9058 0.2603
vn 0.2049 0.9657 0.1595
vn 0.0690 0.9962 0.0537
vn 0.6262 0.0872 0.7748
vn 0.6652 0.1882 0.7226
vn 0.6544 0.2580 0.7108
vn 0.6142 0.4214 0.6672
vn 0.5554 0.5723 0.6033
vn 0.4797 0.7059 0.5211
vn 0.3894 0.8182 0.4230
vn 0.2870 0.9058 0.3118
vn 0.1759 0.9657 0.1910
vn 0.0593 0.9962 0.0643
vn 0.0592 0.9962 0.0643
vn 0.4862 0.0872 0.8695
vn 0.5391 0.1687 0.8252
vn 0.5284 0.2580 0.8088
vn 0.4960 0.4214 0.7592
vn 0.4485 0.5723 0.6865
vn 0.3874 0.7059 0.5930
vn 0.3144 0.8182 0.4813
vn 0.2318 0.9057 0.3548
vn 0.1420 0.9657 0.2174
vn 0.0479 0.9962 0.0732
vn 0.0478 0.9962 0.0732
vn 0.3321 0.0872 0.9392
vn 0.3974 0.1453 0.9061
vn 0.3881 0.2580 0.8848
vn 0.3643 0.4214 0.8305
vn 0.3294 0.5723 0.7510
vn 0.2845 0.7059 0.6487
vn 0.2309 0.8182 0.5265
vn 0.1703 0.9057 0.3881
vn 0.1702 0.9057 0.3881
vn 0.1043 0.9657 0.2378
vn 0.0351 0.9962 0.0801
vn 0.1685 0.0872 0.9818
vn 0.2438 0.1181 0.9626
vn 0.2372 0.2580 0.9366
vn 0.2226 0.4214 0.8791
vn 0.2013 0.5723 0.7950
vn 0.1739 0.7059 0.6866
vn 0.1411 0.8182 0.5573
vn 0.1040 0.9057 0.4108
vn 0.0637 0.9657 0.2517
vn 0.0215 0.9962 0.0848
vn 0.0072 0.9962 0.0872
vn 0.0214 0.9657 0.2588
vn 0.0350 0.9057 0.4224
vn 0.0475 0.8182 0.5729
vn 0.0585 0.7059 0.7059
vn 0.0677 0.5723 0.8173
vn 0.0749 0.4214 0.9038
vn 0.0798 0.2580 0.9628
vn 0.0823 0.0869 0.9928
vn -0.0072 0.9962 0.0872
vn -0.0215 0.9657 0.2588
vn -0.0214 0.9657 0.2588
vn -0.0350 0.9057 0.4224
vn -0.0475 0.8182 0.5729
vn -0.0585 0.7059 0.7059
vn -0.0677 0.5723 0.8173
vn -0.0749 0.4214 0.9038
vn -0.0798 0.2580 0.9628
vn -0.0823 0.0869 0.9928
vn -0.2490 0.0869 0.9646
vn -0.2438 0.1181 0.9626
vn -0.2372 0.2580 0.9366
vn -0.2226 0.4214 0.8791
vn -0.2013 0.5723 0.7950
vn -0.1739 0.7059 0.6866
vn -0.1411 0.8182 0.5573
vn -0.1040 0.9058 0.4108
vn -0.1041 0.9057 0.4108
vn -0.0637 0.9657 0.2517
vn -0.0215 0.9962 0.0848
vn -0.0214 0.9962 0.0848
vn -0.5056 0.8182 0.2736
vn -0.6230 0.7059 0.3371
vn -0.6471 0.5723 0.5037
vn -0.5554 0.5723 0.6033
vn -0.6142 0.4214 0.6672
vn -0.5284 0.2580 0.8088
vn -0.4002 0.0869 0.9123
vn -0.4053 0.1524 0.9014
vn -0.6229 0.7059 0.3371
vn -0.7212 0.5723 0.3903
vn -0.7157 0.4214 0.5570
vn -0.6543 0.2580 0.7108
vn -0.5449 0.0869 0.8340
vn -0.5488 0.1845 0.8153
vn -0.7976 0.4214 0.4316
vn -0.7156 0.4214 0.5570
vn -0.7624 0.2580 0.5934
vn -0.6544 0.2580 0.7108
vn -0.6747 0.0869 0.7330
vn -0.6744 0.2161 0.7061
vn -0.7861 0.0869 0.6119
vn -0.7782 0.2469 0.5775
vn -0.9740 0.0871 0.2089
vn -0.9422 0.0869 0.3235
vn -0.9138 0.2580 0.3137
vn -0.8577 0.4214 0.2945
vn -0.7756 0.5723 0.2663
vn -0.6699 0.7059 0.2300
vn -0.6700 0.7059 0.2300
vn -0.5437 0.8182 0.1867
vn -0.5438 0.8182 0.1867
vn -0.4009 0.9057 0.1376
vn -0.4008 0.9058 0.1376
vn -0.2456 0.9657 0.0843
vn -0.0827 0.9962 0.0284
vn -0.9098 0.3064 0.2800
vn -0.9247 0.0871 0.3706
vn -0.8762 0.0869 0.4741
vn -0.8573 0.2770 0.4339
vn -0.8487 0.0871 0.5217
vn -0.0862 0.9962 0.0144
vn -0.0863 0.9962 0.0144
vn -0.2561 0.9657 0.0427
vn -0.4180 0.9058 0.0698
vn -0.4180 0.9057 0.0698
vn -0.5670 0.8182 0.0946
vn -0.5671 0.8182 0.0946
vn -0.6986 0.7059 0.1166
vn -0.8089 0.5723 0.1350
vn -0.8945 0.4214 0.1493
vn -0.9530 0.2580 0.1590
vn -0.9599 0.2301 0.1602
vn -0.9880 0.0871 0.1278
vn -0.9953 0.0871 -0.0412
vn -0.9728 0.2318 -0.0000
vn -0.9661 0.2580 -0.0000
vn -0.9069 0.4214 -0.0000
vn -0.8201 0.5722 -0.0000
vn -0.8201 0.5723 -0.0000
vn -0.7083 0.7059 -0.0000
vn -0.5749 0.8182 -0.0000
vn -0.5749 0.8183 -0.0000
vn -0.4238 0.9057 -0.0000
vn -0.4238 0.9058 -0.0000
vn -0.2596 0.9657 -0.0000
vn -0.2597 0.9657 -0.0000
vn -0.0875 0.9962 -0.0000
vn -0.0874 0.9962 -0.0000
vn -0.9740 0.0871 -0.2089
vn -0.9599 0.2301 -0.1602
vn -0.9530 0.2580 -0.1590
vn -0.8945 0.4214 -0.1493
vn -0.8089 0.5723 -0.1350
vn -0.6987 0.7059 -0.1166
vn -0.6986 0.7059 -0.1166
vn -0.5671 0.8182 -0.0946
vn -0.4180 0.9057 -0.0698
vn -0.4180 0.9058 -0.0698
vn -0.2561 0.9657 -0.0427
vn -0.0863 0.9962 -0.0144
vn -0.0862 0.9962 -0.0144
vn -0.9247 0.0871 -0.3706
vn -0.9216 0.2249 -0.3164
vn -0.9138 0.2580 -0.3137
vn -0.8577 0.4214 -0.2945
vn -0.8577 0.4215 -0.2945
vn -0.7757 0.5722 -0.2663
vn -0.7756 0.5723 -0.2663
vn -0.6699 0.7059 -0.2300
vn -0.5438 0.8182 -0.1867
vn -0.5437 0.8182 -0.1867
vn -0.4008 0.9058 -0.1376
vn -0.4009 0.9057 -0.1376
vn -0.2456 0.9657 -0.0843
vn -0.0827 0.9962 -0.0284
vn -0.8487 0.0871 -0.5217
vn -0.8587 0.2163 -0.4647
vn -0.8497 0.2580 -0.4598
vn -0.7976 0.4214 -0.4316
vn -0.7212 0.5723 -0.3903
vn -0.6229 0.7059 -0.3371
vn -0.6230 0.7059 -0.3371
vn -0.5056 0.8182 -0.2736
vn -0.5056 0.8183 -0.2736
vn -0.3727 0.9058 -0.2017
vn -0.3727 0.9057 -0.2017
vn -0.2284 0.9657 -0.1236
vn -0.0769 0.9962 -0.0416
vn -0.7482 0.0871 -0.6577
vn -0.7725 0.2041 -0.6013
vn -0.7624 0.2580 -0.5934
vn -0.7156 0.4214 -0.5570
vn -0.7157 0.4214 -0.5570
vn -0.6472 0.5722 -0.5037
vn -0.6471 0.5723 -0.5037
vn -0.5590 0.7059 -0.4351
vn -0.4537 0.8182 -0.3531
vn -0.4536 0.8182 -0.3531
vn -0.3344 0.9057 -0.2603
vn -0.3344 0.9058 -0.2603
vn -0.2049 0.9657 -0.1595
vn -0.0690 0.9962 -0.0537
vn -0.6262 0.0872 -0.7748
vn -0.6652 0.1882 -0.7226
vn -0.6544 0.2580 -0.7108
vn -0.6142 0.4214 -0.6672
vn -0.5554 0.5723 -0.6033
vn -0.4797 0.7059 -0.5211
vn -0.3894 0.8182 -0.4230
vn -0.2870 0.9058 -0.3118
vn -0.1759 0.9657 -0.1910
vn -0.0593 0.9962 -0.0643
vn -0.0592 0.9962 -0.0643
vn -0.4862 0.0872 -0.8695
vn -0.5391 0.1687 -0.8252
vn -0.5284 0.2580 -0.8088
vn -0.4960 0.4214 -0.7592
vn -0.4486 0.5723 -0.6865
vn -0.4485 0.5723 -0.6865
vn -0.3874 0.7059 -0.5930
vn -0.3144 0.8182 -0.4813
vn -0.2318 0.9057 -0.3548
vn -0.1420 0.9657 -0.2174
vn -0.0479 0.9962 -0.0732
vn -0.0478 0.9962 -0.0732
vn -0.3321 0.0872 -0.9392
vn -0.3974 0.1453 -0.9061
vn -0.3881 0.2580 -0.8848
vn -0.3643 0.4214 -0.8305
vn -0.3294 0.5723 -0.7510
vn -0.2845 0.7059 -0.6487
vn -0.2309 0.8182 -0.5265
vn -0.1703 0.9057 -0.3881
vn -0.1702 0.9057 -0.3881
vn -0.1043 0.9657 -0.2378
vn -0.0351 0.9962 -0.0801
vn -0.1685 0.0872 -0.9818
vn -0.2438 0.1181 -0.9626
vn -0.2372 0.2580 -0.9366
vn -0.2226 0.4214 -0.8791
vn -0.2013 0.5723 -0.7950
vn -0.1739 0.7059 -0.6866
vn -0.1411 0.8182 -0.5573
vn -0.1040 0.9057 -0.4108
vn -0.0637 0.9657 -0.2517
vn -0.0215 0.9962 -0.0848
vn -0.0072 0.9962 -0.0872
vn -0.0214 0.9657 -0.2588
vn -0.0350 0.9057 -0.4224
vn -0.0475 0.8182 -0.5729
vn -0.0585 0.7059 -0.7059
vn -0.0677 0.5723 -0.8173
vn -0.0749 0.4214 -0.9038
vn -0.0798 0.2580 -0.9628
vn -0.0823 0.0869 -0.9928
vn 0.2417 0.0904 0.9661
vn 0.1403 0.0847 0.9865
vn -0.0332 0.0880 0.9956
vn -0.0949 0.9918 0.0850
vn -0.2734 0.9594 0.0688
vn -0.9097 0.0521 0.4121
vn -0.7419 0.0799 -0.6658
vn 0.8450 0.0745 0.5295
vn 0.2312 0.9703 0.0714
vn 0.5594 0.0675 0.8261
vn 0.5193 0.0785 0.8510
vn 0.4757 0.0592 0.8776
vn 0.4760 0.0717 0.8765
vn 0.4091 0.0866 0.9084
vn 0.2916 0.9538 0.0722
vn 0.3154 0.9472 0.0581
vn 0.3232 0.9433 0.0762
vn 0.3570 0.9327 0.0518
vn 0.3671 0.9275 0.0704
vn 0.3857 0.9211 0.0540
vn 0.3866 0.9203 0.0593
vn 0.4031 0.9141 0.0440
vn 0.7671 0.0645 0.6383
vn 0.7270 0.0806 0.6819
vn 0.7218 0.0594 0.6895
vn 0.6840 0.0736 0.7258
vn 0.6812 0.0698 0.7288
vn 0.6671 0.0749 0.7412
vn 0.6261 0.0123 0.7796
vn 0.6287 0.0661 0.7748
vn 0.5650 0.0860 0.8206
vn 0.4234 0.9054 0.0307
vn 0.4357 0.8992 0.0399
vn 0.4157 0.9074 0.0623
vn 0.7743 -0.0632 0.6296
vn 0.7883 0.0783 0.6103
vn 0.8418 0.0542 0.5371
vn 0.9745 0.0566 0.2173
vn 0.9592 0.0648 0.2754
vn 0.9589 0.0520 0.2791
vn 0.9438 0.0608 0.3248
vn 0.9276 0.0249 0.3727
vn 0.9276 0.0528 0.3699
vn 0.8910 0.0718 0.4484
vn 0.8898 0.0187 0.4561
vn 0.8707 0.0625 0.4879
vn 0.9983 0.0573 0.0128
vn 0.9959 0.0581 0.0693
vn 0.9961 0.0548 0.0699
vn 0.9884 0.0597 0.1399
vn 0.9850 -0.0420 0.1673
vn 0.9814 0.0564 0.1836
vn 0.9746 0.0604 0.2156
vn 0.9968 -0.0718 -0.0339
vn 0.9983 0.0558 -0.0185
vn 0.9932 0.0590 -0.1000
vn 0.9460 0.0617 -0.3183
vn 0.9624 0.0521 -0.2664
vn 0.9619 0.0644 -0.2656
vn 0.9792 0.0549 -0.1954
vn 0.9808 -0.0354 -0.1915
vn 0.9866 0.0592 -0.1518
vn 0.9935 0.0548 -0.0998
vn 0.9238 -0.0384 -0.3809
vn 0.9342 0.0523 -0.3528
vn 0.9073 0.0668 -0.4152
vn 0.8259 0.0760 -0.5587
vn 0.8620 0.0592 -0.5034
vn 0.8626 -0.0356 -0.5047
vn 0.8853 0.0678 -0.4601
vn 0.9077 0.0563 -0.4159
vn 0.4581 0.8878 0.0452
vn 0.4674 0.8835 0.0323
vn 0.4817 0.8751 0.0467
vn 0.4934 0.8694 0.0269
vn 0.5074 0.8609 0.0385
vn 0.5151 0.8569 0.0219
vn 0.5275 0.8490 0.0302
vn 0.5320 0.8465 0.0168
vn 0.5424 0.8398 0.0223
vn 0.5444 0.8387 0.0141
vn 0.5474 0.8367 0.0161
vn 0.5486 0.8360 0.0098
vn 0.5547 0.8319 0.0120
vn 0.5557 0.8314 0.0045
vn 0.5584 0.8295 0.0051
vn 0.5587 0.8294 -0.0012
vn 0.5579 0.8299 -0.0013
vn 0.5577 0.8300 -0.0069
vn 0.5539 0.8326 -0.0069
vn 0.5532 0.8329 -0.0130
vn 0.5459 0.8378 -0.0121
vn 0.5441 0.8388 -0.0199
vn 0.5337 0.8455 -0.0174
vn 0.5304 0.8473 -0.0272
vn 0.5178 0.8552 -0.0226
vn 0.5138 0.8573 -0.0313
vn 0.5052 0.8625 -0.0283
vn 0.4995 0.8654 -0.0394
vn 0.4836 0.8747 -0.0307
vn 0.4731 0.8798 -0.0473
vn 0.4565 0.8890 -0.0362
vn 0.4502 0.8918 -0.0442
vn 0.4379 0.8973 -0.0548
vn 0.7304 0.0720 -0.6792
vn 0.7567 0.0614 -0.6508
vn 0.7532 -0.0160 -0.6575
vn 0.7886 0.0710 -0.6108
vn 0.8251 0.0545 -0.5623
vn 0.6178 0.0853 -0.7817
vn 0.6563 0.0723 -0.7510
vn 0.6873 0.0558 -0.7243
vn 0.6942 0.0818 -0.7151
vn 0.7317 0.0674 -0.6783
vn 0.4267 0.9035 -0.0402
vn 0.4151 0.9082 -0.0524
vn 0.4108 0.9103 -0.0515
vn 0.3986 0.9149 -0.0639
vn 0.3830 0.9225 -0.0487
vn 0.3568 0.9315 -0.0707
vn 0.3428 0.9378 -0.0549
vn 0.3111 0.9473 -0.0766
vn 0.2984 0.9526 -0.0598
vn 0.3734 0.0850 -0.9238
vn 0.4339 0.0729 -0.8980
vn 0.4343 0.0894 -0.8963
vn 0.4864 0.0769 -0.8703
vn 0.4849 0.0810 -0.8708
vn 0.5049 0.0760 -0.8598
vn 0.5233 0.0130 -0.8520
vn 0.5488 0.0843 -0.8317
vn 0.6163 0.0639 -0.7849
vn 0.3108 -0.0267 -0.9501
vn 0.3430 0.0772 -0.9362
vn 0.2515 0.0908 -0.9636
vn 0.2823 0.9567 -0.0706
vn 0.2781 0.9578 -0.0727
vn 0.2744 0.9590 -0.0707
vn 0.2517 0.9643 -0.0825
vn 0.2430 0.9676 -0.0686
vn 0.1999 0.9760 -0.0862
vn 0.1937 0.9782 -0.0742
vn 0.1459 0.9853 -0.0886
vn 0.1420 0.9867 -0.0793
vn 0.1087 0.9903 -0.0860
vn 0.1071 0.9907 -0.0838
vn 0.0981 0.9915 -0.0853
vn 0.0710 0.9942 -0.0807
vn 0.1257 0.0900 -0.9880
vn 0.1774 0.0857 -0.9804
vn 0.1876 0.0798 -0.9790
vn 0.1929 0.0867 -0.9774
vn 0.2520 0.0807 -0.9644
vn 0.0708 0.9939 -0.0847
vn 0.0174 0.9959 -0.0887
vn 0.0172 0.9960 -0.0876
vn -0.0381 0.9955 -0.0866
vn -0.0661 0.0866 -0.9940
vn -0.0090 0.0872 -0.9961
vn 0.0295 0.0441 -0.9986
vn 0.0393 0.0884 -0.9953
vn 0.1262 0.0850 -0.9884
vn -0.0763 0.9959 -0.0485
vn -0.0882 0.9926 -0.0837
vn -0.0378 0.9953 -0.0893
vn -0.2423 0.0812 -0.9668
vn -0.1892 0.0865 -0.9781
vn -0.1530 0.0541 -0.9867
vn -0.1480 0.0847 -0.9854
vn -0.0666 0.0893 -0.9938
vn -0.1050 0.9907 -0.0860
vn -0.1388 0.9871 -0.0795
vn -0.1396 0.9862 -0.0890
vn -0.1847 0.9799 -0.0759
vn -0.1859 0.9788 -0.0856
vn -0.2282 0.9711 -0.0699
vn -0.4013 0.0748 -0.9129
vn -0.3575 0.0828 -0.9302
vn -0.3226 0.0759 -0.9435
vn -0.3223 0.0793 -0.9433
vn -0.2447 0.0905 -0.9654
vn -0.2477 0.9684 -0.0287
vn -0.2733 0.9597 -0.0649
vn -0.2319 0.9690 -0.0848
vn -0.6453 0.0697 -0.7607
vn -0.6230 0.0772 -0.7784
vn -0.6195 0.0712 -0.7818
vn -0.5730 0.0858 -0.8151
vn -0.5673 0.0671 -0.8208
vn -0.5235 0.0793 -0.8483
vn -0.4801 0.0353 -0.8765
vn -0.4808 0.0723 -0.8738
vn -0.4056 0.0893 -0.9097
vn -0.6579 -0.0456 -0.7517
vn -0.6713 0.0835 -0.7365
vn -0.7368 0.0587 -0.6736
vn -0.2945 0.9529 -0.0728
vn -0.3197 0.9458 -0.0575
vn -0.3278 0.9417 -0.0757
vn -0.3512 0.9345 -0.0584
vn -0.3530 0.9333 -0.0656
vn -0.3739 0.9262 -0.0489
vn -0.3852 0.9203 -0.0677
vn -0.4111 0.9106 -0.0427
vn -0.4240 0.9036 -0.0606
vn -0.4397 0.8972 -0.0422
vn -0.4304 0.9022 -0.0271
vn -0.8995 0.0526 -0.4337
vn -0.8763 0.0646 -0.4774
vn -0.8494 0.0162 -0.5274
vn -0.8510 0.0549 -0.5222
vn -0.8015 0.0776 -0.5930
vn -0.7981 0.0225 -0.6021
vn -0.7743 0.0666 -0.6293
vn -0.9698 0.0524 -0.2383
vn -0.9553 0.0610 -0.2891
vn -0.9549 0.0580 -0.2911
vn -0.9472 0.0622 -0.3144
vn -0.9307 -0.0351 -0.3641
vn -0.9314 0.0548 -0.3599
vn -0.9014 0.0704 -0.4272
vn -0.9862 -0.0745 -0.1480
vn -0.9820 0.0569 -0.1801
vn -0.9698 0.0633 -0.2354
vn -0.9869 0.0606 -0.1498
vn -0.9966 0.0549 -0.0619
vn -0.9964 0.0579 -0.0615
vn -0.9983 0.0574 -0.0087
vn -0.9996 -0.0076 0.0267
vn -0.9983 0.0564 0.0170
vn -0.9937 0.0589 0.0949
vn -0.9458 0.0616 0.3189
vn -0.9621 0.0521 0.2675
vn -0.9616 0.0645 0.2667
vn -0.9791 0.0549 0.1958
vn -0.9808 -0.0336 0.1923
vn -0.9866 0.0592 0.1523
vn -0.9940 0.0542 0.0947
vn -0.9321 -0.0036 0.3622
vn -0.9384 0.0548 0.3411
vn -0.9096 0.0699 0.4096
vn -0.4457 0.8948 0.0263
vn 0.3345 0.9187 0.2097
vn 0.3413 0.9138 0.2203
vn 0.3877 0.9014 0.1930
vn 0.3960 0.8953 0.2041
vn 0.4361 0.8827 0.1751
vn 0.4456 0.8756 0.1863
vn 0.4663 0.8685 0.1682
vn 0.4696 0.8665 0.1695
vn 0.4884 0.8593 0.1522
vn 0.4993 0.8510 0.1628
vn 0.5260 0.8401 0.1329
vn 0.5375 0.8311 0.1423
vn 0.5585 0.8217 0.1135
vn 0.5700 0.8126 0.1214
vn 0.5859 0.8048 0.0943
vn 0.5966 0.7962 0.1003
vn 0.6081 0.7903 0.0757
vn 0.6173 0.7827 0.0795
vn 0.6252 0.7784 0.0573
vn 0.6327 0.7721 0.0594
vn 0.6364 0.7700 0.0452
vn 0.6386 0.7682 0.0452
vn 0.6413 0.7666 0.0324
vn 0.6457 0.7629 0.0329
vn 0.6480 0.7615 0.0145
vn 0.6499 0.7599 0.0144
vn 0.6503 0.7596 -0.0039
vn 0.6498 0.7601 -0.0038
vn 0.6487 0.7608 -0.0211
vn 0.6464 0.7627 -0.0204
vn 0.6438 0.7643 -0.0386
vn 0.6390 0.7683 -0.0366
vn 0.6339 0.7712 -0.0578
vn 0.6276 0.7767 -0.0541
vn 0.6195 0.7812 -0.0774
vn 0.6117 0.7878 -0.0716
vn 0.6030 0.7925 -0.0916
vn 0.5982 0.7967 -0.0868
vn 0.5867 0.8024 -0.1093
vn 0.5775 0.8102 -0.1000
vn 0.5584 0.8193 -0.1299
vn 0.5493 0.8271 -0.1188
vn 0.5246 0.8379 -0.1504
vn 0.5158 0.8456 -0.1378
vn 0.4979 0.8529 -0.1568
vn 0.4975 0.8538 -0.1533
vn 0.4770 0.8615 -0.1740
vn 0.4695 0.8682 -0.1602
vn 0.4301 0.8819 -0.1931
vn 0.4240 0.8878 -0.1792
vn 0.3775 0.9017 -0.2108
vn 0.3729 0.9066 -0.1974
vn 0.3412 0.9151 -0.2149
vn 0.3417 0.9157 -0.2117
vn 0.3082 0.9233 -0.2290
vn 0.3055 0.9270 -0.2175
vn 0.2464 0.9386 -0.2415
vn 0.2450 0.9414 -0.2319
vn 0.1808 0.9509 -0.2512
vn 0.1803 0.9529 -0.2438
vn 0.1354 0.9580 -0.2529
vn 0.1360 0.9584 -0.2511
vn 0.0907 0.9617 -0.2586
vn 0.0910 0.9627 -0.2549
vn 0.0217 0.9653 -0.2601
vn 0.0219 0.9656 -0.2592
vn -0.0477 0.9650 -0.2580
vn -0.0481 0.9644 -0.2599
vn -0.1115 0.9610 -0.2529
vn -0.1128 0.9599 -0.2567
vn -0.1734 0.9539 -0.2449
vn -0.1760 0.9517 -0.2515
vn -0.2300 0.9442 -0.2358
vn -0.2332 0.9418 -0.2420
vn -0.2834 0.9326 -0.2233
vn -0.2886 0.9287 -0.2329
vn -0.3404 0.9170 -0.2081
vn -0.3471 0.9120 -0.2187
vn -0.3927 0.8996 -0.1912
vn -0.4011 0.8934 -0.2024
vn -0.4274 0.8853 -0.1830
vn -0.4316 0.8827 -0.1860
vn -0.4555 0.8744 -0.1669
vn -0.4658 0.8668 -0.1781
vn -0.4972 0.8549 -0.1479
vn -0.5084 0.8464 -0.1583
vn -0.5338 0.8358 -0.1285
vn -0.5453 0.8269 -0.1377
vn -0.5652 0.8177 -0.1090
vn -0.5767 0.8086 -0.1165
vn -0.5914 0.8013 -0.0901
vn -0.6018 0.7930 -0.0954
vn -0.6123 0.7874 -0.0714
vn -0.6212 0.7800 -0.0749
vn -0.6259 0.7775 -0.0612
vn -0.6280 0.7758 -0.0610
vn -0.6316 0.7737 -0.0489
vn -0.6379 0.7684 -0.0503
vn -0.6420 0.7661 -0.0310
vn -0.6462 0.7625 -0.0314
vn -0.6482 0.7613 -0.0128
vn -0.6500 0.7599 -0.0128
vn -0.6503 0.7597 0.0036
vn -0.6499 0.7600 0.0035
vn -0.6490 0.7605 0.0200
vn -0.6465 0.7627 0.0193
vn -0.6436 0.7644 0.0388
vn -0.6389 0.7684 0.0368
vn -0.6338 0.7713 0.0580
vn -0.6272 0.7770 0.0543
vn -0.6207 0.7805 0.0740
vn -0.6152 0.7853 0.0698
vn -0.6061 0.7901 0.0919
vn -0.5974 0.7975 0.0845
vn -0.5828 0.8048 0.1123
vn -0.5736 0.8126 0.1028
vn -0.5540 0.8219 0.1327
vn 0.3915 0.8517 0.3483
vn 0.3956 0.8471 0.3550
vn 0.4522 0.8320 0.3216
vn 0.4571 0.8265 0.3286
vn 0.5067 0.8110 0.2926
vn 0.5123 0.8048 0.2997
vn 0.5384 0.7959 0.2769
vn 0.5406 0.7941 0.2776
vn 0.5646 0.7849 0.2552
vn 0.5710 0.7780 0.2620
vn 0.6056 0.7639 0.2232
vn 0.6124 0.7566 0.2292
vn 0.6404 0.7440 0.1908
vn 0.6470 0.7369 0.1959
vn 0.6691 0.7261 0.1585
vn 0.6755 0.7193 0.1623
vn 0.6919 0.7108 0.1268
vn 0.6974 0.7049 0.1292
vn 0.7093 0.6984 0.0956
vn 0.7137 0.6937 0.0970
vn 0.7195 0.6905 0.0747
vn 0.7208 0.6891 0.0747
vn 0.7252 0.6864 0.0538
vn 0.7278 0.6837 0.0541
vn 0.7313 0.6817 0.0239
vn 0.7325 0.6804 0.0238
vn 0.7334 0.6798 -0.0063
vn 0.7331 0.6801 -0.0063
vn 0.7311 0.6814 -0.0345
vn 0.7299 0.6827 -0.0340
vn 0.7257 0.6852 -0.0628
vn 0.7228 0.6883 -0.0615
vn 0.7153 0.6926 -0.0935
vn 0.7114 0.6969 -0.0911
vn 0.7001 0.7031 -0.1247
vn 0.6955 0.7083 -0.1210
vn 0.6833 0.7149 -0.1487
vn 0.6806 0.7181 -0.1455
vn 0.6653 0.7257 -0.1753
vn 0.6599 0.7320 -0.1694
vn 0.6353 0.7437 -0.2081
vn 0.6301 0.7501 -0.2009
vn 0.5989 0.7637 -0.2408
vn 0.5941 0.7700 -0.2326
vn 0.5721 0.7792 -0.2561
vn 0.5721 0.7800 -0.2538
vn 0.5474 0.7892 -0.2785
vn 0.5432 0.7951 -0.2697
vn 0.4957 0.8115 -0.3094
vn 0.4924 0.8169 -0.3004
vn 0.4371 0.8334 -0.3381
vn 0.4347 0.8381 -0.3296
vn 0.3974 0.8481 -0.3504
vn 0.3978 0.8488 -0.3483
vn 0.3588 0.8576 -0.3684
vn 0.3574 0.8613 -0.3611
vn 0.2880 0.8749 -0.3894
vn 0.2873 0.8778 -0.3833
vn 0.2120 0.8890 -0.4059
vn 0.2118 0.8911 -0.4013
vn 0.1593 0.8971 -0.4122
vn 0.1597 0.8976 -0.4110
vn 0.1068 0.9014 -0.4196
vn 0.1070 0.9025 -0.4173
vn 0.0256 0.9056 -0.4234
vn 0.0257 0.9058 -0.4229
vn -0.0562 0.9051 -0.4215
vn -0.0565 0.9045 -0.4227
vn -0.1315 0.9005 -0.4145
vn -0.1323 0.8993 -0.4168
vn -0.2043 0.8922 -0.4028
vn -0.2058 0.8900 -0.4068
vn -0.2704 0.8810 -0.3882
vn -0.2723 0.8787 -0.3921
vn -0.3326 0.8676 -0.3696
vn -0.3357 0.8638 -0.3756
vn -0.3982 0.8497 -0.3456
vn -0.4022 0.8451 -0.3523
vn -0.4580 0.8299 -0.3188
vn -0.4629 0.8244 -0.3258
vn -0.4957 0.8144 -0.3018
vn -0.4982 0.8122 -0.3036
vn -0.5284 0.8017 -0.2794
vn -0.5344 0.7952 -0.2865
vn -0.5744 0.7801 -0.2481
vn -0.5808 0.7732 -0.2547
vn -0.6139 0.7593 -0.2159
vn -0.6207 0.7520 -0.2218
vn -0.6475 0.7397 -0.1833
vn -0.6542 0.7325 -0.1881
vn -0.6748 0.7223 -0.1512
vn -0.6810 0.7158 -0.1546
vn -0.6962 0.7078 -0.1196
vn -0.7017 0.7019 -0.1219
vn -0.7086 0.6984 -0.1009
vn -0.7099 0.6971 -0.1008
vn -0.7157 0.6937 -0.0815
vn -0.7194 0.6897 -0.0824
vn -0.7258 0.6860 -0.0514
vn -0.7283 0.6834 -0.0516
vn -0.7317 0.6813 -0.0212
vn -0.7327 0.6802 -0.0211
vn -0.7332 0.6799 0.0058
vn -0.7332 0.6800 0.0058
vn -0.7315 0.6811 0.0328
vn -0.7301 0.6826 0.0323
vn -0.7255 0.6853 0.0631
vn -0.7228 0.6883 0.0618
vn -0.7151 0.6927 0.0939
vn -0.7112 0.6970 0.0915
vn -0.7016 0.7024 0.1200
vn -0.6985 0.7059 0.1173
vn -0.6859 0.7126 0.1478
vn -0.6807 0.7184 0.1431
vn -0.6612 0.7282 0.1802
vn -0.6559 0.7345 0.1741
vn -0.6306 0.7464 0.2127
vn -0.6254 0.7528 0.2054
vn -0.6061 0.7615 0.2297
vn 0.4380 0.7617 0.4775
vn 0.4398 0.7588 0.4805
vn 0.5052 0.7413 0.4419
vn 0.5073 0.7379 0.4451
vn 0.5651 0.7198 0.4031
vn 0.5675 0.7161 0.4064
vn 0.5985 0.7055 0.3794
vn 0.5996 0.7045 0.3797
vn 0.6285 0.6933 0.3526
vn 0.6311 0.6893 0.3557
vn 0.6729 0.6721 0.3089
vn 0.6757 0.6680 0.3118
vn 0.7102 0.6524 0.2646
vn 0.7130 0.6484 0.2670
vn 0.7408 0.6348 0.2198
vn 0.7435 0.6309 0.2216
vn 0.7647 0.6199 0.1758
vn 0.7672 0.6165 0.1769
vn 0.7827 0.6081 0.1326
vn 0.7847 0.6054 0.1332
vn 0.7924 0.6012 0.1031
vn 0.7929 0.6005 0.1031
vn 0.7989 0.5969 0.0745
vn 0.8000 0.5953 0.0746
vn 0.8050 0.5924 0.0329
vn 0.8055 0.5917 0.0329
vn 0.8067 0.5909 -0.0087
vn 0.8064 0.5913 -0.0087
vn 0.8040 0.5927 -0.0474
vn 0.8034 0.5936 -0.0472
vn 0.7977 0.5968 -0.0861
vn 0.7966 0.5985 -0.0855
vn 0.7864 0.6043 -0.1280
vn 0.7848 0.6067 -0.1268
vn 0.7701 0.6148 -0.1703
vn 0.7682 0.6177 -0.1684
vn 0.7528 0.6260 -0.2034
vn 0.7519 0.6277 -0.2018
vn 0.7330 0.6371 -0.2385
vn 0.7308 0.6407 -0.2356
vn 0.7008 0.6550 -0.2826
vn 0.6988 0.6586 -0.2791
vn 0.6618 0.6748 -0.3265
vn 0.6599 0.6786 -0.3226
vn 0.6344 0.6892 -0.3500
vn 0.6345 0.6897 -0.3489
vn 0.6061 0.7002 -0.3772
vn 0.6046 0.7038 -0.3730
vn 0.5500 0.7227 -0.4185
vn 0.5489 0.7260 -0.4144
vn 0.4860 0.7448 -0.4572
vn 0.4851 0.7478 -0.4532
vn 0.4433 0.7591 -0.4768
vn 0.4436 0.7595 -0.4758
vn 0.3998 0.7695 -0.4981
vn 0.3994 0.7718 -0.4947
vn 0.3214 0.7871 -0.5264
vn 0.3213 0.7890 -0.5236
vn 0.2370 0.8015 -0.5490
vn 0.2371 0.8030 -0.5469
vn 0.1785 0.8096 -0.5592
vn 0.1787 0.8100 -0.5586
vn 0.1196 0.8143 -0.5681
vn 0.1197 0.8150 -0.5670
vn 0.0287 0.8184 -0.5739
vn 0.0288 0.8186 -0.5736
vn -0.0631 0.8178 -0.5721
vn -0.0632 0.8174 -0.5726
vn -0.1475 0.8129 -0.5634
vn -0.1479 0.8121 -0.5645
vn -0.2291 0.8040 -0.5487
vn -0.2297 0.8026 -0.5505
vn -0.3028 0.7924 -0.5295
vn -0.3037 0.7909 -0.5313
vn -0.3725 0.7782 -0.5056
vn -0.3738 0.7758 -0.5083
vn -0.4454 0.7596 -0.4739
vn -0.4471 0.7567 -0.4769
vn -0.5115 0.7392 -0.4382
vn -0.5135 0.7359 -0.4414
vn -0.5521 0.7241 -0.4134
vn -0.5532 0.7228 -0.4142
vn -0.5889 0.7104 -0.3854
vn -0.5916 0.7064 -0.3887
vn -0.6391 0.6885 -0.3429
vn -0.6418 0.6844 -0.3460
vn -0.6819 0.6676 -0.2991
vn -0.6847 0.6634 -0.3018
vn -0.7179 0.6481 -0.2542
vn -0.7208 0.6440 -0.2565
vn -0.7468 0.6311 -0.2097
vn -0.7494 0.6274 -0.2114
vn -0.7693 0.6170 -0.1660
vn -0.7716 0.6137 -0.1670
vn -0.7810 0.6088 -0.1392
vn -0.7815 0.6082 -0.1391
vn -0.7892 0.6036 -0.1129
vn -0.7909 0.6013 -0.1134
vn -0.7996 0.5963 -0.0711
vn -0.8007 0.5948 -0.0712
vn -0.8053 0.5922 -0.0292
vn -0.8058 0.5914 -0.0292
vn -0.8065 0.5912 0.0080
vn -0.8064 0.5913 0.0080
vn -0.8044 0.5924 0.0450
vn -0.8037 0.5933 0.0448
vn -0.7977 0.5969 0.0866
vn -0.7964 0.5986 0.0859
vn -0.7863 0.6043 0.1285
vn -0.7846 0.6068 0.1273
vn -0.7722 0.6137 0.1643
vn -0.7709 0.6158 0.1630
vn -0.7549 0.6242 0.2015
vn -0.7528 0.6274 0.1991
vn -0.7285 0.6397 0.2451
vn -0.7263 0.6433 0.2422
vn -0.6958 0.6577 0.2888
vn -0.6938 0.6613 0.2853
vn -0.6711 0.6716 0.3141
vn -0.6709 0.6724 0.3129
vn -0.6449 0.6829 0.3432
vn -0.8819 0.0666 0.4668
vn -0.8564 -0.0279 0.5155
vn -0.8584 0.0578 0.5096
vn -0.8183 0.0764 0.5696
vn -0.8175 0.0548 0.5733
vn -0.7825 0.0704 0.6186
vn -0.7835 0.0645 0.6180
vn -0.7450 0.0805 0.6622
vn -0.7436 0.0577 0.6662
vn 0.4727 0.6513 0.5937
vn 0.4727 0.6513 0.5936
vn 0.5453 0.6318 0.5509
vn 0.6100 0.6115 0.5040
vn 0.6454 0.5994 0.4735
vn 0.6455 0.5993 0.4735
vn 0.6785 0.5866 0.4423
vn 0.7264 0.5669 0.3885
vn 0.7667 0.5487 0.3334
vn 0.7668 0.5486 0.3333
vn 0.7997 0.5325 0.2774
vn 0.8253 0.5192 0.2221
vn 0.8254 0.5191 0.2221
vn 0.8445 0.5087 0.1676
vn 0.8446 0.5085 0.1675
vn 0.8542 0.5035 0.1301
vn 0.8542 0.5034 0.1301
vn 0.8615 0.4989 0.0941
vn 0.8616 0.4988 0.0940
vn 0.8678 0.4952 0.0416
vn 0.8677 0.4953 0.0416
vn 0.8692 0.4944 -0.0110
vn 0.8661 0.4963 -0.0597
vn 0.8661 0.4964 -0.0597
vn 0.8590 0.5004 -0.1083
vn 0.8590 0.5004 -0.1082
vn 0.8466 0.5075 -0.1606
vn 0.8289 0.5172 -0.2132
vn 0.8288 0.5173 -0.2132
vn 0.8107 0.5271 -0.2548
vn 0.7885 0.5381 -0.2978
vn 0.7540 0.5545 -0.3521
vn 0.7540 0.5546 -0.3521
vn 0.7120 0.5730 -0.4059
vn 0.7119 0.5731 -0.4059
vn 0.6835 0.5850 -0.4366
vn 0.6521 0.5966 -0.4678
vn 0.5919 0.6174 -0.5181
vn 0.5919 0.6175 -0.5181
vn 0.5230 0.6381 -0.5651
vn 0.4776 0.6503 -0.5907
vn 0.4776 0.6503 -0.5908
vn 0.4304 0.6611 -0.6146
vn 0.3461 0.6776 -0.6489
vn 0.2553 0.6911 -0.6762
vn 0.1924 0.6982 -0.6896
vn 0.1288 0.7028 -0.6996
vn 0.0310 0.7066 -0.7070
vn 0.0310 0.7066 -0.7069
vn -0.0680 0.7057 -0.7052
vn -0.1590 0.7008 -0.6954
vn -0.1591 0.7008 -0.6954
vn -0.2470 0.6921 -0.6782
vn -0.3267 0.6810 -0.6554
vn -0.3266 0.6810 -0.6554
vn -0.4018 0.6671 -0.6273
vn -0.4807 0.6493 -0.5894
vn -0.4806 0.6493 -0.5895
vn -0.5521 0.6298 -0.5464
vn -0.5953 0.6167 -0.5151
vn -0.5953 0.6166 -0.5151
vn -0.6358 0.6025 -0.4824
vn -0.6900 0.5821 -0.4303
vn -0.6899 0.5820 -0.4303
vn -0.7362 0.5626 -0.3762
vn -0.7750 0.5447 -0.3204
vn -0.7750 0.5447 -0.3205
vn -0.8061 0.5292 -0.2647
vn -0.8061 0.5292 -0.2648
vn -0.8302 0.5165 -0.2097
vn -0.8418 0.5105 -0.1754
vn -0.8514 0.5047 -0.1427
vn -0.8514 0.5048 -0.1427
vn -0.8622 0.4985 -0.0897
vn -0.8622 0.4986 -0.0898
vn -0.8681 0.4951 -0.0369
vn -0.8690 0.4946 0.0101
vn -0.8691 0.4946 0.0101
vn -0.8664 0.4961 0.0567
vn -0.8664 0.4960 0.0567
vn -0.8589 0.5004 0.1088
vn -0.8464 0.5076 0.1613
vn -0.8463 0.5077 0.1613
vn -0.8314 0.5160 0.2061
vn -0.8314 0.5161 0.2061
vn -0.8123 0.5260 0.2520
vn -0.8123 0.5261 0.2519
vn -0.7838 0.5404 0.3059
vn -0.7486 0.5570 0.3597
vn -0.7486 0.5571 0.3596
vn -0.7228 0.5688 0.3925
vn -0.7228 0.5687 0.3925
vn -0.6938 0.5805 0.4263
vn -0.6938 0.5805 0.4262
vn -0.6400 0.6010 0.4787
vn 0.4946 0.5233 0.6939
vn 0.4937 0.5271 0.6917
vn 0.5714 0.5062 0.6459
vn 0.5702 0.5106 0.6436
vn 0.6403 0.4886 0.5928
vn 0.6390 0.4932 0.5903
vn 0.6779 0.4799 0.5570
vn 0.6771 0.4811 0.5569
vn 0.7136 0.4670 0.5222
vn 0.7120 0.4720 0.5198
vn 0.7653 0.4501 0.4601
vn 0.7637 0.4551 0.4579
vn 0.8089 0.4347 0.3959
vn 0.8072 0.4395 0.3940
vn 0.8447 0.4211 0.3302
vn 0.8431 0.4256 0.3288
vn 0.8727 0.4101 0.2648
vn 0.8713 0.4139 0.2638
vn 0.8937 0.4016 0.2000
vn 0.8924 0.4047 0.1995
vn 0.9039 0.3986 0.1552
vn 0.9035 0.3995 0.1553
vn 0.9122 0.3941 0.1123
vn 0.9114 0.3958 0.1123
vn 0.9189 0.3915 0.0497
vn 0.9185 0.3923 0.0497
vn 0.9202 0.3913 -0.0131
vn 0.9203 0.3911 -0.0132
vn 0.9166 0.3934 -0.0712
vn 0.9170 0.3923 -0.0715
vn 0.9086 0.3972 -0.1289
vn 0.9094 0.3953 -0.1295
vn 0.8948 0.4036 -0.1910
vn 0.8958 0.4009 -0.1920
vn 0.8752 0.4122 -0.2531
vn 0.8763 0.4088 -0.2547
vn 0.8557 0.4200 -0.3023
vn 0.8563 0.4178 -0.3037
vn 0.8312 0.4302 -0.3521
vn 0.8323 0.4260 -0.3546
vn 0.7938 0.4444 -0.4152
vn 0.7947 0.4400 -0.4182
vn 0.7485 0.4602 -0.4775
vn 0.7492 0.4556 -0.4807
vn 0.7185 0.4685 -0.5142
vn 0.7181 0.4678 -0.5152
vn 0.6844 0.4804 -0.5485
vn 0.6848 0.4759 -0.5520
vn 0.6203 0.4982 -0.6059
vn 0.6204 0.4939 -0.6093
vn 0.5473 0.5158 -0.6591
vn 0.5473 0.5119 -0.6622
vn 0.4996 0.5246 -0.6893
vn 0.4991 0.5240 -0.6901
vn 0.4497 0.5354 -0.7149
vn 0.4495 0.5321 -0.7175
vn 0.3612 0.5494 -0.7534
vn 0.3610 0.5467 -0.7555
vn 0.2662 0.5608 -0.7840
vn 0.2659 0.5588 -0.7855
vn 0.2005 0.5661 -0.7996
vn 0.2003 0.5656 -0.8000
vn 0.1342 0.5706 -0.8102
vn 0.1341 0.5696 -0.8109
vn 0.0323 0.5735 -0.8186
vn 0.0322 0.5732 -0.8188
vn -0.0708 0.5723 -0.8170
vn -0.0707 0.5728 -0.8166
vn -0.1658 0.5677 -0.8064
vn -0.1655 0.5688 -0.8057
vn -0.2577 0.5597 -0.7876
vn -0.2572 0.5617 -0.7864
vn -0.3410 0.5499 -0.7624
vn -0.3404 0.5520 -0.7612
vn -0.4199 0.5374 -0.7314
vn -0.4192 0.5406 -0.7294
vn -0.5029 0.5216 -0.6892
vn -0.5020 0.5254 -0.6870
vn -0.5786 0.5045 -0.6409
vn -0.5774 0.5088 -0.6385
vn -0.6244 0.4945 -0.6046
vn -0.6236 0.4961 -0.6041
vn -0.6678 0.4808 -0.5682
vn -0.6665 0.4856 -0.5657
vn -0.7259 0.4631 -0.5085
vn -0.7244 0.4681 -0.5061
vn -0.7758 0.4465 -0.4458
vn -0.7741 0.4515 -0.4437
vn -0.8179 0.4313 -0.3808
vn -0.8162 0.4362 -0.3790
vn -0.8518 0.4185 -0.3153
vn -0.8501 0.4228 -0.3139
vn -0.8781 0.4079 -0.2501
vn -0.8766 0.4116 -0.2492
vn -0.8903 0.4046 -0.2091
vn -0.8899 0.4053 -0.2092
vn -0.9011 0.3986 -0.1704
vn -0.9001 0.4011 -0.1700
vn -0.9129 0.3938 -0.1072
vn -0.9122 0.3954 -0.1071
vn -0.9192 0.3913 -0.0440
vn -0.9189 0.3920 -0.0441
vn -0.9201 0.3915 0.0121
vn -0.9201 0.3914 0.0121
vn -0.9170 0.3931 0.0676
vn -0.9175 0.3920 0.0678
vn -0.9085 0.3972 0.1296
vn -0.9093 0.3953 0.1302
vn -0.8946 0.4037 0.1917
vn -0.8956 0.4009 0.1928
vn -0.8782 0.4108 0.2449
vn -0.8790 0.4084 0.2460
vn -0.8571 0.4199 0.2985
vn -0.8582 0.4160 0.3006
vn -0.8261 0.4323 0.3616
vn -0.8272 0.4280 0.3641
vn -0.7879 0.4466 0.4241
vn -0.7888 0.4421 0.4271
vn -0.7607 0.4548 0.4632
vn -0.7606 0.4538 0.4643
vn -0.7289 0.4667 0.5009
vn -0.7296 0.4620 0.5042
vn -0.6715 0.4842 0.5610
vn -0.6719 0.4796 0.5644
vn -0.6051 0.5021 0.6179
vn 0.5032 0.3813 0.7755
vn 0.5020 0.3896 0.7721
vn 0.5830 0.3679 0.7244
vn 0.5816 0.3771 0.7208
vn 0.6552 0.3540 0.6674
vn 0.6537 0.3640 0.6635
vn 0.6951 0.3497 0.6281
vn 0.6939 0.3523 0.6280
vn 0.7330 0.3373 0.5907
vn 0.7312 0.3479 0.5867
vn 0.7886 0.3243 0.5224
vn 0.7866 0.3349 0.5187
vn 0.8359 0.3126 0.4511
vn 0.8337 0.3229 0.4479
vn 0.8753 0.3026 0.3773
vn 0.8730 0.3120 0.3749
vn 0.9062 0.2947 0.3033
vn 0.9041 0.3026 0.3016
vn 0.9295 0.2887 0.2295
vn 0.9277 0.2951 0.2286
vn 0.9409 0.2881 0.1782
vn 0.9403 0.2900 0.1784
vn 0.9502 0.2838 0.1291
vn 0.9491 0.2874 0.1289
vn 0.9576 0.2825 0.0571
vn 0.9571 0.2841 0.0571
vn 0.9590 0.2829 -0.0151
vn 0.9591 0.2825 -0.0151
vn 0.9550 0.2852 -0.0818
vn 0.9555 0.2832 -0.0822
vn 0.9460 0.2886 -0.1478
vn 0.9470 0.2846 -0.1490
vn 0.9305 0.2940 -0.2185
vn 0.9318 0.2883 -0.2206
vn 0.9087 0.3011 -0.2891
vn 0.9101 0.2940 -0.2921
vn 0.8872 0.3064 -0.3450
vn 0.8878 0.3018 -0.3476
vn 0.8602 0.3155 -0.4006
vn 0.8613 0.3065 -0.4052
vn 0.8195 0.3264 -0.4711
vn 0.8201 0.3169 -0.4764
vn 0.7707 0.3386 -0.5398
vn 0.7709 0.3288 -0.5456
vn 0.7385 0.3423 -0.5810
vn 0.7376 0.3409 -0.5829
vn 0.7023 0.3541 -0.6176
vn 0.7019 0.3443 -0.6235
vn 0.6345 0.3677 -0.6799
vn 0.6338 0.3583 -0.6855
vn 0.5583 0.3810 -0.7370
vn 0.5573 0.3724 -0.7421
vn 0.5086 0.3853 -0.7700
vn 0.5075 0.3839 -0.7714
vn 0.4572 0.3956 -0.7965
vn 0.4561 0.3885 -0.8006
vn 0.3664 0.4061 -0.8372
vn 0.3654 0.4002 -0.8404
vn 0.2695 0.4145 -0.8693
vn 0.2687 0.4100 -0.8716
vn 0.2028 0.4172 -0.8859
vn 0.2022 0.4161 -0.8866
vn 0.1357 0.4213 -0.8967
vn 0.1353 0.4191 -0.8978
vn 0.0326 0.4230 -0.9055
vn 0.0325 0.4225 -0.9058
vn -0.0715 0.4215 -0.9040
vn -0.0713 0.4228 -0.9034
vn -0.1675 0.4175 -0.8931
vn -0.1671 0.4200 -0.8920
vn -0.2607 0.4107 -0.8737
vn -0.2600 0.4151 -0.8718
vn -0.3455 0.4030 -0.8474
vn -0.3446 0.4075 -0.8457
vn -0.4263 0.3926 -0.8150
vn -0.4253 0.3996 -0.8121
vn -0.5119 0.3800 -0.7704
vn -0.5107 0.3883 -0.7671
vn -0.5904 0.3665 -0.7191
vn -0.5891 0.3758 -0.7153
vn -0.6387 0.3606 -0.6797
vn -0.6375 0.3641 -0.6790
vn -0.6844 0.3479 -0.6408
vn -0.6828 0.3583 -0.6367
vn -0.7463 0.3343 -0.5756
vn -0.7444 0.3450 -0.5718
vn -0.8000 0.3215 -0.5066
vn -0.7979 0.3321 -0.5030
vn -0.8458 0.3101 -0.4342
vn -0.8436 0.3203 -0.4311
vn -0.8830 0.3007 -0.3604
vn -0.8808 0.3096 -0.3582
vn -0.9121 0.2931 -0.2866
vn -0.9101 0.3008 -0.2851
vn -0.9257 0.2927 -0.2396
vn -0.9251 0.2944 -0.2399
vn -0.9379 0.2866 -0.1956
vn -0.9363 0.2921 -0.1950
vn -0.9510 0.2836 -0.1232
vn -0.9499 0.2871 -0.1231
vn -0.9579 0.2824 -0.0506
vn -0.9575 0.2839 -0.0507
vn -0.9589 0.2834 0.0139
vn -0.9590 0.2830 0.0140
vn -0.9554 0.2849 0.0776
vn -0.9560 0.2826 0.0780
vn -0.9458 0.2887 0.1486
vn -0.9469 0.2846 0.1497
vn -0.9302 0.2942 0.2195
vn -0.9315 0.2884 0.2215
vn -0.9121 0.2994 0.2799
vn -0.9130 0.2945 0.2823
vn -0.8887 0.3072 0.3404
vn -0.8900 0.2991 0.3442
vn -0.8546 0.3170 0.4112
vn -0.8557 0.3080 0.4159
vn -0.8131 0.3281 0.4809
vn -0.8138 0.3185 0.4862
vn -0.7837 0.3321 0.5248
vn -0.7832 0.3299 0.5269
vn -0.7497 0.3436 0.5656
vn -0.7498 0.3336 0.5714
vn -0.6886 0.3570 0.6312
vn -0.6882 0.3472 0.6371
vn -0.6187 0.3706 0.6928
vn -0.6179 0.3614 0.6983
vn -0.5759 0.3741 0.7269
vn -0.6864 0.0797 0.7229
vn -0.6619 0.0041 0.7496
vn -0.6481 0.0704 0.7583
vn -0.6008 0.0860 0.7948
vn -0.5994 0.0646 0.7979
vn -0.5540 0.0781 0.8288
vn -0.5559 0.0752 0.8278
vn -0.2684 0.9632 0.0155
vn 0.4983 0.2292 0.8362
vn 0.4977 0.2422 0.8329
vn 0.5797 0.2201 0.7845
vn 0.5791 0.2347 0.7807
vn 0.6545 0.2110 0.7260
vn 0.6539 0.2267 0.7218
vn 0.6969 0.2118 0.6852
vn 0.6956 0.2157 0.6853
vn 0.7364 0.2001 0.6462
vn 0.7356 0.2168 0.6418
vn 0.7959 0.1920 0.5741
vn 0.7949 0.2085 0.5698
vn 0.8474 0.1848 0.4978
vn 0.8460 0.2007 0.4939
vn 0.8907 0.1788 0.4179
vn 0.8890 0.1934 0.4150
vn 0.9252 0.1746 0.3369
vn 0.9236 0.1868 0.3349
vn 0.9515 0.1715 0.2555
vn 0.9499 0.1813 0.2545
vn 0.9646 0.1735 0.1986
vn 0.9640 0.1765 0.1989
vn 0.9749 0.1697 0.1440
vn 0.9739 0.1753 0.1439
vn 0.9834 0.1697 0.0637
vn 0.9830 0.1723 0.0639
vn 0.9851 0.1710 -0.0168
vn 0.9852 0.1703 -0.0169
vn 0.9806 0.1732 -0.0912
vn 0.9811 0.1701 -0.0919
vn 0.9705 0.1763 -0.1647
vn 0.9713 0.1700 -0.1663
vn 0.9531 0.1804 -0.2431
vn 0.9540 0.1716 -0.2460
vn 0.9288 0.1855 -0.3208
vn 0.9295 0.1745 -0.3250
vn 0.9048 0.1879 -0.3822
vn 0.9047 0.1808 -0.3858
vn 0.8752 0.1954 -0.4425
vn 0.8751 0.1815 -0.4486
vn 0.8307 0.2027 -0.5184
vn 0.8299 0.1878 -0.5254
vn 0.7781 0.2106 -0.5918
vn 0.7765 0.1951 -0.5992
vn 0.7431 0.2089 -0.6357
vn 0.7416 0.2067 -0.6382
vn 0.7053 0.2204 -0.6738
vn 0.7030 0.2050 -0.6810
vn 0.6344 0.2287 -0.7384
vn 0.6317 0.2141 -0.7451
vn 0.5556 0.2369 -0.7970
vn 0.5528 0.2233 -0.8029
vn 0.5044 0.2360 -0.8306
vn 0.5025 0.2338 -0.8324
vn 0.4528 0.2455 -0.8572
vn 0.4502 0.2342 -0.8617
vn 0.3615 0.2515 -0.8978
vn 0.3594 0.2422 -0.9012
vn 0.2651 0.2562 -0.9296
vn 0.2635 0.2491 -0.9319
vn 0.1990 0.2559 -0.9460
vn 0.1980 0.2543 -0.9466
vn 0.1331 0.2595 -0.9565
vn 0.1324 0.2559 -0.9576
vn 0.0319 0.2598 -0.9651
vn 0.0318 0.2589 -0.9654
vn -0.0701 0.2580 -0.9636
vn -0.0698 0.2599 -0.9631
vn -0.1642 0.2547 -0.9530
vn -0.1637 0.2586 -0.9520
vn -0.2560 0.2496 -0.9339
vn -0.2553 0.2566 -0.9322
vn -0.3401 0.2445 -0.9080
vn -0.3392 0.2516 -0.9064
vn -0.4207 0.2368 -0.8758
vn -0.4200 0.2480 -0.8730
vn -0.5071 0.2283 -0.8311
vn -0.5064 0.2414 -0.8278
vn -0.5874 0.2193 -0.7790
vn -0.5869 0.2339 -0.7751
vn -0.6378 0.2181 -0.7387
vn -0.6364 0.2236 -0.7382
vn -0.6850 0.2070 -0.6985
vn -0.6843 0.2233 -0.6941
vn -0.7505 0.1983 -0.6304
vn -0.7496 0.2149 -0.6260
vn -0.8082 0.1902 -0.5573
vn -0.8071 0.2068 -0.5531
vn -0.8582 0.1832 -0.4795
vn -0.8567 0.1990 -0.4759
vn -0.8993 0.1779 -0.3995
vn -0.8976 0.1918 -0.3968
vn -0.9318 0.1737 -0.3186
vn -0.9302 0.1855 -0.3167
vn -0.9475 0.1766 -0.2666
vn -0.9469 0.1791 -0.2672
vn -0.9609 0.1707 -0.2180
vn -0.9595 0.1790 -0.2174
vn -0.9759 0.1696 -0.1374
vn -0.9749 0.1750 -0.1374
vn -0.9839 0.1698 -0.0565
vn -0.9835 0.1720 -0.0566
vn -0.9851 0.1713 0.0155
vn -0.9852 0.1708 0.0156
vn -0.9811 0.1730 0.0866
vn -0.9816 0.1696 0.0872
vn -0.9703 0.1763 0.1655
vn -0.9712 0.1700 0.1672
vn -0.9528 0.1805 0.2441
vn -0.9537 0.1716 0.2470
vn -0.9325 0.1836 0.3109
vn -0.9330 0.1760 0.3140
vn -0.9065 0.1898 0.3770
vn -0.9069 0.1773 0.3822
vn -0.8691 0.1964 0.4540
vn -0.8688 0.1825 0.4602
vn -0.8239 0.2037 0.5289
vn -0.8229 0.1888 0.5359
vn -0.7917 0.2029 0.5763
vn -0.7904 0.1996 0.5792
vn -0.7557 0.2138 0.6190
vn -0.7538 0.1982 0.6265
vn -0.6910 0.2221 0.6879
vn -0.6885 0.2069 0.6951
vn -0.6180 0.2306 0.7516
vn -0.6152 0.2160 0.7582
vn -0.5732 0.2286 0.7869
vn -0.5714 0.2274 0.7885
vn -0.5281 0.2393 0.8148
vn -0.5064 0.0699 0.8595
vn -0.4657 -0.0490 0.8836
vn -0.5341 0.0813 0.8415
vn -0.4634 0.8850 -0.0460
vn -0.4737 0.8801 -0.0310
vn -0.4883 0.8715 -0.0449
vn -0.4988 0.8663 -0.0258
vn -0.5123 0.8580 -0.0365
vn -0.5193 0.8544 -0.0207
vn -0.5314 0.8466 -0.0284
vn -0.5343 0.8451 -0.0192
vn -0.5364 0.8437 -0.0216
vn -0.5385 0.8425 -0.0145
vn -0.5476 0.8365 -0.0187
vn -0.5493 0.8356 -0.0094
vn -0.5554 0.8315 -0.0114
vn -0.5562 0.8310 -0.0040
vn -0.5587 0.8294 -0.0045
vn -0.5588 0.8293 0.0011
vn -0.5581 0.8298 0.0012
vn -0.5579 0.8299 0.0066
vn -0.5541 0.8324 0.0066
vn -0.5530 0.8331 0.0131
vn -0.5459 0.8378 0.0122
vn -0.5439 0.8389 0.0200
vn -0.5337 0.8455 0.0175
vn -0.5310 0.8470 0.0253
vn -0.5219 0.8527 0.0227
vn -0.5178 0.8549 0.0328
vn -0.5033 0.8637 0.0263
vn -0.4958 0.8675 0.0405
vn -0.4799 0.8768 0.0316
vn -0.4677 0.8825 0.0504
vn -0.5449 0.8296 0.1215
vn -0.5295 0.8365 0.1409
vn -0.6055 0.7627 0.2271
vn -0.5833 0.7718 0.2532
vn -0.6431 0.6867 0.3391
vn -0.5949 0.7050 0.3861
vn -0.5777 0.6220 0.5287
vn -0.6053 0.4978 0.6212
vn -0.5644 0.5104 0.6489
vn -0.5748 0.3734 0.7281
vn -0.5314 0.3852 0.7545
vn -0.5253 0.2265 0.8202
vn -0.4415 0.2464 0.8628
vn -0.4232 0.0896 0.9016
vn -0.3104 0.0094 0.9505
vn -0.3674 0.0841 0.9263
vn -0.4228 0.0734 0.9032
vn -0.5016 0.8529 0.1450
vn -0.4676 0.8658 0.1781
vn -0.5330 0.7997 0.2763
vn -0.4836 0.8163 0.3158
vn -0.5357 0.7308 0.4230
vn -0.5001 0.7418 0.4468
vn -0.5389 0.6340 0.5547
vn -0.4985 0.6447 0.5795
vn -0.5213 0.5177 0.6784
vn -0.4388 0.5373 0.7202
vn -0.4449 0.3901 0.8061
vn -0.3537 0.4074 0.8420
vn -0.3468 0.2432 0.9059
vn -0.2847 0.2523 0.9248
vn -0.5283 0.8380 0.1368
vn -0.5102 0.8454 0.1582
vn -0.5786 0.7781 0.2447
vn -0.5370 0.7939 0.2853
vn -0.5934 0.7085 0.3819
vn -0.5368 0.7275 0.4272
vn -0.5776 0.6220 0.5287
vn -0.5390 0.6339 0.5547
vn -0.5639 0.5100 0.6495
vn -0.5214 0.5214 0.6755
vn -0.5303 0.3770 0.7593
vn -0.4461 0.3970 0.8021
vn -0.4389 0.2352 0.8672
vn -0.3488 0.2523 0.9026
vn -0.3307 0.0777 0.9405
vn -0.2701 0.0864 0.9589
vn -0.2713 0.0828 0.9589
vn -0.2194 0.0893 0.9715
vn -0.1716 0.0854 0.9815
vn -0.2039 0.0378 0.9783
vn -0.2204 0.2577 0.9408
vn -0.2833 0.2500 0.9259
vn -0.2894 0.4111 0.8644
vn -0.3527 0.4016 0.8452
vn -0.3488 0.5511 0.7580
vn -0.4386 0.5341 0.7228
vn -0.4201 0.6633 0.6193
vn -0.4632 0.7519 0.4691
vn -0.5005 0.7420 0.4460
vn -0.4489 0.8313 0.3278
vn -0.4805 0.8216 0.3069
vn -0.4192 0.8862 0.1971
vn -0.4603 0.8724 0.1643
vn -0.1144 0.0853 0.9898
vn -0.1139 0.0899 0.9894
vn -0.1206 0.2596 0.9581
vn -0.2192 0.2518 0.9426
vn -0.2244 0.4173 0.8806
vn -0.2886 0.4097 0.8654
vn -0.2859 0.5581 0.7790
vn -0.3485 0.5485 0.7600
vn -0.3343 0.6796 0.6530
vn -0.3902 0.7719 0.5020
vn -0.4625 0.7547 0.4653
vn -0.4163 0.8404 0.3470
vn -0.4496 0.8315 0.3262
vn -0.3865 0.9002 0.2008
vn -0.4133 0.8920 0.1832
vn -0.0128 0.9657 0.2595
vn -0.0100 0.9960 0.0886
vn 0.0155 0.0873 0.9961
vn -0.0170 0.0247 0.9995
vn -0.0186 0.2597 0.9655
vn -0.1199 0.2564 0.9591
vn -0.1230 0.4217 0.8984
vn -0.2237 0.4137 0.8825
vn -0.2218 0.5648 0.7948
vn -0.2855 0.5574 0.7796
vn -0.2740 0.6889 0.6710
vn -0.3104 0.7892 0.5299
vn -0.3899 0.7742 0.4987
vn -0.3501 0.8600 0.3713
vn -0.4142 0.8448 0.3388
vn -0.3590 0.9080 0.2161
vn -0.3875 0.9003 0.1982
vn -0.0174 0.9992 0.0359
vn 0.0089 0.9961 0.0873
vn 0.0374 0.9956 0.0865
vn 0.0555 0.9048 0.4221
vn 0.0468 0.9651 0.2578
vn 0.0472 0.9647 0.2592
vn 0.0371 0.9954 0.0883
vn 0.0654 0.0884 0.9939
vn 0.0649 0.0866 0.9941
vn 0.0688 0.2580 0.9637
vn -0.0185 0.2592 0.9657
vn -0.0190 0.4230 0.9059
vn -0.1226 0.4196 0.8994
vn -0.1217 0.5712 0.8118
vn -0.2215 0.5632 0.7961
vn -0.2128 0.6959 0.6859
vn -0.2740 0.6889 0.6711
vn -0.2543 0.7998 0.5437
vn -0.3103 0.7911 0.5271
vn -0.2780 0.8770 0.3919
vn -0.3489 0.8636 0.3641
vn -0.3006 0.9254 0.2308
vn -0.3549 0.9125 0.2032
vn -0.2928 0.9528 0.0798
vn -0.3133 0.9473 0.0667
vn -0.3167 0.9461 0.0673
vn -0.3337 0.9410 0.0562
vn -0.3472 0.9350 0.0722
vn -0.3748 0.9258 0.0501
vn -0.3902 0.9184 0.0654
vn -0.4120 0.9101 0.0440
vn -0.4285 0.9017 0.0581
vn -0.4389 0.8974 0.0457
vn -0.4440 0.8948 0.0473
vn -0.4472 0.8934 0.0435
vn 0.1394 0.8127 0.5658
vn 0.1240 0.9012 0.4154
vn 0.1247 0.8999 0.4179
vn 0.1052 0.9616 0.2535
vn 0.1064 0.9604 0.2576
vn 0.0831 0.9930 0.0839
vn -0.0659 0.9938 0.0896
vn -0.0647 0.9943 0.0851
vn -0.0824 0.9633 0.2556
vn -0.0127 0.9655 0.2600
vn -0.0150 0.9059 0.4232
vn 0.0552 0.9052 0.4213
vn 0.0620 0.8177 0.5723
vn 0.1390 0.8135 0.5646
vn 0.1499 0.7014 0.6968
vn -0.1229 0.9885 0.0887
vn -0.1161 0.9907 0.0711
vn -0.1502 0.9570 0.2482
vn -0.0822 0.9624 0.2589
vn -0.0970 0.9031 0.4183
vn -0.0149 0.9058 0.4235
vn -0.0168 0.8187 0.5739
vn 0.0619 0.8180 0.5719
vn 0.0667 0.7059 0.7052
vn 0.1560 0.5694 0.8071
vn -0.1558 0.9842 0.0838
vn -0.1534 0.9848 0.0809
vn -0.1941 0.9503 0.2433
vn -0.1504 0.9554 0.2543
vn -0.1766 0.8958 0.4078
vn -0.0968 0.9022 0.4204
vn -0.1085 0.8157 0.5683
vn -0.0168 0.8186 0.5741
vn -0.0181 0.7067 0.7073
vn 0.0695 0.5728 0.8167
vn 0.1562 0.5682 0.8079
vn 0.1574 0.4205 0.8935
vn -0.1928 0.9774 0.0867
vn -0.1869 0.9795 0.0749
vn -0.2365 0.9431 0.2336
vn -0.1936 0.9497 0.2461
vn -0.2277 0.8883 0.3989
vn -0.1765 0.8941 0.4116
vn -0.1976 0.8079 0.5552
vn -0.1084 0.8150 0.5692
vn -0.1168 0.7036 0.7010
vn -0.0181 0.7067 0.7072
vn -0.0188 0.5734 0.8191
vn 0.0695 0.5724 0.8170
vn 0.0700 0.4224 0.9037
vn 0.1579 0.4179 0.8947
vn 0.1542 0.2592 0.9534
vn 0.1878 0.0864 0.9784
vn 0.1441 0.0542 0.9881
vn 0.1548 0.2550 0.9545
vn 0.0685 0.2593 0.9633
vn 0.0702 0.4216 0.9041
vn -0.0190 0.4227 0.9061
vn -0.0188 0.5735 0.8190
vn -0.1215 0.5702 0.8125
vn -0.1975 0.8067 0.5569
vn -0.2546 0.8003 0.5429
vn -0.2272 0.8876 0.4006
vn -0.2775 0.8798 0.3859
vn -0.2378 0.9404 0.2430
vn -0.2981 0.9290 0.2194
vn -0.2370 0.9690 0.0693
vn -0.2452 0.9659 0.0831
vn 0.0720 0.9963 0.0475
vn 0.1043 0.9908 0.0859
vn 0.1372 0.9873 0.0796
vn 0.2393 0.0813 0.9675
vn 0.2529 0.2498 0.9347
vn 0.2522 0.2567 0.9330
vn 0.2575 0.4110 0.8745
vn 0.2569 0.4153 0.8727
vn 0.2546 0.5600 0.7884
vn 0.2542 0.5620 0.7871
vn 0.2441 0.6925 0.6789
vn 0.2441 0.6924 0.6789
vn 0.2263 0.8044 0.5493
vn 0.2270 0.8030 0.5511
vn 0.2018 0.8925 0.4033
vn 0.2033 0.8904 0.4073
vn 0.1714 0.9542 0.2452
vn 0.1738 0.9521 0.2517
vn 0.1379 0.9864 0.0890
vn 0.1885 0.9792 0.0745
vn 0.2506 0.9673 0.0396
vn 0.2684 0.9611 0.0655
vn 0.2332 0.9690 0.0820
vn 0.2907 0.9287 0.2303
vn 0.2865 0.9316 0.2238
vn 0.3384 0.8638 0.3733
vn 0.3359 0.8665 0.3693
vn 0.3771 0.7756 0.5063
vn 0.3759 0.7773 0.5045
vn 0.4055 0.6665 0.6255
vn 0.4055 0.6665 0.6256
vn 0.4231 0.5395 0.7279
vn 0.4238 0.5373 0.7292
vn 0.4292 0.3981 0.8108
vn 0.4303 0.3930 0.8126
vn 0.4239 0.2459 0.8717
vn 0.4248 0.2379 0.8735
vn 0.4055 0.0766 0.9109
vn 0.3666 0.0840 0.9266
vn 0.1907 0.9778 0.0872
vn 0.2389 0.9403 0.2424
vn 0.2348 0.9434 0.2341
vn 0.2786 0.8770 0.3916
vn 0.2762 0.8800 0.3863
vn 0.3105 0.7893 0.5297
vn 0.3095 0.7913 0.5274
vn 0.3339 0.6797 0.6531
vn 0.3479 0.5512 0.7583
vn 0.3486 0.5485 0.7600
vn 0.3524 0.4075 0.8425
vn 0.3532 0.4016 0.8450
vn 0.3470 0.2524 0.9033
vn 0.3477 0.2431 0.9056
vn 0.3237 0.0306 0.9457
vn 0.3208 0.0793 0.9438
s 0
f 1//1 2//1 3//1
f 3//2 2//2 4//2
f 3//2 4//2 5//2
f 5//3 4//3 6//3
f 5//3 6//3 7//3
f 7//4 6//4 8//4
f 7//4 8//4 9//4
f 9//5 8//5 10//5
f 9//5 10//5 11//5
f 11//6 10//6 12//6
f 11//6 12//6 13//6
f 13//7 12//7 14//7
f 13//7 14//7 15//7
f 15//8 14//8 16//8
f 15//8 16//8 17//8
f 17//9 16//9 18//9
f 17//9 18//9 19//9
f 19//10 18//10 20//10
f 19//10 20//10 21//10
f 21//11 20//11 22//11
f 21//11 22//11 23//11
f 23//12 22//12 24//12
f 23//12 24//12 25//12
f 25//13 24//13 26//13
f 25//13 26//13 27//13
f 27//14 26//14 28//14
f 27//14 28//14 29//14
f 29//15 28//15 30//15
f 29//15 30//15 31//15
f 31//16 30//16 32//16
f 31//16 32//16 33//16
f 33//17 32//17 34//17
f 33//17 34//17 35//17
f 35//18 34//18 36//18
f 35//18 36//18 37//18
f 37//19 36//19 38//19
f 37//19 38//19 39//19
f 39//20 38//20 40//20
f 39//20 40//20 41//20
f 41//21 40//21 42//21
f 41//21 42//21 43//21
f 43//22 42//22 44//22
f 43//22 44//22 45//22
f 45//23 44//23 46//23
f 45//23 46//23 47//23
f 47//24 46//24 48//24
f 47//24 48//24 49//24
f 49//25 48//25 50//25
f 49//25 50//25 51//25
f 51//26 50//26 52//26
f 51//26 52//26 53//26
f 53//27 52//27 54//27
f 53//27 54//27 55//27
f 55//28 54//28 56//28
f 55//28 56//28 57//28
f 57//29 56//29 58//29
f 57//29 58//29 59//29
f 59//30 58//30 60//30
f 59//30 60//30 61//30
f 61//31 60//31 62//31
f 61//31 62//31 63//31
f 63//32 62//32 64//32
f 63//32 64//32 65//32
f 65//33 64//33 66//33
f 65//33 66//33 67//33
f 67//34 66//34 68//34
f 67//34 68//34 69//34
f 69//35 68//35 70//35
f 69//35 70//35 71//35
f 71//36 70//36 72//36
f 71//36 72//36 1//36
f 1//1 72//1 2//1
f 73//37 74//37 75//37
f 76//37 77//37 78//37
f 73//37 75//37 78//37
f 78//37 75//37 79//37
f 78//37 79//37 76//37
f 80//37 81//37 82//37
f 83//37 84//37 85//37
f 85//37 84//37 86//37
f 85//38 86//38 87//38
f 88//37 89//37 85//37
f 85//39 89//39 90//39
f 85//37 90//37 91//37
f 91//37 90//37 92//37
f 91//38 92//38 93//38
f 94//37 95//37 96//37
f 96//37 95//37 97//37
f 96//37 97//37 98//37
f 99//37 100//37 101//37
f 101//38 100//38 102//38
f 101//37 102//37 80//37
f 80//37 102//37 103//37
f 80//37 103//37 81//37
f 74//37 73//37 85//37
f 85//37 73//37 104//37
f 85//38 104//38 83//38
f 87//37 105//37 85//37
f 85//38 105//38 106//38
f 85//39 106//39 88//39
f 93//37 107//37 91//37
f 91//38 107//38 108//38
f 91//39 108//39 109//39
f 109//37 110//37 91//37
f 91//39 110//39 111//39
f 91//37 111//37 112//37
f 77//37 113//37 78//37
f 78//37 113//37 99//37
f 78//37 99//37 114//37
f 114//37 99//37 101//37
f 114//37 101//37 115//37
f 82//37 116//37 94//37
f 94//37 116//37 117//37
f 94//37 117//37 95//37
f 98//37 118//37 96//37
f 96//37 118//37 119//37
f 96//37 119//37 120//37
f 120//37 119//37 91//37
f 120//39 91//39 121//39
f 121//37 91//37 112//37
f 101//37 122//37 123//37
f 123//37 124//37 101//37
f 101//37 124//37 125//37
f 101//37 125//37 126//37
f 127//37 128//37 80//37
f 126//37 129//37 101//37
f 101//40 129//40 130//40
f 101//37 130//37 115//37
f 82//37 94//37 80//37
f 80//37 94//37 131//37
f 80//37 131//37 127//37
f 128//41 132//41 80//41
f 80//37 132//37 133//37
f 80//37 133//37 134//37
f 134//37 135//37 80//37
f 80//37 135//37 136//37
f 80//37 136//37 137//37
f 138//42 139//42 140//42
f 140//42 139//42 141//42
f 140//42 141//42 142//42
f 142//42 141//42 143//42
f 142//42 143//42 144//42
f 144//42 143//42 145//42
f 144//42 145//42 146//42
f 146//42 145//42 147//42
f 146//42 147//42 148//42
f 148//42 147//42 149//42
f 148//42 149//42 150//42
f 150//42 149//42 151//42
f 150//42 151//42 152//42
f 152//42 151//42 153//42
f 152//42 153//42 154//42
f 154//42 153//42 155//42
f 154//42 155//42 156//42
f 156//42 155//42 157//42
f 156//42 157//42 158//42
f 158//42 157//42 159//42
f 158//42 159//42 160//42
f 160//42 159//42 161//42
f 160//42 161//42 162//42
f 162//42 161//42 163//42
f 162//42 163//42 164//42
f 164//42 163//42 165//42
f 164//42 165//42 166//42
f 166//42 165//42 167//42
f 166//42 167//42 168//42
f 168//42 167//42 169//42
f 168//42 169//42 170//42
f 170//42 169//42 171//42
f 170//42 171//42 172//42
f 172//42 171//42 173//42
f 172//42 173//42 174//42
f 174//42 173//42 175//42
f 174//42 175//42 176//42
f 176//42 175//42 177//42
f 176//42 177//42 178//42
f 178//42 177//42 179//42
f 178//42 179//42 180//42
f 180//42 179//42 181//42
f 180//42 181//42 182//42
f 182//42 181//42 183//42
f 182//42 183//42 184//42
f 184//42 183//42 185//42
f 184//42 185//42 186//42
f 186//42 185//42 187//42
f 186//42 187//42 188//42
f 188//42 187//42 189//42
f 188//42 189//42 190//42
f 190//42 189//42 191//42
f 190//42 191//42 192//42
f 192//42 191//42 193//42
f 192//42 193//42 194//42
f 194//42 193//42 195//42
f 194//42 195//42 196//42
f 196//42 195//42 197//42
f 196//42 197//42 198//42
f 199//43 200//43 201//43
f 201//43 200//43 202//43
f 203//43 204//43 205//43
f 205//43 204//43 206//43
f 205//43 206//43 207//43
f 207//43 206//43 208//43
f 207//43 208//43 209//43
f 209//43 208//43 210//43
f 209//43 210//43 211//43
f 211//43 210//43 212//43
f 211//43 212//43 213//43
f 213//43 212//43 214//43
f 213//43 214//43 215//43
f 215//43 214//43 216//43
f 215//43 216//43 217//43
f 217//43 216//43 218//43
f 217//43 218//43 219//43
f 219//43 218//43 220//43
f 219//43 220//43 221//43
f 221//43 220//43 222//43
f 221//43 222//43 223//43
f 223//43 222//43 224//43
f 223//43 224//43 225//43
f 225//43 224//43 226//43
f 225//43 226//43 227//43
f 227//43 226//43 228//43
f 227//43 228//43 229//43
f 229//43 228//43 230//43
f 229//43 230//43 231//43
f 231//43 230//43 232//43
f 231//43 232//43 233//43
f 233//43 232//43 234//43
f 233//43 234//43 235//43
f 235//43 234//43 236//43
f 235//43 236//43 237//43
f 237//43 236//43 238//43
f 237//43 238//43 239//43
f 239//43 238//43 240//43
f 239//43 240//43 241//43
f 241//43 240//43 242//43
f 241//43 242//43 243//43
f 243//43 242//43 244//43
f 243//43 244//43 245//43
f 245//43 244//43 246//43
f 245//43 246//43 247//43
f 247//43 246//43 248//43
f 247//43 248//43 249//43
f 249//43 248//43 250//43
f 249//43 250//43 251//43
f 251//43 250//43 252//43
f 251//43 252//43 253//43
f 253//43 252//43 254//43
f 253//43 254//43 255//43
f 255//43 254//43 256//43
f 255//43 256//43 257//43
f 257//43 256//43 258//43
f 257//43 258//43 202//43
f 202//43 258//43 259//43
f 202//43 259//43 201//43
f 260//44 261//44 262//44
f 263//44 264//44 265//44
f 262//44 261//44 265//44
f 265//44 261//44 266//44
f 265//44 266//44 263//44
f 267//44 268//44 269//44
f 263//44 270//44 264//44
f 264//44 270//44 271//44
f 264//44 271//44 272//44
f 273//44 274//44 275//44
f 275//44 274//44 276//44
f 275//44 276//44 277//44
f 271//44 278//44 272//44
f 272//44 278//44 279//44
f 272//44 279//44 276//44
f 276//44 279//44 280//44
f 276//44 280//44 277//44
f 269//44 268//44 262//44
f 262//44 268//44 281//44
f 262//44 281//44 260//44
f 282//44 283//44 284//44
f 285//44 286//44 287//44
f 287//44 286//44 288//44
f 285//44 287//44 289//44
f 289//44 287//44 290//44
f 289//44 290//44 291//44
f 292//44 293//44 269//44
f 269//44 293//44 294//44
f 269//44 294//44 267//44
f 295//44 296//44 297//44
f 295//44 297//44 298//44
f 299//44 300//44 301//44
f 301//44 300//44 282//44
f 301//44 282//44 302//44
f 302//44 282//44 284//44
f 303//44 284//44 304//44
f 304//44 284//44 283//44
f 304//44 283//44 305//44
f 305//44 283//44 306//44
f 305//44 306//44 307//44
f 307//44 306//44 288//44
f 307//44 288//44 308//44
f 308//44 288//44 286//44
f 309//44 310//44 269//44
f 269//44 310//44 311//44
f 269//44 311//44 292//44
f 312//44 313//44 314//44
f 314//44 313//44 315//44
f 299//44 316//44 300//44
f 300//44 316//44 317//44
f 300//44 317//44 318//44
f 296//44 319//44 297//44
f 297//44 319//44 320//44
f 297//44 320//44 269//44
f 269//44 320//44 321//44
f 269//44 321//44 309//44
f 322//44 323//44 324//44
f 324//44 323//44 325//44
f 324//44 325//44 326//44
f 326//44 325//44 327//44
f 326//44 327//44 328//44
f 328//44 327//44 329//44
f 328//44 329//44 330//44
f 330//44 329//44 331//44
f 330//44 331//44 332//44
f 332//44 331//44 333//44
f 332//44 333//44 297//44
f 297//44 333//44 334//44
f 297//44 334//44 298//44
f 318//44 335//44 300//44
f 300//44 335//44 336//44
f 300//44 336//44 337//44
f 315//44 338//44 314//44
f 314//44 338//44 339//44
f 314//44 339//44 322//44
f 322//44 339//44 340//44
f 322//44 340//44 323//44
f 337//44 341//44 300//44
f 300//44 341//44 342//44
f 300//44 342//44 314//44
f 314//44 342//44 343//44
f 314//44 343//44 312//44
f 344//45 345//45 346//45
f 347//45 348//45 349//45
f 349//45 348//45 350//45
f 345//45 351//45 346//45
f 346//45 351//45 352//45
f 346//45 352//45 353//45
f 344//45 346//45 354//45
f 354//45 346//45 355//45
f 354//45 355//45 356//45
f 353//45 357//45 346//45
f 346//45 357//45 358//45
f 346//45 358//45 359//45
f 349//45 360//45 361//45
f 350//45 362//45 349//45
f 349//45 362//45 363//45
f 349//45 363//45 364//45
f 364//45 363//45 365//45
f 364//45 365//45 366//45
f 359//45 367//45 346//45
f 346//45 367//45 368//45
f 346//45 368//45 349//45
f 349//45 368//45 369//45
f 349//45 369//45 360//45
f 361//45 370//45 349//45
f 349//45 370//45 371//45
f 349//45 371//45 347//45
f 372//46 373//46 374//46
f 374//47 373//47 375//47
f 374//48 375//48 376//48
f 197//49 195//49 377//49
f 377//50 195//50 378//50
f 379//51 380//51 375//51
f 375//52 380//52 381//52
f 381//53 382//53 375//53
f 375//54 382//54 383//54
f 375//55 383//55 376//55
f 291//56 290//56 384//56
f 384//57 385//57 291//57
f 291//58 385//58 386//58
f 291//59 386//59 379//59
f 379//60 386//60 387//60
f 379//61 387//61 380//61
f 189//62 388//62 191//62
f 191//62 388//62 389//62
f 191//63 389//63 193//63
f 193//64 389//64 390//64
f 193//65 390//65 195//65
f 195//65 390//65 373//65
f 195//66 373//66 378//66
f 378//67 373//67 372//67
f 391//68 356//68 355//68
f 392//69 393//69 394//69
f 394//70 393//70 395//70
f 394//71 395//71 355//71
f 355//72 395//72 396//72
f 355//73 396//73 391//73
f 198//74 397//74 196//74
f 196//75 397//75 398//75
f 398//76 399//76 400//76
f 400//77 399//77 401//77
f 401//78 402//78 400//78
f 400//79 402//79 403//79
f 400//80 403//80 394//80
f 394//81 403//81 404//81
f 394//82 404//82 392//82
f 398//83 400//83 196//83
f 196//84 400//84 405//84
f 196//84 405//84 194//84
f 194//85 405//85 406//85
f 194//85 406//85 192//85
f 192//86 406//86 407//86
f 192//86 407//86 190//86
f 190//87 407//87 408//87
f 190//87 408//87 188//87
f 409//88 273//88 410//88
f 410//89 273//89 411//89
f 409//90 412//90 273//90
f 273//91 412//91 413//91
f 273//56 413//56 274//56
f 414//48 415//48 416//48
f 416//92 415//92 417//92
f 417//93 418//93 416//93
f 416//94 418//94 419//94
f 416//95 419//95 411//95
f 411//96 419//96 420//96
f 411//97 420//97 410//97
f 202//49 200//49 421//49
f 414//98 416//98 422//98
f 422//99 416//99 423//99
f 422//100 423//100 424//100
f 421//101 424//101 202//101
f 202//66 424//66 423//66
f 202//65 423//65 257//65
f 257//65 423//65 425//65
f 257//64 425//64 255//64
f 255//63 425//63 426//63
f 255//62 426//62 253//62
f 253//62 426//62 427//62
f 428//74 199//74 201//74
f 429//102 430//102 431//102
f 431//103 430//103 432//103
f 431//104 432//104 433//104
f 428//105 201//105 433//105
f 366//68 434//68 364//68
f 364//106 434//106 435//106
f 364//107 435//107 436//107
f 436//108 435//108 437//108
f 436//109 437//109 438//109
f 438//110 439//110 436//110
f 436//111 439//111 440//111
f 436//112 440//112 431//112
f 431//113 440//113 441//113
f 431//114 441//114 429//114
f 433//83 201//83 431//83
f 431//84 201//84 259//84
f 431//84 259//84 442//84
f 442//85 259//85 258//85
f 442//85 258//85 443//85
f 443//86 258//86 256//86
f 443//86 256//86 444//86
f 444//87 256//87 254//87
f 444//87 254//87 445//87
f 276//115 363//115 272//115
f 272//115 363//115 362//115
f 272//116 362//116 264//116
f 264//116 362//116 350//116
f 264//117 350//117 265//117
f 265//117 350//117 348//117
f 265//118 348//118 262//118
f 262//118 348//118 347//118
f 262//119 347//119 269//119
f 269//119 347//119 371//119
f 269//120 371//120 297//120
f 297//120 371//120 370//120
f 344//121 287//121 345//121
f 345//121 287//121 288//121
f 345//122 288//122 351//122
f 351//122 288//122 306//122
f 351//123 306//123 352//123
f 352//123 306//123 283//123
f 352//124 283//124 353//124
f 353//124 283//124 282//124
f 353//125 282//125 357//125
f 357//125 282//125 300//125
f 357//126 300//126 358//126
f 358//126 300//126 314//126
f 349//127 446//127 447//127
f 448//127 449//127 450//127
f 450//127 449//127 451//127
f 450//127 451//127 447//127
f 447//127 451//127 346//127
f 447//127 346//127 349//127
f 452//128 453//128 454//128
f 455//129 456//129 457//129
f 457//130 456//130 458//130
f 459//131 460//131 461//131
f 459//132 461//132 462//132
f 461//133 463//133 462//133
f 462//134 463//134 464//134
f 462//135 464//135 465//135
f 465//136 464//136 466//136
f 465//137 466//137 458//137
f 458//138 466//138 467//138
f 458//139 467//139 457//139
f 460//140 459//140 468//140
f 468//141 459//141 469//141
f 468//142 469//142 470//142
f 470//143 469//143 471//143
f 470//144 471//144 472//144
f 473//145 474//145 475//145
f 475//146 476//146 473//146
f 473//147 476//147 477//147
f 473//148 477//148 478//148
f 478//149 477//149 479//149
f 478//150 479//150 471//150
f 471//151 479//151 480//151
f 471//152 480//152 472//152
f 481//153 482//153 483//153
f 483//154 484//154 481//154
f 481//155 484//155 485//155
f 481//156 485//156 486//156
f 486//157 485//157 487//157
f 486//158 487//158 474//158
f 474//159 487//159 488//159
f 474//160 488//160 475//160
f 489//161 490//161 491//161
f 491//162 490//162 492//162
f 491//163 492//163 482//163
f 482//164 492//164 493//164
f 482//165 493//165 483//165
f 494//166 495//166 496//166
f 496//167 495//167 497//167
f 496//168 498//168 494//168
f 494//169 498//169 499//169
f 494//170 499//170 500//170
f 500//171 499//171 501//171
f 500//172 501//172 502//172
f 502//173 501//173 503//173
f 502//174 503//174 489//174
f 489//175 503//175 504//175
f 489//176 504//176 490//176
f 497//177 495//177 505//177
f 505//178 495//178 506//178
f 505//179 506//179 507//179
f 507//180 506//180 508//180
f 507//181 508//181 509//181
f 509//182 508//182 510//182
f 509//183 510//183 511//183
f 512//184 513//184 514//184
f 512//185 514//185 515//185
f 514//186 516//186 515//186
f 515//187 516//187 517//187
f 515//188 517//188 518//188
f 518//189 517//189 519//189
f 518//190 519//190 510//190
f 510//191 519//191 520//191
f 510//192 520//192 511//192
f 521//193 522//193 523//193
f 523//194 522//194 524//194
f 523//195 524//195 512//195
f 512//196 524//196 525//196
f 512//197 525//197 513//197
f 526//198 527//198 528//198
f 528//199 527//199 529//199
f 528//200 529//200 530//200
f 530//201 529//201 531//201
f 530//202 531//202 532//202
f 526//203 533//203 527//203
f 527//204 533//204 534//204
f 527//205 534//205 535//205
f 535//206 534//206 536//206
f 535//207 536//207 521//207
f 521//208 536//208 537//208
f 521//209 537//209 522//209
f 538//210 539//210 540//210
f 540//211 539//211 541//211
f 540//212 541//212 542//212
f 542//213 541//213 543//213
f 542//214 543//214 531//214
f 531//215 543//215 544//215
f 531//216 544//216 532//216
f 545//217 546//217 547//217
f 547//218 546//218 548//218
f 547//219 548//219 549//219
f 549//220 548//220 550//220
f 549//221 550//221 551//221
f 551//222 550//222 552//222
f 551//223 552//223 553//223
f 553//224 552//224 554//224
f 553//225 554//225 540//225
f 540//226 554//226 555//226
f 540//227 555//227 538//227
f 545//228 547//228 556//228
f 556//229 547//229 557//229
f 556//230 557//230 558//230
f 558//231 557//231 559//231
f 559//232 557//232 560//232
f 559//233 560//233 561//233
f 561//234 560//234 562//234
f 561//235 562//235 563//235
f 563//236 562//236 564//236
f 563//237 564//237 565//237
f 565//238 564//238 566//238
f 566//239 564//239 567//239
f 566//240 567//240 568//240
f 568//241 567//241 569//241
f 568//242 569//242 570//242
f 571//243 572//243 573//243
f 573//244 574//244 571//244
f 571//245 574//245 575//245
f 571//246 575//246 576//246
f 576//247 575//247 577//247
f 576//248 577//248 569//248
f 569//249 577//249 578//249
f 569//250 578//250 570//250
f 579//251 580//251 581//251
f 581//252 582//252 579//252
f 579//253 582//253 583//253
f 579//254 583//254 584//254
f 584//255 583//255 585//255
f 584//256 585//256 572//256
f 572//257 585//257 586//257
f 572//258 586//258 573//258
f 587//259 588//259 589//259
f 589//260 588//260 590//260
f 589//261 590//261 580//261
f 580//262 590//262 591//262
f 580//263 591//263 581//263
f 454//264 453//264 592//264
f 454//265 593//265 452//265
f 452//266 593//266 594//266
f 452//267 594//267 595//267
f 595//268 594//268 596//268
f 595//269 596//269 597//269
f 597//270 596//270 598//270
f 597//271 598//271 587//271
f 587//272 598//272 599//272
f 587//273 599//273 588//273
f 600//274 601//274 602//274
f 602//275 601//275 603//275
f 600//276 604//276 601//276
f 601//277 604//277 605//277
f 601//278 605//278 606//278
f 606//279 605//279 607//279
f 606//280 607//280 608//280
f 608//281 607//281 609//281
f 608//282 609//282 453//282
f 453//283 609//283 610//283
f 453//284 610//284 592//284
f 611//285 612//285 613//285
f 611//286 613//286 614//286
f 613//287 615//287 614//287
f 614//288 615//288 616//288
f 614//289 616//289 603//289
f 603//290 616//290 617//290
f 603//291 617//291 602//291
f 618//292 619//292 620//292
f 620//293 619//293 621//293
f 620//294 621//294 611//294
f 611//295 621//295 622//295
f 611//296 622//296 612//296
f 623//297 624//297 625//297
f 625//298 624//298 626//298
f 625//299 626//299 627//299
f 627//300 626//300 628//300
f 627//301 628//301 629//301
f 623//302 630//302 624//302
f 624//303 630//303 631//303
f 624//304 631//304 632//304
f 632//305 631//305 633//305
f 632//306 633//306 618//306
f 618//307 633//307 634//307
f 618//308 634//308 619//308
f 635//309 636//309 637//309
f 637//310 636//310 638//310
f 637//311 638//311 639//311
f 639//312 638//312 640//312
f 639//313 640//313 628//313
f 628//314 640//314 641//314
f 628//315 641//315 629//315
f 455//316 642//316 456//316
f 456//317 642//317 643//317
f 456//318 643//318 644//318
f 644//319 643//319 645//319
f 644//320 645//320 646//320
f 646//321 645//321 647//321
f 646//322 647//322 648//322
f 648//323 647//323 649//323
f 648//324 649//324 637//324
f 637//325 649//325 650//325
f 637//326 650//326 635//326
f 651//327 652//327 653//327
f 654//328 655//328 652//328
f 652//329 655//329 656//329
f 652//148 656//148 653//148
f 657//330 658//330 654//330
f 654//331 658//331 659//331
f 654//158 659//158 655//158
f 660//332 661//332 657//332
f 657//333 661//333 662//333
f 657//334 662//334 658//334
f 663//335 664//335 660//335
f 660//336 664//336 665//336
f 660//337 665//337 661//337
f 666//338 667//338 663//338
f 663//339 667//339 668//339
f 663//172 668//172 664//172
f 669//340 670//340 666//340
f 666//341 670//341 671//341
f 666//342 671//342 667//342
f 672//343 673//343 669//343
f 669//344 673//344 674//344
f 669//345 674//345 670//345
f 675//346 676//346 672//346
f 672//188 676//188 677//188
f 672//347 677//347 673//347
f 678//348 679//348 675//348
f 675//349 679//349 680//349
f 675//350 680//350 676//350
f 681//351 682//351 678//351
f 678//352 682//352 683//352
f 678//193 683//193 679//193
f 684//353 685//353 681//353
f 681//354 685//354 686//354
f 681//205 686//205 682//205
f 687//355 688//355 684//355
f 684//356 688//356 689//356
f 684//201 689//201 685//201
f 690//357 691//357 687//357
f 687//358 691//358 692//358
f 687//359 692//359 688//359
f 693//360 694//360 690//360
f 690//361 694//361 695//361
f 690//223 695//223 691//223
f 696//362 697//362 693//362
f 693//363 697//363 698//363
f 693//364 698//364 694//364
f 699//365 700//365 696//365
f 696//366 700//366 701//366
f 696//232 701//232 697//232
f 702//367 703//367 699//367
f 699//368 703//368 704//368
f 699//369 704//369 700//369
f 705//370 706//370 702//370
f 702//371 706//371 707//371
f 702//372 707//372 703//372
f 708//373 709//373 705//373
f 705//374 709//374 710//374
f 705//246 710//246 706//246
f 711//375 712//375 708//375
f 708//376 712//376 713//376
f 708//256 713//256 709//256
f 714//377 715//377 711//377
f 711//378 715//378 716//378
f 711//379 716//379 712//379
f 717//380 718//380 714//380
f 714//381 718//381 719//381
f 714//382 719//382 715//382
f 720//383 721//383 717//383
f 717//384 721//384 722//384
f 717//269 722//269 718//269
f 723//385 724//385 720//385
f 720//386 724//386 725//386
f 720//387 725//387 721//387
f 726//388 727//388 723//388
f 723//389 727//389 728//389
f 723//390 728//390 724//390
f 729//391 730//391 726//391
f 726//392 730//392 731//392
f 726//393 731//393 727//393
f 732//394 733//394 729//394
f 729//395 733//395 734//395
f 729//396 734//396 730//396
f 735//397 736//397 732//397
f 732//398 736//398 737//398
f 732//292 737//292 733//292
f 738//399 739//399 735//399
f 735//400 739//400 740//400
f 735//304 740//304 736//304
f 741//401 742//401 738//401
f 738//402 742//402 743//402
f 738//300 743//300 739//300
f 744//403 745//403 741//403
f 741//404 745//404 746//404
f 741//405 746//405 742//405
f 747//406 748//406 744//406
f 744//407 748//407 749//407
f 744//322 749//322 745//322
f 750//408 751//408 747//408
f 747//409 751//409 752//409
f 747//410 752//410 748//410
f 753//411 754//411 750//411
f 750//412 754//412 755//412
f 750//137 755//137 751//137
f 653//413 756//413 651//413
f 651//414 756//414 757//414
f 651//415 757//415 753//415
f 753//416 757//416 758//416
f 753//417 758//417 754//417
f 59//37 735//37 57//37
f 57//37 735//37 732//37
f 57//37 732//37 55//37
f 55//37 732//37 729//37
f 55//37 729//37 53//37
f 53//37 729//37 726//37
f 53//37 726//37 51//37
f 51//37 726//37 723//37
f 51//37 723//37 49//37
f 49//37 723//37 720//37
f 49//37 720//37 47//37
f 47//418 720//418 717//418
f 47//37 717//37 45//37
f 45//419 717//419 714//419
f 45//37 714//37 43//37
f 43//37 714//37 711//37
f 43//37 711//37 41//37
f 41//37 711//37 708//37
f 41//37 708//37 39//37
f 39//37 708//37 705//37
f 39//37 705//37 759//37
f 759//37 705//37 702//37
f 759//37 702//37 35//37
f 35//37 702//37 699//37
f 35//37 699//37 33//37
f 33//37 699//37 696//37
f 33//37 696//37 31//37
f 31//37 696//37 693//37
f 31//37 693//37 29//37
f 29//37 693//37 690//37
f 29//37 690//37 27//37
f 27//418 690//418 687//418
f 27//419 687//419 25//419
f 25//37 687//37 684//37
f 25//37 684//37 23//37
f 23//37 684//37 681//37
f 23//37 681//37 21//37
f 21//37 681//37 678//37
f 21//37 678//37 19//37
f 19//37 678//37 675//37
f 19//37 675//37 17//37
f 17//37 675//37 672//37
f 17//37 672//37 15//37
f 15//37 672//37 669//37
f 15//37 669//37 13//37
f 13//37 669//37 666//37
f 13//37 666//37 11//37
f 11//419 666//419 663//419
f 11//37 663//37 9//37
f 9//418 663//418 660//418
f 9//37 660//37 7//37
f 7//37 660//37 657//37
f 7//37 657//37 5//37
f 5//37 657//37 654//37
f 5//37 654//37 3//37
f 3//37 654//37 652//37
f 3//37 652//37 1//37
f 1//37 652//37 760//37
f 1//37 760//37 71//37
f 71//37 760//37 753//37
f 71//37 753//37 69//37
f 69//37 753//37 750//37
f 69//37 750//37 67//37
f 67//37 750//37 747//37
f 67//37 747//37 65//37
f 65//37 747//37 744//37
f 65//37 744//37 63//37
f 63//419 744//419 741//419
f 63//418 741//418 61//418
f 61//37 741//37 738//37
f 61//37 738//37 59//37
f 59//37 738//37 735//37
f 761//420 762//420 763//420
f 764//421 582//421 765//421
f 765//422 582//422 581//422
f 591//423 766//423 581//423
f 581//424 766//424 767//424
f 581//425 767//425 765//425
f 768//426 575//426 574//426
f 768//427 574//427 769//427
f 573//428 586//428 770//428
f 770//429 586//429 585//429
f 770//430 585//430 764//430
f 764//431 585//431 583//431
f 764//432 583//432 582//432
f 575//433 768//433 577//433
f 577//434 768//434 771//434
f 577//435 771//435 578//435
f 578//436 771//436 772//436
f 578//437 772//437 570//437
f 570//438 772//438 568//438
f 568//439 772//439 773//439
f 568//440 773//440 566//440
f 566//441 773//441 565//441
f 565//442 773//442 774//442
f 565//443 774//443 563//443
f 563//444 774//444 775//444
f 563//445 775//445 561//445
f 561//446 775//446 776//446
f 561//447 776//447 559//447
f 559//448 776//448 763//448
f 559//449 763//449 558//449
f 558//450 763//450 762//450
f 558//451 762//451 556//451
f 556//452 762//452 545//452
f 545//453 762//453 761//453
f 545//454 761//454 546//454
f 546//455 761//455 777//455
f 546//456 777//456 548//456
f 574//457 573//457 769//457
f 769//458 573//458 770//458
f 769//459 770//459 778//459
f 778//460 770//460 764//460
f 778//461 764//461 779//461
f 779//462 764//462 765//462
f 780//463 781//463 782//463
f 528//464 783//464 784//464
f 538//465 555//465 785//465
f 786//466 787//466 788//466
f 788//467 787//467 789//467
f 790//468 791//468 792//468
f 492//469 490//469 793//469
f 794//470 795//470 793//470
f 793//471 795//471 493//471
f 793//472 493//472 492//472
f 793//473 796//473 794//473
f 794//474 796//474 797//474
f 794//475 797//475 798//475
f 798//476 797//476 799//476
f 798//477 799//477 800//477
f 801//478 802//478 803//478
f 803//479 802//479 804//479
f 803//480 804//480 799//480
f 799//481 804//481 805//481
f 799//482 805//482 800//482
f 791//483 790//483 806//483
f 792//484 781//484 807//484
f 807//485 781//485 780//485
f 807//486 780//486 808//486
f 809//487 810//487 811//487
f 812//488 813//488 814//488
f 814//489 813//489 815//489
f 816//490 817//490 818//490
f 817//491 816//491 819//491
f 820//492 821//492 822//492
f 822//493 821//493 823//493
f 824//494 825//494 826//494
f 824//495 826//495 827//495
f 827//496 826//496 828//496
f 827//497 828//497 829//497
f 828//498 830//498 829//498
f 829//499 830//499 831//499
f 829//500 831//500 832//500
f 833//501 834//501 835//501
f 835//502 834//502 836//502
f 835//503 836//503 832//503
f 832//504 831//504 835//504
f 835//505 831//505 837//505
f 835//506 837//506 833//506
f 838//507 839//507 840//507
f 840//508 839//508 841//508
f 842//509 843//509 844//509
f 843//510 842//510 845//510
f 846//511 847//511 848//511
f 848//512 847//512 849//512
f 548//513 849//513 550//513
f 550//514 849//514 847//514
f 550//515 847//515 552//515
f 552//516 847//516 554//516
f 850//517 543//517 541//517
f 543//518 850//518 544//518
f 544//519 850//519 851//519
f 544//520 851//520 532//520
f 783//521 528//521 851//521
f 851//522 528//522 530//522
f 851//523 530//523 532//523
f 536//524 534//524 852//524
f 852//525 534//525 533//525
f 852//526 533//526 784//526
f 784//527 533//527 526//527
f 784//528 526//528 528//528
f 537//529 853//529 522//529
f 522//530 853//530 854//530
f 522//531 854//531 524//531
f 524//532 854//532 525//532
f 513//533 855//533 856//533
f 519//534 517//534 857//534
f 857//535 517//535 516//535
f 857//536 516//536 514//536
f 505//537 507//537 858//537
f 858//538 507//538 509//538
f 858//539 509//539 859//539
f 859//540 509//540 511//540
f 859//541 511//541 520//541
f 858//542 860//542 505//542
f 505//543 860//543 861//543
f 505//544 861//544 862//544
f 498//545 496//545 862//545
f 862//546 496//546 497//546
f 862//547 497//547 505//547
f 503//548 501//548 863//548
f 864//549 865//549 866//549
f 866//550 865//550 867//550
f 866//550 867//550 868//550
f 841//551 864//551 840//551
f 840//552 864//552 866//552
f 840//553 866//553 869//553
f 869//554 866//554 868//554
f 869//555 868//555 870//555
f 871//556 839//556 844//556
f 844//557 839//557 838//557
f 844//558 838//558 842//558
f 842//559 838//559 840//559
f 842//560 840//560 872//560
f 872//561 840//561 869//561
f 846//562 873//562 847//562
f 847//563 873//563 874//563
f 847//564 874//564 554//564
f 848//511 875//511 846//511
f 846//565 875//565 876//565
f 846//566 876//566 873//566
f 873//567 876//567 785//567
f 873//567 785//567 874//567
f 874//568 785//568 555//568
f 874//569 555//569 554//569
f 539//570 538//570 870//570
f 870//571 538//571 785//571
f 870//572 785//572 869//572
f 869//573 785//573 876//573
f 869//561 876//561 872//561
f 872//574 876//574 875//574
f 872//575 875//575 842//575
f 842//511 875//511 848//511
f 842//576 848//576 845//576
f 877//577 878//577 879//577
f 879//578 878//578 880//578
f 879//579 880//579 881//579
f 881//580 880//580 882//580
f 881//581 882//581 883//581
f 883//582 882//582 884//582
f 883//583 884//583 885//583
f 886//584 885//584 887//584
f 887//585 885//585 884//585
f 887//586 884//586 888//586
f 888//587 884//587 882//587
f 888//588 882//588 889//588
f 889//580 882//580 880//580
f 889//589 880//589 890//589
f 890//590 880//590 878//590
f 850//591 886//591 851//591
f 851//592 886//592 887//592
f 851//593 887//593 783//593
f 783//594 887//594 888//594
f 783//595 888//595 784//595
f 784//596 888//596 889//596
f 784//597 889//597 852//597
f 852//598 889//598 890//598
f 513//599 525//599 855//599
f 855//600 525//600 854//600
f 855//601 854//601 891//601
f 891//602 854//602 853//602
f 891//603 853//603 892//603
f 893//604 894//604 895//604
f 895//605 894//605 896//605
f 893//606 897//606 894//606
f 894//607 897//607 898//607
f 894//608 898//608 896//608
f 514//609 513//609 857//609
f 857//610 513//610 856//610
f 857//611 856//611 899//611
f 899//612 856//612 896//612
f 899//613 896//613 900//613
f 900//614 896//614 898//614
f 901//615 902//615 903//615
f 903//616 902//616 904//616
f 903//617 904//617 782//617
f 782//463 781//463 903//463
f 903//618 781//618 905//618
f 903//619 905//619 901//619
f 897//620 861//620 898//620
f 898//621 861//621 860//621
f 898//622 860//622 900//622
f 900//623 860//623 858//623
f 900//624 858//624 899//624
f 899//625 858//625 859//625
f 899//626 859//626 857//626
f 857//627 859//627 520//627
f 857//628 520//628 519//628
f 792//629 791//629 781//629
f 781//630 791//630 806//630
f 781//631 806//631 905//631
f 905//632 806//632 906//632
f 905//633 906//633 901//633
f 901//634 906//634 907//634
f 901//635 907//635 902//635
f 908//636 909//636 910//636
f 910//637 909//637 911//637
f 912//638 913//638 914//638
f 914//639 913//639 915//639
f 914//640 915//640 908//640
f 908//641 915//641 916//641
f 908//642 916//642 909//642
f 909//643 916//643 863//643
f 909//644 863//644 911//644
f 504//645 503//645 917//645
f 917//646 503//646 863//646
f 917//647 863//647 918//647
f 918//648 863//648 916//648
f 918//649 916//649 907//649
f 907//650 916//650 915//650
f 907//650 915//650 902//650
f 902//651 915//651 913//651
f 902//652 913//652 904//652
f 904//653 913//653 912//653
f 904//654 912//654 782//654
f 790//655 801//655 806//655
f 806//656 801//656 803//656
f 806//657 803//657 906//657
f 906//658 803//658 799//658
f 906//659 799//659 907//659
f 907//660 799//660 797//660
f 907//661 797//661 918//661
f 918//662 797//662 796//662
f 918//663 796//663 917//663
f 917//664 796//664 793//664
f 917//665 793//665 504//665
f 504//666 793//666 490//666
f 822//667 819//667 820//667
f 820//668 819//668 816//668
f 820//669 816//669 815//669
f 815//670 816//670 818//670
f 815//671 818//671 814//671
f 501//672 499//672 863//672
f 863//673 499//673 498//673
f 863//674 498//674 911//674
f 911//675 498//675 862//675
f 911//676 862//676 910//676
f 910//677 862//677 861//677
f 910//677 861//677 908//677
f 908//678 861//678 897//678
f 908//679 897//679 914//679
f 914//680 897//680 893//680
f 914//681 893//681 912//681
f 912//682 893//682 895//682
f 912//683 895//683 782//683
f 782//683 895//683 811//683
f 782//684 811//684 780//684
f 780//685 811//685 810//685
f 780//686 810//686 808//686
f 812//687 809//687 813//687
f 813//688 809//688 811//688
f 813//689 811//689 815//689
f 815//690 811//690 895//690
f 815//691 895//691 820//691
f 820//692 895//692 896//692
f 820//693 896//693 821//693
f 821//694 896//694 856//694
f 821//695 856//695 823//695
f 823//533 856//533 855//533
f 823//696 855//696 877//696
f 877//697 855//697 891//697
f 877//698 891//698 878//698
f 878//603 891//603 892//603
f 878//699 892//699 890//699
f 890//699 892//699 853//699
f 890//700 853//700 852//700
f 852//701 853//701 537//701
f 852//702 537//702 536//702
f 841//703 919//703 864//703
f 864//704 919//704 786//704
f 864//705 786//705 865//705
f 865//706 786//706 788//706
f 865//707 788//707 837//707
f 837//708 788//708 789//708
f 837//709 789//709 833//709
f 825//710 822//710 826//710
f 826//710 822//710 823//710
f 826//711 823//711 828//711
f 828//712 823//712 877//712
f 828//713 877//713 830//713
f 830//577 877//577 879//577
f 830//714 879//714 831//714
f 831//715 879//715 881//715
f 831//716 881//716 837//716
f 837//717 881//717 883//717
f 837//718 883//718 865//718
f 865//719 883//719 885//719
f 865//720 885//720 867//720
f 867//721 885//721 886//721
f 867//722 886//722 868//722
f 868//723 886//723 850//723
f 868//724 850//724 870//724
f 870//725 850//725 541//725
f 870//726 541//726 539//726
f 920//727 921//727 922//727
f 635//728 650//728 923//728
f 924//729 925//729 926//729
f 926//730 925//730 927//730
f 928//731 929//731 930//731
f 929//732 928//732 931//732
f 930//733 921//733 932//733
f 932//734 921//734 920//734
f 932//735 920//735 933//735
f 934//736 935//736 936//736
f 937//737 938//737 939//737
f 939//738 938//738 940//738
f 941//739 942//739 943//739
f 942//740 941//740 944//740
f 945//741 946//741 947//741
f 947//742 946//742 948//742
f 949//743 950//743 951//743
f 949//744 951//744 952//744
f 952//745 951//745 953//745
f 952//746 953//746 954//746
f 953//747 955//747 954//747
f 954//748 955//748 956//748
f 954//749 956//749 957//749
f 958//750 959//750 960//750
f 960//751 959//751 961//751
f 960//752 961//752 957//752
f 957//753 956//753 960//753
f 960//754 956//754 962//754
f 960//755 962//755 958//755
f 963//756 964//756 965//756
f 965//757 964//757 966//757
f 967//758 968//758 969//758
f 968//759 967//759 970//759
f 971//760 972//760 973//760
f 973//761 972//761 974//761
f 643//762 974//762 645//762
f 645//763 974//763 972//763
f 645//764 972//764 647//764
f 647//765 972//765 649//765
f 975//766 641//766 976//766
f 976//767 641//767 640//767
f 976//768 640//768 638//768
f 625//769 627//769 975//769
f 975//770 627//770 629//770
f 975//771 629//771 641//771
f 975//772 977//772 625//772
f 625//773 977//773 978//773
f 625//774 978//774 623//774
f 623//775 978//775 630//775
f 630//776 978//776 979//776
f 630//777 979//777 631//777
f 622//778 621//778 980//778
f 980//779 621//779 619//779
f 980//780 619//780 981//780
f 981//781 619//781 634//781
f 981//782 634//782 633//782
f 982//783 615//783 983//783
f 983//784 615//784 613//784
f 983//785 613//785 612//785
f 616//786 984//786 617//786
f 617//787 984//787 602//787
f 985//788 986//788 609//788
f 609//789 986//789 987//789
f 609//790 987//790 610//790
f 609//791 607//791 985//791
f 985//792 607//792 605//792
f 985//793 605//793 988//793
f 988//794 605//794 604//794
f 988//795 604//795 600//795
f 598//796 596//796 989//796
f 989//797 596//797 594//797
f 989//798 594//798 593//798
f 590//799 588//799 990//799
f 991//800 992//800 990//800
f 990//801 992//801 591//801
f 990//802 591//802 590//802
f 990//803 993//803 991//803
f 991//803 993//803 994//803
f 991//804 994//804 995//804
f 995//805 994//805 996//805
f 995//806 996//806 997//806
f 998//807 999//807 1000//807
f 1000//808 999//808 1001//808
f 1000//809 1001//809 996//809
f 996//810 1001//810 1002//810
f 996//811 1002//811 997//811
f 1003//812 1004//812 1005//812
f 1005//813 1004//813 1006//813
f 1005//813 1006//813 1007//813
f 966//814 1003//814 965//814
f 965//815 1003//815 1005//815
f 965//816 1005//816 1008//816
f 1008//817 1005//817 1007//817
f 1008//818 1007//818 1009//818
f 1010//819 964//819 969//819
f 969//820 964//820 963//820
f 969//821 963//821 967//821
f 967//822 963//822 965//822
f 967//823 965//823 1011//823
f 1011//824 965//824 1008//824
f 971//825 1012//825 972//825
f 972//826 1012//826 1013//826
f 972//827 1013//827 649//827
f 973//760 1014//760 971//760
f 971//828 1014//828 1015//828
f 971//829 1015//829 1012//829
f 1012//830 1015//830 923//830
f 1012//830 923//830 1013//830
f 1013//831 923//831 650//831
f 1013//832 650//832 649//832
f 636//833 635//833 1009//833
f 1009//834 635//834 923//834
f 1009//835 923//835 1008//835
f 1008//836 923//836 1015//836
f 1008//824 1015//824 1011//824
f 1011//837 1015//837 1014//837
f 1011//838 1014//838 967//838
f 967//760 1014//760 973//760
f 967//839 973//839 970//839
f 1016//840 1017//840 1018//840
f 1018//841 1017//841 1019//841
f 1018//842 1019//842 1020//842
f 1020//843 1019//843 1021//843
f 1020//844 1021//844 1022//844
f 1022//845 1021//845 1023//845
f 1022//846 1023//846 1024//846
f 1025//847 1024//847 1026//847
f 1026//848 1024//848 1023//848
f 1026//849 1023//849 1027//849
f 1027//850 1023//850 1021//850
f 1027//851 1021//851 1028//851
f 1028//843 1021//843 1019//843
f 1028//852 1019//852 1029//852
f 1029//853 1019//853 1017//853
f 976//854 1025//854 975//854
f 975//855 1025//855 1026//855
f 975//856 1026//856 977//856
f 977//857 1026//857 1027//857
f 977//858 1027//858 978//858
f 978//859 1027//859 1028//859
f 978//860 1028//860 979//860
f 979//861 1028//861 1029//861
f 612//862 622//862 983//862
f 983//863 622//863 980//863
f 983//864 980//864 1030//864
f 1030//865 980//865 981//865
f 1030//866 981//866 1031//866
f 1032//867 1033//867 1034//867
f 1034//868 1033//868 1035//868
f 1032//869 1036//869 1033//869
f 1033//870 1036//870 1037//870
f 1033//871 1037//871 1035//871
f 616//872 615//872 984//872
f 984//872 615//872 982//872
f 984//873 982//873 1038//873
f 1038//874 982//874 1035//874
f 1038//875 1035//875 1039//875
f 1039//876 1035//876 1037//876
f 1040//877 1041//877 1042//877
f 1042//878 1041//878 1043//878
f 1042//879 1043//879 922//879
f 922//727 921//727 1042//727
f 1042//880 921//880 1044//880
f 1042//881 1044//881 1040//881
f 1036//882 987//882 1037//882
f 1037//883 987//883 986//883
f 1037//884 986//884 1039//884
f 1039//885 986//885 985//885
f 1039//886 985//886 1038//886
f 1038//887 985//887 988//887
f 1038//888 988//888 984//888
f 984//889 988//889 600//889
f 984//890 600//890 602//890
f 930//891 929//891 921//891
f 921//892 929//892 931//892
f 921//893 931//893 1044//893
f 1044//894 931//894 1045//894
f 1044//895 1045//895 1040//895
f 1040//896 1045//896 1046//896
f 1040//897 1046//897 1041//897
f 1047//898 1048//898 1049//898
f 1049//899 1048//899 1050//899
f 1049//900 1050//900 1051//900
f 454//901 1051//901 593//901
f 593//902 1051//902 1050//902
f 593//903 1050//903 989//903
f 989//904 1050//904 1048//904
f 989//905 1048//905 1052//905
f 1052//906 1048//906 1047//906
f 1052//907 1047//907 1053//907
f 1053//908 1047//908 1054//908
f 1053//909 1054//909 1055//909
f 1055//910 1054//910 1056//910
f 599//911 598//911 1057//911
f 1057//912 598//912 989//912
f 1057//913 989//913 1058//913
f 1058//914 989//914 1052//914
f 1058//915 1052//915 1046//915
f 1046//916 1052//916 1053//916
f 1046//916 1053//916 1041//916
f 1041//917 1053//917 1055//917
f 1041//918 1055//918 1043//918
f 1043//919 1055//919 1056//919
f 1043//920 1056//920 922//920
f 928//921 998//921 931//921
f 931//922 998//922 1000//922
f 931//923 1000//923 1045//923
f 1045//924 1000//924 996//924
f 1045//925 996//925 1046//925
f 1046//926 996//926 994//926
f 1046//927 994//927 1058//927
f 1058//928 994//928 993//928
f 1058//929 993//929 1057//929
f 1057//930 993//930 990//930
f 1057//931 990//931 599//931
f 599//932 990//932 588//932
f 947//933 944//933 945//933
f 945//934 944//934 941//934
f 945//935 941//935 940//935
f 940//936 941//936 943//936
f 940//937 943//937 939//937
f 454//938 592//938 1051//938
f 1051//939 592//939 610//939
f 1051//939 610//939 1049//939
f 1049//940 610//940 987//940
f 1049//941 987//941 1047//941
f 1047//942 987//942 1036//942
f 1047//943 1036//943 1054//943
f 1054//944 1036//944 1032//944
f 1054//945 1032//945 1056//945
f 1056//946 1032//946 1034//946
f 1056//947 1034//947 922//947
f 922//947 1034//947 936//947
f 922//948 936//948 920//948
f 920//949 936//949 935//949
f 920//950 935//950 933//950
f 937//951 934//951 938//951
f 938//952 934//952 936//952
f 938//953 936//953 940//953
f 940//954 936//954 1034//954
f 940//955 1034//955 945//955
f 945//956 1034//956 1035//956
f 945//957 1035//957 946//957
f 946//958 1035//958 982//958
f 946//959 982//959 948//959
f 948//960 982//960 983//960
f 948//961 983//961 1016//961
f 1016//962 983//962 1030//962
f 1016//963 1030//963 1017//963
f 1017//866 1030//866 1031//866
f 1017//964 1031//964 1029//964
f 1029//964 1031//964 981//964
f 1029//965 981//965 979//965
f 979//966 981//966 633//966
f 979//967 633//967 631//967
f 966//968 1059//968 1003//968
f 1003//969 1059//969 924//969
f 1003//970 924//970 1004//970
f 1004//971 924//971 926//971
f 1004//972 926//972 962//972
f 962//973 926//973 927//973
f 962//974 927//974 958//974
f 950//975 947//975 951//975
f 951//975 947//975 948//975
f 951//976 948//976 953//976
f 953//977 948//977 1016//977
f 953//978 1016//978 955//978
f 955//840 1016//840 1018//840
f 955//979 1018//979 956//979
f 956//980 1018//980 1020//980
f 956//981 1020//981 962//981
f 962//982 1020//982 1022//982
f 962//983 1022//983 1004//983
f 1004//984 1022//984 1024//984
f 1004//985 1024//985 1006//985
f 1006//986 1024//986 1025//986
f 1006//987 1025//987 1007//987
f 1007//988 1025//988 976//988
f 1007//989 976//989 1009//989
f 1009//990 976//990 638//990
f 1009//991 638//991 636//991
f 1060//992 1061//992 1062//992
f 1063//993 643//993 642//993
f 1063//994 642//994 1060//994
f 1060//995 642//995 455//995
f 1060//996 455//996 1061//996
f 455//997 457//997 1061//997
f 1061//998 457//998 467//998
f 1061//999 467//999 466//999
f 1062//1000 1061//1000 1064//1000
f 1064//1001 1061//1001 466//1001
f 1064//1002 466//1002 1065//1002
f 466//1003 464//1003 1065//1003
f 1065//1004 464//1004 463//1004
f 1065//1005 463//1005 1066//1005
f 1066//1006 463//1006 461//1006
f 1066//1007 461//1007 1067//1007
f 1067//1008 461//1008 460//1008
f 1067//1009 460//1009 1068//1009
f 460//1010 468//1010 1068//1010
f 1068//1011 468//1011 470//1011
f 1068//1012 470//1012 1069//1012
f 470//1013 472//1013 1069//1013
f 1069//1014 472//1014 480//1014
f 1069//1015 480//1015 1070//1015
f 1070//1016 480//1016 479//1016
f 1070//1017 479//1017 1071//1017
f 479//1018 477//1018 1071//1018
f 1071//1019 477//1019 476//1019
f 1071//1020 476//1020 1072//1020
f 1072//1021 476//1021 475//1021
f 1073//1022 1074//1022 1075//1022
f 1075//1023 1074//1023 1076//1023
f 1075//1024 1076//1024 1072//1024
f 1072//1025 1076//1025 1077//1025
f 1072//1026 1077//1026 1071//1026
f 1075//1027 484//1027 1073//1027
f 1073//1028 484//1028 483//1028
f 1073//1029 483//1029 1078//1029
f 1078//1030 483//1030 493//1030
f 475//1031 488//1031 1072//1031
f 1072//1032 488//1032 487//1032
f 1072//1033 487//1033 1075//1033
f 1075//1034 487//1034 485//1034
f 1075//1035 485//1035 484//1035
f 436//43 431//43 1079//43
f 1079//43 431//43 1080//43
f 1081//43 1082//43 1080//43
f 1080//43 1082//43 1083//43
f 1080//43 1083//43 1084//43
f 446//43 349//43 1079//43
f 1079//43 349//43 364//43
f 1079//43 364//43 436//43
f 1084//43 1085//43 1080//43
f 1080//43 1085//43 1086//43
f 1080//43 1086//43 1087//43
f 1087//43 1088//43 1080//43
f 1080//43 1088//43 1089//43
f 1080//43 1089//43 1090//43
f 431//43 442//43 1080//43
f 1080//43 442//43 443//43
f 1080//43 443//43 1081//43
f 443//43 444//43 1081//43
f 1081//43 444//43 445//43
f 1081//43 445//43 1091//43
f 1091//43 445//43 1092//43
f 1090//43 1093//43 1080//43
f 1080//43 1093//43 1094//43
f 1080//43 1094//43 1095//43
f 1095//43 1096//43 1080//43
f 1080//43 1096//43 1097//43
f 1080//43 1097//43 1098//43
f 1098//43 1097//43 1099//43
f 1098//43 1099//43 1100//43
f 1100//43 1099//43 449//43
f 1100//43 449//43 448//43
f 1101//43 1102//43 1092//43
f 1092//43 1102//43 1103//43
f 1092//43 1103//43 1104//43
f 1104//43 1105//43 1092//43
f 1092//43 1105//43 1106//43
f 1092//43 1106//43 1091//43
f 1107//42 407//42 406//42
f 405//42 1108//42 406//42
f 406//42 1108//42 1109//42
f 406//42 1109//42 1107//42
f 405//42 400//42 1108//42
f 1108//42 400//42 394//42
f 1108//42 394//42 451//42
f 451//42 394//42 355//42
f 451//42 355//42 346//42
f 1110//42 1111//42 1112//42
f 1112//42 1111//42 1113//42
f 1112//42 1113//42 1114//42
f 1114//42 1113//42 1115//42
f 1114//42 1115//42 1116//42
f 1116//42 1115//42 1117//42
f 1116//42 1117//42 1118//42
f 1107//42 1119//42 407//42
f 407//42 1119//42 1120//42
f 407//42 1120//42 408//42
f 408//42 1120//42 1121//42
f 408//42 1121//42 1122//42
f 1122//42 1121//42 1118//42
f 1118//42 1121//42 1116//42
f 1116//42 1121//42 1123//42
f 1116//42 1123//42 1124//42
f 1125//42 1126//42 1116//42
f 1116//42 1126//42 1127//42
f 1116//42 1127//42 1128//42
f 1128//42 1129//42 1116//42
f 1116//42 1129//42 1130//42
f 1116//42 1130//42 1112//42
f 1112//42 1130//42 1131//42
f 1112//42 1131//42 1110//42
f 1124//42 1132//42 1116//42
f 1116//42 1132//42 1133//42
f 1116//42 1133//42 1125//42
f 1134//43 1135//43 1136//43
f 1136//43 1135//43 1137//43
f 1136//43 1137//43 1138//43
f 1138//43 1137//43 1139//43
f 1138//43 1139//43 1140//43
f 1141//43 1142//43 1143//43
f 1143//43 1142//43 1144//43
f 1143//43 1144//43 1134//43
f 1134//43 1144//43 1145//43
f 1134//43 1145//43 1135//43
f 1146//43 1147//43 1148//43
f 1148//43 1147//43 1149//43
f 1148//43 1149//43 1150//43
f 1151//43 1152//43 1153//43
f 1153//43 1152//43 1154//43
f 1153//43 1154//43 1141//43
f 1141//43 1154//43 1155//43
f 1141//43 1155//43 1142//43
f 1156//43 1157//43 1158//43
f 1158//43 1157//43 1159//43
f 1158//43 1159//43 1160//43
f 1149//43 1161//43 1150//43
f 1150//43 1161//43 1162//43
f 1150//43 1162//43 1163//43
f 1163//43 1162//43 1164//43
f 1163//43 1164//43 1165//43
f 1165//43 1164//43 1166//43
f 1165//43 1166//43 1167//43
f 1168//43 1169//43 1151//43
f 1151//43 1169//43 1170//43
f 1151//43 1170//43 1152//43
f 1171//43 1172//43 1168//43
f 1168//43 1172//43 1173//43
f 1168//43 1173//43 1169//43
f 1174//43 1175//43 1171//43
f 1171//43 1175//43 1176//43
f 1171//43 1176//43 1177//43
f 1178//43 1179//43 1180//43
f 1180//43 1179//43 1181//43
f 1180//43 1181//43 1182//43
f 1182//43 1181//43 1183//43
f 1182//43 1183//43 1184//43
f 1185//43 1186//43 1187//43
f 1187//43 1186//43 1179//43
f 1187//43 1179//43 1188//43
f 1188//43 1179//43 1178//43
f 1189//43 1190//43 1191//43
f 1191//43 1190//43 1192//43
f 1191//43 1192//43 1156//43
f 1156//43 1192//43 1193//43
f 1156//43 1193//43 1157//43
f 1177//43 1194//43 1171//43
f 1171//43 1194//43 1195//43
f 1171//43 1195//43 1172//43
f 1196//43 1197//43 1198//43
f 1198//43 1197//43 1199//43
f 1198//43 1199//43 1200//43
f 1185//43 1201//43 1186//43
f 1186//43 1201//43 1202//43
f 1186//43 1202//43 1203//43
f 1203//43 1202//43 1204//43
f 1203//43 1204//43 1205//43
f 1205//43 1204//43 1160//43
f 1205//43 1160//43 1206//43
f 1206//43 1160//43 1159//43
f 1166//43 1207//43 1167//43
f 1167//43 1207//43 1208//43
f 1167//43 1208//43 1209//43
f 1209//43 1208//43 1210//43
f 1209//43 1210//43 1189//43
f 1189//43 1210//43 1211//43
f 1189//43 1211//43 1190//43
f 1212//43 1213//43 1214//43
f 1214//43 1213//43 1215//43
f 1214//43 1215//43 1146//43
f 1146//43 1215//43 1216//43
f 1146//43 1216//43 1147//43
f 1139//43 1217//43 1140//43
f 1140//43 1217//43 1218//43
f 1140//43 1218//43 1219//43
f 1219//43 1218//43 1220//43
f 1219//43 1220//43 1212//43
f 1212//43 1220//43 1221//43
f 1212//43 1221//43 1213//43
f 1200//43 1222//43 1198//43
f 1198//43 1222//43 1223//43
f 1198//43 1223//43 1174//43
f 1174//43 1223//43 1224//43
f 1174//43 1224//43 1175//43
f 1225//43 1226//43 1182//43
f 1182//43 1226//43 1227//43
f 1182//43 1227//43 1198//43
f 1198//43 1227//43 1228//43
f 1198//43 1228//43 1196//43
f 1184//43 1229//43 1182//43
f 1182//43 1229//43 1230//43
f 1182//43 1230//43 1225//43
f 1231//1036 1232//1036 1112//1036
f 1112//1036 1232//1036 1116//1036
f 1233//45 1234//45 1235//45
f 1236//45 141//45 1235//45
f 1235//45 141//45 139//45
f 1235//45 139//45 1233//45
f 1237//45 1238//45 1239//45
f 1239//45 1238//45 1240//45
f 1239//45 1240//45 1241//45
f 1242//45 1243//45 1244//45
f 1244//45 1243//45 1245//45
f 1246//45 1247//45 1248//45
f 1248//45 1247//45 1249//45
f 1248//45 1249//45 1250//45
f 1251//45 1252//45 1253//45
f 1253//45 1252//45 1254//45
f 1255//45 1256//45 1257//45
f 1257//45 1256//45 1258//45
f 1257//45 1258//45 1253//45
f 1253//45 1258//45 1259//45
f 1253//45 1259//45 1251//45
f 1260//45 1261//45 1262//45
f 1237//45 1239//45 1263//45
f 1263//45 1239//45 1244//45
f 1263//45 1244//45 1264//45
f 1264//45 1244//45 1245//45
f 1264//45 1245//45 1265//45
f 1248//45 1266//45 1246//45
f 1246//45 1266//45 1267//45
f 1246//45 1267//45 1244//45
f 1244//45 1267//45 1268//45
f 1244//45 1268//45 1242//45
f 1254//45 1269//45 1253//45
f 1253//45 1269//45 1270//45
f 1253//45 1270//45 1271//45
f 1271//45 1270//45 1272//45
f 1271//45 1272//45 1273//45
f 1274//45 1275//45 1257//45
f 1257//45 1275//45 1276//45
f 1257//45 1276//45 1255//45
f 1261//45 1260//45 1277//45
f 1277//45 1260//45 1278//45
f 1277//45 1278//45 1279//45
f 1280//45 1281//45 1278//45
f 1278//45 1281//45 1282//45
f 1278//45 1282//45 1279//45
f 205//45 1283//45 203//45
f 203//45 1283//45 1248//45
f 203//45 1248//45 1284//45
f 1284//45 1248//45 1250//45
f 1234//45 1285//45 1235//45
f 1235//45 1285//45 1286//45
f 1235//45 1286//45 1287//45
f 1287//45 1286//45 1271//45
f 1287//45 1271//45 1288//45
f 1288//45 1271//45 1273//45
f 1241//45 1289//45 1239//45
f 1239//45 1289//45 1290//45
f 1239//45 1290//45 1280//45
f 1280//45 1290//45 1291//45
f 1292//45 1293//45 1294//45
f 1291//45 1295//45 1280//45
f 1280//45 1295//45 1296//45
f 1280//45 1296//45 1297//45
f 1292//45 1294//45 1298//45
f 1293//45 1299//45 1294//45
f 1294//45 1299//45 1300//45
f 1294//45 1300//45 1257//45
f 1257//45 1300//45 1301//45
f 1257//45 1301//45 1274//45
f 1297//45 1302//45 1280//45
f 1280//45 1302//45 1303//45
f 1280//45 1303//45 1304//45
f 1304//45 1305//45 1280//45
f 1280//45 1305//45 1306//45
f 1280//45 1306//45 1281//45
f 1307//45 1308//45 1294//45
f 1294//45 1308//45 1309//45
f 1294//45 1309//45 1298//45
f 1262//45 1310//45 1260//45
f 1260//45 1310//45 1311//45
f 1260//45 1311//45 1294//45
f 1294//45 1311//45 1312//45
f 1294//45 1312//45 1307//45
f 1236//1037 1313//1037 141//1037
f 141//1038 1313//1038 143//1038
f 1314//1039 145//1039 1315//1039
f 1315//1040 145//1040 143//1040
f 1315//1041 143//1041 1316//1041
f 1316//1042 143//1042 1313//1042
f 1314//1043 1317//1043 145//1043
f 145//1044 1317//1044 1318//1044
f 145//1045 1318//1045 147//1045
f 1318//1046 1319//1046 147//1046
f 147//1047 1319//1047 1320//1047
f 147//1048 1320//1048 149//1048
f 1321//1049 151//1049 1322//1049
f 1322//1050 151//1050 149//1050
f 1322//1051 149//1051 1323//1051
f 1323//1052 149//1052 1320//1052
f 1321//1053 1324//1053 151//1053
f 151//1054 1324//1054 1325//1054
f 151//1055 1325//1055 153//1055
f 1326//1056 155//1056 1327//1056
f 1327//1057 155//1057 153//1057
f 1327//1058 153//1058 1328//1058
f 1328//1059 153//1059 1325//1059
f 1326//1060 1329//1060 155//1060
f 155//1061 1329//1061 1330//1061
f 155//1062 1330//1062 157//1062
f 1330//1063 1331//1063 157//1063
f 157//1064 1331//1064 1332//1064
f 157//1065 1332//1065 159//1065
f 1333//1066 161//1066 1334//1066
f 1334//1067 161//1067 159//1067
f 1334//1068 159//1068 1335//1068
f 1335//1069 159//1069 1332//1069
f 1333//1070 1336//1070 161//1070
f 161//1071 1336//1071 1337//1071
f 161//1072 1337//1072 163//1072
f 1337//1073 1338//1073 163//1073
f 163//1074 1338//1074 1339//1074
f 163//1075 1339//1075 165//1075
f 1339//1076 1340//1076 165//1076
f 165//1077 1340//1077 1341//1077
f 165//1078 1341//1078 167//1078
f 1342//1079 169//1079 1343//1079
f 1343//1080 169//1080 167//1080
f 1343//1081 167//1081 1344//1081
f 1344//1082 167//1082 1341//1082
f 1342//1083 1345//1083 169//1083
f 169//1084 1345//1084 1346//1084
f 169//1085 1346//1085 171//1085
f 1346//1086 1347//1086 171//1086
f 171//1087 1347//1087 1348//1087
f 171//1088 1348//1088 173//1088
f 1349//1089 175//1089 1350//1089
f 1350//1090 175//1090 173//1090
f 1350//1091 173//1091 1351//1091
f 1351//1092 173//1092 1348//1092
f 1349//1093 1352//1093 175//1093
f 175//1094 1352//1094 1353//1094
f 175//1095 1353//1095 177//1095
f 1354//1096 179//1096 1355//1096
f 1355//1097 179//1097 177//1097
f 1355//1098 177//1098 1356//1098
f 1356//1099 177//1099 1353//1099
f 1354//1100 1357//1100 179//1100
f 179//1101 1357//1101 1358//1101
f 179//1102 1358//1102 181//1102
f 1358//1103 1359//1103 181//1103
f 181//1104 1359//1104 1360//1104
f 181//1105 1360//1105 183//1105
f 1361//1106 185//1106 1362//1106
f 1362//1107 185//1107 183//1107
f 1362//1108 183//1108 1363//1108
f 1363//1109 183//1109 1360//1109
f 1361//1110 1364//1110 185//1110
f 185//1111 1364//1111 1365//1111
f 185//1112 1365//1112 187//1112
f 388//1113 189//1113 1366//1113
f 1366//1114 189//1114 187//1114
f 1366//1115 187//1115 1367//1115
f 1367//1116 187//1116 1365//1116
f 1232//1117 1368//1117 1116//1117
f 1116//1118 1368//1118 1114//1118
f 1112//1119 1114//1119 1231//1119
f 1231//1120 1114//1120 1368//1120
f 188//1121 408//1121 186//1121
f 186//1121 408//1121 1122//1121
f 186//1122 1122//1122 184//1122
f 184//1122 1122//1122 1118//1122
f 184//1123 1118//1123 182//1123
f 182//1123 1118//1123 1117//1123
f 182//1124 1117//1124 180//1124
f 180//1124 1117//1124 1115//1124
f 180//1125 1115//1125 178//1125
f 178//1125 1115//1125 1113//1125
f 178//1126 1113//1126 176//1126
f 176//1126 1113//1126 1111//1126
f 176//1127 1111//1127 174//1127
f 174//1128 1111//1128 1110//1128
f 174//1129 1110//1129 172//1129
f 172//1129 1110//1129 1131//1129
f 172//1130 1131//1130 170//1130
f 170//1130 1131//1130 1130//1130
f 170//1131 1130//1131 168//1131
f 168//1131 1130//1131 1129//1131
f 168//1132 1129//1132 166//1132
f 166//1132 1129//1132 1128//1132
f 166//1133 1128//1133 164//1133
f 164//1133 1128//1133 1127//1133
f 164//1134 1127//1134 162//1134
f 162//1134 1127//1134 1126//1134
f 162//1135 1126//1135 160//1135
f 160//1135 1126//1135 1125//1135
f 160//1136 1125//1136 158//1136
f 158//1136 1125//1136 1133//1136
f 158//1137 1133//1137 156//1137
f 156//1137 1133//1137 1132//1137
f 156//1138 1132//1138 154//1138
f 154//1138 1132//1138 1124//1138
f 154//1139 1124//1139 152//1139
f 152//1139 1124//1139 1123//1139
f 152//1140 1123//1140 150//1140
f 150//1140 1123//1140 1121//1140
f 150//1141 1121//1141 148//1141
f 148//1141 1121//1141 1120//1141
f 148//1142 1120//1142 146//1142
f 146//1142 1120//1142 1119//1142
f 146//1143 1119//1143 144//1143
f 144//1143 1119//1143 1107//1143
f 144//1144 1107//1144 142//1144
f 142//1144 1107//1144 1109//1144
f 142//1145 1109//1145 140//1145
f 140//1145 1109//1145 1108//1145
f 1369//44 1370//44 449//44
f 449//44 1371//44 1372//44
f 1369//44 449//44 1373//44
f 1374//44 451//44 1375//44
f 1375//44 451//44 1376//44
f 1370//44 1377//44 449//44
f 449//44 1377//44 1378//44
f 449//44 1378//44 1371//44
f 1372//44 1379//44 449//44
f 449//44 1379//44 1380//44
f 449//44 1380//44 451//44
f 451//44 1380//44 1381//44
f 451//44 1381//44 1376//44
f 1373//44 449//44 204//44
f 204//44 449//44 1099//44
f 204//44 1099//44 206//44
f 1374//44 1382//44 451//44
f 451//44 1382//44 1383//44
f 451//44 1383//44 1384//44
f 1384//44 1385//44 451//44
f 451//44 1385//44 1386//44
f 451//44 1386//44 1108//44
f 1108//44 1386//44 138//44
f 1108//44 138//44 140//44
f 1387//1146 1388//1146 1389//1146
f 1389//1147 1388//1147 1390//1147
f 1389//1147 1390//1147 1391//1147
f 1391//1148 1390//1148 1392//1148
f 1391//1148 1392//1148 1393//1148
f 1393//1149 1392//1149 1394//1149
f 1393//1150 1394//1150 1395//1150
f 1395//1151 1394//1151 1396//1151
f 1395//1151 1396//1151 1397//1151
f 1397//1152 1396//1152 1398//1152
f 1397//1152 1398//1152 1399//1152
f 1399//1153 1398//1153 1400//1153
f 1399//1153 1400//1153 1401//1153
f 1401//1154 1400//1154 1402//1154
f 1401//1154 1402//1154 1403//1154
f 1403//1155 1402//1155 1404//1155
f 1403//1155 1404//1155 1405//1155
f 1405//1156 1404//1156 1406//1156
f 1405//1156 1406//1156 1407//1156
f 1407//1157 1406//1157 1408//1157
f 1407//1157 1408//1157 1409//1157
f 1409//1158 1408//1158 1410//1158
f 1409//1158 1410//1158 1411//1158
f 1411//1159 1410//1159 1412//1159
f 1411//1160 1412//1160 1413//1160
f 1413//1161 1412//1161 1414//1161
f 1413//1161 1414//1161 1415//1161
f 1415//1162 1414//1162 1416//1162
f 1415//1163 1416//1163 1417//1163
f 1417//1164 1416//1164 1418//1164
f 1417//1164 1418//1164 1419//1164
f 1419//1165 1418//1165 1420//1165
f 1419//1165 1420//1165 1421//1165
f 1421//1166 1420//1166 1422//1166
f 1421//1166 1422//1166 1423//1166
f 1423//1167 1422//1167 1424//1167
f 1423//1167 1424//1167 1425//1167
f 1425//1168 1424//1168 1426//1168
f 1425//1168 1426//1168 1427//1168
f 1427//1169 1426//1169 1428//1169
f 1427//1169 1428//1169 1429//1169
f 1429//1170 1428//1170 1430//1170
f 1429//1171 1430//1171 1431//1171
f 1431//1172 1430//1172 1432//1172
f 1431//1172 1432//1172 1433//1172
f 1433//1173 1432//1173 1434//1173
f 1433//1174 1434//1174 1435//1174
f 1435//1175 1434//1175 1436//1175
f 1435//1175 1436//1175 1437//1175
f 1437//1176 1436//1176 1438//1176
f 1437//1176 1438//1176 1439//1176
f 1439//1177 1438//1177 1440//1177
f 1439//1178 1440//1178 1441//1178
f 1441//1179 1440//1179 1442//1179
f 1441//1180 1442//1180 1443//1180
f 1443//1181 1442//1181 1444//1181
f 1443//1181 1444//1181 1445//1181
f 1445//1182 1444//1182 1446//1182
f 1445//1182 1446//1182 1447//1182
f 1447//1183 1446//1183 1448//1183
f 1447//1183 1448//1183 1449//1183
f 1449//1184 1448//1184 1450//1184
f 1449//1184 1450//1184 1451//1184
f 1451//1185 1450//1185 1452//1185
f 1451//1186 1452//1186 1453//1186
f 1453//1187 1452//1187 1454//1187
f 1453//1187 1454//1187 1455//1187
f 1455//1188 1454//1188 1456//1188
f 1455//1188 1456//1188 1457//1188
f 1457//1189 1456//1189 1458//1189
f 1457//1189 1458//1189 1387//1189
f 1387//1146 1458//1146 1388//1146
f 1459//1167 1138//1167 1460//1167
f 1460//1167 1138//1167 1140//1167
f 1460//1168 1140//1168 1461//1168
f 1461//1168 1140//1168 1219//1168
f 1461//1169 1219//1169 1462//1169
f 1462//1169 1219//1169 1212//1169
f 1462//1170 1212//1170 1463//1170
f 1463//1170 1212//1170 1214//1170
f 1463//1172 1214//1172 1464//1172
f 1464//1172 1214//1172 1146//1172
f 1464//1173 1146//1173 1465//1173
f 1465//1173 1146//1173 1148//1173
f 1465//1175 1148//1175 1466//1175
f 1466//1175 1148//1175 1150//1175
f 1466//1176 1150//1176 1467//1176
f 1467//1176 1150//1176 1163//1176
f 1467//1177 1163//1177 1468//1177
f 1468//1177 1163//1177 1165//1177
f 1468//1180 1165//1180 1469//1180
f 1469//1180 1165//1180 1167//1180
f 1469//1181 1167//1181 1470//1181
f 1470//1181 1167//1181 1209//1181
f 1470//1182 1209//1182 1471//1182
f 1471//1182 1209//1182 1189//1182
f 1471//1183 1189//1183 1472//1183
f 1472//1183 1189//1183 1191//1183
f 1472//1184 1191//1184 1473//1184
f 1473//1184 1191//1184 1156//1184
f 1473//1186 1156//1186 1474//1186
f 1474//1186 1156//1186 1158//1186
f 1474//1187 1158//1187 1475//1187
f 1475//1187 1158//1187 1160//1187
f 1475//1188 1160//1188 1476//1188
f 1476//1188 1160//1188 1204//1188
f 1476//1189 1204//1189 1477//1189
f 1477//1189 1204//1189 1202//1189
f 1477//1146 1202//1146 1478//1146
f 1478//1146 1202//1146 1201//1146
f 1478//1147 1201//1147 1479//1147
f 1479//1147 1201//1147 1185//1147
f 1479//1148 1185//1148 1480//1148
f 1480//1148 1185//1148 1187//1148
f 1480//1150 1187//1150 1481//1150
f 1481//1150 1187//1150 1188//1150
f 1481//1151 1188//1151 1482//1151
f 1482//1151 1188//1151 1178//1151
f 1482//1152 1178//1152 1483//1152
f 1483//1152 1178//1152 1180//1152
f 1483//1153 1180//1153 1484//1153
f 1484//1153 1180//1153 1182//1153
f 1484//1154 1182//1154 1485//1154
f 1485//1154 1182//1154 1198//1154
f 1485//1190 1198//1190 1486//1190
f 1486//1190 1198//1190 1174//1190
f 1486//1191 1174//1191 1487//1191
f 1487//1191 1174//1191 1171//1191
f 1487//1157 1171//1157 1488//1157
f 1488//1157 1171//1157 1168//1157
f 1488//1158 1168//1158 1489//1158
f 1489//1158 1168//1158 1151//1158
f 1489//1159 1151//1159 1490//1159
f 1490//1159 1151//1159 1153//1159
f 1490//1161 1153//1161 1491//1161
f 1491//1161 1153//1161 1141//1161
f 1491//1162 1141//1162 1492//1162
f 1492//1162 1141//1162 1143//1162
f 1492//1164 1143//1164 1493//1164
f 1493//1164 1143//1164 1134//1164
f 1493//1165 1134//1165 1494//1165
f 1494//1165 1134//1165 1136//1165
f 1494//1166 1136//1166 1459//1166
f 1459//1166 1136//1166 1138//1166
f 1418//43 1475//43 1420//43
f 1420//43 1475//43 1476//43
f 1420//43 1476//43 1422//43
f 1422//43 1476//43 1477//43
f 1422//43 1477//43 1424//43
f 1424//43 1477//43 1478//43
f 1424//43 1478//43 1426//43
f 1426//43 1478//43 1479//43
f 1426//43 1479//43 1428//43
f 1428//43 1479//43 1480//43
f 1428//43 1480//43 1430//43
f 1430//43 1480//43 1481//43
f 1430//43 1481//43 1432//43
f 1432//43 1481//43 1482//43
f 1432//43 1482//43 1434//43
f 1434//43 1482//43 1483//43
f 1434//43 1483//43 1436//43
f 1436//43 1483//43 1484//43
f 1436//43 1484//43 1438//43
f 1438//43 1484//43 1485//43
f 1438//43 1485//43 1440//43
f 1440//43 1485//43 1486//43
f 1440//43 1486//43 1442//43
f 1442//43 1486//43 1487//43
f 1442//43 1487//43 1444//43
f 1444//43 1487//43 1488//43
f 1444//43 1488//43 1446//43
f 1446//43 1488//43 1489//43
f 1446//43 1489//43 1448//43
f 1448//43 1489//43 1490//43
f 1448//43 1490//43 1450//43
f 1450//43 1490//43 1491//43
f 1450//43 1491//43 1452//43
f 1452//43 1491//43 1492//43
f 1452//43 1492//43 1454//43
f 1454//43 1492//43 1493//43
f 1454//43 1493//43 1456//43
f 1456//43 1493//43 1494//43
f 1456//43 1494//43 1458//43
f 1458//43 1494//43 1459//43
f 1458//43 1459//43 1388//43
f 1388//43 1459//43 1460//43
f 1388//43 1460//43 1390//43
f 1390//43 1460//43 1461//43
f 1390//43 1461//43 1392//43
f 1392//43 1461//43 1462//43
f 1392//43 1462//43 1394//43
f 1394//43 1462//43 1463//43
f 1394//43 1463//43 1396//43
f 1396//43 1463//43 1464//43
f 1396//43 1464//43 1398//43
f 1398//43 1464//43 1465//43
f 1398//43 1465//43 1400//43
f 1400//43 1465//43 1466//43
f 1400//43 1466//43 1402//43
f 1402//43 1466//43 1467//43
f 1402//43 1467//43 1404//43
f 1404//43 1467//43 1468//43
f 1404//43 1468//43 1406//43
f 1406//43 1468//43 1469//43
f 1406//43 1469//43 1408//43
f 1408//43 1469//43 1470//43
f 1408//43 1470//43 1410//43
f 1410//43 1470//43 1471//43
f 1410//43 1471//43 1412//43
f 1412//43 1471//43 1472//43
f 1412//43 1472//43 1414//43
f 1414//43 1472//43 1473//43
f 1414//43 1473//43 1416//43
f 1416//43 1473//43 1474//43
f 1416//43 1474//43 1418//43
f 1418//43 1474//43 1475//43
f 1455//43 1457//43 1495//43
f 1495//43 1457//43 1387//43
f 1495//43 1387//43 1389//43
f 1449//43 1451//43 1495//43
f 1495//43 1451//43 1453//43
f 1495//43 1453//43 1455//43
f 1443//43 1445//43 1495//43
f 1495//43 1445//43 1447//43
f 1495//43 1447//43 1449//43
f 1437//43 1439//43 1495//43
f 1495//43 1439//43 1441//43
f 1495//43 1441//43 1443//43
f 1431//43 1433//43 1495//43
f 1495//43 1433//43 1435//43
f 1495//43 1435//43 1437//43
f 1425//43 1427//43 1495//43
f 1495//43 1427//43 1429//43
f 1495//43 1429//43 1431//43
f 1419//43 1421//43 1495//43
f 1495//43 1421//43 1423//43
f 1495//43 1423//43 1425//43
f 1413//43 1415//43 1495//43
f 1495//43 1415//43 1417//43
f 1495//43 1417//43 1419//43
f 1407//43 1409//43 1495//43
f 1495//43 1409//43 1411//43
f 1495//43 1411//43 1413//43
f 1401//43 1403//43 1495//43
f 1495//43 1403//43 1405//43
f 1495//43 1405//43 1407//43
f 1395//43 1397//43 1495//43
f 1495//43 1397//43 1399//43
f 1495//43 1399//43 1401//43
f 1389//43 1391//43 1495//43
f 1495//43 1391//43 1393//43
f 1495//43 1393//43 1395//43
f 1278//127 1260//127 1380//127
f 1380//127 1260//127 1381//127
f 1496//42 1497//42 1498//42
f 1498//42 1497//42 1499//42
f 1498//42 1499//42 1500//42
f 1501//42 1502//42 1499//42
f 1503//42 1504//42 1505//42
f 1505//42 1506//42 1503//42
f 1503//42 1506//42 1507//42
f 1503//42 1507//42 1508//42
f 1504//42 1503//42 1509//42
f 1509//42 1503//42 1510//42
f 1509//42 1510//42 1511//42
f 1512//42 1513//42 1514//42
f 1511//42 1510//42 1515//42
f 1515//42 1510//42 1514//42
f 1515//42 1514//42 1516//42
f 1517//42 1518//42 1500//42
f 1519//42 1520//42 1521//42
f 1522//42 1510//42 1523//42
f 1523//42 1510//42 1500//42
f 1523//42 1500//42 1524//42
f 1524//42 1500//42 1518//42
f 1522//42 1525//42 1510//42
f 1510//42 1525//42 1526//42
f 1510//42 1526//42 1527//42
f 1519//42 1521//42 1528//42
f 1514//42 1529//42 1530//42
f 1502//42 1531//42 1499//42
f 1499//42 1531//42 1532//42
f 1499//42 1532//42 1500//42
f 1500//42 1532//42 1533//42
f 1500//42 1533//42 1517//42
f 1534//42 1535//42 1536//42
f 1536//42 1535//42 1537//42
f 1536//42 1537//42 1538//42
f 1538//42 1537//42 1539//42
f 1538//42 1539//42 1540//42
f 1528//42 1521//42 1514//42
f 1514//42 1521//42 1541//42
f 1514//42 1541//42 1512//42
f 1513//42 1542//42 1514//42
f 1514//42 1542//42 1543//42
f 1514//42 1543//42 1529//42
f 1530//42 1544//42 1514//42
f 1514//42 1544//42 1545//42
f 1514//42 1545//42 1516//42
f 1539//42 1546//42 1540//42
f 1540//42 1546//42 1547//42
f 1540//42 1547//42 1548//42
f 1548//42 1547//42 1549//42
f 1548//42 1549//42 1550//42
f 1499//42 1551//42 1501//42
f 1501//42 1551//42 1552//42
f 1501//42 1552//42 1553//42
f 1553//42 1552//42 1554//42
f 1553//42 1554//42 1555//42
f 1527//42 1556//42 1510//42
f 1510//42 1556//42 1557//42
f 1510//42 1557//42 1558//42
f 1559//42 1560//42 1514//42
f 1561//42 1562//42 1563//42
f 1563//42 1562//42 1564//42
f 1563//42 1564//42 1534//42
f 1534//42 1564//42 1565//42
f 1534//42 1565//42 1535//42
f 1554//42 1566//42 1555//42
f 1555//42 1566//42 1567//42
f 1555//42 1567//42 1568//42
f 1568//42 1567//42 1569//42
f 1568//42 1569//42 1561//42
f 1561//42 1569//42 1570//42
f 1561//42 1570//42 1562//42
f 1558//42 1571//42 1510//42
f 1510//42 1571//42 1572//42
f 1510//42 1572//42 1514//42
f 1514//42 1572//42 1573//42
f 1514//42 1573//42 1559//42
f 1560//42 1574//42 1514//42
f 1514//42 1574//42 1575//42
f 1514//42 1575//42 1576//42
f 1576//42 1575//42 1577//42
f 1576//42 1577//42 1578//42
f 1578//42 1577//42 1579//42
f 1578//42 1579//42 1580//42
f 1580//42 1579//42 1550//42
f 1580//42 1550//42 1581//42
f 1581//42 1550//42 1549//42
f 427//1113 1582//1113 253//1113
f 253//1192 1582//1192 251//1192
f 1583//1111 249//1111 1584//1111
f 1584//1193 249//1193 251//1193
f 1584//1116 251//1116 1585//1116
f 1585//1115 251//1115 1582//1115
f 1583//1194 1586//1194 249//1194
f 249//1195 1586//1195 1587//1195
f 249//1196 1587//1196 247//1196
f 1588//1104 245//1104 1589//1104
f 1589//1197 245//1197 247//1197
f 1589//1109 247//1109 1590//1109
f 1590//1108 247//1108 1587//1108
f 1588//1103 1591//1103 245//1103
f 245//1198 1591//1198 1592//1198
f 245//1199 1592//1199 243//1199
f 1592//1100 1593//1100 243//1100
f 243//1096 1593//1096 1594//1096
f 243//1200 1594//1200 241//1200
f 1595//1094 239//1094 1596//1094
f 1596//1201 239//1201 241//1201
f 1596//1099 241//1099 1597//1099
f 1597//1098 241//1098 1594//1098
f 1595//1093 1598//1093 239//1093
f 239//1202 1598//1202 1599//1202
f 239//1203 1599//1203 237//1203
f 1600//1087 235//1087 1601//1087
f 1601//1204 235//1204 237//1204
f 1601//1092 237//1092 1602//1092
f 1602//1091 237//1091 1599//1091
f 1600//1086 1603//1086 235//1086
f 235//1205 1603//1205 1604//1205
f 235//1206 1604//1206 233//1206
f 1604//1083 1605//1083 233//1083
f 233//1079 1605//1079 1606//1079
f 233//1207 1606//1207 231//1207
f 1606//1081 1607//1081 231//1081
f 231//1082 1607//1082 1608//1082
f 231//1208 1608//1208 229//1208
f 1608//1077 1609//1077 229//1077
f 229//1076 1609//1076 1610//1076
f 229//1209 1610//1209 227//1209
f 1611//1071 225//1071 1612//1071
f 1612//1210 225//1210 227//1210
f 1612//1073 227//1073 1613//1073
f 1613//1074 227//1074 1610//1074
f 1611//1070 1614//1070 225//1070
f 225//1211 1614//1211 1615//1211
f 225//1212 1615//1212 223//1212
f 1616//1064 221//1064 1617//1064
f 1617//1213 221//1213 223//1213
f 1617//1069 223//1069 1618//1069
f 1618//1068 223//1068 1615//1068
f 1616//1063 1619//1063 221//1063
f 221//1214 1619//1214 1620//1214
f 221//1215 1620//1215 219//1215
f 1620//1060 1621//1060 219//1060
f 219//1056 1621//1056 1622//1056
f 219//1216 1622//1216 217//1216
f 1623//1054 215//1054 1624//1054
f 1624//1217 215//1217 217//1217
f 1624//1059 217//1059 1625//1059
f 1625//1058 217//1058 1622//1058
f 1623//1053 1626//1053 215//1053
f 215//1218 1626//1218 1627//1218
f 215//1219 1627//1219 213//1219
f 1628//1047 211//1047 1629//1047
f 1629//1220 211//1220 213//1220
f 1629//1052 213//1052 1630//1052
f 1630//1051 213//1051 1627//1051
f 1628//1046 1631//1046 211//1046
f 211//1221 1631//1221 1632//1221
f 211//1222 1632//1222 209//1222
f 1632//1043 1633//1043 209//1043
f 209//1039 1633//1039 1634//1039
f 209//1223 1634//1223 207//1223
f 1283//1037 205//1037 1635//1037
f 1635//1224 205//1224 207//1224
f 1635//1042 207//1042 1636//1042
f 1636//1041 207//1041 1634//1041
f 1637//1189 1502//1189 1638//1189
f 1638//1189 1502//1189 1501//1189
f 1638//1188 1501//1188 1639//1188
f 1639//1188 1501//1188 1553//1188
f 1639//1187 1553//1187 1640//1187
f 1640//1187 1553//1187 1555//1187
f 1640//1186 1555//1186 1641//1186
f 1641//1186 1555//1186 1568//1186
f 1641//1184 1568//1184 1642//1184
f 1642//1184 1568//1184 1561//1184
f 1642//1183 1561//1183 1643//1183
f 1643//1183 1561//1183 1563//1183
f 1643//1182 1563//1182 1644//1182
f 1644//1182 1563//1182 1534//1182
f 1644//1181 1534//1181 1645//1181
f 1645//1181 1534//1181 1536//1181
f 1645//1180 1536//1180 1646//1180
f 1646//1180 1536//1180 1538//1180
f 1646//1177 1538//1177 1647//1177
f 1647//1177 1538//1177 1540//1177
f 1647//1176 1540//1176 1648//1176
f 1648//1176 1540//1176 1548//1176
f 1648//1175 1548//1175 1649//1175
f 1649//1175 1548//1175 1550//1175
f 1649//1173 1550//1173 1650//1173
f 1650//1173 1550//1173 1579//1173
f 1650//1172 1579//1172 1651//1172
f 1651//1172 1579//1172 1577//1172
f 1651//1170 1577//1170 1652//1170
f 1652//1170 1577//1170 1575//1170
f 1652//1169 1575//1169 1653//1169
f 1653//1169 1575//1169 1574//1169
f 1653//1168 1574//1168 1654//1168
f 1654//1168 1574//1168 1560//1168
f 1654//1167 1560//1167 1655//1167
f 1655//1167 1560//1167 1559//1167
f 1655//1166 1559//1166 1656//1166
f 1656//1166 1559//1166 1573//1166
f 1656//1165 1573//1165 1657//1165
f 1657//1165 1573//1165 1572//1165
f 1657//1164 1572//1164 1658//1164
f 1658//1164 1572//1164 1571//1164
f 1658//1162 1571//1162 1659//1162
f 1659//1162 1571//1162 1558//1162
f 1659//1161 1558//1161 1660//1161
f 1660//1161 1558//1161 1557//1161
f 1660//1159 1557//1159 1661//1159
f 1661//1159 1557//1159 1556//1159
f 1661//1158 1556//1158 1662//1158
f 1662//1158 1556//1158 1527//1158
f 1662//1157 1527//1157 1663//1157
f 1663//1157 1527//1157 1526//1157
f 1663//1191 1526//1191 1664//1191
f 1664//1191 1526//1191 1525//1191
f 1664//1190 1525//1190 1665//1190
f 1665//1190 1525//1190 1522//1190
f 1665//1154 1522//1154 1666//1154
f 1666//1154 1522//1154 1523//1154
f 1666//1153 1523//1153 1667//1153
f 1667//1153 1523//1153 1524//1153
f 1667//1152 1524//1152 1668//1152
f 1668//1152 1524//1152 1518//1152
f 1668//1151 1518//1151 1669//1151
f 1669//1151 1518//1151 1517//1151
f 1669//1150 1517//1150 1670//1150
f 1670//1150 1517//1150 1533//1150
f 1670//1148 1533//1148 1671//1148
f 1671//1148 1533//1148 1532//1148
f 1671//1147 1532//1147 1672//1147
f 1672//1147 1532//1147 1531//1147
f 1672//1146 1531//1146 1637//1146
f 1637//1146 1531//1146 1502//1146
f 1673//42 1651//42 1674//42
f 1674//42 1651//42 1652//42
f 1674//42 1652//42 1675//42
f 1675//42 1652//42 1653//42
f 1675//42 1653//42 1676//42
f 1676//42 1653//42 1654//42
f 1676//42 1654//42 1677//42
f 1677//42 1654//42 1655//42
f 1677//42 1655//42 1678//42
f 1678//42 1655//42 1656//42
f 1678//42 1656//42 1679//42
f 1679//42 1656//42 1657//42
f 1679//42 1657//42 1680//42
f 1680//42 1657//42 1658//42
f 1680//42 1658//42 1681//42
f 1681//42 1658//42 1659//42
f 1681//42 1659//42 1682//42
f 1682//42 1659//42 1660//42
f 1682//42 1660//42 1683//42
f 1683//42 1660//42 1661//42
f 1683//42 1661//42 1684//42
f 1684//42 1661//42 1662//42
f 1684//42 1662//42 1685//42
f 1685//42 1662//42 1663//42
f 1685//42 1663//42 1686//42
f 1686//42 1663//42 1664//42
f 1686//42 1664//42 1687//42
f 1687//42 1664//42 1665//42
f 1687//42 1665//42 1688//42
f 1688//42 1665//42 1666//42
f 1688//42 1666//42 1689//42
f 1689//42 1666//42 1667//42
f 1689//42 1667//42 1690//42
f 1690//42 1667//42 1668//42
f 1690//42 1668//42 1691//42
f 1691//42 1668//42 1669//42
f 1691//42 1669//42 1692//42
f 1692//42 1669//42 1670//42
f 1692//42 1670//42 1693//42
f 1693//42 1670//42 1671//42
f 1693//42 1671//42 1694//42
f 1694//42 1671//42 1672//42
f 1694//42 1672//42 1695//42
f 1695//42 1672//42 1637//42
f 1695//42 1637//42 1696//42
f 1696//42 1637//42 1638//42
f 1696//42 1638//42 1697//42
f 1697//42 1638//42 1639//42
f 1697//42 1639//42 1698//42
f 1698//42 1639//42 1640//42
f 1698//42 1640//42 1699//42
f 1699//42 1640//42 1641//42
f 1699//42 1641//42 1700//42
f 1700//42 1641//42 1642//42
f 1700//42 1642//42 1701//42
f 1701//42 1642//42 1643//42
f 1701//42 1643//42 1702//42
f 1702//42 1643//42 1644//42
f 1702//42 1644//42 1703//42
f 1703//42 1644//42 1645//42
f 1703//42 1645//42 1704//42
f 1704//42 1645//42 1646//42
f 1704//42 1646//42 1705//42
f 1705//42 1646//42 1647//42
f 1705//42 1647//42 1706//42
f 1706//42 1647//42 1648//42
f 1706//42 1648//42 1707//42
f 1707//42 1648//42 1649//42
f 1707//42 1649//42 1708//42
f 1708//42 1649//42 1650//42
f 1708//42 1650//42 1673//42
f 1673//42 1650//42 1651//42
f 1709//1166 1696//1166 1710//1166
f 1710//1165 1696//1165 1697//1165
f 1710//1165 1697//1165 1711//1165
f 1711//1164 1697//1164 1698//1164
f 1711//1164 1698//1164 1712//1164
f 1712//1163 1698//1163 1699//1163
f 1712//1162 1699//1162 1713//1162
f 1713//1161 1699//1161 1700//1161
f 1713//1161 1700//1161 1714//1161
f 1714//1160 1700//1160 1701//1160
f 1714//1159 1701//1159 1715//1159
f 1715//1158 1701//1158 1702//1158
f 1715//1158 1702//1158 1716//1158
f 1716//1157 1702//1157 1703//1157
f 1716//1157 1703//1157 1717//1157
f 1717//1156 1703//1156 1704//1156
f 1717//1156 1704//1156 1718//1156
f 1718//1155 1704//1155 1705//1155
f 1718//1155 1705//1155 1719//1155
f 1719//1154 1705//1154 1706//1154
f 1719//1154 1706//1154 1720//1154
f 1720//1153 1706//1153 1707//1153
f 1720//1153 1707//1153 1721//1153
f 1721//1152 1707//1152 1708//1152
f 1721//1225 1708//1225 1722//1225
f 1722//1151 1708//1151 1673//1151
f 1722//1151 1673//1151 1723//1151
f 1723//1150 1673//1150 1674//1150
f 1723//1149 1674//1149 1724//1149
f 1724//1148 1674//1148 1675//1148
f 1724//1148 1675//1148 1725//1148
f 1725//1147 1675//1147 1676//1147
f 1725//1147 1676//1147 1726//1147
f 1726//1146 1676//1146 1677//1146
f 1726//1146 1677//1146 1727//1146
f 1727//1189 1677//1189 1678//1189
f 1727//1189 1678//1189 1728//1189
f 1728//1188 1678//1188 1679//1188
f 1728//1188 1679//1188 1729//1188
f 1729//1187 1679//1187 1680//1187
f 1729//1187 1680//1187 1730//1187
f 1730//1186 1680//1186 1681//1186
f 1730//1185 1681//1185 1731//1185
f 1731//1184 1681//1184 1682//1184
f 1731//1184 1682//1184 1732//1184
f 1732//1183 1682//1183 1683//1183
f 1732//1226 1683//1226 1733//1226
f 1733//1182 1683//1182 1684//1182
f 1733//1182 1684//1182 1734//1182
f 1734//1181 1684//1181 1685//1181
f 1734//1181 1685//1181 1735//1181
f 1735//1180 1685//1180 1686//1180
f 1735//1179 1686//1179 1736//1179
f 1736//1178 1686//1178 1687//1178
f 1736//1177 1687//1177 1737//1177
f 1737//1176 1687//1176 1688//1176
f 1737//1176 1688//1176 1738//1176
f 1738//1175 1688//1175 1689//1175
f 1738//1175 1689//1175 1739//1175
f 1739//1174 1689//1174 1690//1174
f 1739//1173 1690//1173 1740//1173
f 1740//1172 1690//1172 1691//1172
f 1740//1172 1691//1172 1741//1172
f 1741//1171 1691//1171 1692//1171
f 1741//1170 1692//1170 1742//1170
f 1742//1169 1692//1169 1693//1169
f 1742//1169 1693//1169 1743//1169
f 1743//1168 1693//1168 1694//1168
f 1743//1168 1694//1168 1744//1168
f 1744//1167 1694//1167 1695//1167
f 1744//1167 1695//1167 1709//1167
f 1709//1166 1695//1166 1696//1166
f 1743//42 1744//42 1745//42
f 1745//42 1744//42 1709//42
f 1745//42 1709//42 1710//42
f 1740//42 1741//42 1745//42
f 1745//42 1741//42 1742//42
f 1745//42 1742//42 1743//42
f 1737//42 1738//42 1745//42
f 1745//42 1738//42 1739//42
f 1745//42 1739//42 1740//42
f 1734//42 1735//42 1745//42
f 1745//42 1735//42 1736//42
f 1745//42 1736//42 1737//42
f 1731//42 1732//42 1745//42
f 1745//42 1732//42 1733//42
f 1745//42 1733//42 1734//42
f 1728//42 1729//42 1745//42
f 1745//42 1729//42 1730//42
f 1745//42 1730//42 1731//42
f 1725//42 1726//42 1745//42
f 1745//42 1726//42 1727//42
f 1745//42 1727//42 1728//42
f 1722//42 1723//42 1745//42
f 1745//42 1723//42 1724//42
f 1745//42 1724//42 1725//42
f 1719//42 1720//42 1745//42
f 1745//42 1720//42 1721//42
f 1745//42 1721//42 1722//42
f 1716//42 1717//42 1745//42
f 1745//42 1717//42 1718//42
f 1745//42 1718//42 1719//42
f 1713//42 1714//42 1745//42
f 1745//42 1714//42 1715//42
f 1745//42 1715//42 1716//42
f 1710//42 1711//42 1745//42
f 1745//42 1711//42 1712//42
f 1745//42 1712//42 1713//42
f 206//1145 1099//1145 208//1145
f 208//1145 1099//1145 1097//1145
f 208//1144 1097//1144 210//1144
f 210//1144 1097//1144 1096//1144
f 210//1143 1096//1143 212//1143
f 212//1143 1096//1143 1095//1143
f 212//1142 1095//1142 214//1142
f 214//1142 1095//1142 1094//1142
f 214//1141 1094//1141 216//1141
f 216//1141 1094//1141 1093//1141
f 216//1140 1093//1140 218//1140
f 218//1140 1093//1140 1090//1140
f 218//1139 1090//1139 220//1139
f 220//1139 1090//1139 1089//1139
f 220//1138 1089//1138 222//1138
f 222//1138 1089//1138 1088//1138
f 222//1137 1088//1137 224//1137
f 224//1137 1088//1137 1087//1137
f 224//1136 1087//1136 226//1136
f 226//1136 1087//1136 1086//1136
f 226//1135 1086//1135 228//1135
f 228//1135 1086//1135 1085//1135
f 228//1134 1085//1134 230//1134
f 230//1134 1085//1134 1084//1134
f 230//1133 1084//1133 232//1133
f 232//1133 1084//1133 1083//1133
f 232//1132 1083//1132 234//1132
f 234//1132 1083//1132 1082//1132
f 234//1131 1082//1131 236//1131
f 236//1131 1082//1131 1081//1131
f 236//1130 1081//1130 238//1130
f 238//1130 1081//1130 1091//1130
f 238//1129 1091//1129 240//1129
f 240//1129 1091//1129 1106//1129
f 240//1128 1106//1128 242//1128
f 242//1127 1106//1127 1105//1127
f 242//1126 1105//1126 244//1126
f 244//1126 1105//1126 1104//1126
f 244//1125 1104//1125 246//1125
f 246//1125 1104//1125 1103//1125
f 246//1124 1103//1124 248//1124
f 248//1124 1103//1124 1102//1124
f 248//1123 1102//1123 250//1123
f 250//1123 1102//1123 1101//1123
f 250//1122 1101//1122 252//1122
f 252//1122 1101//1122 1092//1122
f 252//1121 1092//1121 254//1121
f 254//1121 1092//1121 445//1121
f 204//1227 203//1227 1373//1227
f 1373//1227 203//1227 1284//1227
f 1373//1228 1284//1228 1369//1228
f 1369//1228 1284//1228 1250//1228
f 1369//1229 1250//1229 1370//1229
f 1370//1229 1250//1229 1249//1229
f 1370//1230 1249//1230 1377//1230
f 1377//1230 1249//1230 1247//1230
f 1377//1231 1247//1231 1378//1231
f 1378//1231 1247//1231 1246//1231
f 1378//1232 1246//1232 1371//1232
f 1371//1232 1246//1232 1244//1232
f 1371//1233 1244//1233 1372//1233
f 1372//1233 1244//1233 1239//1233
f 1372//1234 1239//1234 1379//1234
f 1379//1234 1239//1234 1280//1234
f 1379//1235 1280//1235 1380//1235
f 1380//1235 1280//1235 1278//1235
f 139//1236 138//1236 1233//1236
f 1233//1236 138//1236 1386//1236
f 1233//1237 1386//1237 1234//1237
f 1234//1237 1386//1237 1385//1237
f 1234//1238 1385//1238 1285//1238
f 1285//1238 1385//1238 1384//1238
f 1285//1239 1384//1239 1286//1239
f 1286//1239 1384//1239 1383//1239
f 1286//1240 1383//1240 1271//1240
f 1271//1240 1383//1240 1382//1240
f 1271//1241 1382//1241 1253//1241
f 1253//1241 1382//1241 1374//1241
f 1253//1242 1374//1242 1257//1242
f 1257//1242 1374//1242 1375//1242
f 1257//1243 1375//1243 1294//1243
f 1294//1243 1375//1243 1376//1243
f 1294//1244 1376//1244 1260//1244
f 1260//1244 1376//1244 1381//1244
f 1746//1245 761//1245 763//1245
f 1747//1246 1748//1246 1749//1246
f 1748//1247 1747//1247 1750//1247
f 1751//1248 1752//1248 1753//1248
f 1752//1249 1751//1249 1754//1249
f 1755//1250 1756//1250 1757//1250
f 1758//1251 1759//1251 1760//1251
f 1761//1252 1762//1252 1763//1252
f 1763//1253 1762//1253 1764//1253
f 1763//1254 1764//1254 1765//1254
f 1765//1255 1764//1255 1766//1255
f 1765//1256 1766//1256 1767//1256
f 1768//1257 1758//1257 1767//1257
f 1767//1258 1758//1258 1769//1258
f 1767//1259 1769//1259 1765//1259
f 1758//1260 1760//1260 74//1260
f 74//1261 1760//1261 1770//1261
f 74//1262 1770//1262 75//1262
f 75//1263 1770//1263 79//1263
f 79//1264 1770//1264 1771//1264
f 79//1265 1771//1265 76//1265
f 76//1266 1771//1266 1772//1266
f 76//1267 1772//1267 77//1267
f 77//1268 1772//1268 1773//1268
f 77//1269 1773//1269 113//1269
f 113//1270 1773//1270 1774//1270
f 113//1271 1774//1271 99//1271
f 99//1272 1774//1272 100//1272
f 100//1273 1774//1273 1775//1273
f 100//1274 1775//1274 102//1274
f 102//1275 1775//1275 1776//1275
f 102//1276 1776//1276 103//1276
f 103//1277 1776//1277 1777//1277
f 103//1278 1777//1278 81//1278
f 81//1279 1777//1279 82//1279
f 82//1280 1777//1280 1778//1280
f 82//1281 1778//1281 116//1281
f 116//1282 1778//1282 1779//1282
f 116//1283 1779//1283 117//1283
f 117//1284 1779//1284 1780//1284
f 117//1285 1780//1285 95//1285
f 95//1286 1780//1286 1781//1286
f 95//1287 1781//1287 97//1287
f 97//1288 1781//1288 98//1288
f 98//1289 1781//1289 1782//1289
f 98//1290 1782//1290 118//1290
f 118//1291 1782//1291 119//1291
f 119//1292 1782//1292 1783//1292
f 119//1293 1783//1293 1784//1293
f 1497//1294 1496//1294 1785//1294
f 1785//1295 1496//1295 1786//1295
f 1785//1296 1786//1296 1787//1296
f 1787//1297 1786//1297 1788//1297
f 1787//1298 1788//1298 1789//1298
f 1789//1299 1788//1299 1790//1299
f 1789//1300 1790//1300 1791//1300
f 1791//1301 1790//1301 1792//1301
f 1791//1302 1792//1302 1793//1302
f 1793//1303 1792//1303 1794//1303
f 1793//1304 1794//1304 1795//1304
f 1795//1305 1794//1305 1757//1305
f 1795//1306 1757//1306 1796//1306
f 1796//1307 1757//1307 1756//1307
f 1796//1308 1756//1308 1797//1308
f 1798//1309 1799//1309 1800//1309
f 1800//1310 1799//1310 1801//1310
f 1784//1311 1783//1311 1755//1311
f 1755//1312 1783//1312 1799//1312
f 1755//1313 1799//1313 1756//1313
f 1756//1314 1799//1314 1798//1314
f 1756//1315 1798//1315 1797//1315
f 1802//1316 1803//1316 1799//1316
f 1799//1317 1803//1317 1804//1317
f 1799//1318 1804//1318 1801//1318
f 765//1319 1805//1319 779//1319
f 779//1320 1805//1320 1806//1320
f 1807//1321 1808//1321 1809//1321
f 1809//1322 1808//1322 1810//1322
f 1809//1323 1810//1323 1811//1323
f 1811//1324 1812//1324 1813//1324
f 1813//1325 1812//1325 1814//1325
f 1813//1326 1814//1326 1815//1326
f 1816//1327 1817//1327 1815//1327
f 1818//1328 1819//1328 1816//1328
f 1816//1329 1819//1329 1820//1329
f 1816//1330 1820//1330 1817//1330
f 1821//1331 1818//1331 1759//1331
f 1768//1332 1822//1332 1758//1332
f 1758//1333 1822//1333 1823//1333
f 1758//1334 1823//1334 1759//1334
f 1759//1335 1823//1335 1824//1335
f 1759//1336 1824//1336 1821//1336
f 1506//1337 1825//1337 1507//1337
f 1507//1338 1825//1338 1826//1338
f 1507//1339 1826//1339 1762//1339
f 1762//1340 1826//1340 1827//1340
f 1762//1341 1827//1341 1764//1341
f 1508//1342 1507//1342 1828//1342
f 1828//1343 1507//1343 1762//1343
f 1828//1344 1762//1344 1829//1344
f 1829//1345 1762//1345 1761//1345
f 1807//1346 1746//1346 1808//1346
f 1808//1347 1746//1347 763//1347
f 1808//1348 763//1348 1830//1348
f 1830//1349 763//1349 776//1349
f 1830//1350 776//1350 1831//1350
f 1831//1351 776//1351 775//1351
f 1831//1352 775//1352 1832//1352
f 1832//1353 775//1353 774//1353
f 1832//1354 774//1354 1833//1354
f 1833//1355 774//1355 773//1355
f 1833//1356 773//1356 1834//1356
f 1834//1357 773//1357 772//1357
f 1834//1358 772//1358 1835//1358
f 1835//1359 772//1359 771//1359
f 1835//1360 771//1360 1836//1360
f 1836//1361 771//1361 768//1361
f 1836//1362 768//1362 1837//1362
f 1837//1363 768//1363 769//1363
f 1837//1364 769//1364 1838//1364
f 1838//1365 769//1365 778//1365
f 1838//1366 778//1366 1839//1366
f 1839//1367 778//1367 779//1367
f 1839//1368 779//1368 1840//1368
f 1840//1369 779//1369 1806//1369
f 1840//1370 1806//1370 1841//1370
f 1841//1371 1806//1371 1842//1371
f 1841//1372 1842//1372 1843//1372
f 1811//1373 1810//1373 1812//1373
f 1812//1374 1810//1374 1808//1374
f 1812//1375 1808//1375 1844//1375
f 1844//1376 1808//1376 1830//1376
f 1844//1377 1830//1377 1845//1377
f 1845//1378 1830//1378 1831//1378
f 1845//1379 1831//1379 1846//1379
f 1846//1380 1831//1380 1832//1380
f 1846//1381 1832//1381 1847//1381
f 1847//1382 1832//1382 1833//1382
f 1847//1383 1833//1383 1848//1383
f 1848//1384 1833//1384 1834//1384
f 1848//1385 1834//1385 1849//1385
f 1849//1386 1834//1386 1835//1386
f 1849//1387 1835//1387 1850//1387
f 1850//1388 1835//1388 1836//1388
f 1850//1389 1836//1389 1851//1389
f 1851//1390 1836//1390 1837//1390
f 1851//1391 1837//1391 1852//1391
f 1852//1392 1837//1392 1838//1392
f 1852//1393 1838//1393 1853//1393
f 1853//1394 1838//1394 1839//1394
f 1853//1395 1839//1395 1854//1395
f 1854//1396 1839//1396 1840//1396
f 1854//1397 1840//1397 1855//1397
f 1855//1398 1840//1398 1841//1398
f 1855//1399 1841//1399 1749//1399
f 1749//1400 1841//1400 1843//1400
f 1749//1401 1843//1401 1747//1401
f 1818//1402 1816//1402 1759//1402
f 1759//1403 1816//1403 1856//1403
f 1759//1404 1856//1404 1760//1404
f 1760//1405 1856//1405 1857//1405
f 1760//1406 1857//1406 1770//1406
f 1770//1407 1857//1407 1858//1407
f 1770//1408 1858//1408 1771//1408
f 1771//1409 1858//1409 1859//1409
f 1771//1410 1859//1410 1772//1410
f 1772//1411 1859//1411 1860//1411
f 1772//1412 1860//1412 1773//1412
f 1773//1413 1860//1413 1861//1413
f 1773//1414 1861//1414 1774//1414
f 1774//1415 1861//1415 1862//1415
f 1774//1416 1862//1416 1775//1416
f 1775//1417 1862//1417 1863//1417
f 1775//1418 1863//1418 1776//1418
f 1776//1419 1863//1419 1864//1419
f 1776//1420 1864//1420 1777//1420
f 1777//1421 1864//1421 1865//1421
f 1777//1422 1865//1422 1778//1422
f 1778//1423 1865//1423 1866//1423
f 1778//1424 1866//1424 1779//1424
f 1779//1425 1866//1425 1867//1425
f 1779//1426 1867//1426 1780//1426
f 1780//1427 1867//1427 1868//1427
f 1780//1428 1868//1428 1781//1428
f 1781//1429 1868//1429 1869//1429
f 1781//1430 1869//1430 1782//1430
f 1782//1431 1869//1431 1753//1431
f 1782//1432 1753//1432 1783//1432
f 1783//1433 1753//1433 1752//1433
f 1783//1434 1752//1434 1799//1434
f 1799//1435 1752//1435 1754//1435
f 1799//1436 1754//1436 1802//1436
f 1815//1437 1814//1437 1816//1437
f 1816//1438 1814//1438 1812//1438
f 1816//1439 1812//1439 1856//1439
f 1856//1440 1812//1440 1844//1440
f 1856//1441 1844//1441 1857//1441
f 1857//1442 1844//1442 1845//1442
f 1857//1443 1845//1443 1858//1443
f 1858//1444 1845//1444 1846//1444
f 1858//1445 1846//1445 1859//1445
f 1859//1446 1846//1446 1847//1446
f 1859//1447 1847//1447 1860//1447
f 1860//1448 1847//1448 1848//1448
f 1860//1449 1848//1449 1861//1449
f 1861//1450 1848//1450 1849//1450
f 1861//1451 1849//1451 1862//1451
f 1862//1452 1849//1452 1850//1452
f 1862//1453 1850//1453 1863//1453
f 1863//1454 1850//1454 1851//1454
f 1863//1455 1851//1455 1864//1455
f 1864//1456 1851//1456 1852//1456
f 1864//1457 1852//1457 1865//1457
f 1865//1458 1852//1458 1853//1458
f 1865//1459 1853//1459 1866//1459
f 1866//1460 1853//1460 1854//1460
f 1866//1461 1854//1461 1867//1461
f 1867//1462 1854//1462 1855//1462
f 1867//1463 1855//1463 1868//1463
f 1868//1464 1855//1464 1749//1464
f 1868//1465 1749//1465 1869//1465
f 1869//1466 1749//1466 1748//1466
f 1869//1467 1748//1467 1753//1467
f 1753//1468 1748//1468 1750//1468
f 1753//1469 1750//1469 1751//1469
f 1870//1470 1060//1470 1062//1470
f 1870//1471 1062//1471 1871//1471
f 1872//1472 1873//1472 1874//1472
f 1874//1473 1873//1473 1875//1473
f 1876//1474 1877//1474 1878//1474
f 1879//1475 1880//1475 1881//1475
f 1881//1476 1880//1476 1882//1476
f 1881//1477 1882//1477 1883//1477
f 1884//1478 1885//1478 1886//1478
f 1887//1479 1888//1479 1889//1479
f 1889//1480 1888//1480 1890//1480
f 1891//1481 1892//1481 1886//1481
f 1886//1482 1892//1482 1893//1482
f 1886//1483 1893//1483 1884//1483
f 1181//1484 1179//1484 1894//1484
f 1894//1485 1895//1485 1896//1485
f 1895//1486 1897//1486 1896//1486
f 1896//1487 1897//1487 1898//1487
f 1896//1488 1898//1488 1899//1488
f 1900//1489 1901//1489 1902//1489
f 1903//1490 1904//1490 1905//1490
f 1905//1491 1904//1491 1906//1491
f 1907//1492 1908//1492 1905//1492
f 1905//1493 1908//1493 1909//1493
f 1905//1494 1909//1494 1903//1494
f 1907//1495 1910//1495 1911//1495
f 1911//1496 1910//1496 1912//1496
f 1913//1497 1914//1497 1915//1497
f 1915//1498 1916//1498 1910//1498
f 1910//1499 1916//1499 1917//1499
f 1910//1500 1917//1500 1912//1500
f 1918//1501 1919//1501 1913//1501
f 1913//1502 1919//1502 1920//1502
f 1913//1503 1920//1503 1914//1503
f 1918//1504 1921//1504 1922//1504
f 1922//1505 1921//1505 1923//1505
f 1922//1506 1923//1506 1924//1506
f 1073//1507 1925//1507 1074//1507
f 1074//1508 1925//1508 1926//1508
f 1872//1509 1871//1509 1873//1509
f 1873//1510 1871//1510 1062//1510
f 1873//1511 1062//1511 1927//1511
f 1927//1512 1062//1512 1064//1512
f 1927//1513 1064//1513 1928//1513
f 1928//1514 1064//1514 1065//1514
f 1928//1515 1065//1515 1929//1515
f 1065//1516 1066//1516 1929//1516
f 1929//1517 1066//1517 1067//1517
f 1929//1518 1067//1518 1930//1518
f 1930//1519 1067//1519 1068//1519
f 1930//1520 1068//1520 1931//1520
f 1931//1521 1068//1521 1069//1521
f 1931//1522 1069//1522 1932//1522
f 1932//1523 1069//1523 1070//1523
f 1932//1524 1070//1524 1933//1524
f 1933//1525 1070//1525 1071//1525
f 1933//1526 1071//1526 1934//1526
f 1934//1527 1071//1527 1077//1527
f 1934//1528 1077//1528 1935//1528
f 1935//1529 1077//1529 1076//1529
f 1935//1530 1076//1530 1936//1530
f 1936//1531 1076//1531 1074//1531
f 1936//1532 1074//1532 1937//1532
f 1937//1533 1074//1533 1926//1533
f 1937//1534 1926//1534 1938//1534
f 1938//1535 1926//1535 1939//1535
f 1938//1536 1939//1536 1940//1536
f 1940//1537 1939//1537 1924//1537
f 1924//1538 1923//1538 1940//1538
f 1940//1539 1923//1539 1941//1539
f 1940//1540 1941//1540 1938//1540
f 1938//1541 1941//1541 1942//1541
f 1938//1542 1942//1542 1937//1542
f 1937//1543 1942//1543 1943//1543
f 1937//1544 1943//1544 1936//1544
f 1936//1545 1943//1545 1944//1545
f 1936//1546 1944//1546 1935//1546
f 1935//1547 1944//1547 1945//1547
f 1935//1548 1945//1548 1934//1548
f 1934//1549 1945//1549 1946//1549
f 1934//1550 1946//1550 1933//1550
f 1933//1551 1946//1551 1947//1551
f 1933//1552 1947//1552 1932//1552
f 1932//1553 1947//1553 1948//1553
f 1932//1554 1948//1554 1931//1554
f 1931//1555 1948//1555 1949//1555
f 1931//1556 1949//1556 1930//1556
f 1930//1557 1949//1557 1950//1557
f 1930//1558 1950//1558 1929//1558
f 1929//1559 1950//1559 1951//1559
f 1929//1560 1951//1560 1928//1560
f 1928//1561 1951//1561 1952//1561
f 1928//1562 1952//1562 1927//1562
f 1927//1563 1952//1563 1876//1563
f 1927//1564 1876//1564 1873//1564
f 1873//1565 1876//1565 1878//1565
f 1873//1566 1878//1566 1875//1566
f 1918//1567 1913//1567 1921//1567
f 1921//1568 1913//1568 1953//1568
f 1921//1569 1953//1569 1923//1569
f 1923//1570 1953//1570 1954//1570
f 1923//1571 1954//1571 1941//1571
f 1941//1572 1954//1572 1955//1572
f 1941//1573 1955//1573 1942//1573
f 1942//1574 1955//1574 1956//1574
f 1942//1575 1956//1575 1943//1575
f 1943//1576 1956//1576 1957//1576
f 1943//1577 1957//1577 1944//1577
f 1944//1578 1957//1578 1958//1578
f 1944//1579 1958//1579 1945//1579
f 1945//1580 1958//1580 1959//1580
f 1945//1581 1959//1581 1946//1581
f 1946//1582 1959//1582 1960//1582
f 1946//1583 1960//1583 1947//1583
f 1947//1584 1960//1584 1961//1584
f 1947//1585 1961//1585 1948//1585
f 1948//1586 1961//1586 1962//1586
f 1948//1587 1962//1587 1949//1587
f 1949//1588 1962//1588 1963//1588
f 1949//1589 1963//1589 1950//1589
f 1950//1590 1963//1590 1964//1590
f 1950//1591 1964//1591 1951//1591
f 1951//1592 1964//1592 1965//1592
f 1951//1593 1965//1593 1952//1593
f 1952//1594 1965//1594 1966//1594
f 1952//1595 1966//1595 1876//1595
f 1876//1596 1966//1596 1880//1596
f 1876//1597 1880//1597 1877//1597
f 1877//1598 1880//1598 1879//1598
f 1877//1599 1879//1599 1878//1599
f 1915//1600 1910//1600 1913//1600
f 1913//1601 1910//1601 1967//1601
f 1913//1602 1967//1602 1953//1602
f 1953//1603 1967//1603 1968//1603
f 1953//1604 1968//1604 1954//1604
f 1954//1605 1968//1605 1969//1605
f 1954//1606 1969//1606 1955//1606
f 1955//1607 1969//1607 1970//1607
f 1955//1608 1970//1608 1956//1608
f 1956//1609 1970//1609 1971//1609
f 1956//1610 1971//1610 1957//1610
f 1957//1611 1971//1611 1972//1611
f 1957//1612 1972//1612 1958//1612
f 1958//1613 1972//1613 1973//1613
f 1958//1614 1973//1614 1959//1614
f 1959//1615 1973//1615 1974//1615
f 1959//1616 1974//1616 1960//1616
f 1960//1617 1974//1617 1975//1617
f 1960//1618 1975//1618 1961//1618
f 1961//1619 1975//1619 1976//1619
f 1961//1620 1976//1620 1962//1620
f 1962//1621 1976//1621 1977//1621
f 1962//1622 1977//1622 1963//1622
f 1963//1623 1977//1623 1978//1623
f 1963//1624 1978//1624 1964//1624
f 1964//1625 1978//1625 1979//1625
f 1964//1626 1979//1626 1965//1626
f 1965//1627 1979//1627 1980//1627
f 1965//1628 1980//1628 1966//1628
f 1966//1629 1980//1629 1981//1629
f 1966//1630 1981//1630 1880//1630
f 1880//1631 1981//1631 1886//1631
f 1880//1632 1886//1632 1882//1632
f 1882//1633 1886//1633 1885//1633
f 1882//1634 1885//1634 1883//1634
f 1907//1635 1905//1635 1910//1635
f 1910//1636 1905//1636 1982//1636
f 1910//1637 1982//1637 1967//1637
f 1967//1638 1982//1638 1983//1638
f 1967//1639 1983//1639 1968//1639
f 1968//1640 1983//1640 1984//1640
f 1968//1641 1984//1641 1969//1641
f 1969//1642 1984//1642 1985//1642
f 1969//1643 1985//1643 1970//1643
f 1970//1644 1985//1644 1986//1644
f 1970//1645 1986//1645 1971//1645
f 1971//1646 1986//1646 1987//1646
f 1971//1647 1987//1647 1972//1647
f 1972//1648 1987//1648 1988//1648
f 1972//1649 1988//1649 1973//1649
f 1973//1650 1988//1650 1989//1650
f 1973//1651 1989//1651 1974//1651
f 1974//1652 1989//1652 1990//1652
f 1974//1653 1990//1653 1975//1653
f 1975//1654 1990//1654 1991//1654
f 1975//1655 1991//1655 1976//1655
f 1976//1656 1991//1656 1992//1656
f 1976//1657 1992//1657 1977//1657
f 1977//1658 1992//1658 1993//1658
f 1977//1659 1993//1659 1978//1659
f 1978//1660 1993//1660 1994//1660
f 1978//1661 1994//1661 1979//1661
f 1979//1662 1994//1662 1995//1662
f 1979//1663 1995//1663 1980//1663
f 1980//1664 1995//1664 1996//1664
f 1980//1665 1996//1665 1981//1665
f 1981//1666 1996//1666 1889//1666
f 1981//1667 1889//1667 1886//1667
f 1886//1668 1889//1668 1890//1668
f 1886//1669 1890//1669 1891//1669
f 1901//1670 1900//1670 1906//1670
f 1906//1671 1900//1671 1997//1671
f 1906//1672 1997//1672 1905//1672
f 1905//1673 1997//1673 1998//1673
f 1905//1674 1998//1674 1982//1674
f 1982//1675 1998//1675 1999//1675
f 1982//1676 1999//1676 1983//1676
f 1983//1677 1999//1677 2000//1677
f 1983//1678 2000//1678 1984//1678
f 1984//1679 2000//1679 2001//1679
f 1984//1680 2001//1680 1985//1680
f 1985//1681 2001//1681 2002//1681
f 1985//1682 2002//1682 1986//1682
f 1986//1683 2002//1683 2003//1683
f 1986//1684 2003//1684 1987//1684
f 1987//1685 2003//1685 2004//1685
f 1987//1686 2004//1686 1988//1686
f 1988//1687 2004//1687 2005//1687
f 1988//1688 2005//1688 1989//1688
f 1989//1689 2005//1689 2006//1689
f 1989//1690 2006//1690 1990//1690
f 1990//1691 2006//1691 2007//1691
f 1990//1692 2007//1692 1991//1692
f 1991//1693 2007//1693 2008//1693
f 1991//1694 2008//1694 1992//1694
f 1992//1695 2008//1695 2009//1695
f 1992//1696 2009//1696 1993//1696
f 1993//1697 2009//1697 2010//1697
f 1993//1698 2010//1698 1994//1698
f 1994//1699 2010//1699 2011//1699
f 1994//1700 2011//1700 1995//1700
f 1995//1701 2011//1701 2012//1701
f 1995//1702 2012//1702 1996//1702
f 1996//1703 2012//1703 1896//1703
f 1996//1704 1896//1704 1889//1704
f 1889//1705 1896//1705 1899//1705
f 1889//1706 1899//1706 1887//1706
f 1894//1707 1896//1707 1181//1707
f 1181//1708 1896//1708 2012//1708
f 1181//1709 2012//1709 1183//1709
f 1183//1710 2012//1710 2011//1710
f 1183//1711 2011//1711 1184//1711
f 1184//1712 2011//1712 2010//1712
f 1184//1713 2010//1713 1229//1713
f 1229//1714 2010//1714 2009//1714
f 1229//1715 2009//1715 1230//1715
f 1230//1716 2009//1716 2008//1716
f 1230//1717 2008//1717 1225//1717
f 1225//1718 2008//1718 2007//1718
f 1225//1719 2007//1719 1226//1719
f 1226//1720 2007//1720 2006//1720
f 1226//1721 2006//1721 1227//1721
f 1227//1722 2006//1722 2005//1722
f 1227//1723 2005//1723 1228//1723
f 1228//1724 2005//1724 2004//1724
f 1228//1725 2004//1725 1196//1725
f 1196//1726 2004//1726 2003//1726
f 1196//1727 2003//1727 1197//1727
f 1197//1728 2003//1728 2002//1728
f 1197//1729 2002//1729 1199//1729
f 1199//1730 2002//1730 2001//1730
f 1199//1731 2001//1731 1200//1731
f 1200//1732 2001//1732 2000//1732
f 1200//1733 2000//1733 1222//1733
f 1222//1734 2000//1734 1999//1734
f 1222//1735 1999//1735 1223//1735
f 1223//1736 1999//1736 1998//1736
f 1223//1737 1998//1737 1224//1737
f 1224//1738 1998//1738 1997//1738
f 1224//1739 1997//1739 1175//1739
f 1175//1740 1997//1740 1900//1740
f 1175//1741 1900//1741 1176//1741
f 1176//1742 1900//1742 1902//1742
f 1176//1743 1902//1743 1177//1743
f 2013//1744 2014//1744 2015//1744
f 2016//1745 804//1745 802//1745
f 2017//1746 2018//1746 2019//1746
f 2019//1747 2018//1747 2020//1747
f 2019//1748 2020//1748 2021//1748
f 2022//1749 2023//1749 2024//1749
f 2025//1750 2026//1750 2027//1750
f 2028//1751 2029//1751 2030//1751
f 2030//1752 2029//1752 2031//1752
f 2032//1753 2033//1753 2034//1753
f 2034//1754 2033//1754 2035//1754
f 2034//1755 2035//1755 2036//1755
f 284//1756 303//1756 2032//1756
f 2037//1757 2038//1757 2039//1757
f 2039//1758 2038//1758 2040//1758
f 2041//1759 2042//1759 2037//1759
f 2042//1760 2041//1760 2043//1760
f 2043//1761 2041//1761 2044//1761
f 2043//1762 2044//1762 2014//1762
f 2045//1763 2046//1763 2047//1763
f 2047//1764 2046//1764 2048//1764
f 2048//1765 2046//1765 2049//1765
f 2048//1766 2049//1766 2013//1766
f 2045//1767 2050//1767 2051//1767
f 2051//1768 2050//1768 2052//1768
f 2051//1769 2052//1769 2053//1769
f 2054//1770 2055//1770 2056//1770
f 2056//1771 2055//1771 2057//1771
f 2056//1772 2057//1772 2058//1772
f 2058//1773 2057//1773 2059//1773
f 2058//1774 2059//1774 2060//1774
f 2060//1775 2059//1775 2061//1775
f 2060//1776 2061//1776 2062//1776
f 2062//1777 2061//1777 2063//1777
f 2062//1778 2063//1778 2064//1778
f 2065//1779 2066//1779 2067//1779
f 2067//1780 2066//1780 2068//1780
f 2067//1781 2068//1781 2069//1781
f 2069//1782 2068//1782 2070//1782
f 2069//1783 2070//1783 2071//1783
f 2071//1784 2070//1784 2016//1784
f 2071//1785 2016//1785 2072//1785
f 2072//1786 2016//1786 802//1786
f 2072//1787 802//1787 2073//1787
f 2073//1788 802//1788 801//1788
f 2073//1789 801//1789 2074//1789
f 2074//1790 801//1790 790//1790
f 2074//1791 790//1791 2075//1791
f 2075//1792 790//1792 792//1792
f 2075//1793 792//1793 2076//1793
f 2076//1794 792//1794 807//1794
f 2076//1795 807//1795 2077//1795
f 2077//1796 807//1796 808//1796
f 2077//1797 808//1797 2078//1797
f 2078//1798 808//1798 810//1798
f 2078//1799 810//1799 2079//1799
f 2079//1800 810//1800 809//1800
f 2079//1801 809//1801 2080//1801
f 2080//1802 809//1802 812//1802
f 2080//1803 812//1803 2081//1803
f 2081//1804 812//1804 814//1804
f 2081//1805 814//1805 2082//1805
f 2082//1806 814//1806 818//1806
f 2082//1807 818//1807 2083//1807
f 2083//1808 818//1808 817//1808
f 2083//1809 817//1809 2084//1809
f 2084//1810 817//1810 819//1810
f 2084//1811 819//1811 2085//1811
f 2085//1812 819//1812 822//1812
f 2085//1813 822//1813 2086//1813
f 2086//1814 822//1814 2087//1814
f 2086//1815 2087//1815 2088//1815
f 2088//1816 2087//1816 824//1816
f 2088//1817 824//1817 2089//1817
f 2089//1818 824//1818 827//1818
f 2089//1819 827//1819 2090//1819
f 2090//1820 827//1820 829//1820
f 2090//1821 829//1821 2091//1821
f 2091//1822 829//1822 832//1822
f 2091//1823 832//1823 2092//1823
f 2092//1824 832//1824 836//1824
f 2092//1825 836//1825 2093//1825
f 2093//1826 836//1826 834//1826
f 2093//1827 834//1827 2094//1827
f 2094//1828 834//1828 833//1828
f 2094//1829 833//1829 2095//1829
f 2095//1830 833//1830 789//1830
f 2095//1831 789//1831 2096//1831
f 2096//1832 789//1832 787//1832
f 871//1833 2055//1833 839//1833
f 839//1834 2055//1834 2054//1834
f 839//1835 2054//1835 841//1835
f 841//1836 2054//1836 2097//1836
f 841//1837 2097//1837 919//1837
f 919//1838 2097//1838 2098//1838
f 919//1839 2098//1839 786//1839
f 786//1840 2098//1840 2099//1840
f 786//1841 2099//1841 787//1841
f 787//1842 2099//1842 2100//1842
f 787//1843 2100//1843 2096//1843
f 2053//1844 2052//1844 2101//1844
f 2101//1845 2052//1845 2102//1845
f 2101//1846 2102//1846 2064//1846
f 2064//1847 2102//1847 2103//1847
f 2064//1848 2103//1848 2062//1848
f 2062//1849 2103//1849 2104//1849
f 2062//1850 2104//1850 2060//1850
f 2060//1851 2104//1851 2105//1851
f 2060//1852 2105//1852 2058//1852
f 2058//1853 2105//1853 2106//1853
f 2058//1854 2106//1854 2056//1854
f 2056//1855 2106//1855 2107//1855
f 2056//1856 2107//1856 2054//1856
f 2054//1857 2107//1857 2108//1857
f 2054//1858 2108//1858 2097//1858
f 2097//1859 2108//1859 2109//1859
f 2097//1860 2109//1860 2098//1860
f 2098//1861 2109//1861 2110//1861
f 2098//1862 2110//1862 2099//1862
f 2099//1863 2110//1863 2111//1863
f 2099//1864 2111//1864 2100//1864
f 2100//1865 2111//1865 2112//1865
f 2100//1866 2112//1866 2096//1866
f 2096//1867 2112//1867 2113//1867
f 2096//1868 2113//1868 2095//1868
f 2095//1869 2113//1869 2114//1869
f 2095//1870 2114//1870 2094//1870
f 2094//1871 2114//1871 2115//1871
f 2094//1872 2115//1872 2093//1872
f 2093//1873 2115//1873 2116//1873
f 2093//1874 2116//1874 2092//1874
f 2092//1875 2116//1875 2117//1875
f 2092//1876 2117//1876 2091//1876
f 2091//1877 2117//1877 2118//1877
f 2091//1878 2118//1878 2090//1878
f 2090//1879 2118//1879 2119//1879
f 2090//1880 2119//1880 2089//1880
f 2089//1881 2119//1881 2120//1881
f 2089//1882 2120//1882 2088//1882
f 2088//1883 2120//1883 2121//1883
f 2088//1884 2121//1884 2086//1884
f 2086//1885 2121//1885 2122//1885
f 2086//1886 2122//1886 2085//1886
f 2085//1887 2122//1887 2123//1887
f 2085//1888 2123//1888 2084//1888
f 2084//1889 2123//1889 2124//1889
f 2084//1890 2124//1890 2083//1890
f 2083//1891 2124//1891 2125//1891
f 2083//1892 2125//1892 2082//1892
f 2082//1893 2125//1893 2126//1893
f 2082//1894 2126//1894 2081//1894
f 2081//1895 2126//1895 2127//1895
f 2081//1896 2127//1896 2080//1896
f 2080//1897 2127//1897 2128//1897
f 2080//1898 2128//1898 2079//1898
f 2079//1899 2128//1899 2129//1899
f 2079//1900 2129//1900 2078//1900
f 2078//1901 2129//1901 2130//1901
f 2078//1902 2130//1902 2077//1902
f 2077//1903 2130//1903 2131//1903
f 2077//1904 2131//1904 2076//1904
f 2076//1905 2131//1905 2132//1905
f 2076//1906 2132//1906 2075//1906
f 2075//1907 2132//1907 2133//1907
f 2075//1908 2133//1908 2074//1908
f 2074//1909 2133//1909 2134//1909
f 2074//1910 2134//1910 2073//1910
f 2073//1911 2134//1911 2135//1911
f 2073//1912 2135//1912 2072//1912
f 2072//1913 2135//1913 2136//1913
f 2072//1914 2136//1914 2071//1914
f 2071//1915 2136//1915 2137//1915
f 2071//1916 2137//1916 2069//1916
f 2069//1917 2137//1917 2018//1917
f 2069//1918 2018//1918 2067//1918
f 2067//1919 2018//1919 2017//1919
f 2067//1920 2017//1920 2065//1920
f 2045//1921 2047//1921 2050//1921
f 2050//1922 2047//1922 2138//1922
f 2050//1923 2138//1923 2052//1923
f 2052//1924 2138//1924 2139//1924
f 2052//1925 2139//1925 2102//1925
f 2102//1926 2139//1926 2140//1926
f 2102//1927 2140//1927 2103//1927
f 2103//1928 2140//1928 2141//1928
f 2103//1929 2141//1929 2104//1929
f 2104//1930 2141//1930 2142//1930
f 2104//1931 2142//1931 2105//1931
f 2105//1932 2142//1932 2143//1932
f 2105//1933 2143//1933 2106//1933
f 2106//1934 2143//1934 2144//1934
f 2106//1935 2144//1935 2107//1935
f 2107//1936 2144//1936 2145//1936
f 2107//1937 2145//1937 2108//1937
f 2108//1938 2145//1938 2146//1938
f 2108//1939 2146//1939 2109//1939
f 2109//1940 2146//1940 2147//1940
f 2109//1941 2147//1941 2110//1941
f 2110//1942 2147//1942 2148//1942
f 2110//1943 2148//1943 2111//1943
f 2111//1944 2148//1944 2149//1944
f 2111//1945 2149//1945 2112//1945
f 2112//1946 2149//1946 2150//1946
f 2112//1947 2150//1947 2113//1947
f 2113//1948 2150//1948 2151//1948
f 2113//1949 2151//1949 2114//1949
f 2114//1950 2151//1950 2152//1950
f 2114//1951 2152//1951 2115//1951
f 2115//1952 2152//1952 2153//1952
f 2115//1953 2153//1953 2116//1953
f 2116//1954 2153//1954 2154//1954
f 2116//1955 2154//1955 2117//1955
f 2117//1956 2154//1956 2155//1956
f 2117//1957 2155//1957 2118//1957
f 2118//1958 2155//1958 2156//1958
f 2118//1959 2156//1959 2119//1959
f 2119//1960 2156//1960 2157//1960
f 2119//1961 2157//1961 2120//1961
f 2120//1962 2157//1962 2158//1962
f 2120//1963 2158//1963 2121//1963
f 2121//1964 2158//1964 2159//1964
f 2121//1965 2159//1965 2122//1965
f 2122//1966 2159//1966 2160//1966
f 2122//1967 2160//1967 2123//1967
f 2123//1968 2160//1968 2161//1968
f 2123//1969 2161//1969 2124//1969
f 2124//1970 2161//1970 2162//1970
f 2124//1971 2162//1971 2125//1971
f 2125//1972 2162//1972 2163//1972
f 2125//1973 2163//1973 2126//1973
f 2126//1974 2163//1974 2164//1974
f 2126//1975 2164//1975 2127//1975
f 2127//1976 2164//1976 2165//1976
f 2127//1977 2165//1977 2128//1977
f 2128//1978 2165//1978 2166//1978
f 2128//1979 2166//1979 2129//1979
f 2129//1980 2166//1980 2167//1980
f 2129//1981 2167//1981 2130//1981
f 2130//1982 2167//1982 2168//1982
f 2130//1983 2168//1983 2131//1983
f 2131//1984 2168//1984 2169//1984
f 2131//1985 2169//1985 2132//1985
f 2132//1986 2169//1986 2170//1986
f 2132//1987 2170//1987 2133//1987
f 2133//1988 2170//1988 2171//1988
f 2133//1989 2171//1989 2134//1989
f 2134//1990 2171//1990 2172//1990
f 2134//1991 2172//1991 2135//1991
f 2135//1992 2172//1992 2173//1992
f 2135//1993 2173//1993 2136//1993
f 2136//1994 2173//1994 2174//1994
f 2136//1995 2174//1995 2137//1995
f 2137//1996 2174//1996 2175//1996
f 2137//1997 2175//1997 2018//1997
f 2018//1998 2175//1998 2022//1998
f 2018//1999 2022//1999 2020//1999
f 2020//2000 2022//2000 2024//2000
f 2020//2001 2024//2001 2021//2001
f 2013//2002 2015//2002 2048//2002
f 2048//2003 2015//2003 2176//2003
f 2048//2004 2176//2004 2047//2004
f 2047//2005 2176//2005 2177//2005
f 2047//2006 2177//2006 2138//2006
f 2138//2007 2177//2007 2178//2007
f 2138//2008 2178//2008 2139//2008
f 2139//2009 2178//2009 2179//2009
f 2139//2010 2179//2010 2140//2010
f 2140//2011 2179//2011 2180//2011
f 2140//2012 2180//2012 2141//2012
f 2141//2013 2180//2013 2181//2013
f 2141//2014 2181//2014 2142//2014
f 2142//2015 2181//2015 2182//2015
f 2142//2016 2182//2016 2143//2016
f 2143//2017 2182//2017 2183//2017
f 2143//2018 2183//2018 2144//2018
f 2144//2019 2183//2019 2184//2019
f 2144//2020 2184//2020 2145//2020
f 2145//2021 2184//2021 2185//2021
f 2145//2022 2185//2022 2146//2022
f 2146//2023 2185//2023 2186//2023
f 2146//2024 2186//2024 2147//2024
f 2147//2025 2186//2025 2187//2025
f 2147//2026 2187//2026 2148//2026
f 2148//2027 2187//2027 2188//2027
f 2148//2028 2188//2028 2149//2028
f 2149//2029 2188//2029 2189//2029
f 2149//2030 2189//2030 2150//2030
f 2150//2031 2189//2031 2190//2031
f 2150//2032 2190//2032 2151//2032
f 2151//2033 2190//2033 2191//2033
f 2151//2034 2191//2034 2152//2034
f 2152//2035 2191//2035 2192//2035
f 2152//2036 2192//2036 2153//2036
f 2153//2037 2192//2037 2193//2037
f 2153//2038 2193//2038 2154//2038
f 2154//2039 2193//2039 2194//2039
f 2154//2040 2194//2040 2155//2040
f 2155//2041 2194//2041 2195//2041
f 2155//2042 2195//2042 2156//2042
f 2156//2043 2195//2043 2196//2043
f 2156//2044 2196//2044 2157//2044
f 2157//2045 2196//2045 2197//2045
f 2157//2046 2197//2046 2158//2046
f 2158//2047 2197//2047 2198//2047
f 2158//2048 2198//2048 2159//2048
f 2159//2049 2198//2049 2199//2049
f 2159//2050 2199//2050 2160//2050
f 2160//2051 2199//2051 2200//2051
f 2160//2052 2200//2052 2161//2052
f 2161//2053 2200//2053 2201//2053
f 2161//2054 2201//2054 2162//2054
f 2162//2055 2201//2055 2202//2055
f 2162//2056 2202//2056 2163//2056
f 2163//2057 2202//2057 2203//2057
f 2163//2058 2203//2058 2164//2058
f 2164//2059 2203//2059 2204//2059
f 2164//2060 2204//2060 2165//2060
f 2165//2061 2204//2061 2205//2061
f 2165//2062 2205//2062 2166//2062
f 2166//2063 2205//2063 2206//2063
f 2166//2064 2206//2064 2167//2064
f 2167//2065 2206//2065 2207//2065
f 2167//2066 2207//2066 2168//2066
f 2168//2067 2207//2067 2208//2067
f 2168//2068 2208//2068 2169//2068
f 2169//2069 2208//2069 2209//2069
f 2169//2070 2209//2070 2170//2070
f 2170//2071 2209//2071 2210//2071
f 2170//2072 2210//2072 2171//2072
f 2171//2073 2210//2073 2211//2073
f 2171//2074 2211//2074 2172//2074
f 2172//2075 2211//2075 2212//2075
f 2172//2076 2212//2076 2173//2076
f 2173//2077 2212//2077 2213//2077
f 2173//2078 2213//2078 2174//2078
f 2174//2079 2213//2079 2214//2079
f 2174//2080 2214//2080 2175//2080
f 2175//2081 2214//2081 2215//2081
f 2175//2082 2215//2082 2022//2082
f 2022//2083 2215//2083 2025//2083
f 2022//2084 2025//2084 2023//2084
f 2023//2085 2025//2085 2027//2085
f 2023//2086 2027//2086 2024//2086
f 2014//2087 2044//2087 2015//2087
f 2015//2088 2044//2088 2216//2088
f 2015//2089 2216//2089 2176//2089
f 2176//2090 2216//2090 2217//2090
f 2176//2091 2217//2091 2177//2091
f 2177//2092 2217//2092 2218//2092
f 2177//2093 2218//2093 2178//2093
f 2178//2094 2218//2094 2219//2094
f 2178//2095 2219//2095 2179//2095
f 2179//2096 2219//2096 2220//2096
f 2179//2097 2220//2097 2180//2097
f 2180//2098 2220//2098 2221//2098
f 2180//2099 2221//2099 2181//2099
f 2181//2100 2221//2100 2222//2100
f 2181//2101 2222//2101 2182//2101
f 2182//2102 2222//2102 2223//2102
f 2182//2103 2223//2103 2183//2103
f 2183//2104 2223//2104 2224//2104
f 2183//2105 2224//2105 2184//2105
f 2184//2106 2224//2106 2225//2106
f 2184//2107 2225//2107 2185//2107
f 2185//2108 2225//2108 2226//2108
f 2185//2109 2226//2109 2186//2109
f 2186//2110 2226//2110 2227//2110
f 2186//2111 2227//2111 2187//2111
f 2187//2112 2227//2112 2228//2112
f 2187//2113 2228//2113 2188//2113
f 2188//2114 2228//2114 2229//2114
f 2188//2115 2229//2115 2189//2115
f 2189//2116 2229//2116 2230//2116
f 2189//2117 2230//2117 2190//2117
f 2190//2118 2230//2118 2231//2118
f 2190//2119 2231//2119 2191//2119
f 2191//2120 2231//2120 2232//2120
f 2191//2121 2232//2121 2192//2121
f 2192//2122 2232//2122 2233//2122
f 2192//2123 2233//2123 2193//2123
f 2193//2124 2233//2124 2234//2124
f 2193//2125 2234//2125 2194//2125
f 2194//2126 2234//2126 2235//2126
f 2194//2127 2235//2127 2195//2127
f 2195//2128 2235//2128 2236//2128
f 2195//2129 2236//2129 2196//2129
f 2196//2130 2236//2130 2237//2130
f 2196//2131 2237//2131 2197//2131
f 2197//2132 2237//2132 2238//2132
f 2197//2133 2238//2133 2198//2133
f 2198//2134 2238//2134 2239//2134
f 2198//2135 2239//2135 2199//2135
f 2199//2136 2239//2136 2240//2136
f 2199//2137 2240//2137 2200//2137
f 2200//2138 2240//2138 2241//2138
f 2200//2139 2241//2139 2201//2139
f 2201//2140 2241//2140 2242//2140
f 2201//2141 2242//2141 2202//2141
f 2202//2142 2242//2142 2243//2142
f 2202//2143 2243//2143 2203//2143
f 2203//2144 2243//2144 2244//2144
f 2203//2145 2244//2145 2204//2145
f 2204//2146 2244//2146 2245//2146
f 2204//2147 2245//2147 2205//2147
f 2205//2148 2245//2148 2246//2148
f 2205//2149 2246//2149 2206//2149
f 2206//2150 2246//2150 2247//2150
f 2206//2151 2247//2151 2207//2151
f 2207//2152 2247//2152 2248//2152
f 2207//2153 2248//2153 2208//2153
f 2208//2154 2248//2154 2249//2154
f 2208//2155 2249//2155 2209//2155
f 2209//2156 2249//2156 2250//2156
f 2209//2157 2250//2157 2210//2157
f 2210//2158 2250//2158 2251//2158
f 2210//2159 2251//2159 2211//2159
f 2211//2160 2251//2160 2252//2160
f 2211//2161 2252//2161 2212//2161
f 2212//2162 2252//2162 2253//2162
f 2212//2163 2253//2163 2213//2163
f 2213//2164 2253//2164 2254//2164
f 2213//2165 2254//2165 2214//2165
f 2214//2166 2254//2166 2255//2166
f 2214//2167 2255//2167 2215//2167
f 2215//2168 2255//2168 2029//2168
f 2215//2169 2029//2169 2025//2169
f 2025//2170 2029//2170 2028//2170
f 2025//2171 2028//2171 2026//2171
f 2037//2172 2039//2172 2041//2172
f 2041//2173 2039//2173 2256//2173
f 2041//2174 2256//2174 2044//2174
f 2044//2175 2256//2175 2257//2175
f 2044//2176 2257//2176 2216//2176
f 2216//2177 2257//2177 2258//2177
f 2216//2178 2258//2178 2217//2178
f 2217//2179 2258//2179 2259//2179
f 2217//2180 2259//2180 2218//2180
f 2218//2181 2259//2181 2260//2181
f 2218//2182 2260//2182 2219//2182
f 2219//2183 2260//2183 2261//2183
f 2219//2184 2261//2184 2220//2184
f 2220//2185 2261//2185 2262//2185
f 2220//2186 2262//2186 2221//2186
f 2221//2187 2262//2187 2263//2187
f 2221//2188 2263//2188 2222//2188
f 2222//2189 2263//2189 2264//2189
f 2222//2190 2264//2190 2223//2190
f 2223//2191 2264//2191 2265//2191
f 2223//2192 2265//2192 2224//2192
f 2224//2193 2265//2193 2266//2193
f 2224//2194 2266//2194 2225//2194
f 2225//2195 2266//2195 2267//2195
f 2225//2196 2267//2196 2226//2196
f 2226//2197 2267//2197 2268//2197
f 2226//2198 2268//2198 2227//2198
f 2227//2199 2268//2199 2269//2199
f 2227//2200 2269//2200 2228//2200
f 2228//2201 2269//2201 2270//2201
f 2228//2202 2270//2202 2229//2202
f 2229//2203 2270//2203 2271//2203
f 2229//2204 2271//2204 2230//2204
f 2230//2205 2271//2205 2272//2205
f 2230//2206 2272//2206 2231//2206
f 2231//2207 2272//2207 2273//2207
f 2231//2208 2273//2208 2232//2208
f 2232//2209 2273//2209 2274//2209
f 2232//2210 2274//2210 2233//2210
f 2233//2211 2274//2211 2275//2211
f 2233//2212 2275//2212 2234//2212
f 2234//2213 2275//2213 2276//2213
f 2234//2214 2276//2214 2235//2214
f 2235//2215 2276//2215 2277//2215
f 2235//2216 2277//2216 2236//2216
f 2236//2217 2277//2217 2278//2217
f 2236//2218 2278//2218 2237//2218
f 2237//2219 2278//2219 2279//2219
f 2237//2220 2279//2220 2238//2220
f 2238//2220 2279//2220 2280//2220
f 2238//2221 2280//2221 2239//2221
f 2239//2222 2280//2222 2281//2222
f 2239//2223 2281//2223 2240//2223
f 2240//2224 2281//2224 2282//2224
f 2240//2225 2282//2225 2241//2225
f 2241//2226 2282//2226 2283//2226
f 2241//2227 2283//2227 2242//2227
f 2242//2228 2283//2228 2284//2228
f 2242//2229 2284//2229 2243//2229
f 2243//2230 2284//2230 2285//2230
f 2243//2231 2285//2231 2244//2231
f 2244//2232 2285//2232 2286//2232
f 2244//2233 2286//2233 2245//2233
f 2245//2234 2286//2234 2287//2234
f 2245//2235 2287//2235 2246//2235
f 2246//2236 2287//2236 2288//2236
f 2246//2237 2288//2237 2247//2237
f 2247//2238 2288//2238 2289//2238
f 2247//2239 2289//2239 2248//2239
f 2248//2240 2289//2240 2290//2240
f 2248//2241 2290//2241 2249//2241
f 2249//2242 2290//2242 2291//2242
f 2249//2243 2291//2243 2250//2243
f 2250//2244 2291//2244 2292//2244
f 2250//2245 2292//2245 2251//2245
f 2251//2246 2292//2246 2293//2246
f 2251//2247 2293//2247 2252//2247
f 2252//2248 2293//2248 2294//2248
f 2252//2249 2294//2249 2253//2249
f 2253//2250 2294//2250 2295//2250
f 2253//2251 2295//2251 2254//2251
f 2254//2252 2295//2252 2296//2252
f 2254//2253 2296//2253 2255//2253
f 2255//2254 2296//2254 2036//2254
f 2255//2255 2036//2255 2029//2255
f 2029//2256 2036//2256 2035//2256
f 2029//2257 2035//2257 2031//2257
f 2032//2258 2034//2258 284//2258
f 284//2259 2034//2259 2036//2259
f 284//2260 2036//2260 302//2260
f 302//2261 2036//2261 2296//2261
f 302//2262 2296//2262 301//2262
f 301//2263 2296//2263 2295//2263
f 301//2264 2295//2264 299//2264
f 299//2265 2295//2265 2294//2265
f 299//2266 2294//2266 316//2266
f 316//2267 2294//2267 2293//2267
f 316//2268 2293//2268 317//2268
f 317//2269 2293//2269 2292//2269
f 317//2270 2292//2270 318//2270
f 318//2271 2292//2271 2291//2271
f 318//2272 2291//2272 335//2272
f 335//2273 2291//2273 2290//2273
f 335//2274 2290//2274 336//2274
f 336//2275 2290//2275 2289//2275
f 336//2276 2289//2276 337//2276
f 337//2277 2289//2277 2288//2277
f 337//2278 2288//2278 341//2278
f 341//2279 2288//2279 2287//2279
f 341//2280 2287//2280 342//2280
f 342//2281 2287//2281 2286//2281
f 342//2282 2286//2282 343//2282
f 343//2283 2286//2283 2285//2283
f 343//2284 2285//2284 312//2284
f 312//2285 2285//2285 2284//2285
f 312//2286 2284//2286 313//2286
f 313//2287 2284//2287 2283//2287
f 313//2288 2283//2288 315//2288
f 315//2289 2283//2289 2282//2289
f 315//2290 2282//2290 338//2290
f 338//2291 2282//2291 2281//2291
f 338//2292 2281//2292 339//2292
f 339//2293 2281//2293 2280//2293
f 339//2294 2280//2294 340//2294
f 340//2295 2280//2295 2279//2295
f 340//2296 2279//2296 323//2296
f 323//2296 2279//2296 2278//2296
f 323//2297 2278//2297 325//2297
f 325//2298 2278//2298 2277//2298
f 325//2299 2277//2299 2297//2299
f 2297//2300 2277//2300 2276//2300
f 2297//2301 2276//2301 329//2301
f 329//2302 2276//2302 2275//2302
f 329//2303 2275//2303 331//2303
f 331//2304 2275//2304 2274//2304
f 331//2305 2274//2305 333//2305
f 333//2306 2274//2306 2273//2306
f 333//2307 2273//2307 334//2307
f 334//2308 2273//2308 2272//2308
f 334//2309 2272//2309 298//2309
f 298//2310 2272//2310 2271//2310
f 298//2311 2271//2311 295//2311
f 295//2312 2271//2312 2270//2312
f 295//2313 2270//2313 296//2313
f 296//2314 2270//2314 2269//2314
f 296//2315 2269//2315 319//2315
f 319//2316 2269//2316 2268//2316
f 319//2317 2268//2317 320//2317
f 320//2318 2268//2318 2267//2318
f 320//2319 2267//2319 321//2319
f 321//2320 2267//2320 2266//2320
f 321//2321 2266//2321 309//2321
f 309//2322 2266//2322 2265//2322
f 309//2323 2265//2323 310//2323
f 310//2324 2265//2324 2264//2324
f 310//2325 2264//2325 311//2325
f 311//2326 2264//2326 2263//2326
f 311//2327 2263//2327 292//2327
f 292//2328 2263//2328 2262//2328
f 292//2329 2262//2329 293//2329
f 293//2330 2262//2330 2261//2330
f 293//2331 2261//2331 294//2331
f 294//2332 2261//2332 2260//2332
f 294//2333 2260//2333 267//2333
f 267//2334 2260//2334 2259//2334
f 267//2335 2259//2335 268//2335
f 268//2336 2259//2336 2258//2336
f 268//2337 2258//2337 281//2337
f 281//2338 2258//2338 2257//2338
f 281//2339 2257//2339 260//2339
f 260//2340 2257//2340 2256//2340
f 260//2341 2256//2341 261//2341
f 261//2342 2256//2342 2039//2342
f 261//2343 2039//2343 266//2343
f 266//2344 2039//2344 2040//2344
f 266//2345 2040//2345 263//2345
f 2298//2346 2299//2346 2300//2346
f 2301//2347 2302//2347 2303//2347
f 2303//2348 2302//2348 2304//2348
f 2305//2349 2306//2349 2301//2349
f 2306//2350 2305//2350 2307//2350
f 2307//2351 2305//2351 2308//2351
f 2307//2352 2308//2352 2299//2352
f 2309//2353 2310//2353 2311//2353
f 2311//2354 2310//2354 2312//2354
f 2312//2355 2310//2355 2313//2355
f 2312//2356 2313//2356 2298//2356
f 2309//2357 2314//2357 2315//2357
f 2315//2358 2314//2358 2316//2358
f 2315//2359 2316//2359 2317//2359
f 2318//2360 2319//2360 2320//2360
f 2320//2361 2319//2361 2321//2361
f 2320//2362 2321//2362 2322//2362
f 2322//2363 2321//2363 2323//2363
f 2322//2364 2323//2364 2324//2364
f 2324//2365 2323//2365 2325//2365
f 2324//2366 2325//2366 2326//2366
f 2326//2367 2325//2367 2327//2367
f 2326//2368 2327//2368 2328//2368
f 2329//2369 1001//2369 999//2369
f 2330//2370 2331//2370 2332//2370
f 2332//2371 2331//2371 2333//2371
f 2332//2372 2333//2372 2334//2372
f 2335//2373 2336//2373 2337//2373
f 2338//2374 2339//2374 2340//2374
f 2341//2375 2342//2375 2343//2375
f 2343//2376 2342//2376 2344//2376
f 2345//2377 2346//2377 2347//2377
f 2347//2378 2346//2378 2348//2378
f 2347//2379 2348//2379 2349//2379
f 1264//2380 1265//2380 2345//2380
f 2350//2381 2351//2381 2352//2381
f 2352//2382 2351//2382 2353//2382
f 2352//2383 2353//2383 2354//2383
f 2354//2384 2353//2384 2355//2384
f 2354//2385 2355//2385 2356//2385
f 2356//2386 2355//2386 2329//2386
f 2356//2387 2329//2387 2357//2387
f 2357//2388 2329//2388 999//2388
f 2357//2389 999//2389 2358//2389
f 2358//2390 999//2390 998//2390
f 2358//2391 998//2391 2359//2391
f 2359//2392 998//2392 928//2392
f 2359//2393 928//2393 2360//2393
f 2360//2394 928//2394 930//2394
f 2360//2395 930//2395 2361//2395
f 2361//2396 930//2396 932//2396
f 2361//2397 932//2397 2362//2397
f 2362//2398 932//2398 933//2398
f 2362//2399 933//2399 2363//2399
f 2363//2400 933//2400 935//2400
f 2363//2401 935//2401 2364//2401
f 2364//2402 935//2402 934//2402
f 2364//2403 934//2403 2365//2403
f 2365//2404 934//2404 937//2404
f 2365//2405 937//2405 2366//2405
f 2366//2406 937//2406 939//2406
f 2366//2407 939//2407 2367//2407
f 2367//2408 939//2408 943//2408
f 2367//2409 943//2409 2368//2409
f 2368//2410 943//2410 942//2410
f 2368//2411 942//2411 2369//2411
f 2369//2412 942//2412 944//2412
f 2369//2413 944//2413 2370//2413
f 2370//2414 944//2414 947//2414
f 2370//2415 947//2415 2371//2415
f 2371//2416 947//2416 950//2416
f 2371//2417 950//2417 2372//2417
f 2372//2418 950//2418 949//2418
f 2372//2419 949//2419 2373//2419
f 2373//2420 949//2420 952//2420
f 2373//2421 952//2421 2374//2421
f 2374//2422 952//2422 954//2422
f 2374//2423 954//2423 2375//2423
f 2375//2424 954//2424 957//2424
f 2375//2425 957//2425 2376//2425
f 2376//2426 957//2426 961//2426
f 2376//2427 961//2427 2377//2427
f 2377//2428 961//2428 959//2428
f 2377//2429 959//2429 2378//2429
f 2378//2430 959//2430 958//2430
f 2378//2431 958//2431 2379//2431
f 2379//2432 958//2432 927//2432
f 2379//2433 927//2433 2380//2433
f 2380//2434 927//2434 925//2434
f 1010//2435 2319//2435 964//2435
f 964//2436 2319//2436 2318//2436
f 964//2437 2318//2437 966//2437
f 966//2438 2318//2438 2381//2438
f 966//2439 2381//2439 1059//2439
f 1059//2440 2381//2440 2382//2440
f 1059//2441 2382//2441 924//2441
f 924//2442 2382//2442 2383//2442
f 924//2443 2383//2443 925//2443
f 925//2444 2383//2444 2384//2444
f 925//2445 2384//2445 2380//2445
f 2317//2446 2316//2446 2385//2446
f 2385//2447 2316//2447 2386//2447
f 2385//2448 2386//2448 2328//2448
f 2328//2449 2386//2449 2387//2449
f 2328//2450 2387//2450 2326//2450
f 2326//2451 2387//2451 2388//2451
f 2326//2452 2388//2452 2324//2452
f 2324//2453 2388//2453 2389//2453
f 2324//2454 2389//2454 2322//2454
f 2322//2455 2389//2455 2390//2455
f 2322//2456 2390//2456 2320//2456
f 2320//2457 2390//2457 2391//2457
f 2320//2458 2391//2458 2318//2458
f 2318//2459 2391//2459 2392//2459
f 2318//2460 2392//2460 2381//2460
f 2381//2461 2392//2461 2393//2461
f 2381//2462 2393//2462 2382//2462
f 2382//2463 2393//2463 2394//2463
f 2382//2464 2394//2464 2383//2464
f 2383//2465 2394//2465 2395//2465
f 2383//2466 2395//2466 2384//2466
f 2384//2467 2395//2467 2396//2467
f 2384//2468 2396//2468 2380//2468
f 2380//2469 2396//2469 2397//2469
f 2380//2470 2397//2470 2379//2470
f 2379//2471 2397//2471 2398//2471
f 2379//2472 2398//2472 2378//2472
f 2378//2473 2398//2473 2399//2473
f 2378//2474 2399//2474 2377//2474
f 2377//2475 2399//2475 2400//2475
f 2377//2476 2400//2476 2376//2476
f 2376//2477 2400//2477 2401//2477
f 2376//2478 2401//2478 2375//2478
f 2375//2479 2401//2479 2402//2479
f 2375//2480 2402//2480 2374//2480
f 2374//2481 2402//2481 2403//2481
f 2374//2482 2403//2482 2373//2482
f 2373//2483 2403//2483 2404//2483
f 2373//2484 2404//2484 2372//2484
f 2372//2485 2404//2485 2405//2485
f 2372//2486 2405//2486 2371//2486
f 2371//2487 2405//2487 2406//2487
f 2371//2488 2406//2488 2370//2488
f 2370//2489 2406//2489 2407//2489
f 2370//2490 2407//2490 2369//2490
f 2369//2491 2407//2491 2408//2491
f 2369//2492 2408//2492 2368//2492
f 2368//2493 2408//2493 2409//2493
f 2368//2494 2409//2494 2367//2494
f 2367//2495 2409//2495 2410//2495
f 2367//2496 2410//2496 2366//2496
f 2366//2497 2410//2497 2411//2497
f 2366//2498 2411//2498 2365//2498
f 2365//2499 2411//2499 2412//2499
f 2365//2500 2412//2500 2364//2500
f 2364//2501 2412//2501 2413//2501
f 2364//2502 2413//2502 2363//2502
f 2363//2503 2413//2503 2414//2503
f 2363//2504 2414//2504 2362//2504
f 2362//2505 2414//2505 2415//2505
f 2362//2506 2415//2506 2361//2506
f 2361//2507 2415//2507 2416//2507
f 2361//2508 2416//2508 2360//2508
f 2360//2509 2416//2509 2417//2509
f 2360//2510 2417//2510 2359//2510
f 2359//2511 2417//2511 2418//2511
f 2359//2512 2418//2512 2358//2512
f 2358//2513 2418//2513 2419//2513
f 2358//2514 2419//2514 2357//2514
f 2357//2515 2419//2515 2420//2515
f 2357//2516 2420//2516 2356//2516
f 2356//2517 2420//2517 2421//2517
f 2356//2518 2421//2518 2354//2518
f 2354//2519 2421//2519 2331//2519
f 2354//2520 2331//2520 2352//2520
f 2352//2521 2331//2521 2330//2521
f 2352//2522 2330//2522 2350//2522
f 2309//2523 2311//2523 2314//2523
f 2314//2524 2311//2524 2422//2524
f 2314//2525 2422//2525 2316//2525
f 2316//2526 2422//2526 2423//2526
f 2316//2527 2423//2527 2386//2527
f 2386//2528 2423//2528 2424//2528
f 2386//2529 2424//2529 2387//2529
f 2387//2530 2424//2530 2425//2530
f 2387//2531 2425//2531 2388//2531
f 2388//2532 2425//2532 2426//2532
f 2388//2533 2426//2533 2389//2533
f 2389//2534 2426//2534 2427//2534
f 2389//2535 2427//2535 2390//2535
f 2390//2536 2427//2536 2428//2536
f 2390//2537 2428//2537 2391//2537
f 2391//2538 2428//2538 2429//2538
f 2391//2539 2429//2539 2392//2539
f 2392//2540 2429//2540 2430//2540
f 2392//2541 2430//2541 2393//2541
f 2393//2542 2430//2542 2431//2542
f 2393//2543 2431//2543 2394//2543
f 2394//2544 2431//2544 2432//2544
f 2394//2545 2432//2545 2395//2545
f 2395//2546 2432//2546 2433//2546
f 2395//2547 2433//2547 2396//2547
f 2396//2548 2433//2548 2434//2548
f 2396//2549 2434//2549 2397//2549
f 2397//2550 2434//2550 2435//2550
f 2397//2551 2435//2551 2398//2551
f 2398//2552 2435//2552 2436//2552
f 2398//2553 2436//2553 2399//2553
f 2399//2554 2436//2554 2437//2554
f 2399//2555 2437//2555 2400//2555
f 2400//2556 2437//2556 2438//2556
f 2400//2557 2438//2557 2401//2557
f 2401//2558 2438//2558 2439//2558
f 2401//2559 2439//2559 2402//2559
f 2402//2560 2439//2560 2440//2560
f 2402//2561 2440//2561 2403//2561
f 2403//2562 2440//2562 2441//2562
f 2403//2563 2441//2563 2404//2563
f 2404//2564 2441//2564 2442//2564
f 2404//2565 2442//2565 2405//2565
f 2405//2566 2442//2566 2443//2566
f 2405//2567 2443//2567 2406//2567
f 2406//2568 2443//2568 2444//2568
f 2406//2569 2444//2569 2407//2569
f 2407//2570 2444//2570 2445//2570
f 2407//2571 2445//2571 2408//2571
f 2408//2572 2445//2572 2446//2572
f 2408//2573 2446//2573 2409//2573
f 2409//2574 2446//2574 2447//2574
f 2409//2575 2447//2575 2410//2575
f 2410//2576 2447//2576 2448//2576
f 2410//2577 2448//2577 2411//2577
f 2411//2578 2448//2578 2449//2578
f 2411//2579 2449//2579 2412//2579
f 2412//2580 2449//2580 2450//2580
f 2412//2581 2450//2581 2413//2581
f 2413//2582 2450//2582 2451//2582
f 2413//2583 2451//2583 2414//2583
f 2414//2584 2451//2584 2452//2584
f 2414//2585 2452//2585 2415//2585
f 2415//2586 2452//2586 2453//2586
f 2415//2587 2453//2587 2416//2587
f 2416//2588 2453//2588 2454//2588
f 2416//2589 2454//2589 2417//2589
f 2417//2590 2454//2590 2455//2590
f 2417//2591 2455//2591 2418//2591
f 2418//2592 2455//2592 2456//2592
f 2418//2593 2456//2593 2419//2593
f 2419//2594 2456//2594 2457//2594
f 2419//2595 2457//2595 2420//2595
f 2420//2596 2457//2596 2458//2596
f 2420//2597 2458//2597 2421//2597
f 2421//2598 2458//2598 2459//2598
f 2421//2599 2459//2599 2331//2599
f 2331//2600 2459//2600 2335//2600
f 2331//2601 2335//2601 2333//2601
f 2333//2602 2335//2602 2337//2602
f 2333//2603 2337//2603 2334//2603
f 2298//2604 2300//2604 2312//2604
f 2312//2605 2300//2605 2460//2605
f 2312//2606 2460//2606 2311//2606
f 2311//2607 2460//2607 2461//2607
f 2311//2608 2461//2608 2422//2608
f 2422//2609 2461//2609 2462//2609
f 2422//2610 2462//2610 2423//2610
f 2423//2611 2462//2611 2463//2611
f 2423//2612 2463//2612 2424//2612
f 2424//2613 2463//2613 2464//2613
f 2424//2614 2464//2614 2425//2614
f 2425//2615 2464//2615 2465//2615
f 2425//2616 2465//2616 2426//2616
f 2426//2617 2465//2617 2466//2617
f 2426//2618 2466//2618 2427//2618
f 2427//2619 2466//2619 2467//2619
f 2427//2620 2467//2620 2428//2620
f 2428//2621 2467//2621 2468//2621
f 2428//2622 2468//2622 2429//2622
f 2429//2623 2468//2623 2469//2623
f 2429//2624 2469//2624 2430//2624
f 2430//2625 2469//2625 2470//2625
f 2430//2626 2470//2626 2431//2626
f 2431//2627 2470//2627 2471//2627
f 2431//2628 2471//2628 2432//2628
f 2432//2629 2471//2629 2472//2629
f 2432//2630 2472//2630 2433//2630
f 2433//2631 2472//2631 2473//2631
f 2433//2632 2473//2632 2434//2632
f 2434//2633 2473//2633 2474//2633
f 2434//2634 2474//2634 2435//2634
f 2435//2635 2474//2635 2475//2635
f 2435//2636 2475//2636 2436//2636
f 2436//2637 2475//2637 2476//2637
f 2436//2638 2476//2638 2437//2638
f 2437//2639 2476//2639 2477//2639
f 2437//2640 2477//2640 2438//2640
f 2438//2641 2477//2641 2478//2641
f 2438//2642 2478//2642 2439//2642
f 2439//2643 2478//2643 2479//2643
f 2439//2644 2479//2644 2440//2644
f 2440//2645 2479//2645 2480//2645
f 2440//2646 2480//2646 2441//2646
f 2441//2647 2480//2647 2481//2647
f 2441//2648 2481//2648 2442//2648
f 2442//2649 2481//2649 2482//2649
f 2442//2650 2482//2650 2443//2650
f 2443//2651 2482//2651 2483//2651
f 2443//2652 2483//2652 2444//2652
f 2444//2653 2483//2653 2484//2653
f 2444//2654 2484//2654 2445//2654
f 2445//2655 2484//2655 2485//2655
f 2445//2656 2485//2656 2446//2656
f 2446//2657 2485//2657 2486//2657
f 2446//2658 2486//2658 2447//2658
f 2447//2659 2486//2659 2487//2659
f 2447//2660 2487//2660 2448//2660
f 2448//2661 2487//2661 2488//2661
f 2448//2662 2488//2662 2449//2662
f 2449//2663 2488//2663 2489//2663
f 2449//2664 2489//2664 2450//2664
f 2450//2665 2489//2665 2490//2665
f 2450//2666 2490//2666 2451//2666
f 2451//2667 2490//2667 2491//2667
f 2451//2668 2491//2668 2452//2668
f 2452//2669 2491//2669 2492//2669
f 2452//2670 2492//2670 2453//2670
f 2453//2671 2492//2671 2493//2671
f 2453//2672 2493//2672 2454//2672
f 2454//2673 2493//2673 2494//2673
f 2454//2674 2494//2674 2455//2674
f 2455//2675 2494//2675 2495//2675
f 2455//2676 2495//2676 2456//2676
f 2456//2677 2495//2677 2496//2677
f 2456//2678 2496//2678 2457//2678
f 2457//2679 2496//2679 2497//2679
f 2457//2680 2497//2680 2458//2680
f 2458//2681 2497//2681 2498//2681
f 2458//2682 2498//2682 2459//2682
f 2459//2683 2498//2683 2499//2683
f 2459//2684 2499//2684 2335//2684
f 2335//2685 2499//2685 2338//2685
f 2335//2686 2338//2686 2336//2686
f 2336//2687 2338//2687 2340//2687
f 2336//2688 2340//2688 2337//2688
f 2299//2689 2308//2689 2300//2689
f 2300//2690 2308//2690 2500//2690
f 2300//2691 2500//2691 2460//2691
f 2460//2692 2500//2692 2501//2692
f 2460//2693 2501//2693 2461//2693
f 2461//2694 2501//2694 2502//2694
f 2461//2695 2502//2695 2462//2695
f 2462//2696 2502//2696 2503//2696
f 2462//2697 2503//2697 2463//2697
f 2463//2698 2503//2698 2504//2698
f 2463//2699 2504//2699 2464//2699
f 2464//2700 2504//2700 2505//2700
f 2464//2701 2505//2701 2465//2701
f 2465//2702 2505//2702 2506//2702
f 2465//2703 2506//2703 2466//2703
f 2466//2704 2506//2704 2507//2704
f 2466//2705 2507//2705 2467//2705
f 2467//2706 2507//2706 2508//2706
f 2467//2707 2508//2707 2468//2707
f 2468//2708 2508//2708 2509//2708
f 2468//2709 2509//2709 2469//2709
f 2469//2710 2509//2710 2510//2710
f 2469//2711 2510//2711 2470//2711
f 2470//2712 2510//2712 2511//2712
f 2470//2713 2511//2713 2471//2713
f 2471//2714 2511//2714 2512//2714
f 2471//2715 2512//2715 2472//2715
f 2472//2716 2512//2716 2513//2716
f 2472//2717 2513//2717 2473//2717
f 2473//2718 2513//2718 2514//2718
f 2473//2719 2514//2719 2474//2719
f 2474//2720 2514//2720 2515//2720
f 2474//2721 2515//2721 2475//2721
f 2475//2722 2515//2722 2516//2722
f 2475//2723 2516//2723 2476//2723
f 2476//2724 2516//2724 2517//2724
f 2476//2725 2517//2725 2477//2725
f 2477//2726 2517//2726 2518//2726
f 2477//2727 2518//2727 2478//2727
f 2478//2728 2518//2728 2519//2728
f 2478//2729 2519//2729 2479//2729
f 2479//2730 2519//2730 2520//2730
f 2479//2731 2520//2731 2480//2731
f 2480//2732 2520//2732 2521//2732
f 2480//2733 2521//2733 2481//2733
f 2481//2734 2521//2734 2522//2734
f 2481//2735 2522//2735 2482//2735
f 2482//2736 2522//2736 2523//2736
f 2482//2737 2523//2737 2483//2737
f 2483//2738 2523//2738 2524//2738
f 2483//2739 2524//2739 2484//2739
f 2484//2740 2524//2740 2525//2740
f 2484//2741 2525//2741 2485//2741
f 2485//2742 2525//2742 2526//2742
f 2485//2743 2526//2743 2486//2743
f 2486//2744 2526//2744 2527//2744
f 2486//2745 2527//2745 2487//2745
f 2487//2746 2527//2746 2528//2746
f 2487//2747 2528//2747 2488//2747
f 2488//2748 2528//2748 2529//2748
f 2488//2749 2529//2749 2489//2749
f 2489//2750 2529//2750 2530//2750
f 2489//2751 2530//2751 2490//2751
f 2490//2752 2530//2752 2531//2752
f 2490//2753 2531//2753 2491//2753
f 2491//2754 2531//2754 2532//2754
f 2491//2755 2532//2755 2492//2755
f 2492//2756 2532//2756 2533//2756
f 2492//2757 2533//2757 2493//2757
f 2493//2758 2533//2758 2534//2758
f 2493//2759 2534//2759 2494//2759
f 2494//2760 2534//2760 2535//2760
f 2494//2761 2535//2761 2495//2761
f 2495//2762 2535//2762 2536//2762
f 2495//2763 2536//2763 2496//2763
f 2496//2764 2536//2764 2537//2764
f 2496//2765 2537//2765 2497//2765
f 2497//2766 2537//2766 2538//2766
f 2497//2767 2538//2767 2498//2767
f 2498//2768 2538//2768 2539//2768
f 2498//2769 2539//2769 2499//2769
f 2499//2770 2539//2770 2342//2770
f 2499//2771 2342//2771 2338//2771
f 2338//2772 2342//2772 2341//2772
f 2338//2773 2341//2773 2339//2773
f 2301//2774 2303//2774 2305//2774
f 2305//2775 2303//2775 2540//2775
f 2305//2776 2540//2776 2308//2776
f 2308//2777 2540//2777 2541//2777
f 2308//2778 2541//2778 2500//2778
f 2500//2779 2541//2779 2542//2779
f 2500//2780 2542//2780 2501//2780
f 2501//2781 2542//2781 2543//2781
f 2501//2782 2543//2782 2502//2782
f 2502//2783 2543//2783 2544//2783
f 2502//2784 2544//2784 2503//2784
f 2503//2785 2544//2785 2545//2785
f 2503//2786 2545//2786 2504//2786
f 2504//2787 2545//2787 2546//2787
f 2504//2788 2546//2788 2505//2788
f 2505//2789 2546//2789 2547//2789
f 2505//2790 2547//2790 2506//2790
f 2506//2791 2547//2791 2548//2791
f 2506//2792 2548//2792 2507//2792
f 2507//2793 2548//2793 2549//2793
f 2507//2794 2549//2794 2508//2794
f 2508//2795 2549//2795 2550//2795
f 2508//2796 2550//2796 2509//2796
f 2509//2797 2550//2797 2551//2797
f 2509//2798 2551//2798 2510//2798
f 2510//2799 2551//2799 2552//2799
f 2510//2800 2552//2800 2511//2800
f 2511//2801 2552//2801 2553//2801
f 2511//2802 2553//2802 2512//2802
f 2512//2803 2553//2803 2554//2803
f 2512//2804 2554//2804 2513//2804
f 2513//2805 2554//2805 2555//2805
f 2513//2806 2555//2806 2514//2806
f 2514//2807 2555//2807 2556//2807
f 2514//2808 2556//2808 2515//2808
f 2515//2809 2556//2809 2557//2809
f 2515//2810 2557//2810 2516//2810
f 2516//2811 2557//2811 2558//2811
f 2516//2812 2558//2812 2517//2812
f 2517//2813 2558//2813 2559//2813
f 2517//2814 2559//2814 2518//2814
f 2518//2815 2559//2815 2560//2815
f 2518//2816 2560//2816 2519//2816
f 2519//2817 2560//2817 2561//2817
f 2519//2818 2561//2818 2520//2818
f 2520//2819 2561//2819 2562//2819
f 2520//2820 2562//2820 2521//2820
f 2521//2821 2562//2821 2563//2821
f 2521//2822 2563//2822 2522//2822
f 2522//2822 2563//2822 2564//2822
f 2522//2823 2564//2823 2523//2823
f 2523//2824 2564//2824 2565//2824
f 2523//2825 2565//2825 2524//2825
f 2524//2826 2565//2826 2566//2826
f 2524//2827 2566//2827 2525//2827
f 2525//2828 2566//2828 2567//2828
f 2525//2829 2567//2829 2526//2829
f 2526//2830 2567//2830 2568//2830
f 2526//2831 2568//2831 2527//2831
f 2527//2832 2568//2832 2569//2832
f 2527//2833 2569//2833 2528//2833
f 2528//2834 2569//2834 2570//2834
f 2528//2835 2570//2835 2529//2835
f 2529//2836 2570//2836 2571//2836
f 2529//2837 2571//2837 2530//2837
f 2530//2838 2571//2838 2572//2838
f 2530//2839 2572//2839 2531//2839
f 2531//2840 2572//2840 2573//2840
f 2531//2841 2573//2841 2532//2841
f 2532//2842 2573//2842 2574//2842
f 2532//2843 2574//2843 2533//2843
f 2533//2844 2574//2844 2575//2844
f 2533//2845 2575//2845 2534//2845
f 2534//2846 2575//2846 2576//2846
f 2534//2847 2576//2847 2535//2847
f 2535//2848 2576//2848 2577//2848
f 2535//2849 2577//2849 2536//2849
f 2536//2850 2577//2850 2578//2850
f 2536//2851 2578//2851 2537//2851
f 2537//2852 2578//2852 2579//2852
f 2537//2853 2579//2853 2538//2853
f 2538//2854 2579//2854 2580//2854
f 2538//2855 2580//2855 2539//2855
f 2539//2856 2580//2856 2349//2856
f 2539//2857 2349//2857 2342//2857
f 2342//2858 2349//2858 2348//2858
f 2342//2859 2348//2859 2344//2859
f 2345//2860 2347//2860 1264//2860
f 1264//2861 2347//2861 2349//2861
f 1264//2862 2349//2862 1263//2862
f 1263//2863 2349//2863 2580//2863
f 1263//2864 2580//2864 1237//2864
f 1237//2865 2580//2865 2579//2865
f 1237//2866 2579//2866 1238//2866
f 1238//2867 2579//2867 2578//2867
f 1238//2868 2578//2868 1240//2868
f 1240//2869 2578//2869 2577//2869
f 1240//2870 2577//2870 1241//2870
f 1241//2871 2577//2871 2576//2871
f 1241//2872 2576//2872 1289//2872
f 1289//2873 2576//2873 2575//2873
f 1289//2874 2575//2874 1290//2874
f 1290//2875 2575//2875 2574//2875
f 1290//2876 2574//2876 1291//2876
f 1291//2877 2574//2877 2573//2877
f 1291//2878 2573//2878 1295//2878
f 1295//2879 2573//2879 2572//2879
f 1295//2880 2572//2880 1296//2880
f 1296//2881 2572//2881 2571//2881
f 1296//2882 2571//2882 1297//2882
f 1297//2883 2571//2883 2570//2883
f 1297//2884 2570//2884 1302//2884
f 1302//2885 2570//2885 2569//2885
f 1302//2886 2569//2886 1303//2886
f 1303//2887 2569//2887 2568//2887
f 1303//2888 2568//2888 1304//2888
f 1304//2889 2568//2889 2567//2889
f 1304//2890 2567//2890 1305//2890
f 1305//2891 2567//2891 2566//2891
f 1305//2892 2566//2892 1306//2892
f 1306//2893 2566//2893 2565//2893
f 1306//2894 2565//2894 1281//2894
f 1281//2895 2565//2895 2564//2895
f 1281//2896 2564//2896 1282//2896
f 1282//2897 2564//2897 2563//2897
f 1282//2898 2563//2898 1279//2898
f 1279//2898 2563//2898 2562//2898
f 1279//2899 2562//2899 1277//2899
f 1277//2900 2562//2900 2561//2900
f 1277//2901 2561//2901 2581//2901
f 2581//2902 2561//2902 2560//2902
f 2581//2903 2560//2903 1262//2903
f 1262//2904 2560//2904 2559//2904
f 1262//2905 2559//2905 1310//2905
f 1310//2906 2559//2906 2558//2906
f 1310//2907 2558//2907 1311//2907
f 1311//2908 2558//2908 2557//2908
f 1311//2909 2557//2909 1312//2909
f 1312//2910 2557//2910 2556//2910
f 1312//2911 2556//2911 1307//2911
f 1307//2912 2556//2912 2555//2912
f 1307//2913 2555//2913 1308//2913
f 1308//2914 2555//2914 2554//2914
f 1308//2915 2554//2915 1309//2915
f 1309//2916 2554//2916 2553//2916
f 1309//2917 2553//2917 1298//2917
f 1298//2918 2553//2918 2552//2918
f 1298//2919 2552//2919 1292//2919
f 1292//2920 2552//2920 2551//2920
f 1292//2921 2551//2921 1293//2921
f 1293//2922 2551//2922 2550//2922
f 1293//2923 2550//2923 1299//2923
f 1299//2924 2550//2924 2549//2924
f 1299//2925 2549//2925 1300//2925
f 1300//2926 2549//2926 2548//2926
f 1300//2927 2548//2927 1301//2927
f 1301//2928 2548//2928 2547//2928
f 1301//2929 2547//2929 1274//2929
f 1274//2930 2547//2930 2546//2930
f 1274//2931 2546//2931 1275//2931
f 1275//2932 2546//2932 2545//2932
f 1275//2933 2545//2933 1276//2933
f 1276//2934 2545//2934 2544//2934
f 1276//2935 2544//2935 1255//2935
f 1255//2936 2544//2936 2543//2936
f 1255//2937 2543//2937 1256//2937
f 1256//2938 2543//2938 2542//2938
f 1256//2939 2542//2939 1258//2939
f 1258//2940 2542//2940 2541//2940
f 1258//2941 2541//2941 1259//2941
f 1259//2942 2541//2942 2540//2942
f 1259//2943 2540//2943 1251//2943
f 1251//2944 2540//2944 2303//2944
f 1251//2945 2303//2945 1252//2945
f 1252//2946 2303//2946 2304//2946
f 1252//2947 2304//2947 1254//2947
f 591//2948 992//2948 2582//2948
f 2582//2949 992//2949 991//2949
f 2582//2950 991//2950 2583//2950
f 2583//2951 991//2951 995//2951
f 2583//2952 995//2952 2584//2952
f 591//2953 2582//2953 766//2953
f 766//2954 2582//2954 2583//2954
f 766//2955 2583//2955 767//2955
f 767//2956 2583//2956 2584//2956
f 767//2957 2584//2957 765//2957
f 765//2958 2584//2958 2585//2958
f 2586//2959 2587//2959 1002//2959
f 1002//2960 2587//2960 997//2960
f 1001//2961 2588//2961 1002//2961
f 1002//2962 2588//2962 2589//2962
f 1002//2963 2589//2963 2586//2963
f 2586//2964 2589//2964 2590//2964
f 2586//2965 2590//2965 2591//2965
f 995//2966 997//2966 2584//2966
f 2584//2967 997//2967 2587//2967
f 2584//2968 2587//2968 2585//2968
f 2585//2969 2587//2969 2586//2969
f 2585//2970 2586//2970 2592//2970
f 2592//2971 2586//2971 2591//2971
f 2592//2972 2591//2972 2593//2972
f 2593//2973 2594//2973 2592//2973
f 2592//2974 2594//2974 2595//2974
f 2592//2975 2595//2975 2596//2975
f 765//2976 2585//2976 1805//2976
f 1805//2977 2585//2977 2592//2977
f 1805//2978 2592//2978 1806//2978
f 1806//2979 2592//2979 2596//2979
f 1806//2980 2596//2980 1842//2980
f 2597//2981 1798//2981 1800//2981
f 2598//2982 2599//2982 2600//2982
f 2601//2983 2598//2983 2602//2983
f 2603//2984 2601//2984 2604//2984
f 2605//2985 2603//2985 2606//2985
f 2607//2986 2605//2986 2608//2986
f 2609//2987 2607//2987 2610//2987
f 2599//2988 2597//2988 2611//2988
f 2611//2989 2597//2989 1800//2989
f 2611//2990 1800//2990 2612//2990
f 2612//2991 1800//2991 1801//2991
f 2344//2992 2348//2992 2613//2992
f 2613//2993 2348//2993 2346//2993
f 2613//2994 2346//2994 2614//2994
f 2614//2995 2346//2995 2345//2995
f 2614//2996 2345//2996 2615//2996
f 2615//2997 2345//2997 1265//2997
f 2615//2998 1265//2998 2609//2998
f 2344//2999 2613//2999 2343//2999
f 2343//3000 2613//3000 2616//3000
f 2343//3001 2616//3001 2617//3001
f 2340//3002 2339//3002 2617//3002
f 2617//3003 2339//3003 2341//3003
f 2617//3004 2341//3004 2343//3004
f 2617//3005 2618//3005 2340//3005
f 2340//3006 2618//3006 2619//3006
f 2340//3007 2619//3007 2337//3007
f 2337//3008 2619//3008 2620//3008
f 2621//3009 2332//3009 2620//3009
f 2620//3010 2332//3010 2334//3010
f 2620//3011 2334//3011 2337//3011
f 1801//3012 1804//3012 2612//3012
f 2612//3013 1804//3013 1803//3013
f 2612//3014 1803//3014 2622//3014
f 2622//3015 1803//3015 1802//3015
f 2622//3016 1802//3016 2623//3016
f 2623//3017 1802//3017 1754//3017
f 2623//3018 1754//3018 2624//3018
f 2624//3019 1754//3019 1751//3019
f 2624//3020 1751//3020 2625//3020
f 2625//3021 1751//3021 1750//3021
f 2625//3022 1750//3022 2626//3022
f 2626//3023 1750//3023 1747//3023
f 2626//3024 1747//3024 2627//3024
f 2627//3025 1747//3025 1843//3025
f 2627//3026 1843//3026 2628//3026
f 2628//3027 1843//3027 1842//3027
f 2628//3028 1842//3028 2596//3028
f 2599//3029 2611//3029 2600//3029
f 2600//3030 2611//3030 2612//3030
f 2600//3031 2612//3031 2629//3031
f 2629//3032 2612//3032 2622//3032
f 2629//3033 2622//3033 2630//3033
f 2630//3034 2622//3034 2623//3034
f 2630//3035 2623//3035 2631//3035
f 2631//3036 2623//3036 2624//3036
f 2631//3037 2624//3037 2632//3037
f 2632//3038 2624//3038 2625//3038
f 2632//3039 2625//3039 2633//3039
f 2633//3040 2625//3040 2626//3040
f 2633//3041 2626//3041 2634//3041
f 2634//3042 2626//3042 2627//3042
f 2634//3043 2627//3043 2635//3043
f 2635//3044 2627//3044 2628//3044
f 2635//3045 2628//3045 2636//3045
f 2636//3046 2628//3046 2596//3046
f 2636//3047 2596//3047 2595//3047
f 2598//3048 2600//3048 2602//3048
f 2602//3049 2600//3049 2629//3049
f 2602//3050 2629//3050 2637//3050
f 2637//3051 2629//3051 2630//3051
f 2637//3052 2630//3052 2638//3052
f 2638//3053 2630//3053 2631//3053
f 2638//3054 2631//3054 2639//3054
f 2639//3055 2631//3055 2632//3055
f 2639//3056 2632//3056 2640//3056
f 2640//3057 2632//3057 2633//3057
f 2640//3058 2633//3058 2641//3058
f 2641//3059 2633//3059 2634//3059
f 2641//3060 2634//3060 2642//3060
f 2642//3061 2634//3061 2635//3061
f 2642//3062 2635//3062 2643//3062
f 2643//3063 2635//3063 2636//3063
f 2643//3064 2636//3064 2644//3064
f 2644//3065 2636//3065 2595//3065
f 2644//3066 2595//3066 2594//3066
f 2601//3067 2602//3067 2604//3067
f 2604//3068 2602//3068 2637//3068
f 2604//3069 2637//3069 2645//3069
f 2645//3070 2637//3070 2638//3070
f 2645//3071 2638//3071 2646//3071
f 2646//3072 2638//3072 2639//3072
f 2646//3073 2639//3073 2647//3073
f 2647//3074 2639//3074 2640//3074
f 2647//3075 2640//3075 2648//3075
f 2648//3076 2640//3076 2641//3076
f 2648//3077 2641//3077 2649//3077
f 2649//3078 2641//3078 2642//3078
f 2649//3079 2642//3079 2650//3079
f 2650//3080 2642//3080 2643//3080
f 2650//3081 2643//3081 2651//3081
f 2651//3082 2643//3082 2644//3082
f 2651//3083 2644//3083 2652//3083
f 2652//3084 2644//3084 2594//3084
f 2652//3085 2594//3085 2593//3085
f 2603//3086 2604//3086 2606//3086
f 2606//3087 2604//3087 2645//3087
f 2606//3088 2645//3088 2653//3088
f 2653//3089 2645//3089 2646//3089
f 2653//3090 2646//3090 2654//3090
f 2654//3091 2646//3091 2647//3091
f 2654//3092 2647//3092 2655//3092
f 2655//3093 2647//3093 2648//3093
f 2655//3094 2648//3094 2656//3094
f 2656//3095 2648//3095 2649//3095
f 2656//3096 2649//3096 2657//3096
f 2657//3097 2649//3097 2650//3097
f 2657//3098 2650//3098 2658//3098
f 2658//3099 2650//3099 2651//3099
f 2658//3100 2651//3100 2659//3100
f 2659//3101 2651//3101 2652//3101
f 2659//3102 2652//3102 2660//3102
f 2660//3103 2652//3103 2593//3103
f 2660//3104 2593//3104 2591//3104
f 2605//3105 2606//3105 2608//3105
f 2608//3106 2606//3106 2653//3106
f 2608//3107 2653//3107 2661//3107
f 2661//3108 2653//3108 2654//3108
f 2661//3109 2654//3109 2662//3109
f 2662//3110 2654//3110 2655//3110
f 2662//3111 2655//3111 2663//3111
f 2663//3112 2655//3112 2656//3112
f 2663//3113 2656//3113 2664//3113
f 2664//3114 2656//3114 2657//3114
f 2664//3115 2657//3115 2665//3115
f 2665//3116 2657//3116 2658//3116
f 2665//3117 2658//3117 2666//3117
f 2666//3118 2658//3118 2659//3118
f 2666//3119 2659//3119 2667//3119
f 2667//3120 2659//3120 2660//3120
f 2667//3121 2660//3121 2668//3121
f 2668//3122 2660//3122 2591//3122
f 2668//3123 2591//3123 2590//3123
f 2607//3124 2608//3124 2610//3124
f 2610//3125 2608//3125 2661//3125
f 2610//3126 2661//3126 2669//3126
f 2669//3127 2661//3127 2662//3127
f 2669//3128 2662//3128 2670//3128
f 2670//3129 2662//3129 2663//3129
f 2670//3130 2663//3130 2671//3130
f 2671//3131 2663//3131 2664//3131
f 2671//3132 2664//3132 2672//3132
f 2672//3133 2664//3133 2665//3133
f 2672//3134 2665//3134 2673//3134
f 2673//3135 2665//3135 2666//3135
f 2673//3136 2666//3136 2674//3136
f 2674//3137 2666//3137 2667//3137
f 2674//3138 2667//3138 2675//3138
f 2675//3139 2667//3139 2668//3139
f 2675//3140 2668//3140 2676//3140
f 2676//3141 2668//3141 2590//3141
f 2676//3142 2590//3142 2589//3142
f 2609//3143 2610//3143 2615//3143
f 2615//3144 2610//3144 2669//3144
f 2615//3145 2669//3145 2614//3145
f 2614//3146 2669//3146 2670//3146
f 2614//3147 2670//3147 2613//3147
f 2613//3148 2670//3148 2671//3148
f 2613//3149 2671//3149 2616//3149
f 2616//3150 2671//3150 2672//3150
f 2616//3151 2672//3151 2617//3151
f 2617//3152 2672//3152 2673//3152
f 2617//3153 2673//3153 2618//3153
f 2618//3154 2673//3154 2674//3154
f 2618//3155 2674//3155 2619//3155
f 2619//3156 2674//3156 2675//3156
f 2619//3157 2675//3157 2620//3157
f 2620//3158 2675//3158 2676//3158
f 2620//3159 2676//3159 2621//3159
f 2621//3160 2676//3160 2589//3160
f 2621//3161 2589//3161 2588//3161
f 1001//3162 2329//3162 2588//3162
f 2588//3163 2329//3163 2355//3163
f 2588//3164 2355//3164 2621//3164
f 2621//3165 2355//3165 2353//3165
f 2621//3166 2353//3166 2351//3166
f 2351//3167 2350//3167 2621//3167
f 2621//3168 2350//3168 2330//3168
f 2621//3169 2330//3169 2332//3169
f 1789//3170 1791//3170 2677//3170
f 1796//3171 1797//3171 2678//3171
f 1797//3172 1798//3172 2678//3172
f 2678//3173 1798//3173 2597//3173
f 2678//3174 2597//3174 2679//3174
f 2679//3175 2597//3175 2599//3175
f 2679//3176 2599//3176 2680//3176
f 2680//3177 2599//3177 2598//3177
f 2680//3178 2598//3178 2681//3178
f 2681//3179 2598//3179 2601//3179
f 2681//3180 2601//3180 2682//3180
f 2682//3181 2601//3181 2603//3181
f 2682//3182 2603//3182 2683//3182
f 2683//3183 2603//3183 2605//3183
f 2683//3184 2605//3184 2684//3184
f 2684//3185 2605//3185 2607//3185
f 2684//3186 2607//3186 2685//3186
f 2685//3187 2607//3187 2609//3187
f 2685//3188 2609//3188 1245//3188
f 1245//3189 2609//3189 1265//3189
f 1795//3190 1796//3190 2686//3190
f 2686//3191 1796//3191 2678//3191
f 2686//3192 2678//3192 2687//3192
f 2687//3193 2678//3193 2679//3193
f 2687//3194 2679//3194 2688//3194
f 2688//3195 2679//3195 2680//3195
f 2688//3196 2680//3196 2689//3196
f 2689//3197 2680//3197 2681//3197
f 2689//3198 2681//3198 2690//3198
f 2690//3199 2681//3199 2682//3199
f 2690//3200 2682//3200 2691//3200
f 2691//3201 2682//3201 2683//3201
f 2691//3202 2683//3202 2692//3202
f 2692//3203 2683//3203 2684//3203
f 2692//3204 2684//3204 2693//3204
f 2693//3205 2684//3205 2685//3205
f 2693//3206 2685//3206 1243//3206
f 1243//3207 2685//3207 1245//3207
f 1793//3208 1795//3208 2694//3208
f 2694//3209 1795//3209 2686//3209
f 2694//3210 2686//3210 2695//3210
f 2695//3211 2686//3211 2687//3211
f 2695//3212 2687//3212 2696//3212
f 2696//3213 2687//3213 2688//3213
f 2696//3214 2688//3214 2697//3214
f 2697//3215 2688//3215 2689//3215
f 2697//3216 2689//3216 2698//3216
f 2698//3217 2689//3217 2690//3217
f 2698//3218 2690//3218 2699//3218
f 2699//3219 2690//3219 2691//3219
f 2699//3220 2691//3220 2700//3220
f 2700//3221 2691//3221 2692//3221
f 2700//3222 2692//3222 2701//3222
f 2701//3223 2692//3223 2693//3223
f 2701//3224 2693//3224 1242//3224
f 1242//3225 2693//3225 1243//3225
f 1791//3226 1793//3226 2677//3226
f 2677//3227 1793//3227 2694//3227
f 2677//3228 2694//3228 2702//3228
f 2702//3229 2694//3229 2695//3229
f 2702//3230 2695//3230 2703//3230
f 2703//3231 2695//3231 2696//3231
f 2703//3232 2696//3232 2704//3232
f 2704//3233 2696//3233 2697//3233
f 2704//3234 2697//3234 2705//3234
f 2705//3235 2697//3235 2698//3235
f 2705//3236 2698//3236 2706//3236
f 2706//3237 2698//3237 2699//3237
f 2706//3238 2699//3238 2707//3238
f 2707//3239 2699//3239 2700//3239
f 2707//3240 2700//3240 2708//3240
f 2708//3241 2700//3241 2701//3241
f 2708//3242 2701//3242 1268//3242
f 1268//3243 2701//3243 1242//3243
f 1787//3244 1789//3244 2709//3244
f 2709//3245 1789//3245 2677//3245
f 2709//3246 2677//3246 2710//3246
f 2710//3247 2677//3247 2702//3247
f 2710//3248 2702//3248 2711//3248
f 2711//3249 2702//3249 2703//3249
f 2711//3250 2703//3250 2712//3250
f 2712//3251 2703//3251 2704//3251
f 2712//3252 2704//3252 2713//3252
f 2713//3253 2704//3253 2705//3253
f 2713//3254 2705//3254 2714//3254
f 2714//3255 2705//3255 2706//3255
f 2714//3256 2706//3256 2715//3256
f 2715//3257 2706//3257 2707//3257
f 2715//3258 2707//3258 2716//3258
f 2716//3259 2707//3259 2708//3259
f 2716//3260 2708//3260 1267//3260
f 1267//3261 2708//3261 1268//3261
f 1785//3262 1787//3262 2717//3262
f 2717//3263 1787//3263 2709//3263
f 2717//3264 2709//3264 2718//3264
f 2718//3265 2709//3265 2710//3265
f 2718//3266 2710//3266 2719//3266
f 2719//3267 2710//3267 2711//3267
f 2719//3268 2711//3268 2720//3268
f 2720//3269 2711//3269 2712//3269
f 2720//3270 2712//3270 2721//3270
f 2721//3271 2712//3271 2713//3271
f 2721//3272 2713//3272 2722//3272
f 2722//3273 2713//3273 2714//3273
f 2722//3274 2714//3274 2723//3274
f 2723//3275 2714//3275 2715//3275
f 2723//3276 2715//3276 2724//3276
f 2724//3277 2715//3277 2716//3277
f 2724//3278 2716//3278 1266//3278
f 1266//3279 2716//3279 1267//3279
f 1497//3280 1785//3280 2725//3280
f 2725//3281 1785//3281 2717//3281
f 2725//3282 2717//3282 2726//3282
f 2726//3283 2717//3283 2718//3283
f 2726//3284 2718//3284 2727//3284
f 2727//3285 2718//3285 2719//3285
f 2727//3286 2719//3286 2728//3286
f 2728//3287 2719//3287 2720//3287
f 2728//3288 2720//3288 2729//3288
f 2729//3289 2720//3289 2721//3289
f 2729//3290 2721//3290 2730//3290
f 2730//3291 2721//3291 2722//3291
f 2730//3292 2722//3292 2731//3292
f 2731//3293 2722//3293 2723//3293
f 2731//3294 2723//3294 2732//3294
f 2732//3295 2723//3295 2724//3295
f 2732//3296 2724//3296 1248//3296
f 1248//3297 2724//3297 1266//3297
f 1499//1 1497//1 2725//1
f 1499//1 2725//1 2733//1
f 2733//2 2725//2 2726//2
f 2733//2 2726//2 2734//2
f 2734//3 2726//3 2727//3
f 2734//3 2727//3 2735//3
f 2735//4 2727//4 2728//4
f 2735//4 2728//4 2736//4
f 2736//5 2728//5 2729//5
f 2736//5 2729//5 2737//5
f 2737//6 2729//6 2730//6
f 2737//6 2730//6 2738//6
f 2738//7 2730//7 2731//7
f 2738//7 2731//7 2739//7
f 2739//8 2731//8 2732//8
f 2739//8 2732//8 2740//8
f 2740//9 2732//9 1248//9
f 2740//9 1248//9 1283//9
f 1499//3298 2733//3298 2741//3298
f 2733//3299 2734//3299 2742//3299
f 2734//3300 2735//3300 2743//3300
f 2735//3301 2736//3301 2744//3301
f 2736//3302 2737//3302 2745//3302
f 2737//3303 2738//3303 2746//3303
f 2738//3304 2739//3304 2747//3304
f 2739//3305 2740//3305 2748//3305
f 2740//3306 1283//3306 1635//3306
f 2740//3306 1635//3306 2748//3306
f 2748//3307 1635//3307 1636//3307
f 2748//3308 1636//3308 2749//3308
f 1636//3309 1634//3309 2749//3309
f 2749//3310 1634//3310 1633//3310
f 2749//3311 1633//3311 2750//3311
f 1633//3312 1632//3312 2750//3312
f 2750//3313 1632//3313 1631//3313
f 2750//3313 1631//3313 2751//3313
f 2751//3314 1631//3314 1628//3314
f 2751//3315 1628//3315 2752//3315
f 2752//3316 1628//3316 1629//3316
f 2752//3317 1629//3317 2753//3317
f 2753//3318 1629//3318 1630//3318
f 1630//3319 1627//3319 2753//3319
f 2753//3320 1627//3320 1626//3320
f 2753//3320 1626//3320 2754//3320
f 2754//3321 1626//3321 1623//3321
f 2754//3322 1623//3322 2755//3322
f 1623//3323 1624//3323 2755//3323
f 2755//3324 1624//3324 1625//3324
f 2755//3325 1625//3325 2756//3325
f 1625//3326 1622//3326 2756//3326
f 2756//3327 1622//3327 1621//3327
f 2756//3328 1621//3328 2757//3328
f 1621//3329 1620//3329 2757//3329
f 2757//3330 1620//3330 1619//3330
f 2757//3330 1619//3330 2758//3330
f 2758//3331 1619//3331 1616//3331
f 2758//3332 1616//3332 2759//3332
f 2759//3333 1616//3333 1617//3333
f 2759//3334 1617//3334 2760//3334
f 2760//3335 1617//3335 1618//3335
f 1618//3336 1615//3336 2760//3336
f 2760//3337 1615//3337 1614//3337
f 2760//3337 1614//3337 2761//3337
f 2761//3338 1614//3338 1611//3338
f 2761//3339 1611//3339 2762//3339
f 2762//3340 1611//3340 1612//3340
f 2762//3341 1612//3341 2763//3341
f 2763//3342 1612//3342 1613//3342
f 1613//3343 1610//3343 2763//3343
f 2763//3344 1610//3344 1609//3344
f 2763//3345 1609//3345 2764//3345
f 2764//3346 1609//3346 1608//3346
f 2764//3346 1608//3346 2765//3346
f 2765//3347 1608//3347 1607//3347
f 2765//3348 1607//3348 2766//3348
f 1607//3349 1606//3349 2766//3349
f 2766//3350 1606//3350 1605//3350
f 2766//3351 1605//3351 2767//3351
f 1605//3352 1604//3352 2767//3352
f 2767//3353 1604//3353 1603//3353
f 2767//3353 1603//3353 2768//3353
f 2768//3354 1603//3354 1600//3354
f 2768//3355 1600//3355 2769//3355
f 2769//3356 1600//3356 1601//3356
f 2769//3357 1601//3357 2770//3357
f 2770//3358 1601//3358 1602//3358
f 1602//3359 1599//3359 2770//3359
f 2770//3360 1599//3360 1598//3360
f 2770//3360 1598//3360 2771//3360
f 2771//3361 1598//3361 1595//3361
f 2771//3362 1595//3362 2772//3362
f 2772//3363 1595//3363 1596//3363
f 2772//3364 1596//3364 2773//3364
f 2773//3365 1596//3365 1597//3365
f 1597//3366 1594//3366 2773//3366
f 2773//3367 1594//3367 1593//3367
f 2773//3368 1593//3368 2774//3368
f 1593//3369 1592//3369 2774//3369
f 2774//3370 1592//3370 1591//3370
f 2774//3370 1591//3370 2775//3370
f 2775//3371 1591//3371 1588//3371
f 2775//3372 1588//3372 2776//3372
f 2776//3373 1588//3373 1589//3373
f 2776//3374 1589//3374 2777//3374
f 2777//3375 1589//3375 1590//3375
f 1590//3376 1587//3376 2777//3376
f 2777//3377 1587//3377 1586//3377
f 2777//3377 1586//3377 2778//3377
f 2778//3378 1586//3378 1583//3378
f 2778//3379 1583//3379 2779//3379
f 2779//3380 1583//3380 1584//3380
f 2779//3381 1584//3381 2780//3381
f 2780//3382 1584//3382 1585//3382
f 1585//3383 1582//3383 2780//3383
f 2780//3384 1582//3384 427//3384
f 2780//3384 427//3384 2781//3384
f 2739//3305 2748//3305 2747//3305
f 2747//3385 2748//3385 2749//3385
f 2747//3386 2749//3386 2782//3386
f 2782//3387 2749//3387 2750//3387
f 2782//3387 2750//3387 2783//3387
f 2783//3388 2750//3388 2751//3388
f 2783//3388 2751//3388 2784//3388
f 2784//3389 2751//3389 2752//3389
f 2784//3389 2752//3389 2785//3389
f 2785//3390 2752//3390 2753//3390
f 2785//3391 2753//3391 2786//3391
f 2786//3392 2753//3392 2754//3392
f 2786//3392 2754//3392 2787//3392
f 2787//3393 2754//3393 2755//3393
f 2787//3393 2755//3393 2788//3393
f 2788//3394 2755//3394 2756//3394
f 2788//3394 2756//3394 2789//3394
f 2789//3395 2756//3395 2757//3395
f 2789//3395 2757//3395 2790//3395
f 2790//3396 2757//3396 2758//3396
f 2790//3396 2758//3396 2791//3396
f 2791//3397 2758//3397 2759//3397
f 2791//3397 2759//3397 2792//3397
f 2792//3398 2759//3398 2760//3398
f 2792//3398 2760//3398 2793//3398
f 2793//3399 2760//3399 2761//3399
f 2793//3399 2761//3399 2794//3399
f 2794//3400 2761//3400 2762//3400
f 2794//3400 2762//3400 2795//3400
f 2795//3401 2762//3401 2763//3401
f 2795//3401 2763//3401 2796//3401
f 2796//3402 2763//3402 2764//3402
f 2796//3402 2764//3402 2797//3402
f 2797//3403 2764//3403 2765//3403
f 2797//3403 2765//3403 2798//3403
f 2798//3404 2765//3404 2766//3404
f 2798//3404 2766//3404 2799//3404
f 2799//3405 2766//3405 2767//3405
f 2799//3405 2767//3405 2800//3405
f 2800//3406 2767//3406 2768//3406
f 2800//3406 2768//3406 2801//3406
f 2801//3407 2768//3407 2769//3407
f 2801//3407 2769//3407 2802//3407
f 2802//3408 2769//3408 2770//3408
f 2802//3408 2770//3408 2803//3408
f 2803//3409 2770//3409 2771//3409
f 2803//3409 2771//3409 2804//3409
f 2804//3410 2771//3410 2772//3410
f 2804//3410 2772//3410 2805//3410
f 2805//3411 2772//3411 2773//3411
f 2805//3411 2773//3411 2806//3411
f 2806//3412 2773//3412 2774//3412
f 2806//3412 2774//3412 2807//3412
f 2807//3413 2774//3413 2775//3413
f 2807//3413 2775//3413 2808//3413
f 2808//3414 2775//3414 2776//3414
f 2808//3414 2776//3414 2809//3414
f 2809//3415 2776//3415 2777//3415
f 2809//3416 2777//3416 2810//3416
f 2810//3417 2777//3417 2778//3417
f 2810//3417 2778//3417 2811//3417
f 2811//3418 2778//3418 2779//3418
f 2811//3418 2779//3418 2812//3418
f 2812//3419 2779//3419 2780//3419
f 2812//3419 2780//3419 2813//3419
f 2813//3420 2780//3420 2781//3420
f 2813//3420 2781//3420 2814//3420
f 2738//3421 2747//3421 2746//3421
f 2746//3422 2747//3422 2782//3422
f 2746//3422 2782//3422 2815//3422
f 2815//3423 2782//3423 2783//3423
f 2815//3423 2783//3423 2816//3423
f 2816//3424 2783//3424 2784//3424
f 2816//3424 2784//3424 2817//3424
f 2817//3425 2784//3425 2785//3425
f 2817//3425 2785//3425 2818//3425
f 2818//3426 2785//3426 2786//3426
f 2818//3426 2786//3426 2819//3426
f 2819//3427 2786//3427 2787//3427
f 2819//3427 2787//3427 2820//3427
f 2820//3428 2787//3428 2788//3428
f 2820//3428 2788//3428 2821//3428
f 2821//3429 2788//3429 2789//3429
f 2821//3429 2789//3429 2822//3429
f 2822//3430 2789//3430 2790//3430
f 2822//3430 2790//3430 2823//3430
f 2823//3431 2790//3431 2791//3431
f 2823//3431 2791//3431 2824//3431
f 2824//3432 2791//3432 2792//3432
f 2824//3433 2792//3433 2825//3433
f 2825//3434 2792//3434 2793//3434
f 2825//3434 2793//3434 2826//3434
f 2826//3435 2793//3435 2794//3435
f 2826//3435 2794//3435 2827//3435
f 2827//3436 2794//3436 2795//3436
f 2827//3436 2795//3436 2828//3436
f 2828//3437 2795//3437 2796//3437
f 2828//3438 2796//3438 2829//3438
f 2829//3439 2796//3439 2797//3439
f 2829//3439 2797//3439 2830//3439
f 2830//3440 2797//3440 2798//3440
f 2830//3440 2798//3440 2831//3440
f 2831//3441 2798//3441 2799//3441
f 2831//3441 2799//3441 2832//3441
f 2832//3442 2799//3442 2800//3442
f 2832//3442 2800//3442 2833//3442
f 2833//3443 2800//3443 2801//3443
f 2833//3443 2801//3443 2834//3443
f 2834//3444 2801//3444 2802//3444
f 2834//3444 2802//3444 2835//3444
f 2835//3445 2802//3445 2803//3445
f 2835//3445 2803//3445 2836//3445
f 2836//3446 2803//3446 2804//3446
f 2836//3446 2804//3446 2837//3446
f 2837//3447 2804//3447 2805//3447
f 2837//3448 2805//3448 2838//3448
f 2838//3449 2805//3449 2806//3449
f 2838//3449 2806//3449 2839//3449
f 2839//3450 2806//3450 2807//3450
f 2839//3450 2807//3450 2840//3450
f 2840//3451 2807//3451 2808//3451
f 2840//3451 2808//3451 2841//3451
f 2841//3452 2808//3452 2809//3452
f 2841//3452 2809//3452 2842//3452
f 2842//3453 2809//3453 2810//3453
f 2842//3454 2810//3454 2843//3454
f 2843//3455 2810//3455 2811//3455
f 2843//3455 2811//3455 2844//3455
f 2844//3456 2811//3456 2812//3456
f 2844//3456 2812//3456 2845//3456
f 2845//3457 2812//3457 2813//3457
f 2845//3457 2813//3457 2846//3457
f 2846//3458 2813//3458 2814//3458
f 2846//3458 2814//3458 2847//3458
f 2737//3459 2746//3459 2745//3459
f 2745//3460 2746//3460 2815//3460
f 2745//3460 2815//3460 2848//3460
f 2848//3461 2815//3461 2816//3461
f 2848//3461 2816//3461 2849//3461
f 2849//3462 2816//3462 2817//3462
f 2849//3462 2817//3462 2850//3462
f 2850//3463 2817//3463 2818//3463
f 2850//3463 2818//3463 2851//3463
f 2851//3464 2818//3464 2819//3464
f 2851//3465 2819//3465 2852//3465
f 2852//3466 2819//3466 2820//3466
f 2852//3466 2820//3466 2853//3466
f 2853//3467 2820//3467 2821//3467
f 2853//3468 2821//3468 2854//3468
f 2854//3469 2821//3469 2822//3469
f 2854//3470 2822//3470 2855//3470
f 2855//3471 2822//3471 2823//3471
f 2855//3471 2823//3471 2856//3471
f 2856//3472 2823//3472 2824//3472
f 2856//3472 2824//3472 2857//3472
f 2857//3473 2824//3473 2825//3473
f 2857//3473 2825//3473 2858//3473
f 2858//3474 2825//3474 2826//3474
f 2858//3474 2826//3474 2859//3474
f 2859//3475 2826//3475 2827//3475
f 2859//3475 2827//3475 2860//3475
f 2860//3476 2827//3476 2828//3476
f 2860//3476 2828//3476 2861//3476
f 2861//3477 2828//3477 2829//3477
f 2861//3477 2829//3477 2862//3477
f 2862//3478 2829//3478 2830//3478
f 2862//3478 2830//3478 2863//3478
f 2863//3479 2830//3479 2831//3479
f 2863//3479 2831//3479 2864//3479
f 2864//3480 2831//3480 2832//3480
f 2864//3481 2832//3481 2865//3481
f 2865//3482 2832//3482 2833//3482
f 2865//3482 2833//3482 2866//3482
f 2866//3483 2833//3483 2834//3483
f 2866//3483 2834//3483 2867//3483
f 2867//3484 2834//3484 2835//3484
f 2867//3484 2835//3484 2868//3484
f 2868//3485 2835//3485 2836//3485
f 2868//3485 2836//3485 2869//3485
f 2869//3486 2836//3486 2837//3486
f 2869//3486 2837//3486 2870//3486
f 2870//3487 2837//3487 2838//3487
f 2870//3487 2838//3487 2871//3487
f 2871//3488 2838//3488 2839//3488
f 2871//3488 2839//3488 2872//3488
f 2872//3489 2839//3489 2840//3489
f 2872//3489 2840//3489 2873//3489
f 2873//3490 2840//3490 2841//3490
f 2873//3490 2841//3490 2874//3490
f 2874//3491 2841//3491 2842//3491
f 2874//3491 2842//3491 2875//3491
f 2875//3492 2842//3492 2843//3492
f 2875//3492 2843//3492 2876//3492
f 2876//3493 2843//3493 2844//3493
f 2876//3493 2844//3493 2877//3493
f 2877//3494 2844//3494 2845//3494
f 2877//3494 2845//3494 2878//3494
f 2878//3495 2845//3495 2846//3495
f 2878//3495 2846//3495 2879//3495
f 2879//3496 2846//3496 2847//3496
f 2879//3496 2847//3496 2880//3496
f 2736//3302 2745//3302 2744//3302
f 2744//3497 2745//3497 2848//3497
f 2744//3498 2848//3498 2881//3498
f 2881//3499 2848//3499 2849//3499
f 2881//3499 2849//3499 2882//3499
f 2882//3500 2849//3500 2850//3500
f 2882//3500 2850//3500 2883//3500
f 2883//3501 2850//3501 2851//3501
f 2883//3501 2851//3501 2884//3501
f 2884//3502 2851//3502 2852//3502
f 2884//3502 2852//3502 2885//3502
f 2885//3503 2852//3503 2853//3503
f 2885//3504 2853//3504 2886//3504
f 2886//3505 2853//3505 2854//3505
f 2886//3505 2854//3505 2887//3505
f 2887//3506 2854//3506 2855//3506
f 2887//3507 2855//3507 2888//3507
f 2888//3508 2855//3508 2856//3508
f 2888//3508 2856//3508 2889//3508
f 2889//3509 2856//3509 2857//3509
f 2889//3509 2857//3509 2890//3509
f 2890//3510 2857//3510 2858//3510
f 2890//3511 2858//3511 2891//3511
f 2891//3512 2858//3512 2859//3512
f 2891//3512 2859//3512 2892//3512
f 2892//3513 2859//3513 2860//3513
f 2892//3514 2860//3514 2893//3514
f 2893//3515 2860//3515 2861//3515
f 2893//3515 2861//3515 2894//3515
f 2894//3516 2861//3516 2862//3516
f 2894//3516 2862//3516 2895//3516
f 2895//3517 2862//3517 2863//3517
f 2895//3517 2863//3517 2896//3517
f 2896//3518 2863//3518 2864//3518
f 2896//3518 2864//3518 2897//3518
f 2897//3519 2864//3519 2865//3519
f 2897//3519 2865//3519 2898//3519
f 2898//3520 2865//3520 2866//3520
f 2898//3520 2866//3520 2899//3520
f 2899//3521 2866//3521 2867//3521
f 2899//3521 2867//3521 2900//3521
f 2900//3522 2867//3522 2868//3522
f 2900//3522 2868//3522 2901//3522
f 2901//3523 2868//3523 2869//3523
f 2901//3523 2869//3523 2902//3523
f 2902//3524 2869//3524 2870//3524
f 2902//3524 2870//3524 2903//3524
f 2903//3525 2870//3525 2871//3525
f 2903//3525 2871//3525 2904//3525
f 2904//3526 2871//3526 2872//3526
f 2904//3526 2872//3526 2905//3526
f 2905//3527 2872//3527 2873//3527
f 2905//3527 2873//3527 2906//3527
f 2906//3528 2873//3528 2874//3528
f 2906//3528 2874//3528 2907//3528
f 2907//3529 2874//3529 2875//3529
f 2907//3529 2875//3529 2908//3529
f 2908//3530 2875//3530 2876//3530
f 2908//3530 2876//3530 2909//3530
f 2909//3531 2876//3531 2877//3531
f 2909//3531 2877//3531 2910//3531
f 2910//3532 2877//3532 2878//3532
f 2910//3532 2878//3532 2911//3532
f 2911//3533 2878//3533 2879//3533
f 2911//3533 2879//3533 2912//3533
f 2912//3534 2879//3534 2880//3534
f 2912//3534 2880//3534 2913//3534
f 2735//3301 2744//3301 2743//3301
f 2743//3535 2744//3535 2881//3535
f 2743//3535 2881//3535 2914//3535
f 2914//3536 2881//3536 2882//3536
f 2914//3536 2882//3536 2915//3536
f 2915//3537 2882//3537 2883//3537
f 2915//3537 2883//3537 2916//3537
f 2916//3538 2883//3538 2884//3538
f 2916//3538 2884//3538 2917//3538
f 2917//3539 2884//3539 2885//3539
f 2917//3539 2885//3539 2918//3539
f 2918//3540 2885//3540 2886//3540
f 2918//3540 2886//3540 2919//3540
f 2919//3541 2886//3541 2887//3541
f 2919//3541 2887//3541 2920//3541
f 2920//3542 2887//3542 2888//3542
f 2920//3543 2888//3543 2921//3543
f 2921//3544 2888//3544 2889//3544
f 2921//3544 2889//3544 2922//3544
f 2922//3545 2889//3545 2890//3545
f 2922//3545 2890//3545 2923//3545
f 2923//3546 2890//3546 2891//3546
f 2923//3546 2891//3546 2924//3546
f 2924//3547 2891//3547 2892//3547
f 2924//3547 2892//3547 2925//3547
f 2925//3548 2892//3548 2893//3548
f 2925//3549 2893//3549 2926//3549
f 2926//3550 2893//3550 2894//3550
f 2926//3551 2894//3551 2927//3551
f 2927//3552 2894//3552 2895//3552
f 2927//3552 2895//3552 2928//3552
f 2928//3553 2895//3553 2896//3553
f 2928//3554 2896//3554 2929//3554
f 2929//3555 2896//3555 2897//3555
f 2929//3555 2897//3555 2930//3555
f 2930//3556 2897//3556 2898//3556
f 2930//3556 2898//3556 2931//3556
f 2931//3557 2898//3557 2899//3557
f 2931//3557 2899//3557 2932//3557
f 2932//3558 2899//3558 2900//3558
f 2932//3558 2900//3558 2933//3558
f 2933//3559 2900//3559 2901//3559
f 2933//3559 2901//3559 2934//3559
f 2934//3560 2901//3560 2902//3560
f 2934//3561 2902//3561 2935//3561
f 2935//3562 2902//3562 2903//3562
f 2935//3562 2903//3562 2936//3562
f 2936//3563 2903//3563 2904//3563
f 2936//3563 2904//3563 2937//3563
f 2937//3564 2904//3564 2905//3564
f 2937//3564 2905//3564 2938//3564
f 2938//3565 2905//3565 2906//3565
f 2938//3565 2906//3565 2939//3565
f 2939//3566 2906//3566 2907//3566
f 2939//3566 2907//3566 2940//3566
f 2940//3567 2907//3567 2908//3567
f 2940//3567 2908//3567 2941//3567
f 2941//3568 2908//3568 2909//3568
f 2941//3568 2909//3568 2942//3568
f 2942//3569 2909//3569 2910//3569
f 2942//3569 2910//3569 2943//3569
f 2943//3570 2910//3570 2911//3570
f 2943//3570 2911//3570 2944//3570
f 2944//3571 2911//3571 2912//3571
f 2944//3571 2912//3571 2945//3571
f 2945//3572 2912//3572 2913//3572
f 2945//3572 2913//3572 2946//3572
f 2734//3300 2743//3300 2742//3300
f 2742//3573 2743//3573 2914//3573
f 2742//3573 2914//3573 2947//3573
f 2947//3574 2914//3574 2915//3574
f 2947//3574 2915//3574 2948//3574
f 2948//3575 2915//3575 2916//3575
f 2948//3575 2916//3575 2949//3575
f 2949//3576 2916//3576 2917//3576
f 2949//3576 2917//3576 2950//3576
f 2950//3577 2917//3577 2918//3577
f 2950//3578 2918//3578 2951//3578
f 2951//3579 2918//3579 2919//3579
f 2951//3579 2919//3579 2952//3579
f 2952//3580 2919//3580 2920//3580
f 2952//3580 2920//3580 2953//3580
f 2953//3581 2920//3581 2921//3581
f 2953//3581 2921//3581 2954//3581
f 2954//3582 2921//3582 2922//3582
f 2954//3583 2922//3583 2955//3583
f 2955//3584 2922//3584 2923//3584
f 2955//3584 2923//3584 2956//3584
f 2956//3585 2923//3585 2924//3585
f 2956//3585 2924//3585 2957//3585
f 2957//3586 2924//3586 2925//3586
f 2957//3586 2925//3586 2958//3586
f 2958//3587 2925//3587 2926//3587
f 2958//3587 2926//3587 2959//3587
f 2959//3588 2926//3588 2927//3588
f 2959//3588 2927//3588 2960//3588
f 2960//3589 2927//3589 2928//3589
f 2960//3589 2928//3589 2961//3589
f 2961//3590 2928//3590 2929//3590
f 2961//3590 2929//3590 2962//3590
f 2962//3591 2929//3591 2930//3591
f 2962//3591 2930//3591 2963//3591
f 2963//3592 2930//3592 2931//3592
f 2963//3593 2931//3593 2964//3593
f 2964//3594 2931//3594 2932//3594
f 2964//3594 2932//3594 2965//3594
f 2965//3595 2932//3595 2933//3595
f 2965//3595 2933//3595 2966//3595
f 2966//3596 2933//3596 2934//3596
f 2966//3596 2934//3596 2967//3596
f 2967//3597 2934//3597 2935//3597
f 2967//3597 2935//3597 2968//3597
f 2968//3598 2935//3598 2936//3598
f 2968//3598 2936//3598 2969//3598
f 2969//3599 2936//3599 2937//3599
f 2969//3599 2937//3599 2970//3599
f 2970//3600 2937//3600 2938//3600
f 2970//3600 2938//3600 2971//3600
f 2971//3601 2938//3601 2939//3601
f 2971//3601 2939//3601 2972//3601
f 2972//3602 2939//3602 2940//3602
f 2972//3602 2940//3602 2973//3602
f 2973//3603 2940//3603 2941//3603
f 2973//3603 2941//3603 2974//3603
f 2974//3604 2941//3604 2942//3604
f 2974//3604 2942//3604 2975//3604
f 2975//3605 2942//3605 2943//3605
f 2975//3605 2943//3605 2976//3605
f 2976//3606 2943//3606 2944//3606
f 2976//3606 2944//3606 2977//3606
f 2977//3607 2944//3607 2945//3607
f 2977//3607 2945//3607 2978//3607
f 2978//3608 2945//3608 2946//3608
f 2978//3608 2946//3608 2979//3608
f 2733//3299 2742//3299 2741//3299
f 2741//3609 2742//3609 2947//3609
f 2741//3609 2947//3609 2980//3609
f 2980//3610 2947//3610 2948//3610
f 2980//3610 2948//3610 2981//3610
f 2981//3611 2948//3611 2949//3611
f 2981//3611 2949//3611 2982//3611
f 2982//3612 2949//3612 2950//3612
f 2982//3612 2950//3612 2983//3612
f 2983//3613 2950//3613 2951//3613
f 2983//3613 2951//3613 2984//3613
f 2984//3614 2951//3614 2952//3614
f 2984//3614 2952//3614 2985//3614
f 2985//3615 2952//3615 2953//3615
f 2985//3615 2953//3615 2986//3615
f 2986//3616 2953//3616 2954//3616
f 2986//3617 2954//3617 2987//3617
f 2987//3618 2954//3618 2955//3618
f 2987//3618 2955//3618 2988//3618
f 2988//3619 2955//3619 2956//3619
f 2988//3619 2956//3619 2989//3619
f 2989//3620 2956//3620 2957//3620
f 2989//3620 2957//3620 2990//3620
f 2990//3621 2957//3621 2958//3621
f 2990//3621 2958//3621 2991//3621
f 2991//3622 2958//3622 2959//3622
f 2991//3622 2959//3622 2992//3622
f 2992//3623 2959//3623 2960//3623
f 2992//3623 2960//3623 2993//3623
f 2993//3624 2960//3624 2961//3624
f 2993//3624 2961//3624 2994//3624
f 2994//3625 2961//3625 2962//3625
f 2994//3625 2962//3625 2995//3625
f 2995//3626 2962//3626 2963//3626
f 2995//3626 2963//3626 2996//3626
f 2996//3627 2963//3627 2964//3627
f 2996//3627 2964//3627 2997//3627
f 2997//3628 2964//3628 2965//3628
f 2997//3628 2965//3628 2998//3628
f 2998//3629 2965//3629 2966//3629
f 2998//3629 2966//3629 2999//3629
f 2999//3630 2966//3630 2967//3630
f 2999//3630 2967//3630 3000//3630
f 3000//3631 2967//3631 2968//3631
f 3000//3631 2968//3631 3001//3631
f 3001//3632 2968//3632 2969//3632
f 3001//3632 2969//3632 3002//3632
f 3002//3633 2969//3633 2970//3633
f 3002//3633 2970//3633 3003//3633
f 3003//3634 2970//3634 2971//3634
f 3003//3634 2971//3634 3004//3634
f 3004//3635 2971//3635 2972//3635
f 3004//3635 2972//3635 3005//3635
f 3005//3636 2972//3636 2973//3636
f 3005//3636 2973//3636 3006//3636
f 3006//3637 2973//3637 2974//3637
f 3006//3637 2974//3637 3007//3637
f 3007//3638 2974//3638 2975//3638
f 3007//3638 2975//3638 3008//3638
f 3008//3639 2975//3639 2976//3639
f 3008//3639 2976//3639 3009//3639
f 3009//3640 2976//3640 2977//3640
f 3009//3640 2977//3640 3010//3640
f 3010//3641 2977//3641 2978//3641
f 3010//3641 2978//3641 3011//3641
f 3011//3642 2978//3642 2979//3642
f 3011//3642 2979//3642 3012//3642
f 1499//3298 2741//3298 1551//3298
f 1551//3643 2741//3643 2980//3643
f 1551//3643 2980//3643 1552//3643
f 1552//3644 2980//3644 2981//3644
f 1552//3644 2981//3644 1554//3644
f 1554//3645 2981//3645 2982//3645
f 1554//3645 2982//3645 1566//3645
f 1566//3646 2982//3646 2983//3646
f 1566//3646 2983//3646 1567//3646
f 1567//3647 2983//3647 2984//3647
f 1567//3647 2984//3647 1569//3647
f 1569//3648 2984//3648 2985//3648
f 1569//3648 2985//3648 1570//3648
f 1570//3649 2985//3649 2986//3649
f 1570//3649 2986//3649 1562//3649
f 1562//3650 2986//3650 2987//3650
f 1562//3650 2987//3650 1564//3650
f 1564//3651 2987//3651 2988//3651
f 1564//3651 2988//3651 1565//3651
f 1565//3652 2988//3652 2989//3652
f 1565//3652 2989//3652 1535//3652
f 1535//3653 2989//3653 2990//3653
f 1535//3653 2990//3653 1537//3653
f 1537//3654 2990//3654 2991//3654
f 1537//3654 2991//3654 1539//3654
f 1539//3655 2991//3655 2992//3655
f 1539//3655 2992//3655 1546//3655
f 1546//3656 2992//3656 2993//3656
f 1546//3656 2993//3656 1547//3656
f 1547//3657 2993//3657 2994//3657
f 1547//3657 2994//3657 1549//3657
f 1549//3658 2994//3658 2995//3658
f 1549//3658 2995//3658 1581//3658
f 1581//3659 2995//3659 2996//3659
f 1581//3659 2996//3659 1580//3659
f 1580//3660 2996//3660 2997//3660
f 1580//3661 2997//3661 1578//3661
f 1578//3662 2997//3662 2998//3662
f 1578//3662 2998//3662 1576//3662
f 1576//3663 2998//3663 2999//3663
f 1576//3663 2999//3663 1514//3663
f 1514//3664 2999//3664 3000//3664
f 1514//3664 3000//3664 1528//3664
f 1528//3665 3000//3665 3001//3665
f 1528//3666 3001//3666 1519//3666
f 1519//3667 3001//3667 3002//3667
f 1519//3667 3002//3667 1520//3667
f 1520//3668 3002//3668 3003//3668
f 1520//3668 3003//3668 1521//3668
f 1521//3669 3003//3669 3004//3669
f 1521//3669 3004//3669 1541//3669
f 1541//3670 3004//3670 3005//3670
f 1541//3670 3005//3670 1512//3670
f 1512//3671 3005//3671 3006//3671
f 1512//3671 3006//3671 1513//3671
f 1513//3672 3006//3672 3007//3672
f 1513//3672 3007//3672 1542//3672
f 1542//3673 3007//3673 3008//3673
f 1542//3673 3008//3673 1543//3673
f 1543//3674 3008//3674 3009//3674
f 1543//3674 3009//3674 1529//3674
f 1529//3675 3009//3675 3010//3675
f 1529//3675 3010//3675 1530//3675
f 1530//3676 3010//3676 3011//3676
f 1530//3676 3011//3676 1544//3676
f 1544//3677 3011//3677 3012//3677
f 1544//3677 3012//3677 1545//3677
f 1505//3678 1504//3678 3013//3678
f 3013//3678 1504//3678 3014//3678
f 3013//3679 3014//3679 3015//3679
f 3015//3679 3014//3679 3016//3679
f 3015//3680 3016//3680 3017//3680
f 3017//3680 3016//3680 3018//3680
f 3017//3681 3018//3681 3019//3681
f 3019//3681 3018//3681 3020//3681
f 3019//3682 3020//3682 3021//3682
f 3021//3683 3020//3683 3022//3683
f 3021//3684 3022//3684 3023//3684
f 3023//3684 3022//3684 3024//3684
f 3023//3685 3024//3685 3025//3685
f 3025//3685 3024//3685 3026//3685
f 3025//3686 3026//3686 3027//3686
f 3027//3686 3026//3686 3028//3686
f 3027//3687 3028//3687 273//3687
f 273//3687 3028//3687 411//3687
f 1504//3688 1509//3688 3014//3688
f 3014//3688 1509//3688 3029//3688
f 3014//3689 3029//3689 3016//3689
f 3016//3689 3029//3689 3030//3689
f 3016//3690 3030//3690 3018//3690
f 3018//3690 3030//3690 3031//3690
f 3018//3691 3031//3691 3020//3691
f 3020//3692 3031//3692 3032//3692
f 3020//3693 3032//3693 3022//3693
f 3022//3693 3032//3693 3033//3693
f 3022//3694 3033//3694 3024//3694
f 3024//3694 3033//3694 3034//3694
f 3024//3695 3034//3695 3026//3695
f 3026//3695 3034//3695 3035//3695
f 3026//3696 3035//3696 3028//3696
f 3028//3697 3035//3697 3036//3697
f 3028//3698 3036//3698 411//3698
f 411//3698 3036//3698 416//3698
f 1509//3699 1511//3699 3029//3699
f 3029//3699 1511//3699 3037//3699
f 3029//3700 3037//3700 3030//3700
f 3030//3700 3037//3700 3038//3700
f 3030//3701 3038//3701 3031//3701
f 3031//3701 3038//3701 3039//3701
f 3031//3702 3039//3702 3032//3702
f 3032//3702 3039//3702 3040//3702
f 3032//3703 3040//3703 3033//3703
f 3033//3703 3040//3703 3041//3703
f 3033//3704 3041//3704 3034//3704
f 3034//3704 3041//3704 3042//3704
f 3034//3705 3042//3705 3035//3705
f 3035//3705 3042//3705 3043//3705
f 3035//3706 3043//3706 3036//3706
f 3036//3706 3043//3706 3044//3706
f 3036//3707 3044//3707 416//3707
f 416//3707 3044//3707 423//3707
f 1511//3708 1515//3708 3037//3708
f 3037//3708 1515//3708 3045//3708
f 3037//3709 3045//3709 3038//3709
f 3038//3709 3045//3709 3046//3709
f 3038//3710 3046//3710 3039//3710
f 3039//3710 3046//3710 3047//3710
f 3039//3711 3047//3711 3040//3711
f 3040//3711 3047//3711 3048//3711
f 3040//3712 3048//3712 3041//3712
f 3041//3712 3048//3712 3049//3712
f 3041//3713 3049//3713 3042//3713
f 3042//3713 3049//3713 3050//3713
f 3042//3714 3050//3714 3043//3714
f 3043//3714 3050//3714 3051//3714
f 3043//3715 3051//3715 3044//3715
f 3044//3715 3051//3715 3052//3715
f 3044//3716 3052//3716 423//3716
f 423//3716 3052//3716 425//3716
f 1515//3717 1516//3717 3045//3717
f 3045//3717 1516//3717 3053//3717
f 3045//3718 3053//3718 3046//3718
f 3046//3718 3053//3718 3054//3718
f 3046//3719 3054//3719 3047//3719
f 3047//3719 3054//3719 3055//3719
f 3047//3720 3055//3720 3048//3720
f 3048//3720 3055//3720 3056//3720
f 3048//3721 3056//3721 3049//3721
f 3049//3721 3056//3721 3057//3721
f 3049//3722 3057//3722 3050//3722
f 3050//3722 3057//3722 3058//3722
f 3050//3723 3058//3723 3051//3723
f 3051//3724 3058//3724 3059//3724
f 3051//3725 3059//3725 3052//3725
f 3052//3725 3059//3725 3060//3725
f 3052//3726 3060//3726 425//3726
f 425//3726 3060//3726 426//3726
f 1516//3727 1545//3727 3053//3727
f 3053//3727 1545//3727 3012//3727
f 3053//3728 3012//3728 3054//3728
f 3054//3728 3012//3728 2979//3728
f 3054//3729 2979//3729 3055//3729
f 3055//3729 2979//3729 2946//3729
f 3055//3730 2946//3730 3056//3730
f 3056//3730 2946//3730 2913//3730
f 3056//3731 2913//3731 3057//3731
f 3057//3731 2913//3731 2880//3731
f 3057//3732 2880//3732 3058//3732
f 3058//3732 2880//3732 2847//3732
f 3058//3733 2847//3733 3059//3733
f 3059//3733 2847//3733 2814//3733
f 3059//3734 2814//3734 3060//3734
f 3060//3734 2814//3734 2781//3734
f 3060//3735 2781//3735 426//3735
f 426//3736 2781//3736 427//3736
f 275//349 3061//349 273//349
f 273//3737 3061//3737 3027//3737
f 3061//3738 3062//3738 3027//3738
f 3027//352 3062//352 3063//352
f 3027//3739 3063//3739 3025//3739
f 3063//205 3064//205 3025//205
f 3025//3740 3064//3740 3065//3740
f 3025//3741 3065//3741 3023//3741
f 3065//201 3066//201 3023//201
f 3023//356 3066//356 3067//356
f 3023//3742 3067//3742 3021//3742
f 3067//359 3068//359 3021//359
f 3021//358 3068//358 3069//358
f 3021//3743 3069//3743 3019//3743
f 3069//223 3070//223 3019//223
f 3019//361 3070//361 3071//361
f 3019//3744 3071//3744 3017//3744
f 3071//364 3072//364 3017//364
f 3017//363 3072//363 3073//363
f 3017//3745 3073//3745 3015//3745
f 3073//232 3074//232 3015//232
f 3015//366 3074//366 3075//366
f 3015//3746 3075//3746 3013//3746
f 1506//372 1505//372 3076//372
f 3076//3747 1505//3747 3013//3747
f 3076//3748 3013//3748 3077//3748
f 3077//369 3013//369 3075//369
f 3061//3749 275//3749 277//3749
f 3064//3750 3063//3750 3078//3750
f 3078//3751 3063//3751 3062//3751
f 3079//3752 3065//3752 3064//3752
f 3068//3753 3067//3753 3080//3753
f 3080//3754 3067//3754 3066//3754
f 3081//3755 3069//3755 3068//3755
f 3072//3756 3071//3756 3082//3756
f 3082//3757 3071//3757 3070//3757
f 3083//3758 3073//3758 3072//3758
f 3077//3759 3075//3759 3084//3759
f 3084//3760 3075//3760 3074//3760
f 3085//3761 3076//3761 3077//3761
f 3076//3762 3085//3762 1506//3762
f 1506//3763 3085//3763 1825//3763
f 1825//3764 3085//3764 3086//3764
f 1825//3765 3086//3765 1826//3765
f 1826//3766 3086//3766 3087//3766
f 1826//3767 3087//3767 1827//3767
f 1827//3768 3087//3768 3088//3768
f 1827//3769 3088//3769 1764//3769
f 1764//3770 3088//3770 3089//3770
f 1764//3771 3089//3771 1766//3771
f 3061//3772 277//3772 3090//3772
f 3090//3773 277//3773 280//3773
f 3090//3774 280//3774 3091//3774
f 3091//3775 280//3775 279//3775
f 3091//3776 279//3776 3092//3776
f 3092//3777 279//3777 278//3777
f 3092//3778 278//3778 3093//3778
f 3093//3779 278//3779 271//3779
f 3093//3780 271//3780 3094//3780
f 3094//3781 271//3781 270//3781
f 3094//3782 270//3782 3095//3782
f 3064//3783 3078//3783 3079//3783
f 3079//3784 3078//3784 3096//3784
f 3079//3785 3096//3785 3097//3785
f 3097//3786 3096//3786 3098//3786
f 3097//3787 3098//3787 3099//3787
f 3099//3788 3098//3788 3100//3788
f 3099//3789 3100//3789 3101//3789
f 3101//3790 3100//3790 3102//3790
f 3101//3791 3102//3791 3103//3791
f 3103//3792 3102//3792 3104//3792
f 3103//3793 3104//3793 3105//3793
f 3068//3794 3080//3794 3081//3794
f 3081//3795 3080//3795 3106//3795
f 3081//3796 3106//3796 3107//3796
f 3107//3797 3106//3797 3108//3797
f 3107//3798 3108//3798 3109//3798
f 3109//3799 3108//3799 3110//3799
f 3109//3800 3110//3800 3111//3800
f 3111//3801 3110//3801 3112//3801
f 3111//3802 3112//3802 3113//3802
f 3113//3803 3112//3803 3114//3803
f 3113//3804 3114//3804 3115//3804
f 3072//3805 3082//3805 3083//3805
f 3083//3806 3082//3806 3116//3806
f 3083//3807 3116//3807 3117//3807
f 3117//3808 3116//3808 3118//3808
f 3117//3809 3118//3809 3119//3809
f 3119//3810 3118//3810 3120//3810
f 3119//3811 3120//3811 3121//3811
f 3121//3812 3120//3812 3122//3812
f 3121//3813 3122//3813 3123//3813
f 3123//3814 3122//3814 3124//3814
f 3123//3815 3124//3815 3125//3815
f 3077//3816 3084//3816 3085//3816
f 3085//3817 3084//3817 3126//3817
f 3085//3818 3126//3818 3086//3818
f 3086//3819 3126//3819 3127//3819
f 3086//3820 3127//3820 3087//3820
f 3087//3821 3127//3821 3128//3821
f 3087//3822 3128//3822 3088//3822
f 3088//3823 3128//3823 3129//3823
f 3088//3824 3129//3824 3089//3824
f 3089//3825 3129//3825 3130//3825
f 3089//3826 3130//3826 3131//3826
f 1766//3827 3089//3827 1767//3827
f 1767//3828 3089//3828 3131//3828
f 1767//3829 3131//3829 1768//3829
f 270//3830 263//3830 3095//3830
f 3095//3831 263//3831 3132//3831
f 3095//3832 3132//3832 3133//3832
f 3133//3833 3104//3833 3095//3833
f 3095//3834 3104//3834 3102//3834
f 3095//3835 3102//3835 3094//3835
f 3094//3836 3102//3836 3100//3836
f 3094//3837 3100//3837 3093//3837
f 3093//3838 3100//3838 3098//3838
f 3093//3839 3098//3839 3092//3839
f 3092//3840 3098//3840 3096//3840
f 3092//3841 3096//3841 3091//3841
f 3091//3842 3096//3842 3078//3842
f 3091//3843 3078//3843 3090//3843
f 3090//3844 3078//3844 3062//3844
f 3090//3845 3062//3845 3061//3845
f 3133//3846 3134//3846 3104//3846
f 3104//3847 3134//3847 3135//3847
f 3104//3848 3135//3848 3105//3848
f 3105//3849 3135//3849 3136//3849
f 3105//3850 3136//3850 3137//3850
f 3137//3851 3114//3851 3105//3851
f 3105//3852 3114//3852 3112//3852
f 3105//3853 3112//3853 3103//3853
f 3103//3854 3112//3854 3110//3854
f 3103//3855 3110//3855 3101//3855
f 3101//3856 3110//3856 3108//3856
f 3101//3857 3108//3857 3099//3857
f 3099//3858 3108//3858 3106//3858
f 3099//3859 3106//3859 3097//3859
f 3097//3860 3106//3860 3080//3860
f 3097//3861 3080//3861 3079//3861
f 3079//3862 3080//3862 3066//3862
f 3079//3863 3066//3863 3065//3863
f 3137//3864 3138//3864 3114//3864
f 3114//3865 3138//3865 3139//3865
f 3114//3866 3139//3866 3115//3866
f 3115//3867 3139//3867 3140//3867
f 3115//3868 3140//3868 3141//3868
f 3141//3869 3124//3869 3115//3869
f 3115//3870 3124//3870 3122//3870
f 3115//3871 3122//3871 3113//3871
f 3113//3872 3122//3872 3120//3872
f 3113//3873 3120//3873 3111//3873
f 3111//3874 3120//3874 3118//3874
f 3111//3875 3118//3875 3109//3875
f 3109//3876 3118//3876 3116//3876
f 3109//3877 3116//3877 3107//3877
f 3107//3878 3116//3878 3082//3878
f 3107//3879 3082//3879 3081//3879
f 3081//3880 3082//3880 3070//3880
f 3081//3881 3070//3881 3069//3881
f 3141//3882 3142//3882 3124//3882
f 3124//3883 3142//3883 3143//3883
f 3124//3884 3143//3884 3125//3884
f 3125//3885 3143//3885 3144//3885
f 3125//3886 3144//3886 3145//3886
f 3145//3887 3130//3887 3125//3887
f 3125//3888 3130//3888 3129//3888
f 3125//3889 3129//3889 3123//3889
f 3123//3890 3129//3890 3128//3890
f 3123//3891 3128//3891 3121//3891
f 3121//3892 3128//3892 3127//3892
f 3121//3893 3127//3893 3119//3893
f 3119//3894 3127//3894 3126//3894
f 3119//3895 3126//3895 3117//3895
f 3117//3896 3126//3896 3084//3896
f 3117//3897 3084//3897 3083//3897
f 3083//3898 3084//3898 3074//3898
f 3083//3899 3074//3899 3073//3899
f 1822//3900 1768//3900 3146//3900
f 3146//3901 1768//3901 3131//3901
f 3146//3902 3131//3902 3147//3902
f 3147//3903 3131//3903 3130//3903
f 3147//3904 3130//3904 3148//3904
f 3148//3905 3130//3905 3145//3905
f 3149//3906 3150//3906 3151//3906
f 3152//3907 3153//3907 3154//3907
f 3155//3908 3156//3908 3157//3908
f 3158//3909 3159//3909 3160//3909
f 3161//3910 2101//3910 2064//3910
f 2059//3911 3158//3911 2061//3911
f 2061//3912 3158//3912 3161//3912
f 2061//3913 3161//3913 2063//3913
f 2063//3914 3161//3914 2064//3914
f 2059//3915 2057//3915 3158//3915
f 3158//3916 2057//3916 2055//3916
f 3158//3917 2055//3917 871//3917
f 3162//3918 2051//3918 3161//3918
f 3161//3919 2051//3919 2053//3919
f 3161//3920 2053//3920 2101//3920
f 1817//3921 3163//3921 1815//3921
f 1815//3922 3163//3922 3164//3922
f 1815//3923 3164//3923 1813//3923
f 1813//3924 3164//3924 3151//3924
f 1813//3925 3151//3925 1811//3925
f 1811//3926 3151//3926 3150//3926
f 1811//3927 3150//3927 1809//3927
f 3165//3928 2049//3928 3166//3928
f 3166//3929 2049//3929 2046//3929
f 3166//3930 2046//3930 3162//3930
f 3162//3931 2046//3931 2045//3931
f 3162//3932 2045//3932 2051//3932
f 1820//3933 3167//3933 1817//3933
f 1817//3934 3167//3934 3168//3934
f 1817//3935 3168//3935 3163//3935
f 2043//3936 2014//3936 3165//3936
f 3165//3937 2014//3937 2013//3937
f 3165//3938 2013//3938 2049//3938
f 3165//3939 3169//3939 2043//3939
f 2043//3940 3169//3940 3170//3940
f 2043//3941 3170//3941 2042//3941
f 2042//3942 3170//3942 3171//3942
f 2042//3943 3171//3943 2037//3943
f 1820//3944 1819//3944 3167//3944
f 3167//3945 1819//3945 1818//3945
f 3167//3946 1818//3946 3172//3946
f 3172//3947 1818//3947 1821//3947
f 3172//3948 1821//3948 3173//3948
f 3173//3949 1821//3949 3174//3949
f 3149//3950 3151//3950 3175//3950
f 3175//3951 3151//3951 3164//3951
f 3175//3952 3164//3952 3176//3952
f 3176//3953 3164//3953 3163//3953
f 3176//3954 3163//3954 3177//3954
f 3177//3955 3163//3955 3168//3955
f 3177//3956 3168//3956 3178//3956
f 3178//3957 3168//3957 3167//3957
f 3178//3958 3167//3958 3179//3958
f 3179//3959 3167//3959 3172//3959
f 3179//3960 3172//3960 3180//3960
f 3180//3961 3172//3961 3173//3961
f 3180//3962 3173//3962 3181//3962
f 3181//3963 3173//3963 3174//3963
f 3181//3964 3174//3964 3182//3964
f 3152//3965 3154//3965 3183//3965
f 3183//3966 3154//3966 3184//3966
f 3183//3967 3184//3967 3185//3967
f 3185//3968 3184//3968 3186//3968
f 3185//3969 3186//3969 3187//3969
f 3187//3970 3186//3970 3188//3970
f 3187//3971 3188//3971 3189//3971
f 3189//3972 3188//3972 3190//3972
f 3189//3973 3190//3973 3191//3973
f 3191//3974 3190//3974 3192//3974
f 3191//3975 3192//3975 3193//3975
f 3193//3976 3192//3976 3194//3976
f 3193//3977 3194//3977 3195//3977
f 3195//3978 3194//3978 3196//3978
f 3195//3979 3196//3979 3197//3979
f 3155//3980 3157//3980 3198//3980
f 3198//3981 3157//3981 3199//3981
f 3198//3982 3199//3982 3200//3982
f 3200//3983 3199//3983 3201//3983
f 3200//3984 3201//3984 3202//3984
f 3202//3985 3201//3985 3203//3985
f 3202//3986 3203//3986 3204//3986
f 3204//3987 3203//3987 3205//3987
f 3204//3988 3205//3988 3206//3988
f 3206//3989 3205//3989 3207//3989
f 3206//3990 3207//3990 3208//3990
f 3208//3991 3207//3991 3209//3991
f 3208//3992 3209//3992 3210//3992
f 3210//3993 3209//3993 3211//3993
f 3210//3994 3211//3994 3212//3994
f 3158//3995 3160//3995 3161//3995
f 3161//3996 3160//3996 3213//3996
f 3161//3997 3213//3997 3162//3997
f 3162//3998 3213//3998 3214//3998
f 3162//3999 3214//3999 3166//3999
f 3166//4000 3214//4000 3215//4000
f 3166//4001 3215//4001 3165//4001
f 3165//4002 3215//4002 3216//4002
f 3165//4003 3216//4003 3169//4003
f 3169//4004 3216//4004 3217//4004
f 3169//4005 3217//4005 3170//4005
f 3170//4006 3217//4006 3218//4006
f 3170//4007 3218//4007 3171//4007
f 3171//4008 3218//4008 3219//4008
f 3171//4009 3219//4009 3220//4009
f 1822//4010 3146//4010 1823//4010
f 1823//4011 3146//4011 3174//4011
f 1823//4012 3174//4012 1824//4012
f 1824//4013 3174//4013 1821//4013
f 3146//4014 3147//4014 3174//4014
f 3174//4015 3147//4015 3148//4015
f 3174//4016 3148//4016 3182//4016
f 3182//4017 3148//4017 3145//4017
f 3182//4018 3145//4018 3144//4018
f 3144//4019 3196//4019 3182//4019
f 3182//4020 3196//4020 3194//4020
f 3182//4021 3194//4021 3181//4021
f 3181//4022 3194//4022 3192//4022
f 3181//4023 3192//4023 3180//4023
f 3180//4024 3192//4024 3190//4024
f 3180//4025 3190//4025 3179//4025
f 3179//4026 3190//4026 3188//4026
f 3179//4027 3188//4027 3178//4027
f 3178//4028 3188//4028 3186//4028
f 3178//4029 3186//4029 3177//4029
f 3177//4030 3186//4030 3184//4030
f 3177//4031 3184//4031 3176//4031
f 3176//4032 3184//4032 3154//4032
f 3176//4033 3154//4033 3175//4033
f 3175//4034 3154//4034 3153//4034
f 3175//4035 3153//4035 3149//4035
f 3144//4036 3143//4036 3196//4036
f 3196//4037 3143//4037 3142//4037
f 3196//4038 3142//4038 3197//4038
f 3197//4039 3142//4039 3141//4039
f 3197//4040 3141//4040 3140//4040
f 3140//4041 3211//4041 3197//4041
f 3197//4042 3211//4042 3209//4042
f 3197//4043 3209//4043 3195//4043
f 3195//4044 3209//4044 3207//4044
f 3195//4045 3207//4045 3193//4045
f 3193//4046 3207//4046 3205//4046
f 3193//4047 3205//4047 3191//4047
f 3191//4048 3205//4048 3203//4048
f 3191//4049 3203//4049 3189//4049
f 3189//4050 3203//4050 3201//4050
f 3189//4051 3201//4051 3187//4051
f 3187//4052 3201//4052 3199//4052
f 3187//4053 3199//4053 3185//4053
f 3185//4054 3199//4054 3157//4054
f 3185//4055 3157//4055 3183//4055
f 3183//4056 3157//4056 3156//4056
f 3183//4057 3156//4057 3152//4057
f 3140//4058 3139//4058 3211//4058
f 3211//4059 3139//4059 3138//4059
f 3211//4060 3138//4060 3212//4060
f 3212//4061 3138//4061 3137//4061
f 3212//4062 3137//4062 3136//4062
f 3136//4063 3219//4063 3212//4063
f 3212//4064 3219//4064 3218//4064
f 3212//4065 3218//4065 3210//4065
f 3210//4066 3218//4066 3217//4066
f 3210//4067 3217//4067 3208//4067
f 3208//4068 3217//4068 3216//4068
f 3208//4069 3216//4069 3206//4069
f 3206//4070 3216//4070 3215//4070
f 3206//4071 3215//4071 3204//4071
f 3204//4072 3215//4072 3214//4072
f 3204//4073 3214//4073 3202//4073
f 3202//4074 3214//4074 3213//4074
f 3202//4075 3213//4075 3200//4075
f 3200//4076 3213//4076 3160//4076
f 3200//4077 3160//4077 3198//4077
f 3198//4078 3160//4078 3159//4078
f 3198//4079 3159//4079 3155//4079
f 3136//4080 3135//4080 3219//4080
f 3219//4081 3135//4081 3134//4081
f 3219//4082 3134//4082 3220//4082
f 3220//4083 3134//4083 3133//4083
f 3220//4084 3133//4084 3132//4084
f 2037//4085 3171//4085 2038//4085
f 2038//4086 3171//4086 3220//4086
f 2038//4087 3220//4087 2040//4087
f 2040//4088 3220//4088 3132//4088
f 2040//4089 3132//4089 263//4089
f 3158//4090 871//4090 844//4090
f 3221//4091 3155//4091 3159//4091
f 3149//4092 3153//4092 3222//4092
f 3222//4093 3153//4093 3152//4093
f 3222//4094 3152//4094 3221//4094
f 3221//4095 3152//4095 3156//4095
f 3221//4096 3156//4096 3155//4096
f 3149//4097 3222//4097 3150//4097
f 3150//4098 3222//4098 1807//4098
f 3150//4099 1807//4099 1809//4099
f 1746//4100 1807//4100 3223//4100
f 3223//4101 1807//4101 3222//4101
f 3223//4102 3222//4102 3224//4102
f 3224//4103 3222//4103 3221//4103
f 845//4104 3224//4104 843//4104
f 843//4105 3224//4105 3221//4105
f 843//4106 3221//4106 844//4106
f 844//4107 3221//4107 3159//4107
f 844//4108 3159//4108 3158//4108
f 761//4109 1746//4109 3225//4109
f 3225//4110 1746//4110 3223//4110
f 3225//4111 3223//4111 3226//4111
f 3226//4112 3223//4112 3224//4112
f 3226//4113 3224//4113 3227//4113
f 3227//4114 3224//4114 845//4114
f 3227//4115 845//4115 848//4115
f 777//4116 3228//4116 548//4116
f 848//4117 849//4117 3228//4117
f 3228//4118 849//4118 548//4118
f 3227//4119 848//4119 3226//4119
f 3226//4120 848//4120 3228//4120
f 3226//4121 3228//4121 3225//4121
f 3225//4122 3228//4122 777//4122
f 3225//4123 777//4123 761//4123
f 1063//4124 3229//4124 643//4124
f 973//4125 974//4125 3229//4125
f 3229//4126 974//4126 643//4126
f 1063//4127 1060//4127 3229//4127
f 3229//4128 1060//4128 3230//4128
f 3229//4129 3230//4129 973//4129
f 973//4130 3230//4130 3231//4130
f 973//4131 3231//4131 970//4131
f 3232//4132 1010//4132 969//4132
f 3232//4133 969//4133 3233//4133
f 3234//4134 3235//4134 3236//4134
f 3236//4135 3235//4135 3237//4135
f 3236//4136 3237//4136 3233//4136
f 3238//4137 3239//4137 3240//4137
f 3240//4138 3239//4138 3241//4138
f 3240//4139 3241//4139 3234//4139
f 3233//4140 969//4140 3236//4140
f 3236//4141 969//4141 968//4141
f 3236//4142 968//4142 3242//4142
f 3242//4143 968//4143 970//4143
f 3242//4144 970//4144 3231//4144
f 3234//4145 3236//4145 3240//4145
f 3240//4146 3236//4146 3242//4146
f 3240//4147 3242//4147 3243//4147
f 3243//4148 3242//4148 3231//4148
f 3243//4149 3231//4149 3230//4149
f 1874//4150 3238//4150 1872//4150
f 1872//4151 3238//4151 3240//4151
f 1872//4152 3240//4152 1871//4152
f 1871//4153 3240//4153 3243//4153
f 1871//4154 3243//4154 1870//4154
f 1870//4155 3243//4155 3230//4155
f 1870//4156 3230//4156 1060//4156
f 1893//4157 1892//4157 3244//4157
f 2325//4158 2323//4158 3232//4158
f 3245//4159 2328//4159 2327//4159
f 2327//4160 2325//4160 3245//4160
f 3245//4161 2325//4161 3232//4161
f 3245//4162 3232//4162 3246//4162
f 3246//4163 3232//4163 3233//4163
f 3246//4164 3233//4164 3247//4164
f 3247//4165 3233//4165 3237//4165
f 3247//4166 3237//4166 3248//4166
f 3248//4167 3237//4167 3235//4167
f 3248//4168 3235//4168 3249//4168
f 3249//4169 3235//4169 3234//4169
f 3249//4170 3234//4170 3250//4170
f 3250//4171 3234//4171 3241//4171
f 3250//4172 3241//4172 3251//4172
f 3251//4173 3241//4173 3239//4173
f 3251//4174 3239//4174 3252//4174
f 3252//4175 3239//4175 3238//4175
f 2323//4176 2321//4176 3232//4176
f 3232//4177 2321//4177 2319//4177
f 3232//4178 2319//4178 1010//4178
f 2315//4179 2317//4179 3245//4179
f 3245//4180 2317//4180 2385//4180
f 3245//4181 2385//4181 2328//4181
f 3253//4182 2310//4182 2309//4182
f 2309//4183 2315//4183 3253//4183
f 3253//4184 2315//4184 3245//4184
f 3253//4185 3245//4185 3254//4185
f 3254//4186 3245//4186 3246//4186
f 3254//4187 3246//4187 3255//4187
f 3255//4188 3246//4188 3247//4188
f 3255//4189 3247//4189 3256//4189
f 3256//4190 3247//4190 3248//4190
f 3256//4191 3248//4191 3257//4191
f 3257//4192 3248//4192 3249//4192
f 3257//4193 3249//4193 3258//4193
f 3258//4194 3249//4194 3250//4194
f 3258//4195 3250//4195 3259//4195
f 3259//4196 3250//4196 3251//4196
f 3259//4197 3251//4197 3260//4197
f 3260//4198 3251//4198 3252//4198
f 2313//4199 2310//4199 3261//4199
f 3261//4200 2310//4200 3253//4200
f 3261//4201 3253//4201 3262//4201
f 3262//4202 3253//4202 3254//4202
f 3262//4203 3254//4203 3263//4203
f 3263//4204 3254//4204 3255//4204
f 3263//4205 3255//4205 3264//4205
f 3264//4206 3255//4206 3256//4206
f 3264//4207 3256//4207 3265//4207
f 3265//4208 3256//4208 3257//4208
f 3265//4209 3257//4209 3266//4209
f 3266//4210 3257//4210 3258//4210
f 3266//4211 3258//4211 3267//4211
f 3267//4212 3258//4212 3259//4212
f 3267//4213 3259//4213 3268//4213
f 3268//4214 3259//4214 3260//4214
f 3268//4215 3269//4215 3267//4215
f 3267//4216 3269//4216 3270//4216
f 3267//4217 3270//4217 3266//4217
f 3266//4218 3270//4218 3271//4218
f 3266//4219 3271//4219 3265//4219
f 3265//4220 3271//4220 3272//4220
f 3265//4221 3272//4221 3264//4221
f 3264//4222 3272//4222 3273//4222
f 3264//4223 3273//4223 3263//4223
f 3263//4224 3273//4224 3274//4224
f 3263//4225 3274//4225 3262//4225
f 3262//4226 3274//4226 3275//4226
f 3262//4227 3275//4227 3261//4227
f 3261//4228 3275//4228 3276//4228
f 3261//4229 3276//4229 2313//4229
f 2307//4230 2299//4230 3276//4230
f 3276//4231 2299//4231 2298//4231
f 3276//4232 2298//4232 2313//4232
f 3277//4233 3278//4233 3279//4233
f 3279//4234 3278//4234 3280//4234
f 3279//4235 3280//4235 3281//4235
f 3281//4236 3280//4236 3282//4236
f 3281//4237 3282//4237 3283//4237
f 3283//4238 3282//4238 3284//4238
f 3283//4239 3284//4239 3285//4239
f 3285//4240 3284//4240 3286//4240
f 3285//4241 3286//4241 3287//4241
f 3287//4242 3286//4242 3288//4242
f 3287//4243 3288//4243 3289//4243
f 3289//4244 3288//4244 3290//4244
f 3289//4245 3290//4245 3291//4245
f 3291//4246 3290//4246 3292//4246
f 3278//4247 3293//4247 3280//4247
f 3280//4248 3293//4248 3294//4248
f 3280//4249 3294//4249 3282//4249
f 3282//4250 3294//4250 3295//4250
f 3282//4251 3295//4251 3284//4251
f 3284//4252 3295//4252 3296//4252
f 3284//4253 3296//4253 3286//4253
f 3286//4254 3296//4254 3297//4254
f 3286//4255 3297//4255 3288//4255
f 3288//4256 3297//4256 3298//4256
f 3288//4257 3298//4257 3290//4257
f 3290//4258 3298//4258 3299//4258
f 3290//4259 3299//4259 3292//4259
f 3292//4260 3299//4260 3300//4260
f 3269//4261 3277//4261 3270//4261
f 3270//4262 3277//4262 3279//4262
f 3270//4263 3279//4263 3271//4263
f 3271//4264 3279//4264 3281//4264
f 3271//4265 3281//4265 3272//4265
f 3272//4266 3281//4266 3283//4266
f 3272//4267 3283//4267 3273//4267
f 3273//4268 3283//4268 3285//4268
f 3273//4269 3285//4269 3274//4269
f 3274//4270 3285//4270 3287//4270
f 3274//4271 3287//4271 3275//4271
f 3275//4272 3287//4272 3289//4272
f 3275//4273 3289//4273 3276//4273
f 3276//4274 3289//4274 3291//4274
f 3276//4275 3291//4275 2307//4275
f 2307//4276 3291//4276 3292//4276
f 2307//4277 3292//4277 2306//4277
f 2306//4278 3292//4278 3300//4278
f 2306//4279 3300//4279 2301//4279
f 2301//4280 3300//4280 2302//4280
f 1893//4281 3244//4281 1884//4281
f 2304//4282 2302//4282 3301//4282
f 3301//4283 2302//4283 3300//4283
f 3301//4284 3300//4284 3302//4284
f 3302//4285 3300//4285 3299//4285
f 3302//4286 3299//4286 3303//4286
f 3303//4287 3299//4287 3298//4287
f 3303//4288 3298//4288 3304//4288
f 3304//4289 3298//4289 3297//4289
f 3304//4290 3297//4290 3305//4290
f 3305//4291 3297//4291 3296//4291
f 3305//4292 3296//4292 3306//4292
f 3306//4293 3296//4293 3295//4293
f 3306//4294 3295//4294 3307//4294
f 3307//4295 3295//4295 3294//4295
f 3307//4296 3294//4296 3244//4296
f 3244//4297 3294//4297 3293//4297
f 3244//4298 3293//4298 1884//4298
f 1884//4299 3293//4299 3278//4299
f 1884//4300 3278//4300 1885//4300
f 1885//4301 3278//4301 3277//4301
f 1885//4302 3277//4302 1883//4302
f 1883//4303 3277//4303 3269//4303
f 1883//4304 3269//4304 1881//4304
f 1881//4305 3269//4305 3268//4305
f 1881//4306 3268//4306 1879//4306
f 1879//4307 3268//4307 3260//4307
f 1879//4308 3260//4308 1878//4308
f 1878//4309 3260//4309 3252//4309
f 1878//4310 3252//4310 1875//4310
f 1875//4311 3252//4311 3238//4311
f 1875//4312 3238//4312 1874//4312
f 1254//4313 2304//4313 3308//4313
f 3308//4314 2304//4314 3301//4314
f 3308//4315 3301//4315 3309//4315
f 3309//4316 3301//4316 3302//4316
f 3309//4317 3302//4317 3310//4317
f 3310//4318 3302//4318 3303//4318
f 3310//4319 3303//4319 3311//4319
f 3311//4320 3303//4320 3304//4320
f 3311//4321 3304//4321 3312//4321
f 3312//4322 3304//4322 3305//4322
f 3312//4323 3305//4323 3313//4323
f 3313//4324 3305//4324 3306//4324
f 3313//4325 3306//4325 3314//4325
f 3314//4326 3306//4326 3307//4326
f 3314//4327 3307//4327 3315//4327
f 3315//4328 3307//4328 3244//4328
f 3315//4329 3244//4329 1891//4329
f 1891//4330 3244//4330 1892//4330
f 1894//4331 1179//4331 3316//4331
f 3316//4332 1179//4332 3317//4332
f 3316//4333 3317//4333 3318//4333
f 3318//4334 3317//4334 3319//4334
f 3318//4335 3319//4335 3320//4335
f 3320//4336 3319//4336 3321//4336
f 3320//4337 3321//4337 3322//4337
f 3322//4338 3321//4338 3323//4338
f 3322//4339 3323//4339 3324//4339
f 3324//4340 3323//4340 3325//4340
f 3324//4341 3325//4341 3326//4341
f 3326//4342 3325//4342 3327//4342
f 3326//4343 3327//4343 3328//4343
f 3328//4344 3327//4344 3329//4344
f 3328//4345 3329//4345 3330//4345
f 3330//4346 3329//4346 3331//4346
f 3330//4347 3331//4347 1287//4347
f 1287//4348 3331//4348 1235//4348
f 1895//4349 1894//4349 3332//4349
f 3332//4350 1894//4350 3316//4350
f 3332//4351 3316//4351 3333//4351
f 3333//4352 3316//4352 3318//4352
f 3333//4353 3318//4353 3334//4353
f 3334//4354 3318//4354 3320//4354
f 3334//4355 3320//4355 3335//4355
f 3335//4356 3320//4356 3322//4356
f 3335//4357 3322//4357 3336//4357
f 3336//4358 3322//4358 3324//4358
f 3336//4359 3324//4359 3337//4359
f 3337//4360 3324//4360 3326//4360
f 3337//4361 3326//4361 3338//4361
f 3338//4362 3326//4362 3328//4362
f 3338//4363 3328//4363 3339//4363
f 3339//4364 3328//4364 3330//4364
f 3339//4365 3330//4365 1288//4365
f 1288//4366 3330//4366 1287//4366
f 1288//4367 1273//4367 3339//4367
f 3339//4368 1273//4368 3340//4368
f 3339//4369 3340//4369 3338//4369
f 3338//4370 3340//4370 3341//4370
f 3338//4371 3341//4371 3337//4371
f 3337//4372 3341//4372 3342//4372
f 3337//4373 3342//4373 3336//4373
f 3336//4374 3342//4374 3343//4374
f 3336//4375 3343//4375 3335//4375
f 3335//4376 3343//4376 3344//4376
f 3335//4377 3344//4377 3334//4377
f 3334//4378 3344//4378 3345//4378
f 3334//4379 3345//4379 3333//4379
f 3333//4380 3345//4380 3346//4380
f 3333//4381 3346//4381 3332//4381
f 3332//4382 3346//4382 3347//4382
f 3332//4383 3347//4383 1895//4383
f 1899//4384 1898//4384 3347//4384
f 3347//4385 1898//4385 1897//4385
f 3347//4386 1897//4386 1895//4386
f 1272//4387 1270//4387 3348//4387
f 3348//4388 1270//4388 3349//4388
f 3348//4389 3349//4389 3350//4389
f 3350//4390 3349//4390 3351//4390
f 3350//4391 3351//4391 3352//4391
f 3352//4392 3351//4392 3353//4392
f 3352//4393 3353//4393 3354//4393
f 3354//4394 3353//4394 3355//4394
f 3354//4395 3355//4395 3356//4395
f 3356//4396 3355//4396 3357//4396
f 3356//4397 3357//4397 3358//4397
f 3358//4398 3357//4398 3359//4398
f 3358//4399 3359//4399 3360//4399
f 3360//4400 3359//4400 3361//4400
f 3360//4401 3361//4401 3362//4401
f 3362//4402 3361//4402 3363//4402
f 1273//4403 1272//4403 3340//4403
f 3340//4404 1272//4404 3348//4404
f 3340//4405 3348//4405 3341//4405
f 3341//4406 3348//4406 3350//4406
f 3341//4407 3350//4407 3342//4407
f 3342//4408 3350//4408 3352//4408
f 3342//4409 3352//4409 3343//4409
f 3343//4410 3352//4410 3354//4410
f 3343//4411 3354//4411 3344//4411
f 3344//4412 3354//4412 3356//4412
f 3344//4413 3356//4413 3345//4413
f 3345//4414 3356//4414 3358//4414
f 3345//4415 3358//4415 3346//4415
f 3346//4416 3358//4416 3360//4416
f 3346//4417 3360//4417 3347//4417
f 3347//4418 3360//4418 3362//4418
f 3347//4419 3362//4419 1899//4419
f 1899//4420 3362//4420 3363//4420
f 1899//4421 3363//4421 1887//4421
f 1887//4422 3363//4422 1888//4422
f 1890//4423 1888//4423 3364//4423
f 3364//4424 1888//4424 3363//4424
f 3364//4425 3363//4425 3365//4425
f 3365//4426 3363//4426 3361//4426
f 3365//4427 3361//4427 3366//4427
f 3366//4428 3361//4428 3359//4428
f 3366//4429 3359//4429 3367//4429
f 3367//4430 3359//4430 3357//4430
f 3367//4431 3357//4431 3368//4431
f 3368//4432 3357//4432 3355//4432
f 3368//4433 3355//4433 3369//4433
f 3369//4434 3355//4434 3353//4434
f 3369//4435 3353//4435 3370//4435
f 3370//4436 3353//4436 3351//4436
f 3370//4437 3351//4437 3371//4437
f 3371//4438 3351//4438 3349//4438
f 3371//4439 3349//4439 1269//4439
f 1269//4440 3349//4440 1270//4440
f 1891//4441 1890//4441 3315//4441
f 3315//4442 1890//4442 3364//4442
f 3315//4443 3364//4443 3314//4443
f 3314//4444 3364//4444 3365//4444
f 3314//4445 3365//4445 3313//4445
f 3313//4446 3365//4446 3366//4446
f 3313//4447 3366//4447 3312//4447
f 3312//4448 3366//4448 3367//4448
f 3312//4449 3367//4449 3311//4449
f 3311//4450 3367//4450 3368//4450
f 3311//4451 3368//4451 3310//4451
f 3310//4452 3368//4452 3369//4452
f 3310//4453 3369//4453 3309//4453
f 3309//4454 3369//4454 3370//4454
f 3309//4455 3370//4455 3308//4455
f 3308//4456 3370//4456 3371//4456
f 3308//4457 3371//4457 1254//4457
f 1254//4458 3371//4458 1269//4458
f 3372//395 1236//395 1235//395
f 3372//4459 1235//4459 3373//4459
f 3373//10 1235//10 3331//10
f 3373//398 3331//398 3374//398
f 3374//4460 3331//4460 3375//4460
f 3375//11 3331//11 3329//11
f 3375//4461 3329//4461 3376//4461
f 3376//4462 3329//4462 3327//4462
f 3376//4463 3327//4463 3377//4463
f 3377//402 3327//402 3378//402
f 3378//4464 3327//4464 3325//4464
f 3378//405 3325//405 3379//405
f 3379//404 3325//404 3380//404
f 3380//4465 3325//4465 3323//4465
f 3380//322 3323//322 3381//322
f 3381//407 3323//407 3382//407
f 3382//4466 3323//4466 3321//4466
f 3382//410 3321//410 3383//410
f 3383//409 3321//409 3384//409
f 3384//4467 3321//4467 3319//4467
f 3384//137 3319//137 3385//137
f 3385//412 3319//412 3386//412
f 3386//4468 3319//4468 3317//4468
f 3386//417 3317//417 3387//417
f 3387//4469 3317//4469 3388//4469
f 3388//4470 3317//4470 1179//4470
f 3388//414 1179//414 1186//414
f 1367//4471 1365//4471 3389//4471
f 1363//4472 1360//4472 3390//4472
f 1354//4473 1355//4473 3391//4473
f 1356//4474 1353//4474 3392//4474
f 1352//4475 1349//4475 3393//4475
f 1351//4476 1348//4476 3394//4476
f 1342//4477 1343//4477 3395//4477
f 1338//4478 1337//4478 3396//4478
f 1335//4479 1332//4479 3397//4479
f 1326//4480 1327//4480 3398//4480
f 1328//4481 1325//4481 3399//4481
f 1324//4482 1321//4482 3400//4482
f 1323//4483 1320//4483 3401//4483
f 1314//4484 1315//4484 3402//4484
f 1186//4485 1203//4485 3388//4485
f 3388//4485 1203//4485 3403//4485
f 3388//4486 3403//4486 3387//4486
f 3387//4487 3403//4487 3404//4487
f 3405//4488 3385//4488 3404//4488
f 3404//4489 3385//4489 3386//4489
f 3404//4490 3386//4490 3387//4490
f 1135//4491 1145//4491 3406//4491
f 3406//4491 1145//4491 3407//4491
f 3406//4492 3407//4492 3408//4492
f 3408//4492 3407//4492 3409//4492
f 3408//4493 3409//4493 3410//4493
f 3410//4493 3409//4493 3411//4493
f 3412//4494 3383//4494 3405//4494
f 3405//4495 3383//4495 3384//4495
f 3405//4496 3384//4496 3385//4496
f 3411//4497 3413//4497 1232//4497
f 1232//4498 3413//4498 1368//4498
f 3411//4499 1232//4499 3410//4499
f 3410//4500 1232//4500 1231//4500
f 3410//4501 1231//4501 3414//4501
f 3415//4502 3381//4502 3412//4502
f 3412//4503 3381//4503 3382//4503
f 3412//4504 3382//4504 3383//4504
f 3416//4505 3379//4505 3415//4505
f 3415//4506 3379//4506 3380//4506
f 3415//4507 3380//4507 3381//4507
f 3417//4508 3377//4508 3416//4508
f 3416//4509 3377//4509 3378//4509
f 3416//4510 3378//4510 3379//4510
f 3418//4511 3375//4511 3417//4511
f 3417//4512 3375//4512 3376//4512
f 3417//4513 3376//4513 3377//4513
f 3419//4514 3373//4514 3418//4514
f 3418//4515 3373//4515 3374//4515
f 3418//4516 3374//4516 3375//4516
f 1203//4517 1205//4517 3403//4517
f 3403//4517 1205//4517 3420//4517
f 3403//4518 3420//4518 3404//4518
f 3404//4518 3420//4518 3421//4518
f 3404//4519 3421//4519 3405//4519
f 3405//4519 3421//4519 3422//4519
f 3405//4520 3422//4520 3412//4520
f 3412//4520 3422//4520 3423//4520
f 3412//4521 3423//4521 3415//4521
f 3415//4521 3423//4521 3424//4521
f 3415//4522 3424//4522 3416//4522
f 3416//4523 3424//4523 3425//4523
f 3416//4524 3425//4524 3417//4524
f 3417//4524 3425//4524 3426//4524
f 3417//4525 3426//4525 3418//4525
f 3418//4525 3426//4525 3427//4525
f 3418//4526 3427//4526 3419//4526
f 3419//4527 3427//4527 3402//4527
f 1159//4528 1157//4528 3428//4528
f 3428//4528 1157//4528 3429//4528
f 3428//4529 3429//4529 3430//4529
f 3430//4529 3429//4529 3431//4529
f 3430//4530 3431//4530 3432//4530
f 3432//4530 3431//4530 3433//4530
f 3432//4531 3433//4531 3434//4531
f 3434//4531 3433//4531 3435//4531
f 3434//4532 3435//4532 3436//4532
f 3436//4532 3435//4532 3437//4532
f 3436//4533 3437//4533 3438//4533
f 3438//4533 3437//4533 3439//4533
f 3438//4534 3439//4534 3440//4534
f 3440//4534 3439//4534 3441//4534
f 3440//4535 3441//4535 3442//4535
f 3442//4535 3441//4535 3443//4535
f 3442//4536 3443//4536 3444//4536
f 3444//4537 3443//4537 3401//4537
f 1208//4538 1207//4538 3445//4538
f 3445//4538 1207//4538 3446//4538
f 3445//4539 3446//4539 3447//4539
f 3447//4539 3446//4539 3448//4539
f 3447//4540 3448//4540 3449//4540
f 3449//4540 3448//4540 3450//4540
f 3449//4541 3450//4541 3451//4541
f 3451//4541 3450//4541 3452//4541
f 3451//4542 3452//4542 3453//4542
f 3453//4542 3452//4542 3454//4542
f 3453//4543 3454//4543 3455//4543
f 3455//4544 3454//4544 3456//4544
f 3455//4545 3456//4545 3457//4545
f 3457//4545 3456//4545 3458//4545
f 3457//4546 3458//4546 3459//4546
f 3459//4546 3458//4546 3460//4546
f 3459//4547 3460//4547 3461//4547
f 3461//4548 3460//4548 3397//4548
f 1164//4549 1162//4549 3462//4549
f 3462//4549 1162//4549 3463//4549
f 3462//4550 3463//4550 3464//4550
f 3464//4550 3463//4550 3465//4550
f 3464//4551 3465//4551 3466//4551
f 3466//4551 3465//4551 3467//4551
f 3466//4552 3467//4552 3468//4552
f 3468//4552 3467//4552 3469//4552
f 3468//4553 3469//4553 3470//4553
f 3470//4553 3469//4553 3471//4553
f 3470//4554 3471//4554 3472//4554
f 3472//4554 3471//4554 3473//4554
f 3472//4555 3473//4555 3474//4555
f 3474//4555 3473//4555 3475//4555
f 3474//4556 3475//4556 3476//4556
f 3476//4556 3475//4556 3477//4556
f 3476//4557 3477//4557 3478//4557
f 3478//4558 3477//4558 3396//4558
f 1147//4559 1216//4559 3479//4559
f 3479//4559 1216//4559 3480//4559
f 3479//4560 3480//4560 3481//4560
f 3481//4560 3480//4560 3482//4560
f 3481//4561 3482//4561 3483//4561
f 3483//4561 3482//4561 3484//4561
f 3483//4562 3484//4562 3485//4562
f 3485//4562 3484//4562 3486//4562
f 3485//4563 3486//4563 3487//4563
f 3487//4563 3486//4563 3488//4563
f 3487//4564 3488//4564 3489//4564
f 3489//4564 3488//4564 3490//4564
f 3489//4565 3490//4565 3491//4565
f 3491//4565 3490//4565 3492//4565
f 3491//4566 3492//4566 3493//4566
f 3493//4566 3492//4566 3494//4566
f 3493//4567 3494//4567 3495//4567
f 3495//4568 3494//4568 3395//4568
f 1213//4569 1221//4569 3496//4569
f 3496//4569 1221//4569 3497//4569
f 3496//4570 3497//4570 3498//4570
f 3498//4570 3497//4570 3499//4570
f 3498//4571 3499//4571 3500//4571
f 3500//4571 3499//4571 3501//4571
f 3500//4572 3501//4572 3502//4572
f 3502//4572 3501//4572 3503//4572
f 3502//4573 3503//4573 3504//4573
f 3504//4573 3503//4573 3505//4573
f 3504//4574 3505//4574 3506//4574
f 3506//4574 3505//4574 3507//4574
f 3506//4575 3507//4575 3508//4575
f 3508//4575 3507//4575 3509//4575
f 3508//4576 3509//4576 3510//4576
f 3510//4576 3509//4576 3511//4576
f 3510//4577 3511//4577 3512//4577
f 3512//4578 3511//4578 3394//4578
f 1231//4579 1368//4579 3414//4579
f 3414//4580 1368//4580 3413//4580
f 3414//4581 3413//4581 3513//4581
f 3513//4581 3413//4581 3514//4581
f 3513//4582 3514//4582 3515//4582
f 3515//4582 3514//4582 3516//4582
f 3515//4583 3516//4583 3517//4583
f 3517//4583 3516//4583 3518//4583
f 3517//4584 3518//4584 3519//4584
f 3519//4584 3518//4584 3520//4584
f 3519//4585 3520//4585 3521//4585
f 3521//4586 3520//4586 3390//4586
f 1142//4587 1155//4587 3522//4587
f 3522//4587 1155//4587 3523//4587
f 3522//4588 3523//4588 3524//4588
f 3524//4588 3523//4588 3525//4588
f 3524//4589 3525//4589 3526//4589
f 3526//4589 3525//4589 3527//4589
f 3526//4590 3527//4590 3528//4590
f 3528//4590 3527//4590 3529//4590
f 3528//4591 3529//4591 3530//4591
f 3530//4591 3529//4591 3531//4591
f 3530//4592 3531//4592 3532//4592
f 3532//4592 3531//4592 3533//4592
f 3532//4593 3533//4593 3534//4593
f 3534//4594 3533//4594 3535//4594
f 3534//4595 3535//4595 3536//4595
f 3536//4595 3535//4595 3537//4595
f 3536//4596 3537//4596 3538//4596
f 3538//4596 3537//4596 3389//4596
f 1313//4597 1236//4597 3419//4597
f 3419//4597 1236//4597 3372//4597
f 3419//4598 3372//4598 3373//4598
f 3402//4599 1315//4599 3419//4599
f 3419//4600 1315//4600 1316//4600
f 3419//4601 1316//4601 1313//4601
f 1317//4602 1314//4602 3539//4602
f 3539//4603 1314//4603 3402//4603
f 3539//4604 3402//4604 3540//4604
f 3540//4604 3402//4604 3427//4604
f 3540//4605 3427//4605 3541//4605
f 3541//4605 3427//4605 3426//4605
f 3541//4606 3426//4606 3542//4606
f 3542//4606 3426//4606 3425//4606
f 3542//4607 3425//4607 3543//4607
f 3543//4607 3425//4607 3424//4607
f 3543//4608 3424//4608 3544//4608
f 3544//4609 3424//4609 3423//4609
f 3544//4610 3423//4610 3545//4610
f 3545//4610 3423//4610 3422//4610
f 3545//4611 3422//4611 3546//4611
f 3546//4611 3422//4611 3421//4611
f 3546//4612 3421//4612 3547//4612
f 3547//4612 3421//4612 3420//4612
f 3547//4613 3420//4613 1206//4613
f 1206//4613 3420//4613 1205//4613
f 1206//4614 1159//4614 3547//4614
f 3547//4614 1159//4614 3428//4614
f 3547//4615 3428//4615 3546//4615
f 3546//4615 3428//4615 3430//4615
f 3546//4616 3430//4616 3545//4616
f 3545//4616 3430//4616 3432//4616
f 3545//4617 3432//4617 3544//4617
f 3544//4617 3432//4617 3434//4617
f 3544//4618 3434//4618 3543//4618
f 3543//4618 3434//4618 3436//4618
f 3543//4619 3436//4619 3542//4619
f 3542//4619 3436//4619 3438//4619
f 3542//4620 3438//4620 3541//4620
f 3541//4620 3438//4620 3440//4620
f 3541//4621 3440//4621 3540//4621
f 3540//4621 3440//4621 3442//4621
f 3540//4622 3442//4622 3539//4622
f 3539//4622 3442//4622 3444//4622
f 3539//4623 3444//4623 1317//4623
f 1317//4623 3444//4623 1318//4623
f 3401//4624 1320//4624 3444//4624
f 3444//4625 1320//4625 1319//4625
f 3444//4626 1319//4626 1318//4626
f 1322//4627 1323//4627 3548//4627
f 3548//4628 1323//4628 3401//4628
f 3548//4629 3401//4629 3549//4629
f 3549//4629 3401//4629 3443//4629
f 3549//4630 3443//4630 3550//4630
f 3550//4630 3443//4630 3441//4630
f 3550//4631 3441//4631 3551//4631
f 3551//4631 3441//4631 3439//4631
f 3551//4632 3439//4632 3552//4632
f 3552//4633 3439//4633 3437//4633
f 3552//4634 3437//4634 3553//4634
f 3553//4634 3437//4634 3435//4634
f 3553//4635 3435//4635 3554//4635
f 3554//4635 3435//4635 3433//4635
f 3554//4636 3433//4636 3555//4636
f 3555//4636 3433//4636 3431//4636
f 3555//4637 3431//4637 3556//4637
f 3556//4637 3431//4637 3429//4637
f 3556//4638 3429//4638 1193//4638
f 1193//4638 3429//4638 1157//4638
f 1193//4639 1192//4639 3556//4639
f 3556//4639 1192//4639 3557//4639
f 3556//4640 3557//4640 3555//4640
f 3555//4640 3557//4640 3558//4640
f 3555//4641 3558//4641 3554//4641
f 3554//4641 3558//4641 3559//4641
f 3554//4642 3559//4642 3553//4642
f 3553//4642 3559//4642 3560//4642
f 3553//4643 3560//4643 3552//4643
f 3552//4644 3560//4644 3561//4644
f 3552//4645 3561//4645 3551//4645
f 3551//4645 3561//4645 3562//4645
f 3551//4646 3562//4646 3550//4646
f 3550//4646 3562//4646 3563//4646
f 3550//4647 3563//4647 3549//4647
f 3549//4647 3563//4647 3564//4647
f 3549//4648 3564//4648 3548//4648
f 3548//4648 3564//4648 3400//4648
f 3548//4649 3400//4649 1322//4649
f 1322//4649 3400//4649 1321//4649
f 1325//4650 1324//4650 3399//4650
f 3399//4651 1324//4651 3400//4651
f 3399//4652 3400//4652 3565//4652
f 3565//4653 3400//4653 3564//4653
f 3565//4654 3564//4654 3566//4654
f 3566//4655 3564//4655 3563//4655
f 3566//4656 3563//4656 3567//4656
f 3567//4657 3563//4657 3562//4657
f 3567//4658 3562//4658 3568//4658
f 3568//4658 3562//4658 3561//4658
f 3568//4659 3561//4659 3569//4659
f 3569//4659 3561//4659 3560//4659
f 3569//4660 3560//4660 3570//4660
f 3570//4661 3560//4661 3559//4661
f 3570//4662 3559//4662 3571//4662
f 3571//4663 3559//4663 3558//4663
f 3571//4664 3558//4664 3572//4664
f 3572//4665 3558//4665 3557//4665
f 3572//4666 3557//4666 1190//4666
f 1190//4666 3557//4666 1192//4666
f 1327//4667 1328//4667 3398//4667
f 3398//4668 1328//4668 3399//4668
f 3398//4669 3399//4669 3573//4669
f 3573//4670 3399//4670 3565//4670
f 3573//4671 3565//4671 3574//4671
f 3574//4671 3565//4671 3566//4671
f 3574//4672 3566//4672 3575//4672
f 3575//4672 3566//4672 3567//4672
f 3575//4673 3567//4673 3576//4673
f 3576//4673 3567//4673 3568//4673
f 3576//4674 3568//4674 3577//4674
f 3577//4674 3568//4674 3569//4674
f 3577//4675 3569//4675 3578//4675
f 3578//4675 3569//4675 3570//4675
f 3578//4676 3570//4676 3579//4676
f 3579//4676 3570//4676 3571//4676
f 3579//4677 3571//4677 3580//4677
f 3580//4677 3571//4677 3572//4677
f 3580//4678 3572//4678 1211//4678
f 1211//4678 3572//4678 1190//4678
f 1329//4679 1326//4679 3581//4679
f 3581//4680 1326//4680 3398//4680
f 3581//4681 3398//4681 3582//4681
f 3582//4681 3398//4681 3573//4681
f 3582//4682 3573//4682 3583//4682
f 3583//4682 3573//4682 3574//4682
f 3583//4683 3574//4683 3584//4683
f 3584//4683 3574//4683 3575//4683
f 3584//4684 3575//4684 3585//4684
f 3585//4684 3575//4684 3576//4684
f 3585//4685 3576//4685 3586//4685
f 3586//4686 3576//4686 3577//4686
f 3586//4687 3577//4687 3587//4687
f 3587//4688 3577//4688 3578//4688
f 3587//4689 3578//4689 3588//4689
f 3588//4689 3578//4689 3579//4689
f 3588//4690 3579//4690 3589//4690
f 3589//4690 3579//4690 3580//4690
f 3589//4691 3580//4691 1210//4691
f 1210//4691 3580//4691 1211//4691
f 1210//4692 1208//4692 3589//4692
f 3589//4692 1208//4692 3445//4692
f 3589//4693 3445//4693 3588//4693
f 3588//4693 3445//4693 3447//4693
f 3588//4694 3447//4694 3587//4694
f 3587//4694 3447//4694 3449//4694
f 3587//4695 3449//4695 3586//4695
f 3586//4695 3449//4695 3451//4695
f 3586//4696 3451//4696 3585//4696
f 3585//4697 3451//4697 3453//4697
f 3585//4698 3453//4698 3584//4698
f 3584//4699 3453//4699 3455//4699
f 3584//4700 3455//4700 3583//4700
f 3583//4700 3455//4700 3457//4700
f 3583//4701 3457//4701 3582//4701
f 3582//4701 3457//4701 3459//4701
f 3582//4702 3459//4702 3581//4702
f 3581//4703 3459//4703 3461//4703
f 3581//4704 3461//4704 1329//4704
f 1329//4704 3461//4704 1330//4704
f 3397//4705 1332//4705 3461//4705
f 3461//4706 1332//4706 1331//4706
f 3461//4707 1331//4707 1330//4707
f 1334//4708 1335//4708 3590//4708
f 3590//4709 1335//4709 3397//4709
f 3590//4710 3397//4710 3591//4710
f 3591//4710 3397//4710 3460//4710
f 3591//4711 3460//4711 3592//4711
f 3592//4711 3460//4711 3458//4711
f 3592//4712 3458//4712 3593//4712
f 3593//4712 3458//4712 3456//4712
f 3593//4713 3456//4713 3594//4713
f 3594//4713 3456//4713 3454//4713
f 3594//4714 3454//4714 3595//4714
f 3595//4714 3454//4714 3452//4714
f 3595//4715 3452//4715 3596//4715
f 3596//4715 3452//4715 3450//4715
f 3596//4716 3450//4716 3597//4716
f 3597//4716 3450//4716 3448//4716
f 3597//4717 3448//4717 3598//4717
f 3598//4717 3448//4717 3446//4717
f 3598//4718 3446//4718 1166//4718
f 1166//4719 3446//4719 1207//4719
f 1166//4720 1164//4720 3598//4720
f 3598//4720 1164//4720 3462//4720
f 3598//4721 3462//4721 3597//4721
f 3597//4721 3462//4721 3464//4721
f 3597//4722 3464//4722 3596//4722
f 3596//4722 3464//4722 3466//4722
f 3596//4723 3466//4723 3595//4723
f 3595//4723 3466//4723 3468//4723
f 3595//4724 3468//4724 3594//4724
f 3594//4724 3468//4724 3470//4724
f 3594//4725 3470//4725 3593//4725
f 3593//4725 3470//4725 3472//4725
f 3593//4726 3472//4726 3592//4726
f 3592//4726 3472//4726 3474//4726
f 3592//4727 3474//4727 3591//4727
f 3591//4727 3474//4727 3476//4727
f 3591//4728 3476//4728 3590//4728
f 3590//4728 3476//4728 3478//4728
f 3590//4729 3478//4729 1334//4729
f 1334//4729 3478//4729 1333//4729
f 3396//4730 1337//4730 3478//4730
f 3478//4731 1337//4731 1336//4731
f 3478//4732 1336//4732 1333//4732
f 1339//4733 1338//4733 3599//4733
f 3599//4734 1338//4734 3396//4734
f 3599//4735 3396//4735 3600//4735
f 3600//4736 3396//4736 3477//4736
f 3600//4737 3477//4737 3601//4737
f 3601//4737 3477//4737 3475//4737
f 3601//4738 3475//4738 3602//4738
f 3602//4738 3475//4738 3473//4738
f 3602//4739 3473//4739 3603//4739
f 3603//4740 3473//4740 3471//4740
f 3603//4741 3471//4741 3604//4741
f 3604//4741 3471//4741 3469//4741
f 3604//4742 3469//4742 3605//4742
f 3605//4742 3469//4742 3467//4742
f 3605//4743 3467//4743 3606//4743
f 3606//4743 3467//4743 3465//4743
f 3606//4744 3465//4744 3607//4744
f 3607//4745 3465//4745 3463//4745
f 3607//4746 3463//4746 1161//4746
f 1161//4746 3463//4746 1162//4746
f 1161//4747 1149//4747 3607//4747
f 3607//4747 1149//4747 3608//4747
f 3607//4748 3608//4748 3606//4748
f 3606//4748 3608//4748 3609//4748
f 3606//4749 3609//4749 3605//4749
f 3605//4749 3609//4749 3610//4749
f 3605//4750 3610//4750 3604//4750
f 3604//4750 3610//4750 3611//4750
f 3604//4751 3611//4751 3603//4751
f 3603//4751 3611//4751 3612//4751
f 3603//4752 3612//4752 3602//4752
f 3602//4752 3612//4752 3613//4752
f 3602//4753 3613//4753 3601//4753
f 3601//4753 3613//4753 3614//4753
f 3601//4754 3614//4754 3600//4754
f 3600//4754 3614//4754 3615//4754
f 3600//4755 3615//4755 3599//4755
f 3599//4756 3615//4756 3616//4756
f 3599//4757 3616//4757 1339//4757
f 1339//4758 3616//4758 1340//4758
f 1149//4759 1147//4759 3608//4759
f 3608//4759 1147//4759 3479//4759
f 3608//4760 3479//4760 3609//4760
f 3609//4760 3479//4760 3481//4760
f 3609//4761 3481//4761 3610//4761
f 3610//4761 3481//4761 3483//4761
f 3610//4762 3483//4762 3611//4762
f 3611//4762 3483//4762 3485//4762
f 3611//4763 3485//4763 3612//4763
f 3612//4763 3485//4763 3487//4763
f 3612//4764 3487//4764 3613//4764
f 3613//4764 3487//4764 3489//4764
f 3613//4765 3489//4765 3614//4765
f 3614//4765 3489//4765 3491//4765
f 3614//4766 3491//4766 3615//4766
f 3615//4766 3491//4766 3493//4766
f 3615//4767 3493//4767 3616//4767
f 3616//4768 3493//4768 3495//4768
f 3616//4769 3495//4769 1340//4769
f 1340//4770 3495//4770 1341//4770
f 3395//4771 1343//4771 3495//4771
f 3495//4772 1343//4772 1344//4772
f 3495//4773 1344//4773 1341//4773
f 1345//4774 1342//4774 3617//4774
f 3617//4775 1342//4775 3395//4775
f 3617//4776 3395//4776 3618//4776
f 3618//4777 3395//4777 3494//4777
f 3618//4778 3494//4778 3619//4778
f 3619//4778 3494//4778 3492//4778
f 3619//4779 3492//4779 3620//4779
f 3620//4779 3492//4779 3490//4779
f 3620//4780 3490//4780 3621//4780
f 3621//4780 3490//4780 3488//4780
f 3621//4781 3488//4781 3622//4781
f 3622//4781 3488//4781 3486//4781
f 3622//4782 3486//4782 3623//4782
f 3623//4782 3486//4782 3484//4782
f 3623//4783 3484//4783 3624//4783
f 3624//4783 3484//4783 3482//4783
f 3624//4784 3482//4784 3625//4784
f 3625//4784 3482//4784 3480//4784
f 3625//4785 3480//4785 1215//4785
f 1215//4785 3480//4785 1216//4785
f 1215//4786 1213//4786 3625//4786
f 3625//4786 1213//4786 3496//4786
f 3625//4787 3496//4787 3624//4787
f 3624//4787 3496//4787 3498//4787
f 3624//4788 3498//4788 3623//4788
f 3623//4788 3498//4788 3500//4788
f 3623//4789 3500//4789 3622//4789
f 3622//4790 3500//4790 3502//4790
f 3622//4791 3502//4791 3621//4791
f 3621//4791 3502//4791 3504//4791
f 3621//4792 3504//4792 3620//4792
f 3620//4792 3504//4792 3506//4792
f 3620//4793 3506//4793 3619//4793
f 3619//4793 3506//4793 3508//4793
f 3619//4794 3508//4794 3618//4794
f 3618//4795 3508//4795 3510//4795
f 3618//4796 3510//4796 3617//4796
f 3617//4797 3510//4797 3512//4797
f 3617//4798 3512//4798 1345//4798
f 1345//4799 3512//4799 1346//4799
f 3394//4800 1348//4800 3512//4800
f 3512//4801 1348//4801 1347//4801
f 3512//4802 1347//4802 1346//4802
f 1350//4803 1351//4803 3626//4803
f 3626//4804 1351//4804 3394//4804
f 3626//4805 3394//4805 3627//4805
f 3627//4805 3394//4805 3511//4805
f 3627//4806 3511//4806 3628//4806
f 3628//4806 3511//4806 3509//4806
f 3628//4807 3509//4807 3629//4807
f 3629//4807 3509//4807 3507//4807
f 3629//4808 3507//4808 3630//4808
f 3630//4808 3507//4808 3505//4808
f 3630//4809 3505//4809 3631//4809
f 3631//4809 3505//4809 3503//4809
f 3631//4810 3503//4810 3632//4810
f 3632//4810 3503//4810 3501//4810
f 3632//4811 3501//4811 3633//4811
f 3633//4811 3501//4811 3499//4811
f 3633//4812 3499//4812 3634//4812
f 3634//4812 3499//4812 3497//4812
f 3634//4813 3497//4813 1220//4813
f 1220//4813 3497//4813 1221//4813
f 1220//4814 1218//4814 3634//4814
f 3634//4814 1218//4814 3635//4814
f 3634//4815 3635//4815 3633//4815
f 3633//4815 3635//4815 3636//4815
f 3633//4816 3636//4816 3632//4816
f 3632//4816 3636//4816 3637//4816
f 3632//4817 3637//4817 3631//4817
f 3631//4817 3637//4817 3638//4817
f 3631//4818 3638//4818 3630//4818
f 3630//4819 3638//4819 3639//4819
f 3630//4820 3639//4820 3629//4820
f 3629//4820 3639//4820 3640//4820
f 3629//4821 3640//4821 3628//4821
f 3628//4821 3640//4821 3641//4821
f 3628//4822 3641//4822 3627//4822
f 3627//4822 3641//4822 3642//4822
f 3627//4823 3642//4823 3626//4823
f 3626//4824 3642//4824 3393//4824
f 3626//4825 3393//4825 1350//4825
f 1350//4825 3393//4825 1349//4825
f 1353//4826 1352//4826 3392//4826
f 3392//4827 1352//4827 3393//4827
f 3392//4828 3393//4828 3643//4828
f 3643//4828 3393//4828 3642//4828
f 3643//4829 3642//4829 3644//4829
f 3644//4829 3642//4829 3641//4829
f 3644//4830 3641//4830 3645//4830
f 3645//4830 3641//4830 3640//4830
f 3645//4831 3640//4831 3646//4831
f 3646//4831 3640//4831 3639//4831
f 3646//4832 3639//4832 3647//4832
f 3647//4832 3639//4832 3638//4832
f 3647//4833 3638//4833 3648//4833
f 3648//4833 3638//4833 3637//4833
f 3648//4834 3637//4834 3649//4834
f 3649//4834 3637//4834 3636//4834
f 3649//4835 3636//4835 3650//4835
f 3650//4835 3636//4835 3635//4835
f 3650//4836 3635//4836 1217//4836
f 1217//4836 3635//4836 1218//4836
f 1355//4837 1356//4837 3391//4837
f 3391//4838 1356//4838 3392//4838
f 3391//4839 3392//4839 3651//4839
f 3651//4840 3392//4840 3643//4840
f 3651//4841 3643//4841 3652//4841
f 3652//4841 3643//4841 3644//4841
f 3652//4842 3644//4842 3653//4842
f 3653//4842 3644//4842 3645//4842
f 3653//4843 3645//4843 3654//4843
f 3654//4843 3645//4843 3646//4843
f 3654//4844 3646//4844 3655//4844
f 3655//4844 3646//4844 3647//4844
f 3655//4845 3647//4845 3656//4845
f 3656//4845 3647//4845 3648//4845
f 3656//4846 3648//4846 3657//4846
f 3657//4846 3648//4846 3649//4846
f 3657//4847 3649//4847 3658//4847
f 3658//4847 3649//4847 3650//4847
f 3658//4848 3650//4848 1139//4848
f 1139//4848 3650//4848 1217//4848
f 1357//4849 1354//4849 3659//4849
f 3659//4850 1354//4850 3391//4850
f 3659//4851 3391//4851 3660//4851
f 3660//4851 3391//4851 3651//4851
f 3660//4852 3651//4852 3661//4852
f 3661//4852 3651//4852 3652//4852
f 3661//4853 3652//4853 3662//4853
f 3662//4853 3652//4853 3653//4853
f 3662//4854 3653//4854 3663//4854
f 3663//4855 3653//4855 3654//4855
f 3663//4856 3654//4856 3664//4856
f 3664//4856 3654//4856 3655//4856
f 3664//4857 3655//4857 3665//4857
f 3665//4857 3655//4857 3656//4857
f 3665//4858 3656//4858 3666//4858
f 3666//4859 3656//4859 3657//4859
f 3666//4860 3657//4860 3667//4860
f 3667//4860 3657//4860 3658//4860
f 3667//4861 3658//4861 1137//4861
f 1137//4861 3658//4861 1139//4861
f 1137//4862 1135//4862 3667//4862
f 3667//4862 1135//4862 3406//4862
f 3667//4863 3406//4863 3666//4863
f 3666//4863 3406//4863 3408//4863
f 3666//4864 3408//4864 3665//4864
f 3665//4864 3408//4864 3410//4864
f 3665//4865 3410//4865 3664//4865
f 3664//4865 3410//4865 3414//4865
f 3664//4866 3414//4866 3663//4866
f 3663//4866 3414//4866 3513//4866
f 3663//4867 3513//4867 3662//4867
f 3662//4867 3513//4867 3515//4867
f 3662//4868 3515//4868 3661//4868
f 3661//4868 3515//4868 3517//4868
f 3661//4869 3517//4869 3660//4869
f 3660//4869 3517//4869 3519//4869
f 3660//4870 3519//4870 3659//4870
f 3659//4871 3519//4871 3521//4871
f 3659//4872 3521//4872 1357//4872
f 1357//4872 3521//4872 1358//4872
f 3390//4873 1360//4873 3521//4873
f 3521//4874 1360//4874 1359//4874
f 3521//4875 1359//4875 1358//4875
f 1362//4876 1363//4876 3668//4876
f 3668//4877 1363//4877 3390//4877
f 3668//4878 3390//4878 3669//4878
f 3669//4878 3390//4878 3520//4878
f 3669//4879 3520//4879 3670//4879
f 3670//4879 3520//4879 3518//4879
f 3670//4880 3518//4880 3671//4880
f 3671//4880 3518//4880 3516//4880
f 3671//4881 3516//4881 3672//4881
f 3672//4881 3516//4881 3514//4881
f 3672//4882 3514//4882 3673//4882
f 3673//4882 3514//4882 3413//4882
f 3673//4883 3413//4883 3674//4883
f 3674//4883 3413//4883 3411//4883
f 3674//4884 3411//4884 3675//4884
f 3675//4884 3411//4884 3409//4884
f 3675//4885 3409//4885 3676//4885
f 3676//4885 3409//4885 3407//4885
f 3676//4886 3407//4886 1144//4886
f 1144//4886 3407//4886 1145//4886
f 1144//4887 1142//4887 3676//4887
f 3676//4887 1142//4887 3522//4887
f 3676//4888 3522//4888 3675//4888
f 3675//4888 3522//4888 3524//4888
f 3675//4889 3524//4889 3674//4889
f 3674//4889 3524//4889 3526//4889
f 3674//4890 3526//4890 3673//4890
f 3673//4890 3526//4890 3528//4890
f 3673//4891 3528//4891 3672//4891
f 3672//4891 3528//4891 3530//4891
f 3672//4892 3530//4892 3671//4892
f 3671//4892 3530//4892 3532//4892
f 3671//4893 3532//4893 3670//4893
f 3670//4894 3532//4894 3534//4894
f 3670//4895 3534//4895 3669//4895
f 3669//4895 3534//4895 3536//4895
f 3669//4896 3536//4896 3668//4896
f 3668//4896 3536//4896 3538//4896
f 3668//4897 3538//4897 1362//4897
f 1362//4897 3538//4897 1361//4897
f 3389//4898 1365//4898 3538//4898
f 3538//4899 1365//4899 1364//4899
f 3538//4900 1364//4900 1361//4900
f 1366//4901 1367//4901 3677//4901
f 3677//4902 1367//4902 3389//4902
f 3677//4903 3389//4903 3678//4903
f 3678//4903 3389//4903 3537//4903
f 3678//4904 3537//4904 3679//4904
f 3679//4904 3537//4904 3535//4904
f 3679//4905 3535//4905 3680//4905
f 3680//4905 3535//4905 3533//4905
f 3680//4906 3533//4906 3681//4906
f 3681//4906 3533//4906 3531//4906
f 3681//4907 3531//4907 3682//4907
f 3682//4907 3531//4907 3529//4907
f 3682//4908 3529//4908 3683//4908
f 3683//4908 3529//4908 3527//4908
f 3683//4909 3527//4909 3684//4909
f 3684//4909 3527//4909 3525//4909
f 3684//4910 3525//4910 3685//4910
f 3685//4910 3525//4910 3523//4910
f 3685//4911 3523//4911 1154//4911
f 1154//4911 3523//4911 1155//4911
f 1154//4912 1152//4912 3685//4912
f 3685//4912 1152//4912 3686//4912
f 3685//4913 3686//4913 3684//4913
f 3684//4913 3686//4913 3687//4913
f 3684//4914 3687//4914 3683//4914
f 3683//4914 3687//4914 3688//4914
f 3683//4915 3688//4915 3682//4915
f 3682//4915 3688//4915 3689//4915
f 3682//4916 3689//4916 3681//4916
f 3681//4917 3689//4917 3690//4917
f 3681//4918 3690//4918 3680//4918
f 3680//4918 3690//4918 3691//4918
f 3680//4919 3691//4919 3679//4919
f 3679//4919 3691//4919 3692//4919
f 3679//4920 3692//4920 3678//4920
f 3678//4921 3692//4921 3693//4921
f 3678//4922 3693//4922 3677//4922
f 3677//4923 3693//4923 3694//4923
f 3677//4924 3694//4924 1366//4924
f 1366//4924 3694//4924 388//4924
f 291//4925 379//4925 3695//4925
f 3695//4925 379//4925 3696//4925
f 3697//4926 3698//4926 3699//4926
f 3699//4927 3700//4927 3697//4927
f 3697//4928 3700//4928 3701//4928
f 3697//4929 3701//4929 3696//4929
f 3696//4930 3701//4930 3702//4930
f 3696//4931 3702//4931 3695//4931
f 3703//4932 3704//4932 3705//4932
f 3705//4933 3704//4933 3706//4933
f 3705//4934 3706//4934 3698//4934
f 3698//4935 3706//4935 3707//4935
f 3698//4936 3707//4936 3699//4936
f 3708//4937 3709//4937 3703//4937
f 3703//4938 3709//4938 3710//4938
f 3703//4939 3710//4939 3704//4939
f 3711//4940 3712//4940 3708//4940
f 3708//4941 3712//4941 3713//4941
f 3708//4942 3713//4942 3709//4942
f 3714//4943 3715//4943 3711//4943
f 3711//4944 3715//4944 3716//4944
f 3711//4945 3716//4945 3712//4945
f 3717//4946 3718//4946 3714//4946
f 3714//4947 3718//4947 3719//4947
f 3714//4948 3719//4948 3715//4948
f 1195//4949 1194//4949 3717//4949
f 3717//4949 1194//4949 3720//4949
f 3717//4950 3720//4950 3718//4950
f 379//4951 375//4951 3696//4951
f 3696//4951 375//4951 3721//4951
f 3696//4952 3721//4952 3697//4952
f 3697//4952 3721//4952 3722//4952
f 3697//4953 3722//4953 3698//4953
f 3698//4953 3722//4953 3723//4953
f 3698//4954 3723//4954 3705//4954
f 3705//4954 3723//4954 3724//4954
f 3705//4955 3724//4955 3703//4955
f 3703//4955 3724//4955 3725//4955
f 3703//4956 3725//4956 3708//4956
f 3708//4956 3725//4956 3726//4956
f 3708//4957 3726//4957 3711//4957
f 3711//4957 3726//4957 3727//4957
f 3711//4958 3727//4958 3714//4958
f 3714//4959 3727//4959 3728//4959
f 3714//4960 3728//4960 3717//4960
f 3717//4960 3728//4960 3729//4960
f 3717//4961 3729//4961 1195//4961
f 1195//4961 3729//4961 1172//4961
f 375//4962 373//4962 3721//4962
f 3721//4962 373//4962 3730//4962
f 3721//4963 3730//4963 3722//4963
f 3722//4963 3730//4963 3731//4963
f 3722//4964 3731//4964 3723//4964
f 3723//4964 3731//4964 3732//4964
f 3723//4965 3732//4965 3724//4965
f 3724//4965 3732//4965 3733//4965
f 3724//4966 3733//4966 3725//4966
f 3725//4966 3733//4966 3734//4966
f 3725//4967 3734//4967 3726//4967
f 3726//4967 3734//4967 3735//4967
f 3726//4968 3735//4968 3727//4968
f 3727//4968 3735//4968 3736//4968
f 3727//4969 3736//4969 3728//4969
f 3728//4969 3736//4969 3737//4969
f 3728//4970 3737//4970 3729//4970
f 3729//4970 3737//4970 3738//4970
f 3729//4971 3738//4971 1172//4971
f 1172//4971 3738//4971 1173//4971
f 373//4972 390//4972 3730//4972
f 3730//4972 390//4972 3739//4972
f 3730//4973 3739//4973 3731//4973
f 3731//4973 3739//4973 3740//4973
f 3731//4974 3740//4974 3732//4974
f 3732//4975 3740//4975 3741//4975
f 3732//4976 3741//4976 3733//4976
f 3733//4976 3741//4976 3742//4976
f 3733//4977 3742//4977 3734//4977
f 3734//4977 3742//4977 3743//4977
f 3734//4978 3743//4978 3735//4978
f 3735//4979 3743//4979 3744//4979
f 3735//4980 3744//4980 3736//4980
f 3736//4981 3744//4981 3745//4981
f 3736//4982 3745//4982 3737//4982
f 3737//4982 3745//4982 3746//4982
f 3737//4983 3746//4983 3738//4983
f 3738//4983 3746//4983 3747//4983
f 3738//4984 3747//4984 1173//4984
f 1173//4984 3747//4984 1169//4984
f 390//4985 389//4985 3739//4985
f 3739//4985 389//4985 3748//4985
f 3739//4986 3748//4986 3740//4986
f 3740//4986 3748//4986 3749//4986
f 3740//4987 3749//4987 3741//4987
f 3741//4988 3749//4988 3750//4988
f 3741//4989 3750//4989 3742//4989
f 3742//4989 3750//4989 3751//4989
f 3742//4990 3751//4990 3743//4990
f 3743//4990 3751//4990 3752//4990
f 3743//4991 3752//4991 3744//4991
f 3744//4991 3752//4991 3753//4991
f 3744//4992 3753//4992 3745//4992
f 3745//4992 3753//4992 3754//4992
f 3745//4993 3754//4993 3746//4993
f 3746//4993 3754//4993 3755//4993
f 3746//4994 3755//4994 3747//4994
f 3747//4994 3755//4994 3756//4994
f 3747//4995 3756//4995 1169//4995
f 1169//4995 3756//4995 1170//4995
f 389//4996 388//4996 3748//4996
f 3748//4996 388//4996 3694//4996
f 3748//4997 3694//4997 3749//4997
f 3749//4997 3694//4997 3693//4997
f 3749//4998 3693//4998 3750//4998
f 3750//4998 3693//4998 3692//4998
f 3750//4999 3692//4999 3751//4999
f 3751//4999 3692//4999 3691//4999
f 3751//5000 3691//5000 3752//5000
f 3752//5000 3691//5000 3690//5000
f 3752//5001 3690//5001 3753//5001
f 3753//5001 3690//5001 3689//5001
f 3753//5002 3689//5002 3754//5002
f 3754//5002 3689//5002 3688//5002
f 3754//5003 3688//5003 3755//5003
f 3755//5003 3688//5003 3687//5003
f 3755//5004 3687//5004 3756//5004
f 3756//5004 3687//5004 3686//5004
f 3756//5005 3686//5005 1170//5005
f 1170//5005 3686//5005 1152//5005
f 794//5006 798//5006 3757//5006
f 3758//5007 1078//5007 493//5007
f 794//5008 3757//5008 795//5008
f 1073//5009 1078//5009 3757//5009
f 3757//5010 1078//5010 3758//5010
f 3757//5011 3758//5011 795//5011
f 795//5012 3758//5012 493//5012
f 291//350 3695//350 289//350
f 289//5013 3695//5013 3759//5013
f 3695//5014 3702//5014 3759//5014
f 3759//347 3702//347 3701//347
f 3759//5015 3701//5015 3760//5015
f 3701//344 3700//344 3760//344
f 3760//180 3700//180 3699//180
f 3760//5016 3699//5016 3761//5016
f 3699//341 3707//341 3761//341
f 3761//342 3707//342 3706//342
f 3761//5017 3706//5017 3762//5017
f 3706//339 3704//339 3762//339
f 3762//172 3704//172 3710//172
f 3762//5018 3710//5018 3763//5018
f 3710//336 3709//336 3763//336
f 3763//337 3709//337 3713//337
f 3763//5019 3713//5019 3764//5019
f 3713//333 3712//333 3764//333
f 3764//334 3712//334 3716//334
f 3764//5020 3716//5020 3765//5020
f 3716//331 3715//331 3765//331
f 3765//158 3715//158 3719//158
f 3765//5021 3719//5021 3766//5021
f 1194//413 1177//413 3720//413
f 3720//5022 1177//5022 3766//5022
f 3720//5023 3766//5023 3718//5023
f 3718//329 3766//329 3719//329
f 1073//5024 3757//5024 3767//5024
f 3768//5025 3769//5025 805//5025
f 805//5026 3769//5026 800//5026
f 804//5027 3770//5027 805//5027
f 805//5028 3770//5028 3771//5028
f 805//5029 3771//5029 3768//5029
f 3768//5030 3771//5030 3772//5030
f 3768//5031 3772//5031 3773//5031
f 798//5032 800//5032 3757//5032
f 3757//5033 800//5033 3769//5033
f 3757//5034 3769//5034 3767//5034
f 3767//5035 3769//5035 3768//5035
f 3767//5036 3768//5036 3774//5036
f 3774//5037 3768//5037 3773//5037
f 3774//5038 3773//5038 3775//5038
f 3775//5039 3776//5039 3774//5039
f 3774//5040 3776//5040 3777//5040
f 3774//5041 3777//5041 3778//5041
f 1073//5042 3767//5042 1925//5042
f 1925//5043 3767//5043 3774//5043
f 1925//5044 3774//5044 1926//5044
f 1926//5045 3774//5045 3778//5045
f 1926//5046 3778//5046 1939//5046
f 1909//5047 1908//5047 3779//5047
f 1908//5048 1907//5048 3779//5048
f 3779//5049 1907//5049 3780//5049
f 3779//5050 3780//5050 3781//5050
f 3781//5051 3780//5051 3782//5051
f 3781//5052 3782//5052 3783//5052
f 3783//5053 3782//5053 3784//5053
f 3783//5054 3784//5054 3785//5054
f 3785//5055 3784//5055 3786//5055
f 3785//5056 3786//5056 3787//5056
f 3787//5057 3786//5057 3788//5057
f 3787//5058 3788//5058 3789//5058
f 3789//5059 3788//5059 3790//5059
f 3789//5060 3790//5060 3791//5060
f 3791//5061 3790//5061 3792//5061
f 3791//5062 3792//5062 3793//5062
f 3793//5063 3792//5063 3794//5063
f 3793//5064 3794//5064 304//5064
f 304//5065 3794//5065 303//5065
f 1903//5066 1909//5066 3795//5066
f 3795//5067 1909//5067 3779//5067
f 3795//5068 3779//5068 3796//5068
f 3796//5069 3779//5069 3781//5069
f 3796//5070 3781//5070 3797//5070
f 3797//5071 3781//5071 3783//5071
f 3797//5072 3783//5072 3798//5072
f 3798//5073 3783//5073 3785//5073
f 3798//5074 3785//5074 3799//5074
f 3799//5075 3785//5075 3787//5075
f 3799//5076 3787//5076 3800//5076
f 3800//5077 3787//5077 3789//5077
f 3800//5078 3789//5078 3801//5078
f 3801//5079 3789//5079 3791//5079
f 3801//5080 3791//5080 3802//5080
f 3802//5081 3791//5081 3793//5081
f 3802//5082 3793//5082 305//5082
f 305//5083 3793//5083 304//5083
f 1904//5084 1903//5084 3803//5084
f 3803//5085 1903//5085 3795//5085
f 3803//5086 3795//5086 3804//5086
f 3804//5087 3795//5087 3796//5087
f 3804//5088 3796//5088 3805//5088
f 3805//5089 3796//5089 3797//5089
f 3805//5090 3797//5090 3806//5090
f 3806//5091 3797//5091 3798//5091
f 3806//5092 3798//5092 3807//5092
f 3807//5093 3798//5093 3799//5093
f 3807//5094 3799//5094 3808//5094
f 3808//5095 3799//5095 3800//5095
f 3808//5096 3800//5096 3809//5096
f 3809//5097 3800//5097 3801//5097
f 3809//5098 3801//5098 3810//5098
f 3810//5099 3801//5099 3802//5099
f 3810//5100 3802//5100 307//5100
f 307//5101 3802//5101 305//5101
f 1906//5102 1904//5102 3811//5102
f 3811//5103 1904//5103 3803//5103
f 3811//5104 3803//5104 3812//5104
f 3812//5105 3803//5105 3804//5105
f 3812//5106 3804//5106 3813//5106
f 3813//5107 3804//5107 3805//5107
f 3813//5108 3805//5108 3814//5108
f 3814//5109 3805//5109 3806//5109
f 3814//5110 3806//5110 3815//5110
f 3815//5111 3806//5111 3807//5111
f 3815//5112 3807//5112 3816//5112
f 3816//5113 3807//5113 3808//5113
f 3816//5114 3808//5114 3817//5114
f 3817//5115 3808//5115 3809//5115
f 3817//5116 3809//5116 3818//5116
f 3818//5117 3809//5117 3810//5117
f 3818//5118 3810//5118 308//5118
f 308//5119 3810//5119 307//5119
f 1901//5120 1906//5120 3819//5120
f 3819//5121 1906//5121 3811//5121
f 3819//5122 3811//5122 3820//5122
f 3820//5123 3811//5123 3812//5123
f 3820//5124 3812//5124 3821//5124
f 3821//5125 3812//5125 3813//5125
f 3821//5126 3813//5126 3822//5126
f 3822//5127 3813//5127 3814//5127
f 3822//5128 3814//5128 3823//5128
f 3823//5129 3814//5129 3815//5129
f 3823//5130 3815//5130 3824//5130
f 3824//5131 3815//5131 3816//5131
f 3824//5132 3816//5132 3825//5132
f 3825//5133 3816//5133 3817//5133
f 3825//5134 3817//5134 3826//5134
f 3826//5135 3817//5135 3818//5135
f 3826//5136 3818//5136 286//5136
f 286//5137 3818//5137 308//5137
f 1902//5138 1901//5138 3827//5138
f 3827//5139 1901//5139 3819//5139
f 3827//5140 3819//5140 3828//5140
f 3828//5141 3819//5141 3820//5141
f 3828//5142 3820//5142 3829//5142
f 3829//5143 3820//5143 3821//5143
f 3829//5144 3821//5144 3830//5144
f 3830//5145 3821//5145 3822//5145
f 3830//5146 3822//5146 3831//5146
f 3831//5147 3822//5147 3823//5147
f 3831//5148 3823//5148 3832//5148
f 3832//5149 3823//5149 3824//5149
f 3832//5150 3824//5150 3833//5150
f 3833//5151 3824//5151 3825//5151
f 3833//5152 3825//5152 3834//5152
f 3834//5153 3825//5153 3826//5153
f 3834//5154 3826//5154 285//5154
f 285//5155 3826//5155 286//5155
f 1177//5156 1902//5156 3766//5156
f 3766//5157 1902//5157 3827//5157
f 3766//5158 3827//5158 3765//5158
f 3765//5159 3827//5159 3828//5159
f 3765//5160 3828//5160 3764//5160
f 3764//5161 3828//5161 3829//5161
f 3764//5162 3829//5162 3763//5162
f 3763//5163 3829//5163 3830//5163
f 3763//5164 3830//5164 3762//5164
f 3762//5165 3830//5165 3831//5165
f 3762//5166 3831//5166 3761//5166
f 3761//5167 3831//5167 3832//5167
f 3761//5168 3832//5168 3760//5168
f 3760//5169 3832//5169 3833//5169
f 3760//5170 3833//5170 3759//5170
f 3759//5171 3833//5171 3834//5171
f 3759//5172 3834//5172 289//5172
f 289//5173 3834//5173 285//5173
f 3780//5174 1907//5174 1911//5174
f 3784//5175 3782//5175 3835//5175
f 3786//5176 3784//5176 3836//5176
f 3788//5177 3786//5177 3837//5177
f 3790//5178 3788//5178 3838//5178
f 3792//5179 3790//5179 3839//5179
f 3794//5180 3792//5180 3840//5180
f 3782//5181 3780//5181 3841//5181
f 3841//5182 3780//5182 1911//5182
f 3841//5183 1911//5183 3842//5183
f 3842//5184 1911//5184 1912//5184
f 2031//5185 2035//5185 3843//5185
f 3843//5186 2035//5186 2033//5186
f 3843//5187 2033//5187 3844//5187
f 3844//5188 2033//5188 2032//5188
f 3844//5189 2032//5189 3845//5189
f 3845//5190 2032//5190 303//5190
f 3845//5191 303//5191 3794//5191
f 2031//5192 3843//5192 2030//5192
f 2030//5193 3843//5193 3846//5193
f 2030//5194 3846//5194 3847//5194
f 1912//5195 1917//5195 3842//5195
f 3842//5196 1917//5196 1916//5196
f 3842//5197 1916//5197 3848//5197
f 3848//5198 1916//5198 1915//5198
f 3848//5199 1915//5199 3849//5199
f 3849//5200 1915//5200 1914//5200
f 3849//5201 1914//5201 3850//5201
f 3850//5202 1914//5202 1920//5202
f 3850//5203 1920//5203 3851//5203
f 2027//5204 2026//5204 3847//5204
f 3847//5205 2026//5205 2028//5205
f 3847//5206 2028//5206 2030//5206
f 3847//5207 3852//5207 2027//5207
f 2027//5208 3852//5208 3853//5208
f 2027//5209 3853//5209 2024//5209
f 2024//5210 3853//5210 3854//5210
f 3855//5211 2019//5211 3854//5211
f 3854//5212 2019//5212 2021//5212
f 3854//5213 2021//5213 2024//5213
f 1920//5214 1919//5214 3851//5214
f 3851//5215 1919//5215 1918//5215
f 3851//5216 1918//5216 3856//5216
f 3856//5217 1918//5217 1922//5217
f 3856//5218 1922//5218 3857//5218
f 3857//5219 1922//5219 1924//5219
f 3857//5220 1924//5220 3858//5220
f 3858//5221 1924//5221 1939//5221
f 3858//5222 1939//5222 3778//5222
f 3782//5223 3841//5223 3835//5223
f 3835//5224 3841//5224 3842//5224
f 3835//5225 3842//5225 3859//5225
f 3859//5226 3842//5226 3848//5226
f 3859//5227 3848//5227 3860//5227
f 3860//5228 3848//5228 3849//5228
f 3860//5229 3849//5229 3861//5229
f 3861//5230 3849//5230 3850//5230
f 3861//5231 3850//5231 3862//5231
f 3862//5232 3850//5232 3851//5232
f 3862//5233 3851//5233 3863//5233
f 3863//5234 3851//5234 3856//5234
f 3863//5235 3856//5235 3864//5235
f 3864//5236 3856//5236 3857//5236
f 3864//5237 3857//5237 3865//5237
f 3865//5238 3857//5238 3858//5238
f 3865//5239 3858//5239 3866//5239
f 3866//5240 3858//5240 3778//5240
f 3866//5241 3778//5241 3777//5241
f 3784//5242 3835//5242 3836//5242
f 3836//5243 3835//5243 3859//5243
f 3836//5244 3859//5244 3867//5244
f 3867//5245 3859//5245 3860//5245
f 3867//5246 3860//5246 3868//5246
f 3868//5247 3860//5247 3861//5247
f 3868//5248 3861//5248 3869//5248
f 3869//5249 3861//5249 3862//5249
f 3869//5250 3862//5250 3870//5250
f 3870//5251 3862//5251 3863//5251
f 3870//5252 3863//5252 3871//5252
f 3871//5253 3863//5253 3864//5253
f 3871//5254 3864//5254 3872//5254
f 3872//5255 3864//5255 3865//5255
f 3872//5256 3865//5256 3873//5256
f 3873//5257 3865//5257 3866//5257
f 3873//5258 3866//5258 3874//5258
f 3874//5259 3866//5259 3777//5259
f 3874//5260 3777//5260 3776//5260
f 3786//5261 3836//5261 3837//5261
f 3837//5262 3836//5262 3867//5262
f 3837//5263 3867//5263 3875//5263
f 3875//5264 3867//5264 3868//5264
f 3875//5265 3868//5265 3876//5265
f 3876//5266 3868//5266 3869//5266
f 3876//5267 3869//5267 3877//5267
f 3877//5268 3869//5268 3870//5268
f 3877//5269 3870//5269 3878//5269
f 3878//5270 3870//5270 3871//5270
f 3878//5271 3871//5271 3879//5271
f 3879//5272 3871//5272 3872//5272
f 3879//5273 3872//5273 3880//5273
f 3880//5274 3872//5274 3873//5274
f 3880//5275 3873//5275 3881//5275
f 3881//5276 3873//5276 3874//5276
f 3881//5277 3874//5277 3882//5277
f 3882//5278 3874//5278 3776//5278
f 3882//5279 3776//5279 3775//5279
f 3788//5280 3837//5280 3838//5280
f 3838//5281 3837//5281 3875//5281
f 3838//5282 3875//5282 3883//5282
f 3883//5283 3875//5283 3876//5283
f 3883//5284 3876//5284 3884//5284
f 3884//5285 3876//5285 3877//5285
f 3884//5286 3877//5286 3885//5286
f 3885//5287 3877//5287 3878//5287
f 3885//5288 3878//5288 3886//5288
f 3886//5289 3878//5289 3879//5289
f 3886//5290 3879//5290 3887//5290
f 3887//5291 3879//5291 3880//5291
f 3887//5292 3880//5292 3888//5292
f 3888//5293 3880//5293 3881//5293
f 3888//5294 3881//5294 3889//5294
f 3889//5295 3881//5295 3882//5295
f 3889//5296 3882//5296 3890//5296
f 3890//5297 3882//5297 3775//5297
f 3890//5298 3775//5298 3773//5298
f 3790//5299 3838//5299 3839//5299
f 3839//5300 3838//5300 3883//5300
f 3839//5301 3883//5301 3891//5301
f 3891//5302 3883//5302 3884//5302
f 3891//5303 3884//5303 3892//5303
f 3892//5304 3884//5304 3885//5304
f 3892//5305 3885//5305 3893//5305
f 3893//5306 3885//5306 3886//5306
f 3893//5307 3886//5307 3894//5307
f 3894//5308 3886//5308 3887//5308
f 3894//5309 3887//5309 3895//5309
f 3895//5310 3887//5310 3888//5310
f 3895//5311 3888//5311 3896//5311
f 3896//5312 3888//5312 3889//5312
f 3896//5313 3889//5313 3897//5313
f 3897//5314 3889//5314 3890//5314
f 3897//5315 3890//5315 3898//5315
f 3898//5316 3890//5316 3773//5316
f 3898//5317 3773//5317 3772//5317
f 3792//5318 3839//5318 3840//5318
f 3840//5319 3839//5319 3891//5319
f 3840//5320 3891//5320 3899//5320
f 3899//5321 3891//5321 3892//5321
f 3899//5322 3892//5322 3900//5322
f 3900//5323 3892//5323 3893//5323
f 3900//5324 3893//5324 3901//5324
f 3901//5325 3893//5325 3894//5325
f 3901//5326 3894//5326 3902//5326
f 3902//5327 3894//5327 3895//5327
f 3902//5328 3895//5328 3903//5328
f 3903//5329 3895//5329 3896//5329
f 3903//5330 3896//5330 3904//5330
f 3904//5331 3896//5331 3897//5331
f 3904//5332 3897//5332 3905//5332
f 3905//5333 3897//5333 3898//5333
f 3905//5334 3898//5334 3906//5334
f 3906//5335 3898//5335 3772//5335
f 3906//5336 3772//5336 3771//5336
f 3794//5337 3840//5337 3845//5337
f 3845//5338 3840//5338 3899//5338
f 3845//5339 3899//5339 3844//5339
f 3844//5340 3899//5340 3900//5340
f 3844//5341 3900//5341 3843//5341
f 3843//5342 3900//5342 3901//5342
f 3843//5343 3901//5343 3846//5343
f 3846//5344 3901//5344 3902//5344
f 3846//5345 3902//5345 3847//5345
f 3847//5346 3902//5346 3903//5346
f 3847//5347 3903//5347 3852//5347
f 3852//5348 3903//5348 3904//5348
f 3852//5349 3904//5349 3853//5349
f 3853//5350 3904//5350 3905//5350
f 3853//5351 3905//5351 3854//5351
f 3854//5352 3905//5352 3906//5352
f 3854//5353 3906//5353 3855//5353
f 3855//5354 3906//5354 3771//5354
f 3855//5355 3771//5355 3770//5355
f 804//5356 2016//5356 3770//5356
f 3770//5357 2016//5357 2070//5357
f 3770//5358 2070//5358 3855//5358
f 3855//5359 2070//5359 2068//5359
f 3855//5360 2068//5360 2066//5360
f 2066//5361 2065//5361 3855//5361
f 3855//5362 2065//5362 2017//5362
f 3855//5363 2017//5363 2019//5363
f 459//5364 462//5364 3907//5364
f 465//5365 458//5365 3908//5365
f 456//5366 644//5366 3909//5366
f 624//5367 632//5367 3910//5367
f 618//5368 620//5368 3911//5368
f 603//5369 601//5369 3912//5369
f 606//5370 608//5370 3913//5370
f 453//5371 452//5371 3914//5371
f 584//5372 572//5372 3915//5372
f 571//5373 576//5373 3916//5373
f 564//5374 562//5374 3917//5374
f 560//5375 557//5375 3918//5375
f 547//5376 549//5376 3919//5376
f 527//5377 535//5377 3920//5377
f 521//5378 523//5378 3921//5378
f 518//5379 510//5379 3922//5379
f 508//5380 506//5380 3923//5380
f 495//5381 494//5381 3924//5381
f 486//5382 474//5382 3925//5382
f 473//5383 478//5383 3926//5383
f 704//5384 703//5384 3927//5384
f 689//5385 688//5385 3928//5385
f 686//5386 685//5386 3929//5386
f 683//5387 682//5387 3930//5387
f 677//5388 676//5388 3931//5388
f 662//5389 661//5389 3932//5389
f 659//5390 658//5390 3933//5390
f 656//5391 655//5391 3934//5391
f 758//5392 757//5392 3935//5392
f 743//5393 742//5393 3936//5393
f 740//5394 739//5394 3937//5394
f 737//5395 736//5395 3938//5395
f 731//5396 730//5396 3939//5396
f 716//5397 715//5397 3940//5397
f 713//5398 712//5398 3941//5398
f 710//5399 709//5399 3942//5399
f 718//5400 722//5400 3943//5400
f 721//5401 725//5401 3944//5401
f 724//5402 728//5402 3945//5402
f 731//5403 3939//5403 727//5403
f 745//5404 749//5404 3946//5404
f 748//5405 752//5405 3947//5405
f 751//5406 755//5406 3948//5406
f 758//5407 3935//5407 754//5407
f 664//5408 668//5408 3949//5408
f 667//5409 671//5409 3950//5409
f 670//5410 674//5410 3951//5410
f 677//5411 3931//5411 673//5411
f 691//5412 695//5412 3952//5412
f 694//5413 698//5413 3953//5413
f 697//5414 701//5414 3954//5414
f 704//5415 3927//5415 700//5415
f 712//5416 716//5416 3941//5416
f 3941//5417 716//5417 3940//5417
f 3941//5418 3940//5418 3955//5418
f 3955//5418 3940//5418 3956//5418
f 3955//5419 3956//5419 3957//5419
f 3957//5419 3956//5419 3958//5419
f 3957//5420 3958//5420 3959//5420
f 3959//5421 3958//5421 3960//5421
f 3959//5422 3960//5422 3961//5422
f 3961//5422 3960//5422 3962//5422
f 3961//5423 3962//5423 3963//5423
f 3963//5424 3962//5424 3964//5424
f 739//5425 743//5425 3937//5425
f 3937//5426 743//5426 3936//5426
f 3937//5427 3936//5427 3965//5427
f 3965//5427 3936//5427 3966//5427
f 3965//5428 3966//5428 3967//5428
f 3967//5428 3966//5428 3968//5428
f 3967//5429 3968//5429 3969//5429
f 3969//5430 3968//5430 3970//5430
f 3969//5431 3970//5431 3971//5431
f 3971//5431 3970//5431 3972//5431
f 3971//5432 3972//5432 3973//5432
f 3973//5433 3972//5433 3974//5433
f 658//5434 662//5434 3933//5434
f 3933//5435 662//5435 3932//5435
f 3933//5436 3932//5436 3975//5436
f 3975//5436 3932//5436 3976//5436
f 3975//5437 3976//5437 3977//5437
f 3977//5437 3976//5437 3978//5437
f 3977//5438 3978//5438 3979//5438
f 3979//5439 3978//5439 3980//5439
f 3979//5440 3980//5440 3981//5440
f 3981//5440 3980//5440 3982//5440
f 3981//5441 3982//5441 3983//5441
f 3983//5442 3982//5442 3984//5442
f 685//5443 689//5443 3929//5443
f 3929//5444 689//5444 3928//5444
f 3929//5445 3928//5445 3985//5445
f 3985//5445 3928//5445 3986//5445
f 3985//5446 3986//5446 3987//5446
f 3987//5446 3986//5446 3988//5446
f 3987//5447 3988//5447 3989//5447
f 3989//5448 3988//5448 3990//5448
f 3989//5449 3990//5449 3991//5449
f 3991//5449 3990//5449 3992//5449
f 3991//5450 3992//5450 3993//5450
f 3993//5451 3992//5451 3994//5451
f 3995//5452 706//5452 3996//5452
f 3996//5452 706//5452 3997//5452
f 3996//5453 3997//5453 3998//5453
f 3998//5453 3997//5453 3999//5453
f 3998//5454 3999//5454 4000//5454
f 4000//5454 3999//5454 4001//5454
f 4000//5455 4001//5455 4002//5455
f 4002//5455 4001//5455 4003//5455
f 4002//5456 4003//5456 4004//5456
f 4004//5456 4003//5456 4005//5456
f 4004//5457 4005//5457 4006//5457
f 4006//5457 4005//5457 3926//5457
f 4006//5458 3926//5458 4007//5458
f 4007//5458 3926//5458 478//5458
f 474//5459 473//5459 3925//5459
f 3925//5460 473//5460 3926//5460
f 3925//5461 3926//5461 4008//5461
f 4008//5461 3926//5461 4005//5461
f 4008//5462 4005//5462 4009//5462
f 4009//5462 4005//5462 4003//5462
f 4009//5463 4003//5463 4010//5463
f 4010//5463 4003//5463 4001//5463
f 4010//5464 4001//5464 4011//5464
f 4011//5464 4001//5464 3999//5464
f 4011//5465 3999//5465 3942//5465
f 3942//5465 3999//5465 3997//5465
f 3942//5466 3997//5466 710//5466
f 710//5467 3997//5467 706//5467
f 481//5468 486//5468 3963//5468
f 3963//5469 486//5469 3925//5469
f 3963//5470 3925//5470 3961//5470
f 3961//5470 3925//5470 4008//5470
f 3961//5471 4008//5471 3959//5471
f 3959//5471 4008//5471 4009//5471
f 3959//5472 4009//5472 3957//5472
f 3957//5472 4009//5472 4010//5472
f 3957//5473 4010//5473 3955//5473
f 3955//5473 4010//5473 4011//5473
f 3955//5474 4011//5474 3941//5474
f 3941//5474 4011//5474 3942//5474
f 3941//5475 3942//5475 713//5475
f 713//5476 3942//5476 709//5476
f 500//5477 502//5477 4012//5477
f 4012//5478 502//5478 3964//5478
f 4012//5479 3964//5479 4013//5479
f 4013//5479 3964//5479 3962//5479
f 4013//5480 3962//5480 4014//5480
f 4014//5480 3962//5480 3960//5480
f 4014//5481 3960//5481 4015//5481
f 4015//5481 3960//5481 3958//5481
f 4015//5482 3958//5482 4016//5482
f 4016//5482 3958//5482 3956//5482
f 4016//5483 3956//5483 4017//5483
f 4017//5483 3956//5483 3940//5483
f 4017//5484 3940//5484 719//5484
f 719//5485 3940//5485 715//5485
f 502//5486 489//5486 3964//5486
f 3964//5487 489//5487 491//5487
f 3964//5488 491//5488 3963//5488
f 3963//5489 491//5489 482//5489
f 3963//5490 482//5490 481//5490
f 494//5491 500//5491 3924//5491
f 3924//5492 500//5492 4012//5492
f 3924//5493 4012//5493 4018//5493
f 4018//5493 4012//5493 4013//5493
f 4018//5494 4013//5494 4019//5494
f 4019//5494 4013//5494 4014//5494
f 4019//5495 4014//5495 4020//5495
f 4020//5496 4014//5496 4015//5496
f 4020//5497 4015//5497 4021//5497
f 4021//5497 4015//5497 4016//5497
f 4021//5498 4016//5498 3943//5498
f 3943//5498 4016//5498 4017//5498
f 3943//5499 4017//5499 718//5499
f 718//5500 4017//5500 719//5500
f 506//5501 495//5501 3923//5501
f 3923//5502 495//5502 3924//5502
f 3923//5503 3924//5503 4022//5503
f 4022//5504 3924//5504 4018//5504
f 4022//5505 4018//5505 4023//5505
f 4023//5505 4018//5505 4019//5505
f 4023//5506 4019//5506 4024//5506
f 4024//5507 4019//5507 4020//5507
f 4024//5508 4020//5508 4025//5508
f 4025//5508 4020//5508 4021//5508
f 4025//5509 4021//5509 3944//5509
f 3944//5509 4021//5509 3943//5509
f 3944//5510 3943//5510 721//5510
f 721//5511 3943//5511 722//5511
f 510//5512 508//5512 3922//5512
f 3922//5513 508//5513 3923//5513
f 3922//5514 3923//5514 4026//5514
f 4026//5514 3923//5514 4022//5514
f 4026//5515 4022//5515 4027//5515
f 4027//5516 4022//5516 4023//5516
f 4027//5517 4023//5517 4028//5517
f 4028//5517 4023//5517 4024//5517
f 4028//5518 4024//5518 4029//5518
f 4029//5519 4024//5519 4025//5519
f 4029//5520 4025//5520 3945//5520
f 3945//5520 4025//5520 3944//5520
f 3945//5521 3944//5521 724//5521
f 724//5522 3944//5522 725//5522
f 515//5523 518//5523 4030//5523
f 4030//5524 518//5524 3922//5524
f 4030//5525 3922//5525 4031//5525
f 4031//5525 3922//5525 4026//5525
f 4031//5526 4026//5526 4032//5526
f 4032//5526 4026//5526 4027//5526
f 4032//5527 4027//5527 4033//5527
f 4033//5528 4027//5528 4028//5528
f 4033//5529 4028//5529 4034//5529
f 4034//5529 4028//5529 4029//5529
f 4034//5530 4029//5530 3939//5530
f 3939//5530 4029//5530 3945//5530
f 3939//5531 3945//5531 727//5531
f 727//5532 3945//5532 728//5532
f 730//5533 4035//5533 3939//5533
f 3939//5533 4035//5533 4036//5533
f 3939//5534 4036//5534 4034//5534
f 4034//5535 4036//5535 4037//5535
f 4034//5536 4037//5536 4033//5536
f 4033//5536 4037//5536 4038//5536
f 4033//5537 4038//5537 4032//5537
f 4032//5538 4038//5538 4039//5538
f 4032//5539 4039//5539 4031//5539
f 4031//5540 4039//5540 4040//5540
f 4031//5541 4040//5541 4030//5541
f 4030//5541 4040//5541 4041//5541
f 4030//5542 4041//5542 515//5542
f 515//5542 4041//5542 4042//5542
f 4035//5543 733//5543 4036//5543
f 4036//5543 733//5543 4043//5543
f 4036//5544 4043//5544 4037//5544
f 4037//5545 4043//5545 4044//5545
f 4037//5546 4044//5546 4038//5546
f 4038//5546 4044//5546 4045//5546
f 4038//5547 4045//5547 4039//5547
f 4039//5548 4045//5548 4046//5548
f 4039//5549 4046//5549 4040//5549
f 4040//5550 4046//5550 4047//5550
f 4040//5551 4047//5551 4041//5551
f 4041//5551 4047//5551 3921//5551
f 4041//5552 3921//5552 4042//5552
f 4042//5552 3921//5552 523//5552
f 535//5553 521//5553 3920//5553
f 3920//5554 521//5554 3921//5554
f 3920//5555 3921//5555 4048//5555
f 4048//5555 3921//5555 4047//5555
f 4048//5556 4047//5556 4049//5556
f 4049//5556 4047//5556 4046//5556
f 4049//5557 4046//5557 4050//5557
f 4050//5558 4046//5558 4045//5558
f 4050//5559 4045//5559 4051//5559
f 4051//5559 4045//5559 4044//5559
f 4051//5560 4044//5560 3938//5560
f 3938//5560 4044//5560 4043//5560
f 3938//5561 4043//5561 737//5561
f 737//5562 4043//5562 733//5562
f 529//5563 527//5563 3973//5563
f 3973//5564 527//5564 3920//5564
f 3973//5565 3920//5565 3971//5565
f 3971//5565 3920//5565 4048//5565
f 3971//5566 4048//5566 3969//5566
f 3969//5566 4048//5566 4049//5566
f 3969//5567 4049//5567 3967//5567
f 3967//5568 4049//5568 4050//5568
f 3967//5569 4050//5569 3965//5569
f 3965//5570 4050//5570 4051//5570
f 3965//5571 4051//5571 3937//5571
f 3937//5571 4051//5571 3938//5571
f 3937//5572 3938//5572 740//5572
f 740//5573 3938//5573 736//5573
f 551//5574 553//5574 4052//5574
f 4052//5575 553//5575 3974//5575
f 4052//5576 3974//5576 4053//5576
f 4053//5576 3974//5576 3972//5576
f 4053//5577 3972//5577 4054//5577
f 4054//5577 3972//5577 3970//5577
f 4054//5578 3970//5578 4055//5578
f 4055//5579 3970//5579 3968//5579
f 4055//5580 3968//5580 4056//5580
f 4056//5580 3968//5580 3966//5580
f 4056//5581 3966//5581 4057//5581
f 4057//5581 3966//5581 3936//5581
f 4057//5582 3936//5582 746//5582
f 746//5583 3936//5583 742//5583
f 553//5584 540//5584 3974//5584
f 3974//5585 540//5585 542//5585
f 3974//5586 542//5586 3973//5586
f 3973//5587 542//5587 531//5587
f 3973//5588 531//5588 529//5588
f 549//5589 551//5589 3919//5589
f 3919//5590 551//5590 4052//5590
f 3919//5591 4052//5591 4058//5591
f 4058//5591 4052//5591 4053//5591
f 4058//5592 4053//5592 4059//5592
f 4059//5592 4053//5592 4054//5592
f 4059//5593 4054//5593 4060//5593
f 4060//5593 4054//5593 4055//5593
f 4060//5594 4055//5594 4061//5594
f 4061//5594 4055//5594 4056//5594
f 4061//5595 4056//5595 3946//5595
f 3946//5595 4056//5595 4057//5595
f 3946//5596 4057//5596 745//5596
f 745//5597 4057//5597 746//5597
f 557//5598 547//5598 3918//5598
f 3918//5599 547//5599 3919//5599
f 3918//5600 3919//5600 4062//5600
f 4062//5601 3919//5601 4058//5601
f 4062//5602 4058//5602 4063//5602
f 4063//5602 4058//5602 4059//5602
f 4063//5603 4059//5603 4064//5603
f 4064//5604 4059//5604 4060//5604
f 4064//5605 4060//5605 4065//5605
f 4065//5605 4060//5605 4061//5605
f 4065//5606 4061//5606 3947//5606
f 3947//5607 4061//5607 3946//5607
f 3947//5608 3946//5608 748//5608
f 748//5609 3946//5609 749//5609
f 562//5610 560//5610 3917//5610
f 3917//5611 560//5611 3918//5611
f 3917//5612 3918//5612 4066//5612
f 4066//5612 3918//5612 4062//5612
f 4066//5613 4062//5613 4067//5613
f 4067//5613 4062//5613 4063//5613
f 4067//5614 4063//5614 4068//5614
f 4068//5614 4063//5614 4064//5614
f 4068//5615 4064//5615 4069//5615
f 4069//5615 4064//5615 4065//5615
f 4069//5616 4065//5616 3948//5616
f 3948//5616 4065//5616 3947//5616
f 3948//5617 3947//5617 751//5617
f 751//5618 3947//5618 752//5618
f 567//5619 564//5619 4070//5619
f 4070//5620 564//5620 3917//5620
f 4070//5621 3917//5621 4071//5621
f 4071//5621 3917//5621 4066//5621
f 4071//5622 4066//5622 4072//5622
f 4072//5622 4066//5622 4067//5622
f 4072//5623 4067//5623 4073//5623
f 4073//5623 4067//5623 4068//5623
f 4073//5624 4068//5624 4074//5624
f 4074//5624 4068//5624 4069//5624
f 4074//5625 4069//5625 3935//5625
f 3935//5625 4069//5625 3948//5625
f 3935//5626 3948//5626 754//5626
f 754//5627 3948//5627 755//5627
f 757//5628 4075//5628 3935//5628
f 3935//5628 4075//5628 4076//5628
f 3935//5629 4076//5629 4074//5629
f 4074//5629 4076//5629 4077//5629
f 4074//5630 4077//5630 4073//5630
f 4073//5630 4077//5630 4078//5630
f 4073//5631 4078//5631 4072//5631
f 4072//5631 4078//5631 4079//5631
f 4072//5632 4079//5632 4071//5632
f 4071//5632 4079//5632 4080//5632
f 4071//5633 4080//5633 4070//5633
f 4070//5633 4080//5633 4081//5633
f 4070//5634 4081//5634 567//5634
f 567//5634 4081//5634 4082//5634
f 4075//5635 653//5635 4076//5635
f 4076//5635 653//5635 4083//5635
f 4076//5636 4083//5636 4077//5636
f 4077//5636 4083//5636 4084//5636
f 4077//5637 4084//5637 4078//5637
f 4078//5637 4084//5637 4085//5637
f 4078//5638 4085//5638 4079//5638
f 4079//5638 4085//5638 4086//5638
f 4079//5639 4086//5639 4080//5639
f 4080//5639 4086//5639 4087//5639
f 4080//5640 4087//5640 4081//5640
f 4081//5640 4087//5640 3916//5640
f 4081//5641 3916//5641 4082//5641
f 4082//5641 3916//5641 576//5641
f 572//5642 571//5642 3915//5642
f 3915//5643 571//5643 3916//5643
f 3915//5644 3916//5644 4088//5644
f 4088//5644 3916//5644 4087//5644
f 4088//5645 4087//5645 4089//5645
f 4089//5645 4087//5645 4086//5645
f 4089//5646 4086//5646 4090//5646
f 4090//5646 4086//5646 4085//5646
f 4090//5647 4085//5647 4091//5647
f 4091//5647 4085//5647 4084//5647
f 4091//5648 4084//5648 3934//5648
f 3934//5648 4084//5648 4083//5648
f 3934//5649 4083//5649 656//5649
f 656//5650 4083//5650 653//5650
f 579//5651 584//5651 3983//5651
f 3983//5652 584//5652 3915//5652
f 3983//5653 3915//5653 3981//5653
f 3981//5653 3915//5653 4088//5653
f 3981//5654 4088//5654 3979//5654
f 3979//5654 4088//5654 4089//5654
f 3979//5655 4089//5655 3977//5655
f 3977//5655 4089//5655 4090//5655
f 3977//5656 4090//5656 3975//5656
f 3975//5656 4090//5656 4091//5656
f 3975//5657 4091//5657 3933//5657
f 3933//5657 4091//5657 3934//5657
f 3933//5658 3934//5658 659//5658
f 659//5659 3934//5659 655//5659
f 595//5660 597//5660 4092//5660
f 4092//5661 597//5661 3984//5661
f 4092//5662 3984//5662 4093//5662
f 4093//5662 3984//5662 3982//5662
f 4093//5663 3982//5663 4094//5663
f 4094//5663 3982//5663 3980//5663
f 4094//5664 3980//5664 4095//5664
f 4095//5664 3980//5664 3978//5664
f 4095//5665 3978//5665 4096//5665
f 4096//5665 3978//5665 3976//5665
f 4096//5666 3976//5666 4097//5666
f 4097//5666 3976//5666 3932//5666
f 4097//5667 3932//5667 665//5667
f 665//5668 3932//5668 661//5668
f 597//5669 587//5669 3984//5669
f 3984//5670 587//5670 589//5670
f 3984//5671 589//5671 3983//5671
f 3983//5672 589//5672 580//5672
f 3983//5673 580//5673 579//5673
f 452//5674 595//5674 3914//5674
f 3914//5675 595//5675 4092//5675
f 3914//5676 4092//5676 4098//5676
f 4098//5676 4092//5676 4093//5676
f 4098//5677 4093//5677 4099//5677
f 4099//5677 4093//5677 4094//5677
f 4099//5678 4094//5678 4100//5678
f 4100//5679 4094//5679 4095//5679
f 4100//5680 4095//5680 4101//5680
f 4101//5680 4095//5680 4096//5680
f 4101//5681 4096//5681 3949//5681
f 3949//5681 4096//5681 4097//5681
f 3949//5682 4097//5682 664//5682
f 664//5683 4097//5683 665//5683
f 608//5684 453//5684 3913//5684
f 3913//5685 453//5685 3914//5685
f 3913//5686 3914//5686 4102//5686
f 4102//5687 3914//5687 4098//5687
f 4102//5688 4098//5688 4103//5688
f 4103//5688 4098//5688 4099//5688
f 4103//5689 4099//5689 4104//5689
f 4104//5690 4099//5690 4100//5690
f 4104//5691 4100//5691 4105//5691
f 4105//5691 4100//5691 4101//5691
f 4105//5692 4101//5692 3950//5692
f 3950//5692 4101//5692 3949//5692
f 3950//5693 3949//5693 667//5693
f 667//5694 3949//5694 668//5694
f 601//5695 606//5695 3912//5695
f 3912//5696 606//5696 3913//5696
f 3912//5697 3913//5697 4106//5697
f 4106//5697 3913//5697 4102//5697
f 4106//5698 4102//5698 4107//5698
f 4107//5699 4102//5699 4103//5699
f 4107//5700 4103//5700 4108//5700
f 4108//5700 4103//5700 4104//5700
f 4108//5701 4104//5701 4109//5701
f 4109//5702 4104//5702 4105//5702
f 4109//5703 4105//5703 3951//5703
f 3951//5703 4105//5703 3950//5703
f 3951//5704 3950//5704 670//5704
f 670//5705 3950//5705 671//5705
f 614//5706 603//5706 4110//5706
f 4110//5707 603//5707 3912//5707
f 4110//5708 3912//5708 4111//5708
f 4111//5708 3912//5708 4106//5708
f 4111//5709 4106//5709 4112//5709
f 4112//5709 4106//5709 4107//5709
f 4112//5710 4107//5710 4113//5710
f 4113//5711 4107//5711 4108//5711
f 4113//5712 4108//5712 4114//5712
f 4114//5712 4108//5712 4109//5712
f 4114//5713 4109//5713 3931//5713
f 3931//5713 4109//5713 3951//5713
f 3931//5714 3951//5714 673//5714
f 673//5715 3951//5715 674//5715
f 676//5716 4115//5716 3931//5716
f 3931//5716 4115//5716 4116//5716
f 3931//5717 4116//5717 4114//5717
f 4114//5718 4116//5718 4117//5718
f 4114//5719 4117//5719 4113//5719
f 4113//5719 4117//5719 4118//5719
f 4113//5720 4118//5720 4112//5720
f 4112//5721 4118//5721 4119//5721
f 4112//5722 4119//5722 4111//5722
f 4111//5723 4119//5723 4120//5723
f 4111//5724 4120//5724 4110//5724
f 4110//5724 4120//5724 4121//5724
f 4110//5725 4121//5725 614//5725
f 614//5725 4121//5725 4122//5725
f 4115//5726 679//5726 4116//5726
f 4116//5726 679//5726 4123//5726
f 4116//5727 4123//5727 4117//5727
f 4117//5728 4123//5728 4124//5728
f 4117//5729 4124//5729 4118//5729
f 4118//5729 4124//5729 4125//5729
f 4118//5730 4125//5730 4119//5730
f 4119//5731 4125//5731 4126//5731
f 4119//5732 4126//5732 4120//5732
f 4120//5733 4126//5733 4127//5733
f 4120//5734 4127//5734 4121//5734
f 4121//5734 4127//5734 3911//5734
f 4121//5735 3911//5735 4122//5735
f 4122//5735 3911//5735 620//5735
f 632//5736 618//5736 3910//5736
f 3910//5737 618//5737 3911//5737
f 3910//5738 3911//5738 4128//5738
f 4128//5738 3911//5738 4127//5738
f 4128//5739 4127//5739 4129//5739
f 4129//5739 4127//5739 4126//5739
f 4129//5740 4126//5740 4130//5740
f 4130//5741 4126//5741 4125//5741
f 4130//5742 4125//5742 4131//5742
f 4131//5742 4125//5742 4124//5742
f 4131//5743 4124//5743 3930//5743
f 3930//5743 4124//5743 4123//5743
f 3930//5744 4123//5744 683//5744
f 683//5745 4123//5745 679//5745
f 626//5746 624//5746 3993//5746
f 3993//5747 624//5747 3910//5747
f 3993//5748 3910//5748 3991//5748
f 3991//5748 3910//5748 4128//5748
f 3991//5749 4128//5749 3989//5749
f 3989//5749 4128//5749 4129//5749
f 3989//5750 4129//5750 3987//5750
f 3987//5751 4129//5751 4130//5751
f 3987//5752 4130//5752 3985//5752
f 3985//5753 4130//5753 4131//5753
f 3985//5754 4131//5754 3929//5754
f 3929//5754 4131//5754 3930//5754
f 3929//5755 3930//5755 686//5755
f 686//5756 3930//5756 682//5756
f 646//5757 648//5757 4132//5757
f 4132//5758 648//5758 3994//5758
f 4132//5759 3994//5759 4133//5759
f 4133//5759 3994//5759 3992//5759
f 4133//5760 3992//5760 4134//5760
f 4134//5760 3992//5760 3990//5760
f 4134//5761 3990//5761 4135//5761
f 4135//5762 3990//5762 3988//5762
f 4135//5763 3988//5763 4136//5763
f 4136//5763 3988//5763 3986//5763
f 4136//5764 3986//5764 4137//5764
f 4137//5764 3986//5764 3928//5764
f 4137//5765 3928//5765 692//5765
f 692//5766 3928//5766 688//5766
f 648//5767 637//5767 3994//5767
f 3994//5768 637//5768 639//5768
f 3994//5769 639//5769 3993//5769
f 3993//5770 639//5770 628//5770
f 3993//5771 628//5771 626//5771
f 644//5772 646//5772 3909//5772
f 3909//5773 646//5773 4132//5773
f 3909//5774 4132//5774 4138//5774
f 4138//5774 4132//5774 4133//5774
f 4138//5775 4133//5775 4139//5775
f 4139//5775 4133//5775 4134//5775
f 4139//5776 4134//5776 4140//5776
f 4140//5776 4134//5776 4135//5776
f 4140//5777 4135//5777 4141//5777
f 4141//5777 4135//5777 4136//5777
f 4141//5778 4136//5778 3952//5778
f 3952//5778 4136//5778 4137//5778
f 3952//5779 4137//5779 691//5779
f 691//5780 4137//5780 692//5780
f 458//5781 456//5781 3908//5781
f 3908//5782 456//5782 3909//5782
f 3908//5783 3909//5783 4142//5783
f 4142//5784 3909//5784 4138//5784
f 4142//5785 4138//5785 4143//5785
f 4143//5785 4138//5785 4139//5785
f 4143//5786 4139//5786 4144//5786
f 4144//5787 4139//5787 4140//5787
f 4144//5788 4140//5788 4145//5788
f 4145//5788 4140//5788 4141//5788
f 4145//5789 4141//5789 3953//5789
f 3953//5790 4141//5790 3952//5790
f 3953//5791 3952//5791 694//5791
f 694//5792 3952//5792 695//5792
f 462//5793 465//5793 3907//5793
f 3907//5794 465//5794 3908//5794
f 3907//5795 3908//5795 4146//5795
f 4146//5795 3908//5795 4142//5795
f 4146//5796 4142//5796 4147//5796
f 4147//5796 4142//5796 4143//5796
f 4147//5797 4143//5797 4148//5797
f 4148//5797 4143//5797 4144//5797
f 4148//5798 4144//5798 4149//5798
f 4149//5798 4144//5798 4145//5798
f 4149//5799 4145//5799 3954//5799
f 3954//5799 4145//5799 3953//5799
f 3954//5800 3953//5800 697//5800
f 697//5801 3953//5801 698//5801
f 469//5802 459//5802 4150//5802
f 4150//5803 459//5803 3907//5803
f 4150//5804 3907//5804 4151//5804
f 4151//5804 3907//5804 4146//5804
f 4151//5805 4146//5805 4152//5805
f 4152//5805 4146//5805 4147//5805
f 4152//5806 4147//5806 4153//5806
f 4153//5806 4147//5806 4148//5806
f 4153//5807 4148//5807 4154//5807
f 4154//5807 4148//5807 4149//5807
f 4154//5808 4149//5808 3927//5808
f 3927//5808 4149//5808 3954//5808
f 3927//5809 3954//5809 700//5809
f 700//5810 3954//5810 701//5810
f 703//5811 3995//5811 3927//5811
f 3927//5811 3995//5811 3996//5811
f 3927//5812 3996//5812 4154//5812
f 4154//5812 3996//5812 3998//5812
f 4154//5813 3998//5813 4153//5813
f 4153//5813 3998//5813 4000//5813
f 4153//5814 4000//5814 4152//5814
f 4152//5814 4000//5814 4002//5814
f 4152//5815 4002//5815 4151//5815
f 4151//5815 4002//5815 4004//5815
f 4151//5816 4004//5816 4150//5816
f 4150//5816 4004//5816 4006//5816
f 4150//5817 4006//5817 469//5817
f 469//5817 4006//5817 4007//5817
f 287//5818 344//5818 290//5818
f 290//5818 344//5818 354//5818
f 290//5818 354//5818 384//5818
f 397//37 198//37 377//37
f 377//37 198//37 197//37
f 363//5819 276//5819 365//5819
f 365//5819 276//5819 274//5819
f 365//5819 274//5819 413//5819
f 421//37 200//37 428//37
f 428//37 200//37 199//37
f 365//5820 413//5820 366//5820
f 366//5821 413//5821 412//5821
f 366//5822 412//5822 434//5822
f 434//5823 412//5823 409//5823
f 434//5823 409//5823 435//5823
f 435//5824 409//5824 410//5824
f 435//5824 410//5824 437//5824
f 437//5825 410//5825 420//5825
f 437//5826 420//5826 438//5826
f 438//5827 420//5827 419//5827
f 438//5828 419//5828 439//5828
f 439//5829 419//5829 418//5829
f 439//5829 418//5829 440//5829
f 440//5830 418//5830 417//5830
f 440//5830 417//5830 441//5830
f 441//5831 417//5831 415//5831
f 441//5832 415//5832 429//5832
f 429//5833 415//5833 414//5833
f 429//5833 414//5833 430//5833
f 430//5834 414//5834 422//5834
f 430//5834 422//5834 432//5834
f 432//5835 422//5835 424//5835
f 432//5835 424//5835 433//5835
f 433//5836 424//5836 421//5836
f 433//5836 421//5836 428//5836
f 397//5837 377//5837 378//5837
f 397//5837 378//5837 398//5837
f 398//5838 378//5838 372//5838
f 398//5838 372//5838 399//5838
f 399//5839 372//5839 374//5839
f 399//5839 374//5839 401//5839
f 401//5840 374//5840 376//5840
f 401//5840 376//5840 402//5840
f 402//5841 376//5841 383//5841
f 402//5841 383//5841 403//5841
f 403//5842 383//5842 382//5842
f 403//5842 382//5842 404//5842
f 404//5843 382//5843 381//5843
f 404//5843 381//5843 392//5843
f 392//5844 381//5844 380//5844
f 392//5844 380//5844 393//5844
f 393//5845 380//5845 387//5845
f 393//5845 387//5845 395//5845
f 395//5846 387//5846 386//5846
f 395//5846 386//5846 396//5846
f 396//5847 386//5847 385//5847
f 396//5847 385//5847 391//5847
f 391//5848 385//5848 356//5848
f 356//5849 385//5849 384//5849
f 356//5850 384//5850 354//5850
f 369//127 368//127 328//127
f 328//127 368//127 326//127
f 332//5851 297//5851 361//5851
f 361//5851 297//5851 370//5851
f 359//5852 358//5852 322//5852
f 322//5852 358//5852 314//5852
f 332//5853 361//5853 330//5853
f 330//5853 361//5853 360//5853
f 330//5854 360//5854 328//5854
f 328//5854 360//5854 369//5854
f 326//5855 368//5855 324//5855
f 324//5855 368//5855 367//5855
f 324//5856 367//5856 322//5856
f 322//5856 367//5856 359//5856
f 4155//42 4156//42 4157//42
f 4158//42 4159//42 4155//42
f 4157//42 4160//42 4161//42
f 4155//42 4157//42 4158//42
f 4158//42 4157//42 4161//42
f 4158//42 4161//42 4162//42
f 4163//45 1794//45 1792//45
f 1498//45 4164//45 1496//45
f 1496//45 4164//45 4163//45
f 1496//45 4163//45 1786//45
f 1792//45 1790//45 4163//45
f 4163//45 1790//45 1788//45
f 4163//45 1788//45 1786//45
f 4165//44 4166//44 1503//44
f 1503//44 1508//44 4165//44
f 4165//44 1508//44 1828//44
f 4165//44 1828//44 1829//44
f 1829//44 1761//44 4165//44
f 4165//44 1761//44 1763//44
f 4165//44 1763//44 1765//44
f 4167//127 1500//127 4168//127
f 4168//127 1500//127 1510//127
f 4169//127 4170//127 1098//127
f 1098//127 4170//127 1080//127
f 4171//44 447//44 1079//44
f 1079//44 447//44 446//44
f 1100//45 448//45 4172//45
f 4172//45 448//45 450//45
f 4172//43 450//43 4169//43
f 4169//43 450//43 447//43
f 4169//43 447//43 4170//43
f 4170//43 447//43 4171//43
f 1098//1161 1100//1161 4169//1161
f 4169//1161 1100//1161 4172//1161
f 91//1172 119//1172 1784//1172
f 1794//1172 4163//1172 1757//1172
f 1757//1172 4163//1172 91//1172
f 1757//1172 91//1172 1755//1172
f 1755//1172 91//1172 1784//1172
f 85//1184 4165//1184 1765//1184
f 1765//1184 1769//1184 85//1184
f 85//1184 1769//1184 1758//1184
f 85//5857 1758//5857 74//5857
f 4164//1161 1498//1161 4167//1161
f 4167//1161 1498//1161 1500//1161
f 1079//1151 1080//1151 4171//1151
f 4171//1151 1080//1151 4170//1151
f 4168//1151 1510//1151 4166//1151
f 4166//1151 1510//1151 1503//1151
f 4167//5858 4157//5858 4164//5858
f 4164//5858 4157//5858 4156//5858
f 4168//1240 4160//1240 4167//1240
f 4167//1240 4160//1240 4157//1240
f 4155//5 4163//5 4156//5
f 4156//5 4163//5 4164//5
f 4166//5859 4161//5859 4168//5859
f 4168//5859 4161//5859 4160//5859
f 4159//5860 91//5860 4155//5860
f 4155//5860 91//5860 4163//5860
f 4165//32 4162//32 4166//32
f 4166//32 4162//32 4161//32
f 4158//5861 85//5861 4159//5861
f 4159//5861 85//5861 91//5861
f 85//5862 4158//5862 4165//5862
f 4165//5862 4158//5862 4162//5862
f 4173//43 4174//43 78//43
f 78//43 4174//43 73//43
f 4175//45 4173//45 114//45
f 114//45 4173//45 78//45
f 101//43 80//43 4176//43
f 4176//43 80//43 4177//43
f 131//44 94//44 4178//44
f 4178//44 94//44 4179//44
f 4180//43 4179//43 96//43
f 96//43 4179//43 94//43
f 4181//45 4180//45 120//45
f 120//45 4180//45 96//45
f 4182//42 4183//42 90//42
f 90//42 4183//42 92//42
f 104//44 73//44 4184//44
f 4184//44 73//44 4174//44
f 4179//37 4180//37 4178//37
f 4178//37 4180//37 4181//37
f 4178//37 4181//37 4185//37
f 4185//37 4181//37 4186//37
f 4185//37 4186//37 4187//37
f 4187//39 4186//39 4188//39
f 4187//419 4188//419 4189//419
f 4189//39 4188//39 4190//39
f 4189//37 4190//37 4191//37
f 4191//38 4190//38 4192//38
f 4191//37 4192//37 4193//37
f 4193//39 4192//39 4194//39
f 4193//37 4194//37 4195//37
f 4195//37 4194//37 4196//37
f 4195//37 4196//37 4197//37
f 4197//38 4196//38 4198//38
f 4197//37 4198//37 4199//37
f 4199//39 4198//39 4200//39
f 4199//37 4200//37 4177//37
f 4177//38 4200//38 4183//38
f 4177//37 4183//37 4176//37
f 4176//37 4183//37 4182//37
f 4176//37 4182//37 4201//37
f 4201//39 4182//39 4202//39
f 4201//37 4202//37 4203//37
f 4203//38 4202//38 4204//38
f 4203//37 4204//37 4205//37
f 4205//39 4204//39 4206//39
f 4205//37 4206//37 4207//37
f 4207//37 4206//37 4208//37
f 4207//37 4208//37 4209//37
f 4209//38 4208//38 4210//38
f 4209//37 4210//37 4211//37
f 4211//39 4210//39 4212//39
f 4211//37 4212//37 4213//37
f 4213//37 4212//37 4214//37
f 4213//37 4214//37 4215//37
f 4215//38 4214//38 4216//38
f 4215//37 4216//37 4175//37
f 4175//37 4216//37 4184//37
f 4175//37 4184//37 4173//37
f 4173//37 4184//37 4174//37
f 101//18 4176//18 122//18
f 122//18 4176//18 4201//18
f 122//17 4201//17 123//17
f 123//17 4201//17 4203//17
f 123//16 4203//16 124//16
f 124//16 4203//16 4205//16
f 124//5863 4205//5863 125//5863
f 125//5863 4205//5863 4207//5863
f 125//14 4207//14 126//14
f 126//14 4207//14 4209//14
f 126//13 4209//13 129//13
f 129//5864 4209//5864 4211//5864
f 129//12 4211//12 130//12
f 130//12 4211//12 4213//12
f 130//11 4213//11 115//11
f 115//11 4213//11 4215//11
f 115//10 4215//10 114//10
f 114//10 4215//10 4175//10
f 131//27 4178//27 127//27
f 127//27 4178//27 4185//27
f 127//26 4185//26 128//26
f 128//26 4185//26 4187//26
f 128//25 4187//25 132//25
f 132//25 4187//25 4189//25
f 132//5865 4189//5865 133//5865
f 133//5865 4189//5865 4191//5865
f 133//23 4191//23 134//23
f 134//23 4191//23 4193//23
f 134//22 4193//22 135//22
f 135//5866 4193//5866 4195//5866
f 135//21 4195//21 136//21
f 136//21 4195//21 4197//21
f 136//20 4197//20 137//20
f 137//20 4197//20 4199//20
f 137//19 4199//19 80//19
f 80//19 4199//19 4177//19
f 4182//36 90//36 89//36
f 4182//36 89//36 4202//36
f 4202//35 89//35 88//35
f 4202//35 88//35 4204//35
f 4204//34 88//34 106//34
f 4204//34 106//34 4206//34
f 4206//5867 106//5867 105//5867
f 4206//5867 105//5867 4208//5867
f 4208//32 105//32 87//32
f 4208//32 87//32 4210//32
f 4210//5868 87//5868 86//5868
f 4210//5868 86//5868 4212//5868
f 4212//30 86//30 84//30
f 4212//30 84//30 4214//30
f 4214//29 84//29 83//29
f 4214//29 83//29 4216//29
f 4216//5869 83//5869 104//5869
f 4216//28 104//28 4184//28
f 4181//5870 120//5870 121//5870
f 4181//9 121//9 4186//9
f 4186//8 121//8 112//8
f 4186//8 112//8 4188//8
f 4188//7 112//7 111//7
f 4188//7 111//7 4190//7
f 4190//5871 111//5871 110//5871
f 4190//6 110//6 4192//6
f 4192//5 110//5 109//5
f 4192//5 109//5 4194//5
f 4194//5872 109//5872 108//5872
f 4194//5872 108//5872 4196//5872
f 4196//3 108//3 107//3
f 4196//3 107//3 4198//3
f 4198//2 107//2 93//2
f 4198//2 93//2 4200//2
f 4200//1 93//1 92//1
f 4200//1 92//1 4183//1
f 4217//5873 4218//5873 4219//5873
f 4220//5874 4221//5874 4222//5874
f 4222//5875 4221//5875 4223//5875
f 4222//5876 4223//5876 4224//5876
f 4224//5877 4223//5877 4225//5877
f 4224//5878 4225//5878 4226//5878
f 4226//5879 4225//5879 4217//5879
f 4226//5880 4217//5880 4227//5880
f 4227//5881 4217//5881 4219//5881
f 4228//5882 4229//5882 4230//5882
f 4228//5883 4230//5883 4231//5883
f 4230//5884 4232//5884 4231//5884
f 4231//5885 4232//5885 4233//5885
f 4231//5886 4233//5886 4234//5886
f 4234//5887 4233//5887 4235//5887
f 4234//5888 4235//5888 4236//5888
f 4236//5889 4235//5889 4237//5889
f 4236//5890 4237//5890 4218//5890
f 4218//5891 4237//5891 4238//5891
f 4218//5892 4238//5892 4219//5892
f 4229//5893 4228//5893 4239//5893
f 4239//5894 4228//5894 4240//5894
f 4239//5895 4240//5895 4241//5895
f 4241//5896 4240//5896 4242//5896
f 4241//5897 4242//5897 4243//5897
f 4243//5898 4242//5898 4244//5898
f 4243//5899 4244//5899 4245//5899
f 4245//5900 4244//5900 4246//5900
f 4246//5901 4244//5901 4247//5901
f 4246//5902 4247//5902 4248//5902
f 4248//5903 4247//5903 4249//5903
f 4248//5904 4249//5904 4250//5904
f 4250//5905 4249//5905 4251//5905
f 4251//5906 4249//5906 4252//5906
f 4251//5907 4252//5907 4253//5907
f 4253//5908 4252//5908 4254//5908
f 4253//5909 4254//5909 4255//5909
f 4255//5910 4254//5910 4256//5910
f 4256//5911 4254//5911 4257//5911
f 4256//5912 4257//5912 4258//5912
f 4258//5913 4257//5913 4259//5913
f 4258//5914 4259//5914 4260//5914
f 4260//5915 4259//5915 4261//5915
f 4261//5916 4259//5916 4262//5916
f 4261//5917 4262//5917 4263//5917
f 4263//5918 4262//5918 4264//5918
f 4263//5919 4264//5919 4265//5919
f 4265//5920 4264//5920 4266//5920
f 4266//5921 4264//5921 4267//5921
f 4266//5922 4267//5922 4268//5922
f 4268//5923 4267//5923 4269//5923
f 4268//5924 4269//5924 4270//5924
f 4271//5925 4272//5925 4273//5925
f 4273//5926 4272//5926 4274//5926
f 4273//5927 4274//5927 4275//5927
f 4275//5928 4274//5928 4276//5928
f 4275//5929 4276//5929 4269//5929
f 4269//5930 4276//5930 4277//5930
f 4269//5931 4277//5931 4270//5931
f 4278//5932 4279//5932 4280//5932
f 4280//5933 4281//5933 4278//5933
f 4278//5934 4281//5934 4282//5934
f 4278//5935 4282//5935 4283//5935
f 4283//5936 4282//5936 4284//5936
f 4283//5937 4284//5937 4285//5937
f 4285//5938 4284//5938 4286//5938
f 4285//5939 4286//5939 4271//5939
f 4271//5940 4286//5940 4287//5940
f 4271//5941 4287//5941 4272//5941
f 4288//5942 4289//5942 4290//5942
f 4288//5943 4290//5943 4291//5943
f 4291//5944 4290//5944 4292//5944
f 4291//5945 4292//5945 4279//5945
f 4279//5946 4292//5946 4293//5946
f 4279//5947 4293//5947 4280//5947
f 4289//5948 4288//5948 4294//5948
f 4294//5949 4288//5949 4295//5949
f 4294//5950 4295//5950 4296//5950
f 4296//5951 4295//5951 4297//5951
f 4296//5952 4297//5952 4298//5952
f 4298//5953 4297//5953 4299//5953
f 4299//5954 4297//5954 4300//5954
f 4299//5955 4300//5955 4301//5955
f 4301//5956 4300//5956 4302//5956
f 4301//5957 4302//5957 4303//5957
f 4303//5958 4302//5958 4304//5958
f 4304//5959 4302//5959 4305//5959
f 4304//5960 4305//5960 4306//5960
f 4306//5961 4305//5961 4307//5961
f 4306//5962 4307//5962 4308//5962
f 4308//5963 4307//5963 4309//5963
f 4309//5964 4307//5964 4310//5964
f 4309//5965 4310//5965 4311//5965
f 4311//5966 4310//5966 4312//5966
f 4311//5967 4312//5967 4313//5967
f 4314//5968 4315//5968 4316//5968
f 4316//5969 4315//5969 4317//5969
f 4316//5970 4317//5970 4312//5970
f 4312//5971 4317//5971 4318//5971
f 4312//5972 4318//5972 4313//5972
f 4319//5973 4320//5973 4321//5973
f 4321//5974 4320//5974 4322//5974
f 4321//5975 4322//5975 4314//5975
f 4314//5976 4322//5976 4323//5976
f 4314//5977 4323//5977 4315//5977
f 4324//5978 4325//5978 4326//5978
f 4326//5979 4325//5979 4327//5979
f 4326//5980 4327//5980 4328//5980
f 4328//5981 4327//5981 4329//5981
f 4328//5982 4329//5982 4330//5982
f 4330//5983 4329//5983 4331//5983
f 4330//5984 4331//5984 4332//5984
f 4332//5985 4331//5985 4333//5985
f 4332//5986 4333//5986 4319//5986
f 4319//5987 4333//5987 4334//5987
f 4319//5988 4334//5988 4320//5988
f 4324//5989 4326//5989 4335//5989
f 4335//5990 4326//5990 4336//5990
f 4335//5991 4336//5991 4337//5991
f 4337//5992 4336//5992 4338//5992
f 4338//5993 4336//5993 4339//5993
f 4338//5994 4339//5994 4340//5994
f 4340//5995 4339//5995 4341//5995
f 4340//5996 4341//5996 4342//5996
f 4342//5997 4341//5997 4343//5997
f 4343//5998 4341//5998 4344//5998
f 4343//5999 4344//5999 4345//5999
f 4345//6000 4344//6000 4346//6000
f 4345//6001 4346//6001 4347//6001
f 4347//6002 4346//6002 4348//6002
f 4348//6003 4346//6003 4349//6003
f 4348//6004 4349//6004 4350//6004
f 4350//6005 4349//6005 4351//6005
f 4350//6006 4351//6006 4352//6006
f 4352//6007 4351//6007 4353//6007
f 4353//6008 4351//6008 4354//6008
f 4353//6009 4354//6009 4355//6009
f 4355//6010 4354//6010 4356//6010
f 4355//6011 4356//6011 4357//6011
f 4357//6012 4356//6012 4358//6012
f 4358//6013 4356//6013 4359//6013
f 4358//6014 4359//6014 4360//6014
f 4360//6015 4359//6015 4361//6015
f 4360//6016 4361//6016 4362//6016
f 4362//6017 4361//6017 4363//6017
f 4363//6018 4361//6018 4364//6018
f 4363//6019 4364//6019 4365//6019
f 4365//6020 4364//6020 4366//6020
f 4366//6021 4364//6021 4367//6021
f 4366//6022 4367//6022 4368//6022
f 4368//6023 4367//6023 4369//6023
f 4368//6024 4369//6024 4370//6024
f 4370//6025 4369//6025 4371//6025
f 4370//6026 4371//6026 4372//6026
f 4372//6027 4371//6027 4373//6027
f 4372//6028 4373//6028 4374//6028
f 4375//6029 4376//6029 4373//6029
f 4373//6030 4376//6030 4377//6030
f 4373//6031 4377//6031 4374//6031
f 4378//6032 4379//6032 4380//6032
f 4380//6033 4379//6033 4381//6033
f 4380//6034 4381//6034 4382//6034
f 4382//6035 4381//6035 4383//6035
f 4382//6036 4383//6036 4375//6036
f 4375//6037 4383//6037 4384//6037
f 4375//6038 4384//6038 4376//6038
f 4385//6039 4386//6039 4387//6039
f 4387//6040 4386//6040 4388//6040
f 4387//6041 4388//6041 4378//6041
f 4378//6042 4388//6042 4389//6042
f 4378//6043 4389//6043 4379//6043
f 4390//6044 4391//6044 4392//6044
f 4392//6045 4391//6045 4393//6045
f 4392//6046 4393//6046 4385//6046
f 4385//6047 4393//6047 4394//6047
f 4385//6048 4394//6048 4386//6048
f 4220//6049 4395//6049 4221//6049
f 4221//6050 4395//6050 4396//6050
f 4221//6051 4396//6051 4397//6051
f 4397//6052 4396//6052 4398//6052
f 4397//6053 4398//6053 4390//6053
f 4390//6054 4398//6054 4399//6054
f 4390//6055 4399//6055 4391//6055
f 44//127 4400//127 46//127
f 46//127 4400//127 4401//127
f 46//127 4401//127 48//127
f 48//6056 4401//6056 4402//6056
f 48//6057 4402//6057 50//6057
f 50//6058 4402//6058 4403//6058
f 50//6059 4403//6059 52//6059
f 52//6058 4403//6058 4404//6058
f 52//127 4404//127 54//127
f 54//127 4404//127 4405//127
f 54//127 4405//127 56//127
f 56//6058 4405//6058 4406//6058
f 56//6059 4406//6059 58//6059
f 58//6058 4406//6058 4407//6058
f 58//6057 4407//6057 60//6057
f 60//6056 4407//6056 4408//6056
f 60//127 4408//127 62//127
f 62//127 4408//127 4409//127
f 62//6059 4409//6059 64//6059
f 64//6057 4409//6057 4410//6057
f 64//127 4410//127 66//127
f 66//127 4410//127 4411//127
f 66//127 4411//127 68//127
f 68//127 4411//127 4412//127
f 68//127 4412//127 70//127
f 70//127 4412//127 4413//127
f 70//127 4413//127 72//127
f 72//127 4413//127 4414//127
f 72//127 4414//127 2//127
f 2//127 4414//127 4415//127
f 2//127 4415//127 4//127
f 4//127 4415//127 4416//127
f 4//127 4416//127 6//127
f 6//127 4416//127 4417//127
f 6//6058 4417//6058 8//6058
f 4417//127 4418//127 8//127
f 8//6059 4418//6059 4419//6059
f 8//127 4419//127 10//127
f 10//127 4419//127 4420//127
f 10//127 4420//127 12//127
f 12//6058 4420//6058 4421//6058
f 12//6059 4421//6059 14//6059
f 14//6056 4421//6056 4422//6056
f 14//6057 4422//6057 16//6057
f 16//6056 4422//6056 4423//6056
f 16//127 4423//127 18//127
f 18//127 4423//127 4424//127
f 18//127 4424//127 20//127
f 20//6056 4424//6056 4425//6056
f 20//6057 4425//6057 22//6057
f 22//6056 4425//6056 4426//6056
f 22//6059 4426//6059 24//6059
f 24//6058 4426//6058 4427//6058
f 24//127 4427//127 26//127
f 26//127 4427//127 4428//127
f 26//6057 4428//6057 28//6057
f 28//6059 4428//6059 4429//6059
f 28//127 4429//127 30//127
f 30//127 4429//127 4430//127
f 30//127 4430//127 32//127
f 32//127 4430//127 4431//127
f 32//127 4431//127 34//127
f 34//127 4431//127 4432//127
f 34//127 4432//127 36//127
f 36//127 4432//127 4433//127
f 36//127 4433//127 38//127
f 38//127 4433//127 4434//127
f 38//127 4434//127 40//127
f 40//127 4434//127 4435//127
f 40//127 4435//127 42//127
f 42//127 4435//127 4436//127
f 42//6056 4436//6056 44//6056
f 44//6057 4436//6057 4437//6057
f 44//6057 4437//6057 4400//6057
f 4438//42 4439//42 4440//42
f 4438//42 4440//42 4441//42
f 4442//42 4443//42 4440//42
f 4440//42 4443//42 4444//42
f 4440//42 4444//42 4441//42
f 4445//42 4446//42 4440//42
f 4440//42 4446//42 4447//42
f 4440//42 4447//42 4442//42
f 4448//42 4449//42 4440//42
f 4440//42 4449//42 4450//42
f 4440//42 4450//42 4445//42
f 4451//42 4452//42 4440//42
f 4440//42 4452//42 4453//42
f 4440//42 4453//42 4448//42
f 4454//42 4455//42 4440//42
f 4440//42 4455//42 4456//42
f 4440//42 4456//42 4451//42
f 4457//42 4458//42 4440//42
f 4440//42 4458//42 4459//42
f 4440//42 4459//42 4454//42
f 4460//42 4461//42 4440//42
f 4440//42 4461//42 4462//42
f 4440//42 4462//42 4457//42
f 4463//42 4464//42 4440//42
f 4440//42 4464//42 4465//42
f 4440//42 4465//42 4460//42
f 4466//42 4467//42 4440//42
f 4440//42 4467//42 4468//42
f 4440//42 4468//42 4463//42
f 4469//42 4470//42 4440//42
f 4440//42 4470//42 4471//42
f 4440//42 4471//42 4466//42
f 4472//42 4473//42 4440//42
f 4440//42 4473//42 4474//42
f 4440//42 4474//42 4469//42
f 4439//42 4475//42 4440//42
f 4440//42 4475//42 4476//42
f 4440//42 4476//42 4472//42
f 4477//43 4478//43 4479//43
f 4477//43 4479//43 4480//43
f 4481//43 4482//43 4479//43
f 4479//43 4482//43 4483//43
f 4479//43 4483//43 4480//43
f 4484//43 4485//43 4479//43
f 4479//43 4485//43 4486//43
f 4479//43 4486//43 4481//43
f 4487//43 4488//43 4479//43
f 4479//43 4488//43 4489//43
f 4479//43 4489//43 4484//43
f 4490//43 4491//43 4479//43
f 4479//43 4491//43 4492//43
f 4479//43 4492//43 4487//43
f 4493//43 4494//43 4479//43
f 4479//43 4494//43 4495//43
f 4479//43 4495//43 4490//43
f 4496//43 4497//43 4479//43
f 4479//43 4497//43 4498//43
f 4479//43 4498//43 4493//43
f 4499//43 4500//43 4479//43
f 4479//43 4500//43 4501//43
f 4479//43 4501//43 4496//43
f 4502//43 4503//43 4479//43
f 4479//43 4503//43 4504//43
f 4479//43 4504//43 4499//43
f 4505//43 4506//43 4479//43
f 4479//43 4506//43 4507//43
f 4479//43 4507//43 4502//43
f 4508//43 4509//43 4479//43
f 4479//43 4509//43 4510//43
f 4479//43 4510//43 4505//43
f 4511//43 4512//43 4479//43
f 4479//43 4512//43 4513//43
f 4479//43 4513//43 4508//43
f 4478//43 4514//43 4479//43
f 4479//43 4514//43 4515//43
f 4479//43 4515//43 4511//43
f 4487//6060 4516//6060 4517//6060
f 4517//6061 4518//6061 4487//6061
f 4487//6062 4518//6062 4519//6062
f 4487//6063 4519//6063 4488//6063
f 4488//6064 4519//6064 4520//6064
f 4521//6065 4522//6065 4492//6065
f 4492//6066 4522//6066 4523//6066
f 4492//6067 4523//6067 4487//6067
f 4487//6068 4523//6068 4524//6068
f 4487//6069 4524//6069 4516//6069
f 4525//6070 4526//6070 4491//6070
f 4491//6071 4526//6071 4527//6071
f 4527//6072 4528//6072 4491//6072
f 4491//6073 4528//6073 4529//6073
f 4491//6074 4529//6074 4492//6074
f 4492//6075 4529//6075 4530//6075
f 4492//6076 4530//6076 4521//6076
f 4531//6077 4532//6077 4463//6077
f 4533//6078 4534//6078 4463//6078
f 4463//6079 4534//6079 4535//6079
f 4463//6080 4535//6080 4531//6080
f 4532//6081 4536//6081 4463//6081
f 4463//6082 4536//6082 4537//6082
f 4463//6083 4537//6083 4538//6083
f 4490//6084 4539//6084 4540//6084
f 4540//6085 4541//6085 4490//6085
f 4490//6086 4541//6086 4542//6086
f 4490//6087 4542//6087 4543//6087
f 4543//6088 4544//6088 4490//6088
f 4490//6089 4544//6089 4545//6089
f 4490//6090 4545//6090 4491//6090
f 4491//6091 4545//6091 4546//6091
f 4491//6092 4546//6092 4525//6092
f 4468//6093 4547//6093 4548//6093
f 4548//6094 4549//6094 4468//6094
f 4468//6095 4549//6095 4550//6095
f 4468//6096 4550//6096 4463//6096
f 4463//6097 4550//6097 4551//6097
f 4463//6098 4551//6098 4533//6098
f 4552//6099 4553//6099 4466//6099
f 4466//6100 4553//6100 4554//6100
f 4466//6101 4554//6101 4467//6101
f 4554//6102 4555//6102 4467//6102
f 4467//6103 4555//6103 4556//6103
f 4467//6104 4556//6104 4557//6104
f 4557//6105 4558//6105 4467//6105
f 4467//6106 4558//6106 4559//6106
f 4467//6107 4559//6107 4468//6107
f 4468//6108 4559//6108 4560//6108
f 4468//6109 4560//6109 4547//6109
f 4561//6110 4562//6110 4471//6110
f 4471//6111 4562//6111 4563//6111
f 4471//6112 4563//6112 4466//6112
f 4466//6113 4563//6113 4564//6113
f 4466//6114 4564//6114 4552//6114
f 4565//6115 4566//6115 4470//6115
f 4470//6116 4566//6116 4567//6116
f 4470//6117 4567//6117 4471//6117
f 4471//6118 4567//6118 4568//6118
f 4471//6119 4568//6119 4561//6119
f 4569//6120 4570//6120 4469//6120
f 4469//6121 4570//6121 4571//6121
f 4571//6122 4572//6122 4469//6122
f 4469//6123 4572//6123 4573//6123
f 4469//6124 4573//6124 4470//6124
f 4470//6125 4573//6125 4574//6125
f 4470//6126 4574//6126 4565//6126
f 4575//6127 4576//6127 4485//6127
f 4485//6128 4576//6128 4577//6128
f 4485//6129 4577//6129 4578//6129
f 4578//6130 4579//6130 4485//6130
f 4485//6131 4579//6131 4580//6131
f 4485//6132 4580//6132 4581//6132
f 4581//6133 4582//6133 4474//6133
f 4474//6134 4582//6134 4583//6134
f 4583//6135 4584//6135 4474//6135
f 4474//6136 4584//6136 4585//6136
f 4474//6137 4585//6137 4586//6137
f 4586//6138 4587//6138 4474//6138
f 4474//6139 4587//6139 4588//6139
f 4474//6140 4588//6140 4469//6140
f 4469//6141 4588//6141 4589//6141
f 4469//6142 4589//6142 4569//6142
f 4590//6143 4591//6143 4484//6143
f 4484//6144 4591//6144 4592//6144
f 4484//6145 4592//6145 4593//6145
f 4593//6146 4594//6146 4484//6146
f 4484//6147 4594//6147 4595//6147
f 4484//6148 4595//6148 4485//6148
f 4485//6149 4595//6149 4596//6149
f 4485//6150 4596//6150 4575//6150
f 4597//6151 4598//6151 4489//6151
f 4520//6152 4599//6152 4488//6152
f 4488//6153 4599//6153 4600//6153
f 4488//6154 4600//6154 4489//6154
f 4489//6155 4600//6155 4601//6155
f 4489//6156 4601//6156 4597//6156
f 4598//6157 4602//6157 4489//6157
f 4489//6158 4602//6158 4603//6158
f 4489//6159 4603//6159 4484//6159
f 4484//6160 4603//6160 4604//6160
f 4484//6161 4604//6161 4590//6161
f 4581//6162 4474//6162 4485//6162
f 4485//6163 4474//6163 4473//6163
f 4485//6163 4473//6163 4486//6163
f 4486//6164 4473//6164 4472//6164
f 4486//6164 4472//6164 4481//6164
f 4481//6165 4472//6165 4476//6165
f 4481//6165 4476//6165 4482//6165
f 4482//6166 4476//6166 4475//6166
f 4482//6166 4475//6166 4483//6166
f 4483//6167 4475//6167 4439//6167
f 4483//6167 4439//6167 4480//6167
f 4480//6168 4439//6168 4438//6168
f 4480//6168 4438//6168 4477//6168
f 4477//6169 4438//6169 4441//6169
f 4477//6169 4441//6169 4478//6169
f 4478//6170 4441//6170 4444//6170
f 4478//6170 4444//6170 4514//6170
f 4514//6171 4444//6171 4443//6171
f 4514//6171 4443//6171 4515//6171
f 4515//6172 4443//6172 4442//6172
f 4515//6172 4442//6172 4511//6172
f 4511//6173 4442//6173 4447//6173
f 4511//6173 4447//6173 4512//6173
f 4512//6174 4447//6174 4446//6174
f 4512//6174 4446//6174 4513//6174
f 4513//6175 4446//6175 4445//6175
f 4513//6175 4445//6175 4508//6175
f 4508//6176 4445//6176 4450//6176
f 4508//6176 4450//6176 4509//6176
f 4509//6177 4450//6177 4449//6177
f 4509//6177 4449//6177 4510//6177
f 4510//37 4449//37 4448//37
f 4510//37 4448//37 4505//37
f 4505//6178 4448//6178 4453//6178
f 4505//6178 4453//6178 4506//6178
f 4506//6179 4453//6179 4452//6179
f 4506//6179 4452//6179 4507//6179
f 4507//6180 4452//6180 4451//6180
f 4507//6180 4451//6180 4502//6180
f 4502//6181 4451//6181 4456//6181
f 4502//6181 4456//6181 4503//6181
f 4503//6182 4456//6182 4455//6182
f 4503//6182 4455//6182 4504//6182
f 4504//6183 4455//6183 4454//6183
f 4504//6183 4454//6183 4499//6183
f 4499//6184 4454//6184 4459//6184
f 4499//6184 4459//6184 4500//6184
f 4500//6185 4459//6185 4458//6185
f 4500//6185 4458//6185 4501//6185
f 4501//6186 4458//6186 4457//6186
f 4501//6186 4457//6186 4496//6186
f 4496//6187 4457//6187 4462//6187
f 4496//6187 4462//6187 4497//6187
f 4497//6188 4462//6188 4461//6188
f 4497//6188 4461//6188 4498//6188
f 4498//6189 4461//6189 4460//6189
f 4498//6189 4460//6189 4493//6189
f 4493//6190 4460//6190 4465//6190
f 4493//6190 4465//6190 4494//6190
f 4494//6191 4465//6191 4464//6191
f 4494//6191 4464//6191 4495//6191
f 4495//6192 4464//6192 4463//6192
f 4495//6192 4463//6192 4490//6192
f 4490//6193 4463//6193 4538//6193
f 4490//6194 4538//6194 4539//6194
f 4302//6195 4300//6195 4605//6195
f 4297//6196 4295//6196 4606//6196
f 4288//6197 4291//6197 4607//6197
f 4279//6198 4278//6198 4608//6198
f 4283//6199 4285//6199 4609//6199
f 4271//6200 4273//6200 4610//6200
f 4275//6201 4269//6201 4611//6201
f 4267//6202 4264//6202 4612//6202
f 4262//6203 4259//6203 4613//6203
f 4242//6204 4240//6204 4614//6204
f 4228//6205 4231//6205 4615//6205
f 4234//6206 4236//6206 4616//6206
f 4218//6207 4217//6207 4617//6207
f 4225//6208 4223//6208 4618//6208
f 4390//6209 4392//6209 4619//6209
f 4385//6210 4387//6210 4620//6210
f 4378//6211 4380//6211 4621//6211
f 4382//6212 4375//6212 4622//6212
f 4373//6213 4371//6213 4623//6213
f 4369//6214 4367//6214 4624//6214
f 4364//6215 4361//6215 4625//6215
f 4359//6216 4356//6216 4626//6216
f 4354//6217 4351//6217 4627//6217
f 4326//6218 4328//6218 4628//6218
f 4330//6219 4332//6219 4629//6219
f 4319//6220 4321//6220 4630//6220
f 4314//6221 4316//6221 4631//6221
f 4312//6222 4310//6222 4632//6222
f 4408//6223 4407//6223 4633//6223
f 4633//6224 4407//6224 4634//6224
f 4633//6225 4634//6225 4635//6225
f 4635//6225 4634//6225 4636//6225
f 4635//6226 4636//6226 4637//6226
f 4637//6227 4636//6227 4638//6227
f 4637//6228 4638//6228 4639//6228
f 4427//6229 4426//6229 4640//6229
f 4640//6230 4426//6230 4641//6230
f 4640//6231 4641//6231 4642//6231
f 4642//6231 4641//6231 4643//6231
f 4642//6232 4643//6232 4644//6232
f 4644//6233 4643//6233 4645//6233
f 4644//6234 4645//6234 4646//6234
f 4409//6235 4408//6235 4647//6235
f 4647//6235 4408//6235 4633//6235
f 4647//6236 4633//6236 4648//6236
f 4648//6236 4633//6236 4635//6236
f 4648//6237 4635//6237 4649//6237
f 4649//6237 4635//6237 4637//6237
f 4649//6238 4637//6238 4650//6238
f 4650//6238 4637//6238 4639//6238
f 4650//6239 4639//6239 4651//6239
f 4428//6240 4427//6240 4652//6240
f 4652//6240 4427//6240 4640//6240
f 4652//6241 4640//6241 4653//6241
f 4653//6241 4640//6241 4642//6241
f 4653//6242 4642//6242 4654//6242
f 4654//6242 4642//6242 4644//6242
f 4654//6243 4644//6243 4655//6243
f 4655//6243 4644//6243 4646//6243
f 4655//6244 4646//6244 4656//6244
f 4410//6245 4409//6245 4657//6245
f 4657//6246 4409//6246 4647//6246
f 4657//6247 4647//6247 4658//6247
f 4658//6248 4647//6248 4648//6248
f 4658//6249 4648//6249 4659//6249
f 4659//6249 4648//6249 4649//6249
f 4659//6250 4649//6250 4660//6250
f 4660//6250 4649//6250 4650//6250
f 4660//6251 4650//6251 4661//6251
f 4661//6251 4650//6251 4651//6251
f 4661//6252 4651//6252 4662//6252
f 4429//6253 4428//6253 4663//6253
f 4663//6254 4428//6254 4652//6254
f 4663//6255 4652//6255 4664//6255
f 4664//6256 4652//6256 4653//6256
f 4664//6257 4653//6257 4665//6257
f 4665//6257 4653//6257 4654//6257
f 4665//6258 4654//6258 4666//6258
f 4666//6258 4654//6258 4655//6258
f 4666//6259 4655//6259 4667//6259
f 4667//6259 4655//6259 4656//6259
f 4667//6260 4656//6260 4668//6260
f 4411//6261 4410//6261 4669//6261
f 4669//6261 4410//6261 4657//6261
f 4669//6262 4657//6262 4670//6262
f 4670//6262 4657//6262 4658//6262
f 4670//6263 4658//6263 4671//6263
f 4671//6264 4658//6264 4659//6264
f 4671//6265 4659//6265 4672//6265
f 4672//6265 4659//6265 4660//6265
f 4672//6266 4660//6266 4673//6266
f 4673//6266 4660//6266 4661//6266
f 4673//6267 4661//6267 4674//6267
f 4674//6268 4661//6268 4662//6268
f 4674//6269 4662//6269 4675//6269
f 4430//6270 4429//6270 4676//6270
f 4676//6270 4429//6270 4663//6270
f 4676//6271 4663//6271 4677//6271
f 4677//6271 4663//6271 4664//6271
f 4677//6272 4664//6272 4678//6272
f 4678//6273 4664//6273 4665//6273
f 4678//6274 4665//6274 4679//6274
f 4679//6274 4665//6274 4666//6274
f 4679//6275 4666//6275 4680//6275
f 4680//6275 4666//6275 4667//6275
f 4680//6276 4667//6276 4681//6276
f 4681//6277 4667//6277 4668//6277
f 4681//6278 4668//6278 4682//6278
f 4412//6279 4411//6279 4683//6279
f 4683//6279 4411//6279 4669//6279
f 4683//6280 4669//6280 4684//6280
f 4684//6280 4669//6280 4670//6280
f 4684//6281 4670//6281 4685//6281
f 4685//6282 4670//6282 4671//6282
f 4685//6283 4671//6283 4686//6283
f 4686//6283 4671//6283 4672//6283
f 4686//6284 4672//6284 4687//6284
f 4687//6284 4672//6284 4673//6284
f 4687//6285 4673//6285 4688//6285
f 4688//6285 4673//6285 4674//6285
f 4688//6286 4674//6286 4689//6286
f 4689//6286 4674//6286 4675//6286
f 4689//6287 4675//6287 4631//6287
f 4431//6288 4430//6288 4690//6288
f 4690//6288 4430//6288 4676//6288
f 4690//6289 4676//6289 4691//6289
f 4691//6289 4676//6289 4677//6289
f 4691//6290 4677//6290 4692//6290
f 4692//6291 4677//6291 4678//6291
f 4692//6292 4678//6292 4693//6292
f 4693//6292 4678//6292 4679//6292
f 4693//6293 4679//6293 4694//6293
f 4694//6293 4679//6293 4680//6293
f 4694//6294 4680//6294 4695//6294
f 4695//6294 4680//6294 4681//6294
f 4695//6295 4681//6295 4696//6295
f 4696//6295 4681//6295 4682//6295
f 4696//6296 4682//6296 4617//6296
f 4697//6297 4698//6297 4699//6297
f 4700//6298 4701//6298 4702//6298
f 4703//6299 4413//6299 4704//6299
f 4704//6299 4413//6299 4705//6299
f 4704//6300 4705//6300 4706//6300
f 4706//6301 4705//6301 4707//6301
f 4706//6302 4707//6302 4708//6302
f 4708//6302 4707//6302 4709//6302
f 4708//6303 4709//6303 4710//6303
f 4710//6303 4709//6303 4711//6303
f 4710//6304 4711//6304 4712//6304
f 4712//6304 4711//6304 4713//6304
f 4712//6305 4713//6305 4714//6305
f 4714//6305 4713//6305 4715//6305
f 4714//6306 4715//6306 4716//6306
f 4716//6306 4715//6306 4717//6306
f 4716//6307 4717//6307 4718//6307
f 4718//6307 4717//6307 4632//6307
f 4718//6308 4632//6308 4719//6308
f 4719//6308 4632//6308 4310//6308
f 4316//6309 4312//6309 4631//6309
f 4631//6310 4312//6310 4632//6310
f 4631//6311 4632//6311 4689//6311
f 4689//6311 4632//6311 4717//6311
f 4689//6312 4717//6312 4688//6312
f 4688//6312 4717//6312 4715//6312
f 4688//6313 4715//6313 4687//6313
f 4687//6313 4715//6313 4713//6313
f 4687//6314 4713//6314 4686//6314
f 4686//6314 4713//6314 4711//6314
f 4686//6315 4711//6315 4685//6315
f 4685//6315 4711//6315 4709//6315
f 4685//6316 4709//6316 4684//6316
f 4684//6317 4709//6317 4707//6317
f 4684//6318 4707//6318 4683//6318
f 4683//6318 4707//6318 4705//6318
f 4683//6319 4705//6319 4412//6319
f 4412//6320 4705//6320 4413//6320
f 4638//6321 4720//6321 4639//6321
f 4639//6322 4720//6322 4721//6322
f 4639//6239 4721//6239 4651//6239
f 4651//6323 4721//6323 4722//6323
f 4651//6324 4722//6324 4662//6324
f 4662//6325 4722//6325 4723//6325
f 4662//6269 4723//6269 4675//6269
f 4675//6326 4723//6326 4630//6326
f 4675//6287 4630//6287 4631//6287
f 4631//6327 4630//6327 4321//6327
f 4631//6328 4321//6328 4314//6328
f 4720//6329 4724//6329 4721//6329
f 4721//6330 4724//6330 4725//6330
f 4721//6323 4725//6323 4722//6323
f 4722//6331 4725//6331 4726//6331
f 4722//6325 4726//6325 4723//6325
f 4723//6332 4726//6332 4629//6332
f 4723//6326 4629//6326 4630//6326
f 4630//6333 4629//6333 4332//6333
f 4630//6334 4332//6334 4319//6334
f 4724//6330 4727//6330 4725//6330
f 4725//6335 4727//6335 4728//6335
f 4725//6336 4728//6336 4726//6336
f 4726//6337 4728//6337 4628//6337
f 4726//6338 4628//6338 4629//6338
f 4629//6339 4628//6339 4328//6339
f 4629//6340 4328//6340 4330//6340
f 4727//6335 4697//6335 4728//6335
f 4728//6297 4697//6297 4699//6297
f 4728//6337 4699//6337 4628//6337
f 4628//6341 4699//6341 4336//6341
f 4628//6342 4336//6342 4326//6342
f 4349//6343 4346//6343 4729//6343
f 4729//6344 4346//6344 4698//6344
f 4729//6345 4698//6345 4730//6345
f 4730//6345 4698//6345 4697//6345
f 4730//6346 4697//6346 4731//6346
f 4731//6346 4697//6346 4727//6346
f 4731//6347 4727//6347 4732//6347
f 4732//6347 4727//6347 4724//6347
f 4732//6348 4724//6348 4733//6348
f 4733//6349 4724//6349 4720//6349
f 4733//6350 4720//6350 4734//6350
f 4734//6351 4720//6351 4638//6351
f 4734//6352 4638//6352 4735//6352
f 4735//6353 4638//6353 4636//6353
f 4735//6354 4636//6354 4736//6354
f 4736//6354 4636//6354 4634//6354
f 4736//6355 4634//6355 4406//6355
f 4406//6355 4634//6355 4407//6355
f 4346//6356 4344//6356 4698//6356
f 4698//6357 4344//6357 4341//6357
f 4698//6358 4341//6358 4699//6358
f 4699//6359 4341//6359 4339//6359
f 4699//6360 4339//6360 4336//6360
f 4406//6361 4405//6361 4736//6361
f 4736//6362 4405//6362 4737//6362
f 4736//6363 4737//6363 4735//6363
f 4735//6363 4737//6363 4738//6363
f 4735//6364 4738//6364 4734//6364
f 4734//6365 4738//6365 4739//6365
f 4734//6366 4739//6366 4733//6366
f 4733//6367 4739//6367 4740//6367
f 4733//6368 4740//6368 4732//6368
f 4732//6368 4740//6368 4741//6368
f 4732//6369 4741//6369 4731//6369
f 4731//6369 4741//6369 4742//6369
f 4731//6370 4742//6370 4730//6370
f 4730//6370 4742//6370 4743//6370
f 4730//6371 4743//6371 4729//6371
f 4729//6371 4743//6371 4627//6371
f 4729//6372 4627//6372 4349//6372
f 4349//6373 4627//6373 4351//6373
f 4356//6374 4354//6374 4626//6374
f 4626//6375 4354//6375 4627//6375
f 4626//6376 4627//6376 4744//6376
f 4744//6376 4627//6376 4743//6376
f 4744//6377 4743//6377 4745//6377
f 4745//6377 4743//6377 4742//6377
f 4745//6378 4742//6378 4746//6378
f 4746//6379 4742//6379 4741//6379
f 4746//6380 4741//6380 4747//6380
f 4747//6380 4741//6380 4740//6380
f 4747//6381 4740//6381 4748//6381
f 4748//6382 4740//6382 4739//6382
f 4748//6383 4739//6383 4749//6383
f 4749//6384 4739//6384 4738//6384
f 4749//6385 4738//6385 4750//6385
f 4750//6386 4738//6386 4737//6386
f 4750//6387 4737//6387 4404//6387
f 4404//6388 4737//6388 4405//6388
f 4361//6389 4359//6389 4625//6389
f 4625//6390 4359//6390 4626//6390
f 4625//6391 4626//6391 4751//6391
f 4751//6391 4626//6391 4744//6391
f 4751//6392 4744//6392 4752//6392
f 4752//6392 4744//6392 4745//6392
f 4752//6393 4745//6393 4753//6393
f 4753//6393 4745//6393 4746//6393
f 4753//6394 4746//6394 4754//6394
f 4754//6395 4746//6395 4747//6395
f 4754//6396 4747//6396 4755//6396
f 4755//6396 4747//6396 4748//6396
f 4755//6397 4748//6397 4756//6397
f 4756//6398 4748//6398 4749//6398
f 4756//6399 4749//6399 4757//6399
f 4757//6399 4749//6399 4750//6399
f 4757//6400 4750//6400 4403//6400
f 4403//6401 4750//6401 4404//6401
f 4367//6402 4364//6402 4624//6402
f 4624//6403 4364//6403 4625//6403
f 4624//6404 4625//6404 4758//6404
f 4758//6404 4625//6404 4751//6404
f 4758//6405 4751//6405 4759//6405
f 4759//6406 4751//6406 4752//6406
f 4759//6407 4752//6407 4760//6407
f 4760//6408 4752//6408 4753//6408
f 4760//6409 4753//6409 4761//6409
f 4761//6409 4753//6409 4754//6409
f 4761//6410 4754//6410 4762//6410
f 4762//6411 4754//6411 4755//6411
f 4762//6412 4755//6412 4763//6412
f 4763//6413 4755//6413 4756//6413
f 4763//6414 4756//6414 4764//6414
f 4764//6414 4756//6414 4757//6414
f 4764//6415 4757//6415 4402//6415
f 4402//6415 4757//6415 4403//6415
f 4371//6416 4369//6416 4623//6416
f 4623//6417 4369//6417 4624//6417
f 4623//6418 4624//6418 4765//6418
f 4765//6418 4624//6418 4758//6418
f 4765//6419 4758//6419 4766//6419
f 4766//6419 4758//6419 4759//6419
f 4766//6420 4759//6420 4767//6420
f 4767//6420 4759//6420 4760//6420
f 4767//6421 4760//6421 4768//6421
f 4768//6422 4760//6422 4761//6422
f 4768//6423 4761//6423 4769//6423
f 4769//6424 4761//6424 4762//6424
f 4769//6425 4762//6425 4770//6425
f 4770//6426 4762//6426 4763//6426
f 4770//6427 4763//6427 4771//6427
f 4771//6427 4763//6427 4764//6427
f 4771//6428 4764//6428 4401//6428
f 4401//6428 4764//6428 4402//6428
f 4375//6429 4373//6429 4622//6429
f 4622//6430 4373//6430 4623//6430
f 4622//6431 4623//6431 4772//6431
f 4772//6431 4623//6431 4765//6431
f 4772//6432 4765//6432 4773//6432
f 4773//6433 4765//6433 4766//6433
f 4773//6434 4766//6434 4774//6434
f 4774//6435 4766//6435 4767//6435
f 4774//6436 4767//6436 4775//6436
f 4775//6436 4767//6436 4768//6436
f 4775//6437 4768//6437 4776//6437
f 4776//6438 4768//6438 4769//6438
f 4776//6439 4769//6439 4777//6439
f 4777//6440 4769//6440 4770//6440
f 4777//6441 4770//6441 4778//6441
f 4778//6441 4770//6441 4771//6441
f 4778//6442 4771//6442 4400//6442
f 4400//6442 4771//6442 4401//6442
f 4380//6443 4382//6443 4621//6443
f 4621//6444 4382//6444 4622//6444
f 4621//6445 4622//6445 4779//6445
f 4779//6445 4622//6445 4772//6445
f 4779//6446 4772//6446 4780//6446
f 4780//6446 4772//6446 4773//6446
f 4780//6447 4773//6447 4781//6447
f 4781//6447 4773//6447 4774//6447
f 4781//6448 4774//6448 4782//6448
f 4782//6448 4774//6448 4775//6448
f 4782//6449 4775//6449 4783//6449
f 4783//6449 4775//6449 4776//6449
f 4783//6450 4776//6450 4784//6450
f 4784//6450 4776//6450 4777//6450
f 4784//6451 4777//6451 4785//6451
f 4785//6451 4777//6451 4778//6451
f 4785//6452 4778//6452 4437//6452
f 4437//6453 4778//6453 4400//6453
f 4387//6454 4378//6454 4620//6454
f 4620//6455 4378//6455 4621//6455
f 4620//6456 4621//6456 4786//6456
f 4786//6456 4621//6456 4779//6456
f 4786//6457 4779//6457 4787//6457
f 4787//6457 4779//6457 4780//6457
f 4787//6458 4780//6458 4788//6458
f 4788//6458 4780//6458 4781//6458
f 4788//6459 4781//6459 4789//6459
f 4789//6459 4781//6459 4782//6459
f 4789//6460 4782//6460 4790//6460
f 4790//6460 4782//6460 4783//6460
f 4790//6461 4783//6461 4791//6461
f 4791//6461 4783//6461 4784//6461
f 4791//6462 4784//6462 4792//6462
f 4792//6462 4784//6462 4785//6462
f 4792//6463 4785//6463 4436//6463
f 4436//6464 4785//6464 4437//6464
f 4392//6465 4385//6465 4619//6465
f 4619//6466 4385//6466 4620//6466
f 4619//6467 4620//6467 4793//6467
f 4793//6467 4620//6467 4786//6467
f 4793//6468 4786//6468 4794//6468
f 4794//6468 4786//6468 4787//6468
f 4794//6469 4787//6469 4795//6469
f 4795//6469 4787//6469 4788//6469
f 4795//6470 4788//6470 4796//6470
f 4796//6470 4788//6470 4789//6470
f 4796//6471 4789//6471 4797//6471
f 4797//6471 4789//6471 4790//6471
f 4797//6472 4790//6472 4798//6472
f 4798//6473 4790//6473 4791//6473
f 4798//6474 4791//6474 4799//6474
f 4799//6474 4791//6474 4792//6474
f 4799//6475 4792//6475 4435//6475
f 4435//6475 4792//6475 4436//6475
f 4397//6476 4390//6476 4800//6476
f 4800//6477 4390//6477 4619//6477
f 4800//6478 4619//6478 4801//6478
f 4801//6478 4619//6478 4793//6478
f 4801//6479 4793//6479 4802//6479
f 4802//6479 4793//6479 4794//6479
f 4802//6480 4794//6480 4803//6480
f 4803//6480 4794//6480 4795//6480
f 4803//6481 4795//6481 4804//6481
f 4804//6481 4795//6481 4796//6481
f 4804//6482 4796//6482 4805//6482
f 4805//6482 4796//6482 4797//6482
f 4805//6483 4797//6483 4806//6483
f 4806//6483 4797//6483 4798//6483
f 4806//6484 4798//6484 4807//6484
f 4807//6484 4798//6484 4799//6484
f 4807//6485 4799//6485 4434//6485
f 4434//6485 4799//6485 4435//6485
f 4434//6486 4808//6486 4807//6486
f 4807//6486 4808//6486 4809//6486
f 4807//6487 4809//6487 4806//6487
f 4806//6487 4809//6487 4810//6487
f 4806//6488 4810//6488 4805//6488
f 4805//6488 4810//6488 4811//6488
f 4805//6489 4811//6489 4804//6489
f 4804//6489 4811//6489 4812//6489
f 4804//6490 4812//6490 4803//6490
f 4803//6490 4812//6490 4813//6490
f 4803//6491 4813//6491 4802//6491
f 4802//6491 4813//6491 4814//6491
f 4802//6492 4814//6492 4801//6492
f 4801//6492 4814//6492 4815//6492
f 4801//6493 4815//6493 4800//6493
f 4800//6493 4815//6493 4816//6493
f 4800//6494 4816//6494 4397//6494
f 4397//6494 4816//6494 4817//6494
f 4808//6495 4432//6495 4809//6495
f 4809//6495 4432//6495 4818//6495
f 4809//6496 4818//6496 4810//6496
f 4810//6497 4818//6497 4819//6497
f 4810//6498 4819//6498 4811//6498
f 4811//6498 4819//6498 4820//6498
f 4811//6499 4820//6499 4812//6499
f 4812//6499 4820//6499 4821//6499
f 4812//6500 4821//6500 4813//6500
f 4813//6500 4821//6500 4822//6500
f 4813//6501 4822//6501 4814//6501
f 4814//6501 4822//6501 4823//6501
f 4814//6502 4823//6502 4815//6502
f 4815//6502 4823//6502 4824//6502
f 4815//6503 4824//6503 4816//6503
f 4816//6503 4824//6503 4618//6503
f 4816//6504 4618//6504 4817//6504
f 4817//6504 4618//6504 4223//6504
f 4217//6505 4225//6505 4617//6505
f 4617//6506 4225//6506 4618//6506
f 4617//6507 4618//6507 4696//6507
f 4696//6507 4618//6507 4824//6507
f 4696//6508 4824//6508 4695//6508
f 4695//6508 4824//6508 4823//6508
f 4695//6509 4823//6509 4694//6509
f 4694//6509 4823//6509 4822//6509
f 4694//6510 4822//6510 4693//6510
f 4693//6510 4822//6510 4821//6510
f 4693//6511 4821//6511 4692//6511
f 4692//6511 4821//6511 4820//6511
f 4692//6512 4820//6512 4691//6512
f 4691//6513 4820//6513 4819//6513
f 4691//6514 4819//6514 4690//6514
f 4690//6514 4819//6514 4818//6514
f 4690//6515 4818//6515 4431//6515
f 4431//6516 4818//6516 4432//6516
f 4645//6517 4825//6517 4646//6517
f 4646//6518 4825//6518 4826//6518
f 4646//6244 4826//6244 4656//6244
f 4656//6519 4826//6519 4827//6519
f 4656//6520 4827//6520 4668//6520
f 4668//6521 4827//6521 4828//6521
f 4668//6278 4828//6278 4682//6278
f 4682//6522 4828//6522 4616//6522
f 4682//6296 4616//6296 4617//6296
f 4617//6523 4616//6523 4236//6523
f 4617//6524 4236//6524 4218//6524
f 4825//6525 4829//6525 4826//6525
f 4826//6526 4829//6526 4830//6526
f 4826//6519 4830//6519 4827//6519
f 4827//6527 4830//6527 4831//6527
f 4827//6521 4831//6521 4828//6521
f 4828//6528 4831//6528 4615//6528
f 4828//6522 4615//6522 4616//6522
f 4616//6529 4615//6529 4231//6529
f 4616//6530 4231//6530 4234//6530
f 4829//6526 4832//6526 4830//6526
f 4830//6531 4832//6531 4833//6531
f 4830//6532 4833//6532 4831//6532
f 4831//6533 4833//6533 4614//6533
f 4831//6534 4614//6534 4615//6534
f 4615//6535 4614//6535 4240//6535
f 4615//6536 4240//6536 4228//6536
f 4832//6531 4700//6531 4833//6531
f 4833//6298 4700//6298 4702//6298
f 4833//6533 4702//6533 4614//6533
f 4614//6537 4702//6537 4244//6537
f 4614//6538 4244//6538 4242//6538
f 4257//6539 4254//6539 4834//6539
f 4834//6540 4254//6540 4701//6540
f 4834//6541 4701//6541 4835//6541
f 4835//6541 4701//6541 4700//6541
f 4835//6542 4700//6542 4836//6542
f 4836//6542 4700//6542 4832//6542
f 4836//6543 4832//6543 4837//6543
f 4837//6543 4832//6543 4829//6543
f 4837//6544 4829//6544 4838//6544
f 4838//6545 4829//6545 4825//6545
f 4838//6546 4825//6546 4839//6546
f 4839//6547 4825//6547 4645//6547
f 4839//6548 4645//6548 4840//6548
f 4840//6549 4645//6549 4643//6549
f 4840//6550 4643//6550 4841//6550
f 4841//6550 4643//6550 4641//6550
f 4841//6551 4641//6551 4425//6551
f 4425//6551 4641//6551 4426//6551
f 4254//6552 4252//6552 4701//6552
f 4701//6553 4252//6553 4249//6553
f 4701//6554 4249//6554 4702//6554
f 4702//6555 4249//6555 4247//6555
f 4702//6556 4247//6556 4244//6556
f 4425//6557 4424//6557 4841//6557
f 4841//6558 4424//6558 4842//6558
f 4841//6559 4842//6559 4840//6559
f 4840//6559 4842//6559 4843//6559
f 4840//6560 4843//6560 4839//6560
f 4839//6561 4843//6561 4844//6561
f 4839//6562 4844//6562 4838//6562
f 4838//6563 4844//6563 4845//6563
f 4838//6564 4845//6564 4837//6564
f 4837//6564 4845//6564 4846//6564
f 4837//6565 4846//6565 4836//6565
f 4836//6565 4846//6565 4847//6565
f 4836//6566 4847//6566 4835//6566
f 4835//6566 4847//6566 4848//6566
f 4835//6567 4848//6567 4834//6567
f 4834//6567 4848//6567 4613//6567
f 4834//6568 4613//6568 4257//6568
f 4257//6569 4613//6569 4259//6569
f 4264//6570 4262//6570 4612//6570
f 4612//6571 4262//6571 4613//6571
f 4612//6572 4613//6572 4849//6572
f 4849//6572 4613//6572 4848//6572
f 4849//6573 4848//6573 4850//6573
f 4850//6573 4848//6573 4847//6573
f 4850//6574 4847//6574 4851//6574
f 4851//6575 4847//6575 4846//6575
f 4851//6576 4846//6576 4852//6576
f 4852//6576 4846//6576 4845//6576
f 4852//6577 4845//6577 4853//6577
f 4853//6578 4845//6578 4844//6578
f 4853//6579 4844//6579 4854//6579
f 4854//6580 4844//6580 4843//6580
f 4854//6581 4843//6581 4855//6581
f 4855//6582 4843//6582 4842//6582
f 4855//6583 4842//6583 4423//6583
f 4423//6584 4842//6584 4424//6584
f 4269//6585 4267//6585 4611//6585
f 4611//6586 4267//6586 4612//6586
f 4611//6587 4612//6587 4856//6587
f 4856//6587 4612//6587 4849//6587
f 4856//6588 4849//6588 4857//6588
f 4857//6588 4849//6588 4850//6588
f 4857//6589 4850//6589 4858//6589
f 4858//6589 4850//6589 4851//6589
f 4858//6590 4851//6590 4859//6590
f 4859//6591 4851//6591 4852//6591
f 4859//6592 4852//6592 4860//6592
f 4860//6592 4852//6592 4853//6592
f 4860//6593 4853//6593 4861//6593
f 4861//6594 4853//6594 4854//6594
f 4861//6595 4854//6595 4862//6595
f 4862//6595 4854//6595 4855//6595
f 4862//6596 4855//6596 4422//6596
f 4422//6597 4855//6597 4423//6597
f 4273//6598 4275//6598 4610//6598
f 4610//6599 4275//6599 4611//6599
f 4610//6600 4611//6600 4863//6600
f 4863//6600 4611//6600 4856//6600
f 4863//6601 4856//6601 4864//6601
f 4864//6602 4856//6602 4857//6602
f 4864//6603 4857//6603 4865//6603
f 4865//6604 4857//6604 4858//6604
f 4865//6605 4858//6605 4866//6605
f 4866//6605 4858//6605 4859//6605
f 4866//6606 4859//6606 4867//6606
f 4867//6607 4859//6607 4860//6607
f 4867//6608 4860//6608 4868//6608
f 4868//6609 4860//6609 4861//6609
f 4868//6610 4861//6610 4869//6610
f 4869//6610 4861//6610 4862//6610
f 4869//6611 4862//6611 4421//6611
f 4421//6611 4862//6611 4422//6611
f 4285//6612 4271//6612 4609//6612
f 4609//6613 4271//6613 4610//6613
f 4609//6614 4610//6614 4870//6614
f 4870//6614 4610//6614 4863//6614
f 4870//6615 4863//6615 4871//6615
f 4871//6615 4863//6615 4864//6615
f 4871//6616 4864//6616 4872//6616
f 4872//6616 4864//6616 4865//6616
f 4872//6617 4865//6617 4873//6617
f 4873//6618 4865//6618 4866//6618
f 4873//6619 4866//6619 4874//6619
f 4874//6620 4866//6620 4867//6620
f 4874//6621 4867//6621 4875//6621
f 4875//6622 4867//6622 4868//6622
f 4875//6623 4868//6623 4876//6623
f 4876//6623 4868//6623 4869//6623
f 4876//6624 4869//6624 4420//6624
f 4420//6624 4869//6624 4421//6624
f 4278//6625 4283//6625 4608//6625
f 4608//6626 4283//6626 4609//6626
f 4608//6627 4609//6627 4877//6627
f 4877//6627 4609//6627 4870//6627
f 4877//6628 4870//6628 4878//6628
f 4878//6629 4870//6629 4871//6629
f 4878//6630 4871//6630 4879//6630
f 4879//6631 4871//6631 4872//6631
f 4879//6632 4872//6632 4880//6632
f 4880//6632 4872//6632 4873//6632
f 4880//6633 4873//6633 4881//6633
f 4881//6634 4873//6634 4874//6634
f 4881//6635 4874//6635 4882//6635
f 4882//6636 4874//6636 4875//6636
f 4882//6637 4875//6637 4883//6637
f 4883//6637 4875//6637 4876//6637
f 4883//6638 4876//6638 4419//6638
f 4419//6638 4876//6638 4420//6638
f 4291//6639 4279//6639 4607//6639
f 4607//6640 4279//6640 4608//6640
f 4607//6641 4608//6641 4884//6641
f 4884//6641 4608//6641 4877//6641
f 4884//6642 4877//6642 4885//6642
f 4885//6642 4877//6642 4878//6642
f 4885//6643 4878//6643 4886//6643
f 4886//6643 4878//6643 4879//6643
f 4886//6644 4879//6644 4887//6644
f 4887//6644 4879//6644 4880//6644
f 4887//6645 4880//6645 4888//6645
f 4888//6645 4880//6645 4881//6645
f 4888//6646 4881//6646 4889//6646
f 4889//6646 4881//6646 4882//6646
f 4889//6647 4882//6647 4890//6647
f 4890//6647 4882//6647 4883//6647
f 4890//6648 4883//6648 4418//6648
f 4418//6649 4883//6649 4419//6649
f 4295//6650 4288//6650 4606//6650
f 4606//6651 4288//6651 4607//6651
f 4606//6652 4607//6652 4891//6652
f 4891//6652 4607//6652 4884//6652
f 4891//6653 4884//6653 4892//6653
f 4892//6653 4884//6653 4885//6653
f 4892//6654 4885//6654 4893//6654
f 4893//6655 4885//6655 4886//6655
f 4893//6656 4886//6656 4894//6656
f 4894//6656 4886//6656 4887//6656
f 4894//6657 4887//6657 4895//6657
f 4895//6657 4887//6657 4888//6657
f 4895//6658 4888//6658 4896//6658
f 4896//6658 4888//6658 4889//6658
f 4896//6659 4889//6659 4897//6659
f 4897//6659 4889//6659 4890//6659
f 4897//6660 4890//6660 4417//6660
f 4417//6661 4890//6661 4418//6661
f 4300//6662 4297//6662 4605//6662
f 4605//6663 4297//6663 4606//6663
f 4605//6664 4606//6664 4898//6664
f 4898//6664 4606//6664 4891//6664
f 4898//6665 4891//6665 4899//6665
f 4899//6665 4891//6665 4892//6665
f 4899//6666 4892//6666 4900//6666
f 4900//6666 4892//6666 4893//6666
f 4900//6667 4893//6667 4901//6667
f 4901//6667 4893//6667 4894//6667
f 4901//6668 4894//6668 4902//6668
f 4902//6668 4894//6668 4895//6668
f 4902//6669 4895//6669 4903//6669
f 4903//6670 4895//6670 4896//6670
f 4903//6671 4896//6671 4904//6671
f 4904//6671 4896//6671 4897//6671
f 4904//6672 4897//6672 4416//6672
f 4416//6672 4897//6672 4417//6672
f 4305//6673 4302//6673 4905//6673
f 4905//6674 4302//6674 4605//6674
f 4905//6675 4605//6675 4906//6675
f 4906//6675 4605//6675 4898//6675
f 4906//6676 4898//6676 4907//6676
f 4907//6676 4898//6676 4899//6676
f 4907//6677 4899//6677 4908//6677
f 4908//6677 4899//6677 4900//6677
f 4908//6678 4900//6678 4909//6678
f 4909//6678 4900//6678 4901//6678
f 4909//6679 4901//6679 4910//6679
f 4910//6679 4901//6679 4902//6679
f 4910//6680 4902//6680 4911//6680
f 4911//6680 4902//6680 4903//6680
f 4911//6681 4903//6681 4912//6681
f 4912//6681 4903//6681 4904//6681
f 4912//6682 4904//6682 4415//6682
f 4415//6682 4904//6682 4416//6682
f 4415//6683 4703//6683 4912//6683
f 4912//6683 4703//6683 4704//6683
f 4912//6684 4704//6684 4911//6684
f 4911//6684 4704//6684 4706//6684
f 4911//6685 4706//6685 4910//6685
f 4910//6685 4706//6685 4708//6685
f 4910//6686 4708//6686 4909//6686
f 4909//6686 4708//6686 4710//6686
f 4909//6687 4710//6687 4908//6687
f 4908//6687 4710//6687 4712//6687
f 4908//6688 4712//6688 4907//6688
f 4907//6688 4712//6688 4714//6688
f 4907//6689 4714//6689 4906//6689
f 4906//6689 4714//6689 4716//6689
f 4906//6690 4716//6690 4905//6690
f 4905//6690 4716//6690 4718//6690
f 4905//6691 4718//6691 4305//6691
f 4305//6691 4718//6691 4719//6691
f 4913//6692 4393//6692 4391//6692
f 4399//6693 4398//6693 4914//6693
f 4915//6694 4220//6694 4916//6694
f 4600//6695 4599//6695 4917//6695
f 4603//6696 4602//6696 4918//6696
f 4919//6697 4248//6697 4250//6697
f 4920//6698 4282//6698 4281//6698
f 4921//6699 4370//6699 4372//6699
f 4922//6700 4522//6700 4521//6700
f 4923//6701 4379//6701 4924//6701
f 4924//6702 4379//6702 4389//6702
f 4924//6703 4389//6703 4925//6703
f 4925//6704 4389//6704 4388//6704
f 4925//6705 4388//6705 4386//6705
f 4530//6706 4529//6706 4926//6706
f 4926//6707 4529//6707 4528//6707
f 4926//6708 4528//6708 4927//6708
f 4927//6709 4528//6709 4527//6709
f 4927//6710 4527//6710 4928//6710
f 4928//6711 4527//6711 4526//6711
f 4928//6712 4526//6712 4929//6712
f 4929//6713 4526//6713 4525//6713
f 4374//6714 4377//6714 4930//6714
f 4930//6715 4377//6715 4376//6715
f 4930//6716 4376//6716 4931//6716
f 4931//6717 4376//6717 4384//6717
f 4931//6718 4384//6718 4932//6718
f 4932//6719 4384//6719 4383//6719
f 4932//6720 4383//6720 4923//6720
f 4923//6721 4383//6721 4381//6721
f 4923//6722 4381//6722 4379//6722
f 4546//6723 4933//6723 4525//6723
f 4525//6724 4933//6724 4934//6724
f 4525//6725 4934//6725 4929//6725
f 4374//6726 4930//6726 4372//6726
f 4372//6727 4930//6727 4935//6727
f 4372//6728 4935//6728 4921//6728
f 4936//6729 4362//6729 4937//6729
f 4937//6730 4362//6730 4363//6730
f 4937//6731 4363//6731 4938//6731
f 4938//6732 4363//6732 4365//6732
f 4938//6733 4365//6733 4939//6733
f 4939//6734 4365//6734 4366//6734
f 4939//6735 4366//6735 4921//6735
f 4921//6736 4366//6736 4368//6736
f 4921//6737 4368//6737 4370//6737
f 4353//6738 4355//6738 4940//6738
f 4940//6739 4355//6739 4357//6739
f 4940//6740 4357//6740 4941//6740
f 4941//6741 4357//6741 4358//6741
f 4941//6742 4358//6742 4936//6742
f 4936//6743 4358//6743 4360//6743
f 4936//6744 4360//6744 4362//6744
f 4353//6745 4940//6745 4352//6745
f 4352//6746 4940//6746 4942//6746
f 4352//6747 4942//6747 4943//6747
f 4343//6748 4345//6748 4944//6748
f 4944//6749 4345//6749 4347//6749
f 4944//6750 4347//6750 4945//6750
f 4945//6751 4347//6751 4348//6751
f 4945//6752 4348//6752 4943//6752
f 4943//6753 4348//6753 4350//6753
f 4943//6754 4350//6754 4352//6754
f 4343//6755 4944//6755 4342//6755
f 4342//6756 4944//6756 4946//6756
f 4342//6757 4946//6757 4947//6757
f 4948//6758 4337//6758 4949//6758
f 4949//6759 4337//6759 4338//6759
f 4949//6760 4338//6760 4947//6760
f 4947//6761 4338//6761 4340//6761
f 4947//6762 4340//6762 4342//6762
f 4546//6763 4545//6763 4933//6763
f 4933//6764 4545//6764 4544//6764
f 4933//6765 4544//6765 4950//6765
f 4950//6766 4544//6766 4543//6766
f 4950//6767 4543//6767 4951//6767
f 4951//6768 4543//6768 4542//6768
f 4951//6769 4542//6769 4952//6769
f 4952//6770 4542//6770 4541//6770
f 4952//6771 4541//6771 4953//6771
f 4953//6772 4541//6772 4540//6772
f 4953//6773 4540//6773 4954//6773
f 4954//6774 4540//6774 4539//6774
f 4954//6775 4539//6775 4955//6775
f 4955//6776 4539//6776 4538//6776
f 4955//6777 4538//6777 4956//6777
f 4956//6778 4538//6778 4537//6778
f 4956//6779 4537//6779 4957//6779
f 4957//6780 4537//6780 4536//6780
f 4957//6781 4536//6781 4958//6781
f 4958//6782 4536//6782 4532//6782
f 4958//6783 4532//6783 4959//6783
f 4959//6784 4532//6784 4531//6784
f 4959//6785 4531//6785 4960//6785
f 4960//6786 4531//6786 4535//6786
f 4960//6787 4535//6787 4961//6787
f 4961//6788 4535//6788 4534//6788
f 4961//6789 4534//6789 4962//6789
f 4962//6790 4534//6790 4533//6790
f 4962//6791 4533//6791 4963//6791
f 4963//6792 4533//6792 4551//6792
f 4963//6793 4551//6793 4964//6793
f 4964//6794 4551//6794 4550//6794
f 4964//6795 4550//6795 4965//6795
f 4966//6796 4325//6796 4967//6796
f 4967//6797 4325//6797 4324//6797
f 4967//6798 4324//6798 4948//6798
f 4948//6799 4324//6799 4335//6799
f 4948//6800 4335//6800 4337//6800
f 4968//6801 4331//6801 4969//6801
f 4969//6802 4331//6802 4329//6802
f 4969//6803 4329//6803 4966//6803
f 4966//6804 4329//6804 4327//6804
f 4966//6805 4327//6805 4325//6805
f 4550//6806 4549//6806 4965//6806
f 4965//6807 4549//6807 4548//6807
f 4965//6808 4548//6808 4970//6808
f 4970//6809 4548//6809 4547//6809
f 4970//6810 4547//6810 4971//6810
f 4971//6811 4547//6811 4560//6811
f 4971//6812 4560//6812 4972//6812
f 4972//6813 4560//6813 4559//6813
f 4972//6814 4559//6814 4973//6814
f 4315//6815 4323//6815 4974//6815
f 4974//6816 4323//6816 4322//6816
f 4974//6817 4322//6817 4975//6817
f 4975//6818 4322//6818 4320//6818
f 4975//6819 4320//6819 4976//6819
f 4976//6820 4320//6820 4334//6820
f 4976//6821 4334//6821 4968//6821
f 4968//6822 4334//6822 4333//6822
f 4968//6823 4333//6823 4331//6823
f 4315//6824 4974//6824 4317//6824
f 4317//6825 4974//6825 4977//6825
f 4317//6826 4977//6826 4978//6826
f 4559//6827 4558//6827 4973//6827
f 4973//6828 4558//6828 4557//6828
f 4973//6829 4557//6829 4979//6829
f 4979//6830 4557//6830 4556//6830
f 4979//6831 4556//6831 4980//6831
f 4980//6832 4556//6832 4555//6832
f 4980//6833 4555//6833 4981//6833
f 4981//6834 4555//6834 4554//6834
f 4981//6835 4554//6835 4982//6835
f 4982//6836 4554//6836 4553//6836
f 4982//6837 4553//6837 4983//6837
f 4983//6838 4553//6838 4552//6838
f 4983//6839 4552//6839 4984//6839
f 4985//6840 4311//6840 4986//6840
f 4986//6841 4311//6841 4313//6841
f 4986//6842 4313//6842 4978//6842
f 4978//6843 4313//6843 4318//6843
f 4978//6844 4318//6844 4317//6844
f 4552//6845 4564//6845 4984//6845
f 4984//6846 4564//6846 4563//6846
f 4984//6847 4563//6847 4987//6847
f 4987//6848 4563//6848 4562//6848
f 4988//6849 4306//6849 4989//6849
f 4989//6850 4306//6850 4308//6850
f 4989//6851 4308//6851 4985//6851
f 4985//6852 4308//6852 4309//6852
f 4985//6853 4309//6853 4311//6853
f 4561//6854 4990//6854 4562//6854
f 4562//6855 4990//6855 4991//6855
f 4562//6856 4991//6856 4987//6856
f 4992//6857 4301//6857 4993//6857
f 4993//6858 4301//6858 4303//6858
f 4993//6859 4303//6859 4988//6859
f 4988//6860 4303//6860 4304//6860
f 4988//6861 4304//6861 4306//6861
f 4561//6862 4568//6862 4990//6862
f 4990//6863 4568//6863 4567//6863
f 4990//6864 4567//6864 4994//6864
f 4994//6865 4567//6865 4566//6865
f 4994//6866 4566//6866 4995//6866
f 4995//6867 4566//6867 4565//6867
f 4996//6868 4296//6868 4997//6868
f 4997//6869 4296//6869 4298//6869
f 4997//6870 4298//6870 4992//6870
f 4992//6871 4298//6871 4299//6871
f 4992//6872 4299//6872 4301//6872
f 4574//6873 4998//6873 4565//6873
f 4565//6874 4998//6874 4999//6874
f 4565//6875 4999//6875 4995//6875
f 4280//6876 4293//6876 5000//6876
f 5000//6877 4293//6877 4292//6877
f 5000//6878 4292//6878 5001//6878
f 5001//6879 4292//6879 4290//6879
f 5001//6880 4290//6880 5002//6880
f 5002//6881 4290//6881 4289//6881
f 5002//6882 4289//6882 4996//6882
f 4996//6883 4289//6883 4294//6883
f 4996//6884 4294//6884 4296//6884
f 4280//6885 5000//6885 4281//6885
f 4281//6886 5000//6886 5003//6886
f 4281//6887 5003//6887 4920//6887
f 4574//6888 4573//6888 4998//6888
f 4998//6889 4573//6889 4572//6889
f 4998//6890 4572//6890 5004//6890
f 5004//6891 4572//6891 4571//6891
f 5004//6892 4571//6892 5005//6892
f 5005//6893 4571//6893 4570//6893
f 5005//6894 4570//6894 5006//6894
f 5006//6895 4570//6895 4569//6895
f 5006//6896 4569//6896 5007//6896
f 5007//6897 4569//6897 4589//6897
f 5007//6898 4589//6898 5008//6898
f 5009//6899 4272//6899 5010//6899
f 5010//6900 4272//6900 4287//6900
f 5010//6901 4287//6901 5011//6901
f 5011//6902 4287//6902 4286//6902
f 5011//6903 4286//6903 4920//6903
f 4920//6904 4286//6904 4284//6904
f 4920//6905 4284//6905 4282//6905
f 5012//6906 4270//6906 5013//6906
f 5013//6907 4270//6907 4277//6907
f 5013//6908 4277//6908 5014//6908
f 5014//6909 4277//6909 4276//6909
f 5014//6910 4276//6910 5009//6910
f 5009//6911 4276//6911 4274//6911
f 5009//6912 4274//6912 4272//6912
f 4265//6913 4266//6913 5012//6913
f 5012//6914 4266//6914 4268//6914
f 5012//6915 4268//6915 4270//6915
f 5012//6916 5015//6916 4265//6916
f 4265//6917 5015//6917 5016//6917
f 4265//6918 5016//6918 4263//6918
f 4263//6919 5016//6919 4261//6919
f 4261//6920 5016//6920 4260//6920
f 4260//6921 5016//6921 5017//6921
f 4260//6922 5017//6922 5018//6922
f 4251//6923 4253//6923 5019//6923
f 5019//6924 4253//6924 4255//6924
f 5019//6925 4255//6925 5020//6925
f 5020//6926 4255//6926 4256//6926
f 5020//6927 4256//6927 5018//6927
f 5018//6928 4256//6928 4258//6928
f 5018//6929 4258//6929 4260//6929
f 4251//6930 5019//6930 4250//6930
f 4250//6931 5019//6931 5021//6931
f 4250//6932 5021//6932 4919//6932
f 4596//6933 4595//6933 5022//6933
f 5023//6934 5024//6934 5025//6934
f 5025//6935 5024//6935 4926//6935
f 5025//6936 4926//6936 5026//6936
f 5026//6937 4926//6937 4927//6937
f 5026//6938 4927//6938 5027//6938
f 5027//6939 4927//6939 4928//6939
f 5027//6940 4928//6940 5028//6940
f 5028//6941 4928//6941 4929//6941
f 5028//6942 4929//6942 5029//6942
f 5029//6943 4929//6943 4934//6943
f 5029//6944 4934//6944 5030//6944
f 5030//6945 4934//6945 4933//6945
f 5030//6946 4933//6946 5031//6946
f 5031//6947 4933//6947 4950//6947
f 5031//6948 4950//6948 5032//6948
f 5032//6949 4950//6949 4951//6949
f 5032//6950 4951//6950 5033//6950
f 5033//6951 4951//6951 4952//6951
f 5033//6952 4952//6952 5034//6952
f 5034//6953 4952//6953 4953//6953
f 5034//6954 4953//6954 5035//6954
f 5035//6955 4953//6955 4954//6955
f 5035//6956 4954//6956 5036//6956
f 5036//6957 4954//6957 4955//6957
f 5036//6958 4955//6958 5037//6958
f 5037//6959 4955//6959 4956//6959
f 5037//6960 4956//6960 5038//6960
f 5038//6961 4956//6961 4957//6961
f 5038//6962 4957//6962 5039//6962
f 5039//6963 4957//6963 4958//6963
f 5039//6964 4958//6964 5040//6964
f 5040//6965 4958//6965 4959//6965
f 5040//6966 4959//6966 5041//6966
f 5041//6967 4959//6967 4960//6967
f 5041//6968 4960//6968 5042//6968
f 5042//6969 4960//6969 4961//6969
f 5042//6970 4961//6970 5043//6970
f 5043//6971 4961//6971 4962//6971
f 5043//6972 4962//6972 5044//6972
f 5044//6973 4962//6973 4963//6973
f 5044//6974 4963//6974 5045//6974
f 5045//6975 4963//6975 4964//6975
f 5045//6976 4964//6976 5046//6976
f 5046//6977 4964//6977 4965//6977
f 5046//6978 4965//6978 5047//6978
f 5047//6979 4965//6979 4970//6979
f 5047//6980 4970//6980 5048//6980
f 5048//6981 4970//6981 4971//6981
f 5048//6982 4971//6982 5049//6982
f 5049//6983 4971//6983 4972//6983
f 5049//6984 4972//6984 5050//6984
f 5050//6985 4972//6985 4973//6985
f 5050//6986 4973//6986 5051//6986
f 5051//6987 4973//6987 4979//6987
f 5051//6988 4979//6988 5052//6988
f 5052//6989 4979//6989 4980//6989
f 5052//6990 4980//6990 5053//6990
f 5053//6991 4980//6991 4981//6991
f 5053//6992 4981//6992 5054//6992
f 5054//6993 4981//6993 4982//6993
f 5054//6994 4982//6994 5055//6994
f 5055//6995 4982//6995 4983//6995
f 5055//6996 4983//6996 5056//6996
f 5056//6997 4983//6997 4984//6997
f 5056//6998 4984//6998 5057//6998
f 5057//6999 4984//6999 4987//6999
f 5057//7000 4987//7000 5058//7000
f 5058//7001 4987//7001 4991//7001
f 5058//7002 4991//7002 5059//7002
f 5059//7003 4991//7003 4990//7003
f 5059//7004 4990//7004 5060//7004
f 5060//7005 4990//7005 4994//7005
f 5060//7006 4994//7006 5061//7006
f 5061//7007 4994//7007 4995//7007
f 5061//7008 4995//7008 5062//7008
f 5062//7009 4995//7009 4999//7009
f 5062//7010 4999//7010 5063//7010
f 5063//7011 4999//7011 4998//7011
f 5063//7012 4998//7012 5064//7012
f 5064//7013 4998//7013 5004//7013
f 5064//7014 5004//7014 5065//7014
f 5065//7015 5004//7015 5005//7015
f 5065//7016 5005//7016 5066//7016
f 5066//7017 5005//7017 5006//7017
f 5066//7018 5006//7018 5067//7018
f 5067//7019 5006//7019 5007//7019
f 5067//7020 5007//7020 5068//7020
f 5068//7021 5007//7021 5008//7021
f 5068//7022 5008//7022 5069//7022
f 5069//7023 5008//7023 5070//7023
f 5069//7024 5070//7024 5071//7024
f 5071//7025 5070//7025 5072//7025
f 5071//7026 5072//7026 5073//7026
f 5073//7027 5072//7027 5074//7027
f 5073//7028 5074//7028 5075//7028
f 5075//7029 5074//7029 5076//7029
f 5075//7030 5076//7030 5077//7030
f 5077//7031 5076//7031 5078//7031
f 5077//7032 5078//7032 5079//7032
f 5079//7033 5078//7033 5080//7033
f 5079//7034 5080//7034 5081//7034
f 5081//7035 5080//7035 5082//7035
f 5081//7036 5082//7036 5083//7036
f 5083//7037 5082//7037 5084//7037
f 5083//7038 5084//7038 5085//7038
f 5085//7039 5084//7039 5086//7039
f 5085//7040 5086//7040 5087//7040
f 5087//7041 5086//7041 5088//7041
f 5087//7042 5088//7042 5089//7042
f 5089//7043 5088//7043 5090//7043
f 5089//7044 5090//7044 5091//7044
f 5091//7045 5090//7045 5092//7045
f 5091//7046 5092//7046 5093//7046
f 5093//7047 5092//7047 5094//7047
f 5093//7048 5094//7048 5095//7048
f 5095//7049 5094//7049 5096//7049
f 5095//7050 5096//7050 5097//7050
f 5098//7051 5023//7051 5099//7051
f 5099//7052 5023//7052 5025//7052
f 5099//7053 5025//7053 5100//7053
f 5100//7054 5025//7054 5026//7054
f 5100//7055 5026//7055 5101//7055
f 5101//7056 5026//7056 5027//7056
f 5101//7057 5027//7057 5102//7057
f 5102//7058 5027//7058 5028//7058
f 5102//7059 5028//7059 5103//7059
f 5103//7060 5028//7060 5029//7060
f 5103//7061 5029//7061 5104//7061
f 5104//7062 5029//7062 5030//7062
f 5104//7063 5030//7063 5105//7063
f 5105//7064 5030//7064 5031//7064
f 5105//7065 5031//7065 5106//7065
f 5106//7066 5031//7066 5032//7066
f 5106//7067 5032//7067 5107//7067
f 5107//7068 5032//7068 5033//7068
f 5107//7069 5033//7069 5108//7069
f 5108//7070 5033//7070 5034//7070
f 5108//7071 5034//7071 5109//7071
f 5109//7072 5034//7072 5035//7072
f 5109//7073 5035//7073 5110//7073
f 5110//7074 5035//7074 5036//7074
f 5110//7075 5036//7075 5111//7075
f 5111//7076 5036//7076 5037//7076
f 5111//7077 5037//7077 5112//7077
f 5112//7078 5037//7078 5038//7078
f 5112//7079 5038//7079 5113//7079
f 5113//7080 5038//7080 5039//7080
f 5113//7081 5039//7081 5114//7081
f 5114//7082 5039//7082 5040//7082
f 5114//7083 5040//7083 5115//7083
f 5115//7084 5040//7084 5041//7084
f 5115//7085 5041//7085 5116//7085
f 5116//7086 5041//7086 5042//7086
f 5116//7087 5042//7087 5117//7087
f 5117//7088 5042//7088 5043//7088
f 5117//7089 5043//7089 5118//7089
f 5118//7090 5043//7090 5044//7090
f 5118//7091 5044//7091 5119//7091
f 5119//7092 5044//7092 5045//7092
f 5119//7093 5045//7093 5120//7093
f 5120//7094 5045//7094 5046//7094
f 5120//7095 5046//7095 5121//7095
f 5121//7096 5046//7096 5047//7096
f 5121//7097 5047//7097 5122//7097
f 5122//7098 5047//7098 5048//7098
f 5122//7099 5048//7099 5123//7099
f 5123//7100 5048//7100 5049//7100
f 5123//7101 5049//7101 5124//7101
f 5124//7102 5049//7102 5050//7102
f 5124//7103 5050//7103 5125//7103
f 5125//7104 5050//7104 5051//7104
f 5125//7105 5051//7105 5126//7105
f 5126//7106 5051//7106 5052//7106
f 5126//7107 5052//7107 5127//7107
f 5127//7108 5052//7108 5053//7108
f 5127//7109 5053//7109 5128//7109
f 5128//7110 5053//7110 5054//7110
f 5128//7111 5054//7111 5129//7111
f 5129//7112 5054//7112 5055//7112
f 5129//7113 5055//7113 5130//7113
f 5130//7114 5055//7114 5056//7114
f 5130//7115 5056//7115 5131//7115
f 5131//7116 5056//7116 5057//7116
f 5131//7117 5057//7117 5132//7117
f 5132//7118 5057//7118 5058//7118
f 5132//7119 5058//7119 5133//7119
f 5133//7120 5058//7120 5059//7120
f 5133//7121 5059//7121 5134//7121
f 5134//7122 5059//7122 5060//7122
f 5134//7123 5060//7123 5135//7123
f 5135//7124 5060//7124 5061//7124
f 5135//7125 5061//7125 5136//7125
f 5136//7126 5061//7126 5062//7126
f 5136//7127 5062//7127 5137//7127
f 5137//7128 5062//7128 5063//7128
f 5137//7129 5063//7129 5138//7129
f 5138//7130 5063//7130 5064//7130
f 5138//7131 5064//7131 5139//7131
f 5139//7132 5064//7132 5065//7132
f 5139//7133 5065//7133 5140//7133
f 5140//7134 5065//7134 5066//7134
f 5140//7135 5066//7135 5141//7135
f 5141//7136 5066//7136 5067//7136
f 5141//7137 5067//7137 5142//7137
f 5142//7138 5067//7138 5068//7138
f 5142//7139 5068//7139 5143//7139
f 5143//7140 5068//7140 5069//7140
f 5143//7141 5069//7141 5144//7141
f 5144//7142 5069//7142 5071//7142
f 5144//7143 5071//7143 5145//7143
f 5145//7144 5071//7144 5073//7144
f 5145//7145 5073//7145 5146//7145
f 5146//7146 5073//7146 5075//7146
f 5146//7147 5075//7147 5147//7147
f 5147//7148 5075//7148 5077//7148
f 5147//7149 5077//7149 5148//7149
f 5148//7150 5077//7150 5079//7150
f 5148//7151 5079//7151 5149//7151
f 5149//7152 5079//7152 5081//7152
f 5149//7153 5081//7153 5150//7153
f 5150//7154 5081//7154 5083//7154
f 5150//7155 5083//7155 5151//7155
f 5151//7156 5083//7156 5085//7156
f 5151//7157 5085//7157 5152//7157
f 5152//7158 5085//7158 5087//7158
f 5152//7159 5087//7159 5153//7159
f 5153//7160 5087//7160 5089//7160
f 5153//7161 5089//7161 5154//7161
f 5154//7162 5089//7162 5091//7162
f 5154//7163 5091//7163 5155//7163
f 5155//7164 5091//7164 5093//7164
f 5155//7165 5093//7165 5156//7165
f 5156//7166 5093//7166 5095//7166
f 5156//7167 5095//7167 5157//7167
f 5157//7168 5095//7168 5097//7168
f 5157//7169 5097//7169 5158//7169
f 5159//7170 5098//7170 5160//7170
f 5160//7171 5098//7171 5099//7171
f 5160//7172 5099//7172 5161//7172
f 5161//7173 5099//7173 5100//7173
f 5161//7174 5100//7174 5162//7174
f 5162//7175 5100//7175 5101//7175
f 5162//7176 5101//7176 5163//7176
f 5163//7177 5101//7177 5102//7177
f 5163//7178 5102//7178 5164//7178
f 5164//7179 5102//7179 5103//7179
f 5164//7180 5103//7180 5165//7180
f 5165//7181 5103//7181 5104//7181
f 5165//7182 5104//7182 5166//7182
f 5166//7183 5104//7183 5105//7183
f 5166//7184 5105//7184 5167//7184
f 5167//7185 5105//7185 5106//7185
f 5167//7186 5106//7186 5168//7186
f 5168//7187 5106//7187 5107//7187
f 5168//7188 5107//7188 5169//7188
f 5169//7189 5107//7189 5108//7189
f 5169//7190 5108//7190 5170//7190
f 5170//7191 5108//7191 5109//7191
f 5170//7192 5109//7192 5171//7192
f 5171//7193 5109//7193 5110//7193
f 5171//7194 5110//7194 5172//7194
f 5172//7195 5110//7195 5111//7195
f 5172//7196 5111//7196 5173//7196
f 5173//7197 5111//7197 5112//7197
f 5173//7198 5112//7198 5174//7198
f 5174//7199 5112//7199 5113//7199
f 5174//7200 5113//7200 5175//7200
f 5175//7201 5113//7201 5114//7201
f 5175//7202 5114//7202 5176//7202
f 5176//7203 5114//7203 5115//7203
f 5176//7204 5115//7204 5177//7204
f 5177//7205 5115//7205 5116//7205
f 5177//7206 5116//7206 5178//7206
f 5178//7207 5116//7207 5117//7207
f 5178//7208 5117//7208 5179//7208
f 5179//7209 5117//7209 5118//7209
f 5179//7210 5118//7210 5180//7210
f 5180//7211 5118//7211 5119//7211
f 5180//7212 5119//7212 5181//7212
f 5181//7213 5119//7213 5120//7213
f 5181//7214 5120//7214 5182//7214
f 5182//7215 5120//7215 5121//7215
f 5182//7216 5121//7216 5183//7216
f 5183//7217 5121//7217 5122//7217
f 5183//7218 5122//7218 5184//7218
f 5184//7219 5122//7219 5123//7219
f 5184//7220 5123//7220 5185//7220
f 5185//7221 5123//7221 5124//7221
f 5185//7222 5124//7222 5186//7222
f 5186//7223 5124//7223 5125//7223
f 5186//7224 5125//7224 5187//7224
f 5187//7225 5125//7225 5126//7225
f 5187//7226 5126//7226 5188//7226
f 5188//7227 5126//7227 5127//7227
f 5188//7228 5127//7228 5189//7228
f 5189//7229 5127//7229 5128//7229
f 5189//7230 5128//7230 5190//7230
f 5190//7231 5128//7231 5129//7231
f 5190//7232 5129//7232 5191//7232
f 5191//7233 5129//7233 5130//7233
f 5191//7234 5130//7234 5192//7234
f 5192//7235 5130//7235 5131//7235
f 5192//7236 5131//7236 5193//7236
f 5193//7237 5131//7237 5132//7237
f 5193//7238 5132//7238 5194//7238
f 5194//7239 5132//7239 5133//7239
f 5194//7240 5133//7240 5195//7240
f 5195//7241 5133//7241 5134//7241
f 5195//7242 5134//7242 5196//7242
f 5196//7243 5134//7243 5135//7243
f 5196//7244 5135//7244 5197//7244
f 5197//7245 5135//7245 5136//7245
f 5197//7246 5136//7246 5198//7246
f 5198//7247 5136//7247 5137//7247
f 5198//7248 5137//7248 5199//7248
f 5199//7249 5137//7249 5138//7249
f 5199//7250 5138//7250 5200//7250
f 5200//7251 5138//7251 5139//7251
f 5200//7252 5139//7252 5201//7252
f 5201//7253 5139//7253 5140//7253
f 5201//7254 5140//7254 5202//7254
f 5202//7255 5140//7255 5141//7255
f 5202//7256 5141//7256 5203//7256
f 5203//7257 5141//7257 5142//7257
f 5203//7258 5142//7258 5204//7258
f 5204//7259 5142//7259 5143//7259
f 5204//7260 5143//7260 5205//7260
f 5205//7261 5143//7261 5144//7261
f 5205//7262 5144//7262 5206//7262
f 5206//7263 5144//7263 5145//7263
f 5206//7264 5145//7264 5207//7264
f 5207//7265 5145//7265 5146//7265
f 5207//7266 5146//7266 5208//7266
f 5208//7267 5146//7267 5147//7267
f 5208//7268 5147//7268 5209//7268
f 5209//7269 5147//7269 5148//7269
f 5209//7270 5148//7270 5210//7270
f 5210//7271 5148//7271 5149//7271
f 5210//7272 5149//7272 5211//7272
f 5211//7273 5149//7273 5150//7273
f 5211//7274 5150//7274 5212//7274
f 5212//7275 5150//7275 5151//7275
f 5212//7276 5151//7276 5213//7276
f 5213//7277 5151//7277 5152//7277
f 5213//7278 5152//7278 5214//7278
f 5214//7279 5152//7279 5153//7279
f 5214//7280 5153//7280 5215//7280
f 5215//7281 5153//7281 5154//7281
f 5215//7282 5154//7282 5216//7282
f 5216//7283 5154//7283 5155//7283
f 5216//7284 5155//7284 5217//7284
f 5217//7285 5155//7285 5156//7285
f 5217//7286 5156//7286 5218//7286
f 5218//7287 5156//7287 5157//7287
f 5218//7288 5157//7288 5219//7288
f 5219//7289 5157//7289 5158//7289
f 5219//7290 5158//7290 5220//7290
f 4248//7291 4919//7291 4246//7291
f 4246//7292 4919//7292 5221//7292
f 4246//7293 5221//7293 4245//7293
f 4245//7294 5221//7294 5222//7294
f 4245//7295 5222//7295 4243//7295
f 4243//7296 5222//7296 5223//7296
f 4243//7297 5223//7297 4241//7297
f 4241//7298 5223//7298 5224//7298
f 4241//7299 5224//7299 4239//7299
f 5225//7300 5159//7300 5226//7300
f 5226//7301 5159//7301 5160//7301
f 5226//7302 5160//7302 5227//7302
f 5227//7302 5160//7302 5161//7302
f 5227//7303 5161//7303 5228//7303
f 5228//7303 5161//7303 5162//7303
f 5228//7304 5162//7304 5229//7304
f 5229//7305 5162//7305 5163//7305
f 5229//7306 5163//7306 5230//7306
f 5230//7306 5163//7306 5164//7306
f 5230//7307 5164//7307 5231//7307
f 5231//7307 5164//7307 5165//7307
f 5231//7308 5165//7308 5232//7308
f 5232//7309 5165//7309 5166//7309
f 5232//7310 5166//7310 5233//7310
f 5233//7310 5166//7310 5167//7310
f 5233//7311 5167//7311 5234//7311
f 5234//7312 5167//7312 5168//7312
f 5234//7313 5168//7313 5235//7313
f 5235//7314 5168//7314 5169//7314
f 5235//7315 5169//7315 5236//7315
f 5236//7316 5169//7316 5170//7316
f 5236//7317 5170//7317 5237//7317
f 5237//7318 5170//7318 5171//7318
f 5237//7319 5171//7319 5238//7319
f 5238//7320 5171//7320 5172//7320
f 5238//7321 5172//7321 5239//7321
f 5239//7321 5172//7321 5173//7321
f 5239//7322 5173//7322 5240//7322
f 5240//7323 5173//7323 5174//7323
f 5240//7324 5174//7324 5241//7324
f 5241//7325 5174//7325 5175//7325
f 5241//7326 5175//7326 5242//7326
f 5242//7326 5175//7326 5176//7326
f 5242//7327 5176//7327 5243//7327
f 5243//7328 5176//7328 5177//7328
f 5243//7329 5177//7329 5244//7329
f 5244//7329 5177//7329 5178//7329
f 5244//7330 5178//7330 5245//7330
f 5245//7330 5178//7330 5179//7330
f 5245//7331 5179//7331 5246//7331
f 5246//7332 5179//7332 5180//7332
f 5246//7333 5180//7333 5247//7333
f 5247//7334 5180//7334 5181//7334
f 5247//7335 5181//7335 5248//7335
f 5248//7335 5181//7335 5182//7335
f 5248//7336 5182//7336 5249//7336
f 5249//7336 5182//7336 5183//7336
f 5249//7337 5183//7337 5250//7337
f 5250//7338 5183//7338 5184//7338
f 5250//7339 5184//7339 5251//7339
f 5251//7339 5184//7339 5185//7339
f 5251//7340 5185//7340 5252//7340
f 5252//7341 5185//7341 5186//7341
f 5252//7342 5186//7342 5253//7342
f 5253//7342 5186//7342 5187//7342
f 5253//7343 5187//7343 5254//7343
f 5254//7343 5187//7343 5188//7343
f 5254//7344 5188//7344 5255//7344
f 5255//7344 5188//7344 5189//7344
f 5255//7345 5189//7345 5256//7345
f 5256//7345 5189//7345 5190//7345
f 5256//7346 5190//7346 5257//7346
f 5257//7346 5190//7346 5191//7346
f 5257//7347 5191//7347 5258//7347
f 5258//7348 5191//7348 5192//7348
f 5258//7349 5192//7349 5259//7349
f 5259//7349 5192//7349 5193//7349
f 5259//7350 5193//7350 5260//7350
f 5260//7351 5193//7351 5194//7351
f 5260//7352 5194//7352 5261//7352
f 5261//7352 5194//7352 5195//7352
f 5261//7353 5195//7353 5262//7353
f 5262//7354 5195//7354 5196//7354
f 5262//7355 5196//7355 5263//7355
f 5263//7355 5196//7355 5197//7355
f 5263//7356 5197//7356 5264//7356
f 5264//7357 5197//7357 5198//7357
f 5264//7358 5198//7358 5265//7358
f 5265//7358 5198//7358 5199//7358
f 5265//7359 5199//7359 5266//7359
f 5266//7360 5199//7360 5200//7360
f 5266//7361 5200//7361 5267//7361
f 5267//7361 5200//7361 5201//7361
f 5267//7362 5201//7362 5268//7362
f 5268//7363 5201//7363 5202//7363
f 5268//7364 5202//7364 5269//7364
f 5269//7364 5202//7364 5203//7364
f 5269//7365 5203//7365 5270//7365
f 5270//7366 5203//7366 5204//7366
f 5270//7367 5204//7367 5271//7367
f 5271//7368 5204//7368 5205//7368
f 5271//7369 5205//7369 5272//7369
f 5272//7369 5205//7369 5206//7369
f 5272//7370 5206//7370 5273//7370
f 5273//7370 5206//7370 5207//7370
f 5273//7371 5207//7371 5274//7371
f 5274//7372 5207//7372 5208//7372
f 5274//7373 5208//7373 5275//7373
f 5275//7374 5208//7374 5209//7374
f 5275//7375 5209//7375 5276//7375
f 5276//7375 5209//7375 5210//7375
f 5276//7376 5210//7376 5277//7376
f 5277//7377 5210//7377 5211//7377
f 5277//7378 5211//7378 5278//7378
f 5278//7379 5211//7379 5212//7379
f 5278//7380 5212//7380 5279//7380
f 5279//7380 5212//7380 5213//7380
f 5279//7381 5213//7381 5280//7381
f 5280//7382 5213//7382 5214//7382
f 5280//7383 5214//7383 5281//7383
f 5281//7384 5214//7384 5215//7384
f 5281//7385 5215//7385 5282//7385
f 5282//7386 5215//7386 5216//7386
f 5282//7387 5216//7387 5283//7387
f 5283//7387 5216//7387 5217//7387
f 5283//7388 5217//7388 5284//7388
f 5284//7389 5217//7389 5218//7389
f 5284//7390 5218//7390 5285//7390
f 5285//7391 5218//7391 5219//7391
f 5285//7392 5219//7392 5286//7392
f 5286//7393 5219//7393 5220//7393
f 5286//7394 5220//7394 5287//7394
f 5288//7395 5225//7395 5289//7395
f 5289//7396 5225//7396 5226//7396
f 5289//7397 5226//7397 5290//7397
f 5290//7398 5226//7398 5227//7398
f 5290//7399 5227//7399 5291//7399
f 5291//7400 5227//7400 5228//7400
f 5291//7401 5228//7401 5292//7401
f 5292//7402 5228//7402 5229//7402
f 5292//7403 5229//7403 5293//7403
f 5293//7404 5229//7404 5230//7404
f 5293//7405 5230//7405 5294//7405
f 5294//7406 5230//7406 5231//7406
f 5294//7407 5231//7407 5295//7407
f 5295//7408 5231//7408 5232//7408
f 5295//7409 5232//7409 5296//7409
f 5296//7410 5232//7410 5233//7410
f 5296//7411 5233//7411 5297//7411
f 5297//7412 5233//7412 5234//7412
f 5297//7413 5234//7413 5298//7413
f 5298//7414 5234//7414 5235//7414
f 5298//7415 5235//7415 5299//7415
f 5299//7416 5235//7416 5236//7416
f 5299//7417 5236//7417 5300//7417
f 5300//7418 5236//7418 5237//7418
f 5300//7419 5237//7419 5301//7419
f 5301//7420 5237//7420 5238//7420
f 5301//7421 5238//7421 5302//7421
f 5302//7422 5238//7422 5239//7422
f 5302//7423 5239//7423 5303//7423
f 5303//7424 5239//7424 5240//7424
f 5303//7425 5240//7425 5304//7425
f 5304//7426 5240//7426 5241//7426
f 5304//7427 5241//7427 5305//7427
f 5305//7428 5241//7428 5242//7428
f 5305//7429 5242//7429 5306//7429
f 5306//7430 5242//7430 5243//7430
f 5306//7431 5243//7431 5307//7431
f 5307//7432 5243//7432 5244//7432
f 5307//7433 5244//7433 5308//7433
f 5308//7434 5244//7434 5245//7434
f 5308//7435 5245//7435 5309//7435
f 5309//7436 5245//7436 5246//7436
f 5309//7437 5246//7437 5310//7437
f 5310//7438 5246//7438 5247//7438
f 5310//7439 5247//7439 5311//7439
f 5311//7440 5247//7440 5248//7440
f 5311//7441 5248//7441 5312//7441
f 5312//7442 5248//7442 5249//7442
f 5312//7443 5249//7443 5313//7443
f 5313//7444 5249//7444 5250//7444
f 5313//7445 5250//7445 5314//7445
f 5314//7446 5250//7446 5251//7446
f 5314//7447 5251//7447 5315//7447
f 5315//7448 5251//7448 5252//7448
f 5315//7449 5252//7449 5316//7449
f 5316//7450 5252//7450 5253//7450
f 5316//7451 5253//7451 5317//7451
f 5317//7452 5253//7452 5254//7452
f 5317//7453 5254//7453 5318//7453
f 5318//7454 5254//7454 5255//7454
f 5318//7455 5255//7455 5319//7455
f 5319//7456 5255//7456 5256//7456
f 5319//7457 5256//7457 5320//7457
f 5320//7458 5256//7458 5257//7458
f 5320//7459 5257//7459 5321//7459
f 5321//7460 5257//7460 5258//7460
f 5321//7461 5258//7461 5322//7461
f 5322//7462 5258//7462 5259//7462
f 5322//7463 5259//7463 5323//7463
f 5323//7464 5259//7464 5260//7464
f 5323//7465 5260//7465 5324//7465
f 5324//7466 5260//7466 5261//7466
f 5324//7467 5261//7467 5325//7467
f 5325//7468 5261//7468 5262//7468
f 5325//7469 5262//7469 5326//7469
f 5326//7470 5262//7470 5263//7470
f 5326//7471 5263//7471 5327//7471
f 5327//7472 5263//7472 5264//7472
f 5327//7473 5264//7473 5328//7473
f 5328//7474 5264//7474 5265//7474
f 5328//7475 5265//7475 5329//7475
f 5329//7476 5265//7476 5266//7476
f 5329//7477 5266//7477 5330//7477
f 5330//7478 5266//7478 5267//7478
f 5330//7479 5267//7479 5331//7479
f 5331//7480 5267//7480 5268//7480
f 5331//7481 5268//7481 5332//7481
f 5332//7482 5268//7482 5269//7482
f 5332//7483 5269//7483 5333//7483
f 5333//7484 5269//7484 5270//7484
f 5333//7485 5270//7485 5334//7485
f 5334//7486 5270//7486 5271//7486
f 5334//7487 5271//7487 5335//7487
f 5335//7488 5271//7488 5272//7488
f 5335//7489 5272//7489 5336//7489
f 5336//7490 5272//7490 5273//7490
f 5336//7491 5273//7491 5337//7491
f 5337//7492 5273//7492 5274//7492
f 5337//7493 5274//7493 5338//7493
f 5338//7494 5274//7494 5275//7494
f 5338//7495 5275//7495 5339//7495
f 5339//7496 5275//7496 5276//7496
f 5339//7497 5276//7497 5340//7497
f 5340//7498 5276//7498 5277//7498
f 5340//7499 5277//7499 5341//7499
f 5341//7500 5277//7500 5278//7500
f 5341//7501 5278//7501 5342//7501
f 5342//7502 5278//7502 5279//7502
f 5342//7503 5279//7503 5343//7503
f 5343//7504 5279//7504 5280//7504
f 5343//7505 5280//7505 5344//7505
f 5344//7506 5280//7506 5281//7506
f 5344//7507 5281//7507 5345//7507
f 5345//7508 5281//7508 5282//7508
f 5345//7509 5282//7509 5346//7509
f 5346//7510 5282//7510 5283//7510
f 5346//7511 5283//7511 5347//7511
f 5347//7512 5283//7512 5284//7512
f 5347//7513 5284//7513 5348//7513
f 5348//7514 5284//7514 5285//7514
f 5348//7515 5285//7515 5349//7515
f 5349//7516 5285//7516 5286//7516
f 5349//7517 5286//7517 5350//7517
f 5350//7518 5286//7518 5287//7518
f 5350//7519 5287//7519 5351//7519
f 5352//7520 5288//7520 5353//7520
f 5353//7521 5288//7521 5289//7521
f 5353//7522 5289//7522 5354//7522
f 5354//7523 5289//7523 5290//7523
f 5354//7524 5290//7524 5355//7524
f 5355//7525 5290//7525 5291//7525
f 5355//7526 5291//7526 5356//7526
f 5356//7527 5291//7527 5292//7527
f 5356//7528 5292//7528 5357//7528
f 5357//7529 5292//7529 5293//7529
f 5357//7530 5293//7530 5358//7530
f 5358//7531 5293//7531 5294//7531
f 5358//7532 5294//7532 5359//7532
f 5359//7533 5294//7533 5295//7533
f 5359//7534 5295//7534 5360//7534
f 5360//7535 5295//7535 5296//7535
f 5360//7536 5296//7536 5361//7536
f 5361//7537 5296//7537 5297//7537
f 5361//7538 5297//7538 5362//7538
f 5362//7539 5297//7539 5298//7539
f 5362//7540 5298//7540 5363//7540
f 5363//7541 5298//7541 5299//7541
f 5363//7542 5299//7542 5364//7542
f 5364//7543 5299//7543 5300//7543
f 5364//7544 5300//7544 5365//7544
f 5365//7545 5300//7545 5301//7545
f 5365//7546 5301//7546 5366//7546
f 5366//7547 5301//7547 5302//7547
f 5366//7548 5302//7548 5367//7548
f 5367//7549 5302//7549 5303//7549
f 5367//7550 5303//7550 5368//7550
f 5368//7551 5303//7551 5304//7551
f 5368//7552 5304//7552 5369//7552
f 5369//7553 5304//7553 5305//7553
f 5369//7554 5305//7554 5370//7554
f 5370//7555 5305//7555 5306//7555
f 5370//7556 5306//7556 5371//7556
f 5371//7557 5306//7557 5307//7557
f 5371//7558 5307//7558 5372//7558
f 5372//7559 5307//7559 5308//7559
f 5372//7560 5308//7560 5373//7560
f 5373//7561 5308//7561 5309//7561
f 5373//7562 5309//7562 5374//7562
f 5374//7563 5309//7563 5310//7563
f 5374//7564 5310//7564 5375//7564
f 5375//7565 5310//7565 5311//7565
f 5375//7566 5311//7566 5376//7566
f 5376//7567 5311//7567 5312//7567
f 5376//7568 5312//7568 5377//7568
f 5377//7569 5312//7569 5313//7569
f 5377//7570 5313//7570 5378//7570
f 5378//7571 5313//7571 5314//7571
f 5378//7572 5314//7572 5379//7572
f 5379//7573 5314//7573 5315//7573
f 5379//7574 5315//7574 5380//7574
f 5380//7575 5315//7575 5316//7575
f 5380//7576 5316//7576 5381//7576
f 5381//7577 5316//7577 5317//7577
f 5381//7578 5317//7578 5382//7578
f 5382//7579 5317//7579 5318//7579
f 5382//7580 5318//7580 5383//7580
f 5383//7581 5318//7581 5319//7581
f 5383//7582 5319//7582 5384//7582
f 5384//7583 5319//7583 5320//7583
f 5384//7584 5320//7584 5385//7584
f 5385//7585 5320//7585 5321//7585
f 5385//7586 5321//7586 5386//7586
f 5386//7587 5321//7587 5322//7587
f 5386//7588 5322//7588 5387//7588
f 5387//7589 5322//7589 5323//7589
f 5387//7590 5323//7590 5388//7590
f 5388//7591 5323//7591 5324//7591
f 5388//7592 5324//7592 5389//7592
f 5389//7593 5324//7593 5325//7593
f 5389//7594 5325//7594 5390//7594
f 5390//7595 5325//7595 5326//7595
f 5390//7596 5326//7596 5391//7596
f 5391//7597 5326//7597 5327//7597
f 5391//7598 5327//7598 5392//7598
f 5392//7599 5327//7599 5328//7599
f 5392//7600 5328//7600 5393//7600
f 5393//7601 5328//7601 5329//7601
f 5393//7602 5329//7602 5394//7602
f 5394//7603 5329//7603 5330//7603
f 5394//7604 5330//7604 5395//7604
f 5395//7605 5330//7605 5331//7605
f 5395//7606 5331//7606 5396//7606
f 5396//7607 5331//7607 5332//7607
f 5396//7608 5332//7608 5397//7608
f 5397//7609 5332//7609 5333//7609
f 5397//7610 5333//7610 5398//7610
f 5398//7611 5333//7611 5334//7611
f 5398//7612 5334//7612 5399//7612
f 5399//7613 5334//7613 5335//7613
f 5399//7614 5335//7614 5400//7614
f 5400//7615 5335//7615 5336//7615
f 5400//7616 5336//7616 5401//7616
f 5401//7617 5336//7617 5337//7617
f 5401//7618 5337//7618 5402//7618
f 5402//7619 5337//7619 5338//7619
f 5402//7620 5338//7620 5403//7620
f 5403//7621 5338//7621 5339//7621
f 5403//7622 5339//7622 5404//7622
f 5404//7623 5339//7623 5340//7623
f 5404//7624 5340//7624 5405//7624
f 5405//7625 5340//7625 5341//7625
f 5405//7626 5341//7626 5406//7626
f 5406//7627 5341//7627 5342//7627
f 5406//7628 5342//7628 5407//7628
f 5407//7629 5342//7629 5343//7629
f 5407//7630 5343//7630 5408//7630
f 5408//7631 5343//7631 5344//7631
f 5408//7632 5344//7632 5409//7632
f 5409//7633 5344//7633 5345//7633
f 5409//7634 5345//7634 5410//7634
f 5410//7635 5345//7635 5346//7635
f 5410//7636 5346//7636 5411//7636
f 5411//7637 5346//7637 5347//7637
f 5411//7638 5347//7638 5412//7638
f 5412//7639 5347//7639 5348//7639
f 5412//7640 5348//7640 5413//7640
f 5413//7641 5348//7641 5349//7641
f 5413//7642 5349//7642 5414//7642
f 5414//7643 5349//7643 5350//7643
f 5414//7644 5350//7644 5415//7644
f 5415//7645 5350//7645 5351//7645
f 5415//7646 5351//7646 5416//7646
f 4239//7647 5224//7647 4229//7647
f 4229//7648 5224//7648 5417//7648
f 4229//7649 5417//7649 4230//7649
f 4230//7650 5417//7650 5418//7650
f 4230//7651 5418//7651 4232//7651
f 4232//7652 5418//7652 5419//7652
f 4232//7653 5419//7653 4233//7653
f 4603//7654 4918//7654 4604//7654
f 4925//7655 5352//7655 4924//7655
f 4924//7656 5352//7656 5353//7656
f 4924//7657 5353//7657 4923//7657
f 4923//7658 5353//7658 5354//7658
f 4923//7659 5354//7659 4932//7659
f 4932//7660 5354//7660 5355//7660
f 4932//7661 5355//7661 4931//7661
f 4931//7662 5355//7662 5356//7662
f 4931//7663 5356//7663 4930//7663
f 4930//7664 5356//7664 5357//7664
f 4930//7665 5357//7665 4935//7665
f 4935//7666 5357//7666 5358//7666
f 4935//7667 5358//7667 4921//7667
f 4921//7668 5358//7668 5359//7668
f 4921//7669 5359//7669 4939//7669
f 4939//7670 5359//7670 5360//7670
f 4939//7671 5360//7671 4938//7671
f 4938//7672 5360//7672 5361//7672
f 4938//7673 5361//7673 4937//7673
f 4937//7674 5361//7674 5362//7674
f 4937//7675 5362//7675 4936//7675
f 4936//7676 5362//7676 5363//7676
f 4936//7677 5363//7677 4941//7677
f 4941//7678 5363//7678 5364//7678
f 4941//7679 5364//7679 4940//7679
f 4940//7680 5364//7680 5365//7680
f 4940//7681 5365//7681 4942//7681
f 4942//7682 5365//7682 5366//7682
f 4942//7683 5366//7683 4943//7683
f 4943//7684 5366//7684 5367//7684
f 4943//7685 5367//7685 4945//7685
f 4945//7686 5367//7686 5368//7686
f 4945//7687 5368//7687 4944//7687
f 4944//7688 5368//7688 5369//7688
f 4944//7689 5369//7689 4946//7689
f 4946//7690 5369//7690 5370//7690
f 4946//7691 5370//7691 4947//7691
f 4947//7692 5370//7692 5371//7692
f 4947//7693 5371//7693 4949//7693
f 4949//7694 5371//7694 5372//7694
f 4949//7695 5372//7695 4948//7695
f 4948//7696 5372//7696 5373//7696
f 4948//7697 5373//7697 4967//7697
f 4967//7698 5373//7698 5374//7698
f 4967//7699 5374//7699 4966//7699
f 4966//7700 5374//7700 5375//7700
f 4966//7701 5375//7701 4969//7701
f 4969//7702 5375//7702 5376//7702
f 4969//7703 5376//7703 4968//7703
f 4968//7704 5376//7704 5377//7704
f 4968//7705 5377//7705 4976//7705
f 4976//7706 5377//7706 5378//7706
f 4976//7707 5378//7707 4975//7707
f 4975//7708 5378//7708 5379//7708
f 4975//7709 5379//7709 4974//7709
f 4974//7710 5379//7710 5380//7710
f 4974//7711 5380//7711 4977//7711
f 4977//7712 5380//7712 5381//7712
f 4977//7713 5381//7713 4978//7713
f 4978//7714 5381//7714 5382//7714
f 4978//7715 5382//7715 4986//7715
f 4986//7716 5382//7716 5383//7716
f 4986//7717 5383//7717 4985//7717
f 4985//7718 5383//7718 5384//7718
f 4985//7719 5384//7719 4989//7719
f 4989//7720 5384//7720 5385//7720
f 4989//7721 5385//7721 4988//7721
f 4988//7722 5385//7722 5386//7722
f 4988//7723 5386//7723 4993//7723
f 4993//7724 5386//7724 5387//7724
f 4993//7725 5387//7725 4992//7725
f 4992//7726 5387//7726 5388//7726
f 4992//7727 5388//7727 4997//7727
f 4997//7728 5388//7728 5389//7728
f 4997//7729 5389//7729 4996//7729
f 4996//7730 5389//7730 5390//7730
f 4996//7731 5390//7731 5002//7731
f 5002//7732 5390//7732 5391//7732
f 5002//7733 5391//7733 5001//7733
f 5001//7734 5391//7734 5392//7734
f 5001//7735 5392//7735 5000//7735
f 5000//7736 5392//7736 5393//7736
f 5000//7737 5393//7737 5003//7737
f 5003//7738 5393//7738 5394//7738
f 5003//7739 5394//7739 4920//7739
f 4920//7740 5394//7740 5395//7740
f 4920//7741 5395//7741 5011//7741
f 5011//7742 5395//7742 5396//7742
f 5011//7743 5396//7743 5010//7743
f 5010//7744 5396//7744 5397//7744
f 5010//7745 5397//7745 5009//7745
f 5009//7746 5397//7746 5398//7746
f 5009//7747 5398//7747 5014//7747
f 5014//7748 5398//7748 5399//7748
f 5014//7749 5399//7749 5013//7749
f 5013//7750 5399//7750 5400//7750
f 5013//7751 5400//7751 5012//7751
f 5012//7752 5400//7752 5401//7752
f 5012//7753 5401//7753 5015//7753
f 5015//7754 5401//7754 5402//7754
f 5015//7755 5402//7755 5016//7755
f 5016//7756 5402//7756 5403//7756
f 5016//7757 5403//7757 5017//7757
f 5017//7758 5403//7758 5404//7758
f 5017//7759 5404//7759 5018//7759
f 5018//7760 5404//7760 5405//7760
f 5018//7761 5405//7761 5020//7761
f 5020//7762 5405//7762 5406//7762
f 5020//7763 5406//7763 5019//7763
f 5019//7764 5406//7764 5407//7764
f 5019//7765 5407//7765 5021//7765
f 5021//7766 5407//7766 5408//7766
f 5021//7767 5408//7767 4919//7767
f 4919//7768 5408//7768 5409//7768
f 4919//7769 5409//7769 5221//7769
f 5221//7770 5409//7770 5410//7770
f 5221//7771 5410//7771 5222//7771
f 5222//7772 5410//7772 5411//7772
f 5222//7773 5411//7773 5223//7773
f 5223//7774 5411//7774 5412//7774
f 5223//7775 5412//7775 5224//7775
f 5224//7776 5412//7776 5413//7776
f 5224//7777 5413//7777 5417//7777
f 5417//7778 5413//7778 5414//7778
f 5417//7779 5414//7779 5418//7779
f 5418//7780 5414//7780 5415//7780
f 5418//7781 5415//7781 5419//7781
f 5419//7782 5415//7782 5416//7782
f 5419//7783 5416//7783 5420//7783
f 5420//7784 4237//7784 5419//7784
f 5419//7785 4237//7785 4235//7785
f 5419//7786 4235//7786 4233//7786
f 4589//7787 4588//7787 5008//7787
f 5008//7788 4588//7788 4587//7788
f 5008//7789 4587//7789 5070//7789
f 5070//7790 4587//7790 4586//7790
f 5070//7791 4586//7791 5072//7791
f 5072//7792 4586//7792 4585//7792
f 5072//7793 4585//7793 5074//7793
f 5074//7794 4585//7794 4584//7794
f 5074//7795 4584//7795 5076//7795
f 5076//7796 4584//7796 4583//7796
f 5076//7797 4583//7797 5078//7797
f 5078//7798 4583//7798 4582//7798
f 5078//7799 4582//7799 5080//7799
f 5080//7800 4582//7800 4581//7800
f 5080//7801 4581//7801 5082//7801
f 5082//7802 4581//7802 4580//7802
f 5082//7803 4580//7803 5084//7803
f 5084//7804 4580//7804 4579//7804
f 5084//7805 4579//7805 5086//7805
f 5086//7806 4579//7806 4578//7806
f 5086//7807 4578//7807 5088//7807
f 5088//7808 4578//7808 4577//7808
f 5088//7809 4577//7809 5090//7809
f 5090//7810 4577//7810 4576//7810
f 5090//7811 4576//7811 5092//7811
f 5092//7812 4576//7812 4575//7812
f 5092//7813 4575//7813 5094//7813
f 5094//7814 4575//7814 4596//7814
f 5094//7815 4596//7815 5096//7815
f 5096//7816 4596//7816 5022//7816
f 5096//7817 5022//7817 5097//7817
f 5097//7818 5022//7818 5421//7818
f 5097//7819 5421//7819 5158//7819
f 5158//7820 5421//7820 5422//7820
f 5158//7821 5422//7821 5220//7821
f 5220//7822 5422//7822 5423//7822
f 5220//7394 5423//7394 5287//7394
f 5287//7823 5423//7823 5424//7823
f 5287//7824 5424//7824 5351//7824
f 5351//7825 5424//7825 5425//7825
f 5351//7826 5425//7826 5416//7826
f 5416//7827 5425//7827 5426//7827
f 5416//7828 5426//7828 5420//7828
f 5420//7829 5426//7829 5427//7829
f 5420//7830 5427//7830 4237//7830
f 4227//7831 4219//7831 5427//7831
f 5427//7832 4219//7832 4238//7832
f 5427//7833 4238//7833 4237//7833
f 5428//7834 5429//7834 5430//7834
f 5430//7835 5429//7835 5431//7835
f 5430//7836 5431//7836 5432//7836
f 5432//7837 5431//7837 5433//7837
f 5432//7838 5433//7838 5434//7838
f 5434//7839 5433//7839 5435//7839
f 5434//7840 5435//7840 5436//7840
f 5436//7841 5435//7841 5437//7841
f 5436//7842 5437//7842 5438//7842
f 5438//7843 5437//7843 5439//7843
f 5438//7844 5439//7844 5440//7844
f 5440//7845 5439//7845 5441//7845
f 5440//7846 5441//7846 5442//7846
f 5442//7847 5441//7847 5443//7847
f 5022//7848 5428//7848 5421//7848
f 5421//7849 5428//7849 5430//7849
f 5421//7850 5430//7850 5422//7850
f 5422//7851 5430//7851 5432//7851
f 5422//7852 5432//7852 5423//7852
f 5423//7853 5432//7853 5434//7853
f 5423//7854 5434//7854 5424//7854
f 5424//7855 5434//7855 5436//7855
f 5424//7856 5436//7856 5425//7856
f 5425//7857 5436//7857 5438//7857
f 5425//7858 5438//7858 5426//7858
f 5426//7859 5438//7859 5440//7859
f 5426//7860 5440//7860 5427//7860
f 5427//7861 5440//7861 5442//7861
f 5427//7862 5442//7862 4227//7862
f 4227//7863 5442//7863 5443//7863
f 4227//7864 5443//7864 4226//7864
f 4226//7865 5443//7865 4224//7865
f 4222//7866 4224//7866 5444//7866
f 5444//7867 4224//7867 5443//7867
f 5444//7868 5443//7868 5445//7868
f 5445//7869 5443//7869 5441//7869
f 5445//7870 5441//7870 5446//7870
f 5446//7871 5441//7871 5439//7871
f 5446//7872 5439//7872 5447//7872
f 5447//7873 5439//7873 5437//7873
f 5447//7874 5437//7874 5448//7874
f 5448//7841 5437//7841 5435//7841
f 5448//7875 5435//7875 5449//7875
f 5449//7876 5435//7876 5433//7876
f 5449//7877 5433//7877 5450//7877
f 5450//7878 5433//7878 5431//7878
f 5450//7879 5431//7879 5451//7879
f 5451//7880 5431//7880 5429//7880
f 4220//7881 4222//7881 4916//7881
f 4916//7882 4222//7882 5444//7882
f 4916//7883 5444//7883 5452//7883
f 5452//7884 5444//7884 5445//7884
f 5452//7885 5445//7885 5453//7885
f 5453//7886 5445//7886 5446//7886
f 5453//7887 5446//7887 5454//7887
f 5454//7888 5446//7888 5447//7888
f 5454//7889 5447//7889 5455//7889
f 5455//7874 5447//7874 5448//7874
f 5455//7890 5448//7890 5456//7890
f 5456//7891 5448//7891 5449//7891
f 5456//7892 5449//7892 5457//7892
f 5457//7893 5449//7893 5450//7893
f 5457//7894 5450//7894 5458//7894
f 5458//7895 5450//7895 5451//7895
f 5459//7896 5460//7896 5461//7896
f 5461//7897 5460//7897 4520//7897
f 4396//7898 4915//7898 5462//7898
f 5462//7899 4915//7899 4916//7899
f 5462//7900 4916//7900 5463//7900
f 5463//7901 4916//7901 5452//7901
f 5463//7902 5452//7902 5464//7902
f 5464//7903 5452//7903 5453//7903
f 5464//7904 5453//7904 5465//7904
f 5465//7905 5453//7905 5454//7905
f 5465//7906 5454//7906 5466//7906
f 5466//7889 5454//7889 5455//7889
f 5466//7907 5455//7907 5467//7907
f 5467//7908 5455//7908 5456//7908
f 5467//7909 5456//7909 5468//7909
f 5468//7910 5456//7910 5457//7910
f 5468//7911 5457//7911 5469//7911
f 5469//7912 5457//7912 5458//7912
f 4520//7913 5470//7913 5461//7913
f 5461//7914 5470//7914 4518//7914
f 5461//7915 4518//7915 4517//7915
f 5471//7916 5459//7916 5472//7916
f 5472//7917 5459//7917 5461//7917
f 5472//7918 5461//7918 5473//7918
f 5473//7919 5461//7919 4517//7919
f 4398//7920 4396//7920 4914//7920
f 4914//7921 4396//7921 5462//7921
f 4914//7922 5462//7922 5474//7922
f 5474//7923 5462//7923 5463//7923
f 5474//7924 5463//7924 5475//7924
f 5475//7925 5463//7925 5464//7925
f 5475//7926 5464//7926 5476//7926
f 5476//7927 5464//7927 5465//7927
f 5476//7928 5465//7928 5477//7928
f 5477//7929 5465//7929 5466//7929
f 5477//7930 5466//7930 5478//7930
f 5478//7931 5466//7931 5467//7931
f 5478//7932 5467//7932 5479//7932
f 5479//7933 5467//7933 5468//7933
f 5479//7934 5468//7934 4918//7934
f 4918//7935 5468//7935 5469//7935
f 4918//7936 5469//7936 4604//7936
f 4604//7937 5469//7937 5458//7937
f 4604//7938 5458//7938 4590//7938
f 4590//7939 5458//7939 5451//7939
f 4590//7940 5451//7940 4591//7940
f 4591//7941 5451//7941 5429//7941
f 4591//7942 5429//7942 4592//7942
f 4592//7943 5429//7943 5428//7943
f 4592//7944 5428//7944 4593//7944
f 4593//7945 5428//7945 5022//7945
f 4593//7946 5022//7946 4594//7946
f 4594//7947 5022//7947 4595//7947
f 5480//7948 5471//7948 5481//7948
f 5481//7949 5471//7949 5472//7949
f 5481//7950 5472//7950 5482//7950
f 5482//7951 5472//7951 5473//7951
f 5482//7952 5473//7952 5483//7952
f 5483//7953 5473//7953 4517//7953
f 4599//7954 4520//7954 4917//7954
f 4917//7955 4520//7955 5460//7955
f 4917//7956 5460//7956 5484//7956
f 5484//7957 5460//7957 5459//7957
f 5484//7958 5459//7958 5485//7958
f 5485//7959 5459//7959 5471//7959
f 5485//7960 5471//7960 5486//7960
f 5486//7961 5471//7961 5480//7961
f 5486//7962 5480//7962 5487//7962
f 4601//7963 4600//7963 5488//7963
f 5488//7964 4600//7964 4917//7964
f 5488//7965 4917//7965 5489//7965
f 5489//7966 4917//7966 5484//7966
f 5489//7967 5484//7967 5490//7967
f 5490//7968 5484//7968 5485//7968
f 5490//7969 5485//7969 5491//7969
f 5491//7970 5485//7970 5486//7970
f 5491//7971 5486//7971 5492//7971
f 5492//7962 5486//7962 5487//7962
f 5492//7972 5487//7972 5493//7972
f 4597//7973 4601//7973 5494//7973
f 5494//7974 4601//7974 5488//7974
f 5494//7975 5488//7975 5495//7975
f 5495//7976 5488//7976 5489//7976
f 5495//7977 5489//7977 5496//7977
f 5496//7978 5489//7978 5490//7978
f 5496//7979 5490//7979 5497//7979
f 5497//7980 5490//7980 5491//7980
f 5497//7981 5491//7981 5498//7981
f 5498//7971 5491//7971 5492//7971
f 5498//7982 5492//7982 5499//7982
f 5499//7983 5492//7983 5493//7983
f 5499//7984 5493//7984 5500//7984
f 4598//7985 4597//7985 5501//7985
f 5501//7986 4597//7986 5494//7986
f 5501//7987 5494//7987 5502//7987
f 5502//7988 5494//7988 5495//7988
f 5502//7989 5495//7989 5503//7989
f 5503//7990 5495//7990 5496//7990
f 5503//7991 5496//7991 5504//7991
f 5504//7992 5496//7992 5497//7992
f 5504//7993 5497//7993 5505//7993
f 5505//7994 5497//7994 5498//7994
f 5505//7995 5498//7995 5506//7995
f 5506//7996 5498//7996 5499//7996
f 5506//7997 5499//7997 5507//7997
f 5507//7998 5499//7998 5500//7998
f 5507//7999 5500//7999 5508//7999
f 4391//8000 4399//8000 5508//8000
f 5508//8001 4399//8001 4914//8001
f 5508//8002 4914//8002 5507//8002
f 5507//8003 4914//8003 5474//8003
f 5507//8004 5474//8004 5506//8004
f 5506//8005 5474//8005 5475//8005
f 5506//8006 5475//8006 5505//8006
f 5505//8007 5475//8007 5476//8007
f 5505//7993 5476//7993 5504//7993
f 5504//7928 5476//7928 5477//7928
f 5504//8008 5477//8008 5503//8008
f 5503//8009 5477//8009 5478//8009
f 5503//8010 5478//8010 5502//8010
f 5502//8011 5478//8011 5479//8011
f 5502//8012 5479//8012 5501//8012
f 5501//8013 5479//8013 4918//8013
f 5501//8014 4918//8014 4598//8014
f 4598//8015 4918//8015 4602//8015
f 4517//8016 4516//8016 5483//8016
f 5483//8017 4516//8017 4524//8017
f 5483//8018 4524//8018 4523//8018
f 4391//8019 5508//8019 4913//8019
f 4913//8020 5508//8020 5500//8020
f 4913//8021 5500//8021 5509//8021
f 5509//8022 5500//8022 5493//8022
f 5509//8023 5493//8023 5510//8023
f 5510//8024 5493//8024 5487//8024
f 5510//8025 5487//8025 5511//8025
f 5511//8026 5487//8026 5480//8026
f 5511//8027 5480//8027 5512//8027
f 5512//8028 5480//8028 5481//8028
f 5512//8029 5481//8029 5513//8029
f 5513//8030 5481//8030 5482//8030
f 5513//8031 5482//8031 5514//8031
f 5514//8032 5482//8032 5483//8032
f 5514//8033 5483//8033 5515//8033
f 5515//8034 5483//8034 4523//8034
f 5515//8035 4523//8035 4522//8035
f 4530//8036 4926//8036 4521//8036
f 4521//8037 4926//8037 5024//8037
f 4521//8038 5024//8038 4922//8038
f 4922//8039 5024//8039 5023//8039
f 4922//8040 5023//8040 5516//8040
f 5516//8041 5023//8041 5098//8041
f 5516//8042 5098//8042 5517//8042
f 5517//8043 5098//8043 5159//8043
f 5517//8044 5159//8044 5518//8044
f 5518//8045 5159//8045 5225//8045
f 5518//8046 5225//8046 5519//8046
f 5519//8047 5225//8047 5288//8047
f 5519//8048 5288//8048 5520//8048
f 5520//8049 5288//8049 5352//8049
f 5520//8050 5352//8050 5521//8050
f 5521//8051 5352//8051 4925//8051
f 5521//8052 4925//8052 5522//8052
f 5522//8053 4925//8053 4386//8053
f 5522//8054 4386//8054 4394//8054
f 4522//8055 4922//8055 5515//8055
f 5515//8056 4922//8056 5516//8056
f 5515//8057 5516//8057 5514//8057
f 5514//8058 5516//8058 5517//8058
f 5514//8059 5517//8059 5513//8059
f 5513//8060 5517//8060 5518//8060
f 5513//8061 5518//8061 5512//8061
f 5512//8062 5518//8062 5519//8062
f 5512//8062 5519//8062 5511//8062
f 5511//8063 5519//8063 5520//8063
f 5511//8064 5520//8064 5510//8064
f 5510//8065 5520//8065 5521//8065
f 5510//8066 5521//8066 5509//8066
f 5509//8067 5521//8067 5522//8067
f 5509//8068 5522//8068 4913//8068
f 4913//8069 5522//8069 4394//8069
f 4913//8070 4394//8070 4393//8070
