# Blender 4.5.3 LTS
# www.blender.org
mtllib 4- ELBOW - V1.STL.mtl
o 4-_ELBOW_-_V1
v 3.578150 436.299988 16.115538
v 5.700000 436.299988 16.460812
v 5.700000 436.299988 14.250000
v -9.000000 436.299988 14.250000
v -9.000000 436.299988 16.000000
v 1.431498 436.299988 16.000000
v 10.650802 437.611542 14.250000
v 9.084646 436.890198 14.250000
v 9.088509 436.891602 19.326773
v 10.180127 437.359741 21.000000
v 10.650802 437.611542 21.000000
v 9.782475 437.171295 20.334455
v 9.316217 436.976746 19.637590
v 8.162467 436.607941 18.238222
v 8.345898 436.656403 18.432966
v 8.837646 436.804993 19.005047
v 7.417861 436.448669 14.250000
v 6.204506 436.312744 16.708866
v 6.701784 436.350311 17.008919
v 7.193483 436.412140 17.362453
v 7.421286 436.449249 17.546293
v 7.680256 436.498016 17.771360
v 13.299342 439.799988 21.000000
v 13.299342 439.799988 14.250000
v 12.614861 439.076111 21.000000
v 12.069763 438.591156 14.250000
v 11.047475 437.849884 21.000000
v 11.861747 438.423920 21.000000
v 12.069763 438.591156 21.000000
v 47.968735 389.100006 -6.500000
v 47.968735 385.799988 -6.500000
v 47.968735 389.100006 -26.000000
v 47.968735 385.799988 -26.000000
v 25.119854 430.583557 31.000000
v 27.421104 436.741852 31.000000
v 26.356709 436.568054 31.000000
v 28.498026 436.799988 31.000000
v 29.571400 428.955902 31.000000
v 58.000000 436.799988 31.000000
v 33.825821 426.866547 31.000000
v 37.835396 424.338959 31.000000
v 41.555138 421.401428 31.000000
v 44.943321 418.086975 31.000000
v 47.961929 414.432739 31.000000
v 25.317219 436.280640 31.000000
v 24.314726 435.882965 31.000000
v 23.360891 435.379608 31.000000
v 22.466810 434.776489 31.000000
v 21.642879 434.080597 31.000000
v 20.521124 431.731232 31.000000
v 20.898684 433.299988 31.000000
v 19.582516 431.902924 31.000000
v 54.912888 401.026855 31.000000
v 55.218632 400.671539 31.000000
v 57.332798 399.799988 31.000000
v 50.577110 410.479706 31.000000
v 52.759514 406.272278 31.000000
v 58.000000 399.799988 31.000000
v 54.484665 401.857605 31.000000
v 54.666225 401.425446 31.000000
v 55.575989 400.368195 31.000000
v 55.976227 400.124237 31.000000
v 56.865490 399.836609 31.000000
v 56.409588 399.945587 31.000000
v 10.235285 437.249664 22.564344
v 15.226119 434.123474 29.910065
v 14.208987 432.495453 30.256548
v 16.119410 432.981659 30.510565
v 15.826802 432.386078 30.602619
v 17.694807 432.186157 30.890217
v 19.709885 434.316833 30.876884
v 13.967247 433.236023 29.910065
v 13.251783 434.366608 29.090170
v 12.592331 432.546082 29.871002
v 12.026901 433.674408 29.090170
v 12.068751 436.236053 26.877851
v 11.035755 435.652283 26.877851
v 12.613714 435.374908 28.071068
v 11.492326 434.741180 28.071068
v 12.020732 433.686737 29.080147
v 18.448000 432.982269 30.876884
v 17.392912 434.084503 30.510565
v 16.390440 435.131775 29.910065
v 14.401710 435.177277 29.090170
v 15.465268 436.098297 29.090170
v 13.666481 436.117035 28.071068
v 14.640177 436.960266 28.071068
v 13.038536 436.919708 26.877851
v 13.935482 437.696472 26.877851
v 12.533338 437.565460 25.539906
v 13.368536 438.288757 25.539906
v 12.163324 438.038422 24.090170
v 12.953299 438.722534 24.090170
v 11.937609 438.326935 22.564344
v 12.699994 438.987152 22.564344
v 11.113311 437.745850 22.564344
v 11.309199 437.436310 24.090170
v 10.399400 436.922150 24.090170
v 11.630315 436.928864 25.539906
v 10.668431 436.385284 25.539906
v 11.032767 435.658264 26.868664
v 18.550358 435.308624 30.510565
v 17.448656 436.250946 29.910065
v 16.431904 437.120605 29.090170
v 15.525138 437.896179 28.071068
v 14.750688 438.558594 26.877851
v 14.127621 439.091553 25.539906
v 13.671280 439.481873 24.090170
v 13.392902 439.719971 22.564344
v 10.003142 437.133820 22.539839
v 9.657078 432.488617 28.642649
v 9.653718 432.500580 28.634073
v 9.626421 432.487000 28.623356
v 10.820545 433.085297 28.967848
v 11.022686 432.539337 29.354326
v 11.089550 432.540741 29.382427
v 9.623432 432.486847 28.621468
v 9.419363 433.713593 27.671213
v 8.504180 432.413239 27.793554
v 7.548333 432.328033 26.843258
v 8.317399 432.398224 27.628548
v 7.554020 432.444733 26.770494
v 7.579277 432.791504 26.544815
v 8.457200 433.231445 27.194099
v 7.684537 433.565674 25.985573
v 8.513903 434.395996 26.148130
v 7.784232 434.030365 25.608488
v 10.439021 434.224579 27.962889
v 9.313590 434.796753 26.544678
v 10.161064 435.221436 26.787100
v 9.338996 435.723419 25.282104
v 9.993492 436.051392 25.469326
v 9.494956 436.470886 23.914471
v 8.721405 435.413940 24.975857
v 9.074614 436.260254 23.706034
v 8.691072 436.068054 23.422379
v 8.336061 435.496460 24.149714
v 8.157886 435.131531 24.559093
v 7.946870 434.589355 25.106441
v 9.564863 436.914185 22.369822
v 9.463340 436.894867 22.076910
v 9.370711 436.816895 22.226233
v 8.844754 436.269836 23.133471
v 9.940417 436.694122 24.041899
v 9.777645 437.020813 22.475334
v 4.190856 433.371063 23.368958
v 4.095431 432.893707 23.805771
v 4.407205 432.865417 23.915169
v 4.445518 434.390167 22.203236
v 4.356915 434.071625 22.608818
v 4.670443 434.040253 22.736012
v 4.731070 435.210052 20.896114
v 4.657196 435.025055 21.234276
v 4.991574 434.995972 21.385689
v 5.040480 435.810577 19.479782
v 4.987599 435.726471 19.721849
v 5.361480 435.705475 19.902548
v 7.538895 434.439209 24.700682
v 7.930589 435.359100 23.688854
v 8.442356 436.130920 22.609154
v 9.063844 436.739075 21.483429
v 3.670206 429.390167 25.752249
v 3.616083 428.458984 26.000000
v 4.033269 428.877991 26.000000
v 7.456962 432.318787 26.739418
v 7.151314 432.286560 26.410297
v 6.243336 431.855011 25.823208
v 6.514843 431.947113 26.000000
v 6.699226 432.199585 26.000000
v 6.242436 431.576752 26.000000
v 5.812952 431.719849 25.576010
v 5.789819 430.972504 26.000000
v 4.834724 430.073334 25.880943
v 5.126200 430.125458 26.000000
v 5.236465 430.262238 26.000000
v 4.839252 429.778229 26.000000
v 4.453569 430.019470 25.746277
v 4.560928 429.454285 26.000000
v 4.082457 429.997192 25.631845
v 3.717723 430.006012 25.534739
v 7.275201 433.389923 25.624165
v 8.604594 436.584320 20.866575
v 8.143417 436.453888 20.311041
v 7.680040 436.347107 19.812408
v 7.509828 436.313812 19.643505
v 7.068863 436.242035 19.240259
v 6.632648 436.191254 18.888807
v 6.200108 436.160370 18.585838
v 5.769654 436.148590 18.328707
v 5.338579 436.155579 18.115225
v 7.986921 435.998016 22.068880
v 7.537739 435.891510 21.586855
v 7.095053 435.809875 21.158167
v 6.934669 435.785919 21.013834
v 6.524775 435.738129 20.671009
v 6.127137 435.710022 20.374054
v 5.740145 435.699646 20.119005
v 7.476606 435.230560 23.218407
v 7.034605 435.130798 22.803009
v 6.605220 435.057831 22.437378
v 6.451298 435.037415 22.315126
v 6.062122 434.999420 22.026457
v 5.690565 434.981415 21.778198
v 5.334655 434.980957 21.565886
v 7.084727 434.298615 24.290199
v 6.645641 434.189362 23.931396
v 6.222502 434.109314 23.618809
v 6.071735 434.086914 23.515015
v 5.692920 434.045074 23.271400
v 5.334688 434.025055 23.063421
v 4.994889 434.024200 22.886337
v 6.819790 433.222443 25.260992
v 6.379838 433.088959 24.945944
v 5.956245 432.987518 24.673603
v 5.805424 432.958038 24.583654
v 5.426754 432.899841 24.373507
v 5.069092 432.866699 24.195112
v 4.730272 432.855927 24.043724
v 6.727437 432.238312 26.000000
v 5.658987 431.678864 25.494467
v 5.270541 431.593536 25.304157
v 4.900927 431.537506 25.142794
v 4.548149 431.508545 25.005936
v 4.209336 431.504852 24.889669
v 3.973355 432.177856 24.364580
v 3.880296 431.525330 24.790560
v 3.798368 430.839905 25.165585
v 5.745382 430.914154 26.000000
v 5.633501 430.768188 26.000000
v 2.621809 430.839905 24.974131
v 2.557356 429.390167 25.571159
v 2.518038 427.864349 25.935364
v 2.515805 427.381134 26.000000
v 1.445640 426.314148 26.000000
v 1.431498 427.864349 25.876883
v 1.431498 426.299988 26.000000
v 3.410244 436.176880 17.670843
v 1.431498 436.176880 17.564344
v 1.431498 436.148071 17.736481
v 3.246474 435.810577 19.187855
v 3.090869 435.210052 20.629215
v 1.431498 435.810577 19.090170
v 1.431498 435.696930 19.420200
v 1.431498 435.210052 20.539906
v 1.431498 434.960266 21.000000
v 2.947264 434.390167 21.959433
v 2.819193 433.371063 23.145756
v 1.431498 434.390167 21.877853
v 1.431498 433.960449 22.427876
v 1.431498 433.371063 23.071068
v 2.709810 432.177856 24.158972
v 1.431498 432.727875 23.660444
v 1.431498 432.177856 24.090170
v 1.431498 431.299988 24.660254
v 1.431498 430.839905 24.910065
v 1.431498 429.720215 25.396927
v 1.431498 429.390167 25.510565
v 1.431498 428.036469 25.848078
v 20.521124 431.731232 -31.000000
v 19.582516 431.902924 -31.000000
v 20.898684 433.299988 -31.000000
v 54.484665 401.857605 -31.000000
v 52.759514 406.272278 -31.000000
v 58.000000 436.799988 -31.000000
v 50.577110 410.479706 -31.000000
v 47.961929 414.432739 -31.000000
v 44.943321 418.086975 -31.000000
v 41.555138 421.401428 -31.000000
v 58.000000 399.799988 -31.000000
v 57.332798 399.799988 -31.000000
v 54.666225 401.425446 -31.000000
v 56.865490 399.836609 -31.000000
v 54.912888 401.026855 -31.000000
v 55.218632 400.671539 -31.000000
v 25.119854 430.583557 -31.000000
v 21.642879 434.080597 -31.000000
v 22.466810 434.776489 -31.000000
v 37.835396 424.338959 -31.000000
v 33.825821 426.866547 -31.000000
v 28.498026 436.799988 -31.000000
v 29.571400 428.955902 -31.000000
v 27.421104 436.741852 -31.000000
v 26.356709 436.568054 -31.000000
v 25.317219 436.280640 -31.000000
v 23.360891 435.379608 -31.000000
v 24.314726 435.882965 -31.000000
v 55.575989 400.368195 -31.000000
v 56.409588 399.945587 -31.000000
v 55.976227 400.124237 -31.000000
v 58.000000 436.830597 10.486146
v 58.000000 438.357788 7.457129
v 58.000000 446.799988 21.000000
v 58.000000 418.103882 -19.927950
v 58.000000 421.496124 -19.927950
v 58.000000 424.839569 -19.354658
v 58.000000 405.961212 -14.439122
v 58.000000 397.100006 -26.000000
v 58.000000 408.600494 -16.570194
v 58.000000 399.799988 -26.000000
v 58.000000 411.561981 -18.224569
v 58.000000 414.760437 -19.354658
v 58.000000 399.799988 26.000000
v 58.000000 410.046112 17.460283
v 58.000000 403.720062 -11.892663
v 58.000000 401.941467 -9.004075
v 58.000000 400.676666 -5.856455
v 58.000000 413.137207 18.857548
v 58.000000 416.419983 19.712318
v 58.000000 419.799988 20.000000
v 58.000000 423.180023 19.712318
v 58.000000 428.038025 -18.224569
v 58.000000 438.536469 -30.848078
v 58.000000 430.999481 -16.570194
v 58.000000 440.220215 -30.396925
v 58.000000 433.638763 -14.439122
v 58.000000 441.799988 -29.660255
v 58.000000 443.227875 -28.660444
v 58.000000 399.962006 -2.540356
v 58.000000 399.818024 0.848824
v 58.000000 397.100006 26.000000
v 58.000000 400.248901 4.213585
v 58.000000 401.242218 7.457129
v 58.000000 438.923340 -5.856455
v 58.000000 437.658508 -9.004075
v 58.000000 446.799988 -21.000000
v 58.000000 435.879944 -11.892663
v 58.000000 446.648071 -22.736483
v 58.000000 446.196930 -24.420202
v 58.000000 444.460449 -27.427876
v 58.000000 445.460266 -26.000000
v 58.000000 439.351105 4.213585
v 58.000000 439.781982 0.848824
v 58.000000 439.638000 -2.540356
v 58.000000 402.769409 10.486146
v 58.000000 404.786560 13.213495
v 58.000000 407.235596 15.560716
v 58.000000 445.460266 26.000000
v 58.000000 444.460449 27.427876
v 58.000000 432.364410 15.560716
v 58.000000 443.227875 28.660444
v 58.000000 441.799988 29.660255
v 58.000000 426.462799 18.857548
v 58.000000 429.553894 17.460283
v 58.000000 438.536469 30.848078
v 58.000000 440.220215 30.396925
v 58.000000 434.813446 13.213495
v 58.000000 446.648071 22.736483
v 58.000000 446.196930 24.420202
v 1.431498 432.727875 -23.660444
v 1.431498 433.371063 -23.071068
v 2.819193 433.371063 -23.145756
v 3.578150 436.299988 -16.115538
v 5.700000 436.299988 -16.460812
v 5.338579 436.155579 -18.115225
v 1.445640 426.314148 -26.000000
v 1.431498 426.299988 -26.000000
v 1.431498 427.864349 -25.876883
v 2.515805 427.381134 -26.000000
v 2.518038 427.864349 -25.935364
v 3.616083 428.458984 -26.000000
v 2.557356 429.390167 -25.571159
v 3.670206 429.390167 -25.752249
v 1.431498 436.299988 -16.000000
v 1.431498 436.176880 -17.564344
v 3.410244 436.176880 -17.670843
v 3.246474 435.810577 -19.187855
v 3.090869 435.210052 -20.629215
v 1.431498 435.210052 -20.539906
v 1.431498 435.696930 -19.420200
v 1.431498 435.810577 -19.090170
v 1.431498 436.148071 -17.736481
v 5.040480 435.810577 -19.479782
v 4.987599 435.726471 -19.721849
v 4.731070 435.210052 -20.896114
v 4.657196 435.025055 -21.234276
v 2.947264 434.390167 -21.959433
v 1.431498 433.960449 -22.427876
v 1.431498 434.390167 -21.877853
v 1.431498 434.960266 -21.000000
v 4.190856 433.371063 -23.368958
v 4.356915 434.071625 -22.608818
v 4.445518 434.390167 -22.203236
v 4.095431 432.893707 -23.805771
v 2.709810 432.177856 -24.158972
v 1.431498 432.177856 -24.090172
v 1.431498 431.299988 -24.660254
v 2.621809 430.839905 -24.974131
v 1.431498 430.839905 -24.910065
v 1.431498 429.720215 -25.396927
v 1.431498 429.390167 -25.510565
v 3.973355 432.177856 -24.364580
v 3.880296 431.525330 -24.790560
v 3.798368 430.839905 -25.165585
v 3.717723 430.006012 -25.534739
v 1.431498 428.036469 -25.848078
v 9.745280 437.154755 -20.275702
v 9.026845 436.725677 -21.431234
v 8.583602 436.577850 -20.839939
v 7.456962 432.318787 -26.739418
v 7.554020 432.444733 -26.770494
v 7.548333 432.328033 -26.843258
v 6.678188 432.170715 -26.000000
v 6.515035 431.947388 -26.000000
v 6.237104 431.852844 -25.819420
v 5.408895 430.479492 -26.000000
v 5.130268 430.130493 -26.000000
v 5.013236 430.108826 -25.950233
v 3.937426 428.778839 -26.000000
v 5.016767 429.991516 -26.000000
v 4.863285 429.806793 -26.000000
v 4.633370 430.041077 -25.807587
v 4.237087 429.094543 -26.000000
v 4.264885 430.004303 -25.686087
v 3.905608 429.997589 -25.582897
v 6.235427 431.567291 -26.000000
v 5.780267 430.959961 -26.000000
v 5.819938 431.721802 -25.579796
v 5.439051 431.627319 -25.384047
v 5.067888 431.559662 -25.213362
v 6.373684 433.087311 -24.941774
v 6.799377 433.215607 -25.245619
v 7.237898 433.375092 -25.592924
v 7.114870 432.282562 -26.372921
v 6.727437 432.238312 -26.000000
v 7.579277 432.791504 -26.544815
v 7.684537 433.565674 -25.985573
v 7.784232 434.030365 -25.608488
v 5.961653 436.303436 -16.582520
v 5.180400 435.713776 -19.810875
v 4.829141 435.008331 -21.309074
v 4.517833 434.053558 -22.671831
v 4.255397 432.876801 -23.860092
v 4.049354 431.511749 -24.839804
v 4.713938 431.519073 -25.068211
v 4.375336 431.503632 -24.944809
v 5.963098 432.988953 -24.677778
v 5.590688 432.922211 -24.461761
v 5.230322 432.878937 -24.273148
v 4.889187 432.858398 -24.112612
v 4.565213 432.858307 -23.976120
v 5.561545 436.149628 -18.220160
v 6.451142 436.328247 -16.850639
v 5.982358 436.152069 -18.450260
v 6.936209 436.376709 -17.170237
v 6.405387 436.172638 -18.724020
v 7.416887 436.448486 -17.542618
v 6.831793 436.211975 -19.043484
v 7.892982 436.543427 -17.969463
v 7.262259 436.270966 -19.411087
v 8.354122 436.658661 -18.441927
v 7.687705 436.348663 -19.820190
v 8.830732 436.802704 -18.996477
v 8.136830 436.452209 -20.303543
v 9.088238 436.891510 -19.326414
v 9.294662 436.968414 -19.607372
v 5.547849 435.700653 -20.004936
v 5.159822 434.986725 -21.470991
v 5.922941 435.702484 -20.235268
v 5.502078 434.979126 -21.662603
v 6.307722 435.720581 -20.504560
v 5.858566 434.987335 -21.887121
v 6.703550 435.756622 -20.815947
v 6.231104 435.013519 -22.148209
v 7.102304 435.811005 -21.164829
v 6.612200 435.058807 -22.443031
v 7.531384 435.890167 -21.580381
v 7.028395 435.129578 -22.797461
v 7.966293 435.992584 -22.045666
v 7.456177 435.225403 -23.198303
v 8.405375 436.119171 -22.563248
v 7.893523 435.347595 -23.648697
v 10.180127 437.359741 -21.000000
v 9.463340 436.894867 -22.076910
v 9.370711 436.816895 -22.226233
v 8.844754 436.269836 -23.133471
v 8.691072 436.068054 -23.422379
v 8.336061 435.496460 -24.149714
v 8.157886 435.131531 -24.559093
v 4.829180 434.030304 -22.807234
v 5.154320 434.022369 -22.966957
v 5.496230 434.031677 -23.154518
v 5.856970 434.060608 -23.373899
v 6.229351 434.110413 -23.623617
v 6.639497 434.188019 -23.926628
v 7.064362 434.292969 -24.272753
v 7.501706 434.426666 -24.665487
v 7.946870 434.589355 -25.106441
v -19.000000 405.602997 16.000000
v -19.000000 426.299988 16.000000
v -19.000000 405.602997 -16.000000
v -19.000000 426.299988 -16.000000
v -9.000000 436.299988 -16.000000
v -9.000000 436.299988 -14.250000
v 5.700000 436.299988 -14.250000
v -10.564344 436.176880 -16.000000
v -10.736483 436.148071 -14.250000
v -10.736483 436.148071 -16.000000
v -12.090171 435.810577 -16.000000
v -12.420202 435.696930 -14.250000
v -14.000001 434.960266 -16.000000
v -14.000001 434.960266 -14.250000
v -13.539905 435.210052 -16.000000
v -12.420202 435.696930 -16.000000
v -10.736483 436.148071 14.250000
v -12.420202 435.696930 14.250000
v -12.090171 435.810577 16.000000
v -10.564344 436.176880 16.000000
v -10.736483 436.148071 16.000000
v -18.876884 427.864349 -16.000000
v -18.876884 427.864349 16.000000
v -18.848078 428.036469 -16.000000
v -18.848078 428.036469 16.000000
v -18.510565 429.390167 -16.000000
v -18.510565 429.390167 16.000000
v -18.396925 429.720215 -16.000000
v -18.396925 429.720215 16.000000
v -17.910065 430.839905 -16.000000
v -17.910065 430.839905 16.000000
v -17.660255 431.299988 -16.000000
v -17.660255 431.299988 16.000000
v -17.090170 432.177856 -16.000000
v -17.090170 432.177856 16.000000
v -16.660444 432.727875 -16.000000
v -16.660444 432.727875 16.000000
v -16.071068 433.371063 -16.000000
v -16.071068 433.371063 16.000000
v -15.427876 433.960449 -16.000000
v -15.427876 433.960449 16.000000
v -14.877852 434.390167 16.000000
v -14.000001 434.960266 16.000000
v -14.000001 434.960266 14.250000
v -13.539905 435.210052 16.000000
v -12.420202 435.696930 16.000000
v -14.877852 434.390167 -16.000000
v 7.417861 436.448669 -14.250000
v 9.084646 436.890198 -14.250000
v 10.650802 437.611542 -14.250000
v 12.069763 438.591156 -21.000000
v 12.069763 438.591156 -14.250000
v 12.614861 439.076111 -21.000000
v 13.299342 439.799988 -14.250000
v 13.299342 439.799988 -21.000000
v 11.861747 438.423920 -21.000000
v 11.047475 437.849884 -21.000000
v 10.650802 437.611542 -21.000000
v 28.498026 446.799988 -21.000000
v 28.498026 446.799988 21.000000
v 17.613367 443.578674 14.250000
v 18.223757 443.959229 21.000000
v 20.000000 444.904785 14.250000
v 20.131426 444.965912 21.000000
v 20.000000 444.904785 -14.250000
v 16.435593 442.752991 -21.000000
v 15.320210 441.844788 -14.250000
v 17.613367 443.578674 -14.250000
v 14.787732 441.361176 -21.000000
v 15.320210 441.844788 -21.000000
v 14.787732 441.361176 21.000000
v 15.320210 441.844788 14.250000
v 15.320210 441.844788 21.000000
v 16.435593 442.752991 21.000000
v 17.613367 443.578674 21.000000
v 26.344181 446.683685 21.000000
v 26.344181 446.683685 -21.000000
v 25.630569 446.593384 21.000000
v 25.630569 446.593384 -21.000000
v 24.215389 446.336090 21.000000
v 24.215389 446.336090 -21.000000
v 22.822361 445.977783 21.000000
v 22.822361 445.977783 -21.000000
v 22.136410 445.761261 21.000000
v 22.136410 445.761261 -21.000000
v 20.131426 444.965912 -21.000000
v 18.223757 443.959229 -21.000000
v 17.613367 443.578674 -21.000000
v 25.119854 430.583557 26.000000
v 20.521124 431.731232 26.000000
v 50.826435 395.228363 26.000000
v -12.783052 411.301056 26.000000
v -9.000000 416.540375 26.000000
v -15.648769 407.934814 26.000000
v -11.790266 414.318939 26.000000
v 46.429115 389.510437 26.000000
v 48.090275 390.489197 26.000000
v 45.863789 393.894958 26.000000
v 48.451195 391.836151 26.000000
v 44.742420 398.171234 26.000000
v 43.083424 402.268982 26.000000
v 38.269886 409.663879 26.000000
v 40.914040 406.120941 26.000000
v 49.840382 394.242310 26.000000
v 49.040531 393.100006 26.000000
v 41.555138 421.401428 26.000000
v 51.968735 396.028198 26.000000
v 44.943321 418.086975 26.000000
v 53.232574 396.617554 26.000000
v 47.961929 414.432739 26.000000
v 23.915094 419.677155 26.000000
v 27.957571 417.887665 26.000000
v 37.835396 424.338959 26.000000
v 33.825821 426.866547 26.000000
v 29.571400 428.955902 26.000000
v 54.666225 401.425446 26.000000
v 54.484665 401.857605 26.000000
v 54.579552 396.978455 26.000000
v 52.759514 406.272278 26.000000
v 50.577110 410.479706 26.000000
v 27.957571 356.712311 26.000000
v 30.568289 356.458160 26.000000
v 31.738024 359.004059 26.000000
v 34.223301 358.978180 26.000000
v 35.194382 361.760406 26.000000
v 37.540337 361.928925 26.000000
v 38.269886 364.936127 26.000000
v 40.468956 365.265503 26.000000
v 40.914040 368.479034 26.000000
v 42.964619 368.937195 26.000000
v 43.083424 372.331024 26.000000
v 44.989372 372.888153 26.000000
v 44.742420 376.428772 26.000000
v 46.512421 377.058258 26.000000
v 45.863789 380.705017 26.000000
v 47.510601 381.384155 26.000000
v 46.429115 385.089569 26.000000
v 47.968735 385.799988 26.000000
v 47.968735 389.100006 26.000000
v 6.493804 421.357758 26.000000
v 10.894220 421.782288 26.000000
v 57.332798 399.799988 26.000000
v 55.575989 400.368195 26.000000
v 55.218632 400.671539 26.000000
v 54.912888 401.026855 26.000000
v 11.089550 432.540741 26.000000
v 15.826802 432.386078 26.000000
v 15.312795 421.640564 26.000000
v 19.676971 420.934998 26.000000
v 31.738024 415.595947 26.000000
v 35.194382 412.839600 26.000000
v 55.968739 397.100006 26.000000
v 56.865490 399.836609 26.000000
v 56.409588 399.945587 26.000000
v 55.976227 400.124237 26.000000
v -14.935024 411.185242 26.000000
v -17.670151 407.688293 26.000000
v -18.060495 404.229767 26.000000
v -19.954054 403.881256 26.000000
v -19.978630 400.246704 26.000000
v -21.752003 399.822083 26.000000
v -21.371672 396.051086 26.000000
v -23.036646 395.572449 26.000000
v -22.216755 391.711761 26.000000
v -23.788450 391.197021 26.000000
v -22.500000 387.299988 26.000000
v -23.995987 386.762329 26.000000
v -22.216755 382.888245 26.000000
v -23.656092 382.335815 26.000000
v -21.371672 378.548920 26.000000
v -22.773939 377.984772 26.000000
v -19.978630 374.353302 26.000000
v -21.362940 373.775421 26.000000
v -18.060495 370.370239 26.000000
v -19.444561 369.771759 26.000000
v -15.648769 366.665192 26.000000
v -17.047970 366.034637 26.000000
v -12.783052 363.298950 26.000000
v -14.209617 362.620941 26.000000
v -9.510398 360.326813 26.000000
v -10.972668 359.582550 26.000000
v -5.884543 357.797577 26.000000
v -7.386349 356.965698 26.000000
v -1.965026 355.752777 26.000000
v -3.505202 354.810181 26.000000
v 2.183799 354.225952 26.000000
v 0.611748 353.148743 26.000000
v 6.493804 353.242218 26.000000
v 4.901891 352.006714 26.000000
v 10.894220 352.817719 26.000000
v 9.299983 351.401398 26.000000
v 15.312795 352.959412 26.000000
v 13.739137 351.342041 26.000000
v 19.676971 353.664978 26.000000
v 18.151840 351.829529 26.000000
v 23.915094 354.922852 26.000000
v 22.470987 352.856445 26.000000
v 26.630892 354.407196 26.000000
v -9.510398 414.273193 26.000000
v -5.884543 416.802429 26.000000
v -9.000000 426.299988 26.000000
v -1.965026 418.847229 26.000000
v 2.183799 420.374054 26.000000
v 15.312795 421.640564 -26.000000
v 10.894220 421.782288 -26.000000
v 49.040531 393.100006 -26.000000
v 48.451195 391.836151 -26.000000
v 44.742420 398.171234 -26.000000
v -9.000000 416.540375 -26.000000
v -9.000000 426.299988 -26.000000
v 2.183799 420.374054 -26.000000
v 6.493804 421.357758 -26.000000
v 55.575989 400.368195 -26.000000
v 55.976227 400.124237 -26.000000
v 54.579552 396.978455 -26.000000
v 55.968739 397.100006 -26.000000
v 47.961929 414.432739 -26.000000
v 50.577110 410.479706 -26.000000
v 53.232574 396.617554 -26.000000
v 52.759514 406.272278 -26.000000
v 54.484665 401.857605 -26.000000
v 54.666225 401.425446 -26.000000
v 33.825821 426.866547 -26.000000
v 51.968735 396.028198 -26.000000
v 29.571400 428.955902 -26.000000
v 50.826435 395.228363 -26.000000
v 25.119854 430.583557 -26.000000
v 20.521124 431.731232 -26.000000
v 48.090275 390.489197 -26.000000
v 46.429115 389.510437 -26.000000
v 45.863789 393.894958 -26.000000
v 37.835396 424.338959 -26.000000
v 41.555138 421.401428 -26.000000
v 44.943321 418.086975 -26.000000
v 49.840382 394.242310 -26.000000
v 43.083424 402.268982 -26.000000
v 45.863789 380.705017 -26.000000
v 46.429115 385.089569 -26.000000
v 54.912888 401.026855 -26.000000
v 55.218632 400.671539 -26.000000
v 19.676971 420.934998 -26.000000
v 56.409588 399.945587 -26.000000
v 56.865490 399.836609 -26.000000
v 57.332798 399.799988 -26.000000
v 40.914040 406.120941 -26.000000
v 38.269886 409.663879 -26.000000
v 35.194382 412.839600 -26.000000
v 31.738024 415.595947 -26.000000
v 47.510601 381.384155 -26.000000
v 44.742420 376.428772 -26.000000
v 46.512421 377.058258 -26.000000
v 43.083424 372.331024 -26.000000
v 44.989372 372.888153 -26.000000
v 40.914040 368.479034 -26.000000
v 42.964619 368.937195 -26.000000
v 38.269886 364.936127 -26.000000
v 40.468956 365.265503 -26.000000
v 35.194382 361.760406 -26.000000
v 37.540337 361.928925 -26.000000
v 31.738024 359.004059 -26.000000
v 34.223301 358.978180 -26.000000
v 27.957571 356.712311 -26.000000
v 30.568289 356.458160 -26.000000
v 26.630892 354.407196 -26.000000
v 23.915094 354.922852 -26.000000
v 22.470987 352.856445 -26.000000
v 19.676971 353.664978 -26.000000
v 18.151840 351.829529 -26.000000
v 15.312795 352.959412 -26.000000
v 13.739137 351.342041 -26.000000
v 10.894220 352.817719 -26.000000
v 9.299983 351.401398 -26.000000
v 6.493804 353.242218 -26.000000
v 4.901891 352.006714 -26.000000
v 2.183799 354.225952 -26.000000
v 0.611748 353.148743 -26.000000
v -1.965026 355.752777 -26.000000
v -3.505202 354.810181 -26.000000
v -5.884543 357.797577 -26.000000
v -7.386349 356.965698 -26.000000
v -9.510398 360.326813 -26.000000
v -10.972668 359.582550 -26.000000
v -12.783052 363.298950 -26.000000
v -14.209617 362.620941 -26.000000
v -15.648769 366.665192 -26.000000
v -17.047970 366.034637 -26.000000
v -18.060495 370.370239 -26.000000
v -19.444561 369.771759 -26.000000
v -19.978630 374.353302 -26.000000
v -21.362940 373.775421 -26.000000
v -21.371672 378.548920 -26.000000
v -22.773939 377.984772 -26.000000
v -22.216755 382.888245 -26.000000
v -23.656092 382.335815 -26.000000
v -22.500000 387.299988 -26.000000
v -23.995987 386.762329 -26.000000
v -22.216755 391.711761 -26.000000
v -23.788450 391.197021 -26.000000
v -21.371672 396.051086 -26.000000
v -23.036646 395.572449 -26.000000
v -19.978630 400.246704 -26.000000
v -21.752003 399.822083 -26.000000
v -18.060495 404.229767 -26.000000
v -19.954054 403.881256 -26.000000
v -15.648769 407.934814 -26.000000
v -17.670151 407.688293 -26.000000
v -12.783052 411.301056 -26.000000
v -14.935024 411.185242 -26.000000
v -9.510398 414.273193 -26.000000
v -11.790266 414.318939 -26.000000
v -5.884543 416.802429 -26.000000
v -1.965026 418.847229 -26.000000
v 23.915094 419.677155 -26.000000
v 11.089550 432.540741 -26.000000
v 27.957571 417.887665 -26.000000
v 15.826802 432.386078 -26.000000
v -10.564344 426.299988 -25.876883
v -9.883345 415.885284 -25.960909
v -10.736483 426.299988 -25.848078
v -10.736483 415.211517 -25.848078
v -12.090171 426.299988 -25.510565
v -11.790266 414.318939 -25.602835
v -12.420202 426.299988 -25.396927
v -12.424207 413.747284 -25.395468
v -13.539905 426.299988 -24.910065
v -13.232248 412.977478 -25.060247
v -14.000001 426.299988 -24.660254
v -14.000001 412.199799 -24.660254
v -14.877852 426.299988 -24.090172
v -14.935024 411.185242 -24.048323
v -15.427876 426.299988 -23.660444
v -15.426116 410.619690 -23.661921
v -16.071068 426.299988 -23.071068
v -16.064638 409.847198 -23.077492
v -16.660444 426.299988 -22.427876
v -16.660444 409.084839 -22.427876
v -17.090170 426.299988 -21.877853
v -17.185091 408.376770 -21.744938
v -17.660255 426.299988 -21.000000
v -17.660255 407.702667 -21.000000
v -17.910065 426.299988 -20.539906
v -18.058449 407.111359 -20.236095
v -18.396925 426.299988 -19.420200
v -18.396925 406.588013 -19.420200
v -18.510565 426.299988 -19.090170
v -18.653486 406.177612 -18.609638
v -18.848078 426.299988 -17.736481
v -18.848078 405.857910 -17.736481
v -18.876884 426.299988 -17.564344
v -18.961088 405.668762 -16.881310
v -18.393475 429.352112 -17.564344
v -17.800369 430.783997 -17.564344
v -16.990566 432.105499 -17.564344
v -15.984012 433.283997 -17.564344
v -14.805487 434.290558 -17.564344
v -13.484011 435.100372 -17.564344
v -12.052124 435.693481 -17.564344
v -10.545084 436.055298 -17.564344
v -9.244718 427.845093 -25.876883
v -9.000000 427.864349 -25.876883
v -10.545084 426.544708 -25.876883
v -12.052124 426.783417 -25.510565
v -9.483408 429.352112 -25.510565
v -9.710198 430.783997 -24.910065
v -9.000000 430.839905 -24.910065
v -9.000000 429.720215 -25.396927
v -9.000000 429.390167 -25.510565
v -9.000000 428.036469 -25.848078
v -13.484011 427.010193 -24.910065
v -10.106159 433.283997 -23.071068
v -9.000000 432.727875 -23.660444
v -9.919498 432.105499 -24.090172
v -9.000000 432.177856 -24.090172
v -9.000000 431.299988 -24.660254
v -14.805487 427.219513 -24.090172
v -15.984012 427.406158 -23.071068
v -10.265581 434.290558 -21.877853
v -9.000000 433.960449 -22.427876
v -9.000000 433.371063 -23.071068
v -16.990566 427.565582 -21.877853
v -10.393842 435.100372 -20.539906
v -9.000000 434.960266 -21.000000
v -9.000000 434.390167 -21.877853
v -17.800369 427.693848 -20.539906
v -10.487780 435.693481 -19.090170
v -9.000000 435.696930 -19.420200
v -9.000000 435.210052 -20.539906
v -18.393475 427.787781 -19.090170
v -9.000000 436.148071 -17.736481
v -9.000000 435.810577 -19.090170
v -9.000000 436.176880 -17.564344
v -11.938926 435.345093 -19.090170
v -11.753362 434.773987 -20.539906
v -11.499999 433.994202 -21.877853
v -11.185080 433.024994 -23.071068
v -10.816357 431.890167 -24.090172
v -10.402908 430.617706 -24.910065
v -9.954914 429.238922 -25.510565
v -9.483408 427.787781 -25.876883
v -13.317706 434.773987 -19.090170
v -13.045086 434.238922 -20.539906
v -12.672860 433.508392 -21.877853
v -12.210197 432.600372 -23.071068
v -11.668489 431.537201 -24.090172
v -11.061074 430.345093 -24.910065
v -10.402908 429.053375 -25.510565
v -9.710198 427.693848 -25.876883
v -14.590170 433.994202 -19.090170
v -14.237205 433.508392 -20.539906
v -13.755282 432.845093 -21.877853
v -13.156269 432.020599 -23.071068
v -12.454916 431.055267 -24.090172
v -11.668489 429.972870 -24.910065
v -10.816357 428.799988 -25.510565
v -9.919498 427.565582 -25.876883
v -15.724985 433.024994 -19.090170
v -15.300367 432.600372 -20.539906
v -14.720613 432.020599 -21.877853
v -14.000001 431.299988 -23.071068
v -13.156269 430.456268 -24.090172
v -12.210197 429.510193 -24.910065
v -11.185080 428.485077 -25.510565
v -10.106159 427.406158 -25.876883
v -16.694208 431.890167 -19.090170
v -16.208393 431.537201 -20.539906
v -15.545085 431.055267 -21.877853
v -14.720613 430.456268 -23.071068
v -13.755282 429.754913 -24.090172
v -12.672860 428.968475 -24.910065
v -11.499999 428.116364 -25.510565
v -10.265581 427.219513 -25.876883
v -17.473976 430.617706 -19.090170
v -16.938927 430.345093 -20.539906
v -16.208393 429.972870 -21.877853
v -15.300367 429.510193 -23.071068
v -14.237205 428.968475 -24.090172
v -13.045086 428.361084 -24.910065
v -11.753362 427.702911 -25.510565
v -10.393842 427.010193 -25.876883
v -18.045084 429.238922 -19.090170
v -17.473976 429.053375 -20.539906
v -16.694208 428.799988 -21.877853
v -15.724985 428.485077 -23.071068
v -14.590170 428.116364 -24.090172
v -13.317706 427.702911 -24.910065
v -11.938926 427.254913 -25.510565
v -10.487780 426.783417 -25.876883
v -18.755283 427.845093 -17.564344
v 9.564863 436.914185 -22.369822
v 11.089550 432.540741 -29.382427
v 11.022686 432.539337 -29.354326
v 10.820545 433.085297 -28.967848
v 9.626421 432.487000 -28.623356
v 9.653718 432.500580 -28.634073
v 9.657078 432.488617 -28.642649
v 9.623432 432.486847 -28.621468
v 8.504180 432.413239 -27.793554
v 8.457200 433.231445 -27.194099
v 8.317399 432.398224 -27.628548
v 9.419363 433.713593 -27.671213
v 12.592331 432.546082 -29.871002
v 12.026901 433.674408 -29.090170
v 12.020732 433.686737 -29.080147
v 10.439021 434.224579 -27.962889
v 8.513903 434.395996 -26.148130
v 8.721405 435.413940 -24.975857
v 9.074614 436.260254 -23.706034
v 10.235285 437.249664 -22.564344
v 10.003142 437.133820 -22.539839
v 10.399400 436.922150 -24.090172
v 9.940417 436.694122 -24.041899
v 10.668431 436.385284 -25.539906
v 9.993492 436.051392 -25.469326
v 11.032767 435.658264 -26.868664
v 10.161064 435.221436 -26.787100
v 11.035755 435.652283 -26.877851
v 11.492326 434.741180 -28.071068
v 9.313590 434.796753 -26.544678
v 9.338996 435.723419 -25.282104
v 9.494956 436.470886 -23.914471
v 9.777645 437.020813 -22.475334
v 12.699994 438.987152 -22.564344
v 13.967247 433.236023 -29.910065
v 14.208987 432.495453 -30.256548
v 13.251783 434.366608 -29.090170
v 18.448000 432.982269 -30.876884
v 17.694807 432.186157 -30.890217
v 16.119410 432.981659 -30.510565
v 19.709885 434.316833 -30.876884
v 12.613714 435.374908 -28.071068
v 12.068751 436.236053 -26.877851
v 11.630315 436.928864 -25.539906
v 11.309199 437.436310 -24.090172
v 11.113311 437.745850 -22.564344
v 18.550358 435.308624 -30.510565
v 17.392912 434.084503 -30.510565
v 17.448656 436.250946 -29.910065
v 16.390440 435.131775 -29.910065
v 16.431904 437.120605 -29.090170
v 15.465268 436.098297 -29.090170
v 15.525138 437.896179 -28.071068
v 14.640177 436.960266 -28.071068
v 14.750688 438.558594 -26.877851
v 13.935482 437.696472 -26.877851
v 14.127621 439.091553 -25.539906
v 13.368536 438.288757 -25.539906
v 13.671280 439.481873 -24.090172
v 12.953299 438.722534 -24.090172
v 13.392902 439.719971 -22.564344
v 11.937609 438.326935 -22.564344
v 12.163324 438.038422 -24.090172
v 12.533338 437.565460 -25.539906
v 13.038536 436.919708 -26.877851
v 13.666481 436.117035 -28.071068
v 14.401710 435.177277 -29.090170
v 15.226119 434.123474 -29.910065
v 15.826802 432.386078 -30.602619
v 20.570498 435.219513 -30.876884
v 26.357441 446.561279 -22.564344
v 24.241753 446.215820 -22.564344
v 18.287004 443.853607 -22.564344
v 16.509848 442.654785 -22.564344
v 28.498026 446.676880 -22.564344
v 28.498026 446.648071 -22.736483
v 26.396891 446.197083 -24.090172
v 28.498026 446.310577 -24.090172
v 28.498026 446.196930 -24.420202
v 26.461559 445.600098 -25.539906
v 28.498026 445.710052 -25.539906
v 28.498026 445.460266 -26.000000
v 26.549854 444.784973 -26.877851
v 28.498026 444.890167 -26.877851
v 28.498026 444.460449 -27.427876
v 26.659605 443.771790 -28.071068
v 28.498026 443.871063 -28.071068
v 28.498026 443.227875 -28.660444
v 26.788105 442.585510 -29.090170
v 28.498026 442.677856 -29.090170
v 28.498026 441.799988 -29.660255
v 26.932192 441.255341 -29.910065
v 14.872130 441.271545 -22.564344
v 15.123247 441.004852 -24.090172
v 15.534899 440.567627 -25.539906
v 16.096949 439.970703 -26.877851
v 16.795559 439.228729 -28.071068
v 17.613525 438.360016 -29.090170
v 18.530708 437.385895 -29.910065
v 19.524523 436.330414 -30.510565
v 16.730782 442.362579 -24.090172
v 17.092957 441.883606 -25.539906
v 17.587454 441.229614 -26.877851
v 18.202095 440.416718 -28.071068
v 18.921749 439.464966 -29.090170
v 19.728695 438.397736 -29.910065
v 20.603062 437.241364 -30.510565
v 18.475187 443.539307 -24.090172
v 18.783670 443.024109 -25.539906
v 19.204863 442.320679 -26.877851
v 19.728390 441.446320 -28.071068
v 20.341360 440.422577 -29.090170
v 21.028681 439.274689 -29.910065
v 21.773430 438.030853 -30.510565
v 20.182928 444.854065 -22.564344
v 20.336172 444.521362 -24.090172
v 20.587378 443.975922 -25.539906
v 20.930365 443.231201 -26.877851
v 21.356686 442.305573 -28.071068
v 21.855844 441.221771 -29.090170
v 22.415548 440.006531 -29.910065
v 23.022015 438.689728 -30.510565
v 22.175571 445.644562 -22.564344
v 22.292091 445.297272 -24.090172
v 22.483097 444.727936 -25.539906
v 22.743891 443.950623 -26.877851
v 23.068047 442.984467 -28.071068
v 23.447586 441.853210 -29.090170
v 23.873161 440.584747 -29.910065
v 24.334295 439.210327 -30.510565
v 24.320192 445.858002 -24.090172
v 24.448780 445.271454 -25.539906
v 24.624344 444.470551 -26.877851
v 24.842567 443.475098 -28.071068
v 25.098072 442.309570 -29.090170
v 25.384569 441.002655 -29.910065
v 25.695004 439.586548 -30.510565
v 27.088318 439.814056 -30.510565
v 28.498026 441.339905 -29.910065
v 28.498026 440.220215 -30.396925
v 28.498026 439.890167 -30.510565
v 28.498026 438.536469 -30.848078
v 21.523319 436.024292 -30.876884
v 22.557266 436.721771 -30.876884
v 23.660315 437.303833 -30.876884
v 24.819630 437.763733 -30.876884
v 26.021732 438.096100 -30.876884
v 27.252636 438.297089 -30.876884
v 28.498026 438.364349 -30.876884
v 28.498026 446.676880 22.564344
v 28.498026 446.648071 22.736483
v 28.498026 446.310577 24.090170
v 28.498026 446.196930 24.420202
v 28.498026 445.710052 25.539906
v 28.498026 445.460266 26.000000
v 28.498026 444.890167 26.877851
v 28.498026 444.460449 27.427876
v 28.498026 443.871063 28.071068
v 28.498026 443.227875 28.660444
v 28.498026 442.677856 29.090170
v 28.498026 441.799988 29.660255
v 28.498026 441.339905 29.910065
v 28.498026 440.220215 30.396925
v 28.498026 439.890167 30.510565
v 28.498026 438.364349 30.876884
v 28.498026 438.536469 30.848078
v 14.872130 441.271545 22.564344
v 16.509848 442.654785 22.564344
v 22.175571 445.644562 22.564344
v 24.241753 446.215820 22.564344
v 26.357441 446.561279 22.564344
v 26.396891 446.197083 24.090170
v 26.461559 445.600098 25.539906
v 26.549854 444.784973 26.877851
v 26.659605 443.771790 28.071068
v 26.788105 442.585510 29.090170
v 26.932192 441.255341 29.910065
v 27.088318 439.814056 30.510565
v 27.252636 438.297089 30.876884
v 24.320192 445.858002 24.090170
v 24.448780 445.271454 25.539906
v 24.624344 444.470551 26.877851
v 24.842567 443.475098 28.071068
v 25.098072 442.309570 29.090170
v 25.384569 441.002655 29.910065
v 25.695004 439.586548 30.510565
v 26.021732 438.096100 30.876884
v 22.292091 445.297272 24.090170
v 22.483097 444.727936 25.539906
v 22.743891 443.950623 26.877851
v 23.068047 442.984467 28.071068
v 23.447586 441.853210 29.090170
v 23.873161 440.584747 29.910065
v 24.334295 439.210327 30.510565
v 24.819630 437.763733 30.876884
v 20.182928 444.854065 22.564344
v 20.336172 444.521362 24.090170
v 20.587378 443.975922 25.539906
v 20.930365 443.231201 26.877851
v 21.356686 442.305573 28.071068
v 21.855844 441.221771 29.090170
v 22.415548 440.006531 29.910065
v 23.022015 438.689728 30.510565
v 23.660315 437.303833 30.876884
v 18.287004 443.853607 22.564344
v 18.475187 443.539307 24.090170
v 18.783670 443.024109 25.539906
v 19.204863 442.320679 26.877851
v 19.728390 441.446320 28.071068
v 20.341360 440.422577 29.090170
v 21.028681 439.274689 29.910065
v 21.773430 438.030853 30.510565
v 22.557266 436.721771 30.876884
v 16.730782 442.362579 24.090170
v 17.092957 441.883606 25.539906
v 17.587454 441.229614 26.877851
v 18.202095 440.416718 28.071068
v 18.921749 439.464966 29.090170
v 19.728695 438.397736 29.910065
v 20.603062 437.241364 30.510565
v 21.523319 436.024292 30.876884
v 15.123247 441.004852 24.090170
v 15.534899 440.567627 25.539906
v 16.096949 439.970703 26.877851
v 16.795559 439.228729 28.071068
v 17.613525 438.360016 29.090170
v 18.530708 437.385895 29.910065
v 19.524523 436.330414 30.510565
v 20.570498 435.219513 30.876884
v -10.736483 426.299988 25.848078
v -10.736483 415.211517 25.848078
v -9.883376 415.885284 25.960905
v -10.564344 426.299988 25.876883
v -12.420202 426.299988 25.396927
v -12.420202 413.750977 25.396927
v -11.790266 414.318939 25.602835
v -12.090171 426.299988 25.510565
v -13.231697 412.978027 25.060505
v -13.539905 426.299988 24.910065
v -14.000001 426.299988 24.660254
v -18.396925 406.588013 19.420200
v -18.060259 407.108612 20.232220
v -17.910065 426.299988 20.539906
v -17.670151 407.688293 20.982817
v -17.660255 426.299988 21.000000
v -17.660080 407.702942 21.000303
v -17.090170 426.299988 21.877853
v -17.184095 408.378143 21.746355
v -16.660444 426.299988 22.427876
v -16.660444 409.084839 22.427876
v -16.071068 426.299988 23.071068
v -16.066568 409.844788 23.075563
v -15.427876 426.299988 23.660444
v -15.427876 410.617615 23.660444
v -14.877852 426.299988 24.090170
v -14.935024 411.185242 24.048323
v -14.000001 412.199799 24.660254
v -18.396925 426.299988 19.420200
v -18.510565 426.299988 19.090170
v -18.653896 406.176941 18.608118
v -18.848078 426.299988 17.736481
v -18.848078 405.857910 17.736481
v -18.876884 426.299988 17.564344
v -18.960751 405.669312 16.885126
v -12.052124 435.693481 17.564344
v -13.484011 435.100372 17.564344
v -14.805487 434.290558 17.564344
v -15.984012 433.283997 17.564344
v -16.990566 432.105499 17.564344
v -17.800369 430.783997 17.564344
v -18.393475 429.352112 17.564344
v -18.755283 427.845093 17.564344
v -10.545084 426.544708 25.876883
v -9.000000 427.864349 25.876883
v -9.244718 427.845093 25.876883
v -9.000000 428.036469 25.848078
v -9.483408 429.352112 25.510565
v -12.052124 426.783417 25.510565
v -13.484011 427.010193 24.910065
v -9.000000 429.390167 25.510565
v -9.000000 429.720215 25.396927
v -9.710198 430.783997 24.910065
v -15.984012 427.406158 23.071068
v -14.805487 427.219513 24.090170
v -9.000000 430.839905 24.910065
v -9.000000 431.299988 24.660254
v -9.919498 432.105499 24.090170
v -9.000000 432.177856 24.090170
v -10.106159 433.283997 23.071068
v -9.000000 432.727875 23.660444
v -16.990566 427.565582 21.877853
v -9.000000 433.371063 23.071068
v -9.000000 433.960449 22.427876
v -10.265581 434.290558 21.877853
v -17.800369 427.693848 20.539906
v -9.000000 434.390167 21.877853
v -9.000000 434.960266 21.000000
v -10.393842 435.100372 20.539906
v -18.393475 427.787781 19.090170
v -9.000000 435.210052 20.539906
v -9.000000 435.696930 19.420200
v -10.487780 435.693481 19.090170
v -18.045084 429.238922 19.090170
v -17.473976 429.053375 20.539906
v -16.694208 428.799988 21.877853
v -15.724985 428.485077 23.071068
v -14.590170 428.116364 24.090170
v -13.317706 427.702911 24.910065
v -11.938926 427.254913 25.510565
v -10.487780 426.783417 25.876883
v -17.473976 430.617706 19.090170
v -16.938927 430.345093 20.539906
v -16.208393 429.972870 21.877853
v -15.300367 429.510193 23.071068
v -14.237205 428.968475 24.090170
v -13.045086 428.361084 24.910065
v -11.753362 427.702911 25.510565
v -10.393842 427.010193 25.876883
v -16.694208 431.890167 19.090170
v -16.208393 431.537201 20.539906
v -15.545085 431.055267 21.877853
v -14.720613 430.456268 23.071068
v -13.755282 429.754913 24.090170
v -12.672860 428.968475 24.910065
v -11.499999 428.116364 25.510565
v -10.265581 427.219513 25.876883
v -15.724985 433.024994 19.090170
v -15.300367 432.600372 20.539906
v -14.720613 432.020599 21.877853
v -14.000001 431.299988 23.071068
v -13.156269 430.456268 24.090170
v -12.210197 429.510193 24.910065
v -11.185080 428.485077 25.510565
v -10.106159 427.406158 25.876883
v -14.590170 433.994202 19.090170
v -14.237205 433.508392 20.539906
v -13.755282 432.845093 21.877853
v -13.156269 432.020599 23.071068
v -12.454916 431.055267 24.090170
v -11.668489 429.972870 24.910065
v -10.816357 428.799988 25.510565
v -9.919498 427.565582 25.876883
v -13.317706 434.773987 19.090170
v -13.045086 434.238922 20.539906
v -12.672860 433.508392 21.877853
v -12.210197 432.600372 23.071068
v -11.668489 431.537201 24.090170
v -11.061074 430.345093 24.910065
v -10.402908 429.053375 25.510565
v -9.710198 427.693848 25.876883
v -11.938926 435.345093 19.090170
v -11.753362 434.773987 20.539906
v -11.499999 433.994202 21.877853
v -11.185080 433.024994 23.071068
v -10.816357 431.890167 24.090170
v -10.402908 430.617706 24.910065
v -9.954914 429.238922 25.510565
v -9.483408 427.787781 25.876883
v -10.545084 436.055298 17.564344
v -9.000000 435.810577 19.090170
v -9.000000 436.148071 17.736481
v -9.000000 436.176880 17.564344
v -23.829458 390.799988 6.500000
v -23.077776 395.396271 4.356726
v -23.240295 394.656738 5.096267
v -23.408333 393.799988 5.696152
v -23.569284 392.852112 6.138156
v -23.712339 391.841888 6.408846
v -23.788450 391.197021 6.486850
v -22.820885 396.438141 -2.552121
v -22.779385 396.594849 -2.055505
v -22.872755 396.238159 -3.035018
v -22.723911 396.799988 0.500000
v -22.730200 396.776978 1.024971
v -22.723911 396.799988 -0.500000
v -22.748722 396.708832 -1.541889
v -22.730162 396.777130 -1.023541
v -22.748722 396.708832 1.541889
v -22.779076 396.596008 2.051202
v -22.820885 396.438141 2.552121
v -22.873035 396.237091 3.037356
v -22.933895 395.996155 3.500000
v -23.033089 395.587494 4.116601
v -23.240295 394.656738 -5.096267
v -23.408333 393.799988 -5.696152
v -23.569284 392.852112 -6.138156
v -23.077776 395.396271 -4.356726
v -23.033089 395.587494 -4.116601
v -22.933895 395.996155 -3.500000
v -23.995987 386.762329 -6.500000
v -23.829458 390.799988 -6.500000
v -23.788450 391.197021 -6.486850
v -23.712339 391.841888 -6.408846
v -23.656092 382.335815 -6.500000
v -22.773939 377.984772 -6.500000
v -21.362940 373.775421 -6.500000
v -19.444561 369.771759 -6.500000
v -17.047970 366.034637 -6.500000
v -14.209617 362.620941 -6.500000
v -10.972668 359.582550 -6.500000
v -7.386349 356.965698 -6.500000
v -3.505202 354.810181 -6.500000
v 0.611748 353.148743 -6.500000
v 4.901891 352.006714 -6.500000
v 9.299983 351.401398 -6.500000
v 13.739137 351.342041 -6.500000
v 18.151840 351.829529 -6.500000
v 22.470987 352.856445 -6.500000
v 26.630892 354.407196 -6.500000
v 30.568289 356.458160 -6.500000
v 34.223301 358.978180 -6.500000
v 37.540337 361.928925 -6.500000
v 40.468956 365.265503 -6.500000
v 42.964619 368.937195 -6.500000
v 44.989372 372.888153 -6.500000
v 46.512421 377.058258 -6.500000
v 47.510601 381.384155 -6.500000
v -23.995987 386.762329 6.500000
v -23.656092 382.335815 6.500000
v -22.773939 377.984772 6.500000
v -21.362940 373.775421 6.500000
v -19.444561 369.771759 6.500000
v -17.047970 366.034637 6.500000
v -14.209617 362.620941 6.500000
v -10.972668 359.582550 6.500000
v -7.386349 356.965698 6.500000
v -3.505202 354.810181 6.500000
v 0.611748 353.148743 6.500000
v 4.901891 352.006714 6.500000
v 9.299983 351.401398 6.500000
v 13.739137 351.342041 6.500000
v 18.151840 351.829529 6.500000
v 22.470987 352.856445 6.500000
v 26.630892 354.407196 6.500000
v 30.568289 356.458160 6.500000
v 34.223301 358.978180 6.500000
v 37.540337 361.928925 6.500000
v 40.468956 365.265503 6.500000
v 42.964619 368.937195 6.500000
v 44.989372 372.888153 6.500000
v 46.512421 377.058258 6.500000
v 47.510601 381.384155 6.500000
v 47.968735 385.799988 6.500000
v 45.166248 396.799988 -6.500000
v 45.166248 396.799988 6.500000
v -22.322004 390.799988 -6.500000
v -22.500000 387.299988 -6.500000
v -22.216755 382.888245 -6.500000
v -21.371672 378.548920 -6.500000
v -19.978630 374.353302 -6.500000
v -18.060495 370.370239 -6.500000
v -15.648769 366.665192 -6.500000
v -12.783052 363.298950 -6.500000
v -9.510398 360.326813 -6.500000
v -5.884543 357.797577 -6.500000
v -1.965026 355.752777 -6.500000
v 2.183799 354.225952 -6.500000
v 6.493804 353.242218 -6.500000
v 10.894220 352.817719 -6.500000
v 15.312795 352.959412 -6.500000
v 19.676971 353.664978 -6.500000
v 23.915094 354.922852 -6.500000
v 27.957571 356.712311 -6.500000
v 31.738024 359.004059 -6.500000
v 35.194382 361.760406 -6.500000
v 38.269886 364.936127 -6.500000
v 40.914040 368.479034 -6.500000
v 43.083424 372.331024 -6.500000
v 44.742420 376.428772 -6.500000
v 45.863789 380.705017 -6.500000
v 46.429115 385.089569 -6.500000
v 46.429115 389.510437 -6.500000
v 45.863789 393.894958 -6.500000
v -21.386030 395.996155 -3.500000
v -21.536554 395.396271 -4.356726
v -21.706505 394.656738 -5.096267
v -21.882149 393.799988 -5.696152
v -22.050316 392.852112 -6.138156
v -22.199726 391.841888 -6.408846
v -22.216755 391.711761 -6.430319
v -21.192221 396.708832 1.541889
v -21.172794 396.777100 1.023548
v -21.224325 396.594849 2.055562
v -21.166248 396.799988 0.500000
v -21.166248 396.799988 -0.500000
v -21.172831 396.776978 -1.024988
v -21.192221 396.708832 -1.541889
v -21.224001 396.596008 -2.051231
v -21.267763 396.438141 -2.552121
v -21.371672 396.051086 -3.402779
v -22.216755 391.711761 6.430319
v -22.199726 391.841888 6.408846
v -22.050316 392.852112 6.138156
v -21.882149 393.799988 5.696152
v -21.706505 394.656738 5.096267
v -21.536554 395.396271 4.356726
v -21.386030 395.996155 3.500000
v -21.371672 396.051086 3.402779
v -21.267763 396.438141 2.552121
v 45.863789 393.894958 6.500000
v 46.429115 389.510437 6.500000
v 46.429115 385.089569 6.500000
v 45.863789 380.705017 6.500000
v 44.742420 376.428772 6.500000
v 43.083424 372.331024 6.500000
v 40.914040 368.479034 6.500000
v 38.269886 364.936127 6.500000
v 35.194382 361.760406 6.500000
v 31.738024 359.004059 6.500000
v 27.957571 356.712311 6.500000
v 23.915094 354.922852 6.500000
v 19.676971 353.664978 6.500000
v 15.312795 352.959412 6.500000
v 10.894220 352.817719 6.500000
v 6.493804 353.242218 6.500000
v 2.183799 354.225952 6.500000
v -1.965026 355.752777 6.500000
v -5.884543 357.797577 6.500000
v -9.510398 360.326813 6.500000
v -12.783052 363.298950 6.500000
v -15.648769 366.665192 6.500000
v -18.060495 370.370239 6.500000
v -19.978630 374.353302 6.500000
v -21.371672 378.548920 6.500000
v -22.216755 382.888245 6.500000
v -22.500000 387.299988 6.500000
v -22.322004 390.799988 6.500000
v 53.798485 396.799988 6.500000
v 53.798485 396.799988 -6.500000
v 53.232574 396.617554 6.500000
v 51.968735 396.028198 6.500000
v 50.826435 395.228363 6.500000
v 49.840382 394.242310 6.500000
v 49.040531 393.100006 6.500000
v 48.451195 391.836151 6.500000
v 48.090275 390.489197 6.500000
v 47.968735 389.100006 6.500000
v 49.840382 394.242310 -6.500000
v 50.826435 395.228363 -6.500000
v 51.968735 396.028198 -6.500000
v 53.232574 396.617554 -6.500000
v 48.090275 390.489197 -6.500000
v 48.451195 391.836151 -6.500000
v 49.040531 393.100006 -6.500000
v 20.000000 455.049988 12.750000
v 20.000000 453.549988 14.250000
v 20.000000 455.049988 -12.750000
v 20.000000 453.549988 -14.250000
v -14.000001 453.549988 14.250000
v -14.000001 453.549988 -14.250000
v -14.000001 455.049988 -12.750000
v -14.000001 455.049988 12.750000
v 72.000000 419.799988 -20.000000
v 72.000000 418.103882 -19.927950
v 72.000000 414.760437 -19.354658
v 72.000000 411.561981 -18.224569
v 72.000000 408.600494 -16.570194
v 72.000000 405.961212 -14.439122
v 72.000000 403.720062 -11.892663
v 72.000000 401.941467 -9.004075
v 72.000000 400.676666 -5.856455
v 72.000000 399.962006 -2.540356
v 72.000000 399.818024 0.848824
v 72.000000 400.248901 4.213585
v 72.000000 401.242218 7.457129
v 72.000000 402.769409 10.486146
v 72.000000 404.786560 13.213495
v 72.000000 407.235596 15.560716
v 72.000000 410.046112 17.460283
v 72.000000 413.137207 18.857548
v 72.000000 416.419983 19.712318
v 72.000000 419.799988 20.000000
v 72.000000 423.180023 19.712318
v 72.000000 426.462799 18.857548
v 72.000000 429.553894 17.460283
v 72.000000 432.364410 15.560716
v 72.000000 434.813446 13.213495
v 72.000000 436.830597 10.486146
v 72.000000 438.357788 7.457129
v 72.000000 439.351105 4.213585
v 72.000000 439.781982 0.848824
v 72.000000 439.638000 -2.540356
v 72.000000 438.923340 -5.856455
v 72.000000 437.658508 -9.004075
v 72.000000 435.879944 -11.892663
v 72.000000 433.638763 -14.439122
v 72.000000 430.999481 -16.570194
v 72.000000 428.038025 -18.224569
v 72.000000 424.839569 -19.354658
v 72.000000 421.496124 -19.927950
v 72.000000 419.799988 25.500000
v 77.000000 423.600586 25.215187
v 72.000000 423.600586 25.215187
v 77.000000 427.316254 24.367107
v 72.000000 427.316254 24.367107
v 77.000000 430.864044 22.974705
v 72.000000 430.864044 22.974705
v 77.000000 434.164673 21.069090
v 72.000000 434.164673 21.069090
v 77.000000 437.144409 18.692823
v 72.000000 437.144409 18.692823
v 77.000000 439.736694 15.898990
v 72.000000 439.736694 15.898990
v 77.000000 441.883636 12.750000
v 72.000000 441.883636 12.750000
v 77.000000 443.537292 9.316195
v 72.000000 443.537292 9.316195
v 77.000000 444.660675 5.674284
v 72.000000 444.660675 5.674284
v 77.000000 445.228699 1.905617
v 72.000000 445.228699 1.905617
v 77.000000 445.228699 -1.905617
v 72.000000 445.228699 -1.905617
v 77.000000 444.660675 -5.674284
v 72.000000 444.660675 -5.674284
v 77.000000 443.537292 -9.316195
v 72.000000 443.537292 -9.316195
v 77.000000 441.883636 -12.750000
v 72.000000 441.883636 -12.750000
v 77.000000 439.736694 -15.898990
v 72.000000 439.736694 -15.898990
v 77.000000 437.144409 -18.692823
v 72.000000 437.144409 -18.692823
v 77.000000 434.164673 -21.069090
v 72.000000 434.164673 -21.069090
v 77.000000 430.864044 -22.974705
v 72.000000 430.864044 -22.974705
v 77.000000 427.316254 -24.367107
v 72.000000 427.316254 -24.367107
v 77.000000 423.600586 -25.215187
v 72.000000 423.600586 -25.215187
v 77.000000 419.799988 -25.500000
v 72.000000 419.799988 -25.500000
v 77.000000 415.999420 -25.215187
v 72.000000 415.999420 -25.215187
v 77.000000 412.283752 -24.367107
v 72.000000 412.283752 -24.367107
v 77.000000 408.735962 -22.974705
v 72.000000 408.735962 -22.974705
v 77.000000 405.435333 -21.069090
v 72.000000 405.435333 -21.069090
v 77.000000 402.455597 -18.692823
v 72.000000 402.455597 -18.692823
v 77.000000 399.863312 -15.898990
v 72.000000 399.863312 -15.898990
v 77.000000 397.716339 -12.750000
v 72.000000 397.716339 -12.750000
v 77.000000 396.062714 -9.316195
v 72.000000 396.062714 -9.316195
v 77.000000 394.939331 -5.674284
v 72.000000 394.939331 -5.674284
v 77.000000 394.371307 -1.905617
v 72.000000 394.371307 -1.905617
v 77.000000 394.371307 1.905617
v 72.000000 394.371307 1.905617
v 77.000000 394.939331 5.674284
v 72.000000 394.939331 5.674284
v 77.000000 396.062714 9.316195
v 72.000000 396.062714 9.316195
v 77.000000 397.716339 12.750000
v 72.000000 397.716339 12.750000
v 77.000000 399.863312 15.898990
v 72.000000 399.863312 15.898990
v 77.000000 402.455597 18.692823
v 72.000000 402.455597 18.692823
v 77.000000 405.435333 21.069090
v 72.000000 405.435333 21.069090
v 77.000000 408.735962 22.974705
v 72.000000 408.735962 22.974705
v 77.000000 412.283752 24.367107
v 72.000000 412.283752 24.367107
v 77.000000 415.999420 25.215187
v 72.000000 415.999420 25.215187
v 77.000000 419.799988 25.500000
v 77.000000 419.799988 -0.000000
vn -0.0000 1.0000 -0.0000
vn -0.4183 0.9083 0.0001
vn -0.4715 0.8813 0.0322
vn -0.4522 0.8919 -0.0000
vn -0.3974 0.9176 0.0097
vn -0.3709 0.9285 0.0175
vn -0.2629 0.9648 0.0075
vn -0.2913 0.9566 0.0020
vn -0.3265 0.9452 -0.0000
vn -0.0862 0.9963 -0.0000
vn -0.0421 0.9985 0.0344
vn -0.0836 0.9964 0.0138
vn -0.1267 0.9919 0.0025
vn -0.1608 0.9870 -0.0000
vn -0.2561 0.9667 0.0001
vn -0.2070 0.9780 0.0263
vn -0.2355 0.9718 0.0143
vn -0.7266 0.6871 -0.0000
vn -0.7011 0.7131 0.0054
vn -0.5151 0.8572 -0.0000
vn -0.5762 0.8173 0.0050
vn -0.5681 0.8229 0.0029
vn -0.6266 0.7793 -0.0000
vn -0.6647 0.7471 -0.0000
vn 1.0000 -0.0000 -0.0000
vn -0.0000 -0.0000 1.0000
vn -0.4703 0.8790 0.0784
vn -0.2054 0.3248 0.9232
vn -0.1876 0.2394 0.9526
vn -0.1265 0.2119 0.9691
vn -0.0572 0.0539 0.9969
vn -0.2538 0.4575 0.8523
vn -0.2591 0.4585 0.8501
vn -0.3743 0.6624 0.6490
vn -0.3743 0.6623 0.6490
vn -0.3197 0.5658 0.7600
vn -0.3192 0.5668 0.7595
vn -0.2896 0.5123 0.8085
vn -0.1534 0.1615 0.9749
vn -0.1530 0.1767 0.9723
vn -0.2508 0.2896 0.9237
vn -0.3424 0.3953 0.8524
vn -0.3423 0.3953 0.8524
vn -0.4255 0.4913 0.7600
vn -0.4981 0.5751 0.6490
vn -0.4980 0.5751 0.6490
vn -0.5584 0.6448 0.5220
vn -0.5583 0.6448 0.5220
vn -0.6049 0.6985 0.3823
vn -0.6365 0.7351 0.2332
vn -0.6366 0.7351 0.2332
vn -0.5134 0.8546 0.0784
vn -0.4908 0.8684 0.0705
vn -0.4784 0.8466 0.2332
vn -0.4785 0.8466 0.2332
vn -0.4547 0.8044 0.3823
vn -0.4546 0.8045 0.3823
vn -0.4196 0.7426 0.5220
vn -0.4191 0.7432 0.5216
vn -0.3980 0.7042 0.5879
vn -0.2059 0.3588 0.9104
vn -0.2431 0.3448 0.9066
vn -0.3013 0.4274 0.8524
vn -0.3745 0.5312 0.7600
vn -0.4384 0.6218 0.6490
vn -0.4383 0.6218 0.6490
vn -0.4914 0.6971 0.5220
vn -0.4915 0.6971 0.5220
vn -0.5324 0.7553 0.3823
vn -0.5324 0.7552 0.3823
vn -0.5603 0.7948 0.2332
vn -0.5744 0.8148 0.0784
vn -0.6526 0.7536 0.0784
vn -0.6631 0.7453 0.0699
vn -0.6246 0.7770 0.0785
vn -0.0486 0.0626 0.9969
vn -0.0570 0.0539 0.9969
vn -0.1698 0.1606 0.9723
vn -0.2784 0.2632 0.9237
vn -0.3800 0.3593 0.8524
vn -0.3800 0.3593 0.8523
vn -0.4722 0.4465 0.7600
vn -0.5528 0.5227 0.6490
vn -0.6197 0.5860 0.5220
vn -0.6714 0.6349 0.3823
vn -0.7066 0.6681 0.2332
vn -0.7244 0.6849 0.0784
vn -0.7243 0.6850 0.0784
vn -0.4518 0.8886 0.0785
vn -0.5026 0.4061 0.7632
vn -0.3127 0.4689 0.8260
vn -0.3461 0.4921 0.7988
vn -0.2778 0.4486 0.8494
vn -0.5137 0.4075 0.7551
vn -0.5123 0.4710 0.7181
vn -0.5493 0.4527 0.7024
vn -0.6679 0.4169 0.6165
vn -0.4584 0.7663 0.4501
vn -0.6482 0.4480 0.6158
vn -0.6632 0.4954 0.5610
vn -0.6400 0.5304 0.5559
vn -0.6562 0.5553 0.5109
vn -0.4278 0.4445 0.7870
vn -0.4341 0.4079 0.8032
vn -0.4594 0.4961 0.7368
vn -0.4845 0.6074 0.6295
vn -0.4844 0.6075 0.6295
vn -0.4977 0.7040 0.5067
vn -0.4058 0.7001 0.5876
vn -0.3897 0.6549 0.6474
vn -0.3878 0.6550 0.6485
vn -0.3484 0.5517 0.7578
vn -0.3474 0.5516 0.7583
vn -0.3233 0.4943 0.8069
vn -0.4209 0.7423 0.5215
vn -0.4216 0.7421 0.5210
vn -0.4986 0.7833 0.3712
vn -0.6027 0.7312 0.3196
vn -0.5503 0.7656 0.3331
vn -0.6161 0.7019 0.3575
vn -0.6398 0.6328 0.4362
vn -0.5861 0.6772 0.4448
vn -0.6466 0.6052 0.4644
vn -0.6663 0.4155 0.6193
vn -0.5692 0.4644 0.6785
vn -0.5760 0.5616 0.5940
vn -0.5713 0.6671 0.4781
vn -0.5714 0.6671 0.4781
vn -0.5527 0.7562 0.3503
vn -0.5203 0.8268 0.2137
vn -0.4391 0.8936 0.0933
vn -0.5158 0.8479 0.1228
vn -0.5510 0.8114 0.1950
vn -0.5009 0.8384 0.2151
vn -0.5721 0.7834 0.2428
vn -0.4415 0.8116 0.3825
vn -0.4431 0.8111 0.3817
vn -0.4988 0.7832 0.3712
vn -0.4875 0.8432 0.2265
vn -0.5202 0.8269 0.2138
vn -0.4752 0.8769 0.0719
vn -0.4521 0.8609 0.2334
vn -0.4538 0.8602 0.2328
vn -0.4873 0.8433 0.2265
vn -0.4641 0.8825 0.0761
vn -0.1857 0.6833 0.7061
vn -0.1591 0.7930 0.5880
vn -0.1293 0.8815 0.4541
vn -0.0956 0.9466 0.3080
vn -0.6656 0.5965 0.4485
vn -0.6294 0.6957 0.3463
vn -0.5786 0.7804 0.2373
vn -0.5146 0.8485 0.1238
vn -0.2635 0.2623 0.9283
vn -0.7056 0.3994 0.5854
vn -0.6948 0.3854 0.6073
vn -0.5905 0.4312 0.6822
vn -0.5903 0.4342 0.6804
vn -0.5467 0.4503 0.7059
vn -0.5623 0.4212 0.7117
vn -0.4070 0.3280 0.8525
vn -0.4070 0.3364 0.8492
vn -0.3556 0.3450 0.8686
vn -0.3727 0.3202 0.8710
vn -0.2955 0.3440 0.8913
vn -0.3359 0.3076 0.8902
vn -0.2372 0.3129 0.9197
vn -0.1541 0.3396 0.9279
vn -0.4920 0.8693 0.0478
vn -0.5737 0.8047 0.1527
vn -0.6442 0.7219 0.2528
vn -0.7017 0.6227 0.3462
vn -0.6866 0.4848 0.5418
vn -0.6735 0.5475 0.4966
vn -0.4405 0.8957 0.0614
vn -0.4511 0.8909 0.0530
vn -0.3948 0.9165 0.0640
vn -0.4115 0.9099 0.0522
vn -0.3539 0.9323 0.0748
vn -0.3790 0.9242 0.0469
vn -0.3545 0.9330 0.0624
vn -0.2957 0.9526 0.0708
vn -0.3145 0.9473 0.0606
vn -0.2655 0.9609 0.0779
vn -0.2840 0.9564 0.0682
vn -0.2265 0.9711 0.0749
vn -0.2415 0.9680 0.0682
vn -0.1805 0.9801 0.0824
vn -0.2105 0.9755 0.0638
vn -0.1783 0.9810 0.0764
vn -0.1259 0.9889 0.0790
vn -0.1230 0.9892 0.0800
vn -0.0753 0.9939 0.0805
vn -0.0659 0.9944 0.0831
vn -0.0243 0.9964 0.0817
vn -0.5132 0.8411 0.1710
vn -0.5132 0.8411 0.1711
vn -0.4677 0.8651 0.1815
vn -0.4655 0.8659 0.1831
vn -0.4176 0.8879 0.1931
vn -0.4146 0.8889 0.1950
vn -0.3651 0.9084 0.2040
vn -0.3745 0.9057 0.1988
vn -0.3308 0.9189 0.2151
vn -0.3411 0.9163 0.2098
vn -0.2906 0.9318 0.2176
vn -0.2858 0.9327 0.2199
vn -0.2357 0.9452 0.2260
vn -0.2280 0.9463 0.2290
vn -0.1793 0.9557 0.2334
vn -0.1677 0.9569 0.2372
vn -0.1222 0.9632 0.2395
vn -0.1053 0.9640 0.2441
vn -0.0042 0.9697 0.2443
vn -0.5756 0.7694 0.2771
vn -0.5648 0.7742 0.2857
vn -0.5307 0.7946 0.2949
vn -0.5167 0.8001 0.3048
vn -0.4800 0.8192 0.3139
vn -0.4650 0.8242 0.3232
vn -0.4256 0.8418 0.3319
vn -0.4248 0.8421 0.3324
vn -0.3885 0.8537 0.3467
vn -0.3893 0.8535 0.3464
vn -0.3475 0.8681 0.3544
vn -0.3316 0.8713 0.3617
vn -0.2891 0.8835 0.3686
vn -0.2713 0.8862 0.3755
vn -0.2284 0.8959 0.3810
vn -0.2080 0.8980 0.3878
vn -0.1661 0.9051 0.3915
vn -0.1416 0.9063 0.3982
vn -0.0028 0.9156 0.4020
vn -0.6265 0.6819 0.3775
vn -0.6048 0.6917 0.3947
vn -0.5821 0.7069 0.4018
vn -0.5565 0.7169 0.4199
vn -0.5312 0.7316 0.4273
vn -0.5042 0.7406 0.4442
vn -0.4762 0.7546 0.4515
vn -0.4644 0.7579 0.4581
vn -0.4370 0.7672 0.4695
vn -0.4272 0.7696 0.4745
vn -0.3961 0.7817 0.4817
vn -0.3683 0.7874 0.4943
vn -0.3355 0.7979 0.5008
vn -0.3066 0.8023 0.5121
vn -0.2717 0.8112 0.5178
vn -0.2417 0.8142 0.5278
vn -0.2059 0.8212 0.5322
vn -0.1734 0.8229 0.5411
vn 0.0019 0.8362 0.5484
vn -0.6967 0.5646 0.4425
vn -0.6323 0.5953 0.4958
vn -0.6208 0.6038 0.5000
vn -0.5838 0.6183 0.5261
vn -0.5703 0.6270 0.5307
vn -0.5312 0.6401 0.5551
vn -0.5153 0.6488 0.5599
vn -0.4917 0.6556 0.5731
vn -0.4755 0.6613 0.5801
vn -0.4538 0.6667 0.5912
vn -0.4346 0.6749 0.5963
vn -0.3949 0.6830 0.6144
vn -0.3731 0.6907 0.6194
vn -0.3328 0.6969 0.6353
vn -0.3082 0.7039 0.6400
vn -0.2678 0.7080 0.6535
vn -0.2407 0.7139 0.6576
vn -0.1997 0.7161 0.6689
vn 0.0049 0.7348 0.6783
vn -0.6899 0.4295 0.5828
vn -0.7100 0.4597 0.5334
vn -0.6327 0.4952 0.5954
vn -0.6454 0.4965 0.5805
vn -0.6683 0.4857 0.5635
vn -0.5968 0.5149 0.6154
vn -0.6149 0.5010 0.6090
vn -0.5457 0.5248 0.6533
vn -0.5416 0.5273 0.6547
vn -0.5072 0.5371 0.6740
vn -0.5017 0.5391 0.6765
vn -0.4688 0.5473 0.6933
vn -0.4617 0.5506 0.6954
vn -0.4106 0.5611 0.7187
vn -0.4005 0.5650 0.7214
vn -0.3495 0.5728 0.7414
vn -0.3362 0.5770 0.7444
vn -0.2858 0.5822 0.7612
vn -0.2687 0.5864 0.7642
vn -0.2194 0.5890 0.7778
vn 0.0006 0.6153 0.7883
vn -0.2080 0.5553 0.8052
vn -0.2237 0.4883 0.8435
vn -0.5559 0.4231 0.7155
vn -0.5092 0.4339 0.7433
vn -0.5459 0.4183 0.7260
vn -0.4713 0.4381 0.7655
vn -0.5181 0.4066 0.7525
vn -0.4151 0.4297 0.8019
vn -0.4341 0.4211 0.7964
vn -0.3566 0.4334 0.8277
vn -0.3541 0.4343 0.8283
vn -0.2957 0.4403 0.8478
vn -0.2883 0.4423 0.8493
vn -0.1283 0.4467 0.8854
vn -0.2251 0.4125 0.8827
vn -0.1463 0.4122 0.8993
vn -0.1550 0.2624 0.9524
vn -0.1822 0.2327 0.9553
vn -0.1294 0.1321 0.9828
vn -0.1316 0.1320 0.9825
vn -0.0536 0.0786 0.9955
vn -0.0781 0.0782 0.9939
vn -0.0086 0.9963 0.0851
vn -0.0126 0.9969 0.0775
vn -0.0042 0.9969 0.0785
vn -0.0089 0.9862 0.1651
vn -0.0064 0.9722 0.2341
vn -0.0423 0.9722 0.2302
vn -0.0386 0.9707 0.2370
vn -0.0615 0.9237 0.3782
vn -0.0745 0.9187 0.3878
vn -0.0517 0.9468 0.3177
vn -0.0130 0.9702 0.2419
vn -0.0175 0.9454 0.3255
vn -0.0087 0.9234 0.3838
vn -0.0214 0.9168 0.3987
vn -0.0256 0.8785 0.4770
vn -0.0112 0.8518 0.5238
vn -0.1044 0.7599 0.6416
vn -0.1341 0.7431 0.6556
vn -0.0979 0.7929 0.6014
vn -0.0840 0.8523 0.5163
vn -0.1049 0.8422 0.5289
vn -0.0757 0.8817 0.4658
vn -0.0293 0.8383 0.5444
vn -0.0331 0.7876 0.6153
vn -0.0141 0.7592 0.6507
vn -0.0364 0.7368 0.6751
vn -0.0409 0.6489 0.7598
vn -0.1370 0.5220 0.8419
vn -0.1874 0.4886 0.8521
vn -0.1336 0.5550 0.8210
vn -0.1222 0.6489 0.7510
vn -0.1618 0.6242 0.7643
vn -0.1173 0.6831 0.7209
vn 0.0031 0.6756 0.7373
vn -0.0424 0.6151 0.7873
vn -0.0459 0.5219 0.8517
vn -0.0106 0.5446 0.8386
vn -0.0473 0.4766 0.8778
vn -0.0497 0.3822 0.9227
vn -0.1740 0.3816 0.9078
vn -0.1511 0.3396 0.9284
vn -0.0250 0.3986 0.9168
vn -0.0508 0.3251 0.9443
vn -0.0523 0.2331 0.9710
vn -0.0396 0.2417 0.9695
vn -0.0530 0.1649 0.9849
vn -0.0000 -0.0000 -1.0000
vn -0.0396 0.6751 -0.7367
vn -0.0137 0.9964 -0.0840
vn -0.0781 0.0782 -0.9939
vn -0.1294 0.1321 -0.9828
vn -0.1822 0.2327 -0.9553
vn -0.1550 0.2624 -0.9524
vn -0.0042 0.9969 -0.0785
vn -0.0206 0.9237 -0.3826
vn -0.0064 0.9170 -0.3988
vn -0.0175 0.9454 -0.3255
vn -0.0126 0.9723 -0.2334
vn -0.0061 0.9703 -0.2419
vn -0.0089 0.9862 -0.1651
vn -0.0070 0.9969 -0.0782
vn -0.0436 0.9708 -0.2359
vn -0.0376 0.9723 -0.2307
vn -0.0517 0.9468 -0.3177
vn -0.0710 0.9235 -0.3771
vn -0.0635 0.9186 -0.3901
vn -0.0757 0.8817 -0.4658
vn -0.0981 0.8519 -0.5145
vn -0.0349 0.7599 -0.6491
vn -0.0002 0.7373 -0.6756
vn -0.0331 0.7876 -0.6153
vn -0.0281 0.8523 -0.5223
vn -0.0046 0.8387 -0.5446
vn -0.0256 0.8785 -0.4770
vn -0.1076 0.7427 -0.6610
vn -0.1228 0.7593 -0.6390
vn -0.0979 0.7929 -0.6014
vn -0.0867 0.8419 -0.5327
vn -0.1173 0.6831 -0.7209
vn -0.1443 0.6482 -0.7477
vn -0.0180 0.6481 -0.7613
vn -0.0424 0.6151 -0.7873
vn -0.0451 0.5441 -0.8378
vn -0.0235 0.5213 -0.8531
vn -0.0473 0.4766 -0.8778
vn -0.0493 0.3983 -0.9159
vn -0.0311 0.3818 -0.9237
vn -0.0508 0.3251 -0.9443
vn -0.1255 0.6237 -0.7715
vn -0.1336 0.5550 -0.8210
vn -0.1616 0.5212 -0.8380
vn -0.1402 0.4881 -0.8615
vn -0.1484 0.3822 -0.9121
vn -0.1911 0.4127 -0.8906
vn -0.1511 0.3396 -0.9284
vn -0.0522 0.2416 -0.9690
vn -0.0411 0.2330 -0.9716
vn -0.0530 0.1649 -0.9849
vn -0.0533 0.1326 -0.9897
vn -0.0780 0.0782 -0.9939
vn -0.4113 0.9079 -0.0814
vn -0.7055 0.3994 -0.5854
vn -0.5901 0.4311 -0.6826
vn -0.4206 0.3358 -0.8428
vn -0.2612 0.2623 -0.9290
vn -0.4206 0.3435 -0.8397
vn -0.4148 0.3448 -0.8421
vn -0.3829 0.3322 -0.8620
vn -0.3806 0.3346 -0.8621
vn -0.3254 0.3173 -0.8908
vn -0.3336 0.3166 -0.8880
vn -0.2681 0.3057 -0.9136
vn -0.5900 0.4340 -0.6808
vn -0.5828 0.4368 -0.6852
vn -0.5475 0.4258 -0.7203
vn -0.5500 0.4251 -0.7188
vn -0.4951 0.4209 -0.7601
vn -0.4406 0.4334 -0.7861
vn -0.5955 0.5145 -0.6170
vn -0.6435 0.4915 -0.5869
vn -0.6282 0.5039 -0.5928
vn -0.6663 0.4858 -0.5657
vn -0.7181 0.4156 -0.5583
vn -0.6832 0.4221 -0.5959
vn -0.7109 0.4728 -0.5207
vn -0.6871 0.4718 -0.5525
vn -0.6718 0.5483 -0.4981
vn -0.0487 0.9959 -0.0763
vn -0.1145 0.9183 -0.3789
vn -0.0815 0.9468 -0.3112
vn -0.1444 0.8418 -0.5201
vn -0.1133 0.8819 -0.4577
vn -0.1700 0.7429 -0.6475
vn -0.1425 0.7933 -0.5919
vn -0.1687 0.6836 -0.7101
vn -0.1910 0.5555 -0.8093
vn -0.1438 0.3171 -0.9374
vn -0.2191 0.3399 -0.9146
vn -0.2089 0.4127 -0.8866
vn -0.4824 0.4110 -0.7735
vn -0.3836 0.4296 -0.8175
vn -0.3843 0.4297 -0.8171
vn -0.3207 0.4377 -0.8400
vn -0.3253 0.4382 -0.8379
vn -0.2551 0.4436 -0.8592
vn -0.2645 0.4450 -0.8556
vn -0.0188 0.4419 -0.8969
vn -0.2076 0.4885 -0.8475
vn -0.6120 0.5021 -0.6110
vn -0.5418 0.5260 -0.6556
vn -0.5455 0.5260 -0.6524
vn -0.4865 0.5425 -0.6848
vn -0.4921 0.5425 -0.6808
vn -0.4287 0.5569 -0.7114
vn -0.4366 0.5571 -0.7063
vn -0.3669 0.5694 -0.7356
vn -0.3778 0.5700 -0.7296
vn -0.3021 0.5796 -0.7569
vn -0.3163 0.5807 -0.7501
vn -0.2349 0.5870 -0.7748
vn -0.2523 0.5891 -0.7677
vn 0.0131 0.5817 -0.8133
vn -0.1914 0.6240 -0.7576
vn -0.0158 0.9958 -0.0897
vn -0.0895 0.9934 -0.0714
vn -0.0566 0.9941 -0.0929
vn -0.1427 0.9875 -0.0669
vn -0.1082 0.9898 -0.0930
vn -0.1944 0.9790 -0.0622
vn -0.1599 0.9828 -0.0925
vn -0.2444 0.9680 -0.0573
vn -0.2114 0.9731 -0.0914
vn -0.2924 0.9548 -0.0525
vn -0.2617 0.9610 -0.0896
vn -0.3390 0.9396 -0.0474
vn -0.3124 0.9459 -0.0877
vn -0.3789 0.9243 -0.0468
vn -0.3530 0.9326 -0.0756
vn -0.4100 0.9106 -0.0520
vn -0.4296 0.9022 -0.0381
vn 0.0339 0.9011 -0.4322
vn -0.1717 0.9062 -0.3864
vn -0.1385 0.9043 -0.4037
vn -0.2346 0.8970 -0.3747
vn -0.2013 0.8964 -0.3949
vn -0.2946 0.8846 -0.3615
vn -0.2623 0.8852 -0.3842
vn -0.3520 0.8694 -0.3468
vn -0.3217 0.8709 -0.3717
vn -0.4060 0.8518 -0.3312
vn -0.3781 0.8539 -0.3575
vn -0.4576 0.8319 -0.3141
vn -0.4331 0.8339 -0.3421
vn -0.5074 0.8093 -0.2961
vn -0.4862 0.8113 -0.3248
vn -0.5536 0.7852 -0.2776
vn -0.5357 0.7868 -0.3067
vn -0.4718 0.8811 -0.0339
vn -0.4580 0.8856 -0.0775
vn -0.5133 0.8491 -0.1247
vn -0.5469 0.8251 -0.1419
vn -0.4781 0.8561 -0.1962
vn -0.4972 0.8529 -0.1595
vn -0.4288 0.8793 -0.2073
vn -0.4517 0.8756 -0.1712
vn -0.3770 0.9003 -0.2176
vn -0.4034 0.8966 -0.1828
vn -0.3235 0.9187 -0.2265
vn -0.3537 0.9149 -0.1942
vn -0.2696 0.9339 -0.2347
vn -0.3025 0.9309 -0.2046
vn -0.2137 0.9465 -0.2417
vn -0.2480 0.9447 -0.2147
vn -0.1567 0.9561 -0.2475
vn -0.1914 0.9556 -0.2240
vn -0.0987 0.9627 -0.2519
vn -0.1325 0.9636 -0.2323
vn 0.0264 0.9625 -0.2701
vn -0.0808 0.9704 -0.2276
vn -0.5305 0.8260 -0.1905
vn -0.5772 0.7810 -0.2384
vn -0.6098 0.7529 -0.2476
vn -0.5913 0.7487 -0.2998
vn -0.6278 0.6964 -0.3476
vn 0.0378 0.8143 -0.5792
vn -0.2056 0.8229 -0.5296
vn -0.1752 0.8206 -0.5440
vn -0.2703 0.8133 -0.5152
vn -0.2412 0.8121 -0.5314
vn -0.3326 0.8005 -0.4986
vn -0.3050 0.8003 -0.5163
vn -0.3915 0.7851 -0.4800
vn -0.3663 0.7855 -0.4988
vn -0.4470 0.7672 -0.4600
vn -0.4243 0.7681 -0.4795
vn -0.5000 0.7471 -0.4380
vn -0.4802 0.7479 -0.4583
vn -0.5506 0.7246 -0.4145
vn -0.5335 0.7254 -0.4350
vn -0.5975 0.7006 -0.3901
vn -0.5829 0.7012 -0.4105
vn -0.6589 0.6661 -0.3494
vn -0.6387 0.6554 -0.4030
vn 0.0323 0.7066 -0.7069
vn -0.2327 0.7162 -0.6579
vn -0.2078 0.7138 -0.6688
vn -0.2978 0.7069 -0.6415
vn -0.2754 0.7055 -0.6530
vn -0.3604 0.6947 -0.6224
vn -0.3404 0.6941 -0.6344
vn -0.4200 0.6800 -0.6009
vn -0.4024 0.6799 -0.6130
vn -0.4760 0.6632 -0.5775
vn -0.4608 0.6635 -0.5894
vn -0.5296 0.6443 -0.5517
vn -0.5167 0.6445 -0.5635
vn -0.5806 0.6233 -0.5238
vn -0.5699 0.6235 -0.5352
vn -0.6279 0.6010 -0.4945
vn -0.6190 0.6011 -0.5055
vn -0.6712 0.5779 -0.4643
vn -0.7038 0.5770 -0.4144
vn -1.0000 -0.0000 -0.0000
vn -0.0785 0.9969 -0.0000
vn -0.0872 0.9962 0.0078
vn -0.1647 0.9863 -0.0000
vn -0.2419 0.9703 -0.0000
vn -0.2588 0.9658 0.0139
vn -0.4770 0.8789 -0.0000
vn -0.4226 0.9062 0.0182
vn -0.3988 0.9171 -0.0000
vn -0.3257 0.9455 -0.0000
vn -0.2588 0.9658 -0.0139
vn -0.0872 0.9962 -0.0078
vn -0.9969 0.0785 -0.0000
vn -0.9863 0.1651 -0.0000
vn -0.9703 0.2419 -0.0000
vn -0.9455 0.3256 -0.0000
vn -0.9455 0.3255 -0.0000
vn -0.9171 0.3988 -0.0000
vn -0.8788 0.4772 -0.0000
vn -0.8387 0.5446 -0.0000
vn -0.7880 0.6156 -0.0000
vn -0.7880 0.6157 -0.0000
vn -0.7373 0.6756 -0.0000
vn -0.6756 0.7373 -0.0000
vn -0.5447 0.8387 -0.0000
vn -0.4226 0.9062 -0.0182
vn -0.6149 0.7869 0.0520
vn -0.5736 0.8192 -0.0000
vn -0.5736 0.8191 -0.0000
vn -0.6149 0.7869 -0.0520
vn -0.0131 0.9999 -0.0000
vn -0.0862 0.9962 -0.0082
vn -0.0631 0.9977 -0.0228
vn -0.1042 0.9945 -0.0073
vn -0.2915 0.9566 -0.0020
vn -0.2516 0.9678 -0.0096
vn -0.2561 0.9666 -0.0081
vn -0.1955 0.9807 -0.0000
vn -0.1476 0.9890 -0.0000
vn -0.4312 0.9022 -0.0036
vn -0.3951 0.9186 -0.0103
vn -0.4183 0.9083 -0.0031
vn -0.3492 0.9371 -0.0000
vn -0.3260 0.9454 -0.0000
vn -0.7011 0.7131 -0.0054
vn -0.5762 0.8173 -0.0025
vn -0.5681 0.8229 -0.0043
vn -0.4717 0.8817 -0.0000
vn -0.4857 0.8741 -0.0054
vn -0.4667 0.8844 0.0011
vn -0.4221 0.9065 -0.0000
vn -0.6031 0.7976 0.0077
vn -0.7238 0.6900 -0.0000
vn -0.7112 0.7029 0.0057
vn -0.6724 0.7402 -0.0000
vn -0.6314 0.7754 -0.0000
vn -0.7112 0.7029 -0.0057
vn -0.6031 0.7976 -0.0077
vn -0.5740 0.8188 -0.0000
vn -0.5291 0.8486 -0.0000
vn -0.0539 0.9985 -0.0000
vn -0.1256 0.9921 -0.0000
vn -0.1789 0.9839 -0.0000
vn -0.2491 0.9685 -0.0000
vn -0.3010 0.9536 -0.0000
vn -0.3687 0.9295 -0.0000
vn -0.4215 0.9068 -0.0000
vn -0.4667 0.8844 -0.0011
vn -0.4857 0.8741 0.0054
vn -0.0000 0.0003 -1.0000
vn -0.0000 -0.0001 -1.0000
vn -0.0785 -0.0000 -0.9969
vn -0.0479 0.0049 -0.9988
vn -0.1650 -0.0028 -0.9863
vn -0.1311 -0.0000 -0.9914
vn -0.2419 -0.0000 -0.9703
vn -0.2281 0.0018 -0.9736
vn -0.3256 -0.0009 -0.9455
vn -0.3109 -0.0000 -0.9504
vn -0.3988 -0.0000 -0.9171
vn -0.3844 0.0015 -0.9232
vn -0.4772 -0.0011 -0.8788
vn -0.4620 -0.0000 -0.8869
vn -0.5446 -0.0000 -0.8387
vn -0.5474 -0.0002 -0.8369
vn -0.6157 0.0001 -0.7880
vn -0.6184 -0.0000 -0.7859
vn -0.6756 -0.0000 -0.7373
vn -0.6752 -0.0000 -0.7376
vn -0.7373 -0.0000 -0.6756
vn -0.7370 -0.0000 -0.6759
vn -0.7880 -0.0000 -0.6157
vn -0.7929 -0.0003 -0.6094
vn -0.8387 0.0004 -0.5446
vn -0.8431 -0.0000 -0.5378
vn -0.8788 -0.0000 -0.4772
vn -0.8866 -0.0005 -0.4625
vn -0.9171 0.0008 -0.3987
vn -0.9237 -0.0000 -0.3832
vn -0.9455 -0.0000 -0.3256
vn -0.9533 -0.0004 -0.3020
vn -0.9703 0.0011 -0.2419
vn -0.9761 -0.0000 -0.2175
vn -0.9863 -0.0000 -0.1650
vn -0.9914 -0.0003 -0.1311
vn -0.9969 0.0015 -0.0785
vn -0.9990 -0.0000 -0.0441
vn -0.9673 0.2412 -0.0783
vn -0.9142 0.3975 -0.0783
vn -0.8361 0.5430 -0.0784
vn -0.7350 0.6735 -0.0784
vn -0.6138 0.7855 -0.0784
vn -0.4755 0.8762 -0.0784
vn -0.3245 0.9426 -0.0785
vn -0.1645 0.9833 -0.0784
vn -0.0062 0.0785 -0.9969
vn -0.0785 0.0062 -0.9969
vn -0.1650 0.0130 -0.9862
vn -0.2264 0.0626 -0.9720
vn -0.0301 0.3825 -0.9235
vn -0.0877 0.3972 -0.9135
vn -0.0256 0.3254 -0.9452
vn -0.0183 0.2334 -0.9722
vn -0.0748 0.2412 -0.9676
vn -0.0130 0.1651 -0.9862
vn -0.2419 0.0190 -0.9701
vn -0.3255 0.0256 -0.9452
vn -0.3764 0.0694 -0.9238
vn -0.0810 0.6446 -0.7602
vn -0.0484 0.6149 -0.7871
vn -0.0410 0.5221 -0.8519
vn -0.1002 0.5419 -0.8345
vn -0.0375 0.4768 -0.8782
vn -0.3985 0.0314 -0.9166
vn -0.4768 0.0375 -0.8782
vn -0.5170 0.0757 -0.8526
vn -0.5441 0.0428 -0.8379
vn -0.6486 0.0510 -0.7594
vn -0.6119 0.1097 -0.7833
vn -0.0849 0.7560 -0.6491
vn -0.0580 0.7360 -0.6745
vn -0.0531 0.6746 -0.7362
vn -0.6747 0.0531 -0.7362
vn -0.7360 0.0579 -0.6745
vn -0.7560 0.0849 -0.6491
vn -0.0870 0.8485 -0.5219
vn -0.0658 0.8368 -0.5435
vn -0.0619 0.7865 -0.6145
vn -0.7865 0.0619 -0.6145
vn -0.8369 0.0659 -0.5435
vn -0.8485 0.0870 -0.5219
vn -0.0869 0.9201 -0.3820
vn -0.0720 0.9147 -0.3977
vn -0.0690 0.8767 -0.4760
vn -0.8767 0.0690 -0.4760
vn -0.9147 0.0720 -0.3977
vn -0.9201 0.0869 -0.3820
vn -0.0841 0.9689 -0.2329
vn -0.0761 0.9675 -0.2412
vn -0.0742 0.9429 -0.3247
vn -0.0782 0.9939 -0.0782
vn -0.0774 0.9833 -0.1646
vn -0.2412 0.9673 -0.0783
vn -0.2326 0.9688 -0.0859
vn -0.2271 0.9457 -0.2328
vn -0.2270 0.9457 -0.2328
vn -0.2158 0.8988 -0.3817
vn -0.1992 0.8298 -0.5213
vn -0.1778 0.7404 -0.6483
vn -0.1777 0.7404 -0.6483
vn -0.1519 0.6326 -0.7594
vn -0.1223 0.5092 -0.8519
vn -0.1222 0.5092 -0.8519
vn -0.0896 0.3731 -0.9235
vn -0.0547 0.2277 -0.9722
vn -0.0184 0.0765 -0.9969
vn -0.3976 0.9142 -0.0783
vn -0.3810 0.9200 -0.0917
vn -0.3722 0.8985 -0.2328
vn -0.3721 0.8985 -0.2328
vn -0.3537 0.8539 -0.3817
vn -0.3266 0.7884 -0.5213
vn -0.2914 0.7034 -0.6483
vn -0.2913 0.7034 -0.6483
vn -0.2490 0.6011 -0.7594
vn -0.2004 0.4838 -0.8519
vn -0.1469 0.3545 -0.9235
vn -0.1468 0.3545 -0.9235
vn -0.0896 0.2163 -0.9722
vn -0.0301 0.0727 -0.9969
vn -0.5430 0.8361 -0.0784
vn -0.5201 0.8487 -0.0955
vn -0.5081 0.8292 -0.2328
vn -0.5082 0.8292 -0.2328
vn -0.4830 0.7881 -0.3817
vn -0.4829 0.7881 -0.3817
vn -0.4458 0.7276 -0.5213
vn -0.4459 0.7276 -0.5213
vn -0.3978 0.6492 -0.6483
vn -0.3399 0.5547 -0.7594
vn -0.3400 0.5547 -0.7594
vn -0.2736 0.4465 -0.8519
vn -0.2737 0.4465 -0.8519
vn -0.2005 0.3272 -0.9235
vn -0.2005 0.3271 -0.9235
vn -0.1224 0.1996 -0.9722
vn -0.1223 0.1996 -0.9722
vn -0.0411 0.0671 -0.9969
vn -0.6735 0.7350 -0.0784
vn -0.6464 0.7568 -0.0975
vn -0.6316 0.7395 -0.2328
vn -0.6003 0.7028 -0.3817
vn -0.6002 0.7029 -0.3817
vn -0.5542 0.6489 -0.5213
vn -0.5543 0.6489 -0.5213
vn -0.4945 0.5790 -0.6483
vn -0.4225 0.4947 -0.7594
vn -0.3401 0.3982 -0.8519
vn -0.2492 0.2918 -0.9235
vn -0.1521 0.1780 -0.9722
vn -0.1520 0.1780 -0.9722
vn -0.0511 0.0599 -0.9969
vn -0.7856 0.6137 -0.0784
vn -0.7568 0.6464 -0.0975
vn -0.7395 0.6316 -0.2328
vn -0.7028 0.6003 -0.3817
vn -0.7029 0.6003 -0.3817
vn -0.6489 0.5542 -0.5213
vn -0.5790 0.4945 -0.6483
vn -0.4947 0.4225 -0.7594
vn -0.3982 0.3401 -0.8519
vn -0.2918 0.2492 -0.9235
vn -0.2917 0.2492 -0.9235
vn -0.1780 0.1521 -0.9722
vn -0.0598 0.0511 -0.9969
vn -0.8761 0.4757 -0.0784
vn -0.8487 0.5201 -0.0955
vn -0.8292 0.5081 -0.2328
vn -0.8292 0.5082 -0.2328
vn -0.7881 0.4829 -0.3817
vn -0.7276 0.4459 -0.5213
vn -0.6492 0.3978 -0.6483
vn -0.5547 0.3399 -0.7594
vn -0.4465 0.2736 -0.8519
vn -0.3272 0.2005 -0.9235
vn -0.1996 0.1223 -0.9722
vn -0.0671 0.0411 -0.9969
vn -0.9426 0.3246 -0.0785
vn -0.9200 0.3811 -0.0917
vn -0.8985 0.3722 -0.2328
vn -0.8539 0.3537 -0.3817
vn -0.7884 0.3266 -0.5213
vn -0.7034 0.2914 -0.6483
vn -0.6011 0.2490 -0.7594
vn -0.4838 0.2004 -0.8519
vn -0.3545 0.1468 -0.9235
vn -0.2163 0.0896 -0.9722
vn -0.0727 0.0301 -0.9969
vn -0.9832 0.1645 -0.0784
vn -0.9688 0.2326 -0.0859
vn -0.9457 0.2270 -0.2328
vn -0.8988 0.2158 -0.3817
vn -0.8298 0.1992 -0.5213
vn -0.7404 0.1777 -0.6483
vn -0.7403 0.1778 -0.6483
vn -0.6326 0.1519 -0.7594
vn -0.5092 0.1222 -0.8519
vn -0.3731 0.0896 -0.9234
vn -0.3731 0.0896 -0.9235
vn -0.2277 0.0547 -0.9722
vn -0.2276 0.0547 -0.9722
vn -0.0765 0.0184 -0.9969
vn -0.9429 0.0742 -0.3247
vn -0.9675 0.0761 -0.2412
vn -0.9689 0.0841 -0.2329
vn -0.9833 0.0774 -0.1646
vn -0.9939 0.0782 -0.0782
vn -0.0000 0.9969 -0.0785
vn -0.0000 0.9863 -0.1651
vn -0.0000 0.9703 -0.2419
vn -0.0000 0.9455 -0.3256
vn -0.0000 0.9171 -0.3988
vn -0.0000 0.8788 -0.4771
vn -0.0000 0.8387 -0.5446
vn -0.0000 0.7880 -0.6157
vn -0.0000 0.7373 -0.6756
vn -0.0000 0.6756 -0.7373
vn -0.0000 0.6157 -0.7880
vn -0.0000 0.5446 -0.8387
vn -0.0000 0.4772 -0.8788
vn -0.0000 0.3988 -0.9171
vn -0.0000 0.3256 -0.9455
vn -0.0000 0.2419 -0.9703
vn -0.0000 0.1651 -0.9863
vn -0.0000 0.0785 -0.9969
vn -0.4390 0.8936 -0.0933
vn -0.3538 0.4495 -0.8202
vn -0.5026 0.4060 -0.7632
vn -0.5431 0.4757 -0.6919
vn -0.6678 0.4170 -0.6165
vn -0.5158 0.4694 -0.7167
vn -0.2778 0.4486 -0.8494
vn -0.3140 0.4720 -0.8238
vn -0.3233 0.4943 -0.8069
vn -0.3476 0.5521 -0.7579
vn -0.6266 0.5106 -0.5889
vn -0.6609 0.5190 -0.5420
vn -0.6660 0.4403 -0.6021
vn -0.6586 0.4198 -0.6246
vn -0.4584 0.7663 -0.4501
vn -0.6562 0.5553 -0.5109
vn -0.6466 0.6052 -0.4644
vn -0.6126 0.6473 -0.4536
vn -0.6321 0.6584 -0.4085
vn -0.6161 0.7019 -0.3575
vn -0.5694 0.7483 -0.3403
vn -0.4517 0.8887 -0.0785
vn -0.4536 0.8601 -0.2334
vn -0.4522 0.8609 -0.2331
vn -0.4430 0.8108 -0.3825
vn -0.4416 0.8119 -0.3820
vn -0.4215 0.7419 -0.5215
vn -0.4209 0.7425 -0.5211
vn -0.4056 0.7002 -0.5876
vn -0.3897 0.6549 -0.6474
vn -0.3878 0.6550 -0.6485
vn -0.3482 0.5512 -0.7583
vn -0.4820 0.4844 -0.7301
vn -0.5666 0.4436 -0.6944
vn -0.5760 0.5616 -0.5940
vn -0.5714 0.6671 -0.4781
vn -0.5713 0.6671 -0.4781
vn -0.5527 0.7562 -0.3503
vn -0.5203 0.8268 -0.2137
vn -0.5202 0.8269 -0.2137
vn -0.4752 0.8769 -0.0719
vn -0.5943 0.7473 -0.2972
vn -0.5721 0.7834 -0.2428
vn -0.5112 0.8310 -0.2191
vn -0.5435 0.8200 -0.1793
vn -0.5158 0.8479 -0.1228
vn -0.4338 0.4080 -0.8033
vn -0.4428 0.4368 -0.7831
vn -0.4594 0.4961 -0.7368
vn -0.4845 0.6074 -0.6295
vn -0.4977 0.7040 -0.5067
vn -0.4987 0.7833 -0.3712
vn -0.4874 0.8433 -0.2265
vn -0.4641 0.8825 -0.0761
vn -0.6626 0.7449 -0.0784
vn -0.2059 0.3588 -0.9104
vn -0.2538 0.4575 -0.8523
vn -0.1534 0.1615 -0.9749
vn -0.0486 0.0626 -0.9969
vn -0.0570 0.0539 -0.9969
vn -0.0572 0.0539 -0.9969
vn -0.2591 0.4585 -0.8501
vn -0.2896 0.5123 -0.8085
vn -0.3189 0.5663 -0.7600
vn -0.3201 0.5664 -0.7595
vn -0.3743 0.6624 -0.6490
vn -0.3744 0.6623 -0.6490
vn -0.3980 0.7042 -0.5879
vn -0.4189 0.7430 -0.5220
vn -0.4198 0.7428 -0.5215
vn -0.4546 0.8045 -0.3823
vn -0.4784 0.8466 -0.2332
vn -0.2784 0.2632 -0.9237
vn -0.3800 0.3593 -0.8524
vn -0.3800 0.3593 -0.8523
vn -0.4722 0.4465 -0.7600
vn -0.5528 0.5227 -0.6490
vn -0.6197 0.5860 -0.5220
vn -0.6714 0.6349 -0.3823
vn -0.7066 0.6681 -0.2332
vn -0.7244 0.6849 -0.0784
vn -0.6246 0.7770 -0.0785
vn -0.6529 0.7540 -0.0722
vn -0.6366 0.7351 -0.2332
vn -0.6049 0.6985 -0.3823
vn -0.5584 0.6447 -0.5220
vn -0.5583 0.6448 -0.5220
vn -0.4981 0.5751 -0.6490
vn -0.4980 0.5751 -0.6490
vn -0.4255 0.4913 -0.7600
vn -0.4254 0.4913 -0.7600
vn -0.3423 0.3953 -0.8524
vn -0.3424 0.3953 -0.8523
vn -0.2508 0.2896 -0.9237
vn -0.1530 0.1767 -0.9723
vn -0.1698 0.1606 -0.9723
vn -0.1265 0.2119 -0.9691
vn -0.1876 0.2394 -0.9526
vn -0.2054 0.3248 -0.9232
vn -0.2431 0.3448 -0.9066
vn -0.3013 0.4274 -0.8524
vn -0.3745 0.5312 -0.7600
vn -0.3744 0.5312 -0.7600
vn -0.4383 0.6218 -0.6490
vn -0.4384 0.6218 -0.6490
vn -0.4914 0.6971 -0.5220
vn -0.4915 0.6971 -0.5220
vn -0.5324 0.7553 -0.3823
vn -0.5324 0.7552 -0.3823
vn -0.5603 0.7948 -0.2332
vn -0.5744 0.8148 -0.0784
vn -0.4905 0.8679 -0.0784
vn -0.4708 0.8800 -0.0636
vn -0.5134 0.8546 -0.0784
vn -0.0569 0.0542 -0.9969
vn -0.0537 0.9955 -0.0783
vn -0.1251 0.9890 -0.0785
vn -0.2483 0.9655 -0.0784
vn -0.5275 0.8459 -0.0784
vn -0.6294 0.7731 -0.0784
vn -0.0538 0.9955 -0.0783
vn -0.0532 0.9849 -0.1648
vn -0.0581 0.9707 -0.2332
vn -0.0523 0.9690 -0.2416
vn -0.0510 0.9443 -0.3252
vn -0.0600 0.9221 -0.3824
vn -0.0495 0.9159 -0.3983
vn -0.0474 0.8778 -0.4766
vn -0.0596 0.8507 -0.5222
vn -0.0452 0.8378 -0.5441
vn -0.0425 0.7873 -0.6151
vn -0.0569 0.7584 -0.6492
vn -0.0398 0.7367 -0.6751
vn -0.0365 0.6751 -0.7368
vn -0.0522 0.6475 -0.7603
vn -0.0333 0.6153 -0.7876
vn -0.0294 0.5444 -0.8383
vn -0.0451 0.5206 -0.8526
vn -0.7216 0.6879 -0.0783
vn -0.7215 0.6879 -0.0783
vn -0.7038 0.6710 -0.2331
vn -0.6688 0.6376 -0.3822
vn -0.6174 0.5886 -0.5219
vn -0.5507 0.5250 -0.6489
vn -0.4705 0.4485 -0.7599
vn -0.4704 0.4485 -0.7599
vn -0.3786 0.3609 -0.8523
vn -0.2773 0.2644 -0.9237
vn -0.1692 0.1613 -0.9723
vn -0.6703 0.7380 -0.0784
vn -0.6424 0.7605 -0.0947
vn -0.6275 0.7429 -0.2331
vn -0.6274 0.7429 -0.2331
vn -0.5962 0.7060 -0.3822
vn -0.5963 0.7060 -0.3822
vn -0.5504 0.6516 -0.5219
vn -0.5504 0.6516 -0.5220
vn -0.4909 0.5813 -0.6489
vn -0.4910 0.5813 -0.6489
vn -0.4194 0.4966 -0.7599
vn -0.3375 0.3996 -0.8523
vn -0.2472 0.2927 -0.9237
vn -0.5723 0.8163 -0.0784
vn -0.5567 0.8253 -0.0947
vn -0.5438 0.8062 -0.2331
vn -0.5168 0.7661 -0.3822
vn -0.4770 0.7071 -0.5220
vn -0.4770 0.7071 -0.5219
vn -0.4255 0.6308 -0.6489
vn -0.3635 0.5389 -0.7599
vn -0.2925 0.4336 -0.8523
vn -0.2143 0.3176 -0.9237
vn -0.4653 0.8817 -0.0783
vn -0.4653 0.8817 -0.0784
vn -0.4538 0.8601 -0.2331
vn -0.4539 0.8600 -0.2331
vn -0.4313 0.8173 -0.3822
vn -0.3981 0.7544 -0.5219
vn -0.3981 0.7544 -0.5220
vn -0.3551 0.6729 -0.6489
vn -0.3034 0.5749 -0.7599
vn -0.2441 0.4626 -0.8523
vn -0.1788 0.3389 -0.9237
vn -0.3676 0.9267 -0.0784
vn -0.3676 0.9267 -0.0783
vn -0.3586 0.9039 -0.2331
vn -0.3408 0.8590 -0.3822
vn -0.3407 0.8590 -0.3822
vn -0.3145 0.7929 -0.5220
vn -0.3146 0.7929 -0.5219
vn -0.2806 0.7073 -0.6489
vn -0.2397 0.6042 -0.7599
vn -0.1929 0.4862 -0.8523
vn -0.1413 0.3562 -0.9237
vn -0.3000 0.9507 -0.0784
vn -0.2653 0.9595 -0.0947
vn -0.2591 0.9373 -0.2331
vn -0.2592 0.9373 -0.2331
vn -0.2462 0.8907 -0.3822
vn -0.2463 0.8907 -0.3822
vn -0.2273 0.8221 -0.5219
vn -0.2273 0.8221 -0.5220
vn -0.2028 0.7334 -0.6489
vn -0.1732 0.6265 -0.7599
vn -0.1394 0.5041 -0.8523
vn -0.1021 0.3693 -0.9237
vn -0.1784 0.9808 -0.0784
vn -0.1604 0.9825 -0.0947
vn -0.1567 0.9597 -0.2331
vn -0.1489 0.9120 -0.3822
vn -0.1374 0.8418 -0.5220
vn -0.1375 0.8418 -0.5219
vn -0.1226 0.7509 -0.6489
vn -0.1047 0.6415 -0.7599
vn -0.0842 0.5162 -0.8523
vn -0.0843 0.5162 -0.8523
vn -0.0617 0.3782 -0.9237
vn -0.0258 0.4770 -0.8785
vn -0.0215 0.3987 -0.9168
vn -0.0353 0.3811 -0.9239
vn -0.0176 0.3255 -0.9454
vn -0.0131 0.2419 -0.9702
vn -0.1508 0.1786 -0.9723
vn -0.1307 0.1938 -0.9723
vn -0.1091 0.2068 -0.9723
vn -0.0862 0.2173 -0.9723
vn -0.0623 0.2253 -0.9723
vn -0.0377 0.2307 -0.9723
vn -0.0222 0.2324 -0.9724
vn -0.0089 0.1651 -0.9862
vn -0.0507 0.0600 -0.9969
vn -0.0439 0.0651 -0.9969
vn -0.0367 0.0695 -0.9969
vn -0.0290 0.0730 -0.9969
vn -0.0209 0.0757 -0.9969
vn -0.0127 0.0775 -0.9969
vn -0.0042 0.0785 -0.9969
vn 0.0005 0.0872 -0.9962
vn 0.0008 0.2588 -0.9659
vn 0.0011 0.4226 -0.9063
vn 0.0012 0.5736 -0.8192
vn 0.0013 0.7071 -0.7071
vn 0.0012 0.8191 -0.5736
vn 0.0011 0.9063 -0.4226
vn 0.0008 0.9659 -0.2588
vn 0.0005 0.9962 -0.0872
vn -0.0000 0.9969 0.0785
vn 0.0005 0.9962 0.0872
vn -0.0000 0.9863 0.1651
vn -0.0000 0.9703 0.2419
vn 0.0008 0.9659 0.2588
vn -0.0000 0.9455 0.3256
vn -0.0000 0.9171 0.3988
vn 0.0011 0.9063 0.4226
vn -0.0000 0.8788 0.4771
vn -0.0000 0.8387 0.5446
vn 0.0012 0.8191 0.5736
vn -0.0000 0.7880 0.6157
vn -0.0000 0.7373 0.6756
vn 0.0013 0.7071 0.7071
vn -0.0000 0.6756 0.7373
vn -0.0000 0.6157 0.7880
vn 0.0012 0.5736 0.8192
vn -0.0000 0.5446 0.8387
vn -0.0000 0.4772 0.8788
vn 0.0011 0.4226 0.9063
vn -0.0000 0.3988 0.9171
vn -0.0000 0.3256 0.9455
vn 0.0008 0.2588 0.9659
vn -0.0000 0.0785 0.9969
vn 0.0005 0.0872 0.9962
vn -0.0000 0.1651 0.9863
vn -0.0000 0.2419 0.9703
vn -0.6703 0.7380 0.0784
vn -0.5723 0.8163 0.0784
vn -0.3000 0.9507 0.0784
vn -0.1784 0.9808 0.0784
vn -0.0537 0.9955 0.0783
vn -0.0538 0.9955 0.0783
vn -0.0532 0.9849 0.1648
vn -0.0581 0.9707 0.2332
vn -0.0600 0.9221 0.3824
vn -0.0510 0.9443 0.3252
vn -0.0523 0.9690 0.2416
vn -0.0596 0.8507 0.5222
vn -0.0474 0.8778 0.4766
vn -0.0495 0.9159 0.3983
vn -0.0569 0.7584 0.6492
vn -0.0425 0.7873 0.6151
vn -0.0452 0.8378 0.5441
vn -0.0522 0.6475 0.7603
vn -0.0365 0.6751 0.7368
vn -0.0398 0.7367 0.6751
vn -0.0451 0.5206 0.8526
vn -0.0294 0.5444 0.8383
vn -0.0333 0.6153 0.7876
vn -0.0353 0.3811 0.9239
vn -0.0215 0.3987 0.9168
vn -0.0258 0.4770 0.8785
vn -0.0222 0.2324 0.9724
vn -0.0131 0.2419 0.9702
vn -0.0176 0.3255 0.9454
vn -0.0042 0.0785 0.9969
vn -0.0089 0.1651 0.9862
vn -0.1251 0.9890 0.0785
vn -0.1604 0.9825 0.0947
vn -0.1567 0.9597 0.2331
vn -0.1489 0.9120 0.3822
vn -0.1375 0.8418 0.5219
vn -0.1374 0.8418 0.5220
vn -0.1226 0.7509 0.6489
vn -0.1047 0.6415 0.7599
vn -0.0843 0.5162 0.8523
vn -0.0617 0.3782 0.9237
vn -0.0377 0.2307 0.9723
vn -0.0127 0.0775 0.9969
vn -0.2483 0.9655 0.0784
vn -0.2653 0.9595 0.0947
vn -0.2592 0.9373 0.2331
vn -0.2591 0.9373 0.2331
vn -0.2462 0.8907 0.3822
vn -0.2463 0.8907 0.3822
vn -0.2273 0.8221 0.5220
vn -0.2273 0.8221 0.5219
vn -0.2028 0.7334 0.6489
vn -0.1732 0.6265 0.7599
vn -0.1394 0.5041 0.8523
vn -0.1021 0.3693 0.9237
vn -0.0623 0.2253 0.9723
vn -0.0209 0.0757 0.9969
vn -0.3676 0.9267 0.0783
vn -0.3676 0.9267 0.0784
vn -0.3586 0.9039 0.2331
vn -0.3407 0.8590 0.3822
vn -0.3145 0.7929 0.5219
vn -0.3145 0.7929 0.5220
vn -0.2806 0.7073 0.6489
vn -0.2397 0.6042 0.7599
vn -0.1929 0.4862 0.8523
vn -0.1413 0.3562 0.9237
vn -0.0862 0.2173 0.9723
vn -0.0290 0.0730 0.9969
vn -0.4653 0.8817 0.0784
vn -0.4653 0.8817 0.0783
vn -0.4538 0.8601 0.2331
vn -0.4538 0.8600 0.2331
vn -0.4313 0.8173 0.3822
vn -0.3981 0.7544 0.5220
vn -0.3981 0.7544 0.5219
vn -0.3551 0.6729 0.6489
vn -0.3033 0.5749 0.7599
vn -0.3034 0.5749 0.7599
vn -0.2441 0.4626 0.8523
vn -0.1788 0.3389 0.9237
vn -0.1091 0.2067 0.9723
vn -0.1091 0.2068 0.9723
vn -0.0367 0.0695 0.9969
vn -0.5275 0.8459 0.0784
vn -0.5567 0.8253 0.0947
vn -0.5439 0.8061 0.2331
vn -0.5438 0.8062 0.2331
vn -0.5168 0.7661 0.3822
vn -0.4770 0.7071 0.5219
vn -0.4255 0.6308 0.6489
vn -0.3635 0.5389 0.7599
vn -0.2925 0.4336 0.8523
vn -0.2143 0.3176 0.9237
vn -0.1307 0.1938 0.9723
vn -0.0439 0.0651 0.9969
vn -0.6294 0.7731 0.0784
vn -0.6424 0.7605 0.0947
vn -0.6275 0.7429 0.2331
vn -0.5963 0.7060 0.3822
vn -0.5962 0.7060 0.3822
vn -0.5504 0.6516 0.5219
vn -0.4910 0.5813 0.6489
vn -0.4909 0.5813 0.6489
vn -0.4194 0.4966 0.7599
vn -0.3375 0.3996 0.8523
vn -0.2472 0.2927 0.9237
vn -0.1508 0.1786 0.9723
vn -0.1509 0.1786 0.9723
vn -0.0507 0.0600 0.9969
vn -0.7215 0.6879 0.0783
vn -0.7216 0.6879 0.0783
vn -0.7038 0.6710 0.2331
vn -0.6688 0.6376 0.3822
vn -0.6688 0.6377 0.3822
vn -0.6174 0.5886 0.5219
vn -0.5507 0.5250 0.6489
vn -0.4704 0.4485 0.7599
vn -0.4705 0.4485 0.7599
vn -0.3786 0.3609 0.8523
vn -0.2773 0.2644 0.9237
vn -0.1692 0.1613 0.9723
vn -0.0569 0.0542 0.9969
vn -0.1311 -0.0000 0.9914
vn -0.0442 -0.0000 0.9990
vn -0.0785 0.0029 0.9969
vn -0.1650 -0.0028 0.9863
vn -0.3107 -0.0000 0.9505
vn -0.2267 -0.0000 0.9740
vn -0.2419 0.0014 0.9703
vn -0.3256 -0.0009 0.9455
vn -0.3830 -0.0000 0.9238
vn -0.3987 0.0011 0.9171
vn -0.4772 -0.0011 0.8788
vn -0.9240 0.0011 0.3824
vn -0.8872 -0.0005 0.4614
vn -0.8788 -0.0000 0.4772
vn -0.8665 -0.0000 0.4991
vn -0.8387 -0.0000 0.5446
vn -0.8432 0.0005 0.5376
vn -0.7880 -0.0004 0.6157
vn -0.7930 -0.0000 0.6093
vn -0.7373 -0.0000 0.6756
vn -0.7370 -0.0000 0.6758
vn -0.6756 -0.0000 0.7373
vn -0.6754 -0.0000 0.7375
vn -0.6157 -0.0000 0.7880
vn -0.6186 0.0002 0.7857
vn -0.5446 -0.0003 0.8387
vn -0.5476 -0.0000 0.8367
vn -0.4620 -0.0000 0.8869
vn -0.9171 -0.0000 0.3987
vn -0.9455 -0.0000 0.3256
vn -0.9533 -0.0004 0.3019
vn -0.9703 0.0011 0.2419
vn -0.9761 -0.0000 0.2174
vn -0.9863 -0.0000 0.1650
vn -0.9913 -0.0003 0.1313
vn -0.9969 0.0015 0.0785
vn -0.9990 -0.0000 0.0443
vn -0.2412 0.9673 0.0783
vn -0.3976 0.9142 0.0783
vn -0.5430 0.8361 0.0784
vn -0.6735 0.7350 0.0784
vn -0.7856 0.6137 0.0784
vn -0.8761 0.4757 0.0784
vn -0.9426 0.3246 0.0785
vn -0.9832 0.1645 0.0784
vn -0.0785 0.0062 0.9969
vn -0.0062 0.0785 0.9969
vn -0.0130 0.1651 0.9862
vn -0.0626 0.2264 0.9720
vn -0.3825 0.0301 0.9235
vn -0.3972 0.0877 0.9135
vn -0.3255 0.0256 0.9452
vn -0.2334 0.0184 0.9722
vn -0.2413 0.0748 0.9676
vn -0.1650 0.0130 0.9862
vn -0.0190 0.2419 0.9701
vn -0.0256 0.3254 0.9452
vn -0.0695 0.3764 0.9238
vn -0.6446 0.0810 0.7603
vn -0.6150 0.0484 0.7871
vn -0.5221 0.0411 0.8519
vn -0.5419 0.1002 0.8344
vn -0.4768 0.0375 0.8782
vn -0.0314 0.3986 0.9166
vn -0.0375 0.4768 0.8782
vn -0.0757 0.5170 0.8526
vn -0.0428 0.5441 0.8379
vn -0.0510 0.6486 0.7594
vn -0.1096 0.6120 0.7833
vn -0.7560 0.0849 0.6491
vn -0.7360 0.0579 0.6744
vn -0.6747 0.0531 0.7362
vn -0.0531 0.6746 0.7362
vn -0.0580 0.7360 0.6745
vn -0.0849 0.7560 0.6491
vn -0.8485 0.0870 0.5219
vn -0.8369 0.0659 0.5435
vn -0.7865 0.0619 0.6145
vn -0.0619 0.7865 0.6145
vn -0.0658 0.8368 0.5435
vn -0.0870 0.8485 0.5219
vn -0.9201 0.0869 0.3820
vn -0.9147 0.0720 0.3977
vn -0.8767 0.0690 0.4760
vn -0.0690 0.8767 0.4760
vn -0.0720 0.9147 0.3977
vn -0.0869 0.9201 0.3820
vn -0.9689 0.0841 0.2329
vn -0.9675 0.0761 0.2412
vn -0.9429 0.0742 0.3247
vn -0.9939 0.0782 0.0782
vn -0.9833 0.0774 0.1646
vn -0.9673 0.2412 0.0783
vn -0.9688 0.2326 0.0859
vn -0.9457 0.2270 0.2328
vn -0.8987 0.2158 0.3817
vn -0.8988 0.2158 0.3817
vn -0.8298 0.1992 0.5213
vn -0.7404 0.1777 0.6483
vn -0.7403 0.1777 0.6483
vn -0.6326 0.1519 0.7594
vn -0.5092 0.1222 0.8519
vn -0.3731 0.0896 0.9235
vn -0.3732 0.0896 0.9234
vn -0.2277 0.0547 0.9722
vn -0.2276 0.0547 0.9722
vn -0.0765 0.0184 0.9969
vn -0.9142 0.3975 0.0783
vn -0.9200 0.3811 0.0917
vn -0.8985 0.3722 0.2328
vn -0.8539 0.3537 0.3817
vn -0.7884 0.3266 0.5213
vn -0.7034 0.2914 0.6483
vn -0.6011 0.2490 0.7594
vn -0.4838 0.2004 0.8519
vn -0.3545 0.1468 0.9235
vn -0.3544 0.1468 0.9235
vn -0.2163 0.0896 0.9722
vn -0.2164 0.0896 0.9722
vn -0.0727 0.0301 0.9969
vn -0.8361 0.5430 0.0784
vn -0.8487 0.5201 0.0955
vn -0.8292 0.5081 0.2328
vn -0.8292 0.5082 0.2328
vn -0.7881 0.4829 0.3817
vn -0.7276 0.4459 0.5213
vn -0.6492 0.3978 0.6483
vn -0.5547 0.3399 0.7594
vn -0.5548 0.3399 0.7594
vn -0.4465 0.2736 0.8519
vn -0.3272 0.2005 0.9234
vn -0.3271 0.2005 0.9235
vn -0.1996 0.1223 0.9722
vn -0.0671 0.0411 0.9969
vn -0.7350 0.6735 0.0784
vn -0.7568 0.6464 0.0975
vn -0.7395 0.6316 0.2328
vn -0.7029 0.6003 0.3817
vn -0.7028 0.6003 0.3817
vn -0.6489 0.5542 0.5213
vn -0.5790 0.4945 0.6483
vn -0.4947 0.4225 0.7594
vn -0.3982 0.3401 0.8519
vn -0.3983 0.3401 0.8519
vn -0.2918 0.2492 0.9235
vn -0.2917 0.2492 0.9235
vn -0.1780 0.1521 0.9722
vn -0.1781 0.1521 0.9722
vn -0.0598 0.0511 0.9969
vn -0.6138 0.7855 0.0784
vn -0.6464 0.7568 0.0975
vn -0.6316 0.7395 0.2328
vn -0.6003 0.7029 0.3817
vn -0.6003 0.7028 0.3817
vn -0.5542 0.6489 0.5213
vn -0.4945 0.5790 0.6483
vn -0.4226 0.4947 0.7594
vn -0.4225 0.4947 0.7594
vn -0.3401 0.3982 0.8519
vn -0.2492 0.2918 0.9235
vn -0.1521 0.1780 0.9722
vn -0.0511 0.0599 0.9969
vn -0.4755 0.8762 0.0784
vn -0.5201 0.8487 0.0955
vn -0.5081 0.8292 0.2328
vn -0.5082 0.8292 0.2328
vn -0.4830 0.7881 0.3817
vn -0.4829 0.7881 0.3817
vn -0.4459 0.7276 0.5213
vn -0.4458 0.7276 0.5213
vn -0.3978 0.6492 0.6483
vn -0.3399 0.5547 0.7594
vn -0.3400 0.5547 0.7594
vn -0.2736 0.4465 0.8519
vn -0.2005 0.3272 0.9235
vn -0.2005 0.3271 0.9235
vn -0.1223 0.1996 0.9722
vn -0.1224 0.1996 0.9722
vn -0.0411 0.0671 0.9969
vn -0.3245 0.9426 0.0785
vn -0.3810 0.9200 0.0917
vn -0.3722 0.8985 0.2328
vn -0.3721 0.8985 0.2328
vn -0.3537 0.8539 0.3817
vn -0.3266 0.7884 0.5213
vn -0.2914 0.7034 0.6483
vn -0.2913 0.7034 0.6483
vn -0.2489 0.6011 0.7594
vn -0.2490 0.6011 0.7594
vn -0.2004 0.4838 0.8519
vn -0.1468 0.3545 0.9235
vn -0.1469 0.3545 0.9235
vn -0.0896 0.2163 0.9722
vn -0.0301 0.0727 0.9969
vn -0.1645 0.9833 0.0784
vn -0.2326 0.9688 0.0859
vn -0.2270 0.9457 0.2328
vn -0.2158 0.8988 0.3817
vn -0.1992 0.8298 0.5213
vn -0.1778 0.7404 0.6483
vn -0.1519 0.6326 0.7594
vn -0.1223 0.5092 0.8519
vn -0.1222 0.5092 0.8519
vn -0.0896 0.3731 0.9235
vn -0.0547 0.2277 0.9722
vn -0.0184 0.0765 0.9969
vn -0.0742 0.9429 0.3247
vn -0.0761 0.9675 0.2412
vn -0.0841 0.9689 0.2329
vn -0.0774 0.9833 0.1646
vn -0.0782 0.9939 0.0782
vn -0.0000 -1.0000 -0.0000
vn -0.1064 -0.9943 -0.0000
vn -0.1382 -0.9903 -0.0123
vn -0.0326 -0.9994 -0.0140
vn -0.0343 -0.9993 -0.0126
vn -0.0675 -0.9977 -0.0000
vn 0.0691 -0.9965 -0.0465
vn 0.0680 -0.9971 -0.0350
vn 0.0672 -0.9973 -0.0298
vn 0.0658 -0.9975 -0.0247
vn 0.0628 -0.9978 -0.0197
vn 0.0572 -0.9983 -0.0115
vn 0.0453 -0.9990 -0.0059
vn 0.0486 -0.9988 -0.0066
vn 0.0369 -0.9993 -0.0003
vn 0.0215 -0.9998 -0.0000
vn 0.0035 -1.0000 -0.0000
vn -0.1487 -0.9889 -0.0060
vn -0.1799 -0.9837 -0.0000
vn -0.2421 -0.9702 -0.0000
vn -0.2422 -0.9702 -0.0000
vn -0.3434 -0.9392 -0.0000
vn -0.4408 -0.8976 -0.0000
vn -0.5333 -0.8459 -0.0000
vn -0.6198 -0.7848 -0.0000
vn -0.6993 -0.7148 -0.0000
vn -0.7710 -0.6369 -0.0000
vn -0.8340 -0.5518 -0.0000
vn -0.8340 -0.5517 -0.0000
vn -0.8877 -0.4604 -0.0000
vn -0.9314 -0.3640 -0.0000
vn 0.0671 -0.9973 0.0298
vn 0.0679 -0.9971 0.0345
vn 0.0691 -0.9966 0.0458
vn 0.0369 -0.9993 0.0003
vn 0.0486 -0.9988 0.0066
vn 0.0453 -0.9990 0.0059
vn 0.0572 -0.9983 0.0115
vn 0.0628 -0.9978 0.0197
vn 0.0658 -0.9975 0.0247
vn -0.0343 -0.9993 0.0126
vn -0.0326 -0.9994 0.0140
vn -0.1382 -0.9903 0.0123
vn -0.1487 -0.9889 0.0060
vn -0.9989 0.0467 0.0011
vn -0.9767 0.2147 0.0001
vn -0.9812 0.1932 0.0011
vn -0.9856 0.1689 0.0033
vn -0.9898 0.1421 0.0071
vn -0.9856 0.1693 0.0017
vn -0.9931 0.1172 -0.0000
vn -0.9947 0.1027 -0.0000
vn -0.9627 0.2704 -0.0049
vn -0.9645 0.2641 -0.0058
vn -0.9556 0.2948 0.0015
vn -0.9520 0.3062 -0.0000
vn -0.9610 0.2764 -0.0040
vn -0.9590 0.2833 -0.0030
vn -0.9555 0.2950 -0.0015
vn -0.9590 0.2835 0.0030
vn -0.9610 0.2765 0.0040
vn -0.9627 0.2705 0.0049
vn -0.9644 0.2643 0.0058
vn -0.9663 0.2574 0.0070
vn -0.9572 0.2894 0.0011
vn -0.9718 0.2359 -0.0000
vn -0.9737 0.2277 -0.0000
vn -0.9812 0.1932 -0.0011
vn -0.9856 0.1689 -0.0033
vn -0.9767 0.2147 -0.0001
vn -0.9572 0.2894 -0.0000
vn -0.9687 0.2482 -0.0087
vn -0.9662 0.2575 -0.0070
vn -0.9991 0.0412 -0.0013
vn -0.9856 0.1693 -0.0000
vn -0.9929 0.1186 -0.0117
vn -0.9898 0.1421 -0.0071
vn -0.9989 0.0467 -0.0000
vn -0.9971 -0.0766 -0.0000
vn -0.9801 -0.1987 -0.0000
vn -0.9481 -0.3178 -0.0000
vn -0.9482 -0.3178 -0.0000
vn -0.9018 -0.4321 -0.0000
vn -0.8418 -0.5398 -0.0000
vn -0.7689 -0.6393 -0.0000
vn -0.6844 -0.7291 -0.0000
vn -0.5894 -0.8078 -0.0000
vn -0.4855 -0.8742 -0.0000
vn -0.3742 -0.9273 -0.0000
vn -0.2572 -0.9663 -0.0000
vn -0.1363 -0.9907 -0.0000
vn -0.0134 -0.9999 -0.0000
vn 0.1098 -0.9940 -0.0000
vn 0.2313 -0.9729 -0.0000
vn 0.3493 -0.9370 -0.0000
vn 0.4620 -0.8869 -0.0000
vn 0.5676 -0.8233 -0.0000
vn 0.6646 -0.7472 -0.0000
vn 0.6647 -0.7472 -0.0000
vn 0.7516 -0.6597 -0.0000
vn 0.8270 -0.5621 -0.0000
vn 0.8899 -0.4561 -0.0000
vn 0.9393 -0.3431 -0.0000
vn 0.9744 -0.2248 -0.0000
vn 0.9947 -0.1032 -0.0000
vn -0.4484 0.5633 -0.6940
vn -0.6248 0.7646 -0.1584
vn -0.7180 0.6956 -0.0257
vn -0.7036 0.7068 -0.0730
vn -0.7041 0.7066 -0.0702
vn -0.6696 0.7427 -0.0000
vn -0.6463 0.7631 -0.0000
vn -0.8054 0.5928 -0.0041
vn -0.7935 0.6085 -0.0136
vn -0.7817 0.6229 -0.0307
vn -0.7876 0.6160 -0.0164
vn -0.7551 0.6556 -0.0000
vn -0.7353 0.6777 -0.0000
vn -0.8564 0.5163 0.0097
vn -0.8616 0.5076 0.0061
vn -0.8659 0.5003 0.0038
vn -0.8704 0.4924 0.0017
vn -0.8704 0.4923 -0.0017
vn -0.8658 0.5003 -0.0038
vn -0.8615 0.5076 -0.0061
vn -0.8564 0.5163 -0.0097
vn -0.8503 0.5261 -0.0152
vn -0.8575 0.5144 -0.0063
vn -0.8294 0.5586 -0.0000
vn -0.8173 0.5761 -0.0000
vn -0.8053 0.5928 0.0041
vn -0.7935 0.6084 0.0136
vn -0.8244 0.5661 -0.0000
vn -0.8575 0.5144 -0.0000
vn -0.8433 0.5369 0.0236
vn -0.8503 0.5261 0.0152
vn -0.7180 0.6956 0.0257
vn -0.7877 0.6161 -0.0000
vn -0.7718 0.6336 0.0535
vn -0.7817 0.6229 0.0306
vn -0.7059 0.7084 -0.0000
vn -0.6885 0.7098 0.1486
vn -0.7036 0.7068 0.0732
vn -0.4483 0.5631 0.6942
vn -0.6248 0.7646 0.1583
vn -0.9992 0.0412 -0.0000
vn -0.9143 0.4050 -0.0000
vn -0.8747 0.4847 -0.0000
vn -0.9554 -0.2953 -0.0000
vn 0.9979 -0.0641 0.0024
vn 0.9987 -0.0508 -0.0000
vn 0.9979 0.0641 -0.0000
vn 0.9816 0.1912 -0.0000
vn 0.9491 0.3151 -0.0000
vn 0.9010 0.4339 -0.0000
vn 0.8381 0.5455 -0.0000
vn 0.7615 0.6482 -0.0000
vn 0.7614 0.6482 -0.0000
vn 0.6723 0.7403 -0.0000
vn 0.5721 0.8202 -0.0000
vn 0.4625 0.8866 -0.0000
vn 0.3454 0.9385 -0.0000
vn 0.2225 0.9749 -0.0000
vn 0.0960 0.9954 -0.0000
vn -0.0320 0.9995 -0.0000
vn -0.0321 0.9995 -0.0000
vn -0.1596 0.9872 -0.0000
vn -0.2845 0.9587 -0.0000
vn -0.4048 0.9144 -0.0000
vn -0.5184 0.8551 -0.0000
vn -0.6235 0.7818 -0.0000
vn -0.7183 0.6957 -0.0000
vn -0.7184 0.6957 -0.0000
vn -0.8014 0.5981 -0.0000
vn -0.8713 0.4907 -0.0000
vn -0.9269 0.3753 -0.0000
vn -0.9673 0.2537 -0.0000
vn -0.9918 0.1279 -0.0000
vn -0.9918 -0.1279 -0.0000
vn -0.9673 -0.2537 -0.0000
vn 0.9699 -0.2434 -0.0000
vn 0.9745 -0.2245 0.0006
vn 0.9793 -0.2023 0.0022
vn 0.9842 -0.1770 0.0051
vn 0.9888 -0.1489 0.0098
vn 0.9816 -0.1912 0.0004
vn 0.9915 -0.1297 -0.0000
vn 0.9934 -0.1147 -0.0000
vn 0.9537 -0.3007 -0.0038
vn 0.9563 -0.2924 -0.0051
vn 0.9455 -0.3257 -0.0000
vn 0.9496 -0.3135 0.0018
vn 0.9537 -0.3006 0.0038
vn 0.9562 -0.2926 0.0051
vn 0.9583 -0.2856 0.0063
vn 0.9491 -0.3151 0.0010
vn 0.9658 -0.2592 -0.0000
vn 0.9675 -0.2527 -0.0000
vn 0.9816 -0.1912 -0.0000
vn 0.9912 -0.1319 -0.0135
vn 0.9888 -0.1489 -0.0098
vn 0.9842 -0.1770 -0.0051
vn 0.9793 -0.2023 -0.0022
vn 0.9745 -0.2245 -0.0006
vn 0.9491 -0.3151 -0.0000
vn 0.9612 -0.2757 -0.0081
vn 0.9583 -0.2857 -0.0063
vn -0.9673 -0.2537 -0.0032
vn -0.9724 -0.2335 -0.0000
vn 0.9979 -0.0641 -0.0000
vn 0.9987 -0.0508 -0.0030
vn 0.9496 -0.3135 -0.0018
vn 0.9454 -0.3258 -0.0000
vn 0.9010 -0.4339 -0.0000
vn 0.8381 -0.5455 -0.0000
vn 0.7615 -0.6482 -0.0000
vn 0.7614 -0.6482 -0.0000
vn 0.6723 -0.7403 -0.0000
vn 0.5721 -0.8202 -0.0000
vn 0.4625 -0.8866 -0.0000
vn 0.3454 -0.9385 -0.0000
vn 0.2225 -0.9749 -0.0000
vn 0.0960 -0.9954 -0.0000
vn -0.0321 -0.9995 -0.0000
vn -0.1596 -0.9872 -0.0000
vn -0.2845 -0.9587 -0.0000
vn -0.4048 -0.9144 -0.0000
vn -0.5184 -0.8551 -0.0000
vn -0.6235 -0.7818 -0.0000
vn -0.7184 -0.6957 -0.0000
vn -0.7183 -0.6957 -0.0000
vn -0.8014 -0.5981 -0.0000
vn -0.8713 -0.4907 -0.0000
vn -0.9269 -0.3753 -0.0000
vn -0.9724 -0.2335 0.0047
vn -0.9219 -0.3874 -0.0000
vn -0.9220 -0.3873 -0.0000
vn -0.8504 -0.5262 -0.0000
vn -0.8503 -0.5263 -0.0000
vn -0.7581 -0.6522 -0.0000
vn -0.7580 -0.6523 -0.0000
vn -0.6471 -0.7624 -0.0000
vn -0.6472 -0.7623 -0.0000
vn -0.5204 -0.8539 -0.0000
vn -0.3811 -0.9245 -0.0000
vn -0.2324 -0.9726 -0.0000
vn -0.2325 -0.9726 -0.0000
vn -0.0781 -0.9969 -0.0000
vn -0.0000 -0.0331 0.9995
vn -0.0113 -0.0749 0.9971
vn 0.0038 -0.1205 0.9927
vn -0.0000 -0.1628 0.9867
vn -0.0000 -0.2588 0.9659
vn -0.0000 -0.4226 0.9063
vn -0.0000 -0.5736 0.8192
vn -0.0000 -0.7071 0.7071
vn -0.0000 -0.9990 0.0438
vn -0.0001 -0.9990 0.0436
vn -0.0000 -0.9914 0.1307
vn -0.0000 -0.9914 0.1306
vn -0.0000 -0.9763 0.2163
vn 0.0001 -0.9763 0.2166
vn -0.0001 -0.9537 0.3006
vn -0.0000 -0.9536 0.3009
vn -0.0000 -0.9102 0.4142
vn -0.0208 -0.9229 0.3844
vn 0.0114 -0.8713 0.4906
vn -0.0000 -0.8870 0.4617
vn -0.0000 -0.8192 0.5736
vn -0.0174 -0.8321 0.5543
vn -0.0000 -0.7823 0.6230
vn -0.0000 -0.9990 -0.0438
vn -0.0000 -0.9990 -0.0437
vn -0.0000 -0.9914 -0.1307
vn -0.0000 -0.9914 -0.1306
vn -0.0000 -0.9763 -0.2163
vn -0.0001 -0.9763 -0.2166
vn 0.0001 -0.9538 -0.3006
vn -0.0000 -0.9536 -0.3010
vn -0.0000 -0.9238 -0.3828
vn -0.0116 -0.9096 -0.4153
vn 0.0025 -0.8871 -0.4616
vn -0.0000 -0.8706 -0.4919
vn -0.0000 -0.8335 -0.5524
vn -0.0123 -0.8181 -0.5750
vn -0.0000 -0.7823 -0.6230
vn -0.0000 -0.7071 -0.7071
vn -0.0000 -0.5736 -0.8192
vn -0.0000 -0.4226 -0.9063
vn -0.0000 -0.2588 -0.9659
vn -0.0000 -0.1628 -0.9867
vn 0.0038 -0.1205 -0.9927
vn -0.0113 -0.0749 -0.9971
vn -0.0000 -0.0331 -0.9995
vn 0.9962 -0.0872 -0.0000
vn 0.9659 -0.2588 -0.0000
vn 0.9063 -0.4226 -0.0000
vn 0.8191 -0.5736 -0.0000
vn 0.8192 -0.5736 -0.0000
vn 0.7071 -0.7071 -0.0000
vn 0.5736 -0.8191 -0.0000
vn 0.5735 -0.8192 -0.0000
vn 0.4226 -0.9063 -0.0000
vn 0.4227 -0.9063 -0.0000
vn 0.2588 -0.9659 -0.0000
vn 0.3068 -0.9518 -0.0000
vn 0.2588 -0.9659 0.0015
vn 0.2226 -0.9749 -0.0000
vn 0.0872 -0.9962 -0.0000
vn 0.2227 -0.9749 -0.0000
vn 0.3068 -0.9518 -0.0036
vn -0.0000 0.7071 -0.7071
vn -0.0000 0.7071 0.7071
vn -0.0000 -0.0424 -0.9991
vn -0.0000 -0.1690 -0.9856
vn -0.0000 -0.3331 -0.9429
vn -0.0000 -0.4877 -0.8730
vn -0.0000 -0.6282 -0.7780
vn -0.0000 -0.7507 -0.6607
vn -0.0000 -0.8515 -0.5243
vn -0.0000 -0.9279 -0.3729
vn -0.0000 -0.9776 -0.2107
vn -0.0000 -0.9991 -0.0424
vn -0.0000 -0.9919 0.1270
vn -0.0000 -0.9562 0.2928
vn -0.0000 -0.8929 0.4502
vn -0.0000 -0.8040 0.5946
vn -0.0000 -0.6919 0.7220
vn -0.0000 -0.5600 0.8285
vn -0.0000 -0.4119 0.9112
vn -0.0000 -0.2520 0.9677
vn -0.0000 -0.0848 0.9964
vn -0.0000 0.0848 0.9964
vn -0.0000 0.2520 0.9677
vn -0.0000 0.4119 0.9112
vn -0.0000 0.5600 0.8285
vn -0.0000 0.6919 0.7220
vn -0.0000 0.8040 0.5946
vn -0.0000 0.8929 0.4502
vn -0.0000 0.9562 0.2928
vn -0.0000 0.9919 0.1270
vn -0.0000 0.9991 -0.0424
vn -0.0000 0.9776 -0.2107
vn -0.0000 0.9279 -0.3729
vn -0.0000 0.8515 -0.5243
vn -0.0000 0.7507 -0.6607
vn -0.0000 0.6282 -0.7780
vn -0.0000 0.4877 -0.8730
vn -0.0000 0.3331 -0.9429
vn -0.0000 0.1690 -0.9856
vn -0.0000 0.0424 -0.9991
vn -0.0051 -0.0000 -1.0000
vn -0.0000 0.0747 0.9972
vn -0.0000 0.2225 0.9749
vn -0.0000 0.3653 0.9309
vn -0.0000 0.5000 0.8660
vn -0.0000 0.6235 0.7818
vn -0.0000 0.7331 0.6802
vn -0.0000 0.8262 0.5633
vn -0.0000 0.9010 0.4339
vn -0.0000 0.9556 0.2948
vn -0.0000 0.9888 0.1490
vn -0.0000 0.9888 -0.1490
vn -0.0000 0.9556 -0.2948
vn -0.0000 0.9010 -0.4339
vn -0.0000 0.8262 -0.5633
vn -0.0000 0.7331 -0.6802
vn -0.0000 0.6235 -0.7818
vn -0.0000 0.5000 -0.8660
vn -0.0000 0.3653 -0.9309
vn -0.0000 0.2225 -0.9749
vn -0.0000 0.0747 -0.9972
vn -0.0000 -0.0747 -0.9972
vn -0.0000 -0.2225 -0.9749
vn -0.0000 -0.3653 -0.9309
vn -0.0000 -0.5000 -0.8660
vn -0.0000 -0.6235 -0.7818
vn -0.0000 -0.7331 -0.6802
vn -0.0000 -0.8262 -0.5633
vn -0.0000 -0.9010 -0.4339
vn -0.0000 -0.9556 -0.2948
vn -0.0000 -0.9888 -0.1490
vn -0.0000 -0.9888 0.1490
vn -0.0000 -0.9556 0.2948
vn -0.0000 -0.9010 0.4339
vn -0.0000 -0.8262 0.5633
vn -0.0000 -0.7331 0.6802
vn -0.0000 -0.6235 0.7818
vn -0.0000 -0.5000 0.8660
vn -0.0000 -0.3653 0.9309
vn -0.0000 -0.2225 0.9749
vn -0.0000 -0.0747 0.9972
s 0
f 1//1 2//1 3//1
f 4//1 5//1 3//1
f 3//1 5//1 6//1
f 3//1 6//1 1//1
f 7//2 8//2 9//2
f 10//3 11//3 12//3
f 12//4 11//4 7//4
f 12//5 7//5 13//5
f 13//6 7//6 9//6
f 14//7 15//7 8//7
f 8//8 15//8 16//8
f 8//9 16//9 9//9
f 3//10 2//10 17//10
f 17//11 2//11 18//11
f 17//12 18//12 19//12
f 19//13 20//13 17//13
f 17//14 20//14 21//14
f 17//15 21//15 8//15
f 8//16 21//16 22//16
f 8//17 22//17 14//17
f 23//18 24//18 25//18
f 25//19 24//19 26//19
f 11//20 27//20 7//20
f 7//21 27//21 28//21
f 7//22 28//22 26//22
f 26//23 28//23 29//23
f 26//24 29//24 25//24
f 30//25 31//25 32//25
f 32//25 31//25 33//25
f 34//26 35//26 36//26
f 35//26 34//26 37//26
f 37//26 34//26 38//26
f 37//26 38//26 39//26
f 39//26 38//26 40//26
f 39//26 40//26 41//26
f 41//26 42//26 39//26
f 39//26 42//26 43//26
f 39//26 43//26 44//26
f 36//26 45//26 34//26
f 34//26 45//26 46//26
f 34//26 46//26 47//26
f 47//26 48//26 34//26
f 34//26 48//26 49//26
f 34//26 49//26 50//26
f 50//26 49//26 51//26
f 50//26 51//26 52//26
f 53//26 54//26 55//26
f 44//26 56//26 39//26
f 39//26 56//26 57//26
f 39//26 57//26 58//26
f 58//26 57//26 59//26
f 58//26 59//26 55//26
f 55//26 59//26 60//26
f 55//26 60//26 53//26
f 54//26 61//26 55//26
f 55//26 61//26 62//26
f 55//26 62//26 63//26
f 63//26 62//26 64//26
f 11//27 10//27 65//27
f 66//28 67//28 68//28
f 68//29 67//29 69//29
f 68//30 69//30 70//30
f 52//31 51//31 71//31
f 72//32 73//32 74//32
f 74//33 73//33 75//33
f 76//34 77//34 78//34
f 78//35 77//35 79//35
f 78//36 79//36 73//36
f 73//37 79//37 80//37
f 73//38 80//38 75//38
f 70//39 81//39 68//39
f 68//40 81//40 82//40
f 68//41 82//41 66//41
f 66//41 82//41 83//41
f 66//42 83//42 84//42
f 84//43 83//43 85//43
f 84//44 85//44 86//44
f 86//44 85//44 87//44
f 86//45 87//45 88//45
f 88//46 87//46 89//46
f 88//47 89//47 90//47
f 90//48 89//48 91//48
f 90//49 91//49 92//49
f 92//49 91//49 93//49
f 92//50 93//50 94//50
f 94//51 93//51 95//51
f 27//52 11//52 96//52
f 96//53 11//53 65//53
f 96//54 65//54 97//54
f 97//55 65//55 98//55
f 97//56 98//56 99//56
f 99//57 98//57 100//57
f 99//58 100//58 76//58
f 76//59 100//59 101//59
f 76//60 101//60 77//60
f 74//61 67//61 72//61
f 72//62 67//62 66//62
f 72//63 66//63 73//63
f 73//63 66//63 84//63
f 73//64 84//64 78//64
f 78//64 84//64 86//64
f 78//65 86//65 76//65
f 76//66 86//66 88//66
f 76//67 88//67 99//67
f 99//68 88//68 90//68
f 99//69 90//69 97//69
f 97//70 90//70 92//70
f 97//71 92//71 96//71
f 96//71 92//71 94//71
f 96//72 94//72 27//72
f 27//72 94//72 28//72
f 95//73 25//73 94//73
f 94//74 25//74 29//74
f 94//75 29//75 28//75
f 70//76 52//76 81//76
f 81//77 52//77 71//77
f 81//78 71//78 82//78
f 82//78 71//78 102//78
f 82//79 102//79 83//79
f 83//79 102//79 103//79
f 83//80 103//80 85//80
f 85//81 103//81 104//81
f 85//82 104//82 87//82
f 87//82 104//82 105//82
f 87//83 105//83 89//83
f 89//83 105//83 106//83
f 89//84 106//84 91//84
f 91//84 106//84 107//84
f 91//85 107//85 93//85
f 93//85 107//85 108//85
f 93//86 108//86 95//86
f 95//86 108//86 109//86
f 95//87 109//87 25//87
f 25//88 109//88 23//88
f 110//89 65//89 10//89
f 111//90 112//90 113//90
f 114//91 115//91 75//91
f 75//92 115//92 116//92
f 75//93 116//93 74//93
f 113//94 112//94 117//94
f 117//95 112//95 118//95
f 117//96 118//96 119//96
f 120//97 121//97 122//97
f 122//98 121//98 119//98
f 122//99 119//99 123//99
f 123//100 124//100 125//100
f 125//101 124//101 126//101
f 125//102 126//102 127//102
f 111//103 115//103 112//103
f 112//104 115//104 114//104
f 112//105 114//105 118//105
f 118//105 114//105 128//105
f 118//106 128//106 129//106
f 129//107 128//107 130//107
f 129//108 130//108 131//108
f 101//109 130//109 77//109
f 77//110 130//110 128//110
f 77//111 128//111 79//111
f 79//112 128//112 114//112
f 79//113 114//113 80//113
f 80//114 114//114 75//114
f 101//115 100//115 130//115
f 130//116 100//116 132//116
f 130//108 132//108 131//108
f 131//117 132//117 133//117
f 134//118 135//118 136//118
f 136//119 137//119 134//119
f 134//120 137//120 138//120
f 134//121 138//121 126//121
f 126//122 138//122 139//122
f 126//123 139//123 127//123
f 123//124 119//124 124//124
f 124//125 119//125 118//125
f 124//126 118//126 126//126
f 126//126 118//126 129//126
f 126//127 129//127 134//127
f 134//128 129//128 131//128
f 134//129 131//129 135//129
f 135//129 131//129 133//129
f 135//130 133//130 140//130
f 10//131 141//131 140//131
f 140//132 141//132 142//132
f 140//133 142//133 135//133
f 135//134 142//134 143//134
f 135//135 143//135 136//135
f 100//136 98//136 132//136
f 132//137 98//137 144//137
f 132//138 144//138 133//138
f 133//139 144//139 145//139
f 133//140 145//140 140//140
f 140//141 145//141 10//141
f 98//142 65//142 144//142
f 144//143 65//143 110//143
f 144//144 110//144 145//144
f 145//145 110//145 10//145
f 146//146 147//146 148//146
f 149//147 150//147 151//147
f 152//148 153//148 154//148
f 155//149 156//149 157//149
f 127//150 139//150 158//150
f 138//151 137//151 159//151
f 136//152 143//152 160//152
f 142//153 141//153 161//153
f 162//154 163//154 164//154
f 120//155 122//155 165//155
f 165//156 122//156 166//156
f 167//157 168//157 169//157
f 168//158 167//158 170//158
f 170//159 167//159 171//159
f 170//160 171//160 172//160
f 173//161 174//161 175//161
f 174//162 173//162 176//162
f 176//163 173//163 177//163
f 176//164 177//164 178//164
f 178//165 177//165 179//165
f 178//166 179//166 164//166
f 164//167 179//167 180//167
f 164//168 180//168 162//168
f 141//169 10//169 12//169
f 142//170 161//170 143//170
f 136//171 160//171 137//171
f 138//172 159//172 139//172
f 123//173 125//173 181//173
f 181//174 125//174 127//174
f 141//175 12//175 161//175
f 161//176 12//176 13//176
f 161//177 13//177 182//177
f 182//178 13//178 9//178
f 182//179 9//179 183//179
f 9//180 16//180 183//180
f 183//181 16//181 15//181
f 183//182 15//182 184//182
f 184//183 15//183 14//183
f 184//184 14//184 185//184
f 185//185 14//185 22//185
f 185//186 22//186 186//186
f 186//187 22//187 21//187
f 186//188 21//188 187//188
f 21//189 20//189 187//189
f 187//190 20//190 19//190
f 187//191 19//191 188//191
f 188//192 19//192 18//192
f 188//193 18//193 189//193
f 189//194 18//194 2//194
f 189//195 2//195 190//195
f 143//196 161//196 160//196
f 160//197 161//197 182//197
f 160//198 182//198 191//198
f 191//199 182//199 183//199
f 191//200 183//200 192//200
f 192//201 183//201 184//201
f 192//202 184//202 193//202
f 193//203 184//203 185//203
f 193//204 185//204 194//204
f 194//205 185//205 186//205
f 194//206 186//206 195//206
f 195//207 186//207 187//207
f 195//208 187//208 196//208
f 196//209 187//209 188//209
f 196//210 188//210 197//210
f 197//211 188//211 189//211
f 197//212 189//212 157//212
f 157//213 189//213 190//213
f 157//214 190//214 155//214
f 137//215 160//215 159//215
f 159//216 160//216 191//216
f 159//217 191//217 198//217
f 198//218 191//218 192//218
f 198//219 192//219 199//219
f 199//220 192//220 193//220
f 199//221 193//221 200//221
f 200//222 193//222 194//222
f 200//223 194//223 201//223
f 201//224 194//224 195//224
f 201//225 195//225 202//225
f 202//226 195//226 196//226
f 202//227 196//227 203//227
f 203//228 196//228 197//228
f 203//229 197//229 204//229
f 204//230 197//230 157//230
f 204//231 157//231 154//231
f 154//232 157//232 156//232
f 154//233 156//233 152//233
f 139//234 159//234 158//234
f 158//235 159//235 198//235
f 158//236 198//236 205//236
f 205//237 198//237 199//237
f 205//238 199//238 206//238
f 206//239 199//239 200//239
f 206//240 200//240 207//240
f 207//241 200//241 201//241
f 207//242 201//242 208//242
f 208//243 201//243 202//243
f 208//244 202//244 209//244
f 209//245 202//245 203//245
f 209//246 203//246 210//246
f 210//247 203//247 204//247
f 210//248 204//248 211//248
f 211//249 204//249 154//249
f 211//250 154//250 151//250
f 151//251 154//251 153//251
f 151//252 153//252 149//252
f 127//253 158//253 181//253
f 181//254 158//254 205//254
f 181//255 205//255 212//255
f 212//256 205//256 206//256
f 212//257 206//257 213//257
f 213//258 206//258 207//258
f 213//259 207//259 214//259
f 214//260 207//260 208//260
f 214//261 208//261 215//261
f 215//262 208//262 209//262
f 215//263 209//263 216//263
f 216//264 209//264 210//264
f 216//265 210//265 217//265
f 217//266 210//266 211//266
f 217//267 211//267 218//267
f 218//268 211//268 151//268
f 218//269 151//269 148//269
f 148//270 151//270 150//270
f 148//271 150//271 146//271
f 122//272 123//272 166//272
f 166//273 123//273 181//273
f 166//274 181//274 219//274
f 219//275 181//275 212//275
f 219//276 212//276 169//276
f 169//277 212//277 213//277
f 169//278 213//278 167//278
f 167//279 213//279 214//279
f 167//280 214//280 171//280
f 171//281 214//281 215//281
f 171//282 215//282 220//282
f 220//283 215//283 216//283
f 220//284 216//284 221//284
f 221//285 216//285 217//285
f 221//286 217//286 222//286
f 222//287 217//287 218//287
f 222//288 218//288 223//288
f 223//289 218//289 148//289
f 223//290 148//290 224//290
f 224//291 148//291 147//291
f 147//292 225//292 224//292
f 224//293 225//293 226//293
f 224//294 226//294 227//294
f 172//295 171//295 228//295
f 228//296 171//296 220//296
f 228//297 220//297 229//297
f 229//298 220//298 221//298
f 229//299 221//299 175//299
f 175//300 221//300 222//300
f 175//301 222//301 173//301
f 173//302 222//302 223//302
f 173//303 223//303 177//303
f 177//304 223//304 224//304
f 177//305 224//305 179//305
f 179//306 224//306 227//306
f 179//307 227//307 180//307
f 180//308 227//308 230//308
f 162//309 231//309 163//309
f 163//310 231//310 232//310
f 163//311 232//311 233//311
f 233//312 232//312 234//312
f 234//313 232//313 235//313
f 234//314 235//314 236//314
f 237//315 190//315 2//315
f 2//316 1//316 237//316
f 237//317 1//317 6//317
f 237//317 6//317 238//317
f 238//318 239//318 237//318
f 237//319 239//319 240//319
f 237//320 240//320 190//320
f 190//321 240//321 155//321
f 241//322 152//322 240//322
f 240//323 152//323 156//323
f 240//324 156//324 155//324
f 239//325 242//325 240//325
f 240//326 242//326 243//326
f 240//327 243//327 241//327
f 243//328 244//328 241//328
f 241//329 244//329 245//329
f 241//330 245//330 246//330
f 246//331 247//331 146//331
f 146//332 150//332 246//332
f 246//333 150//333 149//333
f 246//334 149//334 241//334
f 241//335 149//335 153//335
f 241//336 153//336 152//336
f 245//337 248//337 246//337
f 246//338 248//338 249//338
f 246//339 249//339 247//339
f 247//340 249//340 250//340
f 247//341 250//341 251//341
f 230//342 227//342 251//342
f 227//343 226//343 251//343
f 251//344 226//344 225//344
f 251//345 225//345 247//345
f 247//346 225//346 147//346
f 247//347 147//347 146//347
f 250//348 252//348 251//348
f 251//349 252//349 253//349
f 251//350 253//350 230//350
f 230//351 253//351 254//351
f 254//352 255//352 230//352
f 230//353 255//353 231//353
f 230//354 231//354 180//354
f 180//355 231//355 162//355
f 255//356 256//356 231//356
f 231//357 256//357 257//357
f 231//358 257//358 232//358
f 232//359 257//359 258//359
f 232//360 258//360 235//360
f 259//361 260//361 261//361
f 262//361 263//361 264//361
f 264//361 263//361 265//361
f 265//361 266//361 264//361
f 264//361 266//361 267//361
f 264//361 267//361 268//361
f 264//361 269//361 262//361
f 262//361 269//361 270//361
f 262//361 270//361 271//361
f 271//361 270//361 272//361
f 271//361 272//361 273//361
f 273//361 272//361 274//361
f 259//361 261//361 275//361
f 275//361 261//361 276//361
f 275//361 276//361 277//361
f 268//361 278//361 264//361
f 264//361 278//361 279//361
f 264//361 279//361 280//361
f 280//361 279//361 281//361
f 280//361 281//361 282//361
f 282//361 281//361 275//361
f 282//361 275//361 283//361
f 283//361 275//361 284//361
f 277//361 285//361 275//361
f 275//361 285//361 286//361
f 275//361 286//361 284//361
f 274//361 272//361 287//361
f 287//361 272//361 288//361
f 287//361 288//361 289//361
f 290//25 291//25 292//25
f 293//25 269//25 294//25
f 294//25 269//25 264//25
f 294//25 264//25 295//25
f 296//25 297//25 298//25
f 298//25 297//25 299//25
f 298//25 299//25 300//25
f 300//25 299//25 269//25
f 300//25 269//25 301//25
f 301//25 269//25 293//25
f 58//25 302//25 303//25
f 296//25 304//25 297//25
f 297//25 304//25 305//25
f 297//25 305//25 306//25
f 303//25 307//25 58//25
f 58//25 307//25 308//25
f 58//25 308//25 39//25
f 39//25 308//25 309//25
f 39//25 309//25 310//25
f 295//25 264//25 311//25
f 311//25 264//25 312//25
f 311//25 312//25 313//25
f 313//25 312//25 314//25
f 313//25 314//25 315//25
f 315//25 314//25 316//25
f 315//25 316//25 317//25
f 306//25 318//25 297//25
f 297//25 318//25 319//25
f 297//25 319//25 320//25
f 320//25 319//25 321//25
f 320//25 321//25 322//25
f 323//25 324//25 325//25
f 325//25 324//25 326//25
f 325//25 326//25 327//25
f 327//25 326//25 315//25
f 327//25 315//25 328//25
f 317//25 329//25 315//25
f 315//25 329//25 330//25
f 315//25 330//25 328//25
f 291//25 331//25 292//25
f 292//25 331//25 332//25
f 292//25 332//25 325//25
f 325//25 332//25 333//25
f 325//25 333//25 323//25
f 322//25 334//25 320//25
f 320//25 334//25 335//25
f 320//25 335//25 302//25
f 302//25 335//25 336//25
f 302//25 336//25 303//25
f 337//25 338//25 339//25
f 339//25 338//25 340//25
f 339//25 340//25 341//25
f 310//25 342//25 39//25
f 39//25 342//25 343//25
f 39//25 343//25 344//25
f 344//25 343//25 339//25
f 344//25 339//25 345//25
f 345//25 339//25 341//25
f 290//25 292//25 346//25
f 346//25 292//25 347//25
f 346//25 347//25 339//25
f 339//25 347//25 348//25
f 339//25 348//25 337//25
f 349//362 350//362 351//362
f 352//363 353//363 354//363
f 355//364 356//364 357//364
f 358//365 359//365 360//365
f 360//366 359//366 361//366
f 360//367 361//367 362//367
f 363//368 352//368 364//368
f 364//368 352//368 365//368
f 366//369 367//369 368//369
f 368//370 369//370 366//370
f 366//371 369//371 370//371
f 366//372 370//372 365//372
f 365//373 370//373 371//373
f 365//374 371//374 364//374
f 352//375 354//375 365//375
f 365//376 354//376 372//376
f 365//377 372//377 366//377
f 366//378 372//378 373//378
f 366//379 373//379 367//379
f 373//380 374//380 367//380
f 367//381 374//381 375//381
f 367//382 375//382 376//382
f 351//383 350//383 376//383
f 350//384 377//384 376//384
f 376//385 377//385 378//385
f 376//386 378//386 367//386
f 367//387 378//387 379//387
f 367//388 379//388 368//388
f 380//389 351//389 381//389
f 381//390 351//390 376//390
f 381//391 376//391 382//391
f 382//392 376//392 375//392
f 380//393 383//393 351//393
f 351//394 383//394 384//394
f 351//395 384//395 349//395
f 349//396 384//396 385//396
f 385//397 384//397 386//397
f 386//398 384//398 387//398
f 386//399 387//399 388//399
f 388//400 387//400 389//400
f 389//401 387//401 361//401
f 389//402 361//402 390//402
f 383//403 391//403 384//403
f 384//404 391//404 392//404
f 384//405 392//405 387//405
f 387//406 392//406 393//406
f 387//407 393//407 361//407
f 361//408 393//408 394//408
f 361//409 394//409 362//409
f 390//410 361//410 395//410
f 395//411 361//411 359//411
f 395//412 359//412 357//412
f 357//413 359//413 358//413
f 357//414 358//414 355//414
f 396//415 397//415 398//415
f 399//416 400//416 401//416
f 402//417 403//417 404//417
f 405//418 406//418 407//418
f 408//419 360//419 362//419
f 406//420 409//420 407//420
f 407//421 409//421 410//421
f 407//422 410//422 411//422
f 411//423 410//423 412//423
f 411//424 412//424 413//424
f 413//425 412//425 408//425
f 413//426 408//426 414//426
f 403//427 415//427 404//427
f 404//428 415//428 416//428
f 404//429 416//429 417//429
f 417//430 416//430 405//430
f 417//431 405//431 418//431
f 418//432 405//432 419//432
f 420//433 421//433 402//433
f 422//434 423//434 421//434
f 421//435 423//435 424//435
f 421//436 424//436 402//436
f 400//437 399//437 425//437
f 425//438 399//438 423//438
f 425//439 423//439 426//439
f 426//440 423//440 422//440
f 426//441 422//441 427//441
f 354//442 353//442 428//442
f 374//443 373//443 429//443
f 429//444 373//444 372//444
f 382//445 375//445 430//445
f 430//446 375//446 374//446
f 380//447 381//447 431//447
f 431//448 381//448 382//448
f 432//449 383//449 380//449
f 433//450 392//450 391//450
f 408//451 362//451 414//451
f 414//452 362//452 394//452
f 414//453 394//453 393//453
f 405//454 407//454 419//454
f 419//455 407//455 411//455
f 419//456 411//456 434//456
f 434//457 411//457 413//457
f 434//458 413//458 435//458
f 435//459 413//459 414//459
f 435//460 414//460 433//460
f 433//461 414//461 393//461
f 433//462 393//462 392//462
f 402//463 404//463 420//463
f 420//464 404//464 417//464
f 420//465 417//465 436//465
f 436//466 417//466 418//466
f 436//467 418//467 437//467
f 437//468 418//468 419//468
f 437//469 419//469 438//469
f 438//470 419//470 434//470
f 438//471 434//471 439//471
f 439//472 434//472 435//472
f 439//473 435//473 440//473
f 440//474 435//474 433//474
f 440//475 433//475 432//475
f 432//476 433//476 391//476
f 432//477 391//477 383//477
f 354//478 428//478 441//478
f 441//479 428//479 442//479
f 441//480 442//480 443//480
f 443//481 442//481 444//481
f 443//482 444//482 445//482
f 445//483 444//483 446//483
f 445//484 446//484 447//484
f 447//485 446//485 448//485
f 447//486 448//486 449//486
f 449//487 448//487 450//487
f 449//488 450//488 451//488
f 451//489 450//489 452//489
f 451//490 452//490 453//490
f 453//491 452//491 454//491
f 453//492 454//492 398//492
f 398//493 454//493 455//493
f 398//494 455//494 396//494
f 374//495 429//495 430//495
f 430//496 429//496 456//496
f 430//497 456//497 457//497
f 457//498 456//498 458//498
f 457//499 458//499 459//499
f 459//500 458//500 460//500
f 459//501 460//501 461//501
f 461//502 460//502 462//502
f 461//503 462//503 463//503
f 463//504 462//504 464//504
f 463//505 464//505 465//505
f 465//506 464//506 466//506
f 465//507 466//507 467//507
f 467//508 466//508 468//508
f 467//509 468//509 469//509
f 469//510 468//510 470//510
f 469//511 470//511 471//511
f 396//512 472//512 397//512
f 397//513 472//513 473//513
f 397//514 473//514 474//514
f 474//515 470//515 397//515
f 397//516 470//516 468//516
f 397//517 468//517 398//517
f 398//518 468//518 466//518
f 398//519 466//519 453//519
f 453//520 466//520 464//520
f 453//521 464//521 451//521
f 451//522 464//522 462//522
f 451//523 462//523 449//523
f 449//524 462//524 460//524
f 449//525 460//525 447//525
f 447//526 460//526 458//526
f 447//527 458//527 445//527
f 445//528 458//528 456//528
f 445//529 456//529 443//529
f 443//530 456//530 429//530
f 443//531 429//531 441//531
f 441//532 429//532 372//532
f 441//533 372//533 354//533
f 474//534 475//534 470//534
f 470//535 475//535 476//535
f 470//536 476//536 471//536
f 471//537 476//537 477//537
f 471//538 477//538 478//538
f 382//539 430//539 431//539
f 431//540 430//540 457//540
f 431//541 457//541 479//541
f 479//542 457//542 459//542
f 479//543 459//543 480//543
f 480//544 459//544 461//544
f 480//545 461//545 481//545
f 481//546 461//546 463//546
f 481//547 463//547 482//547
f 482//548 463//548 465//548
f 482//549 465//549 483//549
f 483//550 465//550 467//550
f 483//551 467//551 484//551
f 484//552 467//552 469//552
f 484//553 469//553 485//553
f 485//554 469//554 471//554
f 485//555 471//555 486//555
f 486//556 471//556 478//556
f 486//557 478//557 487//557
f 380//558 431//558 432//558
f 432//559 431//559 479//559
f 432//560 479//560 440//560
f 440//561 479//561 480//561
f 440//562 480//562 439//562
f 439//563 480//563 481//563
f 439//564 481//564 438//564
f 438//565 481//565 482//565
f 438//566 482//566 437//566
f 437//567 482//567 483//567
f 437//568 483//568 436//568
f 436//569 483//569 484//569
f 436//570 484//570 420//570
f 420//571 484//571 485//571
f 420//572 485//572 421//572
f 421//573 485//573 486//573
f 421//574 486//574 422//574
f 422//575 486//575 487//575
f 422//576 487//576 427//576
f 488//577 489//577 490//577
f 490//577 489//577 491//577
f 492//1 493//1 363//1
f 363//1 493//1 494//1
f 363//1 494//1 352//1
f 352//1 494//1 353//1
f 492//578 495//578 493//578
f 493//579 495//579 496//579
f 495//580 497//580 496//580
f 496//581 497//581 498//581
f 496//582 498//582 499//582
f 500//583 501//583 502//583
f 502//584 501//584 499//584
f 502//585 499//585 503//585
f 503//586 499//586 498//586
f 504//587 505//587 506//587
f 5//578 4//578 507//578
f 507//588 4//588 504//588
f 507//580 504//580 508//580
f 508//581 504//581 506//581
f 491//589 489//589 509//589
f 509//589 489//589 510//589
f 509//590 510//590 511//590
f 511//590 510//590 512//590
f 511//591 512//591 513//591
f 513//591 512//591 514//591
f 513//592 514//592 515//592
f 515//593 514//593 516//593
f 515//594 516//594 517//594
f 517//594 516//594 518//594
f 517//595 518//595 519//595
f 519//595 518//595 520//595
f 519//596 520//596 521//596
f 521//596 520//596 522//596
f 521//597 522//597 523//597
f 523//598 522//598 524//598
f 523//599 524//599 525//599
f 525//599 524//599 526//599
f 525//600 526//600 527//600
f 527//600 526//600 528//600
f 529//601 530//601 531//601
f 531//583 530//583 532//583
f 531//602 532//602 505//602
f 505//585 532//585 533//585
f 505//586 533//586 506//586
f 500//601 534//601 501//601
f 501//603 534//603 527//603
f 501//604 527//604 531//604
f 531//605 527//605 528//605
f 531//606 528//606 529//606
f 353//607 494//607 428//607
f 428//608 494//608 535//608
f 428//609 535//609 442//609
f 442//610 535//610 444//610
f 452//611 450//611 536//611
f 536//612 450//612 448//612
f 536//613 448//613 535//613
f 535//614 448//614 446//614
f 535//615 446//615 444//615
f 472//616 396//616 537//616
f 537//617 396//617 455//617
f 537//618 455//618 536//618
f 536//619 455//619 454//619
f 536//620 454//620 452//620
f 538//24 539//24 540//24
f 540//621 539//621 541//621
f 540//18 541//18 542//18
f 538//23 543//23 539//23
f 539//622 543//622 544//622
f 539//623 544//623 537//623
f 537//20 544//20 545//20
f 537//624 545//624 472//624
f 546//1 547//1 325//1
f 325//1 547//1 292//1
f 548//625 549//625 550//625
f 550//626 549//626 551//626
f 550//627 551//627 552//627
f 553//628 554//628 555//628
f 542//629 541//629 556//629
f 556//630 541//630 554//630
f 556//631 554//631 557//631
f 557//632 554//632 553//632
f 23//629 558//629 24//629
f 24//633 558//633 559//633
f 558//631 560//631 559//631
f 559//632 560//632 561//632
f 559//634 561//634 548//634
f 548//635 561//635 562//635
f 548//636 562//636 549//636
f 547//637 546//637 563//637
f 563//637 546//637 564//637
f 563//638 564//638 565//638
f 565//638 564//638 566//638
f 565//639 566//639 567//639
f 567//639 566//639 568//639
f 567//640 568//640 569//640
f 569//640 568//640 570//640
f 569//641 570//641 571//641
f 571//641 570//641 572//641
f 571//642 572//642 551//642
f 551//642 572//642 573//642
f 551//643 573//643 552//643
f 552//644 573//644 574//644
f 552//645 574//645 555//645
f 555//636 574//636 575//636
f 555//635 575//635 553//635
f 576//26 577//26 578//26
f 579//26 580//26 581//26
f 581//26 580//26 582//26
f 583//26 584//26 585//26
f 585//26 584//26 586//26
f 585//26 586//26 587//26
f 587//26 586//26 588//26
f 577//26 589//26 578//26
f 578//26 589//26 590//26
f 578//26 590//26 591//26
f 591//26 590//26 588//26
f 591//26 588//26 592//26
f 592//26 588//26 586//26
f 593//26 594//26 595//26
f 595//26 594//26 596//26
f 595//26 596//26 597//26
f 577//26 598//26 599//26
f 593//26 600//26 594//26
f 594//26 600//26 601//26
f 594//26 601//26 578//26
f 578//26 601//26 602//26
f 578//26 602//26 576//26
f 603//26 604//26 605//26
f 605//26 604//26 606//26
f 605//26 606//26 596//26
f 596//26 606//26 607//26
f 596//26 607//26 597//26
f 608//26 609//26 610//26
f 610//26 609//26 611//26
f 610//26 611//26 612//26
f 612//26 611//26 613//26
f 612//26 613//26 614//26
f 614//26 613//26 615//26
f 614//26 615//26 616//26
f 616//26 615//26 617//26
f 616//26 617//26 618//26
f 618//26 617//26 619//26
f 618//26 619//26 620//26
f 620//26 619//26 621//26
f 620//26 621//26 622//26
f 622//26 621//26 623//26
f 622//26 623//26 624//26
f 624//26 623//26 625//26
f 624//26 625//26 583//26
f 583//26 625//26 626//26
f 583//26 626//26 584//26
f 627//26 164//26 163//26
f 174//26 627//26 175//26
f 175//26 627//26 628//26
f 320//26 302//26 629//26
f 630//26 631//26 605//26
f 605//26 631//26 632//26
f 605//26 632//26 603//26
f 174//26 176//26 627//26
f 627//26 176//26 178//26
f 627//26 178//26 164//26
f 633//26 628//26 634//26
f 634//26 628//26 635//26
f 634//26 635//26 577//26
f 577//26 635//26 636//26
f 577//26 636//26 598//26
f 599//26 637//26 577//26
f 577//26 637//26 638//26
f 577//26 638//26 589//26
f 320//26 629//26 639//26
f 629//26 640//26 639//26
f 639//26 640//26 641//26
f 639//26 641//26 605//26
f 605//26 641//26 642//26
f 605//26 642//26 630//26
f 582//26 643//26 581//26
f 581//26 643//26 644//26
f 581//26 644//26 645//26
f 645//26 644//26 646//26
f 645//26 646//26 647//26
f 647//26 646//26 648//26
f 647//26 648//26 649//26
f 649//26 648//26 650//26
f 649//26 650//26 651//26
f 651//26 650//26 652//26
f 651//26 652//26 653//26
f 653//26 652//26 654//26
f 653//26 654//26 655//26
f 655//26 654//26 656//26
f 655//26 656//26 657//26
f 657//26 656//26 658//26
f 657//26 658//26 659//26
f 659//26 658//26 660//26
f 659//26 660//26 661//26
f 661//26 660//26 662//26
f 661//26 662//26 663//26
f 663//26 662//26 664//26
f 663//26 664//26 665//26
f 665//26 664//26 666//26
f 665//26 666//26 667//26
f 667//26 666//26 668//26
f 667//26 668//26 669//26
f 669//26 668//26 670//26
f 669//26 670//26 671//26
f 671//26 670//26 672//26
f 671//26 672//26 673//26
f 673//26 672//26 674//26
f 673//26 674//26 675//26
f 675//26 674//26 676//26
f 675//26 676//26 677//26
f 677//26 676//26 678//26
f 677//26 678//26 679//26
f 679//26 678//26 680//26
f 679//26 680//26 681//26
f 681//26 680//26 682//26
f 681//26 682//26 683//26
f 683//26 682//26 684//26
f 683//26 684//26 608//26
f 608//26 684//26 685//26
f 608//26 685//26 609//26
f 579//26 686//26 580//26
f 580//26 686//26 687//26
f 580//26 687//26 688//26
f 688//26 687//26 689//26
f 688//26 689//26 236//26
f 236//26 689//26 690//26
f 236//26 690//26 234//26
f 234//26 690//26 627//26
f 234//26 627//26 233//26
f 233//26 627//26 163//26
f 168//26 170//26 628//26
f 628//26 170//26 172//26
f 172//26 228//26 628//26
f 628//26 228//26 229//26
f 628//26 229//26 175//26
f 633//26 219//26 628//26
f 628//26 219//26 169//26
f 628//26 169//26 168//26
f 691//361 692//361 356//361
f 693//361 694//361 695//361
f 696//361 697//361 698//361
f 698//361 697//361 356//361
f 698//361 356//361 699//361
f 699//361 356//361 692//361
f 700//361 701//361 702//361
f 702//361 701//361 703//361
f 704//361 705//361 706//361
f 706//361 705//361 707//361
f 706//361 707//361 702//361
f 702//361 707//361 708//361
f 702//361 708//361 709//361
f 710//361 711//361 712//361
f 712//361 711//361 713//361
f 712//361 713//361 714//361
f 714//361 713//361 715//361
f 716//361 717//361 694//361
f 694//361 717//361 718//361
f 694//361 718//361 695//361
f 710//361 719//361 711//361
f 711//361 719//361 720//361
f 711//361 720//361 706//361
f 706//361 720//361 721//361
f 706//361 721//361 704//361
f 693//361 695//361 722//361
f 722//361 695//361 723//361
f 722//361 723//361 713//361
f 32//361 724//361 716//361
f 716//361 724//361 725//361
f 716//361 725//361 717//361
f 709//361 726//361 702//361
f 702//361 726//361 727//361
f 702//361 727//361 700//361
f 728//361 412//361 410//361
f 701//361 729//361 703//361
f 703//361 729//361 730//361
f 703//361 730//361 297//361
f 297//361 730//361 731//361
f 297//361 731//361 299//361
f 723//361 732//361 713//361
f 713//361 732//361 733//361
f 713//361 733//361 715//361
f 715//361 733//361 734//361
f 715//361 734//361 735//361
f 358//361 360//361 728//361
f 728//361 360//361 408//361
f 728//361 408//361 412//361
f 32//361 33//361 724//361
f 724//361 33//361 736//361
f 724//361 736//361 737//361
f 737//361 736//361 738//361
f 737//361 738//361 739//361
f 739//361 738//361 740//361
f 739//361 740//361 741//361
f 741//361 740//361 742//361
f 741//361 742//361 743//361
f 743//361 742//361 744//361
f 743//361 744//361 745//361
f 745//361 744//361 746//361
f 745//361 746//361 747//361
f 747//361 746//361 748//361
f 747//361 748//361 749//361
f 691//361 356//361 728//361
f 728//646 356//646 355//646
f 728//361 355//361 358//361
f 410//361 409//361 728//361
f 728//361 409//361 406//361
f 728//361 406//361 405//361
f 748//361 750//361 749//361
f 749//361 750//361 751//361
f 749//361 751//361 752//361
f 752//361 751//361 753//361
f 752//361 753//361 754//361
f 754//361 753//361 755//361
f 754//361 755//361 756//361
f 756//361 755//361 757//361
f 756//361 757//361 758//361
f 758//361 757//361 759//361
f 758//361 759//361 760//361
f 760//361 759//361 761//361
f 760//361 761//361 762//361
f 762//361 761//361 763//361
f 762//361 763//361 764//361
f 764//361 763//361 765//361
f 764//361 765//361 766//361
f 766//361 765//361 767//361
f 766//361 767//361 768//361
f 768//361 767//361 769//361
f 768//361 769//361 770//361
f 770//361 769//361 771//361
f 770//361 771//361 772//361
f 772//361 771//361 773//361
f 772//361 773//361 774//361
f 774//361 773//361 775//361
f 774//361 775//361 776//361
f 776//361 775//361 777//361
f 776//361 777//361 778//361
f 778//361 777//361 779//361
f 778//361 779//361 780//361
f 780//361 779//361 781//361
f 780//361 781//361 782//361
f 782//361 781//361 783//361
f 782//361 783//361 784//361
f 784//361 783//361 785//361
f 784//361 785//361 786//361
f 786//361 785//361 787//361
f 786//361 787//361 788//361
f 788//361 787//361 789//361
f 788//361 789//361 790//361
f 790//361 789//361 791//361
f 790//361 791//361 792//361
f 792//361 791//361 793//361
f 792//361 793//361 794//361
f 794//361 793//361 795//361
f 794//361 795//361 796//361
f 796//361 795//361 797//361
f 796//361 797//361 798//361
f 798//361 797//361 696//361
f 798//361 696//361 799//361
f 799//647 696//647 698//647
f 405//361 416//361 728//361
f 728//361 416//361 415//361
f 728//361 415//361 800//361
f 800//361 415//361 403//361
f 403//361 402//361 800//361
f 800//361 402//361 424//361
f 800//361 424//361 801//361
f 735//361 802//361 715//361
f 715//361 802//361 800//361
f 715//361 800//361 803//361
f 803//361 800//361 801//361
f 697//648 696//648 804//648
f 804//649 696//649 805//649
f 804//650 805//650 806//650
f 806//651 805//651 807//651
f 806//652 807//652 808//652
f 808//653 807//653 809//653
f 808//654 809//654 810//654
f 810//655 809//655 811//655
f 810//656 811//656 812//656
f 812//657 811//657 813//657
f 812//658 813//658 814//658
f 814//659 813//659 815//659
f 814//660 815//660 816//660
f 816//661 815//661 817//661
f 816//662 817//662 818//662
f 818//663 817//663 819//663
f 818//664 819//664 820//664
f 820//665 819//665 821//665
f 820//666 821//666 822//666
f 822//667 821//667 823//667
f 822//668 823//668 824//668
f 824//669 823//669 825//669
f 824//670 825//670 826//670
f 826//671 825//671 827//671
f 826//672 827//672 828//672
f 828//673 827//673 829//673
f 828//674 829//674 830//674
f 830//675 829//675 831//675
f 830//676 831//676 832//676
f 832//677 831//677 833//677
f 832//678 833//678 834//678
f 834//679 833//679 835//679
f 834//680 835//680 836//680
f 836//681 835//681 837//681
f 836//682 837//682 491//682
f 491//683 837//683 490//683
f 511//684 513//684 838//684
f 515//685 517//685 839//685
f 519//686 521//686 840//686
f 523//687 525//687 841//687
f 527//688 534//688 842//688
f 500//689 502//689 843//689
f 503//690 498//690 844//690
f 497//691 495//691 845//691
f 697//692 846//692 847//692
f 697//693 804//693 848//693
f 848//694 804//694 806//694
f 848//695 806//695 849//695
f 850//696 851//696 852//696
f 852//697 853//697 850//697
f 850//698 853//698 854//698
f 850//699 854//699 846//699
f 846//700 854//700 855//700
f 846//701 855//701 847//701
f 806//702 808//702 849//702
f 849//703 808//703 810//703
f 849//704 810//704 856//704
f 857//705 858//705 859//705
f 859//706 858//706 860//706
f 859//707 860//707 851//707
f 851//708 860//708 861//708
f 851//709 861//709 852//709
f 810//710 812//710 856//710
f 856//711 812//711 814//711
f 856//712 814//712 862//712
f 862//713 814//713 816//713
f 862//714 816//714 863//714
f 863//715 816//715 818//715
f 864//716 865//716 857//716
f 857//717 865//717 866//717
f 857//718 866//718 858//718
f 818//719 820//719 863//719
f 863//720 820//720 822//720
f 863//721 822//721 867//721
f 868//722 869//722 864//722
f 864//723 869//723 870//723
f 864//724 870//724 865//724
f 822//725 824//725 867//725
f 867//726 824//726 826//726
f 867//727 826//727 871//727
f 872//728 873//728 868//728
f 868//729 873//729 874//729
f 868//730 874//730 869//730
f 826//731 828//731 871//731
f 871//732 828//732 830//732
f 871//733 830//733 875//733
f 845//734 876//734 872//734
f 872//735 876//735 877//735
f 872//736 877//736 873//736
f 495//737 492//737 845//737
f 845//737 492//737 878//737
f 845//738 878//738 876//738
f 498//739 497//739 844//739
f 844//740 497//740 845//740
f 844//741 845//741 879//741
f 879//742 845//742 872//742
f 879//743 872//743 880//743
f 880//743 872//743 868//743
f 880//744 868//744 881//744
f 881//744 868//744 864//744
f 881//745 864//745 882//745
f 882//746 864//746 857//746
f 882//747 857//747 883//747
f 883//747 857//747 859//747
f 883//748 859//748 884//748
f 884//749 859//749 851//749
f 884//750 851//750 885//750
f 885//750 851//750 850//750
f 885//751 850//751 886//751
f 886//751 850//751 846//751
f 886//752 846//752 697//752
f 502//753 503//753 843//753
f 843//754 503//754 844//754
f 843//755 844//755 887//755
f 887//756 844//756 879//756
f 887//757 879//757 888//757
f 888//757 879//757 880//757
f 888//758 880//758 889//758
f 889//758 880//758 881//758
f 889//759 881//759 890//759
f 890//760 881//760 882//760
f 890//761 882//761 891//761
f 891//761 882//761 883//761
f 891//762 883//762 892//762
f 892//762 883//762 884//762
f 892//763 884//763 893//763
f 893//764 884//764 885//764
f 893//765 885//765 894//765
f 894//765 885//765 886//765
f 894//766 886//766 697//766
f 534//767 500//767 842//767
f 842//768 500//768 843//768
f 842//769 843//769 895//769
f 895//770 843//770 887//770
f 895//771 887//771 896//771
f 896//772 887//772 888//772
f 896//773 888//773 897//773
f 897//774 888//774 889//774
f 897//775 889//775 898//775
f 898//775 889//775 890//775
f 898//776 890//776 899//776
f 899//777 890//777 891//777
f 899//778 891//778 900//778
f 900//779 891//779 892//779
f 900//780 892//780 901//780
f 901//781 892//781 893//781
f 901//782 893//782 902//782
f 902//783 893//783 894//783
f 902//784 894//784 697//784
f 525//785 527//785 841//785
f 841//786 527//786 842//786
f 841//787 842//787 903//787
f 903//787 842//787 895//787
f 903//788 895//788 904//788
f 904//789 895//789 896//789
f 904//790 896//790 905//790
f 905//791 896//791 897//791
f 905//792 897//792 906//792
f 906//792 897//792 898//792
f 906//793 898//793 907//793
f 907//793 898//793 899//793
f 907//794 899//794 908//794
f 908//794 899//794 900//794
f 908//795 900//795 909//795
f 909//795 900//795 901//795
f 909//796 901//796 910//796
f 910//797 901//797 902//797
f 910//798 902//798 697//798
f 521//799 523//799 840//799
f 840//800 523//800 841//800
f 840//801 841//801 911//801
f 911//801 841//801 903//801
f 911//802 903//802 912//802
f 912//803 903//803 904//803
f 912//804 904//804 913//804
f 913//804 904//804 905//804
f 913//805 905//805 914//805
f 914//805 905//805 906//805
f 914//806 906//806 915//806
f 915//806 906//806 907//806
f 915//807 907//807 916//807
f 916//807 907//807 908//807
f 916//808 908//808 917//808
f 917//809 908//809 909//809
f 917//810 909//810 918//810
f 918//810 909//810 910//810
f 918//811 910//811 697//811
f 517//812 519//812 839//812
f 839//813 519//813 840//813
f 839//814 840//814 919//814
f 919//815 840//815 911//815
f 919//816 911//816 920//816
f 920//816 911//816 912//816
f 920//817 912//817 921//817
f 921//817 912//817 913//817
f 921//818 913//818 922//818
f 922//818 913//818 914//818
f 922//819 914//819 923//819
f 923//819 914//819 915//819
f 923//820 915//820 924//820
f 924//820 915//820 916//820
f 924//821 916//821 925//821
f 925//821 916//821 917//821
f 925//822 917//822 926//822
f 926//822 917//822 918//822
f 926//823 918//823 697//823
f 513//824 515//824 838//824
f 838//825 515//825 839//825
f 838//826 839//826 927//826
f 927//826 839//826 919//826
f 927//827 919//827 928//827
f 928//827 919//827 920//827
f 928//828 920//828 929//828
f 929//828 920//828 921//828
f 929//829 921//829 930//829
f 930//829 921//829 922//829
f 930//830 922//830 931//830
f 931//830 922//830 923//830
f 931//831 923//831 932//831
f 932//831 923//831 924//831
f 932//832 924//832 933//832
f 933//832 924//832 925//832
f 933//833 925//833 934//833
f 934//833 925//833 926//833
f 934//834 926//834 697//834
f 509//835 511//835 935//835
f 935//836 511//836 838//836
f 935//837 838//837 875//837
f 875//837 838//837 927//837
f 875//838 927//838 871//838
f 871//838 927//838 928//838
f 871//839 928//839 867//839
f 867//839 928//839 929//839
f 867//840 929//840 863//840
f 863//841 929//841 930//841
f 863//842 930//842 862//842
f 862//842 930//842 931//842
f 862//843 931//843 856//843
f 856//843 931//843 932//843
f 856//844 932//844 849//844
f 849//845 932//845 933//845
f 849//846 933//846 848//846
f 848//847 933//847 934//847
f 848//848 934//848 697//848
f 830//849 832//849 875//849
f 875//850 832//850 834//850
f 875//851 834//851 935//851
f 935//852 834//852 836//852
f 935//853 836//853 509//853
f 509//853 836//853 491//853
f 492//854 363//854 878//854
f 878//854 363//854 364//854
f 878//855 364//855 876//855
f 876//855 364//855 371//855
f 876//856 371//856 877//856
f 877//856 371//856 370//856
f 877//857 370//857 873//857
f 873//857 370//857 369//857
f 873//858 369//858 874//858
f 874//858 369//858 368//858
f 874//859 368//859 869//859
f 869//859 368//859 379//859
f 869//860 379//860 870//860
f 870//860 379//860 378//860
f 870//861 378//861 865//861
f 865//861 378//861 377//861
f 865//862 377//862 866//862
f 866//862 377//862 350//862
f 866//863 350//863 858//863
f 858//863 350//863 349//863
f 858//864 349//864 860//864
f 860//864 349//864 385//864
f 860//865 385//865 861//865
f 861//865 385//865 386//865
f 861//866 386//866 852//866
f 852//866 386//866 388//866
f 852//867 388//867 853//867
f 853//867 388//867 389//867
f 853//868 389//868 854//868
f 854//868 389//868 390//868
f 854//869 390//869 855//869
f 855//869 390//869 395//869
f 855//870 395//870 847//870
f 847//870 395//870 357//870
f 847//871 357//871 697//871
f 697//871 357//871 356//871
f 473//872 472//872 936//872
f 937//873 938//873 939//873
f 940//874 941//874 942//874
f 943//875 944//875 945//875
f 946//876 401//876 400//876
f 941//877 940//877 947//877
f 948//878 937//878 949//878
f 949//879 937//879 939//879
f 949//880 939//880 950//880
f 950//881 939//881 951//881
f 426//882 952//882 425//882
f 425//883 952//883 945//883
f 425//884 945//884 400//884
f 400//885 945//885 944//885
f 400//886 944//886 946//886
f 426//887 427//887 952//887
f 952//888 427//888 487//888
f 952//889 487//889 953//889
f 487//890 478//890 953//890
f 953//891 478//891 477//891
f 953//892 477//892 954//892
f 472//893 955//893 956//893
f 956//894 955//894 957//894
f 956//895 957//895 958//895
f 958//896 957//896 959//896
f 958//897 959//897 960//897
f 960//898 959//898 961//898
f 960//899 961//899 962//899
f 962//900 961//900 963//900
f 962//901 963//901 951//901
f 951//902 963//902 964//902
f 951//903 964//903 950//903
f 940//904 943//904 947//904
f 947//905 943//905 945//905
f 947//906 945//906 965//906
f 965//906 945//906 952//906
f 965//907 952//907 966//907
f 966//908 952//908 953//908
f 966//909 953//909 967//909
f 967//909 953//909 954//909
f 967//910 954//910 968//910
f 968//911 954//911 936//911
f 968//912 936//912 472//912
f 477//913 476//913 954//913
f 954//914 476//914 475//914
f 954//915 475//915 936//915
f 936//916 475//916 474//916
f 936//917 474//917 473//917
f 938//918 942//918 939//918
f 939//919 942//919 941//919
f 939//920 941//920 951//920
f 951//920 941//920 947//920
f 951//921 947//921 962//921
f 962//921 947//921 965//921
f 962//922 965//922 960//922
f 960//922 965//922 966//922
f 960//923 966//923 958//923
f 958//923 966//923 967//923
f 958//924 967//924 956//924
f 956//924 967//924 968//924
f 956//925 968//925 472//925
f 538//926 540//926 969//926
f 948//927 970//927 971//927
f 970//928 948//928 972//928
f 973//929 974//929 975//929
f 974//930 973//930 260//930
f 260//931 973//931 976//931
f 260//932 976//932 261//932
f 948//933 949//933 972//933
f 972//934 949//934 950//934
f 972//935 950//935 977//935
f 977//936 950//936 964//936
f 977//937 964//937 978//937
f 964//938 963//938 978//938
f 978//939 963//939 961//939
f 978//940 961//940 979//940
f 979//941 961//941 959//941
f 979//942 959//942 980//942
f 980//942 959//942 957//942
f 980//943 957//943 981//943
f 981//943 957//943 955//943
f 982//944 983//944 984//944
f 984//944 983//944 985//944
f 984//945 985//945 986//945
f 986//946 985//946 987//946
f 986//947 987//947 988//947
f 988//947 987//947 989//947
f 988//948 989//948 990//948
f 990//948 989//948 991//948
f 990//949 991//949 992//949
f 992//949 991//949 993//949
f 992//950 993//950 994//950
f 994//950 993//950 995//950
f 994//951 995//951 996//951
f 996//951 995//951 969//951
f 996//952 969//952 542//952
f 542//952 969//952 540//952
f 543//953 538//953 997//953
f 997//954 538//954 969//954
f 997//955 969//955 998//955
f 998//955 969//955 995//955
f 998//956 995//956 999//956
f 999//956 995//956 993//956
f 999//957 993//957 1000//957
f 1000//958 993//958 991//958
f 1000//959 991//959 1001//959
f 1001//960 991//960 989//960
f 1001//961 989//961 1002//961
f 1002//962 989//962 987//962
f 1002//963 987//963 1003//963
f 1003//964 987//964 985//964
f 1003//965 985//965 975//965
f 975//965 985//965 983//965
f 975//966 983//966 973//966
f 973//967 983//967 982//967
f 973//967 982//967 976//967
f 974//968 1004//968 975//968
f 975//969 1004//969 971//969
f 975//970 971//970 1003//970
f 1003//971 971//971 970//971
f 1003//972 970//972 1002//972
f 1002//972 970//972 972//972
f 1002//973 972//973 1001//973
f 1001//974 972//974 977//974
f 1001//975 977//975 1000//975
f 1000//976 977//976 978//976
f 1000//977 978//977 999//977
f 999//978 978//978 979//978
f 999//979 979//979 998//979
f 998//980 979//980 980//980
f 998//981 980//981 997//981
f 997//981 980//981 981//981
f 997//982 981//982 543//982
f 543//982 981//982 544//982
f 955//983 472//983 981//983
f 981//984 472//984 545//984
f 981//985 545//985 544//985
f 261//986 976//986 1005//986
f 1006//987 564//987 546//987
f 564//988 1006//988 566//988
f 570//989 568//989 1007//989
f 575//990 574//990 1008//990
f 557//991 553//991 1009//991
f 546//992 1010//992 1006//992
f 1006//993 1010//993 1011//993
f 1006//994 1011//994 1012//994
f 1011//995 1013//995 1012//995
f 1012//996 1013//996 1014//996
f 1012//997 1014//997 1015//997
f 1014//998 1016//998 1015//998
f 1015//999 1016//999 1017//999
f 1015//1000 1017//1000 1018//1000
f 1017//1001 1019//1001 1018//1001
f 1018//1002 1019//1002 1020//1002
f 1018//1003 1020//1003 1021//1003
f 1020//1004 1022//1004 1021//1004
f 1021//1005 1022//1005 1023//1005
f 1021//1006 1023//1006 1024//1006
f 1023//1007 1025//1007 1024//1007
f 1024//1008 1025//1008 1026//1008
f 1024//1009 1026//1009 1027//1009
f 542//1010 556//1010 996//1010
f 996//1011 556//1011 1028//1011
f 996//1012 1028//1012 994//1012
f 994//1012 1028//1012 1029//1012
f 994//1013 1029//1013 992//1013
f 992//1013 1029//1013 1030//1013
f 992//1014 1030//1014 990//1014
f 990//1014 1030//1014 1031//1014
f 990//1015 1031//1015 988//1015
f 988//1015 1031//1015 1032//1015
f 988//1016 1032//1016 986//1016
f 986//1017 1032//1017 1033//1017
f 986//1018 1033//1018 984//1018
f 984//1018 1033//1018 1034//1018
f 984//1019 1034//1019 982//1019
f 982//1019 1034//1019 1035//1019
f 982//1020 1035//1020 976//1020
f 556//1021 557//1021 1028//1021
f 1028//1022 557//1022 1009//1022
f 1028//1023 1009//1023 1029//1023
f 1029//1024 1009//1024 1036//1024
f 1029//1025 1036//1025 1030//1025
f 1030//1026 1036//1026 1037//1026
f 1030//1027 1037//1027 1031//1027
f 1031//1028 1037//1028 1038//1028
f 1031//1029 1038//1029 1032//1029
f 1032//1030 1038//1030 1039//1030
f 1032//1031 1039//1031 1033//1031
f 1033//1031 1039//1031 1040//1031
f 1033//1032 1040//1032 1034//1032
f 1034//1032 1040//1032 1041//1032
f 1034//1033 1041//1033 1035//1033
f 1035//1033 1041//1033 1042//1033
f 553//1034 575//1034 1009//1034
f 1009//1035 575//1035 1008//1035
f 1009//1036 1008//1036 1036//1036
f 1036//1036 1008//1036 1043//1036
f 1036//1037 1043//1037 1037//1037
f 1037//1037 1043//1037 1044//1037
f 1037//1038 1044//1038 1038//1038
f 1038//1039 1044//1039 1045//1039
f 1038//1040 1045//1040 1039//1040
f 1039//1040 1045//1040 1046//1040
f 1039//1041 1046//1041 1040//1041
f 1040//1041 1046//1041 1047//1041
f 1040//1042 1047//1042 1041//1042
f 1041//1042 1047//1042 1048//1042
f 1041//1043 1048//1043 1042//1043
f 1042//1043 1048//1043 1049//1043
f 574//1044 573//1044 1008//1044
f 1008//1045 573//1045 1050//1045
f 1008//1046 1050//1046 1043//1046
f 1043//1047 1050//1047 1051//1047
f 1043//1048 1051//1048 1044//1048
f 1044//1048 1051//1048 1052//1048
f 1044//1049 1052//1049 1045//1049
f 1045//1050 1052//1050 1053//1050
f 1045//1051 1053//1051 1046//1051
f 1046//1051 1053//1051 1054//1051
f 1046//1052 1054//1052 1047//1052
f 1047//1052 1054//1052 1055//1052
f 1047//1053 1055//1053 1048//1053
f 1048//1053 1055//1053 1056//1053
f 1048//1054 1056//1054 1049//1054
f 1049//1054 1056//1054 1057//1054
f 573//1055 572//1055 1050//1055
f 1050//1056 572//1056 1058//1056
f 1050//1057 1058//1057 1051//1057
f 1051//1057 1058//1057 1059//1057
f 1051//1058 1059//1058 1052//1058
f 1052//1059 1059//1059 1060//1059
f 1052//1060 1060//1060 1053//1060
f 1053//1061 1060//1061 1061//1061
f 1053//1062 1061//1062 1054//1062
f 1054//1062 1061//1062 1062//1062
f 1054//1063 1062//1063 1055//1063
f 1055//1063 1062//1063 1063//1063
f 1055//1064 1063//1064 1056//1064
f 1056//1064 1063//1064 1064//1064
f 1056//1065 1064//1065 1057//1065
f 1057//1065 1064//1065 1065//1065
f 572//1066 570//1066 1058//1066
f 1058//1067 570//1067 1007//1067
f 1058//1068 1007//1068 1059//1068
f 1059//1069 1007//1069 1066//1069
f 1059//1070 1066//1070 1060//1070
f 1060//1071 1066//1071 1067//1071
f 1060//1072 1067//1072 1061//1072
f 1061//1073 1067//1073 1068//1073
f 1061//1074 1068//1074 1062//1074
f 1062//1074 1068//1074 1069//1074
f 1062//1075 1069//1075 1063//1075
f 1063//1075 1069//1075 1070//1075
f 1063//1076 1070//1076 1064//1076
f 1064//1076 1070//1076 1071//1076
f 1064//1077 1071//1077 1065//1077
f 1065//1077 1071//1077 1072//1077
f 568//1078 566//1078 1007//1078
f 1007//1079 566//1079 1006//1079
f 1007//1080 1006//1080 1066//1080
f 1066//1080 1006//1080 1012//1080
f 1066//1081 1012//1081 1067//1081
f 1067//1081 1012//1081 1015//1081
f 1067//1082 1015//1082 1068//1082
f 1068//1083 1015//1083 1018//1083
f 1068//1084 1018//1084 1069//1084
f 1069//1084 1018//1084 1021//1084
f 1069//1085 1021//1085 1070//1085
f 1070//1085 1021//1085 1024//1085
f 1070//1086 1024//1086 1071//1086
f 1071//1087 1024//1087 1027//1087
f 1071//1088 1027//1088 1072//1088
f 1072//1088 1027//1088 1073//1088
f 1026//1089 1074//1089 1027//1089
f 1027//1090 1074//1090 1075//1090
f 1027//1091 1075//1091 1073//1091
f 1073//1092 1075//1092 1076//1092
f 1073//1093 1076//1093 1077//1093
f 976//1020 1035//1020 1005//1020
f 1005//1094 1035//1094 1042//1094
f 1005//1094 1042//1094 1078//1094
f 1078//1095 1042//1095 1049//1095
f 1078//1095 1049//1095 1079//1095
f 1079//1096 1049//1096 1057//1096
f 1079//1096 1057//1096 1080//1096
f 1080//1097 1057//1097 1065//1097
f 1080//1097 1065//1097 1081//1097
f 1081//1098 1065//1098 1072//1098
f 1081//1098 1072//1098 1082//1098
f 1082//1099 1072//1099 1073//1099
f 1082//1099 1073//1099 1083//1099
f 1083//1100 1073//1100 1077//1100
f 1083//1101 1077//1101 1084//1101
f 261//986 1005//986 276//986
f 276//1102 1005//1102 1078//1102
f 276//1102 1078//1102 277//1102
f 277//1103 1078//1103 1079//1103
f 277//1103 1079//1103 285//1103
f 285//1104 1079//1104 1080//1104
f 285//1104 1080//1104 286//1104
f 286//1105 1080//1105 1081//1105
f 286//1105 1081//1105 284//1105
f 284//1106 1081//1106 1082//1106
f 284//1106 1082//1106 283//1106
f 283//1107 1082//1107 1083//1107
f 283//1107 1083//1107 282//1107
f 282//1108 1083//1108 1084//1108
f 282//1108 1084//1108 280//1108
f 280//871 1084//871 264//871
f 264//1109 1084//1109 312//1109
f 1084//870 1077//870 312//870
f 312//869 1077//869 1076//869
f 312//1110 1076//1110 314//1110
f 1076//868 1075//868 314//868
f 314//867 1075//867 1074//867
f 314//1111 1074//1111 316//1111
f 1074//866 1026//866 316//866
f 316//865 1026//865 1025//865
f 316//1112 1025//1112 317//1112
f 1025//864 1023//864 317//864
f 317//863 1023//863 1022//863
f 317//1113 1022//1113 329//1113
f 1022//862 1020//862 329//862
f 329//861 1020//861 1019//861
f 329//1114 1019//1114 330//1114
f 1019//860 1017//860 330//860
f 330//859 1017//859 1016//859
f 330//1115 1016//1115 328//1115
f 1016//858 1014//858 328//858
f 328//857 1014//857 1013//857
f 328//1116 1013//1116 327//1116
f 546//854 325//854 1010//854
f 1010//1117 325//1117 327//1117
f 1010//855 327//855 1011//855
f 1011//856 327//856 1013//856
f 547//1118 1085//1118 292//1118
f 292//1119 1085//1119 347//1119
f 1085//1120 1086//1120 347//1120
f 347//1121 1086//1121 1087//1121
f 347//1122 1087//1122 348//1122
f 1087//1123 1088//1123 348//1123
f 348//1124 1088//1124 1089//1124
f 348//1125 1089//1125 337//1125
f 1089//1126 1090//1126 337//1126
f 337//1127 1090//1127 1091//1127
f 337//1128 1091//1128 338//1128
f 1091//1129 1092//1129 338//1129
f 338//1130 1092//1130 1093//1130
f 338//1131 1093//1131 340//1131
f 1093//1132 1094//1132 340//1132
f 340//1133 1094//1133 1095//1133
f 340//1134 1095//1134 341//1134
f 1095//1135 1096//1135 341//1135
f 341//1136 1096//1136 1097//1136
f 341//1137 1097//1137 345//1137
f 1097//1138 1098//1138 345//1138
f 345//1139 1098//1139 1099//1139
f 345//1140 1099//1140 344//1140
f 37//1141 39//1141 1100//1141
f 1100//1142 39//1142 344//1142
f 1100//1143 344//1143 1101//1143
f 1101//1144 344//1144 1099//1144
f 560//1145 558//1145 1102//1145
f 562//1146 561//1146 1103//1146
f 569//1147 571//1147 1104//1147
f 565//1148 567//1148 1105//1148
f 547//1149 563//1149 1085//1149
f 1085//1150 563//1150 1106//1150
f 1085//1151 1106//1151 1086//1151
f 1086//1152 1106//1152 1107//1152
f 1108//1153 1088//1153 1107//1153
f 1107//1154 1088//1154 1087//1154
f 1107//1155 1087//1155 1086//1155
f 1109//1156 1090//1156 1108//1156
f 1108//1157 1090//1157 1089//1157
f 1108//1158 1089//1158 1088//1158
f 1110//1159 1092//1159 1109//1159
f 1109//1160 1092//1160 1091//1160
f 1109//1161 1091//1161 1090//1161
f 1111//1162 1094//1162 1110//1162
f 1110//1163 1094//1163 1093//1163
f 1110//1164 1093//1164 1092//1164
f 1112//1165 1096//1165 1111//1165
f 1111//1166 1096//1166 1095//1166
f 1111//1167 1095//1167 1094//1167
f 1113//1168 1098//1168 1112//1168
f 1112//1169 1098//1169 1097//1169
f 1112//1170 1097//1170 1096//1170
f 1114//1171 1101//1171 1113//1171
f 1113//1172 1101//1172 1099//1172
f 1113//1173 1099//1173 1098//1173
f 35//1174 37//1174 1114//1174
f 1114//1174 37//1174 1100//1174
f 1114//1175 1100//1175 1101//1175
f 563//1176 565//1176 1106//1176
f 1106//1177 565//1177 1105//1177
f 1106//1178 1105//1178 1107//1178
f 1107//1178 1105//1178 1115//1178
f 1107//1179 1115//1179 1108//1179
f 1108//1179 1115//1179 1116//1179
f 1108//1180 1116//1180 1109//1180
f 1109//1181 1116//1181 1117//1181
f 1109//1182 1117//1182 1110//1182
f 1110//1182 1117//1182 1118//1182
f 1110//1183 1118//1183 1111//1183
f 1111//1183 1118//1183 1119//1183
f 1111//1184 1119//1184 1112//1184
f 1112//1184 1119//1184 1120//1184
f 1112//1185 1120//1185 1113//1185
f 1113//1185 1120//1185 1121//1185
f 1113//1186 1121//1186 1114//1186
f 1114//1186 1121//1186 1122//1186
f 1114//1187 1122//1187 35//1187
f 35//1187 1122//1187 36//1187
f 567//1188 569//1188 1105//1188
f 1105//1189 569//1189 1104//1189
f 1105//1190 1104//1190 1115//1190
f 1115//1191 1104//1191 1123//1191
f 1115//1192 1123//1192 1116//1192
f 1116//1193 1123//1193 1124//1193
f 1116//1194 1124//1194 1117//1194
f 1117//1195 1124//1195 1125//1195
f 1117//1196 1125//1196 1118//1196
f 1118//1196 1125//1196 1126//1196
f 1118//1197 1126//1197 1119//1197
f 1119//1197 1126//1197 1127//1197
f 1119//1198 1127//1198 1120//1198
f 1120//1198 1127//1198 1128//1198
f 1120//1199 1128//1199 1121//1199
f 1121//1199 1128//1199 1129//1199
f 1121//1200 1129//1200 1122//1200
f 1122//1200 1129//1200 1130//1200
f 1122//1201 1130//1201 36//1201
f 36//1201 1130//1201 45//1201
f 571//1202 551//1202 1104//1202
f 1104//1203 551//1203 1131//1203
f 1104//1204 1131//1204 1123//1204
f 1123//1204 1131//1204 1132//1204
f 1123//1205 1132//1205 1124//1205
f 1124//1205 1132//1205 1133//1205
f 1124//1206 1133//1206 1125//1206
f 1125//1207 1133//1207 1134//1207
f 1125//1208 1134//1208 1126//1208
f 1126//1208 1134//1208 1135//1208
f 1126//1209 1135//1209 1127//1209
f 1127//1209 1135//1209 1136//1209
f 1127//1210 1136//1210 1128//1210
f 1128//1210 1136//1210 1137//1210
f 1128//1211 1137//1211 1129//1211
f 1129//1211 1137//1211 1138//1211
f 1129//1212 1138//1212 1130//1212
f 1130//1212 1138//1212 1139//1212
f 1130//1213 1139//1213 45//1213
f 45//1213 1139//1213 46//1213
f 551//1214 549//1214 1131//1214
f 1131//1215 549//1215 1140//1215
f 1131//1216 1140//1216 1132//1216
f 1132//1217 1140//1217 1141//1217
f 1132//1218 1141//1218 1133//1218
f 1133//1218 1141//1218 1142//1218
f 1133//1219 1142//1219 1134//1219
f 1134//1220 1142//1220 1143//1220
f 1134//1221 1143//1221 1135//1221
f 1135//1221 1143//1221 1144//1221
f 1135//1222 1144//1222 1136//1222
f 1136//1223 1144//1223 1145//1223
f 1136//1224 1145//1224 1137//1224
f 1137//1224 1145//1224 1146//1224
f 1137//1225 1146//1225 1138//1225
f 1138//1225 1146//1225 1147//1225
f 1138//1226 1147//1226 1139//1226
f 1139//1227 1147//1227 1148//1227
f 1139//1228 1148//1228 46//1228
f 46//1228 1148//1228 47//1228
f 549//1229 562//1229 1140//1229
f 1140//1230 562//1230 1103//1230
f 1140//1231 1103//1231 1141//1231
f 1141//1232 1103//1232 1149//1232
f 1141//1233 1149//1233 1142//1233
f 1142//1233 1149//1233 1150//1233
f 1142//1234 1150//1234 1143//1234
f 1143//1234 1150//1234 1151//1234
f 1143//1235 1151//1235 1144//1235
f 1144//1235 1151//1235 1152//1235
f 1144//1236 1152//1236 1145//1236
f 1145//1236 1152//1236 1153//1236
f 1145//1237 1153//1237 1146//1237
f 1146//1237 1153//1237 1154//1237
f 1146//1238 1154//1238 1147//1238
f 1147//1238 1154//1238 1155//1238
f 1147//1239 1155//1239 1148//1239
f 1148//1239 1155//1239 1156//1239
f 1148//1240 1156//1240 47//1240
f 47//1240 1156//1240 48//1240
f 561//1241 560//1241 1103//1241
f 1103//1242 560//1242 1102//1242
f 1103//1243 1102//1243 1149//1243
f 1149//1243 1102//1243 1157//1243
f 1149//1244 1157//1244 1150//1244
f 1150//1245 1157//1245 1158//1245
f 1150//1246 1158//1246 1151//1246
f 1151//1246 1158//1246 1159//1246
f 1151//1247 1159//1247 1152//1247
f 1152//1248 1159//1248 1160//1248
f 1152//1249 1160//1249 1153//1249
f 1153//1249 1160//1249 1161//1249
f 1153//1250 1161//1250 1154//1250
f 1154//1250 1161//1250 1162//1250
f 1154//1251 1162//1251 1155//1251
f 1155//1251 1162//1251 1163//1251
f 1155//1252 1163//1252 1156//1252
f 1156//1253 1163//1253 1164//1253
f 1156//1254 1164//1254 48//1254
f 48//1254 1164//1254 49//1254
f 558//1255 23//1255 1102//1255
f 1102//1256 23//1256 109//1256
f 1102//1257 109//1257 1157//1257
f 1157//1257 109//1257 108//1257
f 1157//1258 108//1258 1158//1258
f 1158//1259 108//1259 107//1259
f 1158//1260 107//1260 1159//1260
f 1159//1260 107//1260 106//1260
f 1159//1261 106//1261 1160//1261
f 1160//1261 106//1261 105//1261
f 1160//1262 105//1262 1161//1262
f 1161//1263 105//1263 104//1263
f 1161//1264 104//1264 1162//1264
f 1162//1264 104//1264 103//1264
f 1162//1265 103//1265 1163//1265
f 1163//1265 103//1265 102//1265
f 1163//1266 102//1266 1164//1266
f 1164//1266 102//1266 71//1266
f 1164//1267 71//1267 49//1267
f 49//1267 71//1267 51//1267
f 1165//1268 1166//1268 1167//1268
f 580//1269 688//1269 1167//1269
f 1167//1270 688//1270 1168//1270
f 1167//1271 1168//1271 1165//1271
f 1169//1272 1170//1272 1171//1272
f 1166//1273 1165//1273 1171//1273
f 1171//1274 1165//1274 1172//1274
f 1171//1275 1172//1275 1169//1275
f 1170//1276 1169//1276 1173//1276
f 1173//1277 1169//1277 1174//1277
f 1173//1278 1174//1278 1175//1278
f 1176//1279 1177//1279 1178//1279
f 1178//1280 1177//1280 1179//1280
f 1178//1281 1179//1281 1180//1281
f 1180//1282 1179//1282 1181//1282
f 1180//1283 1181//1283 1182//1283
f 1182//1284 1181//1284 1183//1284
f 1182//1285 1183//1285 1184//1285
f 1184//1286 1183//1286 1185//1286
f 1184//1287 1185//1287 1186//1287
f 1186//1288 1185//1288 1187//1288
f 1186//1289 1187//1289 1188//1289
f 1188//1290 1187//1290 1189//1290
f 1188//1291 1189//1291 1190//1291
f 1190//1292 1189//1292 1191//1292
f 1190//1293 1191//1293 1175//1293
f 1175//1294 1191//1294 1192//1294
f 1175//1295 1192//1295 1173//1295
f 1178//1296 1193//1296 1176//1296
f 1176//1297 1193//1297 1194//1297
f 1176//1298 1194//1298 1195//1298
f 1195//1299 1194//1299 1196//1299
f 1195//1300 1196//1300 1197//1300
f 1197//1301 1196//1301 1198//1301
f 1197//1302 1198//1302 1199//1302
f 1199//1303 1198//1303 489//1303
f 1199//1304 489//1304 488//1304
f 508//1305 506//1305 1200//1305
f 533//1306 532//1306 1201//1306
f 530//1307 529//1307 1202//1307
f 528//1308 526//1308 1203//1308
f 524//1309 522//1309 1204//1309
f 520//1310 518//1310 1205//1310
f 516//1311 514//1311 1206//1311
f 512//1312 510//1312 1207//1312
f 688//1313 1208//1313 1168//1313
f 688//1314 1209//1314 1210//1314
f 1210//1315 1209//1315 1211//1315
f 1210//1316 1211//1316 1212//1316
f 1213//1317 1214//1317 1174//1317
f 1174//1318 1169//1318 1213//1318
f 1213//1319 1169//1319 1172//1319
f 1213//1320 1172//1320 1208//1320
f 1208//1321 1172//1321 1165//1321
f 1208//1322 1165//1322 1168//1322
f 1211//1323 1215//1323 1212//1323
f 1212//1324 1215//1324 1216//1324
f 1212//1325 1216//1325 1217//1325
f 1218//1326 1188//1326 1219//1326
f 1219//1327 1188//1327 1190//1327
f 1219//1328 1190//1328 1214//1328
f 1214//1329 1190//1329 1175//1329
f 1214//1330 1175//1330 1174//1330
f 1216//1331 1220//1331 1217//1331
f 1217//1332 1220//1332 1221//1332
f 1217//1333 1221//1333 1222//1333
f 1222//1334 1221//1334 1223//1334
f 1222//1335 1223//1335 1224//1335
f 1224//1336 1223//1336 1225//1336
f 1226//1337 1184//1337 1218//1337
f 1218//1338 1184//1338 1186//1338
f 1218//1339 1186//1339 1188//1339
f 1225//1340 1227//1340 1224//1340
f 1224//1341 1227//1341 1228//1341
f 1224//1342 1228//1342 1229//1342
f 1230//1343 1180//1343 1226//1343
f 1226//1344 1180//1344 1182//1344
f 1226//1345 1182//1345 1184//1345
f 1228//1346 1231//1346 1229//1346
f 1229//1347 1231//1347 1232//1347
f 1229//1348 1232//1348 1233//1348
f 1234//1349 1193//1349 1230//1349
f 1230//1350 1193//1350 1178//1350
f 1230//1351 1178//1351 1180//1351
f 1232//1352 1235//1352 1233//1352
f 1233//1353 1235//1353 1236//1353
f 1233//1354 1236//1354 1237//1354
f 1207//1355 1196//1355 1234//1355
f 1234//1356 1196//1356 1194//1356
f 1234//1357 1194//1357 1193//1357
f 510//1358 489//1358 1207//1358
f 1207//1358 489//1358 1198//1358
f 1207//1359 1198//1359 1196//1359
f 514//1360 512//1360 1206//1360
f 1206//1361 512//1361 1207//1361
f 1206//1362 1207//1362 1238//1362
f 1238//1362 1207//1362 1234//1362
f 1238//1363 1234//1363 1239//1363
f 1239//1364 1234//1364 1230//1364
f 1239//1365 1230//1365 1240//1365
f 1240//1365 1230//1365 1226//1365
f 1240//1366 1226//1366 1241//1366
f 1241//1367 1226//1367 1218//1367
f 1241//1368 1218//1368 1242//1368
f 1242//1368 1218//1368 1219//1368
f 1242//1369 1219//1369 1243//1369
f 1243//1369 1219//1369 1214//1369
f 1243//1370 1214//1370 1244//1370
f 1244//1371 1214//1371 1213//1371
f 1244//1372 1213//1372 1245//1372
f 1245//1373 1213//1373 1208//1373
f 1245//1374 1208//1374 688//1374
f 518//1375 516//1375 1205//1375
f 1205//1376 516//1376 1206//1376
f 1205//1377 1206//1377 1246//1377
f 1246//1377 1206//1377 1238//1377
f 1246//1378 1238//1378 1247//1378
f 1247//1378 1238//1378 1239//1378
f 1247//1379 1239//1379 1248//1379
f 1248//1379 1239//1379 1240//1379
f 1248//1380 1240//1380 1249//1380
f 1249//1380 1240//1380 1241//1380
f 1249//1381 1241//1381 1250//1381
f 1250//1381 1241//1381 1242//1381
f 1250//1382 1242//1382 1251//1382
f 1251//1382 1242//1382 1243//1382
f 1251//1383 1243//1383 1252//1383
f 1252//1384 1243//1384 1244//1384
f 1252//1385 1244//1385 1253//1385
f 1253//1386 1244//1386 1245//1386
f 1253//1387 1245//1387 688//1387
f 522//1388 520//1388 1204//1388
f 1204//1389 520//1389 1205//1389
f 1204//1390 1205//1390 1254//1390
f 1254//1391 1205//1391 1246//1391
f 1254//1392 1246//1392 1255//1392
f 1255//1392 1246//1392 1247//1392
f 1255//1393 1247//1393 1256//1393
f 1256//1393 1247//1393 1248//1393
f 1256//1394 1248//1394 1257//1394
f 1257//1394 1248//1394 1249//1394
f 1257//1395 1249//1395 1258//1395
f 1258//1396 1249//1396 1250//1396
f 1258//1397 1250//1397 1259//1397
f 1259//1397 1250//1397 1251//1397
f 1259//1398 1251//1398 1260//1398
f 1260//1399 1251//1399 1252//1399
f 1260//1400 1252//1400 1261//1400
f 1261//1400 1252//1400 1253//1400
f 1261//1401 1253//1401 688//1401
f 526//1402 524//1402 1203//1402
f 1203//1403 524//1403 1204//1403
f 1203//1404 1204//1404 1262//1404
f 1262//1404 1204//1404 1254//1404
f 1262//1405 1254//1405 1263//1405
f 1263//1406 1254//1406 1255//1406
f 1263//1407 1255//1407 1264//1407
f 1264//1407 1255//1407 1256//1407
f 1264//1408 1256//1408 1265//1408
f 1265//1408 1256//1408 1257//1408
f 1265//1409 1257//1409 1266//1409
f 1266//1409 1257//1409 1258//1409
f 1266//1410 1258//1410 1267//1410
f 1267//1411 1258//1411 1259//1411
f 1267//1412 1259//1412 1268//1412
f 1268//1413 1259//1413 1260//1413
f 1268//1414 1260//1414 1269//1414
f 1269//1415 1260//1415 1261//1415
f 1269//1416 1261//1416 688//1416
f 529//1417 528//1417 1202//1417
f 1202//1418 528//1418 1203//1418
f 1202//1419 1203//1419 1270//1419
f 1270//1419 1203//1419 1262//1419
f 1270//1420 1262//1420 1271//1420
f 1271//1421 1262//1421 1263//1421
f 1271//1422 1263//1422 1272//1422
f 1272//1422 1263//1422 1264//1422
f 1272//1423 1264//1423 1273//1423
f 1273//1423 1264//1423 1265//1423
f 1273//1424 1265//1424 1274//1424
f 1274//1425 1265//1425 1266//1425
f 1274//1426 1266//1426 1275//1426
f 1275//1426 1266//1426 1267//1426
f 1275//1427 1267//1427 1276//1427
f 1276//1427 1267//1427 1268//1427
f 1276//1428 1268//1428 1277//1428
f 1277//1428 1268//1428 1269//1428
f 1277//1429 1269//1429 688//1429
f 532//1430 530//1430 1201//1430
f 1201//1431 530//1431 1202//1431
f 1201//1432 1202//1432 1278//1432
f 1278//1433 1202//1433 1270//1433
f 1278//1434 1270//1434 1279//1434
f 1279//1435 1270//1435 1271//1435
f 1279//1436 1271//1436 1280//1436
f 1280//1437 1271//1437 1272//1437
f 1280//1438 1272//1438 1281//1438
f 1281//1438 1272//1438 1273//1438
f 1281//1439 1273//1439 1282//1439
f 1282//1440 1273//1440 1274//1440
f 1282//1441 1274//1441 1283//1441
f 1283//1441 1274//1441 1275//1441
f 1283//1442 1275//1442 1284//1442
f 1284//1443 1275//1443 1276//1443
f 1284//1444 1276//1444 1285//1444
f 1285//1445 1276//1445 1277//1445
f 1285//1446 1277//1446 688//1446
f 506//1447 533//1447 1200//1447
f 1200//1448 533//1448 1201//1448
f 1200//1449 1201//1449 1286//1449
f 1286//1450 1201//1450 1278//1450
f 1286//1451 1278//1451 1287//1451
f 1287//1451 1278//1451 1279//1451
f 1287//1452 1279//1452 1288//1452
f 1288//1452 1279//1452 1280//1452
f 1288//1453 1280//1453 1289//1453
f 1289//1454 1280//1454 1281//1454
f 1289//1455 1281//1455 1290//1455
f 1290//1456 1281//1456 1282//1456
f 1290//1457 1282//1457 1291//1457
f 1291//1457 1282//1457 1283//1457
f 1291//1458 1283//1458 1292//1458
f 1292//1459 1283//1459 1284//1459
f 1292//1460 1284//1460 1293//1460
f 1293//1460 1284//1460 1285//1460
f 1293//1461 1285//1461 688//1461
f 507//1462 508//1462 1294//1462
f 1294//1463 508//1463 1200//1463
f 1294//1464 1200//1464 1237//1464
f 1237//1464 1200//1464 1286//1464
f 1237//1465 1286//1465 1233//1465
f 1233//1465 1286//1465 1287//1465
f 1233//1466 1287//1466 1229//1466
f 1229//1466 1287//1466 1288//1466
f 1229//1467 1288//1467 1224//1467
f 1224//1467 1288//1467 1289//1467
f 1224//1468 1289//1468 1222//1468
f 1222//1468 1289//1468 1290//1468
f 1222//1469 1290//1469 1217//1469
f 1217//1470 1290//1470 1291//1470
f 1217//1471 1291//1471 1212//1471
f 1212//1471 1291//1471 1292//1471
f 1212//1472 1292//1472 1210//1472
f 1210//1472 1292//1472 1293//1472
f 1210//1473 1293//1473 688//1473
f 1236//1474 1295//1474 1237//1474
f 1237//1475 1295//1475 1296//1475
f 1237//1476 1296//1476 1294//1476
f 1294//1477 1296//1477 1297//1477
f 1294//1478 1297//1478 507//1478
f 507//1478 1297//1478 5//1478
f 6//1118 5//1118 238//1118
f 238//1118 5//1118 1297//1118
f 238//1120 1297//1120 239//1120
f 239//1120 1297//1120 1296//1120
f 239//1121 1296//1121 242//1121
f 242//1121 1296//1121 1295//1121
f 242//1123 1295//1123 243//1123
f 243//1123 1295//1123 1236//1123
f 243//1124 1236//1124 244//1124
f 244//1124 1236//1124 1235//1124
f 244//1126 1235//1126 245//1126
f 245//1126 1235//1126 1232//1126
f 245//1127 1232//1127 248//1127
f 248//1127 1232//1127 1231//1127
f 248//1129 1231//1129 249//1129
f 249//1129 1231//1129 1228//1129
f 249//1130 1228//1130 250//1130
f 250//1130 1228//1130 1227//1130
f 250//1132 1227//1132 252//1132
f 252//1132 1227//1132 1225//1132
f 252//1133 1225//1133 253//1133
f 253//1133 1225//1133 1223//1133
f 253//1135 1223//1135 254//1135
f 254//1135 1223//1135 1221//1135
f 254//1136 1221//1136 255//1136
f 255//1136 1221//1136 1220//1136
f 255//1138 1220//1138 256//1138
f 256//1138 1220//1138 1216//1138
f 256//1139 1216//1139 257//1139
f 257//1139 1216//1139 1215//1139
f 257//1144 1215//1144 258//1144
f 258//1144 1215//1144 1211//1144
f 258//1143 1211//1143 235//1143
f 235//1143 1211//1143 1209//1143
f 235//1141 1209//1141 236//1141
f 236//1141 1209//1141 688//1141
f 270//1479 269//1479 731//1479
f 731//1479 269//1479 299//1479
f 1004//1480 974//1480 803//1480
f 803//1481 974//1481 715//1481
f 801//1482 948//1482 803//1482
f 803//1483 948//1483 971//1483
f 803//1484 971//1484 1004//1484
f 424//1485 423//1485 801//1485
f 801//1486 423//1486 399//1486
f 399//1487 401//1487 801//1487
f 801//1488 401//1488 946//1488
f 801//1489 946//1489 944//1489
f 944//1490 943//1490 801//1490
f 801//1491 943//1491 940//1491
f 801//1492 940//1492 942//1492
f 942//1493 938//1493 801//1493
f 801//1494 938//1494 937//1494
f 801//1495 937//1495 948//1495
f 974//1496 260//1496 715//1496
f 715//1497 260//1497 259//1497
f 715//1498 259//1498 714//1498
f 714//1499 259//1499 275//1499
f 714//1500 275//1500 712//1500
f 712//1500 275//1500 281//1500
f 712//1501 281//1501 710//1501
f 710//1501 281//1501 279//1501
f 710//1502 279//1502 719//1502
f 719//1502 279//1502 278//1502
f 719//1503 278//1503 720//1503
f 720//1503 278//1503 268//1503
f 720//1504 268//1504 721//1504
f 721//1504 268//1504 267//1504
f 721//1505 267//1505 704//1505
f 704//1505 267//1505 266//1505
f 704//1506 266//1506 705//1506
f 705//1507 266//1507 265//1507
f 705//1508 265//1508 707//1508
f 707//1508 265//1508 263//1508
f 707//1509 263//1509 708//1509
f 708//1509 263//1509 262//1509
f 629//1479 302//1479 55//1479
f 55//1479 302//1479 58//1479
f 120//1510 165//1510 633//1510
f 633//1511 165//1511 166//1511
f 633//1512 166//1512 219//1512
f 115//1513 111//1513 633//1513
f 633//1514 111//1514 113//1514
f 633//1515 113//1515 117//1515
f 117//1516 119//1516 633//1516
f 633//1517 119//1517 121//1517
f 633//1518 121//1518 120//1518
f 69//1484 67//1484 634//1484
f 634//1519 67//1519 74//1519
f 634//1520 74//1520 633//1520
f 633//1495 74//1495 116//1495
f 633//1494 116//1494 115//1494
f 69//1480 634//1480 70//1480
f 70//1521 634//1521 577//1521
f 70//1522 577//1522 52//1522
f 604//1509 59//1509 606//1509
f 606//1509 59//1509 57//1509
f 606//1508 57//1508 607//1508
f 607//1508 57//1508 56//1508
f 607//1507 56//1507 597//1507
f 597//1506 56//1506 44//1506
f 597//1505 44//1505 595//1505
f 595//1505 44//1505 43//1505
f 595//1504 43//1504 593//1504
f 593//1504 43//1504 42//1504
f 593//1503 42//1503 600//1503
f 600//1503 42//1503 41//1503
f 600//1502 41//1502 601//1502
f 601//1502 41//1502 40//1502
f 601//1501 40//1501 602//1501
f 602//1501 40//1501 38//1501
f 602//1500 38//1500 576//1500
f 576//1500 38//1500 34//1500
f 576//1499 34//1499 577//1499
f 577//1498 34//1498 50//1498
f 577//1497 50//1497 52//1497
f 654//1523 652//1523 1298//1523
f 1299//1524 1300//1524 650//1524
f 650//1525 1300//1525 1301//1525
f 1301//1526 1302//1526 650//1526
f 650//1527 1302//1527 1303//1527
f 650//1528 1303//1528 652//1528
f 652//1529 1303//1529 1304//1529
f 652//1530 1304//1530 1298//1530
f 1305//1531 1306//1531 789//1531
f 1305//1532 789//1532 1307//1532
f 1308//1533 1309//1533 648//1533
f 1308//1534 648//1534 1310//1534
f 1306//1535 1311//1535 789//1535
f 789//1536 1311//1536 1312//1536
f 789//1537 1312//1537 1310//1537
f 1309//1538 1313//1538 648//1538
f 648//1539 1313//1539 1314//1539
f 648//1540 1314//1540 1315//1540
f 1315//1541 1316//1541 648//1541
f 648//1542 1316//1542 1317//1542
f 648//1543 1317//1543 650//1543
f 650//1544 1317//1544 1318//1544
f 650//1545 1318//1545 1299//1545
f 1319//1546 787//1546 1320//1546
f 1320//1547 787//1547 1321//1547
f 1319//1548 1322//1548 787//1548
f 787//1545 1322//1545 1323//1545
f 787//1549 1323//1549 789//1549
f 789//1550 1323//1550 1324//1550
f 789//1551 1324//1551 1307//1551
f 1325//1552 1326//1552 785//1552
f 785//1530 1326//1530 1327//1530
f 785//1553 1327//1553 787//1553
f 787//1554 1327//1554 1328//1554
f 787//1555 1328//1555 1321//1555
f 785//1556 783//1556 1325//1556
f 1325//1557 783//1557 781//1557
f 1325//1557 781//1557 1329//1557
f 1329//1558 781//1558 779//1558
f 1329//1558 779//1558 1330//1558
f 1330//1559 779//1559 777//1559
f 1330//1560 777//1560 1331//1560
f 1331//1561 777//1561 775//1561
f 1331//1561 775//1561 1332//1561
f 1332//1562 775//1562 773//1562
f 1332//1562 773//1562 1333//1562
f 1333//1563 773//1563 771//1563
f 1333//1563 771//1563 1334//1563
f 1334//1564 771//1564 769//1564
f 1334//1564 769//1564 1335//1564
f 1335//1565 769//1565 767//1565
f 1335//1565 767//1565 1336//1565
f 1336//1566 767//1566 765//1566
f 1336//1566 765//1566 1337//1566
f 1337//1567 765//1567 763//1567
f 1337//1567 763//1567 1338//1567
f 1338//1568 763//1568 761//1568
f 1338//1568 761//1568 1339//1568
f 1339//1569 761//1569 759//1569
f 1339//1569 759//1569 1340//1569
f 1340//1570 759//1570 757//1570
f 1340//1570 757//1570 1341//1570
f 1341//1571 757//1571 755//1571
f 1341//1571 755//1571 1342//1571
f 1342//1572 755//1572 753//1572
f 1342//1572 753//1572 1343//1572
f 1343//1573 753//1573 751//1573
f 1343//1573 751//1573 1344//1573
f 1344//1574 751//1574 750//1574
f 1344//1574 750//1574 1345//1574
f 1345//1575 750//1575 748//1575
f 1345//1575 748//1575 1346//1575
f 1346//1576 748//1576 746//1576
f 1346//1577 746//1577 1347//1577
f 1347//1578 746//1578 744//1578
f 1347//1578 744//1578 1348//1578
f 1348//1579 744//1579 742//1579
f 1348//1579 742//1579 1349//1579
f 1349//1580 742//1580 740//1580
f 1349//1580 740//1580 1350//1580
f 1350//1581 740//1581 738//1581
f 1350//1581 738//1581 1351//1581
f 1351//1582 738//1582 736//1582
f 1351//1582 736//1582 1352//1582
f 1352//1583 736//1583 33//1583
f 1352//1583 33//1583 31//1583
f 696//1584 797//1584 805//1584
f 805//1585 797//1585 807//1585
f 815//1586 813//1586 795//1586
f 795//1587 813//1587 811//1587
f 795//1588 811//1588 797//1588
f 797//1589 811//1589 809//1589
f 797//1590 809//1590 807//1590
f 793//1591 825//1591 823//1591
f 823//1592 821//1592 793//1592
f 793//1593 821//1593 819//1593
f 793//1594 819//1594 795//1594
f 795//1595 819//1595 817//1595
f 795//1596 817//1596 815//1596
f 1176//1597 1195//1597 646//1597
f 1195//1598 1197//1598 646//1598
f 646//1599 1197//1599 1199//1599
f 646//1600 1199//1600 488//1600
f 490//1601 837//1601 791//1601
f 791//1602 837//1602 835//1602
f 791//1603 835//1603 833//1603
f 833//1604 831//1604 791//1604
f 791//1605 831//1605 829//1605
f 791//1606 829//1606 793//1606
f 793//1607 829//1607 827//1607
f 793//1608 827//1608 825//1608
f 1185//1609 1183//1609 644//1609
f 1185//1610 644//1610 1187//1610
f 1183//1608 1181//1608 644//1608
f 644//1611 1181//1611 1179//1611
f 644//1612 1179//1612 646//1612
f 646//1613 1179//1613 1177//1613
f 646//1614 1177//1614 1176//1614
f 1173//1615 1192//1615 643//1615
f 643//1596 1192//1596 1191//1596
f 643//1616 1191//1616 644//1616
f 644//1617 1191//1617 1189//1617
f 644//1618 1189//1618 1187//1618
f 582//1619 1171//1619 643//1619
f 643//1620 1171//1620 1170//1620
f 643//1621 1170//1621 1173//1621
f 580//1622 1167//1622 582//1622
f 582//1623 1167//1623 1166//1623
f 582//1590 1166//1590 1171//1590
f 1298//1624 1353//1624 654//1624
f 654//1557 1353//1557 1354//1557
f 654//1557 1354//1557 656//1557
f 656//1558 1354//1558 1355//1558
f 656//1558 1355//1558 658//1558
f 658//1559 1355//1559 1356//1559
f 658//1560 1356//1560 660//1560
f 660//1561 1356//1561 1357//1561
f 660//1561 1357//1561 662//1561
f 662//1562 1357//1562 1358//1562
f 662//1562 1358//1562 664//1562
f 664//1563 1358//1563 1359//1563
f 664//1563 1359//1563 666//1563
f 666//1564 1359//1564 1360//1564
f 666//1564 1360//1564 668//1564
f 668//1565 1360//1565 1361//1565
f 668//1565 1361//1565 670//1565
f 670//1566 1361//1566 1362//1566
f 670//1566 1362//1566 672//1566
f 672//1567 1362//1567 1363//1567
f 672//1567 1363//1567 674//1567
f 674//1568 1363//1568 1364//1568
f 674//1568 1364//1568 676//1568
f 676//1569 1364//1569 1365//1569
f 676//1569 1365//1569 678//1569
f 678//1570 1365//1570 1366//1570
f 678//1570 1366//1570 680//1570
f 680//1571 1366//1571 1367//1571
f 680//1571 1367//1571 682//1571
f 682//1572 1367//1572 1368//1572
f 682//1572 1368//1572 684//1572
f 684//1573 1368//1573 1369//1573
f 684//1573 1369//1573 685//1573
f 685//1574 1369//1574 1370//1574
f 685//1574 1370//1574 609//1574
f 609//1575 1370//1575 1371//1575
f 609//1575 1371//1575 611//1575
f 611//1576 1371//1576 1372//1576
f 611//1577 1372//1577 613//1577
f 613//1578 1372//1578 1373//1578
f 613//1578 1373//1578 615//1578
f 615//1579 1373//1579 1374//1579
f 615//1579 1374//1579 617//1579
f 617//1580 1374//1580 1375//1580
f 617//1580 1375//1580 619//1580
f 619//1581 1375//1581 1376//1581
f 619//1581 1376//1581 621//1581
f 621//1582 1376//1582 1377//1582
f 621//1582 1377//1582 623//1582
f 623//1583 1377//1583 1378//1583
f 623//1583 1378//1583 625//1583
f 1310//1534 648//1534 789//1534
f 789//1625 648//1625 646//1625
f 789//1625 646//1625 791//1625
f 791//1626 646//1626 488//1626
f 791//1626 488//1626 490//1626
f 1379//1627 1380//1627 587//1627
f 784//1628 1381//1628 782//1628
f 782//1629 1381//1629 1382//1629
f 782//1630 1382//1630 780//1630
f 780//1630 1382//1630 1383//1630
f 780//1631 1383//1631 778//1631
f 778//1631 1383//1631 1384//1631
f 778//1632 1384//1632 776//1632
f 776//1632 1384//1632 1385//1632
f 776//1633 1385//1633 774//1633
f 774//1633 1385//1633 1386//1633
f 774//1634 1386//1634 772//1634
f 772//1634 1386//1634 1387//1634
f 772//1635 1387//1635 770//1635
f 770//1636 1387//1636 1388//1636
f 770//1637 1388//1637 768//1637
f 768//1637 1388//1637 1389//1637
f 768//1638 1389//1638 766//1638
f 766//1638 1389//1638 1390//1638
f 766//1639 1390//1639 764//1639
f 764//1639 1390//1639 1391//1639
f 764//1640 1391//1640 762//1640
f 762//1640 1391//1640 1392//1640
f 762//1641 1392//1641 760//1641
f 760//1641 1392//1641 1393//1641
f 760//1642 1393//1642 758//1642
f 758//1642 1393//1642 1394//1642
f 758//1643 1394//1643 756//1643
f 756//1644 1394//1644 1395//1644
f 756//1645 1395//1645 754//1645
f 754//1645 1395//1645 1396//1645
f 754//1646 1396//1646 752//1646
f 752//1646 1396//1646 1397//1646
f 752//1647 1397//1647 749//1647
f 749//1647 1397//1647 1398//1647
f 749//1648 1398//1648 747//1648
f 747//1648 1398//1648 1399//1648
f 747//1649 1399//1649 745//1649
f 745//1649 1399//1649 1400//1649
f 745//1650 1400//1650 743//1650
f 743//1651 1400//1651 1401//1651
f 743//1652 1401//1652 741//1652
f 741//1652 1401//1652 1402//1652
f 741//1653 1402//1653 739//1653
f 739//1653 1402//1653 1403//1653
f 739//1654 1403//1654 737//1654
f 737//1654 1403//1654 1404//1654
f 737//1655 1404//1655 724//1655
f 724//1655 1404//1655 1405//1655
f 724//1656 1405//1656 725//1656
f 725//1656 1405//1656 1406//1656
f 725//577 1406//577 717//577
f 717//577 1406//577 1407//577
f 717//1657 1407//1657 718//1657
f 718//1657 1407//1657 1408//1657
f 718//1658 1408//1658 695//1658
f 1409//1659 1410//1659 786//1659
f 786//1660 1410//1660 1411//1660
f 786//1661 1411//1661 1412//1661
f 1412//1662 1413//1662 786//1662
f 786//1663 1413//1663 1414//1663
f 786//1664 1414//1664 784//1664
f 784//1665 1414//1665 1415//1665
f 784//1666 1415//1666 1381//1666
f 1416//1667 1417//1667 647//1667
f 1416//1668 647//1668 1418//1668
f 1419//1669 1420//1669 788//1669
f 788//1670 1420//1670 1421//1670
f 788//1671 1421//1671 1422//1671
f 1422//1672 1423//1672 788//1672
f 788//1673 1423//1673 1424//1673
f 788//1674 1424//1674 786//1674
f 786//1675 1424//1675 1425//1675
f 786//1676 1425//1676 1409//1676
f 651//1677 1426//1677 649//1677
f 649//1678 1426//1678 1427//1678
f 649//1679 1427//1679 1428//1679
f 1428//1680 1429//1680 649//1680
f 649//1681 1429//1681 1430//1681
f 649//1682 1430//1682 1431//1682
f 1431//1659 1432//1659 649//1659
f 649//1676 1432//1676 1433//1676
f 649//1683 1433//1683 647//1683
f 647//1684 1433//1684 1434//1684
f 647//1685 1434//1685 1418//1685
f 587//1686 1380//1686 585//1686
f 585//1687 1380//1687 1435//1687
f 585//1657 1435//1657 583//1657
f 583//1657 1435//1657 1436//1657
f 583//577 1436//577 624//577
f 624//577 1436//577 1437//577
f 624//1656 1437//1656 622//1656
f 622//1656 1437//1656 1438//1656
f 622//1655 1438//1655 620//1655
f 620//1655 1438//1655 1439//1655
f 620//1654 1439//1654 618//1654
f 618//1654 1439//1654 1440//1654
f 618//1653 1440//1653 616//1653
f 616//1653 1440//1653 1441//1653
f 616//1652 1441//1652 614//1652
f 614//1652 1441//1652 1442//1652
f 614//1651 1442//1651 612//1651
f 612//1650 1442//1650 1443//1650
f 612//1649 1443//1649 610//1649
f 610//1649 1443//1649 1444//1649
f 610//1648 1444//1648 608//1648
f 608//1648 1444//1648 1445//1648
f 608//1647 1445//1647 683//1647
f 683//1647 1445//1647 1446//1647
f 683//1646 1446//1646 681//1646
f 681//1646 1446//1646 1447//1646
f 681//1645 1447//1645 679//1645
f 679//1645 1447//1645 1448//1645
f 679//1644 1448//1644 677//1644
f 677//1643 1448//1643 1449//1643
f 677//1642 1449//1642 675//1642
f 675//1642 1449//1642 1450//1642
f 675//1641 1450//1641 673//1641
f 673//1641 1450//1641 1451//1641
f 673//1640 1451//1640 671//1640
f 671//1640 1451//1640 1452//1640
f 671//1639 1452//1639 669//1639
f 669//1639 1452//1639 1453//1639
f 669//1638 1453//1638 667//1638
f 667//1638 1453//1638 1454//1638
f 667//1637 1454//1637 665//1637
f 665//1637 1454//1637 1455//1637
f 665//1636 1455//1636 663//1636
f 663//1635 1455//1635 1456//1635
f 663//1634 1456//1634 661//1634
f 661//1634 1456//1634 1457//1634
f 661//1633 1457//1633 659//1633
f 659//1633 1457//1633 1458//1633
f 659//1632 1458//1632 657//1632
f 657//1632 1458//1632 1459//1632
f 657//1631 1459//1631 655//1631
f 655//1631 1459//1631 1460//1631
f 655//1630 1460//1630 653//1630
f 653//1630 1460//1630 1461//1630
f 653//1688 1461//1688 651//1688
f 651//1689 1461//1689 1462//1689
f 651//1666 1462//1666 1426//1666
f 1417//1690 1419//1690 647//1690
f 647//1691 1419//1691 788//1691
f 647//1692 788//1692 645//1692
f 645//1692 788//1692 790//1692
f 645//1693 790//1693 581//1693
f 581//1693 790//1693 792//1693
f 581//1694 792//1694 579//1694
f 579//1695 792//1695 794//1695
f 579//1696 794//1696 686//1696
f 686//1696 794//1696 796//1696
f 686//1697 796//1697 687//1697
f 687//1697 796//1697 798//1697
f 687//1698 798//1698 689//1698
f 689//1698 798//1698 799//1698
f 689//1699 799//1699 690//1699
f 690//1699 799//1699 698//1699
f 690//1700 698//1700 627//1700
f 627//1700 698//1700 699//1700
f 627//1701 699//1701 628//1701
f 628//1701 699//1701 692//1701
f 628//1702 692//1702 635//1702
f 635//1702 692//1702 691//1702
f 635//1703 691//1703 636//1703
f 636//1703 691//1703 728//1703
f 636//1704 728//1704 598//1704
f 598//1704 728//1704 800//1704
f 598//1705 800//1705 599//1705
f 599//1705 800//1705 802//1705
f 599//1706 802//1706 637//1706
f 637//1706 802//1706 735//1706
f 637//1707 735//1707 638//1707
f 638//1707 735//1707 734//1707
f 638//1708 734//1708 589//1708
f 589//1709 734//1709 733//1709
f 589//1710 733//1710 590//1710
f 590//1710 733//1710 732//1710
f 590//1711 732//1711 588//1711
f 588//1711 732//1711 723//1711
f 588//1712 723//1712 587//1712
f 587//1712 723//1712 695//1712
f 587//1627 695//1627 1379//1627
f 1379//1713 695//1713 1408//1713
f 708//1714 262//1714 271//1714
f 708//1715 271//1715 709//1715
f 709//1716 271//1716 273//1716
f 709//1717 273//1717 726//1717
f 726//1718 273//1718 274//1718
f 726//1719 274//1719 727//1719
f 727//1720 274//1720 287//1720
f 727//1721 287//1721 700//1721
f 700//1722 287//1722 289//1722
f 700//1722 289//1722 701//1722
f 701//1723 289//1723 288//1723
f 701//1723 288//1723 729//1723
f 729//1724 288//1724 272//1724
f 729//1725 272//1725 730//1725
f 730//1726 272//1726 270//1726
f 730//1726 270//1726 731//1726
f 629//1726 55//1726 63//1726
f 629//1726 63//1726 640//1726
f 640//1725 63//1725 64//1725
f 640//1724 64//1724 641//1724
f 641//1723 64//1723 62//1723
f 641//1723 62//1723 642//1723
f 642//1722 62//1722 61//1722
f 642//1722 61//1722 630//1722
f 630//1721 61//1721 54//1721
f 630//1720 54//1720 631//1720
f 631//1719 54//1719 53//1719
f 631//1718 53//1718 632//1718
f 632//1717 53//1717 60//1717
f 632//1716 60//1716 603//1716
f 603//1715 60//1715 59//1715
f 603//1714 59//1714 604//1714
f 1463//1479 1380//1479 1464//1479
f 1464//1479 1380//1479 1379//1479
f 1420//1479 1419//1479 1310//1479
f 1310//1479 1419//1479 1308//1479
f 1463//361 1465//361 1380//361
f 1380//361 1465//361 1466//361
f 1380//361 1466//361 1467//361
f 1467//361 1468//361 1380//361
f 1380//361 1468//361 1469//361
f 1380//361 1469//361 1435//361
f 1435//361 1469//361 1470//361
f 1435//361 1470//361 1436//361
f 1436//361 1470//361 1471//361
f 1472//361 1438//361 1471//361
f 1471//361 1438//361 1437//361
f 1471//361 1437//361 1436//361
f 1298//361 1462//361 1353//361
f 1353//361 1462//361 1461//361
f 1353//361 1461//361 1354//361
f 1354//361 1461//361 1460//361
f 1354//361 1460//361 1355//361
f 1355//361 1460//361 1459//361
f 1355//361 1459//361 1356//361
f 1356//361 1459//361 1458//361
f 1356//361 1458//361 1357//361
f 1357//361 1458//361 1457//361
f 1357//361 1457//361 1358//361
f 1358//361 1457//361 1456//361
f 1358//361 1456//361 1359//361
f 1359//361 1456//361 1455//361
f 1359//361 1455//361 1360//361
f 1360//361 1455//361 1454//361
f 1360//361 1454//361 1361//361
f 1361//361 1454//361 1453//361
f 1361//361 1453//361 1362//361
f 1362//361 1453//361 1452//361
f 1362//361 1452//361 1363//361
f 1363//361 1452//361 1451//361
f 1363//361 1451//361 1364//361
f 1364//361 1451//361 1450//361
f 1364//361 1450//361 1365//361
f 1365//361 1450//361 1449//361
f 1365//361 1449//361 1366//361
f 1366//361 1449//361 1448//361
f 1366//361 1448//361 1367//361
f 1367//361 1448//361 1447//361
f 1367//361 1447//361 1368//361
f 1368//361 1447//361 1446//361
f 1368//361 1446//361 1369//361
f 1369//361 1446//361 1445//361
f 1472//361 1378//361 1438//361
f 1438//361 1378//361 1377//361
f 1438//361 1377//361 1439//361
f 1439//361 1377//361 1376//361
f 1439//361 1376//361 1440//361
f 1440//361 1376//361 1375//361
f 1440//361 1375//361 1441//361
f 1441//361 1375//361 1374//361
f 1441//361 1374//361 1442//361
f 1442//361 1374//361 1373//361
f 1442//361 1373//361 1443//361
f 1443//361 1373//361 1372//361
f 1443//361 1372//361 1444//361
f 1444//361 1372//361 1371//361
f 1444//361 1371//361 1445//361
f 1445//361 1371//361 1370//361
f 1445//361 1370//361 1369//361
f 1473//26 1474//26 1379//26
f 1474//26 1475//26 1379//26
f 1379//26 1475//26 1476//26
f 1379//26 1476//26 1464//26
f 1407//26 1477//26 1408//26
f 1408//26 1477//26 1478//26
f 1408//26 1478//26 1379//26
f 1379//26 1478//26 1479//26
f 1379//26 1479//26 1473//26
f 1398//26 1345//26 1399//26
f 1399//26 1345//26 1346//26
f 1399//26 1346//26 1400//26
f 1400//26 1346//26 1347//26
f 1400//26 1347//26 1401//26
f 1401//26 1347//26 1348//26
f 1401//26 1348//26 1402//26
f 1402//26 1348//26 1349//26
f 1402//26 1349//26 1403//26
f 1403//26 1349//26 1350//26
f 1403//26 1350//26 1404//26
f 1404//26 1350//26 1351//26
f 1404//26 1351//26 1405//26
f 1405//26 1351//26 1352//26
f 1405//26 1352//26 1406//26
f 1406//26 1352//26 31//26
f 1406//26 31//26 1407//26
f 1407//26 31//26 30//26
f 1407//26 30//26 1477//26
f 1381//26 1326//26 1382//26
f 1382//26 1326//26 1325//26
f 1382//26 1325//26 1383//26
f 1383//26 1325//26 1329//26
f 1383//26 1329//26 1384//26
f 1384//26 1329//26 1330//26
f 1384//26 1330//26 1385//26
f 1385//26 1330//26 1331//26
f 1385//26 1331//26 1386//26
f 1386//26 1331//26 1332//26
f 1386//26 1332//26 1387//26
f 1387//26 1332//26 1333//26
f 1387//26 1333//26 1388//26
f 1388//26 1333//26 1334//26
f 1388//26 1334//26 1389//26
f 1389//26 1334//26 1335//26
f 1389//26 1335//26 1390//26
f 1390//26 1335//26 1336//26
f 1390//26 1336//26 1391//26
f 1391//26 1336//26 1337//26
f 1391//26 1337//26 1392//26
f 1392//26 1337//26 1338//26
f 1392//26 1338//26 1393//26
f 1393//26 1338//26 1339//26
f 1393//26 1339//26 1394//26
f 1394//26 1339//26 1340//26
f 1394//26 1340//26 1395//26
f 1395//26 1340//26 1341//26
f 1395//26 1341//26 1396//26
f 1396//26 1341//26 1342//26
f 1396//26 1342//26 1397//26
f 1397//26 1342//26 1343//26
f 1397//26 1343//26 1398//26
f 1398//26 1343//26 1344//26
f 1398//26 1344//26 1345//26
f 1326//1727 1381//1727 1327//1727
f 1327//1728 1381//1728 1415//1728
f 1327//1729 1415//1729 1328//1729
f 1415//1730 1414//1730 1328//1730
f 1328//1731 1414//1731 1413//1731
f 1328//1731 1413//1731 1321//1731
f 1321//1732 1413//1732 1412//1732
f 1321//1732 1412//1732 1320//1732
f 1320//1733 1412//1733 1411//1733
f 1320//1733 1411//1733 1319//1733
f 1319//1734 1411//1734 1410//1734
f 1319//1734 1410//1734 1322//1734
f 1420//1735 1310//1735 1421//1735
f 1421//1736 1310//1736 1312//1736
f 1421//1737 1312//1737 1422//1737
f 1422//1738 1312//1738 1311//1738
f 1422//1739 1311//1739 1423//1739
f 1423//1740 1311//1740 1306//1740
f 1423//1741 1306//1741 1424//1741
f 1424//1742 1306//1742 1305//1742
f 1424//1743 1305//1743 1425//1743
f 1425//1744 1305//1744 1307//1744
f 1425//1745 1307//1745 1409//1745
f 1409//1746 1307//1746 1324//1746
f 1409//1747 1324//1747 1410//1747
f 1410//1748 1324//1748 1323//1748
f 1410//1749 1323//1749 1322//1749
f 1308//1750 1419//1750 1309//1750
f 1309//1751 1419//1751 1417//1751
f 1309//1752 1417//1752 1313//1752
f 1313//1753 1417//1753 1416//1753
f 1313//1754 1416//1754 1314//1754
f 1314//1755 1416//1755 1418//1755
f 1314//1756 1418//1756 1315//1756
f 1315//1757 1418//1757 1434//1757
f 1315//1758 1434//1758 1316//1758
f 1316//1759 1434//1759 1433//1759
f 1316//1760 1433//1760 1317//1760
f 1317//1761 1433//1761 1432//1761
f 1317//1762 1432//1762 1318//1762
f 1318//1763 1432//1763 1431//1763
f 1318//1764 1431//1764 1299//1764
f 1299//1765 1431//1765 1430//1765
f 1299//1765 1430//1765 1300//1765
f 1300//1766 1430//1766 1429//1766
f 1300//1766 1429//1766 1301//1766
f 1301//1767 1429//1767 1428//1767
f 1301//1767 1428//1767 1302//1767
f 1302//1768 1428//1768 1427//1768
f 1302//1768 1427//1768 1303//1768
f 1303//1769 1427//1769 1426//1769
f 1303//1770 1426//1770 1304//1770
f 1304//1771 1426//1771 1462//1771
f 1304//1772 1462//1772 1298//1772
f 626//25 625//25 1472//25
f 1472//25 625//25 1378//25
f 703//1479 297//1479 639//1479
f 639//1479 297//1479 320//1479
f 626//1773 1472//1773 584//1773
f 584//1773 1472//1773 1471//1773
f 584//1774 1471//1774 586//1774
f 586//1774 1471//1774 1470//1774
f 586//1775 1470//1775 592//1775
f 592//1775 1470//1775 1469//1775
f 592//1776 1469//1776 591//1776
f 591//1777 1469//1777 1468//1777
f 591//1778 1468//1778 578//1778
f 578//1778 1468//1778 1467//1778
f 578//1779 1467//1779 594//1779
f 594//1780 1467//1780 1466//1780
f 594//1781 1466//1781 596//1781
f 596//1782 1466//1782 1465//1782
f 596//1783 1465//1783 605//1783
f 30//1773 32//1773 1477//1773
f 1477//1773 32//1773 716//1773
f 1477//1774 716//1774 1478//1774
f 1478//1774 716//1774 694//1774
f 1478//1775 694//1775 1479//1775
f 1479//1775 694//1775 693//1775
f 1479//1776 693//1776 1473//1776
f 1473//1777 693//1777 722//1777
f 1473//1778 722//1778 1474//1778
f 1474//1778 722//1778 713//1778
f 1474//1779 713//1779 1475//1779
f 1475//1780 713//1780 711//1780
f 1475//1781 711//1781 1476//1781
f 1476//1782 711//1782 706//1782
f 1476//1784 706//1784 1464//1784
f 1464//1785 706//1785 702//1785
f 1464//1786 702//1786 1463//1786
f 703//1787 639//1787 702//1787
f 702//1787 639//1787 605//1787
f 702//1788 605//1788 1463//1788
f 1463//1789 605//1789 1465//1789
f 1480//25 1481//25 550//25
f 1482//25 1480//25 1483//25
f 1483//25 1480//25 550//25
f 1483//25 550//25 552//25
f 1484//26 531//26 505//26
f 550//26 1481//26 548//26
f 548//26 1481//26 1484//26
f 548//26 1484//26 559//26
f 505//26 504//26 1484//26
f 1484//26 504//26 4//26
f 1484//26 4//26 3//26
f 3//26 17//26 1484//26
f 1484//26 17//26 8//26
f 1484//26 8//26 7//26
f 7//26 26//26 1484//26
f 1484//26 26//26 24//26
f 1484//26 24//26 559//26
f 1485//577 501//577 1486//577
f 1486//577 501//577 531//577
f 1486//577 531//577 1487//577
f 1487//577 531//577 1484//577
f 493//361 496//361 1485//361
f 1485//361 496//361 499//361
f 1485//361 499//361 501//361
f 1485//361 1483//361 552//361
f 552//361 555//361 1485//361
f 1485//361 555//361 554//361
f 1485//361 554//361 541//361
f 541//361 539//361 1485//361
f 1485//361 539//361 537//361
f 1485//361 537//361 536//361
f 536//361 535//361 1485//361
f 1485//361 535//361 494//361
f 1485//361 494//361 493//361
f 1486//1 1487//1 1482//1
f 1482//1 1487//1 1480//1
f 1485//1790 1486//1790 1483//1790
f 1483//1790 1486//1790 1482//1790
f 1481//1791 1480//1791 1484//1791
f 1484//1791 1480//1791 1487//1791
f 1488//1792 1489//1792 293//1792
f 293//1793 1489//1793 1490//1793
f 293//1793 1490//1793 301//1793
f 301//1794 1490//1794 1491//1794
f 301//1794 1491//1794 300//1794
f 300//1795 1491//1795 1492//1795
f 300//1795 1492//1795 298//1795
f 298//1796 1492//1796 1493//1796
f 298//1796 1493//1796 296//1796
f 296//1797 1493//1797 1494//1797
f 296//1797 1494//1797 304//1797
f 304//1798 1494//1798 1495//1798
f 304//1798 1495//1798 305//1798
f 305//1799 1495//1799 1496//1799
f 305//1799 1496//1799 306//1799
f 306//1800 1496//1800 1497//1800
f 306//1800 1497//1800 318//1800
f 318//1801 1497//1801 1498//1801
f 318//1801 1498//1801 319//1801
f 319//1802 1498//1802 1499//1802
f 319//1802 1499//1802 321//1802
f 321//1803 1499//1803 1500//1803
f 321//1803 1500//1803 322//1803
f 322//1804 1500//1804 1501//1804
f 322//1804 1501//1804 334//1804
f 334//1805 1501//1805 1502//1805
f 334//1805 1502//1805 335//1805
f 335//1806 1502//1806 1503//1806
f 335//1806 1503//1806 336//1806
f 336//1807 1503//1807 1504//1807
f 336//1807 1504//1807 303//1807
f 303//1808 1504//1808 1505//1808
f 303//1808 1505//1808 307//1808
f 307//1809 1505//1809 1506//1809
f 307//1809 1506//1809 308//1809
f 308//1810 1506//1810 1507//1810
f 308//1810 1507//1810 309//1810
f 309//1811 1507//1811 1508//1811
f 309//1811 1508//1811 310//1811
f 310//1812 1508//1812 1509//1812
f 310//1812 1509//1812 342//1812
f 342//1813 1509//1813 1510//1813
f 342//1813 1510//1813 343//1813
f 343//1814 1510//1814 1511//1814
f 343//1814 1511//1814 339//1814
f 339//1815 1511//1815 1512//1815
f 339//1815 1512//1815 346//1815
f 346//1816 1512//1816 1513//1816
f 346//1816 1513//1816 290//1816
f 290//1817 1513//1817 1514//1817
f 290//1817 1514//1817 291//1817
f 291//1818 1514//1818 1515//1818
f 291//1818 1515//1818 331//1818
f 331//1819 1515//1819 1516//1819
f 331//1819 1516//1819 332//1819
f 332//1820 1516//1820 1517//1820
f 332//1820 1517//1820 333//1820
f 333//1821 1517//1821 1518//1821
f 333//1821 1518//1821 323//1821
f 323//1822 1518//1822 1519//1822
f 323//1822 1519//1822 324//1822
f 324//1823 1519//1823 1520//1823
f 324//1823 1520//1823 326//1823
f 326//1824 1520//1824 1521//1824
f 326//1824 1521//1824 315//1824
f 315//1825 1521//1825 1522//1825
f 315//1825 1522//1825 313//1825
f 313//1826 1522//1826 1523//1826
f 313//1826 1523//1826 311//1826
f 311//1827 1523//1827 1524//1827
f 311//1827 1524//1827 295//1827
f 295//1828 1524//1828 1525//1828
f 295//1828 1525//1828 294//1828
f 294//1829 1525//1829 1488//1829
f 294//1830 1488//1830 293//1830
f 1526//1831 1527//1831 1528//1831
f 1528//1832 1527//1832 1529//1832
f 1528//1832 1529//1832 1530//1832
f 1530//1833 1529//1833 1531//1833
f 1530//1833 1531//1833 1532//1833
f 1532//1834 1531//1834 1533//1834
f 1532//1834 1533//1834 1534//1834
f 1534//1835 1533//1835 1535//1835
f 1534//1835 1535//1835 1536//1835
f 1536//1836 1535//1836 1537//1836
f 1536//1836 1537//1836 1538//1836
f 1538//1837 1537//1837 1539//1837
f 1538//1837 1539//1837 1540//1837
f 1540//1838 1539//1838 1541//1838
f 1540//1838 1541//1838 1542//1838
f 1542//1839 1541//1839 1543//1839
f 1542//1839 1543//1839 1544//1839
f 1544//1840 1543//1840 1545//1840
f 1544//1840 1545//1840 1546//1840
f 1546//1 1545//1 1547//1
f 1546//1 1547//1 1548//1
f 1548//1841 1547//1841 1549//1841
f 1548//1841 1549//1841 1550//1841
f 1550//1842 1549//1842 1551//1842
f 1550//1842 1551//1842 1552//1842
f 1552//1843 1551//1843 1553//1843
f 1552//1843 1553//1843 1554//1843
f 1554//1844 1553//1844 1555//1844
f 1554//1844 1555//1844 1556//1844
f 1556//1845 1555//1845 1557//1845
f 1556//1845 1557//1845 1558//1845
f 1558//1846 1557//1846 1559//1846
f 1558//1846 1559//1846 1560//1846
f 1560//1847 1559//1847 1561//1847
f 1560//1847 1561//1847 1562//1847
f 1562//1848 1561//1848 1563//1848
f 1562//1848 1563//1848 1564//1848
f 1564//1849 1563//1849 1565//1849
f 1564//1849 1565//1849 1566//1849
f 1566//1850 1565//1850 1567//1850
f 1566//1850 1567//1850 1568//1850
f 1568//1851 1567//1851 1569//1851
f 1568//1851 1569//1851 1570//1851
f 1570//1852 1569//1852 1571//1852
f 1570//1852 1571//1852 1572//1852
f 1572//1853 1571//1853 1573//1853
f 1572//1853 1573//1853 1574//1853
f 1574//1854 1573//1854 1575//1854
f 1574//1854 1575//1854 1576//1854
f 1576//1855 1575//1855 1577//1855
f 1576//1855 1577//1855 1578//1855
f 1578//1856 1577//1856 1579//1856
f 1578//1856 1579//1856 1580//1856
f 1580//1857 1579//1857 1581//1857
f 1580//1857 1581//1857 1582//1857
f 1582//1858 1581//1858 1583//1858
f 1582//1858 1583//1858 1584//1858
f 1584//1859 1583//1859 1585//1859
f 1584//1859 1585//1859 1586//1859
f 1586//1860 1585//1860 1587//1860
f 1586//1860 1587//1860 1588//1860
f 1588//1479 1587//1479 1589//1479
f 1588//1479 1589//1479 1590//1479
f 1590//1861 1589//1861 1591//1861
f 1590//1861 1591//1861 1592//1861
f 1592//1862 1591//1862 1593//1862
f 1592//1862 1593//1862 1594//1862
f 1594//1863 1593//1863 1595//1863
f 1594//1863 1595//1863 1596//1863
f 1596//1864 1595//1864 1597//1864
f 1596//1864 1597//1864 1598//1864
f 1598//1865 1597//1865 1599//1865
f 1598//1865 1599//1865 1600//1865
f 1600//1866 1599//1866 1601//1866
f 1600//1866 1601//1866 1602//1866
f 1602//1867 1601//1867 1603//1867
f 1602//1867 1603//1867 1604//1867
f 1604//1868 1603//1868 1605//1868
f 1604//1868 1605//1868 1606//1868
f 1606//1869 1605//1869 1607//1869
f 1606//1869 1607//1869 1608//1869
f 1608//1870 1607//1870 1609//1870
f 1608//1870 1609//1870 1526//1870
f 1526//1831 1609//1831 1527//1831
f 1571//25 1569//25 1610//25
f 1610//25 1569//25 1567//25
f 1610//25 1567//25 1565//25
f 1577//25 1575//25 1610//25
f 1610//25 1575//25 1573//25
f 1610//25 1573//25 1571//25
f 1583//25 1581//25 1610//25
f 1610//25 1581//25 1579//25
f 1610//25 1579//25 1577//25
f 1589//25 1587//25 1610//25
f 1610//25 1587//25 1585//25
f 1610//25 1585//25 1583//25
f 1595//25 1593//25 1610//25
f 1610//25 1593//25 1591//25
f 1610//25 1591//25 1589//25
f 1601//25 1599//25 1610//25
f 1610//25 1599//25 1597//25
f 1610//25 1597//25 1595//25
f 1607//25 1605//25 1610//25
f 1610//25 1605//25 1603//25
f 1610//25 1603//25 1601//25
f 1529//25 1527//25 1610//25
f 1610//25 1527//25 1609//25
f 1610//25 1609//25 1607//25
f 1535//25 1533//25 1610//25
f 1610//25 1533//25 1531//25
f 1610//25 1531//25 1529//25
f 1541//25 1539//25 1610//25
f 1610//25 1539//25 1537//25
f 1610//25 1537//25 1535//25
f 1547//25 1545//25 1610//25
f 1610//25 1545//25 1543//25
f 1610//25 1543//25 1541//25
f 1553//25 1551//25 1610//25
f 1610//25 1551//25 1549//25
f 1610//25 1549//25 1547//25
f 1559//25 1557//25 1610//25
f 1610//25 1557//25 1555//25
f 1610//25 1555//25 1553//25
f 1565//25 1563//25 1610//25
f 1610//25 1563//25 1561//25
f 1610//25 1561//25 1559//25
f 1503//577 1602//577 1504//577
f 1504//577 1602//577 1604//577
f 1504//577 1604//577 1505//577
f 1505//577 1604//577 1606//577
f 1505//577 1606//577 1506//577
f 1506//577 1606//577 1608//577
f 1506//577 1608//577 1507//577
f 1507//577 1608//577 1526//577
f 1507//577 1526//577 1508//577
f 1508//577 1526//577 1528//577
f 1508//577 1528//577 1509//577
f 1509//577 1528//577 1530//577
f 1509//577 1530//577 1510//577
f 1495//577 1584//577 1496//577
f 1496//577 1584//577 1586//577
f 1496//577 1586//577 1497//577
f 1497//577 1586//577 1588//577
f 1497//577 1588//577 1498//577
f 1498//577 1588//577 1590//577
f 1498//577 1590//577 1499//577
f 1499//577 1590//577 1592//577
f 1499//577 1592//577 1500//577
f 1500//577 1592//577 1594//577
f 1500//577 1594//577 1501//577
f 1501//577 1594//577 1596//577
f 1501//577 1596//577 1502//577
f 1502//577 1596//577 1598//577
f 1502//577 1598//577 1503//577
f 1503//577 1598//577 1600//577
f 1503//577 1600//577 1602//577
f 1530//577 1532//577 1510//577
f 1510//577 1532//577 1534//577
f 1510//577 1534//577 1511//577
f 1511//577 1534//577 1536//577
f 1511//577 1536//577 1512//577
f 1512//577 1536//577 1538//577
f 1512//577 1538//577 1513//577
f 1513//577 1538//577 1540//577
f 1513//577 1540//577 1514//577
f 1514//577 1540//577 1542//577
f 1514//577 1542//577 1515//577
f 1515//577 1542//577 1544//577
f 1515//577 1544//577 1516//577
f 1516//577 1544//577 1546//577
f 1516//577 1546//577 1517//577
f 1517//577 1546//577 1548//577
f 1517//577 1548//577 1518//577
f 1548//577 1550//577 1518//577
f 1518//577 1550//577 1552//577
f 1518//577 1552//577 1519//577
f 1519//577 1552//577 1554//577
f 1519//577 1554//577 1520//577
f 1520//577 1554//577 1556//577
f 1520//577 1556//577 1521//577
f 1521//577 1556//577 1558//577
f 1521//577 1558//577 1522//577
f 1522//577 1558//577 1560//577
f 1522//577 1560//577 1523//577
f 1523//577 1560//577 1562//577
f 1523//577 1562//577 1524//577
f 1524//577 1562//577 1564//577
f 1524//577 1564//577 1525//577
f 1525//577 1564//577 1566//577
f 1525//577 1566//577 1488//577
f 1488//577 1566//577 1568//577
f 1488//577 1568//577 1489//577
f 1489//577 1568//577 1570//577
f 1489//577 1570//577 1490//577
f 1490//577 1570//577 1572//577
f 1490//577 1572//577 1491//577
f 1491//577 1572//577 1574//577
f 1491//577 1574//577 1492//577
f 1492//577 1574//577 1576//577
f 1492//577 1576//577 1493//577
f 1493//577 1576//577 1578//577
f 1493//577 1578//577 1494//577
f 1494//577 1578//577 1580//577
f 1494//577 1580//577 1495//577
f 1495//577 1580//577 1582//577
f 1495//577 1582//577 1584//577
