# Blender 4.5.3 LTS
# www.blender.org
mtllib 6- WRIST - V1.STL.mtl
o 6-_WRIST_-_V1
v 198.000000 402.299988 -10.500000
v 198.000000 433.799988 -10.500000
v 222.000000 402.299988 -10.500000
v 222.000000 433.799988 -10.500000
v 222.000000 433.799988 10.500000
v 198.000000 433.799988 10.500000
v 222.000000 402.299988 10.500000
v 198.000000 402.299988 10.500000
v 236.000000 407.799988 -10.500000
v 222.100006 407.799988 -10.500000
v 236.000000 407.799988 10.500000
v 222.100006 407.799988 -10.400000
v 222.100006 407.799988 10.500000
v 222.100006 407.799988 10.400000
v 222.000000 407.799988 10.400000
v 222.000000 407.799988 -10.400000
v 266.700012 425.950623 1.625979
v 266.517883 425.549988 1.143620
v 266.700012 425.723083 1.087062
v 266.661072 425.549988 0.523539
v 266.700012 425.588501 0.517778
v 266.700012 425.549988 -0.000000
v 266.700012 426.264709 2.119476
v 266.200012 425.585907 2.000000
v 266.200012 425.549988 1.936492
v 266.700012 432.549988 -0.000000
v 266.661072 432.549988 0.523539
v 266.700012 432.511475 0.517778
v 266.517883 432.549988 1.143620
v 266.700012 432.376892 1.087062
v 266.200012 432.549988 1.936492
v 266.700012 432.149384 1.625979
v 266.200012 432.514099 2.000000
v 266.700012 431.835297 2.119476
v 266.200012 432.233185 2.422258
v 266.200012 432.114166 2.571151
v 266.700012 431.443390 2.553766
v 266.200012 431.785309 2.918590
v 266.200012 431.621155 3.064178
v 266.700012 430.984619 2.916718
v 266.200012 431.260986 3.333392
v 266.200012 431.049988 3.464102
v 266.700012 430.471802 3.198193
v 266.200012 430.674927 3.655078
v 266.200012 430.418091 3.758770
v 266.700012 429.919281 3.390329
v 266.200012 430.043488 3.874661
v 266.200012 429.744598 3.939231
v 266.700012 429.342499 3.487757
v 266.200012 429.384277 3.986008
v 266.200012 429.049988 4.000000
v 266.700012 428.757507 3.487757
v 266.200012 428.715729 3.986008
v 266.200012 428.355408 3.939231
v 266.700012 428.180695 3.390329
v 266.200012 428.056519 3.874661
v 266.200012 427.681915 3.758770
v 266.700012 427.628174 3.198193
v 266.200012 427.425079 3.655078
v 266.200012 427.049988 3.464102
v 266.700012 427.115387 2.916718
v 266.200012 426.839020 3.333392
v 266.200012 426.478851 3.064178
v 266.700012 426.656616 2.553766
v 266.200012 426.314697 2.918590
v 266.200012 425.985809 2.571151
v 266.200012 425.866821 2.422258
v 257.000000 435.299988 -7.000000
v 237.000000 435.299988 -7.000000
v 257.000000 435.299988 7.000000
v 237.000000 435.299988 7.000000
v 236.000000 432.514099 -2.000000
v 236.000000 432.808777 -1.368081
v 236.000000 434.299988 -7.000000
v 236.000000 407.799988 -16.000000
v 236.000000 402.299988 -10.500000
v 236.000000 401.799988 -16.000000
v 236.000000 402.299988 10.500000
v 236.000000 401.799988 16.000000
v 236.000000 407.799988 16.000000
v 236.000000 429.799988 16.000000
v 236.000000 429.886810 15.992403
v 236.000000 430.121399 15.883023
v 236.000000 430.183014 15.821394
v 236.000000 430.233002 15.750000
v 236.000000 430.269836 15.671009
v 236.000000 432.514099 2.000000
v 236.000000 432.114166 2.571151
v 236.000000 430.299988 8.000000
v 236.000000 431.621155 3.064178
v 236.000000 427.049988 3.464102
v 236.000000 426.478851 3.064178
v 236.000000 425.985809 2.571151
v 236.000000 425.585907 2.000000
v 236.000000 426.478851 -3.064178
v 236.000000 427.049988 -3.464102
v 236.000000 430.299988 -8.000000
v 236.000000 427.681915 -3.758770
v 236.000000 428.355408 -3.939231
v 236.000000 431.049988 -3.464102
v 236.000000 431.621155 -3.064178
v 236.000000 432.114166 -2.571151
v 236.000000 432.989227 -0.694593
v 236.000000 433.049988 -0.000000
v 236.000000 434.299988 7.000000
v 236.000000 425.110779 -0.694593
v 236.000000 425.291229 -1.368081
v 236.000000 425.585907 -2.000000
v 236.000000 425.985809 -2.571151
v 236.000000 429.971008 15.969847
v 236.000000 430.049988 15.933013
v 236.000000 430.292389 15.586824
v 236.000000 430.299988 15.500000
v 236.000000 431.049988 3.464102
v 236.000000 430.418091 3.758770
v 236.000000 429.744598 3.939231
v 236.000000 425.291229 1.368081
v 236.000000 425.110779 0.694593
v 236.000000 425.049988 -0.000000
v 236.000000 434.284821 -7.173648
v 236.000000 434.239685 -7.342020
v 236.000000 434.166016 -7.500000
v 236.000000 430.299988 -15.500000
v 236.000000 429.049988 4.000000
v 236.000000 428.355408 3.939231
v 236.000000 427.681915 3.758770
v 236.000000 434.066040 -7.642787
v 236.000000 433.942780 -7.766044
v 236.000000 433.799988 -7.866025
v 236.000000 429.049988 -4.000000
v 236.000000 429.744598 -3.939231
v 236.000000 433.299988 -8.000000
v 236.000000 430.418091 -3.758770
v 236.000000 433.473663 -7.984807
v 236.000000 433.642029 -7.939692
v 236.000000 432.808777 1.368081
v 236.000000 433.299988 8.000000
v 236.000000 433.473663 7.984807
v 236.000000 433.942780 7.766044
v 236.000000 434.066040 7.642787
v 236.000000 434.166016 7.500000
v 236.000000 434.239685 7.342020
v 236.000000 432.989227 0.694593
v 236.000000 434.284821 7.173648
v 236.000000 430.292389 -15.586824
v 236.000000 430.269836 -15.671009
v 236.000000 430.233002 -15.750000
v 236.000000 430.183014 -15.821394
v 236.000000 429.971008 -15.969847
v 236.000000 429.886810 -15.992403
v 236.000000 429.799988 -16.000000
v 236.000000 433.642029 7.939692
v 236.000000 433.799988 7.866025
v 236.000000 430.121399 -15.883023
v 236.000000 430.049988 -15.933013
v 236.060303 401.799988 -16.342020
v 236.093704 401.799988 -16.422649
v 257.000000 401.799988 -16.422649
v 236.015198 401.799988 -16.173647
v 257.422638 401.799988 -16.000000
v 257.073395 401.799988 -16.416229
v 257.144562 401.799988 -16.397161
v 257.211334 401.799988 -16.366026
v 257.271667 401.799988 -16.323767
v 257.323761 401.799988 -16.271673
v 257.000000 401.799988 16.422649
v 236.093704 401.799988 16.422649
v 257.422638 401.799988 16.000000
v 236.060303 401.799988 16.342020
v 236.015198 401.799988 16.173647
v 257.366028 401.799988 -16.211325
v 257.397156 401.799988 -16.144554
v 257.416229 401.799988 -16.073393
v 257.211334 401.799988 16.366026
v 257.144562 401.799988 16.397161
v 257.073395 401.799988 16.416229
v 257.397156 401.799988 16.144554
v 257.366028 401.799988 16.211325
v 257.323761 401.799988 16.271673
v 257.416229 401.799988 16.073393
v 257.271667 401.799988 16.323767
v 258.000000 430.049988 -15.933013
v 258.000000 430.121399 -15.883023
v 258.000000 430.299988 -15.500000
v 258.000000 429.971008 -15.969847
v 258.000000 434.299988 -7.000000
v 258.000000 434.299988 7.000000
v 258.000000 433.049988 -0.000000
v 258.000000 432.989227 0.694593
v 258.000000 430.183014 -15.821394
v 258.000000 430.233002 -15.750000
v 258.000000 430.292389 -15.586824
v 258.000000 430.269836 -15.671009
v 258.000000 430.418091 -3.758770
v 258.000000 429.744598 -3.939231
v 258.000000 430.299988 -8.000000
v 258.000000 429.049988 -4.000000
v 258.000000 425.110779 0.694593
v 258.000000 425.291229 1.368081
v 258.000000 402.799988 16.000000
v 258.000000 425.585907 2.000000
v 258.000000 425.985809 2.571151
v 258.000000 402.799988 -16.000000
v 258.000000 429.799988 -16.000000
v 258.000000 429.886810 -15.992403
v 258.000000 426.478851 3.064178
v 258.000000 427.049988 3.464102
v 258.000000 430.299988 8.000000
v 258.000000 427.681915 3.758770
v 258.000000 428.355408 3.939231
v 258.000000 431.621155 3.064178
v 258.000000 432.114166 2.571151
v 258.000000 432.989227 -0.694593
v 258.000000 432.808777 -1.368081
v 258.000000 432.514099 -2.000000
v 258.000000 432.514099 2.000000
v 258.000000 432.808777 1.368081
v 258.000000 428.355408 -3.939231
v 258.000000 427.681915 -3.758770
v 258.000000 427.049988 -3.464102
v 258.000000 426.478851 -3.064178
v 258.000000 425.985809 -2.571151
v 258.000000 425.585907 -2.000000
v 258.000000 425.291229 -1.368081
v 258.000000 425.110779 -0.694593
v 258.000000 425.049988 -0.000000
v 258.000000 430.299988 15.500000
v 258.000000 429.049988 4.000000
v 258.000000 429.744598 3.939231
v 258.000000 433.299988 8.000000
v 258.000000 430.418091 3.758770
v 258.000000 433.473663 7.984807
v 258.000000 431.049988 3.464102
v 258.000000 433.642029 7.939692
v 258.000000 433.799988 7.866025
v 258.000000 434.239685 7.342020
v 258.000000 434.166016 7.500000
v 258.000000 433.299988 -8.000000
v 258.000000 433.473663 -7.984807
v 258.000000 431.049988 -3.464102
v 258.000000 433.642029 -7.939692
v 258.000000 433.799988 -7.866025
v 258.000000 429.971008 15.969847
v 258.000000 429.886810 15.992403
v 258.000000 429.799988 16.000000
v 258.000000 434.284821 7.173648
v 258.000000 434.066040 7.642787
v 258.000000 433.942780 7.766044
v 258.000000 433.942780 -7.766044
v 258.000000 434.066040 -7.642787
v 258.000000 434.166016 -7.500000
v 258.000000 432.114166 -2.571151
v 258.000000 431.621155 -3.064178
v 258.000000 434.284821 -7.173648
v 258.000000 434.239685 -7.342020
v 258.000000 430.233002 15.750000
v 258.000000 430.183014 15.821394
v 258.000000 430.269836 15.671009
v 258.000000 430.121399 15.883023
v 258.000000 430.292389 15.586824
v 258.000000 430.049988 15.933013
v 256.162018 416.465302 17.000000
v 255.443741 414.924988 17.000000
v 257.000000 402.799988 17.000000
v 254.468933 413.532806 17.000000
v 253.267181 412.331055 17.000000
v 251.875000 411.356262 17.000000
v 257.000000 429.799988 17.000000
v 256.750000 419.799988 17.000000
v 256.601868 418.106934 17.000000
v 239.531067 413.532806 17.000000
v 238.556259 414.924988 17.000000
v 237.000000 407.799988 17.000000
v 237.837997 416.465302 17.000000
v 245.306931 410.198120 17.000000
v 243.665298 410.638000 17.000000
v 237.000000 402.799988 17.000000
v 242.125000 411.356262 17.000000
v 240.732819 412.331055 17.000000
v 237.398132 418.106934 17.000000
v 237.250000 419.799988 17.000000
v 237.000000 429.799988 17.000000
v 250.334702 410.638000 17.000000
v 248.693069 410.198120 17.000000
v 247.000000 410.049988 17.000000
v 242.125000 428.243744 17.000000
v 243.665298 428.962006 17.000000
v 237.398132 421.493073 17.000000
v 237.837997 423.134705 17.000000
v 238.556259 424.674988 17.000000
v 250.334702 428.962006 17.000000
v 251.875000 428.243744 17.000000
v 239.531067 426.067169 17.000000
v 240.732819 427.268921 17.000000
v 245.306931 429.401886 17.000000
v 247.000000 429.549988 17.000000
v 248.693069 429.401886 17.000000
v 253.267181 427.268921 17.000000
v 254.468933 426.067169 17.000000
v 255.443741 424.674988 17.000000
v 256.162018 423.134705 17.000000
v 256.601868 421.493073 17.000000
v 248.026062 416.980927 -17.000000
v 248.500000 417.201935 -17.000000
v 257.000000 402.799988 -17.000000
v 237.000000 407.799988 -17.000000
v 244.180923 418.773926 -17.000000
v 244.401917 418.299988 -17.000000
v 248.928360 417.501862 -17.000000
v 249.298126 417.871643 -17.000000
v 249.598083 418.299988 -17.000000
v 244.701874 417.871643 -17.000000
v 245.071640 417.501862 -17.000000
v 237.000000 402.799988 -17.000000
v 245.500000 417.201935 -17.000000
v 245.973938 416.980927 -17.000000
v 246.479050 416.845581 -17.000000
v 247.000000 416.799988 -17.000000
v 247.520950 416.845581 -17.000000
v 249.819077 418.773926 -17.000000
v 249.954422 419.279053 -17.000000
v 257.000000 429.799988 -17.000000
v 250.000000 419.799988 -17.000000
v 249.954422 420.320953 -17.000000
v 249.819077 420.826050 -17.000000
v 249.598083 421.299988 -17.000000
v 249.298126 421.728363 -17.000000
v 248.928360 422.098145 -17.000000
v 248.500000 422.398071 -17.000000
v 248.026062 422.619080 -17.000000
v 244.180923 420.826050 -17.000000
v 244.045578 420.320953 -17.000000
v 237.000000 429.799988 -17.000000
v 244.000000 419.799988 -17.000000
v 244.045578 419.279053 -17.000000
v 245.973938 422.619080 -17.000000
v 245.500000 422.398071 -17.000000
v 245.071640 422.098145 -17.000000
v 244.701874 421.728363 -17.000000
v 244.401917 421.299988 -17.000000
v 247.520950 422.754425 -17.000000
v 247.000000 422.799988 -17.000000
v 246.479050 422.754425 -17.000000
v 237.000000 433.299988 -9.000000
v 257.000000 433.299988 -9.000000
v 237.000000 431.299988 -9.000000
v 257.000000 431.299988 -9.000000
v 237.000000 431.299988 -15.500000
v 257.000000 431.299988 -15.500000
v 237.000000 431.299988 9.000000
v 257.000000 431.299988 9.000000
v 237.000000 433.299988 9.000000
v 257.000000 433.299988 9.000000
v 237.000000 431.299988 15.500000
v 257.000000 431.299988 15.500000
v 237.398132 421.493073 23.000000
v 237.837997 423.134705 23.000000
v 238.556259 424.674988 23.000000
v 239.531067 426.067169 23.000000
v 240.732819 427.268921 23.000000
v 242.125000 428.243744 23.000000
v 243.665298 428.962006 23.000000
v 245.306931 429.401886 23.000000
v 247.000000 429.549988 23.000000
v 248.693069 429.401886 23.000000
v 250.334702 428.962006 23.000000
v 251.875000 428.243744 23.000000
v 253.267181 427.268921 23.000000
v 254.468933 426.067169 23.000000
v 255.443741 424.674988 23.000000
v 256.162018 423.134705 23.000000
v 256.601868 421.493073 23.000000
v 256.750000 419.799988 23.000000
v 256.601868 418.106934 23.000000
v 256.162018 416.465302 23.000000
v 255.443741 414.924988 23.000000
v 254.468933 413.532806 23.000000
v 253.267181 412.331055 23.000000
v 251.875000 411.356262 23.000000
v 250.334702 410.638000 23.000000
v 248.693069 410.198120 23.000000
v 247.000000 410.049988 23.000000
v 245.306931 410.198120 23.000000
v 243.665298 410.638000 23.000000
v 242.125000 411.356262 23.000000
v 240.732819 412.331055 23.000000
v 239.531067 413.532806 23.000000
v 238.556259 414.924988 23.000000
v 237.837997 416.465302 23.000000
v 237.398132 418.106934 23.000000
v 237.250000 419.799988 23.000000
v 247.000000 419.799988 23.000000
v 249.954422 420.320953 -27.000000
v 249.819077 420.826050 -27.000000
v 249.598083 421.299988 -27.000000
v 249.298126 421.728363 -27.000000
v 248.928360 422.098145 -27.000000
v 248.500000 422.398071 -27.000000
v 248.026062 422.619080 -27.000000
v 247.520950 422.754425 -27.000000
v 247.000000 422.799988 -27.000000
v 246.479050 422.754425 -27.000000
v 245.973938 422.619080 -27.000000
v 245.500000 422.398071 -27.000000
v 245.071640 422.098145 -27.000000
v 244.701874 421.728363 -27.000000
v 244.401917 421.299988 -27.000000
v 244.180923 420.826050 -27.000000
v 244.045578 420.320953 -27.000000
v 244.000000 419.799988 -27.000000
v 244.045578 419.279053 -27.000000
v 244.180923 418.773926 -27.000000
v 244.401917 418.299988 -27.000000
v 244.701874 417.871643 -27.000000
v 245.071640 417.501862 -27.000000
v 245.500000 417.201935 -27.000000
v 245.973938 416.980927 -27.000000
v 246.479050 416.845581 -27.000000
v 247.000000 416.799988 -27.000000
v 247.520950 416.845581 -27.000000
v 248.026062 416.980927 -27.000000
v 248.500000 417.201935 -27.000000
v 248.928360 417.501862 -27.000000
v 249.298126 417.871643 -27.000000
v 249.598083 418.299988 -27.000000
v 249.819077 418.773926 -27.000000
v 249.954422 419.279053 -27.000000
v 250.000000 419.799988 -27.000000
v 251.500000 419.799988 -27.000000
v 251.431641 420.581421 -29.000000
v 251.431641 420.581421 -27.000000
v 251.228622 421.339081 -29.000000
v 251.228622 421.339081 -27.000000
v 250.897110 422.049988 -29.000000
v 250.897110 422.049988 -27.000000
v 250.447205 422.692535 -29.000000
v 250.447205 422.692535 -27.000000
v 249.892548 423.247192 -29.000000
v 249.892548 423.247192 -27.000000
v 249.250000 423.697113 -29.000000
v 249.250000 423.697113 -27.000000
v 248.539093 424.028625 -29.000000
v 248.539093 424.028625 -27.000000
v 247.781418 424.231628 -29.000000
v 247.781418 424.231628 -27.000000
v 247.000000 424.299988 -29.000000
v 247.000000 424.299988 -27.000000
v 246.218582 424.231628 -29.000000
v 246.218582 424.231628 -27.000000
v 245.460907 424.028625 -29.000000
v 245.460907 424.028625 -27.000000
v 244.750000 423.697113 -29.000000
v 244.750000 423.697113 -27.000000
v 244.107452 423.247192 -29.000000
v 244.107452 423.247192 -27.000000
v 243.552795 422.692535 -29.000000
v 243.552795 422.692535 -27.000000
v 243.102890 422.049988 -29.000000
v 243.102890 422.049988 -27.000000
v 242.771378 421.339081 -29.000000
v 242.771378 421.339081 -27.000000
v 242.568359 420.581421 -29.000000
v 242.568359 420.581421 -27.000000
v 242.500000 419.799988 -29.000000
v 242.500000 419.799988 -27.000000
v 242.568359 419.018585 -29.000000
v 242.568359 419.018585 -27.000000
v 242.771378 418.260895 -29.000000
v 242.771378 418.260895 -27.000000
v 243.102890 417.549988 -29.000000
v 243.102890 417.549988 -27.000000
v 243.552795 416.907471 -29.000000
v 243.552795 416.907471 -27.000000
v 244.107452 416.352814 -29.000000
v 244.107452 416.352814 -27.000000
v 244.750000 415.902893 -29.000000
v 244.750000 415.902893 -27.000000
v 245.460907 415.571381 -29.000000
v 245.460907 415.571381 -27.000000
v 246.218582 415.368378 -29.000000
v 246.218582 415.368378 -27.000000
v 247.000000 415.299988 -29.000000
v 247.000000 415.299988 -27.000000
v 247.781418 415.368378 -29.000000
v 247.781418 415.368378 -27.000000
v 248.539093 415.571381 -29.000000
v 248.539093 415.571381 -27.000000
v 249.250000 415.902893 -29.000000
v 249.250000 415.902893 -27.000000
v 249.892548 416.352814 -29.000000
v 249.892548 416.352814 -27.000000
v 250.447205 416.907471 -29.000000
v 250.447205 416.907471 -27.000000
v 250.897110 417.549988 -29.000000
v 250.897110 417.549988 -27.000000
v 251.228622 418.260895 -29.000000
v 251.228622 418.260895 -27.000000
v 251.431641 419.018585 -29.000000
v 251.431641 419.018585 -27.000000
v 251.500000 419.799988 -29.000000
v 249.571152 416.735809 -29.500000
v 249.000000 416.335907 -29.500000
v 247.866028 418.299988 -29.500000
v 250.939224 420.494598 -29.500000
v 251.000000 419.799988 -29.500000
v 248.732056 419.799988 -29.500000
v 245.631912 416.041229 -29.500000
v 245.000000 416.335907 -29.500000
v 246.133972 418.299988 -29.500000
v 250.064178 417.228851 -29.500000
v 247.866028 421.299988 -29.500000
v 249.000000 423.264099 -29.500000
v 249.571152 422.864166 -29.500000
v 246.305405 415.860779 -29.500000
v 250.064178 422.371155 -29.500000
v 250.464096 421.799988 -29.500000
v 250.758774 421.168091 -29.500000
v 244.428848 422.864166 -29.500000
v 245.000000 423.264099 -29.500000
v 246.133972 421.299988 -29.500000
v 245.631912 423.558777 -29.500000
v 246.305405 423.739227 -29.500000
v 243.241226 418.431915 -29.500000
v 243.060776 419.105408 -29.500000
v 245.267944 419.799988 -29.500000
v 243.000000 419.799988 -29.500000
v 243.060776 420.494598 -29.500000
v 243.241226 421.168091 -29.500000
v 243.535904 421.799988 -29.500000
v 243.935822 422.371155 -29.500000
v 244.428848 416.735809 -29.500000
v 243.935822 417.228851 -29.500000
v 243.535904 417.799988 -29.500000
v 248.368088 416.041229 -29.500000
v 247.694595 415.860779 -29.500000
v 247.000000 415.799988 -29.500000
v 250.939224 419.105408 -29.500000
v 250.758774 418.431915 -29.500000
v 250.464096 417.799988 -29.500000
v 247.000000 423.799988 -29.500000
v 247.694595 423.739227 -29.500000
v 248.368088 423.558777 -29.500000
v 246.133972 418.299988 -27.500000
v 247.866028 418.299988 -27.500000
v 248.732056 419.799988 -27.500000
v 247.866028 421.299988 -27.500000
v 246.133972 421.299988 -27.500000
v 245.267944 419.799988 -27.500000
v 259.700012 425.291229 1.368081
v 259.700012 425.549988 1.936492
v 259.700012 425.110779 -0.694593
v 259.700012 425.049988 -0.000000
v 259.700012 425.110779 0.694593
v 259.700012 425.549988 -1.936492
v 259.700012 425.291229 -1.368081
v 259.700012 432.808777 -1.368081
v 259.700012 432.549988 -1.936492
v 259.700012 432.989227 0.694593
v 259.700012 433.049988 -0.000000
v 258.000000 433.049988 -0.000000
v 259.700012 432.989227 -0.694593
v 259.700012 432.549988 1.936492
v 259.700012 432.808777 1.368081
v 266.200012 425.549988 -1.936492
v 266.200012 425.585907 -2.000000
v 266.200012 425.866821 -2.422258
v 266.200012 425.985809 -2.571151
v 266.200012 426.314697 -2.918590
v 266.200012 426.478851 -3.064178
v 266.200012 426.839020 -3.333392
v 266.200012 427.049988 -3.464102
v 266.200012 427.425079 -3.655078
v 266.200012 427.681915 -3.758770
v 266.200012 428.056519 -3.874661
v 266.200012 428.355408 -3.939231
v 266.200012 428.715729 -3.986008
v 266.200012 429.049988 -4.000000
v 266.200012 429.384277 -3.986008
v 266.200012 429.744598 -3.939231
v 266.200012 430.043488 -3.874661
v 266.200012 430.418091 -3.758770
v 266.200012 430.674927 -3.655078
v 266.200012 431.049988 -3.464102
v 266.200012 431.260986 -3.333392
v 266.200012 431.621155 -3.064178
v 266.200012 431.785309 -2.918590
v 266.200012 432.114166 -2.571151
v 266.200012 432.233185 -2.422258
v 266.200012 432.514099 -2.000000
v 266.200012 432.549988 -1.936492
v 266.700012 432.511475 -0.517778
v 266.700012 425.588501 -0.517778
v 266.700012 425.723083 -1.087062
v 266.700012 432.549988 -0.000000
v 266.700012 431.835297 -2.119476
v 266.700012 432.149384 -1.625979
v 266.700012 429.342499 -3.487757
v 266.700012 425.950623 -1.625979
v 266.700012 432.376892 -1.087062
v 266.700012 428.757507 -3.487757
v 266.700012 426.264709 -2.119476
v 266.700012 426.656616 -2.553766
v 266.700012 427.115387 -2.916718
v 266.700012 430.471802 -3.198193
v 266.700012 430.984619 -2.916718
v 266.700012 431.443390 -2.553766
v 266.700012 427.628174 -3.198193
v 266.700012 428.180695 -3.390329
v 266.700012 429.919281 -3.390329
v 266.661072 425.549988 -0.523539
v 266.517883 425.549988 -1.143620
v 266.517883 432.549988 -1.143620
v 266.661072 432.549988 -0.523539
v 266.700012 425.549988 -0.000000
v 266.700012 432.549988 -0.000000
v 233.699997 432.989227 0.694593
v 233.699997 432.808777 1.368081
v 233.699997 432.514099 2.000000
v 233.699997 432.114166 2.571151
v 233.699997 431.621155 3.064178
v 233.699997 431.049988 3.464102
v 233.699997 430.418091 3.758770
v 233.699997 429.744598 3.939231
v 233.699997 429.049988 4.000000
v 233.699997 428.355408 3.939231
v 233.699997 427.681915 3.758770
v 233.699997 427.049988 3.464102
v 233.699997 426.478851 3.064178
v 233.699997 425.985809 2.571151
v 233.699997 425.585907 2.000000
v 233.699997 425.291229 1.368081
v 233.699997 425.110779 0.694593
v 233.699997 425.049988 -0.000000
v 236.000000 425.049988 -0.000000
v 233.699997 425.110779 -0.694593
v 233.699997 425.291229 -1.368081
v 233.699997 425.585907 -2.000000
v 233.699997 425.985809 -2.571151
v 233.699997 426.478851 -3.064178
v 233.699997 427.049988 -3.464102
v 233.699997 427.681915 -3.758770
v 233.699997 428.355408 -3.939231
v 233.699997 429.049988 -4.000000
v 233.699997 429.744598 -3.939231
v 233.699997 430.418091 -3.758770
v 233.699997 431.049988 -3.464102
v 233.699997 431.621155 -3.064178
v 233.699997 432.114166 -2.571151
v 233.699997 432.514099 -2.000000
v 233.699997 432.808777 -1.368081
v 233.699997 432.989227 -0.694593
v 233.699997 433.049988 -0.000000
v 233.199997 438.049988 -0.000000
v 225.699997 437.913269 1.562834
v 233.199997 437.913269 1.562834
v 225.699997 437.507233 3.078181
v 233.199997 437.507233 3.078181
v 225.699997 436.844238 4.500000
v 233.199997 436.844238 4.500000
v 225.699997 435.944397 5.785089
v 233.199997 435.944397 5.785089
v 225.699997 434.835083 6.894400
v 233.199997 434.835083 6.894400
v 225.699997 433.549988 7.794229
v 233.199997 433.549988 7.794229
v 225.699997 432.128174 8.457233
v 233.199997 432.128174 8.457233
v 225.699997 430.612823 8.863270
v 233.199997 430.612823 8.863270
v 225.699997 429.049988 9.000000
v 233.199997 429.049988 9.000000
v 225.699997 427.487152 8.863270
v 233.199997 427.487152 8.863270
v 225.699997 425.971832 8.457233
v 233.199997 425.971832 8.457233
v 225.699997 424.549988 7.794229
v 233.199997 424.549988 7.794229
v 225.699997 423.264923 6.894400
v 233.199997 423.264923 6.894400
v 225.699997 422.155609 5.785089
v 233.199997 422.155609 5.785089
v 225.699997 421.255768 4.500000
v 233.199997 421.255768 4.500000
v 225.699997 420.592773 3.078181
v 233.199997 420.592773 3.078181
v 225.699997 420.186737 1.562834
v 233.199997 420.186737 1.562834
v 225.699997 420.049988 -0.000000
v 233.199997 420.049988 -0.000000
v 225.699997 420.186737 -1.562834
v 233.199997 420.186737 -1.562834
v 225.699997 420.592773 -3.078181
v 233.199997 420.592773 -3.078181
v 225.699997 421.255768 -4.500000
v 233.199997 421.255768 -4.500000
v 225.699997 422.155609 -5.785089
v 233.199997 422.155609 -5.785089
v 225.699997 423.264923 -6.894400
v 233.199997 423.264923 -6.894400
v 225.699997 424.549988 -7.794229
v 233.199997 424.549988 -7.794229
v 225.699997 425.971832 -8.457233
v 233.199997 425.971832 -8.457233
v 225.699997 427.487152 -8.863270
v 233.199997 427.487152 -8.863270
v 225.699997 429.049988 -9.000000
v 233.199997 429.049988 -9.000000
v 225.699997 430.612823 -8.863270
v 233.199997 430.612823 -8.863270
v 225.699997 432.128174 -8.457233
v 233.199997 432.128174 -8.457233
v 225.699997 433.549988 -7.794229
v 233.199997 433.549988 -7.794229
v 225.699997 434.835083 -6.894400
v 233.199997 434.835083 -6.894400
v 225.699997 435.944397 -5.785089
v 233.199997 435.944397 -5.785089
v 225.699997 436.844238 -4.500000
v 233.199997 436.844238 -4.500000
v 225.699997 437.507233 -3.078181
v 233.199997 437.507233 -3.078181
v 225.699997 437.913269 -1.562834
v 233.199997 437.913269 -1.562834
v 225.699997 438.049988 -0.000000
v 233.699997 426.142822 7.987388
v 233.699997 424.799988 7.361216
v 233.699997 423.586304 6.511378
v 233.699997 422.538635 5.463695
v 233.699997 421.688782 4.250000
v 233.699997 421.062622 2.907171
v 233.699997 420.679138 1.476009
v 233.699997 420.549988 -0.000000
v 233.699997 420.679138 -1.476009
v 233.699997 421.062622 -2.907171
v 233.699997 421.688782 -4.250000
v 233.699997 422.538635 -5.463695
v 233.699997 423.586304 -6.511378
v 233.699997 424.799988 -7.361216
v 233.699997 426.142822 -7.987388
v 233.699997 427.574005 -8.370866
v 233.699997 429.049988 -8.500000
v 233.699997 430.526001 -8.370866
v 233.699997 431.957184 -7.987388
v 233.699997 433.299988 -7.361216
v 233.699997 434.513702 -6.511378
v 233.699997 435.561371 -5.463695
v 233.699997 436.411224 -4.250000
v 233.699997 437.037384 -2.907171
v 233.699997 437.420868 -1.476009
v 233.699997 437.549988 -0.000000
v 233.699997 437.420868 1.476009
v 233.699997 437.037384 2.907171
v 233.699997 436.411224 4.250000
v 233.699997 435.561371 5.463695
v 233.699997 434.513702 6.511378
v 233.699997 433.299988 7.361216
v 233.699997 431.957184 7.987388
v 233.699997 430.526001 8.370866
v 233.699997 429.049988 8.500000
v 233.699997 427.574005 8.370866
v 225.199997 430.526001 -8.370866
v 225.199997 431.957184 -7.987388
v 225.199997 433.299988 -7.361216
v 225.199997 434.513702 -6.511378
v 225.199997 435.561371 -5.463695
v 225.199997 436.411224 -4.250000
v 225.199997 437.037384 -2.907171
v 225.199997 437.420868 -1.476009
v 225.199997 437.549988 -0.000000
v 225.699997 438.049988 -0.000000
v 225.199997 437.420868 1.476009
v 225.199997 437.037384 2.907171
v 225.199997 436.411224 4.250000
v 225.199997 435.561371 5.463695
v 225.199997 434.513702 6.511378
v 225.199997 433.299988 7.361216
v 225.199997 431.957184 7.987388
v 225.199997 430.526001 8.370866
v 225.199997 429.049988 8.500000
v 225.199997 427.574005 8.370866
v 225.199997 426.142822 7.987388
v 225.199997 424.799988 7.361216
v 225.199997 423.586304 6.511378
v 225.199997 422.538635 5.463695
v 225.199997 421.688782 4.250000
v 225.199997 421.062622 2.907171
v 225.199997 420.679138 1.476009
v 225.199997 420.549988 -0.000000
v 225.699997 420.049988 -0.000000
v 225.199997 420.679138 -1.476009
v 225.199997 421.062622 -2.907171
v 225.199997 421.688782 -4.250000
v 225.199997 422.538635 -5.463695
v 225.199997 423.586304 -6.511378
v 225.199997 424.799988 -7.361216
v 225.199997 426.142822 -7.987388
v 225.199997 427.574005 -8.370866
v 225.199997 429.049988 -8.500000
v 233.699997 437.549988 -0.000000
v 233.199997 438.049988 -0.000000
v 233.699997 420.549988 -0.000000
v 233.199997 420.049988 -0.000000
v 225.199997 437.799988 -0.000000
v 222.000000 437.667053 1.519422
v 225.199997 437.667053 1.519422
v 222.000000 437.272308 2.992676
v 225.199997 437.272308 2.992676
v 222.000000 436.627716 4.375000
v 225.199997 436.627716 4.375000
v 222.000000 435.752899 5.624392
v 225.199997 435.752899 5.624392
v 222.000000 434.674377 6.702889
v 225.199997 434.674377 6.702889
v 222.000000 433.424988 7.577723
v 225.199997 433.424988 7.577723
v 222.000000 432.042664 8.222311
v 225.199997 432.042664 8.222311
v 222.000000 430.569427 8.617067
v 225.199997 430.569427 8.617067
v 222.000000 429.049988 8.750000
v 225.199997 429.049988 8.750000
v 222.000000 427.530579 8.617067
v 225.199997 427.530579 8.617067
v 222.000000 426.057312 8.222311
v 225.199997 426.057312 8.222311
v 222.000000 424.674988 7.577723
v 225.199997 424.674988 7.577723
v 222.000000 423.425598 6.702889
v 225.199997 423.425598 6.702889
v 222.000000 422.347107 5.624392
v 225.199997 422.347107 5.624392
v 222.000000 421.472290 4.375000
v 225.199997 421.472290 4.375000
v 222.000000 420.827698 2.992676
v 225.199997 420.827698 2.992676
v 222.000000 420.432922 1.519422
v 225.199997 420.432922 1.519422
v 222.000000 420.299988 -0.000000
v 225.199997 420.299988 -0.000000
v 222.000000 420.432922 -1.519422
v 225.199997 420.432922 -1.519422
v 222.000000 420.827698 -2.992676
v 225.199997 420.827698 -2.992676
v 222.000000 421.472290 -4.375000
v 225.199997 421.472290 -4.375000
v 222.000000 422.347107 -5.624392
v 225.199997 422.347107 -5.624392
v 222.000000 423.425598 -6.702889
v 225.199997 423.425598 -6.702889
v 222.000000 424.674988 -7.577723
v 225.199997 424.674988 -7.577723
v 222.000000 426.057312 -8.222311
v 225.199997 426.057312 -8.222311
v 222.000000 427.530579 -8.617067
v 225.199997 427.530579 -8.617067
v 222.000000 429.049988 -8.750000
v 225.199997 429.049988 -8.750000
v 222.000000 430.569427 -8.617067
v 225.199997 430.569427 -8.617067
v 222.000000 432.042664 -8.222311
v 225.199997 432.042664 -8.222311
v 222.000000 433.424988 -7.577723
v 225.199997 433.424988 -7.577723
v 222.000000 434.674377 -6.702889
v 225.199997 434.674377 -6.702889
v 222.000000 435.752899 -5.624392
v 225.199997 435.752899 -5.624392
v 222.000000 436.627716 -4.375000
v 225.199997 436.627716 -4.375000
v 222.000000 437.272308 -2.992676
v 225.199997 437.272308 -2.992676
v 222.000000 437.667053 -1.519422
v 225.199997 437.667053 -1.519422
v 222.000000 437.799988 -0.000000
v 225.199997 420.549988 -0.000000
v 225.199997 420.299988 -0.000000
v 225.199997 437.549988 -0.000000
v 222.000000 402.299988 -10.400000
v 222.000000 437.799988 -0.000000
v 222.000000 437.799988 -8.190599
v 222.000000 437.799988 8.190599
v 222.000000 402.299988 10.400000
v 222.100006 402.299988 -10.500000
v 222.100006 402.299988 -10.400000
v 222.100006 402.299988 10.500000
v 222.100006 402.299988 10.400000
v 198.000000 437.799988 -8.190599
v 222.000000 437.799988 -0.000000
v 198.000000 437.799988 8.190599
v 257.000000 435.269623 -7.347296
v 237.000000 435.269623 -7.347296
v 257.000000 435.179382 -7.684041
v 237.000000 435.179382 -7.684041
v 257.000000 435.032043 -8.000000
v 237.000000 435.032043 -8.000000
v 257.000000 434.832092 -8.285576
v 237.000000 434.832092 -8.285576
v 257.000000 434.585571 -8.532089
v 237.000000 434.585571 -8.532089
v 257.000000 434.299988 -8.732051
v 237.000000 434.299988 -8.732051
v 257.000000 433.984039 -8.879385
v 237.000000 433.984039 -8.879385
v 257.000000 433.647308 -8.969615
v 237.000000 433.647308 -8.969615
v 257.000000 433.647308 8.969615
v 237.000000 433.647308 8.969615
v 257.000000 433.984039 8.879385
v 237.000000 433.984039 8.879385
v 257.000000 434.299988 8.732051
v 237.000000 434.299988 8.732051
v 257.000000 434.585571 8.532089
v 237.000000 434.585571 8.532089
v 257.000000 434.832092 8.285576
v 237.000000 434.832092 8.285576
v 257.000000 435.032043 8.000000
v 237.000000 435.032043 8.000000
v 257.000000 435.179382 7.684041
v 237.000000 435.179382 7.684041
v 257.000000 435.269623 7.347296
v 237.000000 435.269623 7.347296
v 257.000000 431.277222 -15.760472
v 237.000000 431.277222 -15.760472
v 257.000000 431.209534 -16.013029
v 237.000000 431.209534 -16.013029
v 257.000000 431.099030 -16.250000
v 237.000000 431.099030 -16.250000
v 257.000000 430.949066 -16.464182
v 237.000000 430.949066 -16.464182
v 257.000000 430.764191 -16.649067
v 237.000000 430.764191 -16.649067
v 257.000000 430.549988 -16.799038
v 237.000000 430.549988 -16.799038
v 257.000000 430.313019 -16.909540
v 237.000000 430.313019 -16.909540
v 257.000000 430.060486 -16.977211
v 237.000000 430.060486 -16.977211
v 237.000000 431.277222 15.760472
v 257.000000 431.277222 15.760472
v 237.000000 431.209534 16.013029
v 257.000000 431.209534 16.013029
v 237.000000 431.099030 16.250000
v 257.000000 431.099030 16.250000
v 237.000000 430.949066 16.464182
v 257.000000 430.949066 16.464182
v 237.000000 430.764191 16.649067
v 257.000000 430.764191 16.649067
v 237.000000 430.549988 16.799038
v 257.000000 430.549988 16.799038
v 237.000000 430.313019 16.909540
v 257.000000 430.313019 16.909540
v 237.000000 430.060486 16.977211
v 257.000000 430.060486 16.977211
v 236.015198 407.799988 16.173647
v 236.015198 429.799988 16.173647
v 236.060303 407.799988 16.342020
v 236.060303 429.799988 16.342020
v 236.133972 407.799988 16.500000
v 236.133972 429.799988 16.500000
v 236.233963 407.799988 16.642788
v 236.233963 429.799988 16.642788
v 236.357208 407.799988 16.766045
v 236.357208 429.799988 16.766045
v 236.500000 407.799988 16.866024
v 236.500000 429.799988 16.866024
v 236.657974 407.799988 16.939692
v 236.657974 429.799988 16.939692
v 236.826355 407.799988 16.984808
v 236.826355 429.799988 16.984808
v 236.826355 430.057831 16.962250
v 236.657974 430.049988 16.917822
v 236.500000 430.037201 16.845272
v 236.357208 430.019836 16.746809
v 236.233963 429.998444 16.625427
v 236.133972 429.973663 16.484808
v 236.060303 429.946228 16.329229
v 236.015198 429.916992 16.163414
v 236.826355 430.307831 16.895262
v 236.657974 430.292389 16.852869
v 236.500000 430.267212 16.783644
v 236.357208 430.233002 16.689692
v 236.233963 430.190857 16.573868
v 236.133972 430.142029 16.439693
v 236.060303 430.087982 16.291241
v 236.015198 430.030396 16.133022
v 236.826355 430.542389 16.785881
v 236.657974 430.519836 16.746809
v 236.500000 430.483002 16.683012
v 236.357208 430.433014 16.596428
v 236.233963 430.371399 16.489683
v 236.133972 430.299988 16.366026
v 236.060303 430.221008 16.229210
v 236.015198 430.136810 16.083397
v 236.826355 430.754425 16.637430
v 236.657974 430.725403 16.602869
v 236.500000 430.678070 16.546436
v 236.357208 430.613800 16.469845
v 236.233963 430.534576 16.375425
v 236.133972 430.442780 16.266045
v 236.060303 430.341248 16.145025
v 236.015198 430.233002 16.016045
v 236.826355 430.937439 16.454416
v 236.657974 430.902863 16.425415
v 236.500000 430.846436 16.378063
v 236.357208 430.769836 16.313797
v 236.233963 430.675415 16.234570
v 236.133972 430.566040 16.142788
v 236.060303 430.445038 16.041239
v 236.015198 430.316040 15.933013
v 236.826355 431.085876 16.242403
v 236.657974 431.046814 16.219847
v 236.500000 430.983002 16.183014
v 236.357208 430.896423 16.133022
v 236.233963 430.789673 16.071394
v 236.133972 430.666016 16.000000
v 236.060303 430.529205 15.921010
v 236.015198 430.383392 15.836823
v 236.826355 431.195251 16.007835
v 236.657974 431.152863 15.992403
v 236.500000 431.083649 15.967209
v 236.357208 430.989685 15.933013
v 236.233963 430.873871 15.890857
v 236.133972 430.739685 15.842020
v 236.060303 430.591248 15.787987
v 236.015198 430.433014 15.730401
v 236.826355 431.262238 15.757834
v 236.657974 431.217834 15.750000
v 236.500000 431.145264 15.737207
v 236.357208 431.046814 15.719846
v 236.233963 430.925415 15.698442
v 236.133972 430.784821 15.673649
v 236.060303 430.629242 15.646215
v 236.015198 430.463409 15.616978
v 236.826355 431.284821 15.500000
v 236.657974 431.239685 15.500000
v 236.500000 431.166016 15.500000
v 236.357208 431.066040 15.500000
v 236.233963 430.942780 15.500000
v 236.133972 430.799988 15.500000
v 236.060303 430.642029 15.500000
v 236.015198 430.473633 15.500000
v 236.015198 430.473633 8.173648
v 236.060303 430.642029 8.342020
v 236.133972 430.799988 8.500000
v 236.233963 430.942780 8.642788
v 236.357208 431.066040 8.766045
v 236.657974 431.239685 8.939692
v 236.577377 431.206299 8.906307
v 236.500000 431.166016 8.866025
v 236.426422 431.119141 8.819152
v 236.912842 431.296204 8.996195
v 236.826355 431.284821 8.984808
v 236.741180 431.265930 8.965926
v 236.826355 433.299988 8.984808
v 236.657974 433.299988 8.939692
v 236.500000 433.299988 8.866025
v 236.357208 433.299988 8.766045
v 236.233963 433.299988 8.642788
v 236.133972 433.299988 8.500000
v 236.060303 433.299988 8.342020
v 236.015198 433.299988 8.173648
v 236.826355 433.644653 8.954655
v 236.657974 433.636810 8.910225
v 236.500000 433.624023 8.837677
v 236.357208 433.606659 8.739214
v 236.233963 433.585266 8.617829
v 236.133972 433.560486 8.477212
v 236.060303 433.533051 8.321631
v 236.015198 433.503815 8.155818
v 236.826355 433.978851 8.865109
v 236.657974 433.963409 8.822715
v 236.500000 433.938232 8.753490
v 236.357208 433.904022 8.659539
v 236.233963 433.861877 8.543715
v 236.133972 433.813019 8.409539
v 236.060303 433.759003 8.261086
v 236.015198 433.701416 8.102869
v 236.826355 434.292389 8.718894
v 236.657974 434.269836 8.679823
v 236.500000 434.233002 8.616026
v 236.357208 434.183014 8.529440
v 236.233963 434.121399 8.422696
v 236.133972 434.049988 8.299038
v 236.060303 433.971008 8.162224
v 236.015198 433.886810 8.016409
v 236.826355 434.575806 8.520452
v 236.657974 434.546814 8.485891
v 236.500000 434.499451 8.429459
v 236.357208 434.435181 8.352868
v 236.233963 434.355957 8.258448
v 236.133972 434.264191 8.149067
v 236.060303 434.162628 8.028048
v 236.015198 434.054413 7.899066
v 236.826355 434.820465 8.275809
v 236.657974 434.785889 8.246810
v 236.500000 434.729462 8.199458
v 236.357208 434.652863 8.135191
v 236.233963 434.558441 8.055964
v 236.133972 434.449066 7.964182
v 236.060303 434.328033 7.862634
v 236.015198 434.199066 7.754406
v 236.826355 435.018890 7.992404
v 236.657974 434.979828 7.969846
v 236.500000 434.916016 7.933013
v 236.357208 434.829437 7.883022
v 236.233963 434.722687 7.821394
v 236.133972 434.599030 7.750000
v 236.060303 434.462219 7.671010
v 236.015198 434.316406 7.586824
v 236.826355 435.165100 7.678844
v 236.657974 435.122711 7.663414
v 236.500000 435.053497 7.638218
v 236.357208 434.959534 7.604023
v 236.233963 434.843719 7.561867
v 236.133972 434.709534 7.513031
v 236.060303 434.561096 7.458998
v 236.015198 434.402863 7.401412
v 236.826355 435.254639 7.344658
v 236.657974 435.210236 7.336824
v 236.500000 435.137665 7.324032
v 236.357208 435.039215 7.306670
v 236.233963 434.917816 7.285267
v 236.133972 434.777222 7.260472
v 236.060303 434.621643 7.233039
v 236.015198 434.455811 7.203802
v 236.826355 435.284821 7.000000
v 236.657974 435.239685 7.000000
v 236.500000 435.166016 7.000000
v 236.357208 435.066040 7.000000
v 236.233963 434.942780 7.000000
v 236.133972 434.799988 7.000000
v 236.060303 434.642029 7.000000
v 236.015198 434.473663 7.000000
v 236.826355 435.284821 -7.000000
v 236.657974 435.239685 -7.000000
v 236.500000 435.166016 -7.000000
v 236.357208 435.066040 -7.000000
v 236.233963 434.942780 -7.000000
v 236.133972 434.799988 -7.000000
v 236.060303 434.642029 -7.000000
v 236.015198 434.473663 -7.000000
v 236.826355 435.254639 -7.344658
v 236.657974 435.210236 -7.336824
v 236.500000 435.137665 -7.324032
v 236.357208 435.039215 -7.306670
v 236.233963 434.917816 -7.285267
v 236.133972 434.777222 -7.260472
v 236.060303 434.621643 -7.233039
v 236.015198 434.455811 -7.203802
v 236.826355 435.165100 -7.678844
v 236.657974 435.122711 -7.663414
v 236.500000 435.053497 -7.638218
v 236.357208 434.959534 -7.604023
v 236.233963 434.843719 -7.561867
v 236.133972 434.709534 -7.513031
v 236.060303 434.561096 -7.458998
v 236.015198 434.402863 -7.401412
v 236.826355 435.018890 -7.992404
v 236.657974 434.979828 -7.969846
v 236.500000 434.916016 -7.933013
v 236.357208 434.829437 -7.883022
v 236.233963 434.722687 -7.821394
v 236.133972 434.599030 -7.750000
v 236.060303 434.462219 -7.671010
v 236.015198 434.316406 -7.586824
v 236.826355 434.820465 -8.275809
v 236.657974 434.785889 -8.246810
v 236.500000 434.729462 -8.199458
v 236.357208 434.652863 -8.135191
v 236.233963 434.558441 -8.055964
v 236.133972 434.449066 -7.964182
v 236.060303 434.328033 -7.862634
v 236.015198 434.199066 -7.754406
v 236.826355 434.575806 -8.520452
v 236.657974 434.546814 -8.485891
v 236.500000 434.499451 -8.429459
v 236.357208 434.435181 -8.352868
v 236.233963 434.355957 -8.258448
v 236.133972 434.264191 -8.149067
v 236.060303 434.162628 -8.028048
v 236.015198 434.054413 -7.899066
v 236.826355 434.292389 -8.718894
v 236.657974 434.269836 -8.679823
v 236.500000 434.233002 -8.616026
v 236.357208 434.183014 -8.529440
v 236.233963 434.121399 -8.422696
v 236.133972 434.049988 -8.299038
v 236.060303 433.971008 -8.162224
v 236.015198 433.886810 -8.016409
v 236.826355 433.978851 -8.865109
v 236.657974 433.963409 -8.822715
v 236.500000 433.938232 -8.753490
v 236.357208 433.904022 -8.659539
v 236.233963 433.861877 -8.543715
v 236.133972 433.813019 -8.409539
v 236.060303 433.759003 -8.261086
v 236.015198 433.701416 -8.102869
v 236.826355 433.644653 -8.954655
v 236.657974 433.636810 -8.910225
v 236.500000 433.624023 -8.837677
v 236.357208 433.606659 -8.739214
v 236.233963 433.585266 -8.617829
v 236.133972 433.560486 -8.477212
v 236.060303 433.533051 -8.321631
v 236.015198 433.503815 -8.155818
v 236.826355 433.299988 -8.984808
v 236.657974 433.299988 -8.939692
v 236.500000 433.299988 -8.866025
v 236.357208 433.299988 -8.766045
v 236.233963 433.299988 -8.642788
v 236.133972 433.299988 -8.500000
v 236.060303 433.299988 -8.342020
v 236.015198 433.299988 -8.173648
v 236.015198 429.799988 -16.173647
v 236.015198 407.799988 -16.173647
v 236.060303 429.799988 -16.342020
v 236.060303 407.799988 -16.342020
v 236.133972 429.799988 -16.500000
v 236.133972 407.799988 -16.500000
v 236.233963 429.799988 -16.642788
v 236.233963 407.799988 -16.642788
v 236.357208 429.799988 -16.766045
v 236.357208 407.799988 -16.766045
v 236.500000 429.799988 -16.866024
v 236.500000 407.799988 -16.866024
v 236.657974 429.799988 -16.939692
v 236.657974 407.799988 -16.939692
v 236.826355 429.799988 -16.984808
v 236.826355 407.799988 -16.984808
v 236.015198 430.473633 -8.173648
v 236.060303 430.642029 -8.342020
v 236.133972 430.799988 -8.500000
v 236.233963 430.942780 -8.642788
v 236.357208 431.066040 -8.766045
v 236.657974 431.239685 -8.939692
v 236.577377 431.206299 -8.906307
v 236.500000 431.166016 -8.866025
v 236.426422 431.119141 -8.819152
v 236.912842 431.296204 -8.996195
v 236.826355 431.284821 -8.984808
v 236.741180 431.265930 -8.965926
v 236.826355 431.284821 -15.500000
v 236.826355 431.262238 -15.757834
v 236.657974 431.239685 -15.500000
v 236.657974 431.217834 -15.750000
v 236.500000 431.166016 -15.500000
v 236.500000 431.145264 -15.737207
v 236.357208 431.066040 -15.500000
v 236.357208 431.046814 -15.719846
v 236.233963 430.942780 -15.500000
v 236.233963 430.925415 -15.698442
v 236.133972 430.799988 -15.500000
v 236.133972 430.784821 -15.673649
v 236.060303 430.642029 -15.500000
v 236.060303 430.629242 -15.646215
v 236.015198 430.473633 -15.500000
v 236.015198 430.463409 -15.616978
v 236.826355 431.195251 -16.007835
v 236.657974 431.152863 -15.992403
v 236.500000 431.083649 -15.967209
v 236.357208 430.989685 -15.933013
v 236.233963 430.873871 -15.890857
v 236.133972 430.739685 -15.842021
v 236.060303 430.591248 -15.787987
v 236.015198 430.433014 -15.730401
v 236.826355 431.085876 -16.242403
v 236.657974 431.046814 -16.219847
v 236.500000 430.983002 -16.183014
v 236.357208 430.896423 -16.133022
v 236.233963 430.789673 -16.071394
v 236.133972 430.666016 -16.000000
v 236.060303 430.529205 -15.921010
v 236.015198 430.383392 -15.836823
v 236.826355 430.937439 -16.454416
v 236.657974 430.902863 -16.425415
v 236.500000 430.846436 -16.378063
v 236.357208 430.769836 -16.313797
v 236.233963 430.675415 -16.234570
v 236.133972 430.566040 -16.142788
v 236.060303 430.445038 -16.041239
v 236.015198 430.316040 -15.933013
v 236.826355 430.754425 -16.637430
v 236.657974 430.725403 -16.602869
v 236.500000 430.678070 -16.546436
v 236.357208 430.613800 -16.469845
v 236.233963 430.534576 -16.375425
v 236.133972 430.442780 -16.266045
v 236.060303 430.341248 -16.145025
v 236.015198 430.233002 -16.016045
v 236.826355 430.542389 -16.785881
v 236.657974 430.519836 -16.746809
v 236.500000 430.483002 -16.683012
v 236.357208 430.433014 -16.596428
v 236.233963 430.371399 -16.489683
v 236.133972 430.299988 -16.366026
v 236.060303 430.221008 -16.229210
v 236.015198 430.136810 -16.083397
v 236.826355 430.307831 -16.895262
v 236.657974 430.292389 -16.852869
v 236.500000 430.267212 -16.783644
v 236.357208 430.233002 -16.689692
v 236.233963 430.190857 -16.573868
v 236.133972 430.142029 -16.439693
v 236.060303 430.087982 -16.291241
v 236.015198 430.030396 -16.133022
v 236.826355 430.057831 -16.962250
v 236.657974 430.049988 -16.917822
v 236.500000 430.037201 -16.845272
v 236.357208 430.019836 -16.746809
v 236.233963 429.998444 -16.625427
v 236.133972 429.973663 -16.484808
v 236.060303 429.946228 -16.329229
v 236.015198 429.916992 -16.163414
v 257.984802 429.799988 16.173647
v 257.984802 402.799988 16.173647
v 257.939697 429.799988 16.342020
v 257.939697 402.799988 16.342020
v 257.866028 429.799988 16.500000
v 257.866028 402.799988 16.500000
v 257.766052 429.799988 16.642788
v 257.766052 402.799988 16.642788
v 257.642792 429.799988 16.766045
v 257.642792 402.799988 16.766045
v 257.500000 429.799988 16.866024
v 257.500000 402.799988 16.866024
v 257.342010 429.799988 16.939692
v 257.342010 402.799988 16.939692
v 257.173645 429.799988 16.984808
v 257.173645 402.799988 16.984808
v 257.173645 431.284821 15.500000
v 257.173645 431.262238 15.757834
v 257.342010 431.239685 15.500000
v 257.342010 431.217834 15.750000
v 257.500000 431.166016 15.500000
v 257.500000 431.145264 15.737207
v 257.642792 431.066040 15.500000
v 257.642792 431.046814 15.719846
v 257.766052 430.942780 15.500000
v 257.766052 430.925415 15.698442
v 257.866028 430.799988 15.500000
v 257.866028 430.784821 15.673649
v 257.939697 430.642029 15.500000
v 257.939697 430.629242 15.646215
v 257.984802 430.473633 15.500000
v 257.984802 430.463409 15.616978
v 257.173645 431.195251 16.007835
v 257.342010 431.152863 15.992403
v 257.500000 431.083649 15.967209
v 257.642792 430.989685 15.933013
v 257.766052 430.873871 15.890857
v 257.866028 430.739685 15.842020
v 257.939697 430.591248 15.787987
v 257.984802 430.433014 15.730401
v 257.173645 431.085876 16.242403
v 257.342010 431.046814 16.219847
v 257.500000 430.983002 16.183014
v 257.642792 430.896423 16.133022
v 257.766052 430.789673 16.071394
v 257.866028 430.666016 16.000000
v 257.939697 430.529205 15.921010
v 257.984802 430.383392 15.836823
v 257.173645 430.937439 16.454416
v 257.342010 430.902863 16.425415
v 257.500000 430.846436 16.378063
v 257.642792 430.769836 16.313797
v 257.766052 430.675415 16.234570
v 257.866028 430.566040 16.142788
v 257.939697 430.445038 16.041239
v 257.984802 430.316040 15.933013
v 257.173645 430.754425 16.637430
v 257.342010 430.725403 16.602869
v 257.500000 430.678070 16.546436
v 257.642792 430.613800 16.469845
v 257.766052 430.534576 16.375425
v 257.866028 430.442780 16.266045
v 257.939697 430.341248 16.145025
v 257.984802 430.233002 16.016045
v 257.173645 430.542389 16.785881
v 257.342010 430.519836 16.746809
v 257.500000 430.483002 16.683012
v 257.642792 430.433014 16.596428
v 257.766052 430.371399 16.489683
v 257.866028 430.299988 16.366026
v 257.939697 430.221008 16.229210
v 257.984802 430.136810 16.083397
v 257.173645 430.307831 16.895262
v 257.342010 430.292389 16.852869
v 257.500000 430.267212 16.783644
v 257.642792 430.233002 16.689692
v 257.766052 430.190857 16.573868
v 257.866028 430.142029 16.439693
v 257.939697 430.087982 16.291241
v 257.984802 430.030396 16.133022
v 257.173645 430.057831 16.962250
v 257.342010 430.049988 16.917822
v 257.500000 430.037201 16.845272
v 257.642792 430.019836 16.746809
v 257.766052 429.998444 16.625427
v 257.866028 429.973663 16.484808
v 257.939697 429.946228 16.329229
v 257.984802 429.916992 16.163414
v 257.087158 431.296204 8.996195
v 257.173645 431.284821 8.984808
v 257.258820 431.265930 8.965926
v 257.342010 431.239685 8.939692
v 257.422607 431.206299 8.906307
v 257.500000 431.166016 8.866025
v 257.573578 431.119141 8.819152
v 257.642792 431.066040 8.766045
v 257.766052 430.942780 8.642788
v 257.866028 430.799988 8.500000
v 257.939697 430.642029 8.342020
v 257.984802 430.473633 8.173648
v 257.984802 433.299988 8.173648
v 257.939697 433.299988 8.342020
v 257.866028 433.299988 8.500000
v 257.766052 433.299988 8.642788
v 257.642792 433.299988 8.766045
v 257.500000 433.299988 8.866025
v 257.342010 433.299988 8.939692
v 257.173645 433.299988 8.984808
v 257.173645 435.284821 7.000000
v 257.173645 435.254639 7.344658
v 257.342010 435.239685 7.000000
v 257.342010 435.210236 7.336824
v 257.500000 435.166016 7.000000
v 257.500000 435.137665 7.324032
v 257.642792 435.066040 7.000000
v 257.642792 435.039215 7.306670
v 257.766052 434.942780 7.000000
v 257.766052 434.917816 7.285267
v 257.866028 434.799988 7.000000
v 257.866028 434.777222 7.260472
v 257.939697 434.642029 7.000000
v 257.939697 434.621643 7.233039
v 257.984802 434.473663 7.000000
v 257.984802 434.455811 7.203802
v 257.173645 435.165100 7.678844
v 257.342010 435.122711 7.663414
v 257.500000 435.053497 7.638218
v 257.642792 434.959534 7.604023
v 257.766052 434.843719 7.561867
v 257.866028 434.709534 7.513031
v 257.939697 434.561096 7.458998
v 257.984802 434.402863 7.401412
v 257.173645 435.018890 7.992404
v 257.342010 434.979828 7.969846
v 257.500000 434.916016 7.933013
v 257.642792 434.829437 7.883022
v 257.766052 434.722687 7.821394
v 257.866028 434.599030 7.750000
v 257.939697 434.462219 7.671010
v 257.984802 434.316406 7.586824
v 257.173645 434.820465 8.275809
v 257.342010 434.785889 8.246810
v 257.500000 434.729462 8.199458
v 257.642792 434.652863 8.135191
v 257.766052 434.558441 8.055964
v 257.866028 434.449066 7.964182
v 257.939697 434.328033 7.862634
v 257.984802 434.199066 7.754406
v 257.173645 434.575806 8.520452
v 257.342010 434.546814 8.485891
v 257.500000 434.499451 8.429459
v 257.642792 434.435181 8.352868
v 257.766052 434.355957 8.258448
v 257.866028 434.264191 8.149067
v 257.939697 434.162628 8.028048
v 257.984802 434.054413 7.899066
v 257.173645 434.292389 8.718894
v 257.342010 434.269836 8.679823
v 257.500000 434.233002 8.616026
v 257.642792 434.183014 8.529440
v 257.766052 434.121399 8.422696
v 257.866028 434.049988 8.299038
v 257.939697 433.971008 8.162224
v 257.984802 433.886810 8.016409
v 257.173645 433.978851 8.865109
v 257.342010 433.963409 8.822715
v 257.500000 433.938232 8.753490
v 257.642792 433.904022 8.659539
v 257.766052 433.861877 8.543715
v 257.866028 433.813019 8.409539
v 257.939697 433.759003 8.261086
v 257.984802 433.701416 8.102869
v 257.173645 433.644653 8.954655
v 257.342010 433.636810 8.910225
v 257.500000 433.624023 8.837677
v 257.642792 433.606659 8.739214
v 257.766052 433.585266 8.617829
v 257.866028 433.560486 8.477212
v 257.939697 433.533051 8.321631
v 257.984802 433.503815 8.155818
v 257.984802 434.473663 -7.000000
v 257.939697 434.642029 -7.000000
v 257.866028 434.799988 -7.000000
v 257.766052 434.942780 -7.000000
v 257.642792 435.066040 -7.000000
v 257.500000 435.166016 -7.000000
v 257.342010 435.239685 -7.000000
v 257.173645 435.284821 -7.000000
v 257.173645 433.299988 -8.984808
v 257.173645 433.644653 -8.954655
v 257.342010 433.299988 -8.939692
v 257.342010 433.636810 -8.910225
v 257.500000 433.299988 -8.866025
v 257.500000 433.624023 -8.837677
v 257.642792 433.299988 -8.766045
v 257.642792 433.606659 -8.739214
v 257.766052 433.299988 -8.642788
v 257.766052 433.585266 -8.617829
v 257.866028 433.299988 -8.500000
v 257.866028 433.560486 -8.477212
v 257.939697 433.299988 -8.342020
v 257.939697 433.533051 -8.321631
v 257.984802 433.299988 -8.173648
v 257.984802 433.503815 -8.155818
v 257.173645 433.978851 -8.865109
v 257.342010 433.963409 -8.822715
v 257.500000 433.938232 -8.753490
v 257.642792 433.904022 -8.659539
v 257.766052 433.861877 -8.543715
v 257.866028 433.813019 -8.409539
v 257.939697 433.759003 -8.261086
v 257.984802 433.701416 -8.102869
v 257.173645 434.292389 -8.718894
v 257.342010 434.269836 -8.679823
v 257.500000 434.233002 -8.616026
v 257.642792 434.183014 -8.529440
v 257.766052 434.121399 -8.422696
v 257.866028 434.049988 -8.299038
v 257.939697 433.971008 -8.162224
v 257.984802 433.886810 -8.016409
v 257.173645 434.575806 -8.520452
v 257.342010 434.546814 -8.485891
v 257.500000 434.499451 -8.429459
v 257.642792 434.435181 -8.352868
v 257.766052 434.355957 -8.258448
v 257.866028 434.264191 -8.149067
v 257.939697 434.162628 -8.028048
v 257.984802 434.054413 -7.899066
v 257.173645 434.820465 -8.275809
v 257.342010 434.785889 -8.246810
v 257.500000 434.729462 -8.199458
v 257.642792 434.652863 -8.135191
v 257.766052 434.558441 -8.055964
v 257.866028 434.449066 -7.964182
v 257.939697 434.328033 -7.862634
v 257.984802 434.199066 -7.754406
v 257.173645 435.018890 -7.992404
v 257.342010 434.979828 -7.969846
v 257.500000 434.916016 -7.933013
v 257.642792 434.829437 -7.883022
v 257.766052 434.722687 -7.821394
v 257.866028 434.599030 -7.750000
v 257.939697 434.462219 -7.671010
v 257.984802 434.316406 -7.586824
v 257.173645 435.165100 -7.678844
v 257.342010 435.122711 -7.663414
v 257.500000 435.053497 -7.638218
v 257.642792 434.959534 -7.604023
v 257.766052 434.843719 -7.561867
v 257.866028 434.709534 -7.513031
v 257.939697 434.561096 -7.458998
v 257.984802 434.402863 -7.401412
v 257.173645 435.254639 -7.344658
v 257.342010 435.210236 -7.336824
v 257.500000 435.137665 -7.324032
v 257.642792 435.039215 -7.306670
v 257.766052 434.917816 -7.285267
v 257.866028 434.777222 -7.260472
v 257.939697 434.621643 -7.233039
v 257.984802 434.455811 -7.203802
v 257.087158 431.296204 -8.996195
v 257.173645 431.284821 -8.984808
v 257.258820 431.265930 -8.965926
v 257.342010 431.239685 -8.939692
v 257.422607 431.206299 -8.906307
v 257.500000 431.166016 -8.866025
v 257.573578 431.119141 -8.819152
v 257.642792 431.066040 -8.766045
v 257.766052 430.942780 -8.642788
v 257.866028 430.799988 -8.500000
v 257.939697 430.642029 -8.342020
v 257.984802 430.473633 -8.173648
v 257.984802 430.473633 -15.500000
v 257.939697 430.642029 -15.500000
v 257.866028 430.799988 -15.500000
v 257.766052 430.942780 -15.500000
v 257.642792 431.066040 -15.500000
v 257.500000 431.166016 -15.500000
v 257.342010 431.239685 -15.500000
v 257.173645 431.284821 -15.500000
v 257.173645 429.799988 -16.984808
v 257.173645 430.057831 -16.962250
v 257.342010 429.799988 -16.939692
v 257.342010 430.049988 -16.917822
v 257.500000 429.799988 -16.866024
v 257.500000 430.037201 -16.845272
v 257.642792 429.799988 -16.766045
v 257.642792 430.019836 -16.746809
v 257.766052 429.799988 -16.642788
v 257.766052 429.998444 -16.625427
v 257.866028 429.799988 -16.500000
v 257.866028 429.973663 -16.484808
v 257.939697 429.799988 -16.342020
v 257.939697 429.946228 -16.329229
v 257.984802 429.799988 -16.173647
v 257.984802 429.916992 -16.163414
v 257.173645 430.307831 -16.895262
v 257.342010 430.292389 -16.852869
v 257.500000 430.267212 -16.783644
v 257.642792 430.233002 -16.689692
v 257.766052 430.190857 -16.573868
v 257.866028 430.142029 -16.439693
v 257.939697 430.087982 -16.291241
v 257.984802 430.030396 -16.133022
v 257.173645 430.542389 -16.785881
v 257.342010 430.519836 -16.746809
v 257.500000 430.483002 -16.683012
v 257.642792 430.433014 -16.596428
v 257.766052 430.371399 -16.489683
v 257.866028 430.299988 -16.366026
v 257.939697 430.221008 -16.229210
v 257.984802 430.136810 -16.083397
v 257.173645 430.754425 -16.637430
v 257.342010 430.725403 -16.602869
v 257.500000 430.678070 -16.546436
v 257.642792 430.613800 -16.469845
v 257.766052 430.534576 -16.375425
v 257.866028 430.442780 -16.266045
v 257.939697 430.341248 -16.145025
v 257.984802 430.233002 -16.016045
v 257.173645 430.937439 -16.454416
v 257.342010 430.902863 -16.425415
v 257.500000 430.846436 -16.378063
v 257.642792 430.769836 -16.313797
v 257.766052 430.675415 -16.234570
v 257.866028 430.566040 -16.142788
v 257.939697 430.445038 -16.041239
v 257.984802 430.316040 -15.933013
v 257.173645 431.085876 -16.242403
v 257.342010 431.046814 -16.219847
v 257.500000 430.983002 -16.183014
v 257.642792 430.896423 -16.133022
v 257.766052 430.789673 -16.071394
v 257.866028 430.666016 -16.000000
v 257.939697 430.529205 -15.921010
v 257.984802 430.383392 -15.836823
v 257.173645 431.195251 -16.007835
v 257.342010 431.152863 -15.992403
v 257.500000 431.083649 -15.967209
v 257.642792 430.989685 -15.933013
v 257.766052 430.873871 -15.890857
v 257.866028 430.739685 -15.842021
v 257.939697 430.591248 -15.787987
v 257.984802 430.433014 -15.730401
v 257.173645 431.262238 -15.757834
v 257.342010 431.217834 -15.750000
v 257.500000 431.145264 -15.737207
v 257.642792 431.046814 -15.719846
v 257.766052 430.925415 -15.698442
v 257.866028 430.784821 -15.673649
v 257.939697 430.629242 -15.646215
v 257.984802 430.463409 -15.616978
v 257.984802 402.799988 -16.173647
v 257.939697 402.799988 -16.342020
v 257.866028 402.799988 -16.500000
v 257.766052 402.799988 -16.642788
v 257.642792 402.799988 -16.766045
v 257.500000 402.799988 -16.866024
v 257.342010 402.799988 -16.939692
v 257.173645 402.799988 -16.984808
v 236.132401 401.929230 -16.497257
v 236.357208 402.394775 -16.766045
v 236.426422 402.486755 -16.819151
v 236.233963 402.181305 -16.642788
v 236.500000 402.567963 -16.866024
v 236.577377 402.637726 -16.906307
v 236.657974 402.695557 -16.939692
v 236.741180 402.740967 -16.965925
v 236.826355 402.773682 -16.984808
v 236.912842 402.793396 -16.996195
v 236.132401 401.929230 16.497257
v 236.426422 402.486755 16.819151
v 236.357208 402.394775 16.766045
v 236.657974 402.695557 16.939692
v 236.577377 402.637726 16.906307
v 236.500000 402.567963 16.866024
v 236.233963 402.181305 16.642788
v 236.912842 402.793396 16.996195
v 236.826355 402.773682 16.984808
v 236.741180 402.740967 16.965925
vn -0.0000 -0.0000 -1.0000
vn -0.0000 -0.0000 1.0000
vn -0.0000 1.0000 -0.0000
vn -0.0002 1.0000 -0.0000
vn 0.7058 -0.6526 0.2756
vn 0.7057 -0.6895 0.1630
vn 0.7058 -0.6894 0.1629
vn 0.7058 -0.7065 0.0525
vn 0.7131 -0.5915 0.3764
vn 0.7081 -0.6145 0.3477
vn 0.7003 -0.6563 0.2807
vn 0.7060 0.7062 0.0525
vn 0.7056 0.6896 0.1630
vn 0.7058 0.6894 0.1629
vn 0.7055 0.6498 0.2828
vn 0.6998 0.6581 0.2778
vn 0.7083 0.6146 0.3473
vn 0.7130 0.5915 0.3765
vn 0.7065 0.5893 0.3920
vn 0.7069 0.5525 0.4416
vn 0.7138 0.5199 0.4692
vn 0.7065 0.5140 0.4865
vn 0.7069 0.4693 0.5291
vn 0.7145 0.4341 0.5487
vn 0.7065 0.4237 0.5668
vn 0.7070 0.3725 0.6012
vn 0.7150 0.3364 0.6129
vn 0.7066 0.3211 0.6306
vn 0.7070 0.2648 0.6558
vn 0.7153 0.2295 0.6600
vn 0.7067 0.2091 0.6759
vn 0.7069 0.1494 0.6914
vn 0.7155 0.1164 0.6888
vn 0.7068 0.0911 0.7016
vn 0.7069 0.0296 0.7067
vn 0.7156 -0.0000 0.6985
vn 0.7067 -0.0296 0.7069
vn 0.7068 -0.0911 0.7016
vn 0.7155 -0.1163 0.6888
vn 0.7069 -0.1494 0.6914
vn 0.7067 -0.2091 0.6759
vn 0.7154 -0.2295 0.6600
vn 0.7069 -0.2648 0.6559
vn 0.7066 -0.3211 0.6306
vn 0.7149 -0.3364 0.6129
vn 0.7070 -0.3725 0.6012
vn 0.7065 -0.4237 0.5669
vn 0.7144 -0.4341 0.5487
vn 0.7070 -0.4692 0.5291
vn 0.7065 -0.5140 0.4865
vn 0.7138 -0.5199 0.4692
vn 0.7069 -0.5526 0.4415
vn 0.7064 -0.5893 0.3921
vn -1.0000 -0.0000 -0.0000
vn -1.0000 -0.0000 -0.0004
vn -1.0000 -0.0000 -0.0003
vn -1.0000 -0.0000 0.0001
vn -1.0000 -0.0000 -0.0001
vn -0.0000 -1.0000 -0.0000
vn 0.0004 -1.0000 -0.0000
vn 0.0003 -1.0000 -0.0000
vn -0.0013 -1.0000 -0.0000
vn 0.0027 -1.0000 -0.0000
vn 1.0000 -0.0000 -0.0000
vn 1.0000 -0.0000 0.0002
vn 1.0000 -0.0000 -0.0002
vn -0.9962 0.0872 -0.0000
vn -0.9659 0.2588 -0.0000
vn -0.9063 0.4226 -0.0000
vn -0.8192 0.5736 -0.0000
vn -0.7071 0.7071 -0.0000
vn -0.5736 0.8191 -0.0000
vn -0.5736 0.8192 -0.0000
vn -0.4226 0.9063 -0.0000
vn -0.2589 0.9659 -0.0000
vn -0.2588 0.9659 -0.0000
vn -0.0871 0.9962 -0.0000
vn 0.0871 0.9962 -0.0000
vn 0.2588 0.9659 -0.0000
vn 0.2589 0.9659 -0.0000
vn 0.4226 0.9063 -0.0000
vn 0.5736 0.8192 -0.0000
vn 0.5736 0.8191 -0.0000
vn 0.7071 0.7071 -0.0000
vn 0.8192 0.5736 -0.0000
vn 0.9063 0.4227 -0.0000
vn 0.9063 0.4226 -0.0000
vn 0.9659 0.2588 -0.0000
vn 0.9962 0.0872 -0.0000
vn 0.9962 -0.0872 -0.0000
vn 0.9659 -0.2588 -0.0000
vn 0.9063 -0.4226 -0.0000
vn 0.8192 -0.5736 -0.0000
vn 0.7071 -0.7071 -0.0000
vn 0.5736 -0.8192 -0.0000
vn 0.4226 -0.9063 -0.0000
vn 0.2589 -0.9659 -0.0000
vn 0.2588 -0.9659 -0.0000
vn 0.0871 -0.9962 -0.0000
vn 0.0872 -0.9962 -0.0000
vn -0.0872 -0.9962 -0.0000
vn -0.0871 -0.9962 -0.0000
vn -0.2588 -0.9659 -0.0000
vn -0.2589 -0.9659 -0.0000
vn -0.4226 -0.9063 -0.0000
vn -0.5736 -0.8192 -0.0000
vn -0.7071 -0.7071 -0.0000
vn -0.8192 -0.5736 -0.0000
vn -0.9063 -0.4226 -0.0000
vn -0.9659 -0.2588 -0.0000
vn -0.9962 -0.0872 -0.0000
vn 0.8191 0.5736 -0.0000
vn 0.8192 0.5735 -0.0000
vn 0.7072 0.7071 -0.0000
vn 0.5735 0.8192 -0.0000
vn 0.4228 0.9062 -0.0000
vn 0.0872 0.9962 -0.0000
vn 0.0870 0.9962 -0.0000
vn -0.0870 0.9962 -0.0000
vn -0.0872 0.9962 -0.0000
vn -0.4228 0.9062 -0.0000
vn -0.5735 0.8192 -0.0000
vn -0.7072 0.7071 -0.0000
vn -0.8192 0.5735 -0.0000
vn -0.8191 0.5736 -0.0000
vn -0.9962 0.0871 -0.0000
vn -0.9962 -0.0871 -0.0000
vn -0.8191 -0.5736 -0.0000
vn -0.8192 -0.5735 -0.0000
vn -0.7072 -0.7071 -0.0000
vn -0.5735 -0.8192 -0.0000
vn -0.4228 -0.9062 -0.0000
vn -0.2587 -0.9660 -0.0000
vn 0.2587 -0.9660 -0.0000
vn 0.4228 -0.9062 -0.0000
vn 0.5735 -0.8192 -0.0000
vn 0.7072 -0.7071 -0.0000
vn 0.8192 -0.5735 -0.0000
vn 0.8191 -0.5736 -0.0000
vn 0.9962 -0.0871 -0.0000
vn 0.9962 0.0871 -0.0000
vn 0.4227 0.9063 -0.0000
vn -0.4227 0.9063 -0.0000
vn -0.5736 -0.8191 -0.0000
vn -0.4227 -0.9063 -0.0000
vn 0.4227 -0.9063 -0.0000
vn 0.5736 -0.8191 -0.0000
vn 0.7058 0.0617 -0.7058
vn 0.6843 0.1833 -0.7058
vn 0.6843 0.1834 -0.7057
vn 0.6421 0.2994 -0.7058
vn 0.5803 0.4063 -0.7058
vn 0.5804 0.4064 -0.7057
vn 0.5009 0.5010 -0.7058
vn 0.5009 0.5009 -0.7058
vn 0.4064 0.5803 -0.7057
vn 0.4063 0.5803 -0.7058
vn 0.2994 0.6421 -0.7057
vn 0.2994 0.6420 -0.7058
vn 0.1833 0.6843 -0.7057
vn 0.1833 0.6843 -0.7058
vn 0.0618 0.7058 -0.7058
vn 0.0617 0.7058 -0.7058
vn -0.0618 0.7058 -0.7058
vn -0.0617 0.7058 -0.7058
vn -0.1833 0.6843 -0.7057
vn -0.1833 0.6843 -0.7058
vn -0.2994 0.6421 -0.7058
vn -0.4063 0.5803 -0.7058
vn -0.4064 0.5803 -0.7057
vn -0.5009 0.5009 -0.7058
vn -0.5009 0.5010 -0.7058
vn -0.5803 0.4063 -0.7058
vn -0.5804 0.4063 -0.7057
vn -0.6421 0.2994 -0.7058
vn -0.6843 0.1833 -0.7058
vn -0.6843 0.1834 -0.7058
vn -0.7057 0.0617 -0.7058
vn -0.7058 0.0617 -0.7058
vn -0.7058 -0.0618 -0.7058
vn -0.7057 -0.0617 -0.7058
vn -0.6843 -0.1833 -0.7058
vn -0.6843 -0.1834 -0.7058
vn -0.6421 -0.2994 -0.7058
vn -0.5803 -0.4063 -0.7058
vn -0.5803 -0.4064 -0.7058
vn -0.5009 -0.5009 -0.7058
vn -0.5010 -0.5009 -0.7058
vn -0.4064 -0.5804 -0.7057
vn -0.4064 -0.5803 -0.7058
vn -0.2994 -0.6421 -0.7057
vn -0.2994 -0.6421 -0.7058
vn -0.1834 -0.6843 -0.7057
vn -0.1833 -0.6843 -0.7058
vn -0.0618 -0.7058 -0.7057
vn -0.0617 -0.7058 -0.7058
vn 0.0618 -0.7058 -0.7058
vn 0.0617 -0.7058 -0.7058
vn 0.1834 -0.6843 -0.7057
vn 0.1833 -0.6843 -0.7058
vn 0.2994 -0.6421 -0.7058
vn 0.4063 -0.5803 -0.7058
vn 0.4064 -0.5804 -0.7057
vn 0.5009 -0.5009 -0.7058
vn 0.5010 -0.5010 -0.7057
vn 0.5803 -0.4064 -0.7058
vn 0.5803 -0.4064 -0.7057
vn 0.6421 -0.2994 -0.7057
vn 0.6420 -0.2994 -0.7058
vn 0.6843 -0.1833 -0.7058
vn 0.6843 -0.1834 -0.7058
vn 0.7057 -0.0618 -0.7058
vn 0.7057 -0.0617 -0.7058
vn 0.7057 0.0618 -0.7058
vn -0.8660 0.5000 -0.0000
vn -0.8660 -0.5000 -0.0000
vn 0.8660 -0.5000 -0.0000
vn 0.8660 0.5000 -0.0000
vn -0.0037 -0.9101 0.4143
vn -0.0000 -0.9659 -0.2588
vn -0.0000 -0.9962 -0.0872
vn -0.0000 -0.9962 0.0872
vn -0.0000 -0.9659 0.2588
vn -0.0000 -0.9063 0.4226
vn -0.0033 -0.9063 -0.4226
vn -0.0000 -0.9101 -0.4143
vn -0.0038 0.9101 -0.4143
vn -0.0000 0.9659 0.2588
vn -0.0000 0.9962 0.0871
vn -0.0000 0.9962 -0.0871
vn -0.0000 0.9659 -0.2588
vn -0.0000 0.9063 -0.4226
vn -0.0034 0.9063 0.4226
vn -0.0000 0.9101 0.4144
vn -0.0000 -0.8704 -0.4923
vn -0.0000 -0.8326 -0.5539
vn -0.0015 -0.8192 -0.5736
vn -0.0000 -0.7812 -0.6243
vn -0.0000 -0.7262 -0.6875
vn -0.0016 -0.7071 -0.7071
vn -0.0000 -0.6635 -0.7481
vn -0.0000 -0.5987 -0.8010
vn -0.0017 -0.5736 -0.8191
vn -0.0000 -0.5267 -0.8501
vn -0.0000 -0.4537 -0.8911
vn -0.0018 -0.4226 -0.9063
vn -0.0000 -0.3744 -0.9273
vn -0.0000 -0.2955 -0.9553
vn -0.0018 -0.2588 -0.9659
vn -0.0000 -0.2112 -0.9775
vn -0.0000 -0.1287 -0.9917
vn -0.0019 -0.0872 -0.9962
vn -0.0000 -0.0418 -0.9991
vn -0.0000 0.0418 -0.9991
vn -0.0019 0.0872 -0.9962
vn -0.0000 0.1287 -0.9917
vn -0.0000 0.2112 -0.9775
vn -0.0018 0.2588 -0.9659
vn -0.0000 0.2955 -0.9553
vn -0.0000 0.3744 -0.9273
vn -0.0018 0.4226 -0.9063
vn -0.0000 0.4538 -0.8911
vn -0.0000 0.5266 -0.8501
vn -0.0017 0.5736 -0.8192
vn -0.0000 0.5987 -0.8010
vn -0.0000 0.6635 -0.7481
vn -0.0016 0.7071 -0.7071
vn -0.0000 0.7263 -0.6874
vn -0.0000 0.7811 -0.6244
vn -0.0015 0.8191 -0.5736
vn -0.0000 0.8326 -0.5539
vn -0.0000 0.8706 -0.4920
vn -0.0000 0.8706 0.4920
vn -0.0000 0.8326 0.5539
vn -0.0015 0.8191 0.5736
vn -0.0000 0.7811 0.6244
vn -0.0000 0.7263 0.6874
vn -0.0016 0.7071 0.7071
vn -0.0000 0.6635 0.7481
vn -0.0000 0.5987 0.8010
vn -0.0017 0.5736 0.8192
vn -0.0000 0.5266 0.8501
vn -0.0000 0.4538 0.8911
vn -0.0018 0.4226 0.9063
vn -0.0000 0.3744 0.9273
vn -0.0000 0.2955 0.9553
vn -0.0018 0.2588 0.9659
vn -0.0000 0.2112 0.9775
vn -0.0000 0.1287 0.9917
vn -0.0019 0.0872 0.9962
vn -0.0000 0.0418 0.9991
vn -0.0000 -0.0418 0.9991
vn -0.0019 -0.0872 0.9962
vn -0.0000 -0.1287 0.9917
vn -0.0000 -0.2112 0.9775
vn -0.0018 -0.2588 0.9659
vn -0.0000 -0.2955 0.9553
vn -0.0000 -0.3744 0.9273
vn -0.0018 -0.4226 0.9063
vn -0.0000 -0.4537 0.8911
vn -0.0000 -0.5267 0.8501
vn -0.0017 -0.5736 0.8191
vn -0.0000 -0.5987 0.8010
vn -0.0000 -0.6635 0.7481
vn -0.0016 -0.7071 0.7071
vn -0.0000 -0.7262 0.6875
vn -0.0000 -0.7812 0.6243
vn -0.0015 -0.8192 0.5736
vn -0.0000 -0.8326 0.5539
vn -0.0000 -0.8704 0.4923
vn 1.0000 -0.0000 -0.0001
vn 1.0000 -0.0000 0.0001
vn 1.0000 -0.0000 0.0003
vn 0.7060 -0.7063 -0.0525
vn 0.7056 -0.6896 -0.1630
vn 0.7059 -0.6894 -0.1629
vn 0.7055 -0.6498 -0.2828
vn 0.6998 -0.6581 -0.2779
vn 0.7081 -0.6145 -0.3477
vn 0.7131 -0.5914 -0.3764
vn 0.7058 0.6526 -0.2755
vn 0.7059 0.6893 -0.1629
vn 0.7057 0.6895 -0.1630
vn 0.7063 0.7060 -0.0525
vn 0.7130 0.5915 -0.3765
vn 0.7083 0.6146 -0.3473
vn 0.7003 0.6563 -0.2807
vn 0.7064 -0.5893 -0.3921
vn 0.7069 -0.5526 -0.4415
vn 0.7139 -0.5199 -0.4692
vn 0.7065 -0.5140 -0.4865
vn 0.7070 -0.4692 -0.5291
vn 0.7144 -0.4341 -0.5487
vn 0.7065 -0.4237 -0.5669
vn 0.7070 -0.3725 -0.6012
vn 0.7149 -0.3364 -0.6129
vn 0.7065 -0.3211 -0.6307
vn 0.7069 -0.2648 -0.6559
vn 0.7154 -0.2295 -0.6600
vn 0.7067 -0.2091 -0.6759
vn 0.7069 -0.1494 -0.6914
vn 0.7155 -0.1163 -0.6888
vn 0.7068 -0.0911 -0.7016
vn 0.7067 -0.0296 -0.7069
vn 0.7156 -0.0000 -0.6985
vn 0.7069 0.0296 -0.7067
vn 0.7067 0.0911 -0.7016
vn 0.7155 0.1164 -0.6888
vn 0.7068 0.1494 -0.6914
vn 0.7067 0.2091 -0.6759
vn 0.7153 0.2295 -0.6600
vn 0.7070 0.2648 -0.6558
vn 0.7066 0.3211 -0.6306
vn 0.7150 0.3364 -0.6129
vn 0.7070 0.3724 -0.6012
vn 0.7065 0.4237 -0.5669
vn 0.7145 0.4341 -0.5487
vn 0.7069 0.4693 -0.5292
vn 0.7065 0.5140 -0.4865
vn 0.7138 0.5199 -0.4692
vn 0.7069 0.5525 -0.4416
vn 0.7065 0.5893 -0.3920
vn -0.0000 0.9063 0.4226
vn -0.0000 0.8191 0.5736
vn -0.0000 0.7071 0.7071
vn -0.0000 0.5736 0.8192
vn -0.0000 0.4226 0.9063
vn -0.0000 0.2588 0.9659
vn -0.0000 0.0872 0.9962
vn -0.0000 -0.0872 0.9962
vn -0.0000 -0.2588 0.9659
vn -0.0000 -0.4226 0.9063
vn -0.0000 -0.5736 0.8191
vn -0.0000 -0.7071 0.7071
vn -0.0000 -0.8192 0.5736
vn -0.0000 -0.9063 -0.4226
vn -0.0000 -0.8192 -0.5736
vn -0.0000 -0.7071 -0.7071
vn -0.0000 -0.5736 -0.8191
vn -0.0000 -0.4226 -0.9063
vn -0.0000 -0.2588 -0.9659
vn -0.0000 -0.0872 -0.9962
vn -0.0000 0.0872 -0.9962
vn -0.0000 0.2588 -0.9659
vn -0.0000 0.4226 -0.9063
vn -0.0000 0.5736 -0.8192
vn -0.0000 0.7071 -0.7071
vn -0.0000 0.8191 -0.5736
vn -0.0000 -0.8191 0.5736
vn -0.0000 -0.8191 -0.5736
vn -0.7058 0.1834 -0.6843
vn -0.7058 0.2994 -0.6421
vn -0.7057 0.2994 -0.6421
vn -0.7057 0.4064 -0.5804
vn -0.7057 0.4064 -0.5803
vn -0.7058 0.5009 -0.5009
vn -0.7057 0.5010 -0.5010
vn -0.7058 0.5803 -0.4063
vn -0.7058 0.6421 -0.2994
vn -0.7058 0.6843 -0.1834
vn -0.7058 0.7057 -0.0617
vn -0.7057 0.7058 -0.0617
vn -0.7058 0.7057 0.0617
vn -0.7058 0.7057 0.0618
vn -0.7058 0.6843 0.1834
vn -0.7057 0.6843 0.1834
vn -0.7058 0.6421 0.2994
vn -0.7058 0.5803 0.4063
vn -0.7058 0.5010 0.5009
vn -0.7057 0.5010 0.5010
vn -0.7057 0.4064 0.5804
vn -0.7058 0.4064 0.5803
vn -0.7057 0.2994 0.6421
vn -0.7058 0.2994 0.6421
vn -0.7057 0.1834 0.6843
vn -0.7058 0.1834 0.6843
vn -0.7057 0.0617 0.7058
vn -0.7058 0.0617 0.7058
vn -0.7058 -0.0617 0.7058
vn -0.7057 -0.0617 0.7058
vn -0.7057 -0.1834 0.6843
vn -0.7058 -0.1834 0.6843
vn -0.7057 -0.2994 0.6421
vn -0.7058 -0.4064 0.5803
vn -0.7057 -0.5010 0.5010
vn -0.7058 -0.5009 0.5009
vn -0.7058 -0.5803 0.4063
vn -0.7058 -0.5803 0.4064
vn -0.7057 -0.6421 0.2994
vn -0.7058 -0.6420 0.2994
vn -0.7058 -0.6843 0.1834
vn -0.7057 -0.6844 0.1834
vn -0.7058 -0.7057 0.0618
vn -0.7057 -0.7058 0.0618
vn -0.7058 -0.7057 -0.0617
vn -0.7058 -0.7057 -0.0618
vn -0.7057 -0.6844 -0.1834
vn -0.7057 -0.6843 -0.1834
vn -0.7058 -0.6421 -0.2994
vn -0.7058 -0.6420 -0.2994
vn -0.7058 -0.5803 -0.4064
vn -0.7058 -0.5803 -0.4063
vn -0.7058 -0.5010 -0.5009
vn -0.7057 -0.5010 -0.5010
vn -0.7058 -0.4064 -0.5803
vn -0.7057 -0.2994 -0.6421
vn -0.7057 -0.1834 -0.6843
vn -0.7058 -0.1834 -0.6843
vn -0.7058 -0.0617 -0.7057
vn -0.7058 -0.0617 -0.7058
vn 0.7057 0.0617 0.7058
vn 0.7057 0.1834 0.6843
vn 0.7058 0.1834 0.6843
vn 0.7057 0.2994 0.6421
vn 0.7058 0.2994 0.6421
vn 0.7057 0.4064 0.5804
vn 0.7057 0.4064 0.5803
vn 0.7058 0.5009 0.5009
vn 0.7057 0.5010 0.5010
vn 0.7058 0.5803 0.4063
vn 0.7058 0.6421 0.2994
vn 0.7058 0.6843 0.1834
vn 0.7058 0.7057 0.0617
vn 0.7057 0.7058 0.0617
vn 0.7058 0.7057 -0.0617
vn 0.7058 0.7058 -0.0617
vn 0.7058 0.6843 -0.1834
vn 0.7057 0.6843 -0.1834
vn 0.7058 0.6421 -0.2994
vn 0.7058 0.5803 -0.4063
vn 0.7058 0.5803 -0.4064
vn 0.7058 0.5009 -0.5010
vn 0.7057 0.5010 -0.5009
vn 0.7057 0.4064 -0.5804
vn 0.7057 0.4064 -0.5803
vn 0.7058 0.2994 -0.6421
vn 0.7057 0.2994 -0.6421
vn 0.7058 0.1834 -0.6843
vn 0.7058 -0.0617 -0.7058
vn 0.7058 -0.0617 -0.7057
vn 0.7058 -0.1834 -0.6843
vn 0.7057 -0.2994 -0.6421
vn 0.7058 -0.2994 -0.6421
vn 0.7057 -0.4064 -0.5804
vn 0.7058 -0.4064 -0.5803
vn 0.7057 -0.5010 -0.5010
vn 0.7058 -0.5009 -0.5009
vn 0.7058 -0.5803 -0.4063
vn 0.7058 -0.5803 -0.4064
vn 0.7057 -0.6421 -0.2994
vn 0.7058 -0.6420 -0.2994
vn 0.7058 -0.6843 -0.1834
vn 0.7057 -0.6844 -0.1834
vn 0.7058 -0.7057 -0.0617
vn 0.7057 -0.7058 -0.0618
vn 0.7058 -0.7057 0.0618
vn 0.7058 -0.7058 0.0617
vn 0.7057 -0.6844 0.1834
vn 0.7057 -0.6843 0.1834
vn 0.7058 -0.6421 0.2994
vn 0.7058 -0.6420 0.2994
vn 0.7058 -0.5803 0.4063
vn 0.7058 -0.5803 0.4064
vn 0.7057 -0.5010 0.5010
vn 0.7057 -0.5010 0.5009
vn 0.7057 -0.4064 0.5804
vn 0.7058 -0.4064 0.5803
vn 0.7058 -0.2994 0.6421
vn 0.7057 -0.2994 0.6421
vn 0.7058 -0.1834 0.6843
vn 0.7058 -0.0617 0.7057
vn 0.7058 -0.0617 0.7058
vn 0.7058 0.0617 0.7057
vn -0.0000 0.9962 0.0872
vn -0.0000 0.8192 0.5736
vn -0.0000 -0.5736 0.8192
vn -0.0000 -0.5736 -0.8192
vn -0.0000 0.8192 -0.5736
vn -0.0000 0.9962 -0.0872
vn -0.0003 -1.0000 -0.0000
vn -0.0000 0.5000 -0.8660
vn -0.0000 0.5000 0.8660
vn -0.0000 0.0871 -0.9962
vn -0.0000 0.0871 0.9962
vn -0.0000 0.9659 -0.2589
vn -0.0000 0.5735 -0.8192
vn -0.0000 0.9659 0.2589
vn -0.0000 0.5735 0.8192
vn -0.9962 -0.0000 0.0871
vn -0.9962 -0.0000 0.0873
vn -0.9659 -0.0000 0.2587
vn -0.9063 -0.0000 0.4227
vn -0.9064 -0.0000 0.4225
vn -0.8192 -0.0000 0.5735
vn -0.8191 -0.0000 0.5737
vn -0.7071 -0.0000 0.7071
vn -0.7072 -0.0000 0.7070
vn -0.5735 -0.0000 0.8192
vn -0.4227 -0.0000 0.9063
vn -0.4225 -0.0000 0.9064
vn -0.2588 -0.0000 0.9659
vn -0.0872 -0.0000 0.9962
vn -0.0868 0.0868 0.9924
vn -0.2578 0.0842 0.9625
vn -0.4213 0.0790 0.9035
vn -0.4213 0.0790 0.9034
vn -0.5720 0.0715 0.8171
vn -0.5722 0.0715 0.8170
vn -0.7059 0.0618 0.7057
vn -0.7058 0.0617 0.7057
vn -0.8180 0.0501 0.5730
vn -0.8181 0.0501 0.5729
vn -0.9057 0.0369 0.4224
vn -0.9059 0.0369 0.4220
vn -0.9656 0.0226 0.2589
vn -0.9657 0.0226 0.2587
vn -0.9962 0.0076 0.0871
vn -0.9962 0.0076 0.0872
vn -0.0869 0.2579 0.9623
vn -0.0868 0.2578 0.9623
vn -0.2579 0.2501 0.9332
vn -0.2578 0.2501 0.9333
vn -0.4213 0.2347 0.8760
vn -0.4214 0.2348 0.8760
vn -0.5721 0.2123 0.7922
vn -0.5723 0.2123 0.7921
vn -0.7057 0.1834 0.6844
vn -0.8181 0.1488 0.5555
vn -0.8180 0.1489 0.5556
vn -0.9056 0.1097 0.4096
vn -0.9057 0.1097 0.4095
vn -0.9657 0.0672 0.2508
vn -0.9658 0.0672 0.2506
vn -0.9962 0.0227 0.0846
vn -0.0869 0.4211 0.9029
vn -0.0869 0.4210 0.9029
vn -0.2579 0.4083 0.8757
vn -0.2578 0.4084 0.8757
vn -0.4214 0.3832 0.8219
vn -0.4212 0.3834 0.8219
vn -0.5722 0.3466 0.7433
vn -0.5721 0.3466 0.7434
vn -0.7059 0.2993 0.6419
vn -0.8180 0.2430 0.5213
vn -0.8182 0.2431 0.5210
vn -0.9057 0.1792 0.3841
vn -0.9056 0.1791 0.3843
vn -0.9656 0.1098 0.2356
vn -0.9657 0.1098 0.2354
vn -0.9962 0.0370 0.0794
vn -0.9962 0.0370 0.0791
vn -0.0870 0.5714 0.8161
vn -0.0868 0.5713 0.8161
vn -0.2578 0.5541 0.7915
vn -0.2581 0.5542 0.7914
vn -0.4214 0.5201 0.7429
vn -0.4211 0.5202 0.7430
vn -0.5721 0.4705 0.6718
vn -0.5720 0.4704 0.6719
vn -0.7057 0.4063 0.5804
vn -0.7058 0.4063 0.5803
vn -0.8181 0.3298 0.4711
vn -0.8181 0.3299 0.4710
vn -0.9057 0.2432 0.3473
vn -0.9057 0.2431 0.3473
vn -0.9657 0.1489 0.2127
vn -0.9657 0.1489 0.2128
vn -0.9962 0.0502 0.0714
vn -0.9962 0.0502 0.0718
vn -0.0867 0.7044 0.7044
vn -0.0864 0.7044 0.7045
vn -0.2581 0.6832 0.6831
vn -0.2579 0.6832 0.6831
vn -0.4213 0.6412 0.6413
vn -0.4214 0.6413 0.6412
vn -0.5722 0.5799 0.5799
vn -0.5720 0.5800 0.5800
vn -0.7058 0.5009 0.5009
vn -0.8181 0.4066 0.4066
vn -0.8182 0.4065 0.4066
vn -0.9056 0.2999 0.2999
vn -0.9057 0.2997 0.2998
vn -0.9657 0.1836 0.1837
vn -0.9657 0.1836 0.1835
vn -0.9962 0.0619 0.0621
vn -0.9962 0.0619 0.0620
vn -0.0867 0.8161 0.5714
vn -0.0870 0.8161 0.5714
vn -0.2578 0.7915 0.5541
vn -0.2580 0.7914 0.5542
vn -0.4213 0.7429 0.5201
vn -0.4210 0.7430 0.5203
vn -0.5724 0.6717 0.4703
vn -0.5719 0.6720 0.4705
vn -0.7059 0.5802 0.4063
vn -0.8180 0.4711 0.3300
vn -0.8181 0.4711 0.3298
vn -0.9057 0.3473 0.2431
vn -0.9057 0.3474 0.2430
vn -0.9657 0.2127 0.1491
vn -0.9657 0.2128 0.1489
vn -0.9962 0.0716 0.0501
vn -0.9962 0.0717 0.0499
vn -0.0870 0.9029 0.4210
vn -0.0869 0.9029 0.4210
vn -0.2575 0.8758 0.4084
vn -0.2580 0.8756 0.4083
vn -0.4216 0.8218 0.3832
vn -0.4210 0.8220 0.3834
vn -0.5723 0.7432 0.3467
vn -0.5720 0.7434 0.3466
vn -0.7059 0.6420 0.2992
vn -0.7056 0.6421 0.2996
vn -0.8181 0.5212 0.2430
vn -0.8182 0.5211 0.2430
vn -0.9056 0.3843 0.1794
vn -0.9056 0.3843 0.1792
vn -0.9657 0.2353 0.1098
vn -0.9657 0.2354 0.1096
vn -0.9961 0.0793 0.0374
vn -0.9962 0.0793 0.0368
vn -0.0867 0.9623 0.2579
vn -0.0868 0.9623 0.2579
vn -0.2581 0.9332 0.2501
vn -0.2577 0.9333 0.2501
vn -0.4213 0.8760 0.2348
vn -0.4218 0.8758 0.2346
vn -0.5720 0.7923 0.2124
vn -0.5720 0.7923 0.2123
vn -0.7058 0.6842 0.1834
vn -0.7057 0.6844 0.1834
vn -0.8181 0.5555 0.1487
vn -0.8180 0.5556 0.1491
vn -0.9057 0.4095 0.1098
vn -0.9058 0.4094 0.1095
vn -0.9657 0.2509 0.0671
vn -0.9657 0.2508 0.0673
vn -0.9962 0.0845 0.0225
vn -0.9962 0.0845 0.0227
vn -0.0870 0.9924 0.0868
vn -0.0869 0.9924 0.0869
vn -0.2575 0.9626 0.0843
vn -0.2582 0.9624 0.0841
vn -0.4213 0.9035 0.0790
vn -0.4212 0.9035 0.0790
vn -0.5720 0.8171 0.0715
vn -0.5722 0.8170 0.0714
vn -0.7056 0.7059 0.0616
vn -0.7060 0.7055 0.0618
vn -0.8180 0.5731 0.0502
vn -0.8181 0.5729 0.0498
vn -0.9057 0.4222 0.0370
vn -0.9056 0.4224 0.0371
vn -0.9657 0.2588 0.0225
vn -0.9657 0.2586 0.0228
vn -0.9962 0.0872 0.0079
vn -0.9962 0.0872 0.0076
vn -0.9660 0.2587 -0.0000
vn -0.9062 0.4228 -0.0000
vn -0.8193 0.5734 -0.0000
vn -0.8190 0.5739 -0.0000
vn -0.7074 0.7068 -0.0000
vn -0.3827 0.9239 0.0011
vn -0.4623 0.8867 -0.0000
vn -0.5376 0.8432 0.0011
vn -0.6088 0.7934 -0.0000
vn -0.0430 0.9991 0.0012
vn -0.1311 0.9914 -0.0000
vn -0.2584 0.9660 -0.0000
vn -0.2176 0.9760 0.0012
vn -0.3007 0.9537 -0.0000
vn -0.0436 -0.0000 0.9990
vn -0.0872 0.0019 0.9962
vn -0.1306 -0.0000 0.9914
vn -0.2164 -0.0000 0.9763
vn -0.2588 0.0019 0.9659
vn -0.3006 -0.0000 0.9538
vn -0.3827 -0.0000 0.9239
vn -0.4227 0.0018 0.9063
vn -0.4617 -0.0000 0.8870
vn -0.5374 -0.0000 0.8434
vn -0.5736 0.0017 0.8191
vn -0.6086 -0.0000 0.7935
vn -0.8191 -0.0000 0.5736
vn -0.9063 -0.0000 0.4226
vn -0.9660 -0.0000 0.2587
vn -0.9962 -0.0000 0.0872
vn -0.2579 0.0842 0.9625
vn -0.5721 0.0715 0.8171
vn -0.7059 0.0618 0.7056
vn -0.7056 0.0617 0.7059
vn -0.8182 0.0501 0.5728
vn -0.9056 0.0369 0.4225
vn -0.9057 0.0370 0.4223
vn -0.9657 0.0226 0.2588
vn -0.9657 0.0226 0.2585
vn -0.0870 0.2578 0.9623
vn -0.0867 0.2578 0.9623
vn -0.2578 0.2500 0.9333
vn -0.2580 0.2501 0.9332
vn -0.4212 0.2347 0.8761
vn -0.4213 0.2348 0.8760
vn -0.5720 0.2122 0.7923
vn -0.7058 0.1833 0.6843
vn -0.8180 0.1488 0.5556
vn -0.8181 0.1489 0.5554
vn -0.9057 0.1097 0.4094
vn -0.9056 0.1097 0.4097
vn -0.9657 0.0672 0.2509
vn -0.9962 0.0227 0.0844
vn -0.9962 0.0226 0.0846
vn -0.0870 0.4210 0.9029
vn -0.0868 0.4211 0.9029
vn -0.2579 0.4083 0.8756
vn -0.4213 0.3832 0.8220
vn -0.4212 0.3833 0.8220
vn -0.5721 0.3466 0.7433
vn -0.5720 0.3467 0.7434
vn -0.7059 0.2994 0.6420
vn -0.8181 0.2430 0.5213
vn -0.8180 0.2431 0.5214
vn -0.9057 0.1792 0.3842
vn -0.9657 0.1098 0.2353
vn -0.9962 0.0370 0.0793
vn -0.0869 0.5714 0.8161
vn -0.0869 0.5713 0.8161
vn -0.2576 0.5541 0.7916
vn -0.2580 0.5542 0.7914
vn -0.4214 0.5202 0.7428
vn -0.4213 0.5202 0.7429
vn -0.5721 0.4704 0.6719
vn -0.8181 0.3298 0.4710
vn -0.8180 0.3299 0.4713
vn -0.9056 0.2432 0.3474
vn -0.9657 0.1489 0.2125
vn -0.9962 0.0502 0.0717
vn -0.0866 0.7044 0.7045
vn -0.0870 0.7044 0.7045
vn -0.2576 0.6832 0.6833
vn -0.4212 0.6412 0.6414
vn -0.5721 0.5800 0.5799
vn -0.5723 0.5799 0.5798
vn -0.7057 0.5009 0.5011
vn -0.8181 0.4066 0.4067
vn -0.8181 0.4067 0.4066
vn -0.9057 0.2997 0.2999
vn -0.9057 0.2998 0.2998
vn -0.9657 0.1837 0.1837
vn -0.9962 0.0619 0.0616
vn -0.0866 0.8161 0.5714
vn -0.0869 0.8161 0.5713
vn -0.2579 0.7914 0.5542
vn -0.2577 0.7915 0.5542
vn -0.4215 0.7429 0.5201
vn -0.4212 0.7430 0.5202
vn -0.5723 0.6718 0.4703
vn -0.5720 0.6718 0.4705
vn -0.7056 0.5805 0.4064
vn -0.7060 0.5802 0.4061
vn -0.8181 0.4710 0.3299
vn -0.9056 0.3474 0.2433
vn -0.9657 0.2128 0.1488
vn -0.9962 0.0717 0.0500
vn -0.9962 0.0717 0.0502
vn -0.0869 0.9028 0.4211
vn -0.0872 0.9029 0.4209
vn -0.2576 0.8757 0.4085
vn -0.2578 0.8757 0.4083
vn -0.4215 0.8219 0.3833
vn -0.4211 0.8221 0.3833
vn -0.5720 0.7433 0.3468
vn -0.5723 0.7432 0.3465
vn -0.7058 0.6421 0.2993
vn -0.7057 0.6421 0.2996
vn -0.8180 0.5214 0.2431
vn -0.9058 0.3841 0.1791
vn -0.9057 0.3842 0.1792
vn -0.9657 0.2354 0.1098
vn -0.9658 0.2352 0.1095
vn -0.9962 0.0793 0.0370
vn -0.0869 0.9623 0.2579
vn -0.0868 0.9623 0.2578
vn -0.2581 0.9332 0.2500
vn -0.2576 0.9333 0.2501
vn -0.4208 0.8762 0.2349
vn -0.4217 0.8759 0.2346
vn -0.5722 0.7921 0.2123
vn -0.5719 0.7924 0.2123
vn -0.7058 0.6843 0.1833
vn -0.7059 0.6842 0.1834
vn -0.8182 0.5553 0.1489
vn -0.8180 0.5557 0.1489
vn -0.9056 0.4096 0.1098
vn -0.9057 0.4095 0.1096
vn -0.9657 0.2509 0.0672
vn -0.9657 0.2507 0.0672
vn -0.9962 0.0845 0.0226
vn -0.9962 0.0846 0.0227
vn -0.0869 0.9924 0.0868
vn -0.0865 0.9925 0.0869
vn -0.2581 0.9624 0.0843
vn -0.2574 0.9626 0.0841
vn -0.4217 0.9033 0.0790
vn -0.5722 0.8170 0.0715
vn -0.7056 0.7059 0.0617
vn -0.7059 0.7056 0.0619
vn -0.8181 0.5730 0.0501
vn -0.8181 0.5730 0.0500
vn -0.9057 0.4223 0.0371
vn -0.9057 0.4223 0.0370
vn -0.9657 0.2587 0.0225
vn -0.9657 0.2586 0.0227
vn -0.9962 0.0872 0.0077
vn -0.0868 0.9962 -0.0000
vn -0.2585 0.9660 -0.0000
vn -0.2593 0.9658 -0.0000
vn -0.7073 0.7069 -0.0000
vn -0.8190 0.5738 -0.0000
vn -0.9659 0.2587 -0.0000
vn -0.0869 0.9924 -0.0868
vn -0.0868 0.9924 -0.0869
vn -0.2581 0.9624 -0.0843
vn -0.2572 0.9627 -0.0842
vn -0.4217 0.9033 -0.0789
vn -0.4212 0.9035 -0.0790
vn -0.5722 0.8170 -0.0715
vn -0.7056 0.7059 -0.0618
vn -0.7059 0.7056 -0.0618
vn -0.8182 0.5728 -0.0501
vn -0.8179 0.5732 -0.0500
vn -0.9057 0.4223 -0.0369
vn -0.9057 0.4223 -0.0370
vn -0.9657 0.2587 -0.0225
vn -0.9657 0.2586 -0.0227
vn -0.9962 0.0872 -0.0075
vn -0.9962 0.0872 -0.0078
vn -0.0869 0.9623 -0.2579
vn -0.0869 0.9623 -0.2578
vn -0.2576 0.9333 -0.2501
vn -0.2581 0.9332 -0.2501
vn -0.4213 0.8760 -0.2348
vn -0.4214 0.8760 -0.2346
vn -0.5719 0.7924 -0.2123
vn -0.5721 0.7922 -0.2123
vn -0.7059 0.6842 -0.1833
vn -0.7056 0.6844 -0.1834
vn -0.8180 0.5557 -0.1489
vn -0.8182 0.5553 -0.1488
vn -0.9057 0.4095 -0.1096
vn -0.9056 0.4096 -0.1098
vn -0.9657 0.2508 -0.0672
vn -0.9962 0.0846 -0.0226
vn -0.9962 0.0846 -0.0227
vn -0.0869 0.9029 -0.4210
vn -0.0872 0.9029 -0.4209
vn -0.2576 0.8757 -0.4084
vn -0.2579 0.8757 -0.4083
vn -0.4213 0.8220 -0.3833
vn -0.4214 0.8219 -0.3833
vn -0.5722 0.7432 -0.3466
vn -0.5720 0.7434 -0.3467
vn -0.7056 0.6422 -0.2994
vn -0.7057 0.6421 -0.2995
vn -0.8181 0.5211 -0.2430
vn -0.8180 0.5214 -0.2430
vn -0.9057 0.3842 -0.1792
vn -0.9057 0.3841 -0.1792
vn -0.9657 0.2354 -0.1098
vn -0.9657 0.2352 -0.1096
vn -0.9962 0.0794 -0.0371
vn -0.9962 0.0793 -0.0370
vn -0.0869 0.8161 -0.5714
vn -0.0865 0.8162 -0.5713
vn -0.2576 0.7915 -0.5542
vn -0.2577 0.7915 -0.5542
vn -0.4217 0.7427 -0.5201
vn -0.4214 0.7429 -0.5201
vn -0.5723 0.6718 -0.4703
vn -0.5721 0.6718 -0.4705
vn -0.7059 0.5802 -0.4062
vn -0.8179 0.4712 -0.3301
vn -0.8182 0.4710 -0.3296
vn -0.9057 0.3473 -0.2431
vn -0.9056 0.3474 -0.2433
vn -0.9657 0.2126 -0.1488
vn -0.9657 0.2128 -0.1491
vn -0.9962 0.0717 -0.0501
vn -0.0869 0.7044 -0.7045
vn -0.2579 0.6831 -0.6832
vn -0.2579 0.6833 -0.6831
vn -0.4213 0.6413 -0.6413
vn -0.4212 0.6413 -0.6413
vn -0.5719 0.5800 -0.5801
vn -0.5724 0.5798 -0.5798
vn -0.7056 0.5010 -0.5011
vn -0.8180 0.4067 -0.4068
vn -0.8181 0.4067 -0.4066
vn -0.9057 0.2998 -0.2998
vn -0.9057 0.2997 -0.2997
vn -0.9657 0.1837 -0.1837
vn -0.9962 0.0619 -0.0618
vn -0.9962 0.0618 -0.0618
vn -0.0869 0.5714 -0.8161
vn -0.0868 0.5714 -0.8161
vn -0.2576 0.5542 -0.7915
vn -0.2579 0.5542 -0.7914
vn -0.4212 0.5201 -0.7430
vn -0.4214 0.5202 -0.7429
vn -0.5721 0.4704 -0.6719
vn -0.5721 0.4704 -0.6718
vn -0.7059 0.4063 -0.5802
vn -0.7056 0.4064 -0.5805
vn -0.8181 0.3299 -0.4711
vn -0.8182 0.3298 -0.4709
vn -0.9057 0.2431 -0.3473
vn -0.9057 0.2432 -0.3473
vn -0.9657 0.1489 -0.2126
vn -0.9657 0.1489 -0.2127
vn -0.9962 0.0502 -0.0717
vn -0.0869 0.4211 -0.9029
vn -0.0868 0.4211 -0.9029
vn -0.2579 0.4083 -0.8756
vn -0.2577 0.4084 -0.8757
vn -0.4213 0.3833 -0.8220
vn -0.4213 0.3833 -0.8219
vn -0.5723 0.3466 -0.7432
vn -0.5719 0.3466 -0.7435
vn -0.7060 0.2994 -0.6419
vn -0.7056 0.2994 -0.6422
vn -0.8180 0.2430 -0.5213
vn -0.8180 0.2431 -0.5213
vn -0.9057 0.1792 -0.3842
vn -0.9657 0.1098 -0.2353
vn -0.9657 0.1098 -0.2354
vn -0.9962 0.0370 -0.0794
vn -0.0869 0.2578 -0.9623
vn -0.0868 0.2579 -0.9623
vn -0.2579 0.2500 -0.9333
vn -0.2579 0.2501 -0.9332
vn -0.4212 0.2347 -0.8761
vn -0.4213 0.2348 -0.8760
vn -0.5723 0.2123 -0.7921
vn -0.5721 0.2123 -0.7922
vn -0.7057 0.1833 -0.6844
vn -0.7059 0.1834 -0.6842
vn -0.8179 0.1488 -0.5557
vn -0.8182 0.1489 -0.5554
vn -0.9057 0.1097 -0.4095
vn -0.9057 0.1098 -0.4096
vn -0.9657 0.0672 -0.2508
vn -0.9962 0.0227 -0.0846
vn -0.9962 0.0227 -0.0844
vn -0.0868 0.0868 -0.9924
vn -0.2580 0.0842 -0.9625
vn -0.2578 0.0842 -0.9625
vn -0.4212 0.0790 -0.9035
vn -0.4214 0.0791 -0.9034
vn -0.5723 0.0715 -0.8169
vn -0.5720 0.0715 -0.8171
vn -0.7058 0.0618 -0.7058
vn -0.8180 0.0501 -0.5730
vn -0.8182 0.0501 -0.5727
vn -0.9057 0.0370 -0.4223
vn -0.9056 0.0369 -0.4224
vn -0.9657 0.0226 -0.2588
vn -0.9657 0.0226 -0.2586
vn -0.9962 0.0076 -0.0872
vn -0.9962 -0.0000 -0.0871
vn -0.9962 -0.0000 -0.0873
vn -0.9659 -0.0000 -0.2587
vn -0.9063 -0.0000 -0.4227
vn -0.9064 -0.0000 -0.4225
vn -0.8192 -0.0000 -0.5735
vn -0.8191 -0.0000 -0.5737
vn -0.7071 -0.0000 -0.7071
vn -0.7072 -0.0000 -0.7070
vn -0.5735 -0.0000 -0.8192
vn -0.4227 -0.0000 -0.9063
vn -0.4225 -0.0000 -0.9064
vn -0.2588 -0.0000 -0.9659
vn -0.0872 -0.0000 -0.9962
vn -0.9962 -0.0000 -0.0872
vn -0.9660 -0.0000 -0.2587
vn -0.9063 -0.0000 -0.4226
vn -0.8191 -0.0000 -0.5736
vn -0.4226 -0.0000 -0.9063
vn -0.3841 0.0036 -0.9233
vn -0.4617 -0.0000 -0.8871
vn -0.5736 -0.0000 -0.8191
vn -0.5388 0.0034 -0.8424
vn -0.6087 -0.0000 -0.7934
vn -0.0438 0.0038 -0.9990
vn -0.1305 -0.0000 -0.9914
vn -0.2173 0.0037 -0.9761
vn -0.3006 -0.0000 -0.9537
vn -0.0870 0.9924 -0.0867
vn -0.2578 0.9625 -0.0843
vn -0.2580 0.9625 -0.0841
vn -0.4213 0.9035 -0.0789
vn -0.4213 0.9035 -0.0790
vn -0.5720 0.8171 -0.0715
vn -0.5722 0.8170 -0.0714
vn -0.7061 0.7054 -0.0617
vn -0.8180 0.5731 -0.0501
vn -0.8180 0.5730 -0.0501
vn -0.9057 0.4222 -0.0371
vn -0.9657 0.2588 -0.0227
vn -0.9657 0.2586 -0.0224
vn -0.9962 0.0872 -0.0079
vn -0.9962 0.0872 -0.0076
vn -0.0864 0.9623 -0.2579
vn -0.2581 0.9332 -0.2500
vn -0.2577 0.9333 -0.2501
vn -0.4216 0.8759 -0.2348
vn -0.4215 0.8760 -0.2346
vn -0.5718 0.7925 -0.2123
vn -0.5721 0.7922 -0.2124
vn -0.7060 0.6841 -0.1833
vn -0.7057 0.6844 -0.1833
vn -0.8180 0.5557 -0.1488
vn -0.8181 0.5555 -0.1488
vn -0.9058 0.4093 -0.1096
vn -0.9057 0.4095 -0.1098
vn -0.9657 0.2509 -0.0672
vn -0.9657 0.2507 -0.0673
vn -0.9962 0.0846 -0.0225
vn -0.9962 0.0845 -0.0227
vn -0.0867 0.9029 -0.4210
vn -0.0872 0.9029 -0.4210
vn -0.2575 0.8758 -0.4084
vn -0.2580 0.8756 -0.4083
vn -0.4210 0.8221 -0.3833
vn -0.4215 0.8218 -0.3833
vn -0.5723 0.7432 -0.3466
vn -0.5719 0.7435 -0.3467
vn -0.7060 0.6418 -0.2993
vn -0.8181 0.5212 -0.2431
vn -0.8182 0.5211 -0.2429
vn -0.9056 0.3844 -0.1793
vn -0.9057 0.3843 -0.1792
vn -0.9657 0.2353 -0.1098
vn -0.9657 0.2353 -0.1096
vn -0.9962 0.0793 -0.0373
vn -0.0871 0.8161 -0.5714
vn -0.0865 0.8161 -0.5714
vn -0.2581 0.7914 -0.5541
vn -0.2578 0.7915 -0.5542
vn -0.4213 0.7429 -0.5203
vn -0.4211 0.7430 -0.5202
vn -0.5720 0.6719 -0.4704
vn -0.7058 0.5803 -0.4062
vn -0.7058 0.5803 -0.4064
vn -0.8182 0.4709 -0.3298
vn -0.8179 0.4713 -0.3300
vn -0.9057 0.3474 -0.2431
vn -0.9657 0.2128 -0.1489
vn -0.9962 0.0717 -0.0500
vn -0.9962 0.0716 -0.0501
vn -0.0864 0.7045 -0.7045
vn -0.0867 0.7044 -0.7045
vn -0.2581 0.6832 -0.6831
vn -0.2579 0.6832 -0.6832
vn -0.4216 0.6412 -0.6413
vn -0.5720 0.5800 -0.5800
vn -0.5721 0.5800 -0.5799
vn -0.7059 0.5010 -0.5008
vn -0.8181 0.4066 -0.4067
vn -0.9056 0.2999 -0.3000
vn -0.9657 0.1837 -0.1836
vn -0.9657 0.1836 -0.1835
vn -0.9962 0.0618 -0.0619
vn -0.9962 0.0619 -0.0620
vn -0.0870 0.5714 -0.8161
vn -0.0869 0.5713 -0.8161
vn -0.2578 0.5541 -0.7915
vn -0.2582 0.5542 -0.7914
vn -0.4210 0.5202 -0.7431
vn -0.4213 0.5202 -0.7429
vn -0.5720 0.4704 -0.6719
vn -0.5721 0.4705 -0.6719
vn -0.7058 0.4064 -0.5802
vn -0.7057 0.4063 -0.5804
vn -0.8180 0.3300 -0.4712
vn -0.9058 0.2430 -0.3471
vn -0.9056 0.2432 -0.3474
vn -0.9962 0.0502 -0.0715
vn -0.9962 0.0502 -0.0718
vn -0.0869 0.4210 -0.9029
vn -0.4216 0.3832 -0.8219
vn -0.4211 0.3834 -0.8220
vn -0.5718 0.3467 -0.7435
vn -0.7061 0.2993 -0.6417
vn -0.8182 0.2431 -0.5211
vn -0.9056 0.1792 -0.3845
vn -0.9058 0.1791 -0.3840
vn -0.9657 0.1098 -0.2355
vn -0.9656 0.1098 -0.2355
vn -0.9962 0.0370 -0.0793
vn -0.2578 0.2500 -0.9333
vn -0.4211 0.2347 -0.8761
vn -0.4214 0.2347 -0.8760
vn -0.5720 0.2123 -0.7923
vn -0.5724 0.2122 -0.7920
vn -0.7055 0.1834 -0.6845
vn -0.8181 0.1488 -0.5555
vn -0.8181 0.1489 -0.5555
vn -0.9056 0.1098 -0.4097
vn -0.9057 0.1097 -0.4094
vn -0.9657 0.0672 -0.2509
vn -0.9657 0.0672 -0.2507
vn -0.9962 0.0227 -0.0847
vn -0.9962 0.0226 -0.0845
vn -0.2579 0.0842 -0.9625
vn -0.4213 0.0790 -0.9035
vn -0.4214 0.0790 -0.9034
vn -0.5722 0.0715 -0.8170
vn -0.7059 0.0617 -0.7057
vn -0.7059 0.0617 -0.7056
vn -0.8180 0.0501 -0.5731
vn -0.8182 0.0501 -0.5728
vn -0.9059 0.0369 -0.4220
vn -0.9057 0.0369 -0.4223
vn -0.9962 0.0076 -0.0871
vn -0.9962 0.0076 -0.0873
vn -0.0431 0.9991 -0.0000
vn -0.0870 0.9962 -0.0006
vn -0.1314 0.9913 -0.0000
vn -0.2157 0.9765 -0.0000
vn -0.2593 0.9658 -0.0006
vn -0.3003 0.9538 -0.0000
vn -0.3830 0.9237 -0.0000
vn -0.4224 0.9064 -0.0006
vn -0.4622 0.8868 -0.0000
vn -0.5368 0.8437 -0.0000
vn -0.5736 0.8192 -0.0006
vn -0.6085 0.7935 -0.0000
vn 0.9962 -0.0000 0.0871
vn 0.9659 -0.0000 0.2588
vn 0.9063 -0.0000 0.4227
vn 0.8192 -0.0000 0.5735
vn 0.7070 -0.0000 0.7072
vn 0.7072 -0.0000 0.7070
vn 0.5736 -0.0000 0.8191
vn 0.5735 -0.0000 0.8192
vn 0.4227 -0.0000 0.9063
vn 0.4225 -0.0000 0.9064
vn 0.2588 -0.0000 0.9659
vn 0.2589 -0.0000 0.9659
vn 0.0872 -0.0000 0.9962
vn 0.0870 0.9924 0.0867
vn 0.0868 0.9924 0.0869
vn 0.2578 0.9625 0.0843
vn 0.2580 0.9625 0.0841
vn 0.4213 0.9035 0.0789
vn 0.4213 0.9035 0.0790
vn 0.5720 0.8171 0.0715
vn 0.5722 0.8170 0.0714
vn 0.7056 0.7059 0.0618
vn 0.7061 0.7055 0.0617
vn 0.8180 0.5730 0.0502
vn 0.8181 0.5729 0.0499
vn 0.9057 0.4223 0.0370
vn 0.9057 0.4222 0.0371
vn 0.9657 0.2588 0.0227
vn 0.9657 0.2586 0.0224
vn 0.9962 0.0872 0.0079
vn 0.9962 0.0872 0.0076
vn 0.0864 0.9623 0.2579
vn 0.0869 0.9623 0.2578
vn 0.2581 0.9332 0.2500
vn 0.2577 0.9333 0.2502
vn 0.4216 0.8759 0.2348
vn 0.4215 0.8760 0.2346
vn 0.5718 0.7924 0.2123
vn 0.5722 0.7922 0.2123
vn 0.7060 0.6841 0.1832
vn 0.7056 0.6844 0.1834
vn 0.8180 0.5556 0.1489
vn 0.8182 0.5554 0.1488
vn 0.9058 0.4093 0.1096
vn 0.9056 0.4096 0.1098
vn 0.9657 0.2509 0.0674
vn 0.9657 0.2507 0.0673
vn 0.9962 0.0846 0.0225
vn 0.9962 0.0845 0.0227
vn 0.0867 0.9029 0.4210
vn 0.0872 0.9029 0.4210
vn 0.2575 0.8758 0.4083
vn 0.2580 0.8756 0.4084
vn 0.4210 0.8221 0.3833
vn 0.4215 0.8219 0.3833
vn 0.5723 0.7432 0.3467
vn 0.5719 0.7435 0.3467
vn 0.7060 0.6419 0.2993
vn 0.7056 0.6421 0.2996
vn 0.8181 0.5212 0.2430
vn 0.8182 0.5210 0.2429
vn 0.9056 0.3844 0.1793
vn 0.9056 0.3843 0.1792
vn 0.9657 0.2353 0.1098
vn 0.9657 0.2353 0.1096
vn 0.9962 0.0793 0.0370
vn 0.9962 0.0793 0.0373
vn 0.0871 0.8161 0.5714
vn 0.0865 0.8161 0.5714
vn 0.2581 0.7915 0.5540
vn 0.2578 0.7914 0.5543
vn 0.4212 0.7428 0.5204
vn 0.4211 0.7431 0.5201
vn 0.5720 0.6719 0.4705
vn 0.5722 0.6719 0.4702
vn 0.7057 0.5803 0.4065
vn 0.8183 0.4709 0.3297
vn 0.8180 0.4712 0.3300
vn 0.9057 0.3473 0.2431
vn 0.9057 0.3474 0.2431
vn 0.9657 0.2128 0.1489
vn 0.9656 0.2128 0.1493
vn 0.9962 0.0717 0.0501
vn 0.9962 0.0716 0.0499
vn 0.0864 0.7045 0.7045
vn 0.0867 0.7044 0.7045
vn 0.2581 0.6832 0.6831
vn 0.2579 0.6832 0.6832
vn 0.4215 0.6411 0.6413
vn 0.4212 0.6414 0.6412
vn 0.5720 0.5799 0.5801
vn 0.5721 0.5800 0.5799
vn 0.7059 0.5010 0.5008
vn 0.7056 0.5010 0.5012
vn 0.8182 0.4066 0.4065
vn 0.8182 0.4066 0.4066
vn 0.9056 0.2999 0.3000
vn 0.9057 0.2998 0.2998
vn 0.9657 0.1837 0.1835
vn 0.9657 0.1836 0.1835
vn 0.9962 0.0618 0.0619
vn 0.9962 0.0619 0.0620
vn 0.0870 0.5714 0.8161
vn 0.0869 0.5713 0.8161
vn 0.2578 0.5542 0.7915
vn 0.2582 0.5541 0.7914
vn 0.4209 0.5202 0.7431
vn 0.4213 0.5202 0.7429
vn 0.5719 0.4704 0.6720
vn 0.5722 0.4705 0.6717
vn 0.7058 0.4064 0.5802
vn 0.7056 0.4063 0.5805
vn 0.8181 0.3300 0.4711
vn 0.8182 0.3297 0.4709
vn 0.9058 0.2430 0.3471
vn 0.9056 0.2432 0.3474
vn 0.9657 0.1489 0.2127
vn 0.9657 0.1489 0.2126
vn 0.9962 0.0502 0.0715
vn 0.9962 0.0502 0.0718
vn 0.0869 0.4210 0.9029
vn 0.2580 0.4084 0.8756
vn 0.2576 0.4083 0.8757
vn 0.4215 0.3832 0.8219
vn 0.4211 0.3834 0.8220
vn 0.5722 0.3465 0.7433
vn 0.5719 0.3467 0.7434
vn 0.7061 0.2994 0.6417
vn 0.7057 0.2994 0.6422
vn 0.8181 0.2430 0.5212
vn 0.8182 0.2431 0.5211
vn 0.9056 0.1792 0.3845
vn 0.9058 0.1791 0.3840
vn 0.9657 0.1098 0.2355
vn 0.9656 0.1098 0.2355
vn 0.9962 0.0370 0.0793
vn 0.9962 0.0370 0.0794
vn 0.0869 0.2578 0.9623
vn 0.0868 0.2579 0.9623
vn 0.2578 0.2501 0.9333
vn 0.2579 0.2500 0.9333
vn 0.4211 0.2347 0.8761
vn 0.4214 0.2348 0.8759
vn 0.5720 0.2123 0.7923
vn 0.5724 0.2122 0.7920
vn 0.7059 0.1834 0.6842
vn 0.7054 0.1834 0.6846
vn 0.8182 0.1488 0.5554
vn 0.8181 0.1489 0.5555
vn 0.9056 0.1098 0.4097
vn 0.9057 0.1097 0.4094
vn 0.9657 0.0672 0.2509
vn 0.9657 0.0672 0.2507
vn 0.9962 0.0227 0.0847
vn 0.9962 0.0226 0.0845
vn 0.0868 0.0868 0.9924
vn 0.2579 0.0842 0.9625
vn 0.4212 0.0790 0.9035
vn 0.4214 0.0791 0.9034
vn 0.5719 0.0715 0.8172
vn 0.5722 0.0715 0.8170
vn 0.7059 0.0618 0.7057
vn 0.7058 0.0617 0.7058
vn 0.8181 0.0501 0.5729
vn 0.8182 0.0501 0.5728
vn 0.9059 0.0369 0.4220
vn 0.9057 0.0369 0.4223
vn 0.9657 0.0226 0.2588
vn 0.9962 0.0076 0.0871
vn 0.9962 0.0076 0.0873
vn 0.0431 0.9991 -0.0000
vn 0.0870 0.9962 0.0006
vn 0.1314 0.9913 -0.0000
vn 0.2157 0.9765 -0.0000
vn 0.2593 0.9658 0.0006
vn 0.3004 0.9538 -0.0000
vn 0.3830 0.9237 -0.0000
vn 0.4223 0.9064 0.0006
vn 0.4622 0.8868 -0.0000
vn 0.5368 0.8437 -0.0000
vn 0.5736 0.8192 0.0006
vn 0.6085 0.7935 -0.0000
vn 0.7073 0.7069 -0.0000
vn 0.8190 0.5738 -0.0000
vn 0.8193 0.5734 -0.0000
vn 0.9062 0.4228 -0.0000
vn 0.9660 0.2587 -0.0000
vn 0.9962 -0.0000 0.0873
vn 0.9962 -0.0000 0.0872
vn 0.9660 -0.0000 0.2587
vn 0.9659 -0.0000 0.2587
vn 0.9063 -0.0000 0.4226
vn 0.8192 -0.0000 0.5734
vn 0.4225 -0.0000 0.9063
vn 0.3841 0.0036 0.9233
vn 0.4618 -0.0000 0.8870
vn 0.5734 -0.0000 0.8192
vn 0.5389 0.0034 0.8423
vn 0.6087 -0.0000 0.7934
vn 0.0438 0.0038 0.9990
vn 0.1305 -0.0000 0.9914
vn 0.2172 0.0037 0.9761
vn 0.3008 -0.0000 0.9537
vn 0.0869 0.9924 0.0868
vn 0.2581 0.9624 0.0843
vn 0.2572 0.9627 0.0842
vn 0.4217 0.9033 0.0789
vn 0.4212 0.9035 0.0790
vn 0.5722 0.8170 0.0715
vn 0.7059 0.7056 0.0618
vn 0.8182 0.5728 0.0501
vn 0.8180 0.5731 0.0500
vn 0.9057 0.4223 0.0371
vn 0.9657 0.2587 0.0225
vn 0.9657 0.2586 0.0227
vn 0.9962 0.0872 0.0075
vn 0.9962 0.0872 0.0078
vn 0.0869 0.9623 0.2579
vn 0.2577 0.9333 0.2500
vn 0.2581 0.9332 0.2501
vn 0.4212 0.8760 0.2348
vn 0.4214 0.8760 0.2346
vn 0.5719 0.7924 0.2123
vn 0.5721 0.7922 0.2122
vn 0.7059 0.6842 0.1833
vn 0.7057 0.6843 0.1834
vn 0.8183 0.5552 0.1488
vn 0.9057 0.4095 0.1096
vn 0.9657 0.2508 0.0672
vn 0.9962 0.0846 0.0226
vn 0.9962 0.0846 0.0227
vn 0.0869 0.9029 0.4210
vn 0.2577 0.8757 0.4083
vn 0.2579 0.8756 0.4083
vn 0.4212 0.8220 0.3833
vn 0.4214 0.8219 0.3832
vn 0.5722 0.7432 0.3467
vn 0.5720 0.7434 0.3466
vn 0.7056 0.6423 0.2994
vn 0.8182 0.5211 0.2430
vn 0.8180 0.5213 0.2430
vn 0.9057 0.3842 0.1792
vn 0.9057 0.3841 0.1792
vn 0.9657 0.2354 0.1098
vn 0.9657 0.2352 0.1096
vn 0.9962 0.0794 0.0371
vn 0.0869 0.8161 0.5714
vn 0.0865 0.8162 0.5713
vn 0.2577 0.7916 0.5541
vn 0.2577 0.7914 0.5543
vn 0.4216 0.7427 0.5202
vn 0.4213 0.7430 0.5201
vn 0.5722 0.6718 0.4704
vn 0.7059 0.5803 0.4062
vn 0.7058 0.5803 0.4064
vn 0.8182 0.4710 0.3297
vn 0.9056 0.3474 0.2433
vn 0.9657 0.2126 0.1488
vn 0.9657 0.2128 0.1488
vn 0.0869 0.7044 0.7045
vn 0.2579 0.6832 0.6831
vn 0.2578 0.6832 0.6832
vn 0.4212 0.6412 0.6414
vn 0.4212 0.6413 0.6413
vn 0.5718 0.5800 0.5802
vn 0.5725 0.5799 0.5797
vn 0.7056 0.5011 0.5011
vn 0.7057 0.5009 0.5010
vn 0.8181 0.4066 0.4067
vn 0.9058 0.2997 0.2996
vn 0.9657 0.1837 0.1838
vn 0.9657 0.1837 0.1837
vn 0.9962 0.0619 0.0618
vn 0.9962 0.0618 0.0618
vn 0.0869 0.5714 0.8161
vn 0.0868 0.5714 0.8161
vn 0.2577 0.5542 0.7915
vn 0.2579 0.5542 0.7914
vn 0.4211 0.5201 0.7431
vn 0.4214 0.5202 0.7428
vn 0.5720 0.4704 0.6720
vn 0.5721 0.4704 0.6718
vn 0.7060 0.4064 0.5801
vn 0.7055 0.4064 0.5806
vn 0.8181 0.3299 0.4711
vn 0.8182 0.3298 0.4709
vn 0.9057 0.2431 0.3473
vn 0.9057 0.2432 0.3473
vn 0.9962 0.0502 0.0717
vn 0.0869 0.4211 0.9029
vn 0.0868 0.4211 0.9029
vn 0.2579 0.4084 0.8756
vn 0.2576 0.4082 0.8758
vn 0.4212 0.3833 0.8220
vn 0.4213 0.3834 0.8219
vn 0.5722 0.3466 0.7433
vn 0.7060 0.2994 0.6419
vn 0.7056 0.2994 0.6423
vn 0.8182 0.2430 0.5211
vn 0.8180 0.2431 0.5213
vn 0.9057 0.1792 0.3842
vn 0.9657 0.1098 0.2353
vn 0.9657 0.1098 0.2354
vn 0.2580 0.2501 0.9332
vn 0.2577 0.2500 0.9333
vn 0.4212 0.2347 0.8761
vn 0.4213 0.2348 0.8760
vn 0.5721 0.2122 0.7922
vn 0.5723 0.2123 0.7921
vn 0.7057 0.1834 0.6844
vn 0.7057 0.1833 0.6844
vn 0.8181 0.1488 0.5555
vn 0.9058 0.1097 0.4092
vn 0.9057 0.1098 0.4096
vn 0.9657 0.0672 0.2508
vn 0.9962 0.0227 0.0846
vn 0.9962 0.0227 0.0844
vn 0.2581 0.0842 0.9624
vn 0.2578 0.0842 0.9625
vn 0.4211 0.0790 0.9036
vn 0.5720 0.0715 0.8171
vn 0.7058 0.0618 0.7058
vn 0.8181 0.0501 0.5728
vn 0.9058 0.0370 0.4222
vn 0.9056 0.0369 0.4224
vn 0.9657 0.0226 0.2586
vn 0.9962 0.0076 0.0872
vn 0.9659 0.2587 -0.0000
vn 0.8190 0.5737 -0.0000
vn 0.2593 0.9658 -0.0000
vn 0.2585 0.9660 -0.0000
vn 0.0868 0.9962 -0.0000
vn 0.0868 0.0868 -0.9924
vn 0.2580 0.0842 -0.9625
vn 0.2579 0.0842 -0.9625
vn 0.4212 0.0790 -0.9035
vn 0.4213 0.0790 -0.9035
vn 0.5720 0.0715 -0.8171
vn 0.5722 0.0715 -0.8170
vn 0.7059 0.0618 -0.7056
vn 0.7056 0.0617 -0.7059
vn 0.8182 0.0501 -0.5728
vn 0.8180 0.0501 -0.5730
vn 0.9057 0.0370 -0.4222
vn 0.9056 0.0369 -0.4225
vn 0.9657 0.0226 -0.2588
vn 0.9657 0.0226 -0.2585
vn 0.9962 0.0076 -0.0872
vn 0.0870 0.2578 -0.9623
vn 0.0867 0.2578 -0.9623
vn 0.2579 0.2501 -0.9332
vn 0.2579 0.2500 -0.9333
vn 0.4212 0.2347 -0.8761
vn 0.4213 0.2348 -0.8760
vn 0.5720 0.2122 -0.7923
vn 0.5724 0.2123 -0.7920
vn 0.7057 0.1833 -0.6844
vn 0.8180 0.1488 -0.5556
vn 0.8181 0.1488 -0.5555
vn 0.9059 0.1097 -0.4091
vn 0.9056 0.1097 -0.4097
vn 0.9657 0.0672 -0.2509
vn 0.9657 0.0672 -0.2510
vn 0.9962 0.0227 -0.0844
vn 0.9962 0.0226 -0.0846
vn 0.0870 0.4210 -0.9029
vn 0.0868 0.4211 -0.9029
vn 0.2579 0.4084 -0.8756
vn 0.2578 0.4082 -0.8757
vn 0.4213 0.3833 -0.8219
vn 0.4212 0.3834 -0.8220
vn 0.5721 0.3466 -0.7433
vn 0.5720 0.3467 -0.7434
vn 0.7059 0.2995 -0.6420
vn 0.7057 0.2994 -0.6422
vn 0.8182 0.2430 -0.5210
vn 0.8180 0.2430 -0.5214
vn 0.9057 0.1792 -0.3842
vn 0.9056 0.1791 -0.3843
vn 0.9657 0.1098 -0.2351
vn 0.9657 0.1098 -0.2354
vn 0.9962 0.0370 -0.0793
vn 0.9962 0.0370 -0.0794
vn 0.0869 0.5714 -0.8161
vn 0.0869 0.5713 -0.8161
vn 0.2577 0.5543 -0.7914
vn 0.2580 0.5541 -0.7915
vn 0.4213 0.5201 -0.7429
vn 0.4213 0.5202 -0.7429
vn 0.5720 0.4704 -0.6720
vn 0.5721 0.4705 -0.6718
vn 0.7058 0.4064 -0.5802
vn 0.7058 0.4063 -0.5803
vn 0.8183 0.3298 -0.4708
vn 0.8180 0.3299 -0.4713
vn 0.9057 0.2432 -0.3473
vn 0.9056 0.2432 -0.3474
vn 0.9657 0.1489 -0.2125
vn 0.9657 0.1489 -0.2127
vn 0.9962 0.0502 -0.0717
vn 0.9962 0.0502 -0.0714
vn 0.0866 0.7044 -0.7045
vn 0.0870 0.7044 -0.7044
vn 0.2577 0.6833 -0.6832
vn 0.2581 0.6831 -0.6832
vn 0.4212 0.6412 -0.6414
vn 0.4213 0.6414 -0.6412
vn 0.5721 0.5800 -0.5799
vn 0.5723 0.5799 -0.5799
vn 0.7057 0.5009 -0.5011
vn 0.7057 0.5010 -0.5010
vn 0.8181 0.4066 -0.4067
vn 0.8181 0.4067 -0.4066
vn 0.9057 0.2997 -0.2999
vn 0.9057 0.2998 -0.2998
vn 0.9657 0.1837 -0.1837
vn 0.9657 0.1836 -0.1838
vn 0.9962 0.0619 -0.0618
vn 0.9962 0.0619 -0.0617
vn 0.0866 0.8161 -0.5714
vn 0.0869 0.8161 -0.5713
vn 0.2579 0.7915 -0.5541
vn 0.2577 0.7914 -0.5543
vn 0.4215 0.7428 -0.5202
vn 0.4212 0.7430 -0.5202
vn 0.5722 0.6718 -0.4704
vn 0.5721 0.6719 -0.4704
vn 0.7056 0.5805 -0.4064
vn 0.7059 0.5802 -0.4062
vn 0.8181 0.4711 -0.3298
vn 0.8181 0.4710 -0.3299
vn 0.9057 0.3473 -0.2431
vn 0.9057 0.3474 -0.2431
vn 0.9657 0.2127 -0.1487
vn 0.9657 0.2128 -0.1488
vn 0.9962 0.0717 -0.0502
vn 0.9962 0.0717 -0.0499
vn 0.0869 0.9028 -0.4211
vn 0.0872 0.9029 -0.4209
vn 0.2577 0.8757 -0.4083
vn 0.2578 0.8757 -0.4084
vn 0.4214 0.8218 -0.3834
vn 0.4210 0.8221 -0.3833
vn 0.5720 0.7433 -0.3468
vn 0.5723 0.7432 -0.3466
vn 0.7057 0.6421 -0.2993
vn 0.7056 0.6421 -0.2996
vn 0.8182 0.5211 -0.2430
vn 0.8180 0.5213 -0.2431
vn 0.9058 0.3841 -0.1791
vn 0.9057 0.3842 -0.1792
vn 0.9657 0.2354 -0.1098
vn 0.9658 0.2352 -0.1095
vn 0.9962 0.0793 -0.0370
vn 0.0869 0.9623 -0.2579
vn 0.0868 0.9623 -0.2578
vn 0.2581 0.9332 -0.2499
vn 0.2577 0.9333 -0.2502
vn 0.4208 0.8762 -0.2349
vn 0.4216 0.8759 -0.2346
vn 0.5722 0.7921 -0.2123
vn 0.5719 0.7924 -0.2122
vn 0.7057 0.6844 -0.1833
vn 0.8183 0.5552 -0.1487
vn 0.8180 0.5556 -0.1489
vn 0.9056 0.4096 -0.1098
vn 0.9057 0.4095 -0.1096
vn 0.9657 0.2509 -0.0672
vn 0.9657 0.2507 -0.0672
vn 0.9962 0.0845 -0.0226
vn 0.9962 0.0846 -0.0227
vn 0.0869 0.9924 -0.0868
vn 0.0865 0.9925 -0.0869
vn 0.2581 0.9624 -0.0843
vn 0.2575 0.9626 -0.0842
vn 0.4217 0.9033 -0.0790
vn 0.4212 0.9035 -0.0790
vn 0.5722 0.8170 -0.0715
vn 0.5722 0.8170 -0.0714
vn 0.7056 0.7059 -0.0617
vn 0.7058 0.7057 -0.0619
vn 0.8181 0.5729 -0.0501
vn 0.8181 0.5729 -0.0500
vn 0.9057 0.4223 -0.0371
vn 0.9057 0.4223 -0.0370
vn 0.9657 0.2587 -0.0225
vn 0.9657 0.2586 -0.0227
vn 0.9962 0.0872 -0.0077
vn 0.9962 0.0872 -0.0076
vn 0.0436 -0.0000 -0.9990
vn 0.0872 0.0019 -0.9962
vn 0.1305 -0.0000 -0.9914
vn 0.2163 -0.0000 -0.9763
vn 0.2589 0.0019 -0.9659
vn 0.3008 -0.0000 -0.9537
vn 0.3825 -0.0000 -0.9239
vn 0.4227 0.0018 -0.9063
vn 0.4617 -0.0000 -0.8870
vn 0.5368 -0.0000 -0.8437
vn 0.5737 0.0017 -0.8190
vn 0.6086 -0.0000 -0.7935
vn 0.7072 -0.0000 -0.7070
vn 0.7070 -0.0000 -0.7072
vn 0.8192 -0.0000 -0.5734
vn 0.8192 -0.0000 -0.5735
vn 0.9063 -0.0000 -0.4227
vn 0.9063 -0.0000 -0.4226
vn 0.9659 -0.0000 -0.2587
vn 0.9660 -0.0000 -0.2587
vn 0.9962 -0.0000 -0.0872
vn 0.9962 -0.0000 -0.0873
vn 0.3827 0.9239 -0.0011
vn 0.5376 0.8432 -0.0011
vn 0.6088 0.7934 -0.0000
vn 0.0430 0.9991 -0.0012
vn 0.1311 0.9914 -0.0000
vn 0.2584 0.9660 -0.0000
vn 0.2176 0.9760 -0.0012
vn 0.3007 0.9537 -0.0000
vn 0.2578 0.0842 -0.9625
vn 0.4213 0.0790 -0.9034
vn 0.5719 0.0715 -0.8172
vn 0.7059 0.0618 -0.7057
vn 0.7057 0.0617 -0.7058
vn 0.8181 0.0501 -0.5729
vn 0.9057 0.0369 -0.4224
vn 0.9059 0.0369 -0.4220
vn 0.9656 0.0226 -0.2589
vn 0.9657 0.0226 -0.2587
vn 0.9962 0.0076 -0.0871
vn 0.0869 0.2579 -0.9623
vn 0.0868 0.2578 -0.9623
vn 0.2580 0.2501 -0.9332
vn 0.2578 0.2500 -0.9333
vn 0.4213 0.2347 -0.8760
vn 0.5723 0.2123 -0.7921
vn 0.7057 0.1834 -0.6844
vn 0.7056 0.1834 -0.6845
vn 0.8182 0.1488 -0.5554
vn 0.8180 0.1489 -0.5556
vn 0.9056 0.1097 -0.4096
vn 0.9057 0.1097 -0.4095
vn 0.9657 0.0672 -0.2508
vn 0.9658 0.0672 -0.2506
vn 0.9962 0.0227 -0.0846
vn 0.0869 0.4211 -0.9029
vn 0.0869 0.4210 -0.9029
vn 0.2577 0.4083 -0.8757
vn 0.4213 0.3831 -0.8220
vn 0.4212 0.3834 -0.8219
vn 0.5721 0.3466 -0.7434
vn 0.5722 0.3466 -0.7433
vn 0.7059 0.2994 -0.6419
vn 0.8181 0.2430 -0.5212
vn 0.9057 0.1792 -0.3841
vn 0.9656 0.1098 -0.2356
vn 0.9962 0.0370 -0.0791
vn 0.0870 0.5714 -0.8161
vn 0.0868 0.5713 -0.8161
vn 0.2578 0.5542 -0.7914
vn 0.2581 0.5541 -0.7915
vn 0.4214 0.5201 -0.7429
vn 0.4211 0.5202 -0.7430
vn 0.5721 0.4704 -0.6719
vn 0.7057 0.4063 -0.5804
vn 0.8183 0.3299 -0.4708
vn 0.8182 0.3298 -0.4710
vn 0.9057 0.2431 -0.3473
vn 0.9657 0.1489 -0.2128
vn 0.9962 0.0502 -0.0718
vn 0.0867 0.7044 -0.7044
vn 0.0864 0.7044 -0.7045
vn 0.2581 0.6832 -0.6831
vn 0.2579 0.6831 -0.6832
vn 0.4214 0.6413 -0.6412
vn 0.5721 0.5799 -0.5800
vn 0.7058 0.5010 -0.5009
vn 0.8182 0.4066 -0.4065
vn 0.8182 0.4065 -0.4066
vn 0.9056 0.2999 -0.2999
vn 0.9057 0.2997 -0.2998
vn 0.9657 0.1836 -0.1837
vn 0.9658 0.1836 -0.1833
vn 0.9962 0.0619 -0.0621
vn 0.9962 0.0619 -0.0620
vn 0.0867 0.8161 -0.5714
vn 0.0870 0.8161 -0.5714
vn 0.2578 0.7915 -0.5541
vn 0.2580 0.7914 -0.5542
vn 0.4213 0.7429 -0.5202
vn 0.4210 0.7430 -0.5203
vn 0.5724 0.6717 -0.4703
vn 0.5719 0.6720 -0.4704
vn 0.7059 0.5802 -0.4063
vn 0.7057 0.5803 -0.4064
vn 0.8181 0.4710 -0.3300
vn 0.9057 0.3474 -0.2430
vn 0.9656 0.2127 -0.1494
vn 0.9657 0.2128 -0.1485
vn 0.9962 0.0716 -0.0505
vn 0.0870 0.9029 -0.4210
vn 0.0869 0.9029 -0.4210
vn 0.2575 0.8758 -0.4083
vn 0.2580 0.8756 -0.4083
vn 0.4216 0.8219 -0.3832
vn 0.4210 0.8221 -0.3834
vn 0.5722 0.7432 -0.3468
vn 0.5721 0.7434 -0.3465
vn 0.7059 0.6420 -0.2992
vn 0.7056 0.6421 -0.2997
vn 0.8182 0.5212 -0.2428
vn 0.8182 0.5210 -0.2429
vn 0.9056 0.3843 -0.1794
vn 0.9056 0.3843 -0.1792
vn 0.9657 0.2353 -0.1098
vn 0.9657 0.2354 -0.1096
vn 0.9961 0.0793 -0.0374
vn 0.9962 0.0793 -0.0368
vn 0.0867 0.9623 -0.2579
vn 0.2581 0.9332 -0.2500
vn 0.4213 0.8760 -0.2349
vn 0.4217 0.8759 -0.2346
vn 0.5720 0.7923 -0.2122
vn 0.5719 0.7923 -0.2124
vn 0.7057 0.6844 -0.1834
vn 0.8182 0.5553 -0.1487
vn 0.8179 0.5557 -0.1491
vn 0.9057 0.4094 -0.1098
vn 0.9058 0.4094 -0.1095
vn 0.9657 0.2509 -0.0671
vn 0.9657 0.2508 -0.0673
vn 0.9962 0.0845 -0.0225
vn 0.9962 0.0845 -0.0227
vn 0.0870 0.9924 -0.0868
vn 0.0869 0.9924 -0.0869
vn 0.2582 0.9624 -0.0842
vn 0.4213 0.9035 -0.0790
vn 0.5720 0.8171 -0.0715
vn 0.7056 0.7059 -0.0616
vn 0.7060 0.7055 -0.0618
vn 0.8180 0.5730 -0.0502
vn 0.8182 0.5728 -0.0498
vn 0.9057 0.4222 -0.0370
vn 0.9056 0.4224 -0.0371
vn 0.9657 0.2588 -0.0225
vn 0.9657 0.2586 -0.0228
vn 0.9962 0.0872 -0.0079
vn 0.9962 -0.0000 -0.0871
vn 0.9659 -0.0000 -0.2588
vn 0.5736 -0.0000 -0.8191
vn 0.5735 -0.0000 -0.8192
vn 0.4227 -0.0000 -0.9063
vn 0.4225 -0.0000 -0.9064
vn 0.2588 -0.0000 -0.9659
vn 0.2589 -0.0000 -0.9659
vn 0.0872 -0.0000 -0.9962
vn -0.0000 -0.5000 -0.8660
vn -0.0000 -0.4999 -0.8661
vn 0.0004 -0.5002 -0.8659
vn 0.0002 -0.5001 -0.8660
vn 0.0003 -0.4997 -0.8662
vn -0.0004 -0.5001 -0.8660
vn -0.0000 -0.4996 -0.8662
vn 0.0002 -0.5007 -0.8656
vn -0.0002 -0.4997 -0.8662
vn 0.0007 -0.5004 -0.8658
vn 0.0755 -0.4986 -0.8635
vn 0.0757 -0.4984 -0.8636
vn 0.2245 -0.4986 -0.8372
vn 0.2244 -0.4986 -0.8373
vn 0.3664 -0.4986 -0.7856
vn 0.3663 -0.4986 -0.7857
vn 0.4972 -0.4985 -0.7102
vn 0.4972 -0.4988 -0.7099
vn 0.6129 -0.4985 -0.6130
vn 0.6128 -0.4985 -0.6132
vn 0.7101 -0.4986 -0.4972
vn 0.7102 -0.4987 -0.4970
vn 0.7856 -0.4986 -0.3664
vn 0.7857 -0.4986 -0.3663
vn 0.8373 -0.4986 -0.2243
vn 0.8374 -0.4986 -0.2241
vn 0.8635 -0.4986 -0.0759
vn 0.8636 -0.4986 -0.0747
vn 0.8636 -0.4986 0.0753
vn 0.8635 -0.4986 0.0761
vn 0.8374 -0.4986 0.2240
vn 0.8372 -0.4986 0.2248
vn 0.7856 -0.4986 0.3664
vn 0.7857 -0.4986 0.3663
vn 0.7101 -0.4986 0.4972
vn 0.7101 -0.4987 0.4971
vn 0.6128 -0.4986 0.6131
vn 0.6130 -0.4984 0.6130
vn 0.4971 -0.4987 0.7101
vn 0.4973 -0.4984 0.7102
vn 0.3664 -0.4986 0.7856
vn 0.3663 -0.4986 0.7857
vn 0.2245 -0.4986 0.8372
vn 0.2244 -0.4986 0.8373
vn 0.0755 -0.4984 0.8636
vn 0.0758 -0.4987 0.8634
vn -0.0000 -0.4999 0.8661
vn 0.0002 -0.5001 0.8659
vn -0.0000 -0.4996 0.8662
vn -0.0004 -0.5001 0.8660
vn 0.0001 -0.4997 0.8662
vn -0.0000 -0.5000 0.8660
vn 0.0002 -0.5000 0.8660
vn 0.0007 -0.4999 0.8661
vn -0.0002 -0.4997 0.8662
vn 0.0002 -0.5007 0.8656
vn -0.9225 0.0555 -0.3820
vn -0.5385 0.0014 -0.8426
vn -0.5736 -0.0000 -0.8192
vn -0.4616 -0.0000 -0.8871
vn -0.3837 0.0015 -0.9235
vn -0.0437 0.0015 -0.9990
vn -0.2170 0.0015 -0.9762
vn -0.3008 -0.0000 -0.9537
vn -0.6088 -0.0000 -0.7933
vn -0.7071 -0.0000 -0.7072
vn -0.8201 -0.0000 -0.5723
vn -0.9070 -0.0000 -0.4212
vn -0.9063 -0.0000 -0.4225
vn -0.9659 -0.0000 -0.2589
vn -0.0872 0.0008 0.9962
vn -0.2588 0.0008 0.9659
vn -0.3008 -0.0000 0.9537
vn -0.3825 -0.0000 0.9240
vn -0.4227 0.0007 0.9063
vn -0.4616 -0.0000 0.8871
vn -0.9225 0.0556 0.3821
vn -0.5375 -0.0000 0.8433
vn -0.5735 0.0007 0.8192
vn -0.6088 -0.0000 0.7933
vn -0.8190 -0.0000 0.5737
vn -0.8201 -0.0000 0.5723
vn -0.9070 -0.0000 0.4211
vn -0.9659 -0.0000 0.2589
s 0
f 1//1 2//1 3//1
f 3//1 2//1 4//1
f 5//2 6//2 7//2
f 7//2 6//2 8//2
f 9//3 10//3 11//3
f 11//4 10//4 12//4
f 13//3 11//3 14//3
f 14//3 11//3 12//3
f 14//3 12//3 15//3
f 15//3 12//3 16//3
f 17//5 18//5 19//5
f 19//6 18//6 20//6
f 19//7 20//7 21//7
f 21//8 20//8 22//8
f 23//9 24//9 17//9
f 17//10 24//10 25//10
f 17//11 25//11 18//11
f 26//12 27//12 28//12
f 28//13 27//13 29//13
f 28//14 29//14 30//14
f 30//15 29//15 31//15
f 30//16 31//16 32//16
f 32//17 31//17 33//17
f 32//18 33//18 34//18
f 33//19 35//19 34//19
f 34//20 35//20 36//20
f 34//21 36//21 37//21
f 36//22 38//22 37//22
f 37//23 38//23 39//23
f 37//24 39//24 40//24
f 39//25 41//25 40//25
f 40//26 41//26 42//26
f 40//27 42//27 43//27
f 42//28 44//28 43//28
f 43//29 44//29 45//29
f 43//30 45//30 46//30
f 45//31 47//31 46//31
f 46//32 47//32 48//32
f 46//33 48//33 49//33
f 48//34 50//34 49//34
f 49//35 50//35 51//35
f 49//36 51//36 52//36
f 51//37 53//37 52//37
f 52//38 53//38 54//38
f 52//39 54//39 55//39
f 54//40 56//40 55//40
f 55//41 56//41 57//41
f 55//42 57//42 58//42
f 57//43 59//43 58//43
f 58//44 59//44 60//44
f 58//45 60//45 61//45
f 60//46 62//46 61//46
f 61//47 62//47 63//47
f 61//48 63//48 64//48
f 63//49 65//49 64//49
f 64//50 65//50 66//50
f 64//51 66//51 23//51
f 23//52 66//52 67//52
f 23//53 67//53 24//53
f 68//3 69//3 70//3
f 70//3 69//3 71//3
f 72//54 73//54 74//54
f 9//54 75//54 76//54
f 76//54 75//54 77//54
f 76//54 77//54 78//54
f 77//54 79//54 78//54
f 78//54 79//54 80//54
f 78//54 80//54 11//54
f 11//54 80//54 81//54
f 11//55 81//55 82//55
f 83//54 84//54 11//54
f 11//56 84//56 85//56
f 11//57 85//57 86//57
f 87//54 88//54 89//54
f 89//54 88//54 90//54
f 91//54 92//54 11//54
f 11//54 92//54 93//54
f 11//54 93//54 94//54
f 95//54 96//54 97//54
f 97//54 96//54 98//54
f 97//54 98//54 99//54
f 100//54 101//54 74//54
f 74//54 101//54 102//54
f 74//54 102//54 72//54
f 73//54 103//54 74//54
f 74//54 103//54 104//54
f 74//54 104//54 105//54
f 106//54 107//54 9//54
f 9//54 107//54 108//54
f 9//54 108//54 75//54
f 75//54 108//54 109//54
f 82//54 110//54 11//54
f 11//54 110//54 111//54
f 11//54 111//54 83//54
f 86//54 112//54 11//54
f 11//58 112//58 113//58
f 11//54 113//54 89//54
f 90//54 114//54 89//54
f 89//54 114//54 115//54
f 89//54 115//54 116//54
f 94//54 117//54 11//54
f 11//54 117//54 118//54
f 11//54 118//54 9//54
f 9//54 118//54 119//54
f 9//54 119//54 106//54
f 74//54 120//54 100//54
f 100//54 120//54 121//54
f 100//54 121//54 122//54
f 123//54 75//54 97//54
f 97//54 75//54 109//54
f 97//54 109//54 95//54
f 116//54 124//54 89//54
f 89//54 124//54 125//54
f 89//54 125//54 11//54
f 11//54 125//54 126//54
f 11//54 126//54 91//54
f 122//54 127//54 100//54
f 100//54 127//54 128//54
f 100//54 128//54 129//54
f 99//54 130//54 97//54
f 97//54 130//54 131//54
f 97//54 131//54 132//54
f 132//54 131//54 133//54
f 132//54 133//54 134//54
f 134//54 133//54 100//54
f 134//54 100//54 135//54
f 135//54 100//54 129//54
f 87//54 89//54 136//54
f 136//54 89//54 137//54
f 136//54 137//54 138//54
f 139//54 140//54 136//54
f 136//54 140//54 141//54
f 136//54 141//54 142//54
f 104//54 143//54 105//54
f 105//54 143//54 136//54
f 105//54 136//54 144//54
f 144//54 136//54 142//54
f 145//54 146//54 123//54
f 123//54 146//54 147//54
f 123//54 147//54 148//54
f 149//54 150//54 123//54
f 123//54 150//54 151//54
f 123//54 151//54 75//54
f 138//54 152//54 136//54
f 136//54 152//54 153//54
f 136//54 153//54 139//54
f 148//54 154//54 123//54
f 123//54 154//54 155//54
f 123//54 155//54 149//54
f 156//59 157//59 158//59
f 159//59 156//59 160//59
f 156//59 158//59 160//59
f 160//60 158//60 161//60
f 160//60 161//60 162//60
f 162//59 163//59 160//59
f 160//61 163//61 164//61
f 160//62 164//62 165//62
f 166//59 167//59 168//59
f 168//59 167//59 169//59
f 169//59 170//59 168//59
f 168//59 170//59 79//59
f 168//59 79//59 160//59
f 160//59 79//59 77//59
f 160//59 77//59 159//59
f 165//59 171//59 160//59
f 160//63 171//63 172//63
f 160//59 172//59 173//59
f 174//59 175//59 168//59
f 168//60 175//60 176//60
f 168//60 176//60 166//60
f 177//59 178//59 179//59
f 168//59 180//59 174//59
f 174//59 180//59 177//59
f 174//59 177//59 181//59
f 181//59 177//59 179//59
f 182//64 183//64 184//64
f 182//64 184//64 185//64
f 186//64 187//64 188//64
f 188//64 187//64 189//64
f 183//64 190//64 184//64
f 184//64 190//64 191//64
f 184//64 191//64 192//64
f 192//64 191//64 193//64
f 194//64 195//64 196//64
f 196//64 195//64 197//64
f 198//64 199//64 200//64
f 200//64 199//64 201//64
f 200//64 201//64 202//64
f 200//64 203//64 196//64
f 196//64 203//64 204//64
f 196//64 204//64 184//64
f 184//64 204//64 205//64
f 184//64 205//64 185//64
f 206//64 207//64 208//64
f 208//64 207//64 209//64
f 208//64 209//64 210//64
f 187//64 211//64 212//64
f 188//64 213//64 186//64
f 186//64 213//64 214//64
f 186//64 214//64 215//64
f 212//64 216//64 187//64
f 187//64 216//64 217//64
f 187//64 217//64 189//64
f 197//64 218//64 196//64
f 196//64 218//64 219//64
f 196//64 219//64 220//64
f 220//64 221//64 196//64
f 196//65 221//65 222//65
f 196//64 222//64 200//64
f 200//64 222//64 223//64
f 200//64 223//64 224//64
f 224//64 225//64 200//64
f 200//64 225//64 226//64
f 200//64 226//64 198//64
f 227//64 200//64 208//64
f 208//64 200//64 202//64
f 208//66 202//66 206//66
f 210//64 228//64 208//64
f 208//64 228//64 229//64
f 208//64 229//64 230//64
f 230//64 229//64 231//64
f 230//64 231//64 232//64
f 232//64 231//64 233//64
f 232//64 233//64 234//64
f 234//64 233//64 235//64
f 236//64 237//64 233//64
f 196//64 238//64 194//64
f 194//64 238//64 239//64
f 194//64 239//64 240//64
f 240//64 239//64 241//64
f 240//64 241//64 242//64
f 243//64 244//64 227//64
f 227//64 244//64 245//64
f 227//64 245//64 200//64
f 211//64 187//64 233//64
f 233//64 187//64 246//64
f 233//64 246//64 236//64
f 237//64 247//64 233//64
f 233//64 247//64 248//64
f 233//64 248//64 235//64
f 242//64 249//64 240//64
f 240//64 249//64 250//64
f 240//64 250//64 251//64
f 215//64 252//64 186//64
f 186//64 252//64 253//64
f 186//64 253//64 254//64
f 254//64 253//64 240//64
f 254//64 240//64 255//64
f 255//64 240//64 251//64
f 256//64 257//64 258//64
f 258//64 257//64 259//64
f 258//64 259//64 260//64
f 260//64 259//64 227//64
f 227//64 259//64 261//64
f 227//64 261//64 243//64
f 262//2 263//2 264//2
f 263//2 265//2 264//2
f 264//2 265//2 266//2
f 264//2 266//2 267//2
f 268//2 269//2 264//2
f 264//2 269//2 270//2
f 264//2 270//2 262//2
f 271//2 272//2 273//2
f 273//2 272//2 274//2
f 275//2 276//2 277//2
f 277//2 276//2 278//2
f 277//2 278//2 273//2
f 273//2 278//2 279//2
f 273//2 279//2 271//2
f 274//2 280//2 273//2
f 273//2 280//2 281//2
f 273//2 281//2 282//2
f 267//2 283//2 264//2
f 264//2 283//2 284//2
f 264//2 284//2 277//2
f 277//2 284//2 285//2
f 277//2 285//2 275//2
f 282//2 286//2 287//2
f 281//2 288//2 282//2
f 282//2 288//2 289//2
f 282//2 289//2 290//2
f 291//2 292//2 268//2
f 290//2 293//2 282//2
f 282//2 293//2 294//2
f 282//2 294//2 286//2
f 287//2 295//2 282//2
f 282//2 295//2 296//2
f 282//2 296//2 268//2
f 268//2 296//2 297//2
f 268//2 297//2 291//2
f 292//2 298//2 268//2
f 268//2 298//2 299//2
f 268//2 299//2 300//2
f 300//2 301//2 268//2
f 268//2 301//2 302//2
f 268//2 302//2 269//2
f 303//1 304//1 305//1
f 306//1 307//1 308//1
f 304//1 309//1 305//1
f 305//1 309//1 310//1
f 305//1 310//1 311//1
f 308//1 312//1 306//1
f 306//1 312//1 313//1
f 306//1 313//1 314//1
f 314//1 313//1 315//1
f 314//1 315//1 316//1
f 316//1 317//1 314//1
f 314//1 317//1 318//1
f 314//1 318//1 305//1
f 305//1 318//1 319//1
f 305//1 319//1 303//1
f 311//1 320//1 305//1
f 305//1 320//1 321//1
f 305//1 321//1 322//1
f 322//1 321//1 323//1
f 322//1 323//1 324//1
f 324//1 325//1 322//1
f 322//1 325//1 326//1
f 322//1 326//1 327//1
f 327//1 328//1 322//1
f 322//1 328//1 329//1
f 322//1 329//1 330//1
f 331//1 332//1 333//1
f 333//1 332//1 334//1
f 333//1 334//1 306//1
f 306//1 334//1 335//1
f 306//1 335//1 307//1
f 336//1 337//1 333//1
f 333//1 337//1 338//1
f 338//1 339//1 333//1
f 333//1 339//1 340//1
f 333//1 340//1 331//1
f 330//1 341//1 322//1
f 322//1 341//1 342//1
f 322//1 342//1 333//1
f 333//1 342//1 343//1
f 333//1 343//1 336//1
f 344//1 345//1 346//1
f 346//1 345//1 347//1
f 346//3 347//3 348//3
f 348//3 347//3 349//3
f 350//2 351//2 352//2
f 352//2 351//2 353//2
f 354//3 355//3 350//3
f 350//3 355//3 351//3
f 281//67 356//67 288//67
f 288//68 356//68 357//68
f 288//68 357//68 289//68
f 289//69 357//69 358//69
f 289//69 358//69 290//69
f 290//70 358//70 359//70
f 290//70 359//70 293//70
f 293//71 359//71 360//71
f 293//71 360//71 294//71
f 294//72 360//72 361//72
f 294//73 361//73 286//73
f 286//74 361//74 362//74
f 286//74 362//74 287//74
f 287//75 362//75 363//75
f 287//76 363//76 295//76
f 295//77 363//77 364//77
f 295//77 364//77 296//77
f 296//78 364//78 365//78
f 296//78 365//78 297//78
f 297//79 365//79 366//79
f 297//80 366//80 291//80
f 291//81 366//81 367//81
f 291//81 367//81 292//81
f 292//82 367//82 368//82
f 292//83 368//83 298//83
f 298//84 368//84 369//84
f 298//84 369//84 299//84
f 299//85 369//85 370//85
f 299//85 370//85 300//85
f 300//86 370//86 371//86
f 300//87 371//87 301//87
f 301//88 371//88 372//88
f 301//88 372//88 302//88
f 302//89 372//89 373//89
f 302//89 373//89 269//89
f 269//90 373//90 374//90
f 269//90 374//90 270//90
f 270//91 374//91 375//91
f 270//91 375//91 262//91
f 262//92 375//92 376//92
f 262//92 376//92 263//92
f 263//93 376//93 377//93
f 263//93 377//93 265//93
f 265//94 377//94 378//94
f 265//94 378//94 266//94
f 266//95 378//95 379//95
f 266//95 379//95 267//95
f 267//96 379//96 380//96
f 267//96 380//96 283//96
f 283//97 380//97 381//97
f 283//98 381//98 284//98
f 284//99 381//99 382//99
f 284//100 382//100 285//100
f 285//101 382//101 383//101
f 285//102 383//102 275//102
f 275//103 383//103 384//103
f 275//104 384//104 276//104
f 276//105 384//105 385//105
f 276//105 385//105 278//105
f 278//106 385//106 386//106
f 278//106 386//106 279//106
f 279//107 386//107 387//107
f 279//107 387//107 271//107
f 271//108 387//108 388//108
f 271//108 388//108 272//108
f 272//109 388//109 389//109
f 272//109 389//109 274//109
f 274//110 389//110 390//110
f 274//110 390//110 280//110
f 280//111 390//111 391//111
f 280//111 391//111 281//111
f 281//67 391//67 356//67
f 375//2 374//2 392//2
f 392//2 374//2 373//2
f 392//2 373//2 372//2
f 378//2 377//2 392//2
f 392//2 377//2 376//2
f 392//2 376//2 375//2
f 381//2 380//2 392//2
f 392//2 380//2 379//2
f 392//2 379//2 378//2
f 384//2 383//2 392//2
f 392//2 383//2 382//2
f 392//2 382//2 381//2
f 387//2 386//2 392//2
f 392//2 386//2 385//2
f 392//2 385//2 384//2
f 390//2 389//2 392//2
f 392//2 389//2 388//2
f 392//2 388//2 387//2
f 357//2 356//2 392//2
f 392//2 356//2 391//2
f 392//2 391//2 390//2
f 360//2 359//2 392//2
f 392//2 359//2 358//2
f 392//2 358//2 357//2
f 363//2 362//2 392//2
f 392//2 362//2 361//2
f 392//2 361//2 360//2
f 366//2 365//2 392//2
f 392//2 365//2 364//2
f 392//2 364//2 363//2
f 369//2 368//2 392//2
f 392//2 368//2 367//2
f 392//2 367//2 366//2
f 372//2 371//2 392//2
f 392//2 371//2 370//2
f 392//2 370//2 369//2
f 323//89 393//89 324//89
f 324//88 393//88 394//88
f 324//88 394//88 325//88
f 325//87 394//87 395//87
f 325//87 395//87 326//87
f 326//112 395//112 396//112
f 326//113 396//113 327//113
f 327//114 396//114 397//114
f 327//84 397//84 328//84
f 328//115 397//115 398//115
f 328//115 398//115 329//115
f 329//116 398//116 399//116
f 329//81 399//81 330//81
f 330//79 399//79 400//79
f 330//79 400//79 341//79
f 341//117 400//117 401//117
f 341//118 401//118 342//118
f 342//119 401//119 402//119
f 342//120 402//120 343//120
f 343//76 402//76 403//76
f 343//76 403//76 336//76
f 336//74 403//74 404//74
f 336//121 404//121 337//121
f 337//122 404//122 405//122
f 337//122 405//122 338//122
f 338//71 405//71 406//71
f 338//123 406//123 339//123
f 339//124 406//124 407//124
f 339//125 407//125 340//125
f 340//69 407//69 408//69
f 340//69 408//69 331//69
f 331//68 408//68 409//68
f 331//68 409//68 332//68
f 332//67 409//67 410//67
f 332//126 410//126 334//126
f 334//127 410//127 411//127
f 334//111 411//111 335//111
f 335//110 411//110 412//110
f 335//110 412//110 307//110
f 307//109 412//109 413//109
f 307//109 413//109 308//109
f 308//128 413//128 414//128
f 308//129 414//129 312//129
f 312//107 414//107 415//107
f 312//130 415//130 313//130
f 313//131 415//131 416//131
f 313//131 416//131 315//131
f 315//132 416//132 417//132
f 315//105 417//105 316//105
f 316//133 417//133 418//133
f 316//103 418//103 317//103
f 317//101 418//101 419//101
f 317//101 419//101 318//101
f 318//100 419//100 420//100
f 318//100 420//100 319//100
f 319//98 420//98 421//98
f 319//134 421//134 303//134
f 303//96 421//96 422//96
f 303//135 422//135 304//135
f 304//136 422//136 423//136
f 304//136 423//136 309//136
f 309//137 423//137 424//137
f 309//94 424//94 310//94
f 310//138 424//138 425//138
f 310//139 425//139 311//139
f 311//92 425//92 426//92
f 311//92 426//92 320//92
f 320//91 426//91 427//91
f 320//91 427//91 321//91
f 321//90 427//90 428//90
f 321//140 428//140 323//140
f 323//141 428//141 393//141
f 429//141 430//141 431//141
f 431//88 430//88 432//88
f 431//88 432//88 433//88
f 433//87 432//87 434//87
f 433//87 434//87 435//87
f 435//113 434//113 436//113
f 435//112 436//112 437//112
f 437//84 436//84 438//84
f 437//84 438//84 439//84
f 439//83 438//83 440//83
f 439//82 440//82 441//82
f 441//81 440//81 442//81
f 441//142 442//142 443//142
f 443//79 442//79 444//79
f 443//79 444//79 445//79
f 445//78 444//78 446//78
f 445//78 446//78 447//78
f 447//77 446//77 448//77
f 447//77 448//77 449//77
f 449//76 448//76 450//76
f 449//76 450//76 451//76
f 451//143 450//143 452//143
f 451//74 452//74 453//74
f 453//73 452//73 454//73
f 453//72 454//72 455//72
f 455//71 454//71 456//71
f 455//71 456//71 457//71
f 457//125 456//125 458//125
f 457//124 458//124 459//124
f 459//69 458//69 460//69
f 459//69 460//69 461//69
f 461//68 460//68 462//68
f 461//68 462//68 463//68
f 463//126 462//126 464//126
f 463//126 464//126 465//126
f 465//111 464//111 466//111
f 465//127 466//127 467//127
f 467//110 466//110 468//110
f 467//110 468//110 469//110
f 469//109 468//109 470//109
f 469//109 470//109 471//109
f 471//128 470//128 472//128
f 471//128 472//128 473//128
f 473//107 472//107 474//107
f 473//107 474//107 475//107
f 475//106 474//106 476//106
f 475//144 476//144 477//144
f 477//145 476//145 478//145
f 477//105 478//105 479//105
f 479//103 478//103 480//103
f 479//103 480//103 481//103
f 481//101 480//101 482//101
f 481//102 482//102 483//102
f 483//99 482//99 484//99
f 483//100 484//100 485//100
f 485//98 484//98 486//98
f 485//98 486//98 487//98
f 487//96 486//96 488//96
f 487//146 488//146 489//146
f 489//147 488//147 490//147
f 489//95 490//95 491//95
f 491//94 490//94 492//94
f 491//94 492//94 493//94
f 493//139 492//139 494//139
f 493//139 494//139 495//139
f 495//92 494//92 496//92
f 495//92 496//92 497//92
f 497//91 496//91 498//91
f 497//91 498//91 499//91
f 499//140 498//140 500//140
f 499//90 500//90 429//90
f 429//141 500//141 430//141
f 501//1 502//1 503//1
f 504//1 505//1 506//1
f 507//1 508//1 509//1
f 501//1 503//1 510//1
f 511//1 512//1 513//1
f 507//1 509//1 514//1
f 513//1 515//1 511//1
f 511//1 515//1 516//1
f 511//1 516//1 506//1
f 506//1 516//1 517//1
f 506//1 517//1 504//1
f 518//1 519//1 520//1
f 520//1 519//1 521//1
f 520//1 521//1 522//1
f 523//1 524//1 525//1
f 525//1 524//1 526//1
f 525//1 526//1 527//1
f 527//1 528//1 525//1
f 525//1 528//1 529//1
f 525//1 529//1 520//1
f 520//1 529//1 530//1
f 520//1 530//1 518//1
f 508//1 531//1 509//1
f 509//1 531//1 532//1
f 509//1 532//1 525//1
f 525//1 532//1 533//1
f 525//1 533//1 523//1
f 502//1 534//1 503//1
f 503//1 534//1 535//1
f 503//1 535//1 509//1
f 509//1 535//1 536//1
f 509//1 536//1 514//1
f 505//1 537//1 506//1
f 506//1 537//1 538//1
f 506//1 538//1 503//1
f 503//1 538//1 539//1
f 503//1 539//1 510//1
f 522//1 540//1 520//1
f 520//1 540//1 541//1
f 520//1 541//1 511//1
f 511//1 541//1 542//1
f 511//1 542//1 512//1
f 410//2 465//2 411//2
f 411//2 465//2 467//2
f 411//2 467//2 412//2
f 412//2 467//2 469//2
f 412//2 469//2 413//2
f 413//2 469//2 471//2
f 413//2 471//2 414//2
f 414//2 471//2 473//2
f 414//2 473//2 415//2
f 415//2 473//2 475//2
f 415//2 475//2 416//2
f 416//2 475//2 477//2
f 416//2 477//2 417//2
f 417//2 477//2 479//2
f 417//2 479//2 418//2
f 418//2 479//2 481//2
f 418//2 481//2 419//2
f 419//2 481//2 483//2
f 419//2 483//2 420//2
f 420//2 483//2 485//2
f 420//2 485//2 421//2
f 421//2 485//2 487//2
f 421//2 487//2 422//2
f 422//2 487//2 489//2
f 422//2 489//2 423//2
f 423//2 489//2 491//2
f 423//2 491//2 424//2
f 424//2 491//2 493//2
f 424//2 493//2 425//2
f 425//2 493//2 495//2
f 425//2 495//2 426//2
f 426//2 495//2 497//2
f 426//2 497//2 427//2
f 427//2 497//2 499//2
f 427//2 499//2 428//2
f 428//2 499//2 429//2
f 428//2 429//2 393//2
f 393//2 429//2 431//2
f 393//2 431//2 394//2
f 394//2 431//2 433//2
f 394//2 433//2 395//2
f 395//2 433//2 435//2
f 395//2 435//2 396//2
f 396//2 435//2 437//2
f 396//2 437//2 397//2
f 397//2 437//2 439//2
f 397//2 439//2 398//2
f 398//2 439//2 441//2
f 398//2 441//2 399//2
f 399//2 441//2 443//2
f 399//2 443//2 400//2
f 400//2 443//2 445//2
f 400//2 445//2 401//2
f 401//2 445//2 447//2
f 401//2 447//2 402//2
f 402//2 447//2 449//2
f 402//2 449//2 403//2
f 403//2 449//2 451//2
f 403//2 451//2 404//2
f 404//2 451//2 453//2
f 404//2 453//2 405//2
f 405//2 453//2 455//2
f 405//2 455//2 406//2
f 406//2 455//2 457//2
f 406//2 457//2 407//2
f 407//2 457//2 459//2
f 407//2 459//2 408//2
f 408//2 459//2 461//2
f 408//2 461//2 409//2
f 409//2 461//2 463//2
f 409//2 463//2 410//2
f 410//2 463//2 465//2
f 500//148 504//148 430//148
f 430//149 504//149 517//149
f 430//150 517//150 432//150
f 432//151 517//151 516//151
f 432//151 516//151 434//151
f 434//152 516//152 515//152
f 434//153 515//153 436//153
f 436//154 515//154 513//154
f 436//155 513//155 438//155
f 438//156 513//156 512//156
f 438//157 512//157 440//157
f 440//158 512//158 542//158
f 440//159 542//159 442//159
f 442//160 542//160 541//160
f 442//161 541//161 444//161
f 444//162 541//162 540//162
f 444//163 540//163 446//163
f 446//164 540//164 522//164
f 446//165 522//165 448//165
f 448//166 522//166 521//166
f 448//167 521//167 450//167
f 450//168 521//168 519//168
f 450//168 519//168 452//168
f 452//169 519//169 518//169
f 452//170 518//170 454//170
f 454//171 518//171 530//171
f 454//172 530//172 456//172
f 456//173 530//173 529//173
f 456//174 529//174 458//174
f 458//175 529//175 528//175
f 458//175 528//175 460//175
f 460//176 528//176 527//176
f 460//177 527//177 462//177
f 462//178 527//178 526//178
f 462//179 526//179 464//179
f 464//180 526//180 524//180
f 464//181 524//181 466//181
f 466//182 524//182 523//182
f 466//183 523//183 468//183
f 468//184 523//184 533//184
f 468//184 533//184 470//184
f 470//185 533//185 532//185
f 470//186 532//186 472//186
f 472//187 532//187 531//187
f 472//188 531//188 474//188
f 474//189 531//189 508//189
f 474//190 508//190 476//190
f 476//191 508//191 507//191
f 476//192 507//192 478//192
f 478//193 507//193 514//193
f 478//194 514//194 480//194
f 480//195 514//195 536//195
f 480//196 536//196 482//196
f 482//197 536//197 535//197
f 482//198 535//198 484//198
f 484//199 535//199 534//199
f 484//200 534//200 486//200
f 486//201 534//201 502//201
f 486//201 502//201 488//201
f 488//202 502//202 501//202
f 488//203 501//203 490//203
f 490//204 501//204 510//204
f 490//205 510//205 492//205
f 492//206 510//206 539//206
f 492//207 539//207 494//207
f 494//208 539//208 538//208
f 494//209 538//209 496//209
f 496//210 538//210 537//210
f 496//211 537//211 498//211
f 498//212 537//212 505//212
f 498//213 505//213 500//213
f 500//214 505//214 504//214
f 543//3 544//3 509//3
f 509//3 544//3 503//3
f 544//215 545//215 503//215
f 503//215 545//215 506//215
f 545//216 546//216 506//216
f 506//216 546//216 511//216
f 546//59 547//59 511//59
f 511//59 547//59 520//59
f 547//217 548//217 520//217
f 520//217 548//217 525//217
f 548//218 543//218 525//218
f 525//218 543//218 509//218
f 546//1 545//1 547//1
f 547//1 545//1 544//1
f 547//1 544//1 548//1
f 548//1 544//1 543//1
f 549//219 550//219 201//219
f 224//220 551//220 225//220
f 225//221 551//221 552//221
f 225//221 552//221 226//221
f 226//222 552//222 553//222
f 226//222 553//222 198//222
f 198//223 553//223 549//223
f 198//223 549//223 199//223
f 199//224 549//224 201//224
f 223//225 554//225 224//225
f 224//226 554//226 555//226
f 224//220 555//220 551//220
f 556//227 557//227 215//227
f 217//228 558//228 189//228
f 189//229 558//229 559//229
f 189//229 559//229 560//229
f 560//230 559//230 561//230
f 560//230 561//230 213//230
f 213//231 561//231 556//231
f 213//231 556//231 214//231
f 214//232 556//232 215//232
f 216//233 562//233 217//233
f 217//234 562//234 563//234
f 217//228 563//228 558//228
f 564//235 554//235 565//235
f 565//235 554//235 223//235
f 565//236 223//236 566//236
f 566//237 223//237 222//237
f 566//238 222//238 567//238
f 567//239 222//239 568//239
f 568//240 222//240 221//240
f 568//241 221//241 569//241
f 569//242 221//242 570//242
f 570//243 221//243 220//243
f 570//244 220//244 571//244
f 571//245 220//245 572//245
f 572//246 220//246 219//246
f 572//247 219//247 573//247
f 573//248 219//248 574//248
f 574//249 219//249 218//249
f 574//250 218//250 575//250
f 575//251 218//251 576//251
f 576//252 218//252 197//252
f 576//253 197//253 577//253
f 577//254 197//254 578//254
f 578//255 197//255 195//255
f 578//256 195//256 579//256
f 579//257 195//257 580//257
f 580//258 195//258 194//258
f 580//259 194//259 581//259
f 581//260 194//260 582//260
f 582//261 194//261 240//261
f 582//262 240//262 583//262
f 583//263 240//263 584//263
f 584//264 240//264 253//264
f 584//265 253//265 585//265
f 585//266 253//266 586//266
f 586//267 253//267 252//267
f 586//268 252//268 587//268
f 587//269 252//269 588//269
f 588//270 252//270 215//270
f 588//271 215//271 589//271
f 589//272 215//272 557//272
f 589//272 557//272 590//272
f 31//273 562//273 33//273
f 33//273 562//273 216//273
f 33//274 216//274 35//274
f 35//275 216//275 212//275
f 35//276 212//276 36//276
f 36//277 212//277 38//277
f 38//278 212//278 211//278
f 38//279 211//279 39//279
f 39//280 211//280 41//280
f 41//281 211//281 233//281
f 41//282 233//282 42//282
f 42//283 233//283 44//283
f 44//284 233//284 231//284
f 44//285 231//285 45//285
f 45//286 231//286 47//286
f 47//287 231//287 229//287
f 47//288 229//288 48//288
f 48//289 229//289 50//289
f 50//290 229//290 228//290
f 50//291 228//291 51//291
f 51//292 228//292 53//292
f 53//293 228//293 210//293
f 53//294 210//294 54//294
f 54//295 210//295 56//295
f 56//296 210//296 209//296
f 56//297 209//297 57//297
f 57//298 209//298 59//298
f 59//299 209//299 207//299
f 59//300 207//300 60//300
f 60//301 207//301 62//301
f 62//302 207//302 206//302
f 62//303 206//303 63//303
f 63//304 206//304 65//304
f 65//305 206//305 202//305
f 65//306 202//306 66//306
f 66//307 202//307 67//307
f 67//308 202//308 201//308
f 67//309 201//309 24//309
f 24//310 201//310 550//310
f 24//310 550//310 25//310
f 591//64 592//64 593//64
f 592//64 591//64 22//64
f 22//64 591//64 594//64
f 22//64 594//64 21//64
f 21//64 594//64 28//64
f 21//64 28//64 30//64
f 595//64 596//64 597//64
f 30//64 32//64 21//64
f 21//64 32//64 34//64
f 21//64 34//64 37//64
f 598//64 596//64 593//64
f 593//64 596//64 599//64
f 593//64 599//64 591//64
f 37//64 40//64 21//64
f 21//64 40//64 43//64
f 21//64 43//64 46//64
f 46//311 49//311 21//311
f 21//312 49//312 52//312
f 21//64 52//64 19//64
f 597//64 596//64 600//64
f 19//64 52//64 17//64
f 17//311 52//311 55//311
f 17//312 55//312 58//312
f 598//64 601//64 596//64
f 596//64 601//64 602//64
f 596//311 602//311 603//311
f 604//313 605//313 606//313
f 58//65 61//65 17//65
f 17//311 61//311 64//311
f 17//64 64//64 23//64
f 603//64 607//64 596//64
f 596//64 607//64 608//64
f 596//64 608//64 600//64
f 595//64 597//64 606//64
f 606//64 597//64 609//64
f 606//66 609//66 604//66
f 22//314 610//314 592//314
f 592//315 610//315 611//315
f 592//316 611//316 593//316
f 593//317 611//317 564//317
f 593//318 564//318 598//318
f 598//319 564//319 565//319
f 598//320 565//320 601//320
f 596//321 612//321 599//321
f 599//322 612//322 613//322
f 599//323 613//323 591//323
f 591//324 613//324 594//324
f 595//325 589//325 596//325
f 596//326 589//326 590//326
f 596//327 590//327 612//327
f 565//328 566//328 601//328
f 601//329 566//329 567//329
f 601//330 567//330 602//330
f 567//331 568//331 602//331
f 602//332 568//332 569//332
f 602//333 569//333 603//333
f 569//334 570//334 603//334
f 603//335 570//335 571//335
f 603//336 571//336 607//336
f 571//337 572//337 607//337
f 607//338 572//338 573//338
f 607//339 573//339 608//339
f 573//340 574//340 608//340
f 608//341 574//341 575//341
f 608//342 575//342 600//342
f 575//343 576//343 600//343
f 600//344 576//344 577//344
f 600//345 577//345 597//345
f 577//346 578//346 597//346
f 597//347 578//347 579//347
f 597//348 579//348 609//348
f 579//349 580//349 609//349
f 609//350 580//350 581//350
f 609//351 581//351 604//351
f 581//352 582//352 604//352
f 604//353 582//353 583//353
f 604//354 583//354 605//354
f 583//355 584//355 605//355
f 605//356 584//356 585//356
f 605//357 585//357 606//357
f 585//358 586//358 606//358
f 606//359 586//359 587//359
f 606//360 587//360 595//360
f 595//361 587//361 588//361
f 595//362 588//362 589//362
f 555//64 554//64 550//64
f 550//64 549//64 555//64
f 555//64 549//64 553//64
f 555//64 553//64 551//64
f 551//64 553//64 552//64
f 564//59 611//59 554//59
f 554//59 611//59 610//59
f 554//59 610//59 614//59
f 25//59 550//59 18//59
f 18//59 550//59 554//59
f 18//59 554//59 20//59
f 20//59 554//59 614//59
f 556//64 561//64 559//64
f 562//64 557//64 563//64
f 563//64 557//64 556//64
f 563//64 556//64 558//64
f 558//64 556//64 559//64
f 31//3 29//3 562//3
f 562//3 29//3 27//3
f 562//3 27//3 615//3
f 590//3 557//3 612//3
f 612//3 557//3 562//3
f 612//3 562//3 613//3
f 613//3 562//3 615//3
f 104//229 616//229 143//229
f 143//228 616//228 617//228
f 143//228 617//228 136//228
f 136//363 617//363 618//363
f 136//363 618//363 87//363
f 87//364 618//364 619//364
f 87//364 619//364 88//364
f 88//365 619//365 620//365
f 88//365 620//365 90//365
f 90//366 620//366 621//366
f 90//366 621//366 114//366
f 114//367 621//367 622//367
f 114//367 622//367 115//367
f 115//368 622//368 623//368
f 115//368 623//368 116//368
f 116//369 623//369 624//369
f 116//369 624//369 124//369
f 124//370 624//370 625//370
f 124//370 625//370 125//370
f 125//371 625//371 626//371
f 125//371 626//371 126//371
f 126//372 626//372 627//372
f 126//372 627//372 91//372
f 91//373 627//373 628//373
f 91//373 628//373 92//373
f 92//374 628//374 629//374
f 92//374 629//374 93//374
f 93//375 629//375 630//375
f 93//375 630//375 94//375
f 94//224 630//224 631//224
f 94//224 631//224 117//224
f 117//223 631//223 632//223
f 117//223 632//223 118//223
f 118//222 632//222 633//222
f 118//222 633//222 634//222
f 634//221 633//221 635//221
f 634//221 635//221 106//221
f 106//220 635//220 636//220
f 106//220 636//220 107//220
f 107//376 636//376 637//376
f 107//376 637//376 108//376
f 108//377 637//377 638//377
f 108//377 638//377 109//377
f 109//378 638//378 639//378
f 109//378 639//378 95//378
f 95//379 639//379 640//379
f 95//379 640//379 96//379
f 96//380 640//380 641//380
f 96//380 641//380 98//380
f 98//381 641//381 642//381
f 98//381 642//381 99//381
f 99//382 642//382 643//382
f 99//382 643//382 130//382
f 130//383 643//383 644//383
f 130//383 644//383 131//383
f 131//384 644//384 645//384
f 131//384 645//384 133//384
f 133//385 645//385 646//385
f 133//385 646//385 100//385
f 100//386 646//386 647//386
f 100//386 647//386 101//386
f 101//387 647//387 648//387
f 101//387 648//387 102//387
f 102//388 648//388 649//388
f 102//388 649//388 72//388
f 72//232 649//232 650//232
f 72//232 650//232 73//232
f 73//231 650//231 651//231
f 73//231 651//231 103//231
f 103//230 651//230 652//230
f 103//230 652//230 104//230
f 104//229 652//229 616//229
f 653//229 654//229 655//229
f 655//228 654//228 656//228
f 655//228 656//228 657//228
f 657//363 656//363 658//363
f 657//363 658//363 659//363
f 659//364 658//364 660//364
f 659//364 660//364 661//364
f 661//365 660//365 662//365
f 661//365 662//365 663//365
f 663//366 662//366 664//366
f 663//366 664//366 665//366
f 665//367 664//367 666//367
f 665//367 666//367 667//367
f 667//368 666//368 668//368
f 667//368 668//368 669//368
f 669//369 668//369 670//369
f 669//369 670//369 671//369
f 671//370 670//370 672//370
f 671//370 672//370 673//370
f 673//371 672//371 674//371
f 673//371 674//371 675//371
f 675//372 674//372 676//372
f 675//372 676//372 677//372
f 677//373 676//373 678//373
f 677//373 678//373 679//373
f 679//374 678//374 680//374
f 679//374 680//374 681//374
f 681//389 680//389 682//389
f 681//389 682//389 683//389
f 683//224 682//224 684//224
f 683//224 684//224 685//224
f 685//223 684//223 686//223
f 685//223 686//223 687//223
f 687//222 686//222 688//222
f 687//222 688//222 689//222
f 689//221 688//221 690//221
f 689//221 690//221 691//221
f 691//220 690//220 692//220
f 691//220 692//220 693//220
f 693//376 692//376 694//376
f 693//376 694//376 695//376
f 695//390 694//390 696//390
f 695//390 696//390 697//390
f 697//378 696//378 698//378
f 697//378 698//378 699//378
f 699//379 698//379 700//379
f 699//379 700//379 701//379
f 701//380 700//380 702//380
f 701//380 702//380 703//380
f 703//381 702//381 704//381
f 703//381 704//381 705//381
f 705//382 704//382 706//382
f 705//382 706//382 707//382
f 707//383 706//383 708//383
f 707//383 708//383 709//383
f 709//384 708//384 710//384
f 709//384 710//384 711//384
f 711//385 710//385 712//385
f 711//385 712//385 713//385
f 713//386 712//386 714//386
f 713//386 714//386 715//386
f 715//387 714//387 716//387
f 715//387 716//387 717//387
f 717//388 716//388 718//388
f 717//388 718//388 719//388
f 719//232 718//232 720//232
f 719//232 720//232 721//232
f 721//231 720//231 722//231
f 721//231 722//231 723//231
f 723//230 722//230 724//230
f 723//230 724//230 653//230
f 653//229 724//229 654//229
f 626//64 725//64 627//64
f 627//64 725//64 726//64
f 627//64 726//64 628//64
f 628//64 726//64 727//64
f 628//64 727//64 629//64
f 629//64 727//64 728//64
f 629//64 728//64 630//64
f 630//64 728//64 729//64
f 630//64 729//64 631//64
f 631//64 729//64 730//64
f 631//64 730//64 632//64
f 632//64 730//64 731//64
f 632//64 731//64 633//64
f 633//64 731//64 732//64
f 633//311 732//311 635//311
f 635//64 732//64 733//64
f 635//64 733//64 636//64
f 636//64 733//64 734//64
f 636//64 734//64 637//64
f 637//64 734//64 735//64
f 637//64 735//64 638//64
f 638//64 735//64 736//64
f 638//64 736//64 639//64
f 639//64 736//64 737//64
f 639//64 737//64 640//64
f 640//64 737//64 738//64
f 640//64 738//64 641//64
f 641//64 738//64 739//64
f 641//64 739//64 642//64
f 642//64 739//64 740//64
f 642//64 740//64 643//64
f 643//64 740//64 741//64
f 643//64 741//64 644//64
f 644//64 741//64 742//64
f 644//64 742//64 645//64
f 645//64 742//64 743//64
f 645//64 743//64 646//64
f 646//64 743//64 744//64
f 646//64 744//64 647//64
f 647//64 744//64 745//64
f 647//64 745//64 648//64
f 648//64 745//64 746//64
f 648//64 746//64 649//64
f 649//64 746//64 747//64
f 649//64 747//64 650//64
f 650//64 747//64 748//64
f 650//64 748//64 651//64
f 651//64 748//64 749//64
f 651//64 749//64 652//64
f 652//64 749//64 750//64
f 652//64 750//64 616//64
f 616//64 750//64 751//64
f 616//64 751//64 617//64
f 617//64 751//64 752//64
f 617//64 752//64 618//64
f 618//64 752//64 753//64
f 618//64 753//64 619//64
f 619//64 753//64 754//64
f 619//64 754//64 620//64
f 620//64 754//64 755//64
f 620//64 755//64 621//64
f 621//64 755//64 756//64
f 621//64 756//64 622//64
f 622//64 756//64 757//64
f 622//64 757//64 623//64
f 623//64 757//64 758//64
f 623//64 758//64 624//64
f 624//64 758//64 759//64
f 624//64 759//64 625//64
f 625//64 759//64 760//64
f 625//64 760//64 626//64
f 626//64 760//64 725//64
f 706//179 761//179 708//179
f 708//391 761//391 762//391
f 708//391 762//391 710//391
f 710//392 762//392 763//392
f 710//393 763//393 712//393
f 712//394 763//394 764//394
f 712//395 764//395 714//395
f 714//396 764//396 765//396
f 714//397 765//397 716//397
f 716//398 765//398 766//398
f 716//398 766//398 718//398
f 718//399 766//399 767//399
f 718//399 767//399 720//399
f 720//400 767//400 768//400
f 720//400 768//400 722//400
f 722//401 768//401 769//401
f 722//402 769//402 770//402
f 770//403 769//403 771//403
f 770//404 771//404 654//404
f 654//405 771//405 772//405
f 654//406 772//406 656//406
f 656//407 772//407 773//407
f 656//407 773//407 658//407
f 658//408 773//408 774//408
f 658//408 774//408 660//408
f 660//409 774//409 775//409
f 660//410 775//410 662//410
f 662//411 775//411 776//411
f 662//412 776//412 664//412
f 664//413 776//413 777//413
f 664//414 777//414 666//414
f 666//415 777//415 778//415
f 666//416 778//416 668//416
f 668//417 778//417 779//417
f 668//418 779//418 670//418
f 670//419 779//419 780//419
f 670//420 780//420 672//420
f 672//421 780//421 781//421
f 672//422 781//422 674//422
f 674//423 781//423 782//423
f 674//423 782//423 676//423
f 676//424 782//424 783//424
f 676//424 783//424 678//424
f 678//425 783//425 784//425
f 678//426 784//426 680//426
f 680//427 784//427 785//427
f 680//428 785//428 682//428
f 682//429 785//429 786//429
f 682//430 786//430 684//430
f 684//431 786//431 787//431
f 684//432 787//432 686//432
f 686//433 787//433 788//433
f 686//434 788//434 789//434
f 789//435 788//435 790//435
f 789//436 790//436 690//436
f 690//437 790//437 791//437
f 690//438 791//438 692//438
f 692//439 791//439 792//439
f 692//440 792//440 694//440
f 694//441 792//441 793//441
f 694//442 793//442 696//442
f 696//443 793//443 794//443
f 696//444 794//444 698//444
f 698//445 794//445 795//445
f 698//445 795//445 700//445
f 700//446 795//446 796//446
f 700//446 796//446 702//446
f 702//447 796//447 797//447
f 702//448 797//448 704//448
f 704//449 797//449 798//449
f 704//450 798//450 706//450
f 706//178 798//178 761//178
f 671//451 758//451 669//451
f 669//452 758//452 757//452
f 669//453 757//453 667//453
f 667//454 757//454 756//454
f 667//455 756//455 665//455
f 665//456 756//456 755//456
f 665//457 755//457 663//457
f 663//458 755//458 754//458
f 663//459 754//459 661//459
f 661//460 754//460 753//460
f 661//460 753//460 659//460
f 659//461 753//461 752//461
f 659//461 752//461 657//461
f 657//462 752//462 751//462
f 657//462 751//462 655//462
f 655//463 751//463 799//463
f 655//464 799//464 800//464
f 800//465 799//465 749//465
f 800//466 749//466 723//466
f 723//467 749//467 748//467
f 723//468 748//468 721//468
f 721//469 748//469 747//469
f 721//469 747//469 719//469
f 719//470 747//470 746//470
f 719//471 746//471 717//471
f 717//472 746//472 745//472
f 717//473 745//473 715//473
f 715//474 745//474 744//474
f 715//475 744//475 713//475
f 713//476 744//476 743//476
f 713//477 743//477 711//477
f 711//478 743//478 742//478
f 711//478 742//478 709//478
f 709//148 742//148 741//148
f 709//148 741//148 707//148
f 707//479 741//479 740//479
f 707//480 740//480 705//480
f 705//481 740//481 739//481
f 705//481 739//481 703//481
f 703//482 739//482 738//482
f 703//483 738//483 701//483
f 701//484 738//484 737//484
f 701//485 737//485 699//485
f 699//486 737//486 736//486
f 699//487 736//487 697//487
f 697//488 736//488 735//488
f 697//489 735//489 695//489
f 695//490 735//490 734//490
f 695//491 734//491 693//491
f 693//492 734//492 733//492
f 693//493 733//493 691//493
f 691//494 733//494 801//494
f 691//495 801//495 802//495
f 802//496 801//496 731//496
f 802//497 731//497 687//497
f 687//498 731//498 730//498
f 687//499 730//499 685//499
f 685//500 730//500 729//500
f 685//501 729//501 683//501
f 683//502 729//502 728//502
f 683//503 728//503 681//503
f 681//504 728//504 727//504
f 681//505 727//505 679//505
f 679//506 727//506 726//506
f 679//507 726//507 677//507
f 677//508 726//508 725//508
f 677//509 725//509 675//509
f 675//510 725//510 760//510
f 675//510 760//510 673//510
f 673//511 760//511 759//511
f 673//512 759//512 671//512
f 671//513 759//513 758//513
f 803//514 804//514 805//514
f 805//228 804//228 806//228
f 805//228 806//228 807//228
f 807//363 806//363 808//363
f 807//363 808//363 809//363
f 809//515 808//515 810//515
f 809//515 810//515 811//515
f 811//365 810//365 812//365
f 811//365 812//365 813//365
f 813//366 812//366 814//366
f 813//366 814//366 815//366
f 815//367 814//367 816//367
f 815//367 816//367 817//367
f 817//368 816//368 818//368
f 817//368 818//368 819//368
f 819//369 818//369 820//369
f 819//369 820//369 821//369
f 821//370 820//370 822//370
f 821//370 822//370 823//370
f 823//371 822//371 824//371
f 823//371 824//371 825//371
f 825//372 824//372 826//372
f 825//372 826//372 827//372
f 827//516 826//516 828//516
f 827//516 828//516 829//516
f 829//374 828//374 830//374
f 829//374 830//374 831//374
f 831//375 830//375 832//375
f 831//375 832//375 833//375
f 833//224 832//224 834//224
f 833//224 834//224 835//224
f 835//223 834//223 836//223
f 835//223 836//223 837//223
f 837//222 836//222 838//222
f 837//222 838//222 839//222
f 839//221 838//221 840//221
f 839//221 840//221 841//221
f 841//220 840//220 842//220
f 841//220 842//220 843//220
f 843//376 842//376 844//376
f 843//376 844//376 845//376
f 845//377 844//377 846//377
f 845//377 846//377 847//377
f 847//378 846//378 848//378
f 847//378 848//378 849//378
f 849//517 848//517 850//517
f 849//517 850//517 851//517
f 851//380 850//380 852//380
f 851//380 852//380 853//380
f 853//381 852//381 854//381
f 853//381 854//381 855//381
f 855//382 854//382 856//382
f 855//382 856//382 857//382
f 857//383 856//383 858//383
f 857//383 858//383 859//383
f 859//384 858//384 860//384
f 859//384 860//384 861//384
f 861//385 860//385 862//385
f 861//385 862//385 863//385
f 863//386 862//386 864//386
f 863//386 864//386 865//386
f 865//387 864//387 866//387
f 865//387 866//387 867//387
f 867//518 866//518 868//518
f 867//518 868//518 869//518
f 869//232 868//232 870//232
f 869//232 870//232 871//232
f 871//231 870//231 872//231
f 871//231 872//231 873//231
f 873//519 872//519 874//519
f 873//519 874//519 803//519
f 803//514 874//514 804//514
f 778//64 819//64 779//64
f 779//64 819//64 821//64
f 779//64 821//64 780//64
f 780//65 821//65 823//65
f 780//66 823//66 781//66
f 781//64 823//64 825//64
f 781//64 825//64 782//64
f 782//64 825//64 827//64
f 782//312 827//312 783//312
f 783//64 827//64 829//64
f 783//312 829//312 784//312
f 784//311 829//311 831//311
f 784//64 831//64 785//64
f 785//64 831//64 833//64
f 785//64 833//64 786//64
f 786//64 833//64 835//64
f 786//64 835//64 787//64
f 787//64 835//64 837//64
f 787//64 837//64 875//64
f 875//64 837//64 876//64
f 875//64 876//64 790//64
f 790//64 876//64 841//64
f 790//311 841//311 791//311
f 791//64 841//64 843//64
f 791//64 843//64 792//64
f 792//312 843//312 845//312
f 792//312 845//312 793//312
f 793//311 845//311 847//311
f 793//64 847//64 794//64
f 794//64 847//64 849//64
f 794//64 849//64 795//64
f 795//64 849//64 851//64
f 795//64 851//64 796//64
f 796//64 851//64 853//64
f 796//65 853//65 797//65
f 797//64 853//64 855//64
f 797//66 855//66 798//66
f 798//64 855//64 857//64
f 798//64 857//64 761//64
f 761//64 857//64 859//64
f 761//65 859//65 762//65
f 762//64 859//64 861//64
f 762//64 861//64 763//64
f 763//64 861//64 863//64
f 763//64 863//64 764//64
f 764//64 863//64 865//64
f 764//64 865//64 765//64
f 765//64 865//64 867//64
f 765//64 867//64 766//64
f 766//64 867//64 869//64
f 766//64 869//64 767//64
f 767//64 869//64 871//64
f 767//64 871//64 768//64
f 768//64 871//64 873//64
f 768//64 873//64 877//64
f 877//64 873//64 803//64
f 877//64 803//64 771//64
f 771//64 803//64 805//64
f 771//64 805//64 772//64
f 772//64 805//64 807//64
f 772//64 807//64 773//64
f 773//311 807//311 809//311
f 773//311 809//311 774//311
f 774//312 809//312 811//312
f 774//64 811//64 775//64
f 775//64 811//64 813//64
f 775//64 813//64 776//64
f 776//64 813//64 815//64
f 776//64 815//64 777//64
f 777//64 815//64 817//64
f 777//64 817//64 778//64
f 778//66 817//66 819//66
f 878//64 3//64 16//64
f 16//64 3//64 4//64
f 879//64 872//64 880//64
f 880//64 872//64 870//64
f 880//64 870//64 868//64
f 868//64 866//64 880//64
f 880//64 866//64 864//64
f 880//64 864//64 4//64
f 842//64 840//64 15//64
f 15//64 840//64 838//64
f 838//64 836//64 15//64
f 15//64 836//64 834//64
f 15//64 834//64 832//64
f 864//64 862//64 4//64
f 4//64 862//64 860//64
f 4//64 860//64 858//64
f 858//64 856//64 4//64
f 4//64 856//64 854//64
f 4//64 854//64 16//64
f 16//64 854//64 852//64
f 16//64 852//64 850//64
f 850//64 848//64 16//64
f 16//64 848//64 846//64
f 16//64 846//64 15//64
f 15//312 846//312 844//312
f 15//64 844//64 842//64
f 832//64 830//64 15//64
f 15//64 830//64 828//64
f 15//64 828//64 826//64
f 804//64 879//64 881//64
f 820//64 818//64 5//64
f 826//64 824//64 15//64
f 15//64 824//64 822//64
f 15//312 822//312 820//312
f 820//64 5//64 15//64
f 15//64 5//64 7//64
f 15//64 7//64 882//64
f 818//64 816//64 5//64
f 5//64 816//64 814//64
f 5//64 814//64 881//64
f 881//64 814//64 812//64
f 881//64 812//64 810//64
f 810//64 808//64 881//64
f 881//64 808//64 806//64
f 881//64 806//64 804//64
f 10//1 9//1 883//1
f 883//1 9//1 76//1
f 884//59 883//59 76//59
f 1//59 3//59 8//59
f 8//520 3//520 878//520
f 78//59 885//59 886//59
f 7//59 8//59 882//59
f 882//59 8//59 878//59
f 882//59 878//59 886//59
f 886//59 878//59 884//59
f 886//59 884//59 78//59
f 78//59 884//59 76//59
f 885//2 78//2 13//2
f 13//2 78//2 11//2
f 880//3 887//3 888//3
f 888//3 887//3 889//3
f 888//3 889//3 881//3
f 1//54 8//54 2//54
f 2//54 8//54 6//54
f 2//54 6//54 887//54
f 887//54 6//54 889//54
f 880//521 4//521 887//521
f 887//521 4//521 2//521
f 5//522 881//522 6//522
f 6//522 881//522 889//522
f 69//230 68//230 890//230
f 69//230 890//230 891//230
f 891//231 890//231 892//231
f 891//231 892//231 893//231
f 893//232 892//232 894//232
f 893//232 894//232 895//232
f 895//518 894//518 896//518
f 895//518 896//518 897//518
f 897//387 896//387 898//387
f 897//387 898//387 899//387
f 899//386 898//386 900//386
f 899//386 900//386 901//386
f 901//385 900//385 902//385
f 901//385 902//385 903//385
f 903//384 902//384 904//384
f 903//384 904//384 905//384
f 905//383 904//383 345//383
f 905//523 345//523 344//523
f 352//524 353//524 906//524
f 352//369 906//369 907//369
f 907//368 906//368 908//368
f 907//368 908//368 909//368
f 909//367 908//367 910//367
f 909//367 910//367 911//367
f 911//366 910//366 912//366
f 911//366 912//366 913//366
f 913//365 912//365 914//365
f 913//365 914//365 915//365
f 915//515 914//515 916//515
f 915//515 916//515 917//515
f 917//363 916//363 918//363
f 917//363 918//363 919//363
f 919//228 918//228 920//228
f 919//228 920//228 921//228
f 921//229 920//229 70//229
f 921//229 70//229 71//229
f 348//230 349//230 922//230
f 348//230 922//230 923//230
f 923//525 922//525 924//525
f 923//525 924//525 925//525
f 925//232 924//232 926//232
f 925//232 926//232 927//232
f 927//518 926//518 928//518
f 927//518 928//518 929//518
f 929//387 928//387 930//387
f 929//387 930//387 931//387
f 931//526 930//526 932//526
f 931//526 932//526 933//526
f 933//385 932//385 934//385
f 933//385 934//385 935//385
f 935//384 934//384 936//384
f 935//384 936//384 937//384
f 937//523 936//523 322//523
f 937//383 322//383 333//383
f 355//229 354//229 938//229
f 355//229 938//229 939//229
f 939//527 938//527 940//527
f 939//527 940//527 941//527
f 941//363 940//363 942//363
f 941//363 942//363 943//363
f 943//515 942//515 944//515
f 943//515 944//515 945//515
f 945//365 944//365 946//365
f 945//365 946//365 947//365
f 947//528 946//528 948//528
f 947//528 948//528 949//528
f 949//367 948//367 950//367
f 949//367 950//367 951//367
f 951//368 950//368 952//368
f 951//368 952//368 953//368
f 953//524 952//524 282//524
f 953//369 282//369 268//369
f 81//529 80//529 954//529
f 81//530 954//530 955//530
f 955//531 954//531 956//531
f 955//531 956//531 957//531
f 957//532 956//532 958//532
f 957//533 958//533 959//533
f 959//534 958//534 960//534
f 959//535 960//535 961//535
f 961//536 960//536 962//536
f 961//537 962//537 963//537
f 963//538 962//538 964//538
f 963//538 964//538 965//538
f 965//539 964//539 966//539
f 965//540 966//540 967//540
f 967//541 966//541 968//541
f 967//541 968//541 969//541
f 969//542 968//542 273//542
f 969//542 273//542 282//542
f 282//543 952//543 969//543
f 969//543 952//543 970//543
f 969//544 970//544 967//544
f 967//544 970//544 971//544
f 967//545 971//545 965//545
f 965//546 971//546 972//546
f 965//547 972//547 963//547
f 963//548 972//548 973//548
f 963//549 973//549 961//549
f 961//550 973//550 974//550
f 961//551 974//551 959//551
f 959//552 974//552 975//552
f 959//553 975//553 957//553
f 957//554 975//554 976//554
f 957//555 976//555 955//555
f 955//556 976//556 977//556
f 955//557 977//557 81//557
f 81//558 977//558 82//558
f 952//559 950//559 970//559
f 970//560 950//560 978//560
f 970//561 978//561 971//561
f 971//562 978//562 979//562
f 971//563 979//563 972//563
f 972//564 979//564 980//564
f 972//565 980//565 973//565
f 973//566 980//566 981//566
f 973//567 981//567 974//567
f 974//567 981//567 982//567
f 974//568 982//568 975//568
f 975//569 982//569 983//569
f 975//570 983//570 976//570
f 976//571 983//571 984//571
f 976//572 984//572 977//572
f 977//573 984//573 985//573
f 977//574 985//574 82//574
f 82//574 985//574 110//574
f 950//575 948//575 978//575
f 978//576 948//576 986//576
f 978//577 986//577 979//577
f 979//578 986//578 987//578
f 979//579 987//579 980//579
f 980//580 987//580 988//580
f 980//581 988//581 981//581
f 981//582 988//582 989//582
f 981//583 989//583 982//583
f 982//414 989//414 990//414
f 982//584 990//584 983//584
f 983//585 990//585 991//585
f 983//586 991//586 984//586
f 984//587 991//587 992//587
f 984//588 992//588 985//588
f 985//589 992//589 993//589
f 985//590 993//590 110//590
f 110//591 993//591 111//591
f 948//592 946//592 986//592
f 986//593 946//593 994//593
f 986//594 994//594 987//594
f 987//595 994//595 995//595
f 987//596 995//596 988//596
f 988//597 995//597 996//597
f 988//598 996//598 989//598
f 989//599 996//599 997//599
f 989//600 997//600 990//600
f 990//601 997//601 998//601
f 990//602 998//602 991//602
f 991//603 998//603 999//603
f 991//604 999//604 992//604
f 992//605 999//605 1000//605
f 992//606 1000//606 993//606
f 993//607 1000//607 1001//607
f 993//608 1001//608 111//608
f 111//609 1001//609 83//609
f 946//610 944//610 994//610
f 994//611 944//611 1002//611
f 994//612 1002//612 995//612
f 995//613 1002//613 1003//613
f 995//614 1003//614 996//614
f 996//615 1003//615 1004//615
f 996//616 1004//616 997//616
f 997//617 1004//617 1005//617
f 997//409 1005//409 998//409
f 998//618 1005//618 1006//618
f 998//619 1006//619 999//619
f 999//620 1006//620 1007//620
f 999//621 1007//621 1000//621
f 1000//622 1007//622 1008//622
f 1000//623 1008//623 1001//623
f 1001//624 1008//624 1009//624
f 1001//625 1009//625 83//625
f 83//626 1009//626 84//626
f 944//627 942//627 1002//627
f 1002//628 942//628 1010//628
f 1002//629 1010//629 1003//629
f 1003//630 1010//630 1011//630
f 1003//631 1011//631 1004//631
f 1004//632 1011//632 1012//632
f 1004//633 1012//633 1005//633
f 1005//634 1012//634 1013//634
f 1005//635 1013//635 1006//635
f 1006//408 1013//408 1014//408
f 1006//636 1014//636 1007//636
f 1007//637 1014//637 1015//637
f 1007//638 1015//638 1008//638
f 1008//639 1015//639 1016//639
f 1008//640 1016//640 1009//640
f 1009//641 1016//641 1017//641
f 1009//642 1017//642 84//642
f 84//643 1017//643 85//643
f 942//644 940//644 1010//644
f 1010//645 940//645 1018//645
f 1010//646 1018//646 1011//646
f 1011//647 1018//647 1019//647
f 1011//648 1019//648 1012//648
f 1012//649 1019//649 1020//649
f 1012//650 1020//650 1013//650
f 1013//651 1020//651 1021//651
f 1013//652 1021//652 1014//652
f 1014//653 1021//653 1022//653
f 1014//654 1022//654 1015//654
f 1015//655 1022//655 1023//655
f 1015//656 1023//656 1016//656
f 1016//657 1023//657 1024//657
f 1016//658 1024//658 1017//658
f 1017//659 1024//659 1025//659
f 1017//660 1025//660 85//660
f 85//661 1025//661 86//661
f 940//662 938//662 1018//662
f 1018//663 938//663 1026//663
f 1018//664 1026//664 1019//664
f 1019//665 1026//665 1027//665
f 1019//666 1027//666 1020//666
f 1020//667 1027//667 1028//667
f 1020//668 1028//668 1021//668
f 1021//669 1028//669 1029//669
f 1021//670 1029//670 1022//670
f 1022//671 1029//671 1030//671
f 1022//672 1030//672 1023//672
f 1023//673 1030//673 1031//673
f 1023//674 1031//674 1024//674
f 1024//675 1031//675 1032//675
f 1024//676 1032//676 1025//676
f 1025//677 1032//677 1033//677
f 1025//678 1033//678 86//678
f 86//679 1033//679 112//679
f 938//680 354//680 1026//680
f 1026//681 354//681 1034//681
f 1026//682 1034//682 1027//682
f 1027//683 1034//683 1035//683
f 1027//684 1035//684 1028//684
f 1028//685 1035//685 1036//685
f 1028//686 1036//686 1029//686
f 1029//687 1036//687 1037//687
f 1029//688 1037//688 1030//688
f 1030//689 1037//689 1038//689
f 1030//690 1038//690 1031//690
f 1031//691 1038//691 1039//691
f 1031//692 1039//692 1032//692
f 1032//693 1039//693 1040//693
f 1032//694 1040//694 1033//694
f 1033//695 1040//695 1041//695
f 1033//696 1041//696 112//696
f 112//697 1041//697 113//697
f 89//67 113//67 1041//67
f 89//67 1041//67 1042//67
f 1042//68 1041//68 1040//68
f 1042//698 1040//698 1043//698
f 1043//699 1040//699 1039//699
f 1043//69 1039//69 1044//69
f 1044//700 1039//700 1038//700
f 1044//701 1038//701 1045//701
f 1045//71 1038//71 1037//71
f 1045//702 1037//702 1046//702
f 1036//143 1035//143 1047//143
f 1047//703 1048//703 1036//703
f 1036//704 1048//704 1049//704
f 1036//122 1049//122 1037//122
f 1037//705 1049//705 1050//705
f 1037//706 1050//706 1046//706
f 1034//77 354//77 350//77
f 350//707 1051//707 1034//707
f 1034//708 1051//708 1052//708
f 1034//709 1052//709 1035//709
f 1035//710 1052//710 1053//710
f 1035//711 1053//711 1047//711
f 350//712 352//712 1051//712
f 1051//713 352//713 1054//713
f 1051//714 1054//714 1052//714
f 1052//715 1054//715 1053//715
f 1053//716 1054//716 1055//716
f 1053//717 1055//717 1047//717
f 1047//718 1055//718 1048//718
f 1048//719 1055//719 1056//719
f 1048//720 1056//720 1049//720
f 1049//721 1056//721 1050//721
f 1050//722 1056//722 1057//722
f 1050//723 1057//723 1046//723
f 1046//537 1057//537 1058//537
f 1046//536 1058//536 1045//536
f 1045//724 1058//724 1059//724
f 1045//534 1059//534 1044//534
f 1044//532 1059//532 1060//532
f 1044//725 1060//725 1043//725
f 1043//531 1060//531 1061//531
f 1043//726 1061//726 1042//726
f 1042//727 1061//727 137//727
f 1042//530 137//530 89//530
f 352//543 907//543 1054//543
f 1054//543 907//543 1062//543
f 1054//728 1062//728 1055//728
f 1055//728 1062//728 1063//728
f 1055//546 1063//546 1056//546
f 1056//545 1063//545 1064//545
f 1056//729 1064//729 1057//729
f 1057//729 1064//729 1065//729
f 1057//730 1065//730 1058//730
f 1058//731 1065//731 1066//731
f 1058//732 1066//732 1059//732
f 1059//552 1066//552 1067//552
f 1059//733 1067//733 1060//733
f 1060//734 1067//734 1068//734
f 1060//735 1068//735 1061//735
f 1061//736 1068//736 1069//736
f 1061//558 1069//558 137//558
f 137//558 1069//558 138//558
f 907//737 909//737 1062//737
f 1062//738 909//738 1070//738
f 1062//739 1070//739 1063//739
f 1063//740 1070//740 1071//740
f 1063//741 1071//741 1064//741
f 1064//742 1071//742 1072//742
f 1064//743 1072//743 1065//743
f 1065//566 1072//566 1073//566
f 1065//744 1073//744 1066//744
f 1066//744 1073//744 1074//744
f 1066//745 1074//745 1067//745
f 1067//746 1074//746 1075//746
f 1067//747 1075//747 1068//747
f 1068//748 1075//748 1076//748
f 1068//749 1076//749 1069//749
f 1069//572 1076//572 1077//572
f 1069//750 1077//750 138//750
f 138//751 1077//751 152//751
f 909//752 911//752 1070//752
f 1070//753 911//753 1078//753
f 1070//754 1078//754 1071//754
f 1071//578 1078//578 1079//578
f 1071//755 1079//755 1072//755
f 1072//756 1079//756 1080//756
f 1072//757 1080//757 1073//757
f 1073//758 1080//758 1081//758
f 1073//759 1081//759 1074//759
f 1074//413 1081//413 1082//413
f 1074//760 1082//760 1075//760
f 1075//761 1082//761 1083//761
f 1075//762 1083//762 1076//762
f 1076//587 1083//587 1084//587
f 1076//763 1084//763 1077//763
f 1077//589 1084//589 1085//589
f 1077//764 1085//764 152//764
f 152//590 1085//590 153//590
f 911//765 913//765 1078//765
f 1078//766 913//766 1086//766
f 1078//767 1086//767 1079//767
f 1079//768 1086//768 1087//768
f 1079//769 1087//769 1080//769
f 1080//770 1087//770 1088//770
f 1080//598 1088//598 1081//598
f 1081//771 1088//771 1089//771
f 1081//600 1089//600 1082//600
f 1082//601 1089//601 1090//601
f 1082//772 1090//772 1083//772
f 1083//773 1090//773 1091//773
f 1083//604 1091//604 1084//604
f 1084//774 1091//774 1092//774
f 1084//775 1092//775 1085//775
f 1085//606 1092//606 1093//606
f 1085//776 1093//776 153//776
f 153//776 1093//776 139//776
f 913//777 915//777 1086//777
f 1086//778 915//778 1094//778
f 1086//779 1094//779 1087//779
f 1087//612 1094//612 1095//612
f 1087//780 1095//780 1088//780
f 1088//615 1095//615 1096//615
f 1088//781 1096//781 1089//781
f 1089//782 1096//782 1097//782
f 1089//783 1097//783 1090//783
f 1090//409 1097//409 1098//409
f 1090//784 1098//784 1091//784
f 1091//785 1098//785 1099//785
f 1091//786 1099//786 1092//786
f 1092//787 1099//787 1100//787
f 1092//788 1100//788 1093//788
f 1093//623 1100//623 1101//623
f 1093//789 1101//789 139//789
f 139//626 1101//626 140//626
f 915//790 917//790 1094//790
f 1094//791 917//791 1102//791
f 1094//792 1102//792 1095//792
f 1095//793 1102//793 1103//793
f 1095//794 1103//794 1096//794
f 1096//795 1103//795 1104//795
f 1096//796 1104//796 1097//796
f 1097//797 1104//797 1105//797
f 1097//798 1105//798 1098//798
f 1098//799 1105//799 1106//799
f 1098//637 1106//637 1099//637
f 1099//800 1106//800 1107//800
f 1099//638 1107//638 1100//638
f 1100//801 1107//801 1108//801
f 1100//640 1108//640 1101//640
f 1101//802 1108//802 1109//802
f 1101//803 1109//803 140//803
f 140//804 1109//804 141//804
f 917//805 919//805 1102//805
f 1102//806 919//806 1110//806
f 1102//807 1110//807 1103//807
f 1103//808 1110//808 1111//808
f 1103//809 1111//809 1104//809
f 1104//810 1111//810 1112//810
f 1104//811 1112//811 1105//811
f 1105//812 1112//812 1113//812
f 1105//813 1113//813 1106//813
f 1106//814 1113//814 1114//814
f 1106//655 1114//655 1107//655
f 1107//815 1114//815 1115//815
f 1107//816 1115//816 1108//816
f 1108//817 1115//817 1116//817
f 1108//818 1116//818 1109//818
f 1109//819 1116//819 1117//819
f 1109//820 1117//820 141//820
f 141//820 1117//820 142//820
f 919//821 921//821 1110//821
f 1110//822 921//822 1118//822
f 1110//823 1118//823 1111//823
f 1111//824 1118//824 1119//824
f 1111//825 1119//825 1112//825
f 1112//826 1119//826 1120//826
f 1112//827 1120//827 1113//827
f 1113//828 1120//828 1121//828
f 1113//829 1121//829 1114//829
f 1114//830 1121//830 1122//830
f 1114//831 1122//831 1115//831
f 1115//832 1122//832 1123//832
f 1115//833 1123//833 1116//833
f 1116//834 1123//834 1124//834
f 1116//835 1124//835 1117//835
f 1117//836 1124//836 1125//836
f 1117//837 1125//837 142//837
f 142//838 1125//838 144//838
f 921//839 71//839 1118//839
f 1118//840 71//840 1126//840
f 1118//841 1126//841 1119//841
f 1119//842 1126//842 1127//842
f 1119//843 1127//843 1120//843
f 1120//685 1127//685 1128//685
f 1120//844 1128//844 1121//844
f 1121//844 1128//844 1129//844
f 1121//845 1129//845 1122//845
f 1122//846 1129//846 1130//846
f 1122//847 1130//847 1123//847
f 1123//848 1130//848 1131//848
f 1123//849 1131//849 1124//849
f 1124//850 1131//850 1132//850
f 1124//851 1132//851 1125//851
f 1125//852 1132//852 1133//852
f 1125//853 1133//853 144//853
f 144//697 1133//697 105//697
f 71//854 69//854 1134//854
f 71//120 1134//120 1126//120
f 1126//855 1134//855 1135//855
f 1126//856 1135//856 1127//856
f 1127//74 1135//74 1136//74
f 1127//74 1136//74 1128//74
f 1128//122 1136//122 1137//122
f 1128//122 1137//122 1129//122
f 1129//857 1137//857 1138//857
f 1129//71 1138//71 1130//71
f 1130//858 1138//858 1139//858
f 1130//700 1139//700 1131//700
f 1131//699 1139//699 1140//699
f 1131//69 1140//69 1132//69
f 1132//68 1140//68 1141//68
f 1132//859 1141//859 1133//859
f 1133//67 1141//67 74//67
f 1133//126 74//126 105//126
f 69//860 891//860 1134//860
f 1134//861 891//861 1142//861
f 1134//862 1142//862 1135//862
f 1135//863 1142//863 1143//863
f 1135//864 1143//864 1136//864
f 1136//865 1143//865 1144//865
f 1136//866 1144//866 1137//866
f 1137//866 1144//866 1145//866
f 1137//867 1145//867 1138//867
f 1138//868 1145//868 1146//868
f 1138//869 1146//869 1139//869
f 1139//870 1146//870 1147//870
f 1139//871 1147//871 1140//871
f 1140//872 1147//872 1148//872
f 1140//873 1148//873 1141//873
f 1141//874 1148//874 1149//874
f 1141//875 1149//875 74//875
f 74//876 1149//876 120//876
f 891//877 893//877 1142//877
f 1142//878 893//878 1150//878
f 1142//879 1150//879 1143//879
f 1143//880 1150//880 1151//880
f 1143//881 1151//881 1144//881
f 1144//882 1151//882 1152//882
f 1144//883 1152//883 1145//883
f 1145//884 1152//884 1153//884
f 1145//885 1153//885 1146//885
f 1146//886 1153//886 1154//886
f 1146//887 1154//887 1147//887
f 1147//888 1154//888 1155//888
f 1147//889 1155//889 1148//889
f 1148//890 1155//890 1156//890
f 1148//891 1156//891 1149//891
f 1149//891 1156//891 1157//891
f 1149//892 1157//892 120//892
f 120//893 1157//893 121//893
f 893//894 895//894 1150//894
f 1150//895 895//895 1158//895
f 1150//896 1158//896 1151//896
f 1151//897 1158//897 1159//897
f 1151//898 1159//898 1152//898
f 1152//899 1159//899 1160//899
f 1152//900 1160//900 1153//900
f 1153//901 1160//901 1161//901
f 1153//902 1161//902 1154//902
f 1154//903 1161//903 1162//903
f 1154//904 1162//904 1155//904
f 1155//905 1162//905 1163//905
f 1155//906 1163//906 1156//906
f 1156//907 1163//907 1164//907
f 1156//908 1164//908 1157//908
f 1157//909 1164//909 1165//909
f 1157//910 1165//910 121//910
f 121//911 1165//911 122//911
f 895//912 897//912 1158//912
f 1158//913 897//913 1166//913
f 1158//914 1166//914 1159//914
f 1159//915 1166//915 1167//915
f 1159//916 1167//916 1160//916
f 1160//917 1167//917 1168//917
f 1160//918 1168//918 1161//918
f 1161//919 1168//919 1169//919
f 1161//920 1169//920 1162//920
f 1162//398 1169//398 1170//398
f 1162//921 1170//921 1163//921
f 1163//922 1170//922 1171//922
f 1163//923 1171//923 1164//923
f 1164//924 1171//924 1172//924
f 1164//925 1172//925 1165//925
f 1165//926 1172//926 1173//926
f 1165//927 1173//927 122//927
f 122//927 1173//927 127//927
f 897//928 899//928 1166//928
f 1166//928 899//928 1174//928
f 1166//929 1174//929 1167//929
f 1167//930 1174//930 1175//930
f 1167//931 1175//931 1168//931
f 1168//932 1175//932 1176//932
f 1168//933 1176//933 1169//933
f 1169//934 1176//934 1177//934
f 1169//935 1177//935 1170//935
f 1170//396 1177//396 1178//396
f 1170//936 1178//936 1171//936
f 1171//937 1178//937 1179//937
f 1171//938 1179//938 1172//938
f 1172//939 1179//939 1180//939
f 1172//940 1180//940 1173//940
f 1173//940 1180//940 1181//940
f 1173//941 1181//941 127//941
f 127//942 1181//942 128//942
f 899//943 901//943 1174//943
f 1174//944 901//944 1182//944
f 1174//945 1182//945 1175//945
f 1175//946 1182//946 1183//946
f 1175//947 1183//947 1176//947
f 1176//948 1183//948 1184//948
f 1176//949 1184//949 1177//949
f 1177//950 1184//950 1185//950
f 1177//951 1185//951 1178//951
f 1178//952 1185//952 1186//952
f 1178//953 1186//953 1179//953
f 1179//954 1186//954 1187//954
f 1179//955 1187//955 1180//955
f 1180//956 1187//956 1188//956
f 1180//957 1188//957 1181//957
f 1181//958 1188//958 1189//958
f 1181//959 1189//959 128//959
f 128//959 1189//959 129//959
f 901//960 903//960 1182//960
f 1182//961 903//961 1190//961
f 1182//962 1190//962 1183//962
f 1183//963 1190//963 1191//963
f 1183//964 1191//964 1184//964
f 1184//965 1191//965 1192//965
f 1184//966 1192//966 1185//966
f 1185//967 1192//967 1193//967
f 1185//968 1193//968 1186//968
f 1186//969 1193//969 1194//969
f 1186//970 1194//970 1187//970
f 1187//971 1194//971 1195//971
f 1187//972 1195//972 1188//972
f 1188//972 1195//972 1196//972
f 1188//973 1196//973 1189//973
f 1189//974 1196//974 1197//974
f 1189//975 1197//975 129//975
f 129//975 1197//975 135//975
f 903//976 905//976 1190//976
f 1190//977 905//977 1198//977
f 1190//978 1198//978 1191//978
f 1191//979 1198//979 1199//979
f 1191//980 1199//980 1192//980
f 1192//981 1199//981 1200//981
f 1192//982 1200//982 1193//982
f 1193//983 1200//983 1201//983
f 1193//984 1201//984 1194//984
f 1194//985 1201//985 1202//985
f 1194//986 1202//986 1195//986
f 1195//987 1202//987 1203//987
f 1195//988 1203//988 1196//988
f 1196//989 1203//989 1204//989
f 1196//990 1204//990 1197//990
f 1197//990 1204//990 1205//990
f 1197//991 1205//991 135//991
f 135//992 1205//992 134//992
f 905//993 344//993 1198//993
f 1198//993 344//993 1206//993
f 1198//994 1206//994 1199//994
f 1199//995 1206//995 1207//995
f 1199//996 1207//996 1200//996
f 1200//997 1207//997 1208//997
f 1200//998 1208//998 1201//998
f 1201//999 1208//999 1209//999
f 1201//1000 1209//1000 1202//1000
f 1202//178 1209//178 1210//178
f 1202//1001 1210//1001 1203//1001
f 1203//1002 1210//1002 1211//1002
f 1203//1003 1211//1003 1204//1003
f 1204//1004 1211//1004 1212//1004
f 1204//1005 1212//1005 1205//1005
f 1205//1006 1212//1006 1213//1006
f 1205//1007 1213//1007 134//1007
f 134//1007 1213//1007 132//1007
f 75//1008 151//1008 1214//1008
f 75//1009 1214//1009 1215//1009
f 1215//1010 1214//1010 1216//1010
f 1215//1010 1216//1010 1217//1010
f 1217//1011 1216//1011 1218//1011
f 1217//1012 1218//1012 1219//1012
f 1219//1013 1218//1013 1220//1013
f 1219//1014 1220//1014 1221//1014
f 1221//1015 1220//1015 1222//1015
f 1221//1016 1222//1016 1223//1016
f 1223//1017 1222//1017 1224//1017
f 1223//1017 1224//1017 1225//1017
f 1225//1018 1224//1018 1226//1018
f 1225//1019 1226//1019 1227//1019
f 1227//1020 1226//1020 1228//1020
f 1227//1020 1228//1020 1229//1020
f 1229//1021 1228//1021 333//1021
f 1229//1021 333//1021 306//1021
f 97//1009 132//1009 1213//1009
f 97//1022 1213//1022 1230//1022
f 1230//1023 1213//1023 1212//1023
f 1230//1010 1212//1010 1231//1010
f 1231//1024 1212//1024 1211//1024
f 1231//1011 1211//1011 1232//1011
f 1232//1013 1211//1013 1210//1013
f 1232//1025 1210//1025 1233//1025
f 1233//1015 1210//1015 1209//1015
f 1233//1016 1209//1016 1234//1016
f 1208//1026 1207//1026 1235//1026
f 1235//1027 1236//1027 1208//1027
f 1208//1028 1236//1028 1237//1028
f 1208//1029 1237//1029 1209//1029
f 1209//1030 1237//1030 1238//1030
f 1209//1031 1238//1031 1234//1031
f 1206//1021 344//1021 346//1021
f 346//1032 1239//1032 1206//1032
f 1206//1033 1239//1033 1240//1033
f 1206//1020 1240//1020 1207//1020
f 1207//1034 1240//1034 1241//1034
f 1207//1035 1241//1035 1235//1035
f 348//1036 923//1036 1242//1036
f 1242//861 923//861 1243//861
f 1242//1037 1243//1037 1244//1037
f 1244//1038 1243//1038 1245//1038
f 1244//1039 1245//1039 1246//1039
f 1246//1040 1245//1040 1247//1040
f 1246//1041 1247//1041 1248//1041
f 1248//1042 1247//1042 1249//1042
f 1248//867 1249//867 1250//867
f 1250//1043 1249//1043 1251//1043
f 1250//1044 1251//1044 1252//1044
f 1252//1045 1251//1045 1253//1045
f 1252//872 1253//872 1254//872
f 1254//1046 1253//1046 1255//1046
f 1254//1047 1255//1047 1256//1047
f 1256//1048 1255//1048 1257//1048
f 1256//1049 1257//1049 123//1049
f 123//1050 1257//1050 145//1050
f 923//1051 925//1051 1243//1051
f 1243//878 925//878 1258//878
f 1243//1052 1258//1052 1245//1052
f 1245//1053 1258//1053 1259//1053
f 1245//1054 1259//1054 1247//1054
f 1247//1055 1259//1055 1260//1055
f 1247//1056 1260//1056 1249//1056
f 1249//1057 1260//1057 1261//1057
f 1249//1058 1261//1058 1251//1058
f 1251//1059 1261//1059 1262//1059
f 1251//1060 1262//1060 1253//1060
f 1253//1061 1262//1061 1263//1061
f 1253//1062 1263//1062 1255//1062
f 1255//1063 1263//1063 1264//1063
f 1255//1064 1264//1064 1257//1064
f 1257//1065 1264//1065 1265//1065
f 1257//1066 1265//1066 145//1066
f 145//1067 1265//1067 146//1067
f 925//1068 927//1068 1258//1068
f 1258//1069 927//1069 1266//1069
f 1258//1070 1266//1070 1259//1070
f 1259//1071 1266//1071 1267//1071
f 1259//1072 1267//1072 1260//1072
f 1260//1073 1267//1073 1268//1073
f 1260//1074 1268//1074 1261//1074
f 1261//1075 1268//1075 1269//1075
f 1261//1076 1269//1076 1262//1076
f 1262//903 1269//903 1270//903
f 1262//1077 1270//1077 1263//1077
f 1263//1078 1270//1078 1271//1078
f 1263//1079 1271//1079 1264//1079
f 1264//1080 1271//1080 1272//1080
f 1264//1081 1272//1081 1265//1081
f 1265//1082 1272//1082 1273//1082
f 1265//911 1273//911 146//911
f 146//1083 1273//1083 147//1083
f 927//1084 929//1084 1266//1084
f 1266//1085 929//1085 1274//1085
f 1266//1086 1274//1086 1267//1086
f 1267//1087 1274//1087 1275//1087
f 1267//1088 1275//1088 1268//1088
f 1268//1089 1275//1089 1276//1089
f 1268//1090 1276//1090 1269//1090
f 1269//919 1276//919 1277//919
f 1269//1091 1277//1091 1270//1091
f 1270//1092 1277//1092 1278//1092
f 1270//1093 1278//1093 1271//1093
f 1271//1094 1278//1094 1279//1094
f 1271//923 1279//923 1272//923
f 1272//1095 1279//1095 1280//1095
f 1272//1096 1280//1096 1273//1096
f 1273//926 1280//926 1281//926
f 1273//1097 1281//1097 147//1097
f 147//1098 1281//1098 148//1098
f 929//1099 931//1099 1274//1099
f 1274//1100 931//1100 1282//1100
f 1274//1101 1282//1101 1275//1101
f 1275//1102 1282//1102 1283//1102
f 1275//1103 1283//1103 1276//1103
f 1276//931 1283//931 1284//931
f 1276//1104 1284//1104 1277//1104
f 1277//1105 1284//1105 1285//1105
f 1277//1106 1285//1106 1278//1106
f 1278//397 1285//397 1286//397
f 1278//1107 1286//1107 1279//1107
f 1279//937 1286//937 1287//937
f 1279//1108 1287//1108 1280//1108
f 1280//938 1287//938 1288//938
f 1280//1109 1288//1109 1281//1109
f 1281//1110 1288//1110 1289//1110
f 1281//1111 1289//1111 148//1111
f 148//1112 1289//1112 154//1112
f 931//1113 933//1113 1282//1113
f 1282//1114 933//1114 1290//1114
f 1282//1115 1290//1115 1283//1115
f 1283//1116 1290//1116 1291//1116
f 1283//1117 1291//1117 1284//1117
f 1284//1118 1291//1118 1292//1118
f 1284//1119 1292//1119 1285//1119
f 1285//1120 1292//1120 1293//1120
f 1285//1121 1293//1121 1286//1121
f 1286//1122 1293//1122 1294//1122
f 1286//1123 1294//1123 1287//1123
f 1287//954 1294//954 1295//954
f 1287//1124 1295//1124 1288//1124
f 1288//1125 1295//1125 1296//1125
f 1288//958 1296//958 1289//958
f 1289//957 1296//957 1297//957
f 1289//1126 1297//1126 154//1126
f 154//1127 1297//1127 155//1127
f 933//1128 935//1128 1290//1128
f 1290//1128 935//1128 1298//1128
f 1290//962 1298//962 1291//962
f 1291//963 1298//963 1299//963
f 1291//1129 1299//1129 1292//1129
f 1292//1130 1299//1130 1300//1130
f 1292//966 1300//966 1293//966
f 1293//1131 1300//1131 1301//1131
f 1293//1132 1301//1132 1294//1132
f 1294//392 1301//392 1302//392
f 1294//970 1302//970 1295//970
f 1295//1133 1302//1133 1303//1133
f 1295//1134 1303//1134 1296//1134
f 1296//1135 1303//1135 1304//1135
f 1296//1136 1304//1136 1297//1136
f 1297//1137 1304//1137 1305//1137
f 1297//1138 1305//1138 155//1138
f 155//975 1305//975 149//975
f 935//976 937//976 1298//976
f 1298//977 937//977 1306//977
f 1298//1139 1306//1139 1299//1139
f 1299//979 1306//979 1307//979
f 1299//1140 1307//1140 1300//1140
f 1300//1141 1307//1141 1308//1141
f 1300//1142 1308//1142 1301//1142
f 1301//1143 1308//1143 1309//1143
f 1301//985 1309//985 1302//985
f 1302//1144 1309//1144 1310//1144
f 1302//1145 1310//1145 1303//1145
f 1303//1146 1310//1146 1311//1146
f 1303//1147 1311//1147 1304//1147
f 1304//1148 1311//1148 1312//1148
f 1304//1149 1312//1149 1305//1149
f 1305//1150 1312//1150 1313//1150
f 1305//1151 1313//1151 149//1151
f 149//1152 1313//1152 150//1152
f 937//993 333//993 1306//993
f 1306//993 333//993 1228//993
f 1306//995 1228//995 1307//995
f 1307//1153 1228//1153 1226//1153
f 1307//1154 1226//1154 1308//1154
f 1308//1155 1226//1155 1224//1155
f 1308//999 1224//999 1309//999
f 1309//1156 1224//1156 1222//1156
f 1309//1157 1222//1157 1310//1157
f 1310//1158 1222//1158 1220//1158
f 1310//1159 1220//1159 1311//1159
f 1311//1160 1220//1160 1218//1160
f 1311//1161 1218//1161 1312//1161
f 1312//1162 1218//1162 1216//1162
f 1312//1005 1216//1005 1313//1005
f 1313//1005 1216//1005 1214//1005
f 1313//1163 1214//1163 150//1163
f 150//1164 1214//1164 151//1164
f 346//1165 348//1165 1239//1165
f 1239//1166 348//1166 1242//1166
f 1239//1167 1242//1167 1240//1167
f 1240//1168 1242//1168 1241//1168
f 1241//1169 1242//1169 1244//1169
f 1241//1170 1244//1170 1235//1170
f 1235//1171 1244//1171 1236//1171
f 1236//1172 1244//1172 1246//1172
f 1236//1173 1246//1173 1237//1173
f 1237//1174 1246//1174 1238//1174
f 1238//1175 1246//1175 1248//1175
f 1238//1176 1248//1176 1234//1176
f 1234//702 1248//702 1250//702
f 1234//71 1250//71 1233//71
f 1233//701 1250//701 1252//701
f 1233//700 1252//700 1232//700
f 1232//699 1252//699 1254//699
f 1232//699 1254//699 1231//699
f 1231//698 1254//698 1256//698
f 1231//68 1256//68 1230//68
f 1230//67 1256//67 123//67
f 1230//67 123//67 97//67
f 200//1177 245//1177 1314//1177
f 200//1177 1314//1177 1315//1177
f 1315//1178 1314//1178 1316//1178
f 1315//1178 1316//1178 1317//1178
f 1317//1179 1316//1179 1318//1179
f 1317//1179 1318//1179 1319//1179
f 1319//1180 1318//1180 1320//1180
f 1319//1180 1320//1180 1321//1180
f 1321//1181 1320//1181 1322//1181
f 1321//1182 1322//1182 1323//1182
f 1323//1183 1322//1183 1324//1183
f 1323//1184 1324//1184 1325//1184
f 1325//1185 1324//1185 1326//1185
f 1325//1186 1326//1186 1327//1186
f 1327//1187 1326//1187 1328//1187
f 1327//1188 1328//1188 1329//1188
f 1329//1189 1328//1189 268//1189
f 1329//1189 268//1189 264//1189
f 355//1190 939//1190 1330//1190
f 1330//1191 939//1191 1331//1191
f 1330//1192 1331//1192 1332//1192
f 1332//1193 1331//1193 1333//1193
f 1332//1194 1333//1194 1334//1194
f 1334//1195 1333//1195 1335//1195
f 1334//1196 1335//1196 1336//1196
f 1336//1197 1335//1197 1337//1197
f 1336//1198 1337//1198 1338//1198
f 1338//1199 1337//1199 1339//1199
f 1338//1200 1339//1200 1340//1200
f 1340//1201 1339//1201 1341//1201
f 1340//1202 1341//1202 1342//1202
f 1342//1203 1341//1203 1343//1203
f 1342//1204 1343//1204 1344//1204
f 1344//1205 1343//1205 1345//1205
f 1344//1206 1345//1206 227//1206
f 227//1207 1345//1207 260//1207
f 939//1208 941//1208 1331//1208
f 1331//1209 941//1209 1346//1209
f 1331//1210 1346//1210 1333//1210
f 1333//1211 1346//1211 1347//1211
f 1333//1212 1347//1212 1335//1212
f 1335//1213 1347//1213 1348//1213
f 1335//1214 1348//1214 1337//1214
f 1337//1215 1348//1215 1349//1215
f 1337//1216 1349//1216 1339//1216
f 1339//1217 1349//1217 1350//1217
f 1339//1218 1350//1218 1341//1218
f 1341//1219 1350//1219 1351//1219
f 1341//1220 1351//1220 1343//1220
f 1343//1221 1351//1221 1352//1221
f 1343//1222 1352//1222 1345//1222
f 1345//1223 1352//1223 1353//1223
f 1345//1224 1353//1224 260//1224
f 260//1225 1353//1225 258//1225
f 941//1226 943//1226 1346//1226
f 1346//1227 943//1227 1354//1227
f 1346//1228 1354//1228 1347//1228
f 1347//1229 1354//1229 1355//1229
f 1347//1230 1355//1230 1348//1230
f 1348//1231 1355//1231 1356//1231
f 1348//1232 1356//1232 1349//1232
f 1349//1233 1356//1233 1357//1233
f 1349//1234 1357//1234 1350//1234
f 1350//1235 1357//1235 1358//1235
f 1350//1236 1358//1236 1351//1236
f 1351//1237 1358//1237 1359//1237
f 1351//1238 1359//1238 1352//1238
f 1352//1239 1359//1239 1360//1239
f 1352//1240 1360//1240 1353//1240
f 1353//1241 1360//1241 1361//1241
f 1353//1242 1361//1242 258//1242
f 258//1243 1361//1243 256//1243
f 943//1244 945//1244 1354//1244
f 1354//1245 945//1245 1362//1245
f 1354//1246 1362//1246 1355//1246
f 1355//1247 1362//1247 1363//1247
f 1355//1248 1363//1248 1356//1248
f 1356//1249 1363//1249 1364//1249
f 1356//1250 1364//1250 1357//1250
f 1357//1251 1364//1251 1365//1251
f 1357//460 1365//460 1358//460
f 1358//1252 1365//1252 1366//1252
f 1358//1253 1366//1253 1359//1253
f 1359//1254 1366//1254 1367//1254
f 1359//1255 1367//1255 1360//1255
f 1360//1256 1367//1256 1368//1256
f 1360//1257 1368//1257 1361//1257
f 1361//1258 1368//1258 1369//1258
f 1361//1259 1369//1259 256//1259
f 256//1260 1369//1260 257//1260
f 945//1261 947//1261 1362//1261
f 1362//1262 947//1262 1370//1262
f 1362//1263 1370//1263 1363//1263
f 1363//1264 1370//1264 1371//1264
f 1363//1265 1371//1265 1364//1265
f 1364//1266 1371//1266 1372//1266
f 1364//1267 1372//1267 1365//1267
f 1365//1268 1372//1268 1373//1268
f 1365//1269 1373//1269 1366//1269
f 1366//1270 1373//1270 1374//1270
f 1366//1271 1374//1271 1367//1271
f 1367//1272 1374//1272 1375//1272
f 1367//1273 1375//1273 1368//1273
f 1368//1274 1375//1274 1376//1274
f 1368//1275 1376//1275 1369//1275
f 1369//1276 1376//1276 1377//1276
f 1369//1277 1377//1277 257//1277
f 257//1278 1377//1278 259//1278
f 947//1279 949//1279 1370//1279
f 1370//1280 949//1280 1378//1280
f 1370//1281 1378//1281 1371//1281
f 1371//1282 1378//1282 1379//1282
f 1371//1283 1379//1283 1372//1283
f 1372//1284 1379//1284 1380//1284
f 1372//1285 1380//1285 1373//1285
f 1373//1286 1380//1286 1381//1286
f 1373//1287 1381//1287 1374//1287
f 1374//1288 1381//1288 1382//1288
f 1374//1289 1382//1289 1375//1289
f 1375//1290 1382//1290 1383//1290
f 1375//1291 1383//1291 1376//1291
f 1376//1292 1383//1292 1384//1292
f 1376//1293 1384//1293 1377//1293
f 1377//1294 1384//1294 1385//1294
f 1377//1295 1385//1295 259//1295
f 259//1296 1385//1296 261//1296
f 949//1297 951//1297 1378//1297
f 1378//1297 951//1297 1386//1297
f 1378//1298 1386//1298 1379//1298
f 1379//1299 1386//1299 1387//1299
f 1379//1300 1387//1300 1380//1300
f 1380//1301 1387//1301 1388//1301
f 1380//1302 1388//1302 1381//1302
f 1381//1303 1388//1303 1389//1303
f 1381//1304 1389//1304 1382//1304
f 1382//1305 1389//1305 1390//1305
f 1382//1306 1390//1306 1383//1306
f 1383//1307 1390//1307 1391//1307
f 1383//1308 1391//1308 1384//1308
f 1384//1309 1391//1309 1392//1309
f 1384//1310 1392//1310 1385//1310
f 1385//1311 1392//1311 1393//1311
f 1385//1312 1393//1312 261//1312
f 261//1313 1393//1313 243//1313
f 951//1314 953//1314 1386//1314
f 1386//1315 953//1315 1394//1315
f 1386//1316 1394//1316 1387//1316
f 1387//1317 1394//1317 1395//1317
f 1387//1318 1395//1318 1388//1318
f 1388//1319 1395//1319 1396//1319
f 1388//1320 1396//1320 1389//1320
f 1389//1321 1396//1321 1397//1321
f 1389//1322 1397//1322 1390//1322
f 1390//1323 1397//1323 1398//1323
f 1390//1324 1398//1324 1391//1324
f 1391//1325 1398//1325 1399//1325
f 1391//1326 1399//1326 1392//1326
f 1392//1327 1399//1327 1400//1327
f 1392//1328 1400//1328 1393//1328
f 1393//1329 1400//1329 1401//1329
f 1393//1330 1401//1330 243//1330
f 243//1331 1401//1331 244//1331
f 953//1332 268//1332 1394//1332
f 1394//1332 268//1332 1328//1332
f 1394//1333 1328//1333 1395//1333
f 1395//1333 1328//1333 1326//1333
f 1395//1334 1326//1334 1396//1334
f 1396//1335 1326//1335 1324//1335
f 1396//1336 1324//1336 1397//1336
f 1397//1337 1324//1337 1322//1337
f 1397//1338 1322//1338 1398//1338
f 1398//1339 1322//1339 1320//1339
f 1398//1340 1320//1340 1399//1340
f 1399//1341 1320//1341 1318//1341
f 1399//1342 1318//1342 1400//1342
f 1400//1343 1318//1343 1316//1343
f 1400//1344 1316//1344 1401//1344
f 1401//1344 1316//1344 1314//1344
f 1401//1345 1314//1345 244//1345
f 244//1346 1314//1346 245//1346
f 351//1347 355//1347 1402//1347
f 1402//1348 355//1348 1330//1348
f 1402//1349 1330//1349 1403//1349
f 1403//1350 1330//1350 1404//1350
f 1404//1351 1330//1351 1332//1351
f 1404//1352 1332//1352 1405//1352
f 1405//1353 1332//1353 1406//1353
f 1406//1354 1332//1354 1334//1354
f 1406//1355 1334//1355 1407//1355
f 1407//1356 1334//1356 1408//1356
f 1408//1357 1334//1357 1336//1357
f 1408//1358 1336//1358 1409//1358
f 1409//1359 1336//1359 1338//1359
f 1409//84 1338//84 1410//84
f 1410//1360 1338//1360 1340//1360
f 1410//1361 1340//1361 1411//1361
f 1411//1362 1340//1362 1342//1362
f 1411//1362 1342//1362 1412//1362
f 1412//1363 1342//1363 1344//1363
f 1412//88 1344//88 1413//88
f 1413//89 1344//89 227//89
f 1413//89 227//89 208//89
f 208//1364 230//1364 1414//1364
f 208//1365 1414//1365 1413//1365
f 1413//1366 1414//1366 1415//1366
f 1413//1367 1415//1367 1412//1367
f 1412//1368 1415//1368 1416//1368
f 1412//1179 1416//1179 1411//1179
f 1411//1180 1416//1180 1417//1180
f 1411//1369 1417//1369 1410//1369
f 1410//1181 1417//1181 1418//1181
f 1410//1182 1418//1182 1409//1182
f 1419//1370 1420//1370 1405//1370
f 1405//1371 1406//1371 1419//1371
f 1419//1372 1406//1372 1407//1372
f 1419//1373 1407//1373 1418//1373
f 1418//1374 1407//1374 1408//1374
f 1418//1375 1408//1375 1409//1375
f 1421//1189 353//1189 351//1189
f 351//1376 1402//1376 1421//1376
f 1421//1377 1402//1377 1403//1377
f 1421//1188 1403//1188 1420//1188
f 1420//1378 1403//1378 1404//1378
f 1420//1379 1404//1379 1405//1379
f 70//1380 920//1380 1422//1380
f 1422//1191 920//1191 1423//1191
f 1422//1381 1423//1381 1424//1381
f 1424//1382 1423//1382 1425//1382
f 1424//1383 1425//1383 1426//1383
f 1426//1384 1425//1384 1427//1384
f 1426//1385 1427//1385 1428//1385
f 1428//1385 1427//1385 1429//1385
f 1428//1198 1429//1198 1430//1198
f 1430//1386 1429//1386 1431//1386
f 1430//1387 1431//1387 1432//1387
f 1432//1388 1431//1388 1433//1388
f 1432//1389 1433//1389 1434//1389
f 1434//1202 1433//1202 1435//1202
f 1434//1390 1435//1390 1436//1390
f 1436//1391 1435//1391 1437//1391
f 1436//1392 1437//1392 187//1392
f 187//1393 1437//1393 246//1393
f 920//1394 918//1394 1423//1394
f 1423//1209 918//1209 1438//1209
f 1423//1395 1438//1395 1425//1395
f 1425//1396 1438//1396 1439//1396
f 1425//1397 1439//1397 1427//1397
f 1427//1398 1439//1398 1440//1398
f 1427//1399 1440//1399 1429//1399
f 1429//1400 1440//1400 1441//1400
f 1429//1401 1441//1401 1431//1401
f 1431//1402 1441//1402 1442//1402
f 1431//1218 1442//1218 1433//1218
f 1433//1403 1442//1403 1443//1403
f 1433//1404 1443//1404 1435//1404
f 1435//1221 1443//1221 1444//1221
f 1435//1405 1444//1405 1437//1405
f 1437//1405 1444//1405 1445//1405
f 1437//1406 1445//1406 246//1406
f 246//1407 1445//1407 236//1407
f 918//1408 916//1408 1438//1408
f 1438//1227 916//1227 1446//1227
f 1438//1409 1446//1409 1439//1409
f 1439//1410 1446//1410 1447//1410
f 1439//1411 1447//1411 1440//1411
f 1440//1412 1447//1412 1448//1412
f 1440//1413 1448//1413 1441//1413
f 1441//1414 1448//1414 1449//1414
f 1441//1415 1449//1415 1442//1415
f 1442//1235 1449//1235 1450//1235
f 1442//1416 1450//1416 1443//1416
f 1443//1417 1450//1417 1451//1417
f 1443//1418 1451//1418 1444//1418
f 1444//1419 1451//1419 1452//1419
f 1444//1420 1452//1420 1445//1420
f 1445//1421 1452//1421 1453//1421
f 1445//1422 1453//1422 236//1422
f 236//1242 1453//1242 237//1242
f 916//1423 914//1423 1446//1423
f 1446//1424 914//1424 1454//1424
f 1446//1425 1454//1425 1447//1425
f 1447//1426 1454//1426 1455//1426
f 1447//1427 1455//1427 1448//1427
f 1448//1428 1455//1428 1456//1428
f 1448//1429 1456//1429 1449//1429
f 1449//1429 1456//1429 1457//1429
f 1449//1430 1457//1430 1450//1430
f 1450//1431 1457//1431 1458//1431
f 1450//1254 1458//1254 1451//1254
f 1451//1432 1458//1432 1459//1432
f 1451//1255 1459//1255 1452//1255
f 1452//1433 1459//1433 1460//1433
f 1452//1434 1460//1434 1453//1434
f 1453//1435 1460//1435 1461//1435
f 1453//1259 1461//1259 237//1259
f 237//1259 1461//1259 247//1259
f 914//1436 912//1436 1454//1436
f 1454//1436 912//1436 1462//1436
f 1454//1437 1462//1437 1455//1437
f 1455//1438 1462//1438 1463//1438
f 1455//1439 1463//1439 1456//1439
f 1456//1440 1463//1440 1464//1440
f 1456//1441 1464//1441 1457//1441
f 1457//1442 1464//1442 1465//1442
f 1457//1443 1465//1443 1458//1443
f 1458//1444 1465//1444 1466//1444
f 1458//1445 1466//1445 1459//1445
f 1459//1272 1466//1272 1467//1272
f 1459//1274 1467//1274 1460//1274
f 1460//1446 1467//1446 1468//1446
f 1460//1447 1468//1447 1461//1447
f 1461//1448 1468//1448 1469//1448
f 1461//1449 1469//1449 247//1449
f 247//1450 1469//1450 248//1450
f 912//1451 910//1451 1462//1451
f 1462//1452 910//1452 1470//1452
f 1462//1453 1470//1453 1463//1453
f 1463//1454 1470//1454 1471//1454
f 1463//1455 1471//1455 1464//1455
f 1464//1456 1471//1456 1472//1456
f 1464//1457 1472//1457 1465//1457
f 1465//1458 1472//1458 1473//1458
f 1465//1459 1473//1459 1466//1459
f 1466//1460 1473//1460 1474//1460
f 1466//1461 1474//1461 1467//1461
f 1467//1462 1474//1462 1475//1462
f 1467//1463 1475//1463 1468//1463
f 1468//1464 1475//1464 1476//1464
f 1468//1294 1476//1294 1469//1294
f 1469//1293 1476//1293 1477//1293
f 1469//1465 1477//1465 248//1465
f 248//1465 1477//1465 235//1465
f 910//1466 908//1466 1470//1466
f 1470//1467 908//1467 1478//1467
f 1470//1468 1478//1468 1471//1468
f 1471//1469 1478//1469 1479//1469
f 1471//1470 1479//1470 1472//1470
f 1472//1471 1479//1471 1480//1471
f 1472//1472 1480//1472 1473//1472
f 1473//1303 1480//1303 1481//1303
f 1473//1473 1481//1473 1474//1473
f 1474//1474 1481//1474 1482//1474
f 1474//1475 1482//1475 1475//1475
f 1475//1476 1482//1476 1483//1476
f 1475//1477 1483//1477 1476//1477
f 1476//1477 1483//1477 1484//1477
f 1476//1478 1484//1478 1477//1478
f 1477//1479 1484//1479 1485//1479
f 1477//1313 1485//1313 235//1313
f 235//1313 1485//1313 234//1313
f 908//1314 906//1314 1478//1314
f 1478//1315 906//1315 1486//1315
f 1478//1480 1486//1480 1479//1480
f 1479//1481 1486//1481 1487//1481
f 1479//1482 1487//1482 1480//1482
f 1480//1483 1487//1483 1488//1483
f 1480//1484 1488//1484 1481//1484
f 1481//1485 1488//1485 1489//1485
f 1481//1486 1489//1486 1482//1486
f 1482//1487 1489//1487 1490//1487
f 1482//1488 1490//1488 1483//1488
f 1483//1488 1490//1488 1491//1488
f 1483//1489 1491//1489 1484//1489
f 1484//1490 1491//1490 1492//1490
f 1484//1491 1492//1491 1485//1491
f 1485//1491 1492//1491 1493//1491
f 1485//1492 1493//1492 234//1492
f 234//1493 1493//1493 232//1493
f 906//1332 353//1332 1486//1332
f 1486//1332 353//1332 1421//1332
f 1486//1494 1421//1494 1487//1494
f 1487//1495 1421//1495 1420//1495
f 1487//1496 1420//1496 1488//1496
f 1488//1335 1420//1335 1419//1335
f 1488//1337 1419//1337 1489//1337
f 1489//1497 1419//1497 1418//1497
f 1489//1498 1418//1498 1490//1498
f 1490//451 1418//451 1417//451
f 1490//1340 1417//1340 1491//1340
f 1491//1499 1417//1499 1416//1499
f 1491//1500 1416//1500 1492//1500
f 1492//1501 1416//1501 1415//1501
f 1492//1344 1415//1344 1493//1344
f 1493//1502 1415//1502 1414//1502
f 1493//1503 1414//1503 232//1503
f 232//1503 1414//1503 230//1503
f 187//141 186//141 1494//141
f 187//89 1494//89 1436//89
f 1436//1504 1494//1504 1495//1504
f 1436//88 1495//88 1434//88
f 1434//87 1495//87 1496//87
f 1434//1362 1496//1362 1432//1362
f 1432//1361 1496//1361 1497//1361
f 1432//1505 1497//1505 1430//1505
f 1430//84 1497//84 1498//84
f 1430//1359 1498//1359 1428//1359
f 1428//115 1498//115 1499//115
f 1428//115 1499//115 1426//115
f 1426//81 1499//81 1500//81
f 1426//81 1500//81 1424//81
f 1424//1506 1500//1506 1501//1506
f 1424//1507 1501//1507 1422//1507
f 1422//117 1501//117 68//117
f 1422//1508 68//1508 70//1508
f 345//1509 904//1509 1502//1509
f 1502//1509 904//1509 1503//1509
f 1502//1510 1503//1510 1504//1510
f 1504//1511 1503//1511 1505//1511
f 1504//1512 1505//1512 1506//1512
f 1506//1513 1505//1513 1507//1513
f 1506//1514 1507//1514 1508//1514
f 1508//1515 1507//1515 1509//1515
f 1508//1516 1509//1516 1510//1516
f 1510//1517 1509//1517 1511//1517
f 1510//1518 1511//1518 1512//1518
f 1512//1519 1511//1519 1513//1519
f 1512//1520 1513//1520 1514//1520
f 1514//1521 1513//1521 1515//1521
f 1514//1522 1515//1522 1516//1522
f 1516//1523 1515//1523 1517//1523
f 1516//1524 1517//1524 238//1524
f 238//1524 1517//1524 239//1524
f 904//1525 902//1525 1503//1525
f 1503//1526 902//1526 1518//1526
f 1503//1527 1518//1527 1505//1527
f 1505//1528 1518//1528 1519//1528
f 1505//1529 1519//1529 1507//1529
f 1507//1530 1519//1530 1520//1530
f 1507//1531 1520//1531 1509//1531
f 1509//1532 1520//1532 1521//1532
f 1509//478 1521//478 1511//478
f 1511//1533 1521//1533 1522//1533
f 1511//1534 1522//1534 1513//1534
f 1513//1535 1522//1535 1523//1535
f 1513//1536 1523//1536 1515//1536
f 1515//1537 1523//1537 1524//1537
f 1515//1538 1524//1538 1517//1538
f 1517//1539 1524//1539 1525//1539
f 1517//1540 1525//1540 239//1540
f 239//1541 1525//1541 241//1541
f 902//1542 900//1542 1518//1542
f 1518//1543 900//1543 1526//1543
f 1518//1544 1526//1544 1519//1544
f 1519//1545 1526//1545 1527//1545
f 1519//1546 1527//1546 1520//1546
f 1520//1547 1527//1547 1528//1547
f 1520//1548 1528//1548 1521//1548
f 1521//1549 1528//1549 1529//1549
f 1521//1550 1529//1550 1522//1550
f 1522//1551 1529//1551 1530//1551
f 1522//1552 1530//1552 1523//1552
f 1523//1553 1530//1553 1531//1553
f 1523//1554 1531//1554 1524//1554
f 1524//1555 1531//1555 1532//1555
f 1524//1556 1532//1556 1525//1556
f 1525//1557 1532//1557 1533//1557
f 1525//1558 1533//1558 241//1558
f 241//1559 1533//1559 242//1559
f 900//1560 898//1560 1526//1560
f 1526//1561 898//1561 1534//1561
f 1526//1562 1534//1562 1527//1562
f 1527//1563 1534//1563 1535//1563
f 1527//1564 1535//1564 1528//1564
f 1528//1565 1535//1565 1536//1565
f 1528//1566 1536//1566 1529//1566
f 1529//1567 1536//1567 1537//1567
f 1529//1568 1537//1568 1530//1568
f 1530//1569 1537//1569 1538//1569
f 1530//1570 1538//1570 1531//1570
f 1531//1571 1538//1571 1539//1571
f 1531//1572 1539//1572 1532//1572
f 1532//1573 1539//1573 1540//1573
f 1532//1574 1540//1574 1533//1574
f 1533//1575 1540//1575 1541//1575
f 1533//1576 1541//1576 242//1576
f 242//1577 1541//1577 249//1577
f 898//1578 896//1578 1534//1578
f 1534//1579 896//1579 1542//1579
f 1534//1580 1542//1580 1535//1580
f 1535//1581 1542//1581 1543//1581
f 1535//1582 1543//1582 1536//1582
f 1536//1583 1543//1583 1544//1583
f 1536//1584 1544//1584 1537//1584
f 1537//1585 1544//1585 1545//1585
f 1537//1586 1545//1586 1538//1586
f 1538//1587 1545//1587 1546//1587
f 1538//1588 1546//1588 1539//1588
f 1539//1589 1546//1589 1547//1589
f 1539//1590 1547//1590 1540//1590
f 1540//1591 1547//1591 1548//1591
f 1540//1592 1548//1592 1541//1592
f 1541//1593 1548//1593 1549//1593
f 1541//1594 1549//1594 249//1594
f 249//1595 1549//1595 250//1595
f 896//1596 894//1596 1542//1596
f 1542//1597 894//1597 1550//1597
f 1542//1598 1550//1598 1543//1598
f 1543//1599 1550//1599 1551//1599
f 1543//1600 1551//1600 1544//1600
f 1544//1601 1551//1601 1552//1601
f 1544//1602 1552//1602 1545//1602
f 1545//1603 1552//1603 1553//1603
f 1545//1604 1553//1604 1546//1604
f 1546//1605 1553//1605 1554//1605
f 1546//1606 1554//1606 1547//1606
f 1547//1607 1554//1607 1555//1607
f 1547//1608 1555//1608 1548//1608
f 1548//1609 1555//1609 1556//1609
f 1548//1610 1556//1610 1549//1610
f 1549//1611 1556//1611 1557//1611
f 1549//1612 1557//1612 250//1612
f 250//1613 1557//1613 251//1613
f 894//1614 892//1614 1550//1614
f 1550//1615 892//1615 1558//1615
f 1550//1616 1558//1616 1551//1616
f 1551//1617 1558//1617 1559//1617
f 1551//1618 1559//1618 1552//1618
f 1552//1619 1559//1619 1560//1619
f 1552//1620 1560//1620 1553//1620
f 1553//1621 1560//1621 1561//1621
f 1553//1622 1561//1622 1554//1622
f 1554//1623 1561//1623 1562//1623
f 1554//1624 1562//1624 1555//1624
f 1555//1625 1562//1625 1563//1625
f 1555//1626 1563//1626 1556//1626
f 1556//1627 1563//1627 1564//1627
f 1556//1628 1564//1628 1557//1628
f 1557//1629 1564//1629 1565//1629
f 1557//1630 1565//1630 251//1630
f 251//1630 1565//1630 255//1630
f 892//1631 890//1631 1558//1631
f 1558//1632 890//1632 1566//1632
f 1558//1633 1566//1633 1559//1633
f 1559//1634 1566//1634 1567//1634
f 1559//1635 1567//1635 1560//1635
f 1560//1636 1567//1636 1568//1636
f 1560//1637 1568//1637 1561//1637
f 1561//1638 1568//1638 1569//1638
f 1561//1639 1569//1639 1562//1639
f 1562//467 1569//467 1570//467
f 1562//1640 1570//1640 1563//1640
f 1563//1641 1570//1641 1571//1641
f 1563//1642 1571//1642 1564//1642
f 1564//1643 1571//1643 1572//1643
f 1564//1644 1572//1644 1565//1644
f 1565//1645 1572//1645 1573//1645
f 1565//1646 1573//1646 255//1646
f 255//1647 1573//1647 254//1647
f 890//1648 68//1648 1566//1648
f 1566//1649 68//1649 1501//1649
f 1566//1650 1501//1650 1567//1650
f 1567//1651 1501//1651 1500//1651
f 1567//1652 1500//1652 1568//1652
f 1568//1653 1500//1653 1499//1653
f 1568//1654 1499//1654 1569//1654
f 1569//1655 1499//1655 1498//1655
f 1569//1656 1498//1656 1570//1656
f 1570//1657 1498//1657 1497//1657
f 1570//1658 1497//1658 1571//1658
f 1571//1659 1497//1659 1496//1659
f 1571//1660 1496//1660 1572//1660
f 1572//1661 1496//1661 1495//1661
f 1572//1662 1495//1662 1573//1662
f 1573//1663 1495//1663 1494//1663
f 1573//1664 1494//1664 254//1664
f 254//1665 1494//1665 186//1665
f 347//1666 345//1666 1574//1666
f 1574//1667 345//1667 1502//1667
f 1574//1668 1502//1668 1575//1668
f 1575//1669 1502//1669 1576//1669
f 1576//1670 1502//1670 1504//1670
f 1576//1671 1504//1671 1577//1671
f 1577//1672 1504//1672 1578//1672
f 1578//1673 1504//1673 1506//1673
f 1578//1674 1506//1674 1579//1674
f 1579//1675 1506//1675 1580//1675
f 1580//1676 1506//1676 1508//1676
f 1580//1677 1508//1677 1581//1677
f 1581//1678 1508//1678 1510//1678
f 1581//1679 1510//1679 1582//1679
f 1582//1680 1510//1680 1512//1680
f 1582//1681 1512//1681 1583//1681
f 1583//1682 1512//1682 1514//1682
f 1583//1683 1514//1683 1584//1683
f 1584//1684 1514//1684 1516//1684
f 1584//1685 1516//1685 1585//1685
f 1585//1686 1516//1686 238//1686
f 1585//1687 238//1687 196//1687
f 196//89 184//89 1586//89
f 196//89 1586//89 1585//89
f 1585//88 1586//88 1587//88
f 1585//1363 1587//1363 1584//1363
f 1584//1362 1587//1362 1588//1362
f 1584//87 1588//87 1583//87
f 1583//1361 1588//1361 1589//1361
f 1583//1360 1589//1360 1582//1360
f 1582//84 1589//84 1590//84
f 1582//1359 1590//1359 1581//1359
f 1591//142 1592//142 1577//142
f 1577//1688 1578//1688 1591//1688
f 1591//1355 1578//1355 1579//1355
f 1591//115 1579//115 1590//115
f 1590//1689 1579//1689 1580//1689
f 1590//1690 1580//1690 1581//1690
f 1593//78 349//78 347//78
f 347//1691 1574//1691 1593//1691
f 1593//1692 1574//1692 1575//1692
f 1593//1693 1575//1693 1592//1693
f 1592//1694 1575//1694 1576//1694
f 1592//1695 1576//1695 1577//1695
f 322//1509 936//1509 1594//1509
f 1594//1509 936//1509 1595//1509
f 1594//1510 1595//1510 1596//1510
f 1596//1696 1595//1696 1597//1696
f 1596//1512 1597//1512 1598//1512
f 1598//1697 1597//1697 1599//1697
f 1598//1698 1599//1698 1600//1698
f 1600//1515 1599//1515 1601//1515
f 1600//1699 1601//1699 1602//1699
f 1602//1700 1601//1700 1603//1700
f 1602//1518 1603//1518 1604//1518
f 1604//1701 1603//1701 1605//1701
f 1604//1702 1605//1702 1606//1702
f 1606//1703 1605//1703 1607//1703
f 1606//1704 1607//1704 1608//1704
f 1608//1705 1607//1705 1609//1705
f 1608//1706 1609//1706 204//1706
f 204//1524 1609//1524 205//1524
f 936//1707 934//1707 1595//1707
f 1595//1708 934//1708 1610//1708
f 1595//1709 1610//1709 1597//1709
f 1597//1710 1610//1710 1611//1710
f 1597//1711 1611//1711 1599//1711
f 1599//1711 1611//1711 1612//1711
f 1599//1531 1612//1531 1601//1531
f 1601//1712 1612//1712 1613//1712
f 1601//1713 1613//1713 1603//1713
f 1603//1714 1613//1714 1614//1714
f 1603//1715 1614//1715 1605//1715
f 1605//1716 1614//1716 1615//1716
f 1605//1717 1615//1717 1607//1717
f 1607//1718 1615//1718 1616//1718
f 1607//1719 1616//1719 1609//1719
f 1609//1720 1616//1720 1617//1720
f 1609//1721 1617//1721 205//1721
f 205//1721 1617//1721 185//1721
f 934//1722 932//1722 1610//1722
f 1610//1723 932//1723 1618//1723
f 1610//1544 1618//1544 1611//1544
f 1611//1724 1618//1724 1619//1724
f 1611//1725 1619//1725 1612//1725
f 1612//1726 1619//1726 1620//1726
f 1612//1727 1620//1727 1613//1727
f 1613//1728 1620//1728 1621//1728
f 1613//1729 1621//1729 1614//1729
f 1614//1551 1621//1551 1622//1551
f 1614//1730 1622//1730 1615//1730
f 1615//1552 1622//1552 1623//1552
f 1615//1731 1623//1731 1616//1731
f 1616//1555 1623//1555 1624//1555
f 1616//1732 1624//1732 1617//1732
f 1617//1557 1624//1557 1625//1557
f 1617//1559 1625//1559 185//1559
f 185//1733 1625//1733 182//1733
f 932//1734 930//1734 1618//1734
f 1618//1735 930//1735 1626//1735
f 1618//1736 1626//1736 1619//1736
f 1619//1737 1626//1737 1627//1737
f 1619//1738 1627//1738 1620//1738
f 1620//1739 1627//1739 1628//1739
f 1620//1740 1628//1740 1621//1740
f 1621//1567 1628//1567 1629//1567
f 1621//474 1629//474 1622//474
f 1622//1741 1629//1741 1630//1741
f 1622//1742 1630//1742 1623//1742
f 1623//1743 1630//1743 1631//1743
f 1623//1572 1631//1572 1624//1572
f 1624//1744 1631//1744 1632//1744
f 1624//1575 1632//1575 1625//1575
f 1625//1745 1632//1745 1633//1745
f 1625//1577 1633//1577 182//1577
f 182//1746 1633//1746 183//1746
f 930//1747 928//1747 1626//1747
f 1626//1748 928//1748 1634//1748
f 1626//1749 1634//1749 1627//1749
f 1627//1750 1634//1750 1635//1750
f 1627//1582 1635//1582 1628//1582
f 1628//1751 1635//1751 1636//1751
f 1628//1752 1636//1752 1629//1752
f 1629//1584 1636//1584 1637//1584
f 1629//1753 1637//1753 1630//1753
f 1630//1586 1637//1586 1638//1586
f 1630//1754 1638//1754 1631//1754
f 1631//1755 1638//1755 1639//1755
f 1631//1756 1639//1756 1632//1756
f 1632//1757 1639//1757 1640//1757
f 1632//1758 1640//1758 1633//1758
f 1633//1759 1640//1759 1641//1759
f 1633//1760 1641//1760 183//1760
f 183//1761 1641//1761 190//1761
f 928//1762 926//1762 1634//1762
f 1634//1763 926//1763 1642//1763
f 1634//1764 1642//1764 1635//1764
f 1635//1765 1642//1765 1643//1765
f 1635//1766 1643//1766 1636//1766
f 1636//1767 1643//1767 1644//1767
f 1636//1768 1644//1768 1637//1768
f 1637//1769 1644//1769 1645//1769
f 1637//1770 1645//1770 1638//1770
f 1638//1771 1645//1771 1646//1771
f 1638//1772 1646//1772 1639//1772
f 1639//1606 1646//1606 1647//1606
f 1639//1608 1647//1608 1640//1608
f 1640//1773 1647//1773 1648//1773
f 1640//1774 1648//1774 1641//1774
f 1641//1775 1648//1775 1649//1775
f 1641//1776 1649//1776 190//1776
f 190//1613 1649//1613 191//1613
f 926//1777 924//1777 1642//1777
f 1642//1778 924//1778 1650//1778
f 1642//1779 1650//1779 1643//1779
f 1643//1780 1650//1780 1651//1780
f 1643//1781 1651//1781 1644//1781
f 1644//1782 1651//1782 1652//1782
f 1644//1783 1652//1783 1645//1783
f 1645//1784 1652//1784 1653//1784
f 1645//1785 1653//1785 1646//1785
f 1646//1786 1653//1786 1654//1786
f 1646//1787 1654//1787 1647//1787
f 1647//1788 1654//1788 1655//1788
f 1647//1789 1655//1789 1648//1789
f 1648//1790 1655//1790 1656//1790
f 1648//1791 1656//1791 1649//1791
f 1649//1792 1656//1792 1657//1792
f 1649//1793 1657//1793 191//1793
f 191//1794 1657//1794 193//1794
f 924//1795 922//1795 1650//1795
f 1650//1632 922//1632 1658//1632
f 1650//1796 1658//1796 1651//1796
f 1651//1634 1658//1634 1659//1634
f 1651//1797 1659//1797 1652//1797
f 1652//1798 1659//1798 1660//1798
f 1652//1799 1660//1799 1653//1799
f 1653//1800 1660//1800 1661//1800
f 1653//467 1661//467 1654//467
f 1654//1801 1661//1801 1662//1801
f 1654//1802 1662//1802 1655//1802
f 1655//1803 1662//1803 1663//1803
f 1655//1804 1663//1804 1656//1804
f 1656//1805 1663//1805 1664//1805
f 1656//1806 1664//1806 1657//1806
f 1657//1807 1664//1807 1665//1807
f 1657//1808 1665//1808 193//1808
f 193//1809 1665//1809 192//1809
f 922//1810 349//1810 1658//1810
f 1658//1811 349//1811 1593//1811
f 1658//1651 1593//1651 1659//1651
f 1659//1812 1593//1812 1592//1812
f 1659//1813 1592//1813 1660//1813
f 1660//1653 1592//1653 1591//1653
f 1660//1814 1591//1814 1661//1814
f 1661//1655 1591//1655 1590//1655
f 1661//1815 1590//1815 1662//1815
f 1662//1816 1590//1816 1589//1816
f 1662//1817 1589//1817 1663//1817
f 1663//1818 1589//1818 1588//1818
f 1663//1819 1588//1819 1664//1819
f 1664//1820 1588//1820 1587//1820
f 1664//1821 1587//1821 1665//1821
f 1665//1822 1587//1822 1586//1822
f 1665//1823 1586//1823 192//1823
f 192//1665 1586//1665 184//1665
f 204//1824 203//1824 1666//1824
f 204//1824 1666//1824 1608//1824
f 1608//1825 1666//1825 1667//1825
f 1608//1825 1667//1825 1606//1825
f 1606//1682 1667//1682 1668//1682
f 1606//1682 1668//1682 1604//1682
f 1604//1681 1668//1681 1669//1681
f 1604//1681 1669//1681 1602//1681
f 1602//1679 1669//1679 1670//1679
f 1602//1678 1670//1678 1600//1678
f 1600//1826 1670//1826 1671//1826
f 1600//1827 1671//1827 1598//1827
f 1598//1828 1671//1828 1672//1828
f 1598//1829 1672//1829 1596//1829
f 1596//1830 1672//1830 1673//1830
f 1596//1831 1673//1831 1594//1831
f 1594//1832 1673//1832 305//1832
f 1594//1832 305//1832 322//1832
f 314//1833 305//1833 158//1833
f 158//1834 157//1834 1674//1834
f 1675//1835 1676//1835 314//1835
f 158//1833 1674//1833 314//1833
f 314//1833 1674//1833 1677//1833
f 314//1836 1677//1836 1675//1836
f 1676//1837 1678//1837 314//1837
f 314//1838 1678//1838 1679//1838
f 314//1839 1679//1839 1680//1839
f 1680//1840 1681//1840 314//1840
f 314//1841 1681//1841 1682//1841
f 314//1842 1682//1842 1683//1842
f 158//1843 305//1843 1673//1843
f 158//1844 1673//1844 161//1844
f 161//1845 1673//1845 1672//1845
f 161//1846 1672//1846 162//1846
f 162//1847 1672//1847 1671//1847
f 162//1848 1671//1848 163//1848
f 163//1849 1671//1849 1670//1849
f 163//1850 1670//1850 164//1850
f 164//1851 1670//1851 1669//1851
f 164//1852 1669//1852 165//1852
f 165//1853 1669//1853 1668//1853
f 165//1854 1668//1854 171//1854
f 171//1855 1668//1855 1667//1855
f 171//1856 1667//1856 172//1856
f 172//1857 1667//1857 1666//1857
f 172//1858 1666//1858 173//1858
f 173//1859 1666//1859 203//1859
f 173//1860 203//1860 160//1860
f 200//217 168//217 203//217
f 203//217 168//217 160//217
f 168//1861 200//1861 1315//1861
f 168//1862 1315//1862 180//1862
f 180//1863 1315//1863 1317//1863
f 180//1864 1317//1864 177//1864
f 177//1865 1317//1865 1319//1865
f 177//1866 1319//1866 178//1866
f 178//1867 1319//1867 1321//1867
f 178//1868 1321//1868 179//1868
f 179//1869 1321//1869 1323//1869
f 179//1870 1323//1870 181//1870
f 181//1871 1323//1871 1325//1871
f 181//1872 1325//1872 174//1872
f 174//1873 1325//1873 1327//1873
f 174//1874 1327//1874 175//1874
f 175//1875 1327//1875 1329//1875
f 175//1876 1329//1876 176//1876
f 176//1877 1329//1877 264//1877
f 176//1878 264//1878 166//1878
f 1684//1879 167//1879 166//1879
f 277//1880 1685//1880 1686//1880
f 1687//1881 1688//1881 277//1881
f 277//1882 1688//1882 1689//1882
f 277//1883 1689//1883 1685//1883
f 166//1884 264//1884 1684//1884
f 1684//1884 264//1884 277//1884
f 1684//1884 277//1884 1690//1884
f 1690//1885 277//1885 1686//1885
f 1691//1886 1692//1886 277//1886
f 277//1887 1692//1887 1693//1887
f 277//1888 1693//1888 1687//1888
f 15//2 882//2 14//2
f 14//2 882//2 886//2
f 14//54 886//54 13//54
f 13//54 886//54 885//54
f 10//54 883//54 12//54
f 12//54 883//54 884//54
f 12//1 884//1 16//1
f 16//1 884//1 878//1
f 1674//1889 157//1889 156//1889
f 1225//1019 1227//1019 1680//1019
f 1676//1890 1223//1890 1678//1890
f 1678//1891 1223//1891 1225//1891
f 1678//1892 1225//1892 1679//1892
f 1679//1893 1225//1893 1680//1893
f 1229//1021 306//1021 314//1021
f 314//1894 1683//1894 1229//1894
f 1229//1033 1683//1033 1682//1033
f 1229//1020 1682//1020 1227//1020
f 1227//1895 1682//1895 1681//1895
f 1227//1896 1681//1896 1680//1896
f 1676//1897 1675//1897 1223//1897
f 1223//1016 1675//1016 1677//1016
f 1223//1898 1677//1898 1221//1898
f 1221//1899 1677//1899 1674//1899
f 1221//1014 1674//1014 1219//1014
f 1219//1900 1674//1900 156//1900
f 1219//1901 156//1901 1217//1901
f 1217//1023 156//1023 159//1023
f 1217//1902 159//1902 1215//1902
f 1215//1008 159//1008 77//1008
f 1215//1009 77//1009 75//1009
f 277//712 273//712 1691//712
f 1691//1903 273//1903 968//1903
f 1691//714 968//714 1692//714
f 1692//715 968//715 1693//715
f 1693//1904 968//1904 966//1904
f 1693//1905 966//1905 1687//1905
f 1687//1906 966//1906 1688//1906
f 1688//1907 966//1907 964//1907
f 1688//1908 964//1908 1689//1908
f 169//1909 167//1909 1684//1909
f 1689//1910 964//1910 1685//1910
f 1685//1911 964//1911 962//1911
f 1685//1912 962//1912 1686//1912
f 1686//537 962//537 960//537
f 1686//536 960//536 1690//536
f 1690//1913 960//1913 958//1913
f 1690//1914 958//1914 1684//1914
f 1684//532 958//532 956//532
f 1684//1915 956//1915 169//1915
f 169//726 956//726 954//726
f 169//1916 954//1916 170//1916
f 170//529 954//529 80//529
f 170//530 80//530 79//530
