# Blender 4.5.3 LTS
# www.blender.org
mtllib 5- FOREARM - V1.STL.mtl
o 5-_FOREARM_-_V1
v 205.160004 409.989990 -27.699999
v 205.160004 410.239990 -27.699999
v 206.899994 410.239990 -27.699999
v 195.100006 410.600006 -27.699999
v 194.600006 410.600006 -27.699999
v 194.600006 411.459991 -27.699999
v 196.379990 410.239990 -27.699999
v 195.100006 410.299988 -27.699999
v 196.379990 410.820007 -27.699999
v 197.949997 411.459991 -27.699999
v 194.100006 410.299988 -27.699999
v 193.899994 410.239990 -27.699999
v 193.899994 409.989990 -27.699999
v 196.379990 410.179993 -27.699999
v 197.949997 409.989990 -27.699999
v 197.020004 410.179993 -27.699999
v 197.949997 410.239990 -27.699999
v 197.020004 410.239990 -27.699999
v 197.020004 410.820007 -27.699999
v 199.520004 410.179993 -27.699999
v 200.449997 409.989990 -27.699999
v 198.880005 410.179993 -27.699999
v 198.880005 410.239990 -27.699999
v 198.880005 410.820007 -27.699999
v 199.520004 410.820007 -27.699999
v 200.449997 411.459991 -27.699999
v 199.520004 410.239990 -27.699999
v 200.449997 410.239990 -27.699999
v 202.020004 410.179993 -27.699999
v 202.949997 409.989990 -27.699999
v 201.380005 410.179993 -27.699999
v 201.380005 410.239990 -27.699999
v 201.380005 410.820007 -27.699999
v 202.020004 410.820007 -27.699999
v 202.949997 411.459991 -27.699999
v 202.020004 410.239990 -27.699999
v 202.949997 410.239990 -27.699999
v 204.519989 410.179993 -27.699999
v 203.880005 410.179993 -27.699999
v 203.880005 410.239990 -27.699999
v 203.880005 410.820007 -27.699999
v 204.519989 410.820007 -27.699999
v 205.160004 411.459991 -27.699999
v 204.519989 410.239990 -27.699999
v 206.300003 411.600006 -27.699999
v 206.300003 411.459991 -27.699999
v 205.160004 411.600006 -27.699999
v 202.949997 411.600006 -27.699999
v 200.449997 411.600006 -27.699999
v 197.949997 411.600006 -27.699999
v 194.600006 411.600006 -27.699999
v 194.100006 411.459991 -27.699999
v 193.899994 411.459991 -27.699999
v 194.100006 412.100006 -27.699999
v 193.899994 412.299988 -27.699999
v 197.949997 412.100006 -27.699999
v 205.160004 412.299988 -27.699999
v 202.949997 412.100006 -27.699999
v 202.949997 412.299988 -27.699999
v 200.449997 412.100006 -27.699999
v 200.449997 412.299988 -27.699999
v 197.949997 412.299988 -27.699999
v 206.300003 410.600006 -27.699999
v 205.800003 410.600006 -27.699999
v 205.800003 410.299988 -27.699999
v 206.800003 410.299988 -27.699999
v 206.899994 411.459991 -27.699999
v 206.800003 411.459991 -27.699999
v 206.899994 412.299988 -27.699999
v 206.800003 412.100006 -27.699999
v 205.160004 412.100006 -27.699999
v 197.949997 408.100006 -27.699999
v 193.899994 408.100006 -27.699999
v 195.100006 408.299988 -27.699999
v 194.100006 408.299988 -27.699999
v 194.100006 409.799988 -27.699999
v 195.100006 409.799988 -27.699999
v 200.449997 408.100006 -27.699999
v 202.949997 408.100006 -27.699999
v 205.160004 408.100006 -27.699999
v 206.899994 409.989990 -27.699999
v 205.800003 409.799988 -27.699999
v 205.800003 408.299988 -27.699999
v 206.899994 408.100006 -27.699999
v 206.800003 408.299988 -27.699999
v 206.800003 409.799988 -27.699999
v 207.000000 412.299988 -27.699999
v 207.000000 411.459991 -27.699999
v 207.000000 410.239990 -27.699999
v 207.000000 409.989990 -27.699999
v 207.000000 408.100006 -27.699999
v 225.709991 409.989990 -27.699999
v 225.709991 410.239990 -27.699999
v 227.399994 410.239990 -27.699999
v 218.889999 409.989990 -27.699999
v 219.479996 410.179993 -27.699999
v 220.120010 410.179993 -27.699999
v 219.479996 410.239990 -27.699999
v 218.889999 410.239990 -27.699999
v 219.479996 410.820007 -27.699999
v 218.889999 411.459991 -27.699999
v 220.120010 410.820007 -27.699999
v 221.050003 411.459991 -27.699999
v 220.120010 410.239990 -27.699999
v 221.050003 410.239990 -27.699999
v 221.050003 409.989990 -27.699999
v 222.620010 410.179993 -27.699999
v 223.550003 409.989990 -27.699999
v 221.979996 410.179993 -27.699999
v 221.979996 410.239990 -27.699999
v 221.979996 410.820007 -27.699999
v 222.620010 410.820007 -27.699999
v 223.550003 411.459991 -27.699999
v 222.620010 410.239990 -27.699999
v 223.550003 410.239990 -27.699999
v 225.119995 410.179993 -27.699999
v 224.479996 410.179993 -27.699999
v 224.479996 410.239990 -27.699999
v 224.479996 410.820007 -27.699999
v 225.119995 410.820007 -27.699999
v 225.709991 411.459991 -27.699999
v 225.119995 410.239990 -27.699999
v 226.800003 411.600006 -27.699999
v 226.800003 411.459991 -27.699999
v 225.709991 411.600006 -27.699999
v 223.550003 411.600006 -27.699999
v 221.050003 411.600006 -27.699999
v 218.889999 411.600006 -27.699999
v 217.800003 411.459991 -27.699999
v 217.800003 411.600006 -27.699999
v 217.800003 410.600006 -27.699999
v 218.299988 410.600006 -27.699999
v 218.299988 410.299988 -27.699999
v 217.300003 410.299988 -27.699999
v 217.100006 410.239990 -27.699999
v 217.300003 411.459991 -27.699999
v 217.100006 411.459991 -27.699999
v 217.300003 412.100006 -27.699999
v 217.100006 412.299988 -27.699999
v 218.889999 412.100006 -27.699999
v 225.709991 412.299988 -27.699999
v 223.550003 412.100006 -27.699999
v 223.550003 412.299988 -27.699999
v 221.050003 412.100006 -27.699999
v 221.050003 412.299988 -27.699999
v 218.889999 412.299988 -27.699999
v 226.800003 410.600006 -27.699999
v 226.299988 410.600006 -27.699999
v 226.299988 410.299988 -27.699999
v 227.300003 410.299988 -27.699999
v 227.399994 411.459991 -27.699999
v 227.300003 411.459991 -27.699999
v 227.399994 412.299988 -27.699999
v 227.300003 412.100006 -27.699999
v 225.709991 412.100006 -27.699999
v 217.100006 409.989990 -27.699999
v 218.299988 408.299988 -27.699999
v 218.889999 408.100006 -27.699999
v 217.300003 408.299988 -27.699999
v 217.100006 408.100006 -27.699999
v 217.300003 409.799988 -27.699999
v 218.299988 409.799988 -27.699999
v 221.050003 408.100006 -27.699999
v 223.550003 408.100006 -27.699999
v 225.709991 408.100006 -27.699999
v 227.399994 409.989990 -27.699999
v 226.299988 409.799988 -27.699999
v 226.299988 408.299988 -27.699999
v 227.399994 408.100006 -27.699999
v 227.300003 408.299988 -27.699999
v 227.300003 409.799988 -27.699999
v 227.500000 412.299988 -27.699999
v 227.500000 411.459991 -27.699999
v 227.500000 410.239990 -27.699999
v 227.500000 409.989990 -27.699999
v 227.500000 408.100006 -27.699999
v 232.899994 436.500000 -28.699999
v 233.594589 436.439240 -28.699999
v 233.590576 436.079742 -28.699999
v 184.755402 432.503967 -28.699999
v 184.699997 431.799988 -28.699999
v 184.500000 432.500000 -28.699999
v 184.699997 407.799988 -28.699999
v 184.500000 407.100006 -28.699999
v 184.755402 407.096039 -28.699999
v 184.560776 406.405396 -28.699999
v 184.920242 406.409424 -28.699999
v 184.741226 405.731934 -28.699999
v 185.190475 405.757050 -28.699999
v 185.035904 405.100006 -28.699999
v 185.559418 405.154968 -28.699999
v 185.435822 404.528839 -28.699999
v 186.018021 404.618011 -28.699999
v 188.500000 403.100006 -28.699999
v 187.805405 403.160767 -28.699999
v 187.809418 403.520233 -28.699999
v 235.381989 404.618011 -28.699999
v 235.471146 404.035828 -28.699999
v 234.845032 404.159424 -28.699999
v 234.900009 403.635895 -28.699999
v 234.242950 403.790466 -28.699999
v 234.268082 403.341217 -28.699999
v 233.590576 403.520233 -28.699999
v 233.594589 403.160767 -28.699999
v 232.903946 403.355408 -28.699999
v 232.899994 403.100006 -28.699999
v 236.644608 407.096039 -28.699999
v 236.899994 407.100006 -28.699999
v 236.479752 406.409424 -28.699999
v 236.839233 406.405396 -28.699999
v 236.209534 405.757050 -28.699999
v 236.658768 405.731934 -28.699999
v 235.840576 405.154968 -28.699999
v 236.364105 405.100006 -28.699999
v 235.964172 404.528839 -28.699999
v 234.242950 435.809540 -28.699999
v 234.268082 436.258759 -28.699999
v 234.845032 435.440582 -28.699999
v 234.900009 435.964111 -28.699999
v 235.381989 434.981995 -28.699999
v 232.903946 436.244598 -28.699999
v 232.199997 436.299988 -28.699999
v 188.500000 436.500000 -28.699999
v 184.920242 433.190582 -28.699999
v 184.560776 433.194580 -28.699999
v 185.190475 433.842957 -28.699999
v 184.741226 433.868073 -28.699999
v 185.559418 434.445038 -28.699999
v 185.035904 434.500000 -28.699999
v 186.018021 434.981995 -28.699999
v 187.157043 403.790466 -28.699999
v 187.131912 403.341217 -28.699999
v 186.554962 404.159424 -28.699999
v 186.500000 403.635895 -28.699999
v 185.928848 404.035828 -28.699999
v 189.199997 436.299988 -28.699999
v 188.496048 436.244598 -28.699999
v 187.805405 436.439240 -28.699999
v 187.809418 436.079742 -28.699999
v 187.131912 436.258759 -28.699999
v 187.157043 435.809540 -28.699999
v 186.500000 435.964111 -28.699999
v 186.554962 435.440582 -28.699999
v 185.928848 435.564178 -28.699999
v 185.435822 435.071136 -28.699999
v 236.700012 407.799988 -28.699999
v 236.700012 431.799988 -28.699999
v 236.899994 432.500000 -28.699999
v 236.644608 432.503967 -28.699999
v 236.839233 433.194580 -28.699999
v 236.479752 433.190582 -28.699999
v 236.658768 433.868073 -28.699999
v 236.209534 433.842957 -28.699999
v 236.364105 434.500000 -28.699999
v 235.840576 434.445038 -28.699999
v 235.964172 435.071136 -28.699999
v 235.471146 435.564178 -28.699999
v 188.496048 403.355408 -28.699999
v 189.199997 403.299988 -28.699999
v 232.199997 403.299988 -28.699999
v 266.828888 422.410522 30.000000
v 266.318512 424.976379 30.000000
v 258.250000 407.049988 30.000000
v 256.750000 405.549988 30.000000
v 259.175232 403.932922 30.000000
v 261.142151 405.657867 30.000000
v 262.867065 407.624786 30.000000
v 176.944092 405.562714 30.000000
v 177.699265 402.866028 30.000000
v 211.750000 407.049988 30.000000
v 178.572021 399.799988 30.000000
v 213.250000 405.549988 30.000000
v 247.000000 399.799988 30.000000
v 249.610519 399.971100 30.000000
v 252.176376 400.481476 30.000000
v 254.653671 401.322418 30.000000
v 257.000000 402.479492 30.000000
v 256.750000 434.049988 30.000000
v 247.000000 439.799988 30.000000
v 213.250000 434.049988 30.000000
v 178.572021 439.799988 30.000000
v 211.750000 432.549988 30.000000
v 178.127792 438.197235 30.000000
v 264.320526 409.799988 30.000000
v 265.477600 412.146332 30.000000
v 266.318512 414.623627 30.000000
v 266.828888 417.189484 30.000000
v 267.000000 419.799988 30.000000
v 258.250000 432.549988 30.000000
v 262.867065 431.975220 30.000000
v 254.653671 438.277588 30.000000
v 252.176376 439.118530 30.000000
v 249.610519 439.628906 30.000000
v 265.477600 427.453674 30.000000
v 264.320526 429.799988 30.000000
v 177.588470 436.366638 30.000000
v 177.122696 434.726685 30.000000
v 176.803604 433.464874 30.000000
v 261.142151 433.942139 30.000000
v 259.175232 435.667053 30.000000
v 257.000000 437.120514 30.000000
v 175.245560 419.799988 30.000000
v 175.309479 422.623688 30.000000
v 175.499420 425.418671 30.000000
v 175.265137 418.237885 30.000000
v 175.403824 415.358643 30.000000
v 175.672775 412.528351 30.000000
v 176.257477 430.902008 30.000000
v 175.814301 428.174316 30.000000
v 176.067627 409.766296 30.000000
v 176.585327 407.086914 30.000000
v 65.426872 402.197754 -30.000000
v 65.335625 401.799988 -30.000000
v 59.000000 401.799988 -30.000000
v 59.000000 437.799988 -30.000000
v 66.894516 428.614227 -30.000000
v 67.188057 425.317352 -30.000000
v 65.335625 437.799988 -30.000000
v 65.955132 434.872162 -30.000000
v 66.499794 431.668457 -30.000000
v 67.110596 413.246887 -30.000000
v 66.780922 410.006561 -30.000000
v 67.346191 422.007935 -30.000000
v 67.376442 419.799988 -30.000000
v 67.309486 416.512756 -30.000000
v 66.322495 406.797180 -30.000000
v 65.735771 403.624969 -30.000000
v 59.000000 447.799988 -20.000000
v 59.000000 447.799988 20.000000
v 65.335625 447.799988 -20.000000
v 65.335625 447.799988 20.000000
v 65.594849 447.799988 -19.997875
v 65.594849 447.799988 19.997875
v 65.853996 447.799988 19.991497
v 66.505020 447.799988 17.404974
v 67.765762 447.799988 -10.438187
v 67.293938 447.799988 -13.506043
v 68.456779 447.799988 -0.000000
v 68.429085 447.799988 -2.090560
v 66.712082 447.799988 -16.480585
v 66.022758 447.799988 -19.361616
v 65.853996 447.799988 -19.991497
v 67.507164 447.799988 12.219766
v 67.928375 447.799988 9.135730
v 68.276131 447.799988 -5.349108
v 67.989487 447.799988 -8.594174
v 66.950653 447.799988 15.337495
v 68.237877 447.799988 5.888409
v 68.413254 447.799988 2.622230
v 65.426872 437.402222 30.000000
v 65.335625 437.799988 30.000000
v 59.000000 437.799988 30.000000
v 59.000000 401.799988 30.000000
v 66.894516 410.985779 30.000000
v 67.188057 414.282654 30.000000
v 65.335625 401.799988 30.000000
v 65.955132 404.727844 30.000000
v 66.499794 407.931549 30.000000
v 67.110596 426.353119 30.000000
v 66.780922 429.593445 30.000000
v 67.346191 417.592072 30.000000
v 67.376442 419.799988 30.000000
v 67.309486 423.087250 30.000000
v 66.322495 432.802795 30.000000
v 65.735771 435.975037 30.000000
v 65.594849 391.799988 19.997875
v 65.335625 391.799988 20.000000
v 65.594849 391.799988 -19.997875
v 59.000000 391.799988 20.000000
v 59.000000 391.799988 -20.000000
v 65.335625 391.799988 -20.000000
v 65.853996 391.799988 -19.991497
v 66.505020 391.799988 -17.404974
v 67.765762 391.799988 10.438187
v 67.293938 391.799988 13.506043
v 68.456779 391.799988 -0.000000
v 68.429085 391.799988 2.090560
v 66.712082 391.799988 16.480585
v 66.022758 391.799988 19.361614
v 65.853996 391.799988 19.991497
v 67.507164 391.799988 -12.219766
v 67.928375 391.799988 -9.135730
v 68.276131 391.799988 5.349108
v 67.989487 391.799988 8.594174
v 66.950653 391.799988 -15.337495
v 68.237877 391.799988 -5.888409
v 68.413254 391.799988 -2.622230
v 59.000000 416.240204 20.188559
v 59.000000 419.799988 20.500000
v 59.000000 423.359802 20.188559
v 59.000000 395.372131 27.660444
v 59.000000 396.799988 28.660255
v 59.000000 406.622864 15.703911
v 59.000000 441.220215 29.396927
v 59.000000 442.799988 28.660255
v 59.000000 432.977142 15.703911
v 59.000000 444.227875 27.660444
v 59.000000 439.536469 29.848078
v 59.000000 430.049988 17.753521
v 59.000000 426.811401 19.263700
v 59.000000 394.139557 26.427876
v 59.000000 404.096100 13.177146
v 59.000000 402.046478 10.250000
v 59.000000 400.536285 7.011413
v 59.000000 445.460449 26.427876
v 59.000000 446.460266 25.000000
v 59.000000 435.503906 13.177146
v 59.000000 412.788574 19.263700
v 59.000000 409.549988 17.753521
v 59.000000 400.063507 29.848078
v 59.000000 398.379791 29.396927
v 59.000000 391.951935 21.736483
v 59.000000 392.403076 23.420202
v 59.000000 393.139740 25.000000
v 59.000000 399.611450 -3.559788
v 59.000000 399.299988 -0.000000
v 59.000000 399.611450 3.559788
v 59.000000 400.536285 -7.011413
v 59.000000 402.046478 -10.250000
v 59.000000 391.951935 -21.736483
v 59.000000 404.096100 -13.177146
v 59.000000 439.988556 3.559788
v 59.000000 440.299988 -0.000000
v 59.000000 439.988556 -3.559788
v 59.000000 439.063690 7.011413
v 59.000000 437.553528 10.250000
v 59.000000 447.648071 21.736483
v 59.000000 447.196930 23.420202
v 59.000000 398.379791 -29.396927
v 59.000000 396.799988 -28.660255
v 59.000000 406.622864 -15.703911
v 59.000000 395.372131 -27.660444
v 59.000000 423.359802 -20.188559
v 59.000000 419.799988 -20.500000
v 59.000000 416.240204 -20.188559
v 59.000000 435.503906 -13.177146
v 59.000000 437.553528 -10.250000
v 59.000000 439.063690 -7.011413
v 59.000000 400.063507 -29.848078
v 59.000000 409.549988 -17.753521
v 59.000000 412.788574 -19.263700
v 59.000000 426.811401 -19.263700
v 59.000000 430.049988 -17.753521
v 59.000000 439.536469 -29.848078
v 59.000000 432.977142 -15.703911
v 59.000000 441.220215 -29.396927
v 59.000000 447.648071 -21.736483
v 59.000000 447.196930 -23.420202
v 59.000000 446.460266 -25.000000
v 59.000000 445.460449 -26.427876
v 59.000000 394.139557 -26.427876
v 59.000000 393.139740 -25.000000
v 59.000000 392.403076 -23.420202
v 59.000000 444.227875 -27.660444
v 59.000000 442.799988 -28.660255
v 92.000000 440.483185 -17.355265
v 92.000000 439.979187 -17.938805
v 90.587997 440.459198 -18.448940
v 90.587997 443.379425 -13.970836
v 89.175995 443.668549 -14.283426
v 89.175995 444.787323 -11.670070
v 83.527985 443.893158 -18.337076
v 80.703979 444.652588 -19.146282
v 80.703979 445.403381 -16.158964
v 70.312042 447.667664 -10.777784
v 70.052124 447.713745 -8.819669
v 72.231972 447.570953 -7.260838
v 70.627129 447.599701 12.709704
v 71.368401 447.390625 16.222895
v 72.231972 447.317413 14.466582
v 82.800987 443.727478 19.589069
v 80.703979 444.652588 19.146282
v 78.453621 445.291992 19.625803
v 83.530830 443.420074 19.599613
v 83.527985 443.893158 18.337076
v 87.032150 441.689178 -19.697742
v 86.361923 442.058228 -19.675255
v 86.351990 443.133728 -17.527872
v 75.055977 446.559906 -17.409325
v 75.054626 446.292358 -19.771751
v 72.231972 447.138184 -18.034504
v 72.473228 446.968353 -19.942862
v 91.449692 438.677521 -19.759245
v 91.980774 438.238800 -19.739393
v 92.000000 438.222595 -19.738491
v 92.000000 438.222595 19.738491
v 92.000000 439.979187 17.938805
v 91.980774 438.238800 19.739393
v 91.437347 438.687500 19.759596
v 87.763992 441.419495 19.469423
v 87.771149 441.258179 19.722143
v 88.392296 440.875031 19.740992
v 85.144585 442.680054 19.637280
v 86.351990 443.133728 17.527872
v 86.361969 442.058197 19.675257
v 87.032379 441.689056 19.697750
v 75.055977 446.559906 17.409325
v 72.231972 447.138184 18.034504
v 72.038475 447.146393 18.683222
v 80.703979 445.403381 16.158964
v 77.879982 445.981659 16.784145
v 77.879990 445.471741 19.643522
v 72.473228 446.968353 19.942862
v 72.439827 446.976715 19.945347
v 75.055977 447.536682 -0.000000
v 69.588379 447.772339 2.661154
v 69.775940 447.752380 6.002792
v 69.734528 447.757233 -5.447553
v 69.571724 447.773865 -2.120769
v 69.542709 447.776398 -0.000000
v 72.439827 446.976715 -19.945347
v 71.717323 447.269714 -17.567118
v 70.900200 447.530518 -14.135679
v 89.185005 440.356598 -19.760586
v 88.405762 440.866516 -19.741373
v 89.175995 440.939331 -18.959181
v 87.763992 441.419495 -19.469423
v 87.763992 442.754028 -17.123270
v 92.000000 443.182678 -13.500000
v 92.000000 441.614868 -15.909463
v 90.587997 441.994598 -16.314066
v 80.703979 446.580139 -9.887116
v 83.527985 446.285828 -9.558270
v 83.527985 445.630676 -12.602241
v 86.351990 445.209015 -12.136155
v 86.351990 444.246826 -14.908607
v 87.763992 443.957703 -14.596016
v 89.175995 442.374298 -16.718668
v 80.703979 446.970612 -6.633919
v 86.351990 445.991486 -9.229426
v 86.351990 446.570343 -6.215972
v 89.175995 446.370239 -6.006999
v 89.175995 445.697144 -8.900582
v 92.000000 445.403198 -8.571838
v 92.000000 445.171692 -9.234544
v 90.587997 444.576477 -11.437027
v 92.000000 444.365631 -11.203984
v 80.703979 446.970612 6.633919
v 80.703979 446.580139 9.887116
v 86.351990 445.991486 9.229426
v 86.351990 446.925385 -3.127195
v 80.703979 447.210052 -3.329916
v 86.351990 447.045563 -0.000000
v 80.703979 447.291138 -0.000000
v 86.351990 446.925385 3.127195
v 80.703979 447.210052 3.329916
v 86.351990 446.570343 6.215972
v 86.351990 444.246826 14.908607
v 83.527985 444.825104 15.533785
v 92.000000 446.170105 5.798027
v 92.000000 446.389801 4.688501
v 89.175995 446.370239 6.006999
v 87.763992 442.754028 17.123270
v 87.763992 443.957703 14.596016
v 80.703979 446.052368 13.068326
v 83.527985 445.630676 12.602241
v 86.351990 445.209015 12.136155
v 89.175995 444.787323 11.670070
v 89.175995 443.668549 14.283426
v 89.175995 442.374298 16.718668
v 89.175995 440.939331 18.959181
v 90.597816 439.344910 19.773182
v 90.587997 440.459198 18.448940
v 92.000000 440.483185 17.355265
v 90.587997 441.994598 16.314066
v 92.000000 445.403198 8.571838
v 89.175995 445.697144 8.900582
v 92.000000 445.171692 9.234544
v 90.587997 444.576477 11.437027
v 92.000000 444.365631 11.203984
v 90.587997 443.379425 13.970836
v 92.000000 443.182678 13.500000
v 92.000000 441.614868 15.909463
v 72.231972 447.570953 7.260838
v 75.055977 447.168823 10.544805
v 75.055977 447.370850 7.051865
v 70.122025 447.702271 9.390979
v 75.055977 446.895721 14.000497
v 75.055977 447.494751 -3.532636
v 75.055977 447.370850 -7.051865
v 75.055977 447.168823 -10.544805
v 78.480789 445.283356 -19.625038
v 77.879982 445.981659 -16.784145
v 75.055977 446.895721 -14.000497
v 72.231972 447.317413 -14.466582
v 85.158821 442.673126 -19.637688
v 83.527985 444.825104 -15.533785
v 80.703979 446.052368 -13.068326
v 77.879982 446.474030 -13.534411
v 83.530769 443.420105 -19.599613
v 82.824821 443.717682 -19.589344
v 92.000000 446.641144 2.924515
v 92.000000 446.799988 -0.000000
v 92.000000 446.641144 -2.924515
v 92.000000 446.389801 -4.688501
v 92.000000 446.170105 -5.798027
v 87.771271 441.258087 -19.722147
v 89.310196 406.678528 24.622383
v 89.310196 409.116302 25.567961
v 86.620392 408.677094 26.154922
v 81.240791 416.750214 28.333616
v 81.240791 413.720703 28.126993
v 86.620392 414.125336 27.303839
v 86.620392 416.948059 27.601271
v 86.620392 419.799988 27.701687
v 81.240791 419.799988 28.403376
v 89.310196 430.483704 25.567961
v 92.000000 430.044495 24.980997
v 92.000000 432.341675 23.910379
v 83.930595 436.697754 25.235243
v 81.240791 437.436768 26.093632
v 81.240791 434.661102 26.758953
v 87.341621 438.002533 23.047129
v 86.630371 437.960297 23.457031
v 86.620392 435.958710 24.376854
v 83.067467 401.805756 25.236538
v 83.930595 402.902252 25.235243
v 81.240791 402.163208 26.093632
v 92.000000 401.377411 19.738491
v 92.000000 402.444733 20.683199
v 91.981049 401.377625 19.754498
v 91.458336 401.387177 20.186953
v 89.310196 402.237152 22.281687
v 88.488312 401.527924 22.339075
v 90.665100 401.413269 20.811041
v 86.620392 403.641296 24.376854
v 86.630348 401.639709 23.457045
v 87.341209 401.597504 23.047373
v 85.337929 401.710510 24.151030
v 78.817696 401.860626 26.937820
v 81.240791 404.938904 26.758953
v 75.861900 401.806305 27.951675
v 75.861183 403.779144 28.183336
v 72.898483 401.686646 28.877251
v 71.675148 407.161133 29.446312
v 75.861183 410.102173 28.760572
v 71.174507 410.515778 29.626425
v 70.609924 419.799988 29.790010
v 73.171387 426.486237 29.361721
v 70.685532 423.224518 29.770617
v 70.915428 426.662476 29.706833
v 73.171387 433.118896 29.089731
v 71.913147 433.718384 29.349669
v 71.314758 430.147522 29.579205
v 73.171310 437.899872 28.795057
v 72.898483 437.913361 28.877251
v 72.766685 437.426666 28.947002
v 75.861183 432.679688 28.502769
v 78.791023 437.739532 26.947477
v 78.551315 437.741333 27.033829
v 78.550987 435.240967 27.471144
v 75.861885 437.793671 27.951679
v 75.861183 435.820831 28.183336
v 91.446205 438.212524 20.196787
v 89.320114 438.120605 21.785381
v 90.655098 436.903473 21.770596
v 89.310196 437.362854 22.281687
v 89.310196 435.219666 23.518465
v 91.981049 438.222382 19.754498
v 92.000000 437.155273 20.683199
v 89.310196 432.921478 24.622383
v 92.000000 433.299988 23.382687
v 90.655098 434.850159 23.089272
v 92.000000 434.480621 22.660076
v 92.000000 436.444183 21.259613
v 81.240791 431.801300 27.328846
v 83.930595 431.362091 26.741884
v 83.930595 434.081207 26.046764
v 86.620392 433.501343 25.334572
v 88.475235 438.071320 22.347500
v 81.240791 428.868866 27.788782
v 86.620392 430.922882 26.154922
v 86.620392 428.239899 26.816992
v 89.310196 427.925415 26.331097
v 86.620392 425.474670 27.303839
v 92.000000 427.611023 25.845465
v 92.000000 429.034546 25.371700
v 81.240791 422.849792 28.333616
v 86.620392 422.651947 27.601271
v 81.240791 425.879303 28.126993
v 83.930595 405.518768 26.046764
v 81.240791 410.731140 27.788782
v 86.620392 411.360107 26.816992
v 89.310196 411.674561 26.331097
v 92.000000 415.111511 26.589809
v 92.000000 417.145905 26.869234
v 90.655098 402.696533 21.770596
v 90.655098 404.749847 23.089272
v 89.310196 404.380341 23.518465
v 86.620392 406.098663 25.334572
v 83.930595 408.237915 26.741884
v 92.000000 409.555511 24.980997
v 92.000000 407.258331 23.910379
v 92.000000 406.299988 23.382687
v 92.000000 405.119354 22.660076
v 92.000000 403.155823 21.259613
v 92.000000 410.565460 25.371700
v 72.434669 403.487701 29.113848
v 73.171387 406.481110 29.089731
v 75.861183 406.920319 28.502769
v 81.240791 407.798706 27.328846
v 75.861183 429.497833 28.760572
v 75.861183 426.283936 28.950146
v 75.861183 419.799988 29.105064
v 70.643982 417.501892 29.781372
v 70.824890 414.034271 29.732809
v 70.914886 412.943512 29.706991
v 83.044228 437.793488 25.246893
v 85.324104 437.888794 24.158123
v 92.000000 419.799988 27.000000
v 92.000000 422.454102 26.869234
v 92.000000 424.488495 26.589809
v 92.000000 411.988983 25.845465
v 89.310196 432.921478 -24.622383
v 89.310196 430.483704 -25.567961
v 86.620392 430.922882 -26.154922
v 81.240791 422.849792 -28.333616
v 81.240791 425.879303 -28.126993
v 86.620392 425.474670 -27.303839
v 86.620392 422.651947 -27.601271
v 86.620392 419.799988 -27.701687
v 81.240791 419.799988 -28.403376
v 89.310196 409.116302 -25.567961
v 92.000000 409.555511 -24.980997
v 92.000000 407.258331 -23.910379
v 83.930595 402.902252 -25.235243
v 81.240791 402.163208 -26.093632
v 81.240791 404.938904 -26.758953
v 83.067467 437.794250 -25.236538
v 83.930595 436.697754 -25.235243
v 81.240791 437.436768 -26.093632
v 87.341621 401.597473 -23.047129
v 86.630371 401.639709 -23.457031
v 86.620392 403.641296 -24.376854
v 73.171310 401.700104 -28.795057
v 72.898483 401.686646 -28.877251
v 72.766685 402.173340 -28.947002
v 73.171387 406.481110 -29.089731
v 75.861183 406.920319 -28.502769
v 78.791023 401.860443 -26.947477
v 78.551315 401.858673 -27.033829
v 78.550987 404.359039 -27.471144
v 75.861885 401.806305 -27.951679
v 75.861183 403.779144 -28.183336
v 91.446205 401.387482 -20.196787
v 89.320114 401.479401 -21.785381
v 90.655098 402.696533 -21.770597
v 89.310196 402.237152 -22.281687
v 89.310196 404.380341 -23.518465
v 91.981049 401.377625 -19.754498
v 92.000000 402.444733 -20.683199
v 92.000000 401.377411 -19.738491
v 92.000000 437.155273 -20.683199
v 91.981049 438.222382 -19.754498
v 91.458336 438.212830 -20.186953
v 89.310196 437.362854 -22.281687
v 88.488312 438.072083 -22.339075
v 90.665100 438.186737 -20.811041
v 86.620392 435.958710 -24.376854
v 86.630348 437.960297 -23.457045
v 87.341209 438.002502 -23.047373
v 85.337929 437.889496 -24.151030
v 78.817696 437.739380 -26.937820
v 81.240791 434.661102 -26.758953
v 75.861900 437.793671 -27.951675
v 75.861183 435.820831 -28.183336
v 72.898483 437.913361 -28.877251
v 71.675148 432.438873 -29.446312
v 75.861183 429.497833 -28.760572
v 71.174507 429.084229 -29.626425
v 70.609924 419.799988 -29.790010
v 73.171387 413.113770 -29.361721
v 70.685532 416.375488 -29.770617
v 70.915428 412.937500 -29.706833
v 71.913147 405.881622 -29.349669
v 71.314758 409.452484 -29.579205
v 89.310196 406.678528 -24.622383
v 92.000000 406.299988 -23.382687
v 90.655098 404.749847 -23.089272
v 92.000000 405.119354 -22.660076
v 92.000000 403.155823 -21.259613
v 81.240791 407.798706 -27.328846
v 83.930595 408.237915 -26.741884
v 83.930595 405.518768 -26.046764
v 86.620392 406.098663 -25.334572
v 88.475235 401.528687 -22.347500
v 81.240791 410.731140 -27.788782
v 86.620392 408.677094 -26.154922
v 86.620392 411.360107 -26.816992
v 89.310196 411.674561 -26.331097
v 86.620392 414.125336 -27.303839
v 92.000000 411.988983 -25.845465
v 92.000000 410.565460 -25.371700
v 81.240791 416.750214 -28.333616
v 86.620392 416.948059 -27.601271
v 81.240791 413.720703 -28.126993
v 83.930595 434.081207 -26.046764
v 81.240791 428.868866 -27.788782
v 86.620392 428.239899 -26.816992
v 89.310196 427.925415 -26.331097
v 92.000000 424.488495 -26.589809
v 92.000000 422.454102 -26.869234
v 90.655098 436.903473 -21.770597
v 90.655098 434.850159 -23.089272
v 89.310196 435.219666 -23.518465
v 86.620392 433.501343 -25.334572
v 83.930595 431.362091 -26.741884
v 92.000000 430.044495 -24.980997
v 92.000000 432.341675 -23.910379
v 92.000000 433.299988 -23.382687
v 92.000000 434.480621 -22.660076
v 92.000000 436.444183 -21.259613
v 92.000000 429.034546 -25.371700
v 72.434669 436.112305 -29.113848
v 73.171387 433.118896 -29.089731
v 75.861183 432.679688 -28.502769
v 81.240791 431.801300 -27.328846
v 75.861183 410.102173 -28.760572
v 75.861183 413.316071 -28.950146
v 75.861183 419.799988 -29.105064
v 70.643982 422.098114 -29.781372
v 70.824890 425.565735 -29.732809
v 70.914886 426.656494 -29.706991
v 83.044228 401.806519 -25.246893
v 85.324104 401.711212 -24.158123
v 92.000000 419.799988 -27.000000
v 92.000000 417.145905 -26.869234
v 92.000000 415.111511 -26.589809
v 92.000000 427.611023 -25.845465
v 92.000000 399.116791 17.355265
v 92.000000 399.620819 17.938805
v 90.587997 399.140808 18.448940
v 90.587997 396.220581 13.970836
v 89.175995 395.931427 14.283426
v 89.175995 394.812683 11.670070
v 83.527985 395.706848 18.337076
v 80.703979 394.947418 19.146282
v 80.703979 394.196625 16.158964
v 70.312042 391.932312 10.777784
v 70.052124 391.886261 8.819669
v 72.231972 392.029022 7.260838
v 70.627129 392.000275 -12.709704
v 71.368401 392.209351 -16.222895
v 72.231972 392.282593 -14.466582
v 82.800987 395.872528 -19.589069
v 80.703979 394.947418 -19.146282
v 78.453621 394.308014 -19.625803
v 83.530830 396.179932 -19.599613
v 83.527985 395.706848 -18.337076
v 87.032150 397.910828 19.697742
v 86.361923 397.541779 19.675255
v 86.351990 396.466278 17.527872
v 75.055977 393.040070 17.409325
v 75.054626 393.307648 19.771751
v 72.231972 392.461823 18.034504
v 72.473228 392.631653 19.942862
v 91.449692 400.922485 19.759245
v 91.980774 401.361206 19.739393
v 92.000000 399.620819 -17.938805
v 91.980774 401.361206 -19.739393
v 91.437347 400.912506 -19.759596
v 87.763992 398.180511 -19.469423
v 87.771149 398.341827 -19.722143
v 88.392296 398.724976 -19.740992
v 85.144585 396.919922 -19.637280
v 86.351990 396.466278 -17.527872
v 86.361969 397.541779 -19.675257
v 87.032379 397.910950 -19.697750
v 75.055977 393.040070 -17.409325
v 72.231972 392.461823 -18.034504
v 72.038475 392.453613 -18.683222
v 80.703979 394.196625 -16.158964
v 77.879982 393.618347 -16.784145
v 77.879990 394.128235 -19.643522
v 72.473228 392.631653 -19.942862
v 72.439827 392.623260 -19.945347
v 75.055977 392.063293 -0.000000
v 69.588379 391.827667 -2.661154
v 69.775940 391.847626 -6.002792
v 69.734528 391.842773 5.447553
v 69.571724 391.826141 2.120769
v 69.542709 391.823608 -0.000000
v 72.439827 392.623260 19.945347
v 71.717323 392.330292 17.567118
v 70.900200 392.069489 14.135679
v 89.185005 399.243408 19.760586
v 88.405762 398.733490 19.741373
v 89.175995 398.660645 18.959181
v 87.763992 398.180511 19.469423
v 87.763992 396.845978 17.123270
v 92.000000 396.417328 13.500000
v 92.000000 397.985107 15.909463
v 90.587997 397.605408 16.314066
v 80.703979 393.019836 9.887116
v 83.527985 393.314178 9.558270
v 83.527985 393.969330 12.602241
v 86.351990 394.390991 12.136155
v 86.351990 395.353180 14.908607
v 87.763992 395.642303 14.596016
v 89.175995 397.225708 16.718668
v 80.703979 392.629395 6.633919
v 86.351990 393.608521 9.229426
v 86.351990 393.029633 6.215972
v 89.175995 393.229767 6.006999
v 89.175995 393.902832 8.900582
v 92.000000 394.196808 8.571838
v 92.000000 394.428314 9.234544
v 90.587997 395.023529 11.437027
v 92.000000 395.234344 11.203984
v 80.703979 392.629395 -6.633919
v 80.703979 393.019836 -9.887116
v 86.351990 393.608521 -9.229426
v 86.351990 392.674622 3.127195
v 80.703979 392.389923 3.329916
v 86.351990 392.554443 -0.000000
v 80.703979 392.308868 -0.000000
v 86.351990 392.674622 -3.127195
v 80.703979 392.389923 -3.329916
v 86.351990 393.029633 -6.215972
v 86.351990 395.353180 -14.908607
v 83.527985 394.774902 -15.533785
v 92.000000 393.429901 -5.798027
v 92.000000 393.210205 -4.688501
v 89.175995 393.229767 -6.006999
v 87.763992 396.845978 -17.123270
v 87.763992 395.642303 -14.596016
v 80.703979 393.547638 -13.068326
v 83.527985 393.969330 -12.602241
v 86.351990 394.390991 -12.136155
v 89.175995 394.812683 -11.670070
v 89.175995 395.931427 -14.283426
v 89.175995 397.225708 -16.718668
v 89.175995 398.660645 -18.959181
v 90.597816 400.255066 -19.773182
v 90.587997 399.140808 -18.448940
v 92.000000 399.116791 -17.355265
v 90.587997 397.605408 -16.314066
v 92.000000 394.196808 -8.571838
v 89.175995 393.902832 -8.900582
v 92.000000 394.428314 -9.234544
v 90.587997 395.023529 -11.437027
v 92.000000 395.234344 -11.203984
v 90.587997 396.220581 -13.970836
v 92.000000 396.417328 -13.500000
v 92.000000 397.985107 -15.909463
v 72.231972 392.029022 -7.260838
v 75.055977 392.431183 -10.544805
v 75.055977 392.229156 -7.051865
v 70.122025 391.897736 -9.390979
v 75.055977 392.704285 -14.000497
v 75.055977 392.105255 3.532636
v 75.055977 392.229156 7.051865
v 75.055977 392.431183 10.544805
v 78.480789 394.316650 19.625038
v 77.879982 393.618347 16.784145
v 75.055977 392.704285 14.000497
v 72.231972 392.282593 14.466582
v 85.158821 396.926880 19.637688
v 83.527985 394.774902 15.533785
v 80.703979 393.547638 13.068326
v 77.879982 393.125946 13.534411
v 83.530769 396.179901 19.599613
v 82.824821 395.882324 19.589344
v 92.000000 392.958862 -2.924515
v 92.000000 392.799988 -0.000000
v 92.000000 392.958862 2.924515
v 92.000000 393.210205 4.688501
v 92.000000 393.429901 5.798027
v 87.771271 398.341888 19.722147
v 96.000000 406.299988 23.382687
v 96.000000 403.929810 21.843460
v 96.000000 402.444733 20.683199
v 96.000000 401.317230 19.682152
v 96.000000 399.116791 17.355265
v 96.000000 398.996155 17.210447
v 96.000000 397.003143 14.467323
v 96.000000 396.417328 13.500000
v 96.000000 394.121460 8.343459
v 96.000000 393.278259 5.059295
v 96.000000 393.210205 4.688501
v 96.000000 395.369659 11.496041
v 96.000000 394.428314 9.234544
v 96.000000 392.853271 1.695344
v 96.000000 392.799988 -0.000000
v 96.000000 392.853271 -1.695344
v 96.000000 393.210205 -4.688501
v 96.000000 393.278259 -5.059295
v 96.000000 394.121460 -8.343459
v 96.000000 394.428314 -9.234544
v 96.000000 395.369659 -11.496041
v 96.000000 396.417328 -13.500000
v 96.000000 397.003143 -14.467323
v 96.000000 398.996155 -17.210447
v 96.000000 399.116791 -17.355265
v 96.000000 401.317230 -19.682152
v 96.000000 402.444733 -20.683199
v 96.000000 403.929810 -21.843460
v 96.000000 406.299988 -23.382687
v 96.000000 406.792664 -23.660280
v 96.000000 409.860626 -25.103966
v 96.000000 410.565460 -25.371700
v 96.000000 413.085358 -26.151745
v 96.000000 415.111511 -26.589809
v 96.000000 416.416016 -26.787096
v 96.000000 419.799988 -27.000000
v 96.000000 423.183990 -26.787096
v 96.000000 424.488495 -26.589809
v 96.000000 426.514618 -26.151745
v 96.000000 429.034546 -25.371700
v 96.000000 429.739349 -25.103966
v 96.000000 432.807343 -23.660280
v 96.000000 433.299988 -23.382687
v 96.000000 435.670197 -21.843460
v 96.000000 437.155273 -20.683199
v 96.000000 438.282776 -19.682152
v 96.000000 440.483185 -17.355265
v 96.000000 440.603851 -17.210447
v 96.000000 442.596863 -14.467323
v 96.000000 443.182678 -13.500000
v 96.000000 445.478516 -8.343459
v 96.000000 446.321747 -5.059295
v 96.000000 446.389801 -4.688501
v 96.000000 444.230316 -11.496041
v 96.000000 445.171692 -9.234544
v 96.000000 446.746735 -1.695344
v 96.000000 446.799988 -0.000000
v 96.000000 446.746735 1.695344
v 96.000000 446.389801 4.688501
v 96.000000 446.321747 5.059295
v 96.000000 445.478516 8.343459
v 96.000000 445.171692 9.234544
v 96.000000 444.230316 11.496041
v 96.000000 443.182678 13.500000
v 96.000000 442.596863 14.467323
v 96.000000 440.603851 17.210447
v 96.000000 440.483185 17.355265
v 96.000000 438.282776 19.682152
v 96.000000 437.155273 20.683199
v 96.000000 435.670197 21.843460
v 96.000000 433.299988 23.382687
v 96.000000 432.807343 23.660280
v 96.000000 429.739349 25.103966
v 96.000000 429.034546 25.371700
v 96.000000 426.514618 26.151745
v 96.000000 424.488495 26.589809
v 96.000000 423.183990 26.787096
v 96.000000 419.799988 27.000000
v 96.000000 416.416016 26.787096
v 96.000000 415.111511 26.589809
v 96.000000 413.085358 26.151745
v 96.000000 410.565460 25.371700
v 96.000000 409.860626 25.103966
v 96.000000 406.792664 23.660280
v 102.000000 416.361755 -19.499193
v 102.000000 417.167999 -20.834408
v 102.000000 419.799988 -19.799999
v 102.000000 419.799988 -21.000000
v 102.000000 423.238220 -19.499193
v 102.000000 436.947296 9.900000
v 102.000000 437.530884 11.252362
v 102.000000 434.967682 12.727195
v 102.000000 435.980774 13.385904
v 102.000000 432.527191 15.167680
v 102.000000 439.600006 -0.000000
v 102.000000 440.758575 1.318601
v 102.000000 439.299194 3.438234
v 102.000000 440.428040 3.935007
v 102.000000 438.405914 6.771999
v 102.000000 439.772186 6.489357
v 102.000000 438.801361 8.941365
v 102.000000 407.072815 -15.167680
v 102.000000 407.456512 -16.989357
v 102.000000 409.899994 -17.147303
v 102.000000 409.683167 -18.402441
v 102.000000 413.028015 -18.605913
v 102.000000 412.069397 -19.525307
v 102.000000 414.577515 -20.340246
v 102.000000 402.652710 -9.900000
v 102.000000 402.069122 -11.252362
v 102.000000 404.632324 -12.727195
v 102.000000 403.619232 -13.385904
v 102.000000 405.424500 -15.308341
v 102.000000 432.527191 -15.167680
v 102.000000 434.175476 -15.308341
v 102.000000 434.967682 -12.727195
v 102.000000 435.980774 -13.385904
v 102.000000 436.947296 -9.900000
v 102.000000 407.072815 15.167680
v 102.000000 405.424500 15.308341
v 102.000000 404.632324 12.727195
v 102.000000 403.619232 13.385904
v 102.000000 402.652710 9.900000
v 102.000000 437.530884 -11.252362
v 102.000000 438.801361 -8.941365
v 102.000000 438.405914 -6.771999
v 102.000000 439.772186 -6.489357
v 102.000000 439.299194 -3.438234
v 102.000000 440.428040 -3.935007
v 102.000000 440.758575 -1.318601
v 102.000000 422.432007 -20.834408
v 102.000000 425.022491 -20.340246
v 102.000000 426.571991 -18.605913
v 102.000000 427.530609 -19.525307
v 102.000000 429.700012 -17.147303
v 102.000000 429.916840 -18.402441
v 102.000000 432.143494 -16.989357
v 102.000000 400.000000 -0.000000
v 102.000000 398.841431 -1.318601
v 102.000000 400.300812 -3.438234
v 102.000000 399.171967 -3.935007
v 102.000000 401.194092 -6.771999
v 102.000000 399.827820 -6.489357
v 102.000000 400.798645 -8.941365
v 102.000000 402.069122 11.252362
v 102.000000 400.798645 8.941365
v 102.000000 401.194092 6.771999
v 102.000000 399.827820 6.489357
v 102.000000 400.300812 3.438234
v 102.000000 399.171967 3.935007
v 102.000000 398.841431 1.318601
v 102.000000 416.361755 19.499193
v 102.000000 414.577515 20.340246
v 102.000000 413.028015 18.605913
v 102.000000 412.069397 19.525307
v 102.000000 409.899994 17.147303
v 102.000000 409.683167 18.402441
v 102.000000 407.456512 16.989357
v 102.000000 423.238220 19.499193
v 102.000000 422.432007 20.834408
v 102.000000 419.799988 19.799999
v 102.000000 419.799988 21.000000
v 102.000000 417.167999 20.834408
v 102.000000 434.175476 15.308341
v 102.000000 432.143494 16.989357
v 102.000000 429.700012 17.147303
v 102.000000 429.916840 18.402441
v 102.000000 426.571991 18.605913
v 102.000000 427.530609 19.525307
v 102.000000 425.022491 20.340246
v 65.758858 437.837952 29.996456
v 72.848816 401.682800 28.892027
v 72.848816 437.917206 28.892027
v 69.346107 401.567078 29.684034
v 69.378029 401.566742 29.679003
v 69.223999 404.102203 29.777472
v 71.100212 401.586517 29.348335
v 65.758858 401.762054 29.996456
v 66.182068 401.724335 29.985826
v 67.599915 401.623322 29.898878
v 66.182068 437.875671 29.985826
v 71.506516 437.998016 29.253262
v 69.720016 438.035187 29.622593
v 69.288841 436.708618 29.735352
v 69.377731 438.033264 29.679049
v 67.949280 437.993927 29.865391
v 69.136177 433.263611 29.836885
v 69.057442 429.871643 29.894579
v 69.018616 426.508270 29.926600
v 69.001396 423.156036 29.942589
v 68.996590 419.799988 29.947447
v 68.998703 417.546875 29.945282
v 69.011353 414.158142 29.933111
v 69.042549 410.749908 29.906431
v 69.101921 407.544189 29.861193
v 67.255508 391.837921 20.082224
v 70.713425 392.249603 20.075350
v 69.464859 392.049194 20.116180
v 69.228081 391.932922 17.026756
v 68.980904 391.987213 20.120262
v 68.981339 391.987274 -20.120262
v 69.464859 392.049194 -20.116180
v 69.290009 391.963928 -18.048317
v 70.713684 392.249664 -20.075336
v 67.256020 391.837952 -20.082247
v 69.101944 391.867462 13.821713
v 69.040588 391.833099 10.608212
v 69.021698 391.821564 8.707019
v 69.005638 391.810699 5.398352
v 69.000557 391.806549 2.105669
v 68.999870 391.805908 -0.000000
v 69.000977 391.806915 -2.641697
v 69.007278 391.811920 -5.945628
v 69.026276 391.824432 -9.263479
v 69.070282 391.850128 -12.465226
v 69.168625 391.902557 -15.782018
v 71.114632 447.273590 20.052841
v 67.600502 447.741211 -20.096357
v 71.114120 447.273682 -20.052872
v 69.464920 447.550781 -20.116179
v 69.228081 447.667084 -17.026756
v 69.349831 447.566345 -20.117741
v 67.600777 447.741211 20.096367
v 69.101944 447.732544 -13.821713
v 69.040588 447.766907 -10.608212
v 69.021698 447.778442 -8.707019
v 69.005638 447.789307 -5.398352
v 69.000557 447.793457 -2.105669
v 68.999870 447.794098 -0.000000
v 69.000977 447.793091 2.641697
v 69.007278 447.788086 5.945628
v 69.026276 447.775543 9.263479
v 69.070282 447.749878 12.465226
v 69.168625 447.697449 15.782018
v 69.290009 447.636047 18.048317
v 69.350273 447.566284 20.117735
v 72.848816 437.917206 -28.892027
v 65.758858 401.762054 -29.996456
v 66.182068 401.724335 -29.985826
v 71.100471 401.586517 -29.348276
v 69.378029 401.566742 -29.679003
v 69.288841 402.891388 -29.735352
v 69.346542 401.567078 -29.683966
v 67.600426 401.623291 -29.898834
v 72.848816 401.682800 -28.892027
v 69.377731 438.033264 -29.679049
v 69.719574 438.035187 -29.622667
v 69.223999 435.497803 -29.777472
v 71.505997 437.998047 -29.253386
v 65.758858 437.837952 -29.996456
v 66.182068 437.875671 -29.985826
v 67.949005 437.993927 -29.865419
v 69.136177 406.336395 -29.836885
v 69.057442 409.728363 -29.894579
v 69.018616 413.091736 -29.926600
v 69.001396 416.443939 -29.942589
v 68.996590 419.799988 -29.947447
v 68.998703 422.053131 -29.945282
v 69.011353 425.441864 -29.933111
v 69.042549 428.850098 -29.906431
v 69.101921 432.055817 -29.861193
v 72.861038 446.611206 21.582579
v 82.984978 443.259186 20.517504
v 88.502602 438.468170 22.076132
v 91.446266 438.273224 20.143579
v 88.440231 440.576691 20.115944
v 91.981010 438.224426 19.752611
v 91.980980 438.226501 19.750723
v 91.980949 438.228546 19.748837
v 91.980911 438.230591 19.746950
v 91.980881 438.232635 19.745062
v 91.980843 438.234711 19.743172
v 91.980812 438.236755 19.741283
v 91.445992 438.333557 20.089956
v 91.445381 438.393494 20.035915
v 91.444443 438.453064 19.981461
v 91.443169 438.512268 19.926598
v 91.441559 438.571075 19.871332
v 91.439621 438.629486 19.815662
v 88.519203 438.853516 21.787779
v 88.525002 439.226379 21.483110
v 88.519981 439.585968 21.162832
v 88.504143 439.931396 20.827688
v 88.477547 440.261902 20.478455
v 85.270355 442.248901 20.346136
v 85.406120 438.625610 23.764925
v 85.458496 439.332275 23.315393
v 85.480873 440.003845 22.812698
v 85.473083 440.635590 22.260378
v 85.435188 441.223022 21.662319
v 85.367455 441.762085 21.022739
v 83.169830 438.749817 24.817017
v 83.251419 439.663544 24.293957
v 83.288086 440.524475 23.683550
v 83.279427 441.322998 22.992598
v 83.225540 442.050201 22.228809
v 83.127029 442.698029 21.400700
v 78.734955 444.834961 20.901775
v 78.952995 444.207764 22.116375
v 79.103561 443.422485 23.246328
v 79.183784 442.494141 24.269987
v 79.192108 441.440521 25.167734
v 79.128387 440.281830 25.922369
v 78.993828 439.040222 26.519430
v 73.191536 439.573914 28.526138
v 73.389900 441.166962 27.902103
v 73.487694 442.645294 27.023661
v 73.482010 443.964966 25.916864
v 73.373024 445.086914 24.614553
v 73.163971 445.977783 23.155363
v 73.115028 439.397278 28.594193
v 73.143219 439.579529 28.541462
v 73.307312 440.828186 28.078754
v 73.343254 441.174286 27.917204
v 73.421127 442.176361 27.357824
v 73.442978 442.654022 27.037809
v 73.453812 443.410034 26.448347
v 73.439415 443.974762 25.929422
v 73.404594 444.500275 25.371696
v 73.332680 445.097260 24.624994
v 73.274635 445.421417 24.153177
v 73.125938 445.988129 23.163305
v 73.066978 446.151855 22.821426
v 72.825340 446.620911 21.587811
v 72.786514 446.674377 21.407742
v 65.335625 447.648071 21.736483
v 65.335625 447.196930 23.420202
v 65.335625 446.460266 25.000000
v 65.335625 445.460449 26.427876
v 65.335625 444.227875 27.660444
v 65.335625 442.799988 28.660255
v 65.335625 441.220215 29.396927
v 65.335625 439.536469 29.848078
v 71.737076 439.539276 28.986437
v 71.421631 447.005676 21.580519
v 71.671486 446.499756 23.057489
v 71.857956 445.768463 24.446825
v 71.976372 444.830078 25.713799
v 72.023773 443.708038 26.826738
v 71.998985 442.430420 27.757818
v 71.902611 441.029175 28.483767
v 69.589630 447.342896 21.724272
v 69.787071 446.859192 23.278372
v 69.937279 446.128204 24.738256
v 70.036232 445.169586 26.064682
v 70.081245 444.009094 27.221991
v 70.071136 442.677917 28.179075
v 70.006149 441.211823 28.910204
v 69.888054 439.650269 29.395727
v 66.176697 439.602661 29.822378
v 68.038475 439.671570 29.673941
v 66.161621 441.275452 29.363085
v 68.096222 441.294678 29.203600
v 66.137291 442.843628 28.621771
v 68.120880 442.816864 28.467813
v 66.104431 444.260010 27.620745
v 68.111732 444.194611 27.487621
v 66.064034 445.482025 26.390129
v 68.069046 445.388519 26.291044
v 66.017319 446.472839 24.966959
v 67.994034 446.364471 24.912296
v 65.965691 447.202667 23.394060
v 67.888855 447.094543 23.390795
v 65.910698 447.649536 21.718769
v 67.756508 447.557861 21.770039
v 65.623260 447.648804 21.729969
v 65.650810 447.199799 23.409689
v 65.676674 446.466583 24.986240
v 65.700058 445.471283 26.411955
v 65.720268 444.244019 27.643719
v 65.736679 442.821899 28.644283
v 65.748802 441.247925 29.383398
v 65.756271 439.569702 29.838713
v 78.761566 444.826019 -20.899075
v 73.191536 439.573914 -28.526138
v 91.451889 438.620728 -19.814064
v 91.980812 438.236755 -19.741283
v 91.980843 438.234711 -19.743172
v 91.980881 438.232635 -19.745062
v 91.980911 438.230591 -19.746950
v 91.980949 438.228546 -19.748837
v 91.980980 438.226501 -19.750723
v 91.981010 438.224426 -19.752611
v 91.453766 438.563538 -19.868504
v 91.455330 438.506012 -19.922560
v 91.456566 438.448090 -19.976229
v 91.457489 438.389832 -20.029505
v 91.458092 438.331177 -20.082386
v 91.458374 438.272186 -20.134871
v 88.515488 438.467499 -22.068428
v 88.531967 438.851410 -21.780920
v 88.537712 439.222961 -21.477211
v 88.532700 439.581329 -21.158003
v 88.516953 439.925629 -20.824030
v 88.490501 440.255066 -20.476061
v 88.453415 440.568939 -20.114899
v 85.419678 438.624908 -23.758163
v 85.284233 442.242310 -20.345146
v 85.381058 441.756042 -21.020435
v 85.448601 441.217773 -21.658813
v 85.486397 440.631256 -22.255804
v 85.494179 440.000610 -22.807215
v 85.471886 439.330231 -23.309175
v 83.008240 443.249573 -20.515654
v 83.149841 442.688995 -21.396847
v 83.248055 442.042145 -22.223131
v 83.301781 441.316223 -22.985332
v 83.310432 440.519287 -23.674980
v 83.273911 439.660187 -24.284416
v 83.192619 438.748444 -24.806870
v 78.979172 444.199036 -22.111803
v 79.129440 443.414429 -23.240051
v 79.209511 442.487152 -24.262255
v 79.217842 441.434937 -25.158878
v 79.154282 440.277893 -25.912786
v 79.020042 439.038147 -26.509567
v 72.861038 446.611206 -21.582579
v 73.163971 445.977783 -23.155363
v 73.373024 445.086914 -24.614553
v 73.482010 443.964966 -25.916864
v 73.487694 442.645294 -27.023661
v 73.389900 441.166962 -27.902103
v 73.115028 439.397278 -28.594193
v 73.307312 440.828186 -28.078754
v 73.143219 439.579529 -28.541462
v 73.453812 443.410034 -26.448347
v 73.343254 441.174286 -27.917204
v 73.421127 442.176361 -27.357824
v 73.442978 442.654022 -27.037809
v 73.439415 443.974762 -25.929422
v 73.404594 444.500275 -25.371696
v 73.332680 445.097260 -24.624994
v 73.274635 445.421417 -24.153177
v 73.125938 445.988129 -23.163305
v 73.066978 446.151855 -22.821426
v 72.786514 446.674377 -21.407742
v 72.825340 446.620911 -21.587811
v 68.038185 439.671570 -29.673973
v 71.421104 447.005798 -21.580578
v 71.736542 439.539337 -28.986574
v 71.902069 441.029236 -28.483910
v 71.998428 442.430511 -27.757959
v 72.023216 443.708130 -26.826870
v 71.975815 444.830170 -25.713919
v 71.857399 445.768585 -24.446926
v 71.670944 446.499878 -23.057570
v 69.589172 447.342957 -21.724297
v 69.786598 446.859283 -23.278414
v 69.936798 446.128296 -24.738316
v 70.035744 445.169647 -26.064754
v 70.080757 444.009155 -27.222075
v 70.070648 442.677948 -28.179165
v 70.005676 441.211853 -28.910295
v 69.887596 439.650269 -29.395813
v 67.756226 447.557892 -21.770039
v 67.888557 447.094543 -23.390804
v 67.993736 446.364471 -24.912313
v 68.068733 445.388550 -26.291069
v 68.111420 444.194611 -27.487650
v 68.120575 442.816864 -28.467848
v 68.095924 441.294678 -29.203634
v 65.910698 447.649536 -21.718769
v 65.965691 447.202667 -23.394060
v 66.017319 446.472839 -24.966959
v 66.064034 445.482025 -26.390129
v 66.104431 444.260010 -27.620745
v 66.137291 442.843628 -28.621771
v 66.161621 441.275452 -29.363085
v 66.176697 439.602661 -29.822378
v 65.335625 439.536469 -29.848078
v 65.335625 441.220215 -29.396927
v 65.335625 442.799988 -28.660255
v 65.335625 444.227875 -27.660444
v 65.335625 445.460449 -26.427876
v 65.335625 446.460266 -25.000000
v 65.335625 447.196930 -23.420202
v 65.335625 447.648071 -21.736483
v 65.623260 447.648804 -21.729969
v 65.650810 447.199799 -23.409689
v 65.676674 446.466583 -24.986240
v 65.700058 445.471283 -26.411955
v 65.720268 444.244019 -27.643719
v 65.736679 442.821899 -28.644283
v 65.748802 441.247925 -29.383398
v 65.756271 439.569702 -29.838713
v 65.335625 391.951935 -21.736483
v 65.335625 392.403076 -23.420202
v 65.335625 393.139740 -25.000000
v 65.335625 394.139557 -26.427876
v 65.335625 395.372131 -27.660444
v 65.335625 396.799988 -28.660255
v 65.335625 398.379791 -29.396927
v 65.335625 400.063507 -29.848078
v 65.623260 391.951202 -21.729969
v 65.650810 392.400177 -23.409689
v 65.676674 393.133423 -24.986240
v 65.700058 394.128723 -26.411955
v 65.720268 395.355988 -27.643719
v 65.736679 396.778107 -28.644283
v 65.748802 398.352081 -29.383398
v 65.756271 400.030304 -29.838713
v 65.910698 391.950470 -21.718769
v 65.965691 392.397339 -23.394060
v 66.017319 393.127167 -24.966959
v 66.064034 394.117981 -26.390129
v 66.104431 395.339966 -27.620745
v 66.137291 396.756378 -28.621771
v 66.161621 398.324554 -29.363085
v 66.176697 399.997314 -29.822378
v 72.861038 392.988800 -21.582579
v 82.984978 396.340820 -20.517504
v 88.502602 401.131836 -22.076132
v 91.446266 401.326782 -20.143579
v 88.440231 399.023315 -20.115944
v 91.981010 401.375580 -19.752611
v 91.980980 401.373505 -19.750723
v 91.980949 401.371460 -19.748837
v 91.980911 401.369415 -19.746950
v 91.980881 401.367340 -19.745062
v 91.980843 401.365295 -19.743172
v 91.980812 401.363251 -19.741283
v 91.445992 401.266449 -20.089956
v 91.445381 401.206512 -20.035915
v 91.444443 401.146912 -19.981461
v 91.443169 401.087738 -19.926598
v 91.441559 401.028931 -19.871332
v 91.439621 400.970520 -19.815662
v 88.519203 400.746490 -21.787779
v 88.525002 400.373627 -21.483110
v 88.519981 400.014038 -21.162832
v 88.504143 399.668610 -20.827688
v 88.477547 399.338104 -20.478455
v 85.270355 397.351105 -20.346136
v 85.406120 400.974396 -23.764925
v 85.458496 400.267731 -23.315393
v 85.480873 399.596161 -22.812698
v 85.473083 398.964417 -22.260378
v 85.435188 398.376953 -21.662319
v 85.367455 397.837921 -21.022739
v 83.169830 400.850189 -24.817017
v 83.251419 399.936462 -24.293957
v 83.288086 399.075531 -23.683550
v 83.279427 398.277008 -22.992598
v 83.225540 397.549805 -22.228809
v 83.127029 396.901978 -21.400700
v 78.734955 394.765045 -20.901775
v 78.952995 395.392212 -22.116375
v 79.103561 396.177490 -23.246328
v 79.183784 397.105835 -24.269987
v 79.192108 398.159485 -25.167734
v 79.128387 399.318176 -25.922369
v 78.993828 400.559753 -26.519430
v 73.191536 400.026093 -28.526138
v 73.389900 398.433014 -27.902103
v 73.487694 396.954712 -27.023661
v 73.482010 395.635010 -25.916864
v 73.373024 394.513092 -24.614553
v 73.163971 393.622192 -23.155363
v 67.393394 392.014130 -21.767641
v 67.511414 392.473846 -23.400188
v 67.606682 393.203766 -24.932697
v 67.676445 394.182831 -26.320877
v 67.718674 395.382721 -27.524597
v 67.732155 396.768768 -28.509068
v 67.716507 398.300903 -29.245831
v 67.672165 399.934814 -29.713593
v 69.499336 399.937836 -29.465023
v 69.605797 398.362427 -28.982927
v 69.663033 396.883789 -28.250822
v 69.669472 395.542206 -27.288658
v 69.624947 394.374237 -26.122663
v 69.530670 393.411743 -24.784618
v 69.389206 392.680969 -23.310991
v 69.204414 392.201782 -21.741951
v 71.318344 400.027649 -29.090750
v 73.115028 400.202728 -28.594193
v 73.143219 400.020477 -28.541462
v 71.474289 398.520752 -28.592022
v 73.307312 398.771790 -28.078754
v 73.343254 398.425720 -27.917204
v 71.564346 397.104126 -27.864782
v 73.421127 397.423645 -27.357824
v 73.442978 396.945984 -27.037809
v 71.586227 395.813812 -26.927528
v 73.453812 396.189972 -26.448347
v 73.439415 395.625214 -25.929422
v 71.539368 394.682648 -25.804106
v 73.404594 395.099731 -25.371696
v 73.332680 394.502716 -24.624994
v 71.424957 393.739410 -24.523088
v 73.274635 394.178589 -24.153177
v 73.125938 393.611847 -23.163305
v 71.245918 393.008057 -23.117065
v 72.786514 392.925629 -21.407742
v 71.006798 392.507233 -21.621801
v 72.825340 392.979095 -21.587811
v 73.066978 393.448151 -22.821426
v 78.761566 394.773987 20.899075
v 73.191536 400.026093 28.526138
v 91.451889 400.979279 19.814064
v 91.980812 401.363251 19.741283
v 91.980843 401.365295 19.743172
v 91.980881 401.367340 19.745062
v 91.980911 401.369415 19.746950
v 91.980949 401.371460 19.748837
v 91.980980 401.373505 19.750723
v 91.981010 401.375580 19.752611
v 91.453766 401.036438 19.868504
v 91.455330 401.093994 19.922560
v 91.456566 401.151917 19.976229
v 91.457489 401.210175 20.029505
v 91.458092 401.268829 20.082386
v 91.458374 401.327820 20.134871
v 88.515488 401.132507 22.068428
v 88.531967 400.748596 21.780920
v 88.537712 400.377014 21.477211
v 88.532700 400.018677 21.158003
v 88.516953 399.674377 20.824030
v 88.490501 399.344910 20.476061
v 88.453415 399.031036 20.114899
v 85.419678 400.975098 23.758163
v 85.284233 397.357697 20.345146
v 85.381058 397.843933 21.020435
v 85.448601 398.382233 21.658813
v 85.486397 398.968750 22.255804
v 85.494179 399.599396 22.807215
v 85.471886 400.269745 23.309175
v 83.008240 396.350403 20.515654
v 83.149841 396.911011 21.396847
v 83.248055 397.557861 22.223131
v 83.301781 398.283783 22.985332
v 83.310432 399.080719 23.674980
v 83.273911 399.939819 24.284416
v 83.192619 400.851532 24.806870
v 78.979172 395.400940 22.111803
v 79.129440 396.185577 23.240051
v 79.209511 397.112854 24.262255
v 79.217842 398.165070 25.158878
v 79.154282 399.322113 25.912786
v 79.020042 400.561859 26.509567
v 72.861038 392.988800 21.582579
v 73.163971 393.622192 23.155363
v 73.373024 394.513092 24.614553
v 73.482010 395.635010 25.916864
v 73.487694 396.954712 27.023661
v 73.389900 398.433014 27.902103
v 73.115028 400.202728 28.594193
v 73.307312 398.771790 28.078754
v 73.143219 400.020477 28.541462
v 73.453812 396.189972 26.448347
v 73.343254 398.425720 27.917204
v 73.421127 397.423645 27.357824
v 73.442978 396.945984 27.037809
v 73.439415 395.625214 25.929422
v 73.404594 395.099731 25.371696
v 73.332680 394.502716 24.624994
v 73.274635 394.178589 24.153177
v 73.125938 393.611847 23.163305
v 73.066978 393.448151 22.821426
v 72.786514 392.925629 21.407742
v 72.825340 392.979095 21.587811
v 65.910698 391.950470 21.718769
v 67.392853 392.014099 21.767635
v 65.954903 392.284760 23.065615
v 67.510857 392.473785 23.400198
v 65.965691 392.397339 23.394060
v 66.002274 392.879639 24.508732
v 67.606110 393.203735 24.932726
v 66.017319 393.127167 24.966959
v 66.046028 393.692078 25.841684
v 67.675858 394.182800 26.320917
v 66.064034 394.117981 26.390129
v 66.085106 394.702240 27.031971
v 67.718086 395.382690 27.524649
v 66.104431 395.339966 27.620745
v 66.118538 395.885468 28.050558
v 67.731583 396.768738 28.509125
v 66.137291 396.756378 28.621771
v 66.145523 397.212982 28.872608
v 67.715942 398.300873 29.245892
v 66.161621 398.324554 29.363085
v 66.165398 398.652313 29.478073
v 67.671623 399.934814 29.713650
v 66.176697 399.997314 29.822378
v 66.177681 400.168427 29.852188
v 69.203964 392.201721 21.741970
v 69.388741 392.680878 23.311026
v 69.530190 393.411682 24.784670
v 69.624466 394.374176 26.122728
v 69.668991 395.542145 27.288734
v 69.662552 396.883759 28.250902
v 69.605331 398.362396 28.983009
v 69.498878 399.937836 29.465101
v 71.006531 392.507172 21.621826
v 71.245644 393.007996 23.117102
v 71.424683 393.739349 24.523136
v 71.539085 394.682587 25.804161
v 71.585938 395.813782 26.927591
v 71.564064 397.104095 27.864849
v 71.474014 398.520721 28.592089
v 71.318069 400.027649 29.090815
v 65.335625 400.235657 29.876884
v 65.335625 400.063507 29.848078
v 65.335625 398.709839 29.510565
v 65.335625 398.379791 29.396927
v 65.335625 397.260101 28.910065
v 65.335625 396.799988 28.660255
v 65.335625 395.922150 28.090170
v 65.335625 395.372131 27.660444
v 65.335625 394.728943 27.071068
v 65.335625 394.139557 26.427876
v 65.335625 393.709839 25.877851
v 65.335625 393.139740 25.000000
v 65.335625 392.889923 24.539906
v 65.335625 392.403076 23.420202
v 65.335625 392.289429 23.090170
v 65.335625 391.951935 21.736483
v 65.335625 391.923126 21.564344
v 65.620438 391.922516 21.558260
v 65.756752 400.201935 29.868027
v 65.740784 397.236420 28.894648
v 65.750679 398.680969 29.497734
v 65.727318 395.903748 28.073549
v 65.710602 394.715515 27.054560
v 65.691048 393.700928 25.862648
v 65.669144 392.884766 24.527021
v 65.645409 392.287079 23.080408
v 97.041885 426.491943 -26.063456
v 97.041885 435.616638 -21.769714
v 97.041885 440.533630 -17.152346
v 97.041885 444.147858 -11.457230
v 97.041885 446.655762 -1.689620
v 97.041885 446.655762 1.689620
v 97.041885 446.232208 5.042215
v 97.041885 444.147858 11.457230
v 97.041885 438.220367 19.615704
v 97.041885 435.616638 21.769714
v 97.041885 432.763428 23.580402
v 97.041885 426.491943 26.063456
v 97.041885 413.108032 26.063456
v 97.041885 403.983368 21.769714
v 97.041885 399.066376 17.152346
v 97.041885 395.452148 11.457230
v 97.041885 392.944244 1.689620
v 97.041885 392.944244 -1.689620
v 97.041885 393.367798 -5.042215
v 97.041885 395.452148 -11.457230
v 97.041885 401.379639 -19.615704
v 97.041885 403.983368 -21.769714
v 97.041885 406.836578 -23.580402
v 97.041885 413.108032 -26.063456
v 101.908844 417.037415 -21.868082
v 101.908844 414.318420 -21.349401
v 101.638153 416.910797 -22.870348
v 101.638153 414.067169 -22.327896
v 101.196152 416.791992 -23.810753
v 101.196152 413.831451 -23.245996
v 100.596268 416.684631 -24.660723
v 100.596268 413.618378 -24.075806
v 99.856728 416.591949 -25.394432
v 99.856728 413.434479 -24.792112
v 99.000000 416.516754 -25.989588
v 99.000000 413.285278 -25.373152
v 98.052124 416.461365 -26.428104
v 98.052124 413.175354 -25.801270
v 97.041885 416.427429 -26.696661
v 101.908844 401.189423 -11.810636
v 101.908844 399.855896 -9.384979
v 101.638153 400.336456 -12.351944
v 101.638153 398.941833 -9.815116
v 101.196152 399.536133 -12.859842
v 101.196152 398.084137 -10.218703
v 100.596268 398.812775 -13.318900
v 100.596268 397.308960 -10.583479
v 99.856728 398.188354 -13.715166
v 99.856728 396.639801 -10.898360
v 99.000000 397.681854 -14.036600
v 99.000000 396.097015 -11.153779
v 98.052124 397.308655 -14.273438
v 98.052124 395.697083 -11.341975
v 97.041885 397.080109 -14.418481
v 101.908844 398.836914 6.811318
v 101.908844 399.855896 9.384979
v 101.638153 397.876129 7.123497
v 101.638153 398.941833 9.815116
v 101.196152 396.974640 7.416408
v 101.196152 398.084137 10.218703
v 100.596268 396.159851 7.681150
v 100.596268 397.308960 10.583479
v 99.856728 395.456512 7.909682
v 99.856728 396.639801 10.898360
v 99.000000 394.885986 8.095057
v 99.000000 396.097015 11.153779
v 98.052124 394.465607 8.231643
v 98.052124 395.697083 11.341975
v 97.041885 394.208160 8.315291
v 101.908844 404.711304 16.067846
v 101.908844 406.844116 17.832262
v 101.638153 404.019745 16.804272
v 101.638153 406.250305 18.649557
v 101.196152 403.370880 17.495247
v 101.196152 405.693146 19.416409
v 100.596268 402.784393 18.119772
v 100.596268 405.189575 20.109514
v 99.856728 402.278137 18.658875
v 99.856728 404.754883 20.707813
v 99.000000 401.867493 19.096174
v 99.000000 404.402283 21.193132
v 98.052124 401.564941 19.418379
v 98.052124 404.142487 21.550720
v 97.041885 401.379639 19.615704
v 101.908844 411.685852 20.494030
v 101.908844 414.318420 21.349401
v 101.638153 411.313934 21.433319
v 101.638153 414.067169 22.327896
v 101.196152 410.964996 22.314636
v 101.196152 413.831451 23.245996
v 100.596268 410.649628 23.111200
v 100.596268 413.618378 24.075806
v 99.856728 410.377380 23.798807
v 99.856728 413.434479 24.792112
v 99.000000 410.156555 24.356565
v 99.000000 413.285278 25.373152
v 98.052124 409.993835 24.767530
v 98.052124 413.175354 25.801270
v 97.041885 409.894196 25.019213
v 101.908844 422.562592 21.868082
v 101.908844 425.281586 21.349401
v 101.638153 422.689209 22.870348
v 101.638153 425.532837 22.327896
v 101.196152 422.807983 23.810753
v 101.196152 425.768555 23.245996
v 100.596268 422.915375 24.660723
v 100.596268 425.981628 24.075806
v 99.856728 423.008057 25.394432
v 99.856728 426.165527 24.792112
v 99.000000 423.083252 25.989588
v 99.000000 426.314728 25.373152
v 98.052124 423.138641 26.428104
v 98.052124 426.424652 25.801270
v 97.041885 423.172577 26.696661
v 101.908844 438.410583 11.810636
v 101.908844 439.744110 9.384979
v 101.638153 439.263550 12.351944
v 101.638153 440.658173 9.815116
v 101.196152 440.063873 12.859842
v 101.196152 441.515839 10.218703
v 100.596268 440.787231 13.318900
v 100.596268 442.291046 10.583479
v 99.856728 441.411652 13.715166
v 99.856728 442.960205 10.898360
v 99.000000 441.918152 14.036600
v 99.000000 443.502991 11.153779
v 98.052124 442.291351 14.273438
v 98.052124 443.902924 11.341975
v 97.041885 442.519897 14.418481
v 101.908844 440.763092 -6.811318
v 101.908844 439.744110 -9.384979
v 101.638153 441.723877 -7.123497
v 101.638153 440.658173 -9.815116
v 101.196152 442.625366 -7.416408
v 101.196152 441.515839 -10.218703
v 100.596268 443.440155 -7.681150
v 100.596268 442.291046 -10.583479
v 99.856728 444.143494 -7.909682
v 99.856728 442.960205 -10.898360
v 99.000000 444.714020 -8.095057
v 99.000000 443.502991 -11.153779
v 98.052124 445.134399 -8.231643
v 98.052124 443.902924 -11.341975
v 97.041885 445.391846 -8.315291
v 101.908844 434.888702 -16.067846
v 101.908844 432.755890 -17.832262
v 101.638153 435.580261 -16.804272
v 101.638153 433.349701 -18.649557
v 101.196152 436.229126 -17.495247
v 101.196152 433.906860 -19.416409
v 100.596268 436.815613 -18.119772
v 100.596268 434.410431 -20.109514
v 99.856728 437.321838 -18.658875
v 99.856728 434.845123 -20.707813
v 99.000000 437.732513 -19.096174
v 99.000000 435.197723 -21.193132
v 98.052124 438.035065 -19.418379
v 98.052124 435.457520 -21.550720
v 97.041885 438.220367 -19.615704
v 101.908844 427.914154 -20.494030
v 101.908844 425.281586 -21.349401
v 101.638153 428.286041 -21.433319
v 101.638153 425.532837 -22.327896
v 101.196152 428.634979 -22.314636
v 101.196152 425.768555 -23.245996
v 100.596268 428.950378 -23.111200
v 100.596268 425.981628 -24.075806
v 99.856728 429.222626 -23.798807
v 99.856728 426.165527 -24.792112
v 99.000000 429.443451 -24.356565
v 99.000000 426.314728 -25.373152
v 98.052124 429.606171 -24.767530
v 98.052124 426.424652 -25.801270
v 97.041885 429.705811 -25.019213
v 101.908844 419.799988 -22.041889
v 101.638153 419.799988 -23.052120
v 101.196152 419.799988 -24.000000
v 100.596268 419.799988 -24.856726
v 99.856728 419.799988 -25.596266
v 99.000000 419.799988 -26.196152
v 98.052124 419.799988 -26.638155
v 97.041885 419.799988 -26.908846
v 97.041885 409.894196 -25.019213
v 98.052124 409.993835 -24.767530
v 99.000000 410.156555 -24.356565
v 99.856728 410.377380 -23.798807
v 100.596268 410.649628 -23.111200
v 101.196152 410.964996 -22.314636
v 101.638153 411.313934 -21.433319
v 101.908844 411.685852 -20.494030
v 101.908844 409.181244 -19.315454
v 101.638153 408.694550 -20.200727
v 101.196152 408.237915 -21.031361
v 100.596268 407.825195 -21.782116
v 99.856728 407.468903 -22.430180
v 99.000000 407.179901 -22.955862
v 98.052124 406.966980 -23.343195
v 98.052124 404.142487 -21.550720
v 99.000000 404.402283 -21.193132
v 99.856728 404.754883 -20.707813
v 100.596268 405.189575 -20.109514
v 101.196152 405.693146 -19.416409
v 101.638153 406.250305 -18.649557
v 101.908844 406.844116 -17.832262
v 98.052124 401.564941 -19.418379
v 99.000000 401.867493 -19.096174
v 99.856728 402.278137 -18.658875
v 100.596268 402.784393 -18.119772
v 101.196152 403.370880 -17.495247
v 101.638153 404.019745 -16.804272
v 101.908844 404.711304 -16.067846
v 97.041885 399.066376 -17.152346
v 98.052124 399.274963 -16.979799
v 99.000000 399.615509 -16.698057
v 99.856728 400.077728 -16.315674
v 100.596268 400.647552 -15.844273
v 101.196152 401.307678 -15.298176
v 101.638153 402.038025 -14.693974
v 101.908844 402.816437 -14.050029
v 97.041885 394.208160 -8.315291
v 98.052124 394.465607 -8.231643
v 99.000000 394.885986 -8.095057
v 99.856728 395.456512 -7.909682
v 100.596268 396.159851 -7.681150
v 101.196152 396.974640 -7.416408
v 101.638153 397.876129 -7.123497
v 101.908844 398.836914 -6.811318
v 101.908844 398.148529 -4.130238
v 101.638153 397.156189 -4.319537
v 101.196152 396.225098 -4.497151
v 100.596268 395.383545 -4.657686
v 99.856728 394.657104 -4.796262
v 99.000000 394.067841 -4.908669
v 98.052124 393.633667 -4.991493
v 98.052124 393.214417 -1.672624
v 99.000000 393.655548 -1.644870
v 99.856728 394.254242 -1.607203
v 100.596268 394.992310 -1.560767
v 101.196152 395.847351 -1.506972
v 101.638153 396.793365 -1.447455
v 101.908844 397.801605 -1.384022
v 98.052124 393.214417 1.672624
v 99.000000 393.655548 1.644870
v 99.856728 394.254242 1.607203
v 100.596268 394.992310 1.560767
v 101.196152 395.847351 1.506972
v 101.638153 396.793365 1.447455
v 101.908844 397.801605 1.384022
v 97.041885 393.367798 5.042215
v 98.052124 393.633667 4.991493
v 99.000000 394.067841 4.908669
v 99.856728 394.657104 4.796262
v 100.596268 395.383545 4.657686
v 101.196152 396.225098 4.497151
v 101.638153 397.156189 4.319537
v 101.908844 398.148529 4.130238
v 97.041885 397.080109 14.418481
v 98.052124 397.308655 14.273438
v 99.000000 397.681854 14.036600
v 99.856728 398.188354 13.715166
v 100.596268 398.812775 13.318900
v 101.196152 399.536133 12.859842
v 101.638153 400.336456 12.351944
v 101.908844 401.189423 11.810636
v 101.908844 402.816437 14.050029
v 101.638153 402.038025 14.693974
v 101.196152 401.307678 15.298176
v 100.596268 400.647552 15.844273
v 99.856728 400.077728 16.315674
v 99.000000 399.615509 16.698057
v 98.052124 399.274963 16.979799
v 97.041885 406.836578 23.580402
v 98.052124 406.966980 23.343195
v 99.000000 407.179901 22.955862
v 99.856728 407.468903 22.430180
v 100.596268 407.825195 21.782116
v 101.196152 408.237915 21.031361
v 101.638153 408.694550 20.200727
v 101.908844 409.181244 19.315454
v 97.041885 416.427429 26.696661
v 98.052124 416.461365 26.428104
v 99.000000 416.516754 25.989588
v 99.856728 416.591949 25.394432
v 100.596268 416.684631 24.660723
v 101.196152 416.791992 23.810753
v 101.638153 416.910797 22.870348
v 101.908844 417.037415 21.868082
v 101.908844 419.799988 22.041889
v 101.638153 419.799988 23.052120
v 101.196152 419.799988 24.000000
v 100.596268 419.799988 24.856726
v 99.856728 419.799988 25.596266
v 99.000000 419.799988 26.196152
v 98.052124 419.799988 26.638155
v 97.041885 419.799988 26.908846
v 97.041885 429.705811 25.019213
v 98.052124 429.606171 24.767530
v 99.000000 429.443451 24.356565
v 99.856728 429.222626 23.798807
v 100.596268 428.950378 23.111200
v 101.196152 428.634979 22.314636
v 101.638153 428.286041 21.433319
v 101.908844 427.914154 20.494030
v 101.908844 430.418762 19.315454
v 101.638153 430.905457 20.200727
v 101.196152 431.362091 21.031361
v 100.596268 431.774811 21.782116
v 99.856728 432.131104 22.430180
v 99.000000 432.420105 22.955862
v 98.052124 432.633026 23.343195
v 98.052124 435.457520 21.550720
v 99.000000 435.197723 21.193132
v 99.856728 434.845123 20.707813
v 100.596268 434.410431 20.109514
v 101.196152 433.906860 19.416409
v 101.638153 433.349701 18.649557
v 101.908844 432.755890 17.832262
v 98.052124 438.035065 19.418379
v 99.000000 437.732513 19.096174
v 99.856728 437.321838 18.658875
v 100.596268 436.815613 18.119772
v 101.196152 436.229126 17.495247
v 101.638153 435.580261 16.804272
v 101.908844 434.888702 16.067846
v 97.041885 440.533630 17.152346
v 98.052124 440.325043 16.979799
v 99.000000 439.984467 16.698057
v 99.856728 439.522247 16.315674
v 100.596268 438.952423 15.844273
v 101.196152 438.292328 15.298176
v 101.638153 437.561951 14.693974
v 101.908844 436.783569 14.050029
v 97.041885 445.391846 8.315291
v 98.052124 445.134399 8.231643
v 99.000000 444.714020 8.095057
v 99.856728 444.143494 7.909682
v 100.596268 443.440155 7.681150
v 101.196152 442.625366 7.416408
v 101.638153 441.723877 7.123497
v 101.908844 440.763092 6.811318
v 101.908844 441.451477 4.130238
v 101.638153 442.443817 4.319537
v 101.196152 443.374908 4.497151
v 100.596268 444.216431 4.657686
v 99.856728 444.942871 4.796262
v 99.000000 445.532135 4.908669
v 98.052124 445.966309 4.991493
v 98.052124 446.385590 1.672624
v 99.000000 445.944458 1.644870
v 99.856728 445.345764 1.607203
v 100.596268 444.607666 1.560767
v 101.196152 443.752655 1.506972
v 101.638153 442.806641 1.447455
v 101.908844 441.798401 1.384022
v 98.052124 446.385590 -1.672624
v 99.000000 445.944458 -1.644870
v 99.856728 445.345764 -1.607203
v 100.596268 444.607666 -1.560767
v 101.196152 443.752655 -1.506972
v 101.638153 442.806641 -1.447455
v 101.908844 441.798401 -1.384022
v 97.041885 446.232208 -5.042215
v 98.052124 445.966309 -4.991493
v 99.000000 445.532135 -4.908669
v 99.856728 444.942871 -4.796262
v 100.596268 444.216431 -4.657686
v 101.196152 443.374908 -4.497151
v 101.638153 442.443817 -4.319537
v 101.908844 441.451477 -4.130238
v 97.041885 442.519897 -14.418481
v 98.052124 442.291351 -14.273438
v 99.000000 441.918152 -14.036600
v 99.856728 441.411652 -13.715166
v 100.596268 440.787231 -13.318900
v 101.196152 440.063873 -12.859842
v 101.638153 439.263550 -12.351944
v 101.908844 438.410583 -11.810636
v 101.908844 436.783569 -14.050029
v 101.638153 437.561951 -14.693974
v 101.196152 438.292328 -15.298176
v 100.596268 438.952423 -15.844273
v 99.856728 439.522247 -16.315674
v 99.000000 439.984467 -16.698057
v 98.052124 440.325043 -16.979799
v 97.041885 432.763428 -23.580402
v 98.052124 432.633026 -23.343195
v 99.000000 432.420105 -22.955862
v 99.856728 432.131104 -22.430180
v 100.596268 431.774811 -21.782116
v 101.196152 431.362091 -21.031361
v 101.638153 430.905457 -20.200727
v 101.908844 430.418762 -19.315454
v 97.041885 423.172577 -26.696661
v 98.052124 423.138641 -26.428104
v 99.000000 423.083252 -25.989588
v 99.856728 423.008057 -25.394432
v 100.596268 422.915375 -24.660723
v 101.196152 422.807983 -23.810753
v 101.638153 422.689209 -22.870348
v 101.908844 422.562592 -21.868082
v 77.000000 419.799988 -20.500000
v 77.000000 423.359802 -20.188559
v 77.000000 426.811401 -19.263700
v 77.000000 430.049988 -17.753521
v 77.000000 432.977142 -15.703911
v 77.000000 435.503906 -13.177146
v 77.000000 437.553528 -10.250000
v 77.000000 439.063690 -7.011413
v 77.000000 439.988556 -3.559788
v 77.000000 440.299988 -0.000000
v 77.000000 439.988556 3.559788
v 77.000000 439.063690 7.011413
v 77.000000 437.553528 10.250000
v 77.000000 435.503906 13.177146
v 77.000000 432.977142 15.703911
v 77.000000 430.049988 17.753521
v 77.000000 426.811401 19.263700
v 77.000000 423.359802 20.188559
v 77.000000 419.799988 20.500000
v 77.000000 416.240204 20.188559
v 77.000000 412.788574 19.263700
v 77.000000 409.549988 17.753521
v 77.000000 406.622864 15.703911
v 77.000000 404.096100 13.177146
v 77.000000 402.046478 10.250000
v 77.000000 400.536285 7.011413
v 77.000000 399.611450 3.559788
v 77.000000 399.299988 -0.000000
v 77.000000 399.611450 -3.559788
v 77.000000 400.536285 -7.011413
v 77.000000 402.046478 -10.250000
v 77.000000 404.096100 -13.177146
v 77.000000 406.622864 -15.703911
v 77.000000 409.549988 -17.753521
v 77.000000 412.788574 -19.263700
v 77.000000 416.240204 -20.188559
v 77.000000 419.799988 -0.000000
v 147.000000 417.215576 -19.630610
v 147.000000 416.361755 -19.499193
v 147.000000 414.675385 -19.125332
v 147.000000 413.028015 -18.605913
v 147.000000 412.222870 -18.292814
v 147.000000 409.899994 -17.147303
v 147.000000 407.746521 -15.708396
v 147.000000 407.072815 -15.167680
v 147.000000 405.799286 -14.000713
v 147.000000 404.632324 -12.727195
v 147.000000 404.091614 -12.053476
v 147.000000 402.652710 -9.900000
v 147.000000 401.507172 -7.577132
v 147.000000 401.194092 -6.771999
v 147.000000 400.674683 -5.124617
v 147.000000 400.300812 -3.438234
v 147.000000 400.169403 -2.584419
v 147.000000 400.000000 0.000000
v 147.000000 400.169403 2.584419
v 147.000000 400.300812 3.438234
v 147.000000 400.674683 5.124617
v 147.000000 401.194092 6.771999
v 147.000000 401.507172 7.577132
v 147.000000 402.652710 9.900000
v 147.000000 404.091614 12.053476
v 147.000000 404.632324 12.727195
v 147.000000 405.799286 14.000714
v 147.000000 407.072815 15.167680
v 147.000000 407.746521 15.708396
v 147.000000 409.899994 17.147303
v 147.000000 412.222870 18.292814
v 147.000000 413.028015 18.605913
v 147.000000 414.675385 19.125332
v 147.000000 416.361755 19.499193
v 147.000000 417.215576 19.630610
v 147.000000 419.799988 19.799999
v 147.000000 422.384430 19.630610
v 147.000000 423.238220 19.499193
v 147.000000 424.924622 19.125332
v 147.000000 426.571991 18.605913
v 147.000000 427.377136 18.292814
v 147.000000 429.700012 17.147303
v 147.000000 431.853485 15.708396
v 147.000000 432.527191 15.167680
v 147.000000 433.800720 14.000714
v 147.000000 434.967682 12.727195
v 147.000000 435.508392 12.053476
v 147.000000 436.947296 9.900000
v 147.000000 438.092804 7.577132
v 147.000000 438.405914 6.771999
v 147.000000 438.925323 5.124617
v 147.000000 439.299194 3.438234
v 147.000000 439.430603 2.584419
v 147.000000 439.600006 0.000000
v 147.000000 439.430603 -2.584419
v 147.000000 439.299194 -3.438234
v 147.000000 438.925323 -5.124617
v 147.000000 438.405914 -6.771999
v 147.000000 438.092804 -7.577132
v 147.000000 436.947296 -9.900000
v 147.000000 435.508392 -12.053476
v 147.000000 434.967682 -12.727195
v 147.000000 433.800720 -14.000713
v 147.000000 432.527191 -15.167680
v 147.000000 431.853485 -15.708396
v 147.000000 429.700012 -17.147303
v 147.000000 427.377136 -18.292814
v 147.000000 426.571991 -18.605913
v 147.000000 424.924622 -19.125332
v 147.000000 423.238220 -19.499193
v 147.000000 422.384430 -19.630610
v 147.000000 419.799988 -19.799999
v 155.772690 435.019043 -19.833834
v 155.772690 435.869690 -19.151110
v 157.000000 435.804596 -19.205530
v 155.772690 404.580963 19.833834
v 155.772690 403.730316 19.151110
v 157.000000 403.795380 19.205530
v 155.772690 435.019043 19.833834
v 155.772690 432.299988 21.650635
v 157.000000 432.336029 21.629787
v 155.772690 428.350494 23.492315
v 157.000000 428.545258 23.420509
v 155.772690 429.367096 23.096989
v 157.000244 430.473114 22.607183
v 157.000000 432.299988 21.650635
v 155.772690 424.141205 24.620193
v 157.000015 424.469788 24.559988
v 155.772690 426.270477 24.148146
v 157.000427 426.523499 24.078924
v 157.000015 428.350494 23.492315
v 155.772690 419.799988 25.000000
v 157.000000 419.799988 25.000000
v 157.000092 420.299957 24.994999
v 155.772690 423.063141 24.786121
v 157.000565 422.388367 24.865646
v 157.000000 424.141205 24.620193
v 155.772690 413.329529 24.148146
v 157.000305 414.011780 24.320704
v 155.772690 415.458801 24.620193
v 157.000000 415.458801 24.620193
v 155.772690 416.536835 24.786121
v 157.000183 416.077057 24.721241
v 157.000519 418.174225 24.947081
v 155.772690 411.249512 23.492315
v 157.000198 411.998322 23.751497
v 157.000427 413.134491 24.095039
v 155.772690 407.299988 21.650635
v 157.000000 407.299988 21.650635
v 157.000137 408.104065 22.095362
v 155.772690 410.232910 23.096989
v 157.000244 409.037140 22.564589
v 157.000153 410.008240 23.002645
v 157.000015 411.249512 23.492315
v 157.000061 404.576233 19.830204
v 157.000122 405.405090 20.439821
v 157.000076 406.287781 21.033785
v 155.772690 399.966156 15.219035
v 157.000000 400.292206 15.634755
v 155.772690 400.648895 16.069691
v 157.000000 400.648895 16.069691
v 155.772690 402.122314 17.677670
v 157.000000 401.990021 17.544367
v 157.000000 403.730316 19.151110
v 157.000000 398.045197 12.317838
v 157.000000 398.149353 12.500000
v 155.772690 398.149353 12.500000
v 157.000000 398.746307 13.481156
v 157.000000 399.497253 14.587635
v 157.000000 398.149353 -12.500000
v 157.000000 398.045197 -12.317838
v 155.772690 398.149353 -12.500000
v 157.000000 397.399628 -11.100576
v 155.772690 396.703003 -9.567085
v 157.000000 396.814819 -9.832701
v 155.772690 396.307678 -8.550504
v 157.000000 396.307678 -8.550504
v 155.772690 395.651855 -6.470476
v 157.000000 395.476288 -5.775499
v 155.772690 395.179810 -4.341205
v 157.000000 395.179810 -4.341205
v 155.772690 395.013885 -3.263155
v 157.000000 394.970795 -2.917227
v 155.772690 394.799988 0.000000
v 157.000000 394.799988 0.000000
v 155.772690 395.013885 3.263155
v 157.000000 394.970795 2.917227
v 155.772690 395.179810 4.341205
v 157.000000 395.179810 4.341205
v 155.772690 395.651855 6.470476
v 157.000000 395.476288 5.775499
v 155.772690 396.307678 8.550504
v 157.000000 396.307678 8.550504
v 155.772690 396.703003 9.567085
v 157.000000 396.814819 9.832701
v 157.000000 397.399628 11.100576
v 155.772690 399.966156 -15.219035
v 157.000000 399.497253 -14.587635
v 157.000000 398.746307 -13.481156
v 155.772690 404.580963 -19.833834
v 155.772690 407.299988 -21.650635
v 157.000000 407.263947 -21.629787
v 157.000122 405.485260 -20.496054
v 157.000000 403.795380 -19.205530
v 155.772690 403.730316 -19.151110
v 157.000000 403.730316 -19.151110
v 155.772690 402.122314 -17.677670
v 157.000000 401.990021 -17.544367
v 155.772690 400.648895 -16.069691
v 157.000000 400.648895 -16.069691
v 157.000000 400.292206 -15.634755
v 155.772690 411.249512 -23.492315
v 157.000000 411.054718 -23.420509
v 155.772690 410.232910 -23.096989
v 157.000244 409.126892 -22.607183
v 157.000000 407.299988 -21.650635
v 155.772690 415.458801 -24.620193
v 157.000015 415.130219 -24.559988
v 155.772690 413.329529 -24.148146
v 157.000427 413.076508 -24.078924
v 157.000015 411.249512 -23.492315
v 155.772690 419.799988 -25.000000
v 157.000000 419.799988 -25.000000
v 157.000092 419.300018 -24.994999
v 155.772690 416.536835 -24.786121
v 157.000565 417.211639 -24.865646
v 157.000000 415.458801 -24.620193
v 155.772690 426.270477 -24.148146
v 157.000305 425.588196 -24.320704
v 155.772690 424.141205 -24.620193
v 157.000000 424.141205 -24.620193
v 155.772690 423.063141 -24.786121
v 157.000183 423.522949 -24.721241
v 157.000519 421.425781 -24.947081
v 155.772690 428.350494 -23.492315
v 157.000198 427.601685 -23.751497
v 157.000427 426.465515 -24.095039
v 155.772690 432.299988 -21.650635
v 157.000000 432.299988 -21.650635
v 157.000137 431.495941 -22.095362
v 155.772690 429.367096 -23.096989
v 157.000244 430.562866 -22.564589
v 157.000153 429.591736 -23.002645
v 157.000015 428.350494 -23.492315
v 157.000061 435.023773 -19.830204
v 157.000122 434.194916 -20.439821
v 157.000076 433.312225 -21.033785
v 155.772690 439.633820 -15.219035
v 157.000000 439.307800 -15.634755
v 155.772690 438.951111 -16.069691
v 157.000000 438.951111 -16.069691
v 155.772690 437.477661 -17.677670
v 157.000000 437.609985 -17.544367
v 157.000000 435.869690 -19.151110
v 157.000000 441.554779 -12.317838
v 157.000000 441.450623 -12.500000
v 155.772690 441.450623 -12.500000
v 157.000000 440.853699 -13.481156
v 157.000000 440.102722 -14.587635
v 157.000000 441.450623 12.500000
v 157.000000 441.554779 12.317838
v 155.772690 441.450623 12.500000
v 157.000000 442.200378 11.100576
v 155.772690 442.897003 9.567085
v 157.000000 442.785156 9.832701
v 155.772690 443.292328 8.550504
v 157.000000 443.292328 8.550504
v 155.772690 443.948151 6.470476
v 157.000000 444.123718 5.775499
v 155.772690 444.420197 4.341205
v 157.000000 444.420197 4.341205
v 155.772690 444.586121 3.263155
v 157.000000 444.629211 2.917227
v 155.772690 444.799988 0.000000
v 157.000000 444.799988 0.000000
v 155.772690 444.586121 -3.263155
v 157.000000 444.629211 -2.917227
v 155.772690 444.420197 -4.341205
v 157.000000 444.420197 -4.341205
v 155.772690 443.948151 -6.470476
v 157.000000 444.123718 -5.775499
v 155.772690 443.292328 -8.550504
v 157.000000 443.292328 -8.550504
v 155.772690 442.897003 -9.567085
v 157.000000 442.785156 -9.832701
v 157.000000 442.200378 -11.100576
v 155.772690 439.633820 15.219035
v 157.000000 440.102722 14.587635
v 157.000000 440.853699 13.481156
v 157.000122 434.114746 20.496054
v 157.000000 435.804596 19.205530
v 155.772690 435.869690 19.151110
v 157.000000 435.869690 19.151110
v 155.772690 437.477661 17.677670
v 157.000000 437.609985 17.544367
v 155.772690 438.951111 16.069691
v 157.000000 438.951111 16.069691
v 157.000000 439.307800 15.634755
v 164.468185 435.484344 -25.765381
v 165.976303 436.098175 -26.613289
v 165.976303 430.799713 -27.354992
v 159.943863 429.297272 -24.706139
v 162.960083 430.048492 -26.030565
v 162.960083 427.542053 -26.441206
v 158.435745 434.910828 -21.354815
v 159.943863 435.662903 -22.316011
v 159.943863 433.642792 -23.221659
v 168.896072 418.078369 -28.958097
v 168.716354 414.880707 -28.842754
v 165.976303 419.799988 -27.992102
v 166.879913 404.956482 -27.357014
v 167.484421 408.424652 -28.017204
v 167.761566 408.373047 -28.140244
v 159.943863 414.965515 -25.654728
v 159.943863 419.799988 -25.981287
v 159.066055 436.504333 -21.024351
v 161.178085 437.162018 -22.729567
v 161.451965 437.244873 -22.940758
v 161.451981 436.414948 -23.277206
v 165.510941 438.457733 -25.860371
v 165.797989 437.745483 -26.206110
v 164.468185 437.919067 -25.199598
v 164.470718 438.146423 -25.144907
v 162.960083 437.167023 -24.238401
v 162.961792 437.697083 -24.069542
v 157.015854 435.810303 -19.220123
v 158.435745 433.028961 -22.373751
v 158.435745 431.028198 -23.276165
v 162.960083 424.988617 -26.741835
v 159.943863 426.997223 -25.253794
v 158.435745 428.921631 -24.043924
v 159.943863 417.371735 -25.898983
v 158.435745 410.678345 -24.043924
v 158.435745 408.571808 -23.276165
v 158.435745 406.571045 -22.373751
v 158.435745 404.689178 -21.354815
v 164.468185 401.680939 -25.199598
v 164.470718 401.453583 -25.144907
v 162.961792 401.902924 -24.069542
v 165.510941 401.142273 -25.860371
v 165.976303 403.501831 -26.613289
v 166.177277 402.853851 -26.635437
v 165.976303 408.800293 -27.354992
v 168.349457 411.657928 -28.590626
v 165.976303 425.342743 -27.828941
v 168.839279 422.916504 -28.922228
v 168.920990 419.799988 -28.973665
v 165.976303 428.086884 -27.628620
v 168.146255 429.231689 -28.441347
v 168.588638 426.047546 -28.757549
v 162.960083 434.870483 -24.917475
v 162.960083 414.611389 -26.741835
v 162.960083 412.057953 -26.441206
v 159.943863 412.602783 -25.253794
v 162.960083 419.799988 -26.986694
v 162.960083 422.402588 -26.924980
v 159.943863 410.302734 -24.706139
v 162.960083 409.551514 -26.030565
v 159.943863 408.082947 -24.023739
v 162.960083 407.105255 -25.518890
v 159.943863 405.957214 -23.221659
v 159.943863 403.937103 -22.316011
v 159.066055 403.095673 -21.024351
v 157.015854 403.789703 -19.220123
v 164.468185 409.175903 -26.692778
v 164.468185 404.115662 -25.765381
v 162.960083 404.729523 -24.917475
v 162.960083 402.432983 -24.238401
v 161.451981 403.185059 -23.277206
v 161.451965 402.355103 -22.940758
v 161.178085 402.437988 -22.729567
v 166.462311 435.939575 -26.939114
v 167.454102 432.555359 -27.882023
v 167.484421 431.175323 -28.017204
v 164.468185 430.424103 -26.692778
v 162.960083 432.494751 -25.518890
v 159.943863 431.517029 -24.023739
v 166.375000 395.774841 -13.537716
v 168.250000 395.449890 -14.025145
v 168.250000 395.174164 -10.567201
v 162.625000 395.735413 -9.543001
v 164.500000 395.548340 -9.884401
v 164.500000 395.138123 -6.637750
v 162.625000 396.424774 -12.562860
v 164.500000 396.099792 -13.050288
v 163.562500 397.889374 -18.638300
v 162.625000 398.232635 -18.209223
v 162.625000 399.293823 -20.808908
v 161.687500 399.743225 -20.264801
v 162.628189 399.682892 -21.688643
v 167.385361 396.988770 -23.436501
v 166.375000 397.496307 -22.985346
v 165.817505 397.827850 -22.921495
v 157.937500 401.540741 18.088366
v 158.875000 401.091370 18.632473
v 159.101105 402.116882 20.220304
v 157.936752 403.025238 19.675648
v 159.812088 401.588684 20.534735
v 160.750000 400.192596 19.720692
v 161.283249 400.557465 21.151861
v 161.687500 399.743225 20.264801
v 161.688187 400.287598 21.315617
v 162.625000 399.293823 20.808908
v 162.628189 399.682892 21.688643
v 163.562500 398.844452 21.353020
v 163.568039 399.106750 22.054741
v 164.500000 398.395081 21.897127
v 164.505966 398.557587 22.416529
v 165.817505 397.827850 22.921495
v 166.375000 397.496307 22.985346
v 167.385605 396.988647 23.436567
v 168.250000 396.173035 20.783689
v 170.125000 395.486511 21.641846
v 169.127792 396.104095 23.848915
v 170.973663 395.242950 24.160364
v 172.000000 394.799988 22.500000
v 172.000000 394.799988 23.597874
v 171.977249 394.809296 23.921047
v 171.911392 394.837067 24.223116
v 171.895920 394.843750 24.273205
v 169.127365 396.104309 -23.848833
v 170.973175 395.243164 -24.160297
v 172.000000 394.799988 -22.500000
v 171.895920 394.843750 -24.273205
v 171.971344 394.811737 -23.959625
v 172.000000 394.799988 -23.597874
v 166.375000 396.859558 -19.925533
v 164.500000 397.546112 -19.067377
v 164.500000 398.395081 -21.897127
v 163.562500 398.844452 -21.353020
v 164.505966 398.557587 -22.416529
v 163.568039 399.106750 -22.054741
v 160.749924 400.921936 -20.932583
v 161.283249 400.557465 -21.151861
v 161.688187 400.287598 -21.315617
v 157.937500 401.540741 -18.088366
v 157.936752 403.025238 -19.675648
v 159.101105 402.116882 -20.220304
v 157.015991 403.781952 -19.213823
v 161.687500 398.575897 -17.780144
v 162.625000 397.735870 -16.851582
v 160.750000 398.323059 -16.096899
v 160.750000 398.919159 -17.351067
v 160.750000 400.192596 -19.720692
v 159.812500 399.939056 -18.074453
v 159.812500 400.641998 -19.176582
v 158.875000 400.334381 -17.589796
v 158.875000 401.091370 -18.632473
v 157.937500 400.729706 -17.105139
v 157.937500 399.948944 -16.063833
v 158.875000 399.605682 -16.492910
v 159.812500 399.262421 -16.921988
v 159.812500 398.616638 -15.719557
v 158.875000 398.910248 -15.342216
v 157.937500 399.203827 -14.964873
v 157.937500 397.842529 -12.602592
v 164.500000 397.148712 -17.606266
v 160.750000 396.311310 -10.655691
v 160.750000 396.749725 -12.075433
v 159.812500 396.912201 -11.831718
v 158.875000 396.563202 -10.244140
v 158.875000 397.074677 -11.588004
v 157.937500 397.237152 -11.344291
v 160.750000 395.307220 -6.206625
v 160.750000 394.928528 -3.125383
v 158.875000 395.391754 -5.991062
v 158.875000 396.109589 -8.860203
v 160.750000 395.922516 -9.201602
v 162.625000 396.828369 -14.026729
v 160.750000 397.234039 -13.457074
v 159.812500 397.436859 -13.172247
v 158.875000 397.639709 -12.887419
v 158.875000 396.563202 10.244140
v 158.875000 396.109589 8.860203
v 160.750000 395.922516 9.201602
v 158.875000 395.391754 5.991062
v 158.875000 397.639709 12.887419
v 158.875000 397.074677 11.588004
v 159.812500 396.912201 11.831718
v 160.750000 396.311310 10.655691
v 162.625000 395.735413 9.543002
v 160.750000 395.307220 6.206625
v 160.750000 394.928528 3.125383
v 158.875000 398.910248 15.342216
v 158.875000 398.253235 14.139604
v 159.812500 398.006561 14.468918
v 159.812500 397.436859 13.172247
v 160.750000 396.749725 12.075433
v 158.875000 400.334381 17.589796
v 158.875000 399.605682 16.492910
v 159.812500 399.262421 16.921988
v 159.812500 398.616638 15.719557
v 160.750000 397.759918 14.798231
v 164.500000 396.099792 13.050288
v 162.625000 396.424774 12.562860
v 161.687500 396.587250 12.319146
v 159.812500 400.641998 19.176582
v 159.812500 399.939056 18.074453
v 160.750000 398.919159 17.351067
v 166.375000 396.279968 16.774117
v 164.500000 396.773285 16.115488
v 163.562500 397.019928 15.786175
v 162.625000 397.266602 15.456860
v 161.687500 397.513245 15.127546
v 157.937500 397.842529 12.602592
v 157.937500 397.237152 11.344291
v 157.937500 400.729706 17.105139
v 157.937500 399.948944 16.063833
v 157.937500 399.203827 14.964873
v 157.937500 398.499908 13.810290
v 172.000000 394.799988 7.500000
v 172.000000 394.799988 15.000000
v 170.125000 394.884521 7.284437
v 170.125000 395.124939 14.512572
v 168.250000 394.969055 7.068875
v 168.250000 394.842834 3.541794
v 172.000000 394.799988 0.000000
v 168.250000 394.799988 0.000000
v 168.250000 395.449890 14.025145
v 168.250000 395.174164 10.567201
v 172.000000 394.799988 18.750000
v 170.125000 395.293304 18.091372
v 168.250000 395.786652 17.432743
v 166.375000 395.774841 13.537716
v 164.500000 395.548340 9.884401
v 164.500000 395.138123 6.637750
v 164.500000 394.885681 3.333589
v 164.500000 394.799988 0.000000
v 160.750000 394.799988 0.000000
v 164.500000 394.885681 -3.333589
v 168.249161 396.542145 23.657486
v 166.375000 396.859558 19.925533
v 164.500000 397.546112 19.067377
v 163.562500 397.889374 18.638300
v 162.625000 398.232635 18.209223
v 161.687500 398.575897 17.780144
v 157.015991 403.781952 19.213823
v 168.250000 396.173035 -20.783689
v 170.125000 395.486511 -21.641846
v 170.125000 395.293304 -18.091372
v 172.000000 394.799988 -18.750000
v 172.000000 394.799988 -15.000000
v 170.125000 394.884521 -7.284437
v 172.000000 394.799988 -7.500000
v 170.125000 395.124939 -14.512572
v 168.250000 395.786652 -17.432743
v 166.375000 396.279968 -16.774117
v 164.500000 396.773285 -16.115488
v 162.625000 397.266602 -15.456860
v 160.750000 397.759918 -14.798231
v 159.812500 398.006561 -14.468918
v 158.875000 398.253235 -14.139604
v 157.937500 398.499908 -13.810290
v 168.250000 394.969055 -7.068875
v 168.250000 394.842834 -3.541794
v 166.375000 443.825134 13.537716
v 168.250000 444.150085 14.025145
v 168.250000 444.425842 10.567201
v 162.625000 443.864594 9.543002
v 164.500000 444.051666 9.884401
v 164.500000 444.461853 6.637750
v 162.625000 443.175232 12.562860
v 164.500000 443.500183 13.050288
v 157.937500 438.059235 -18.088366
v 163.562500 441.710632 18.638300
v 162.625000 441.367371 18.209223
v 162.625000 440.306152 20.808908
v 161.687500 439.856781 20.264801
v 162.628189 439.917114 21.688643
v 167.385361 442.611237 23.436501
v 166.375000 442.103699 22.985346
v 165.817505 441.772156 22.921495
v 172.000000 444.799988 -22.500000
v 172.000000 444.799988 -23.597874
v 170.973663 444.357056 -24.160364
v 171.977249 444.790710 -23.921047
v 171.911392 444.762909 -24.223116
v 171.895920 444.756256 -24.273205
v 169.127365 443.495697 23.848833
v 170.973175 444.356842 24.160297
v 172.000000 444.799988 22.500000
v 171.895920 444.756256 24.273205
v 171.971344 444.788269 23.959625
v 172.000000 444.799988 23.597874
v 166.375000 442.740417 19.925533
v 164.500000 442.053894 19.067377
v 164.500000 441.204926 21.897127
v 163.562500 440.755554 21.353020
v 164.505966 441.042419 22.416529
v 163.568039 440.493256 22.054741
v 160.749924 438.678070 20.932583
v 161.283249 439.042542 21.151861
v 161.688187 439.312408 21.315617
v 157.937500 438.059235 18.088366
v 157.936752 436.574768 19.675648
v 159.101105 437.483124 20.220304
v 157.015991 435.818054 19.213823
v 158.875000 438.508636 -18.632473
v 159.101105 437.483124 -20.220304
v 157.936752 436.574768 -19.675648
v 159.812088 438.011322 -20.534735
v 160.750000 439.407410 -19.720692
v 161.283249 439.042542 -21.151861
v 161.687500 439.856781 -20.264801
v 161.688187 439.312408 -21.315617
v 162.625000 440.306152 -20.808908
v 162.628189 439.917114 -21.688643
v 163.562500 440.755554 -21.353020
v 163.568039 440.493256 -22.054741
v 164.500000 441.204926 -21.897127
v 164.505966 441.042419 -22.416529
v 165.817505 441.772156 -22.921495
v 166.375000 442.103699 -22.985346
v 167.385605 442.611359 -23.436567
v 170.125000 444.113464 -21.641846
v 169.127792 443.495911 -23.848915
v 168.250000 443.426941 -20.783689
v 161.687500 441.024109 17.780144
v 162.625000 441.864105 16.851582
v 160.750000 441.276947 16.096899
v 160.750000 440.680847 17.351067
v 160.750000 439.407410 19.720692
v 159.812500 439.660919 18.074453
v 159.812500 438.958008 19.176582
v 158.875000 439.265625 17.589796
v 158.875000 438.508636 18.632473
v 157.937500 438.870300 17.105139
v 157.937500 439.651062 16.063833
v 158.875000 439.994324 16.492910
v 159.812500 440.337585 16.921988
v 159.812500 440.983337 15.719557
v 158.875000 440.689758 15.342216
v 157.937500 440.396179 14.964873
v 157.937500 441.757477 12.602592
v 164.500000 442.451294 17.606266
v 160.750000 443.288696 10.655691
v 160.750000 442.850281 12.075433
v 159.812500 442.687805 11.831718
v 158.875000 443.036804 10.244140
v 158.875000 442.525330 11.588004
v 157.937500 442.362854 11.344291
v 160.750000 444.292786 6.206625
v 160.750000 444.671478 3.125383
v 158.875000 444.208252 5.991062
v 158.875000 443.490417 8.860203
v 160.750000 443.677490 9.201602
v 162.625000 442.771637 14.026729
v 160.750000 442.365967 13.457074
v 159.812500 442.163147 13.172247
v 158.875000 441.960297 12.887419
v 158.875000 443.036804 -10.244140
v 158.875000 443.490417 -8.860203
v 160.750000 443.677490 -9.201602
v 158.875000 444.208252 -5.991062
v 158.875000 441.960297 -12.887419
v 158.875000 442.525330 -11.588004
v 159.812500 442.687805 -11.831718
v 160.750000 443.288696 -10.655691
v 162.625000 443.864594 -9.543001
v 160.750000 444.292786 -6.206625
v 160.750000 444.671478 -3.125383
v 158.875000 440.689758 -15.342216
v 158.875000 441.346771 -14.139604
v 159.812500 441.593414 -14.468918
v 159.812500 442.163147 -13.172247
v 160.750000 442.850281 -12.075433
v 158.875000 439.265625 -17.589796
v 158.875000 439.994324 -16.492910
v 159.812500 440.337585 -16.921988
v 159.812500 440.983337 -15.719557
v 160.750000 441.840088 -14.798231
v 164.500000 443.500183 -13.050288
v 162.625000 443.175232 -12.562860
v 161.687500 443.012756 -12.319146
v 159.812500 438.958008 -19.176582
v 159.812500 439.660919 -18.074453
v 160.750000 440.680847 -17.351067
v 166.375000 443.320038 -16.774117
v 164.500000 442.826721 -16.115488
v 163.562500 442.580078 -15.786175
v 162.625000 442.333405 -15.456860
v 161.687500 442.086731 -15.127546
v 157.937500 441.757477 -12.602592
v 157.937500 442.362854 -11.344291
v 157.937500 438.870300 -17.105139
v 157.937500 439.651062 -16.063833
v 157.937500 440.396179 -14.964873
v 157.937500 441.100098 -13.810290
v 172.000000 444.799988 -7.500000
v 172.000000 444.799988 -15.000000
v 170.125000 444.715454 -7.284437
v 170.125000 444.475037 -14.512572
v 168.250000 444.630920 -7.068875
v 168.250000 444.757172 -3.541794
v 172.000000 444.799988 0.000000
v 168.250000 444.799988 0.000000
v 168.250000 444.150085 -14.025145
v 168.250000 444.425842 -10.567201
v 172.000000 444.799988 -18.750000
v 170.125000 444.306671 -18.091372
v 168.250000 443.813354 -17.432743
v 166.375000 443.825134 -13.537716
v 164.500000 444.051666 -9.884401
v 164.500000 444.461853 -6.637750
v 164.500000 444.714325 -3.333589
v 164.500000 444.799988 0.000000
v 160.750000 444.799988 0.000000
v 164.500000 444.714325 3.333589
v 168.249161 443.057861 -23.657486
v 166.375000 442.740417 -19.925533
v 164.500000 442.053894 -19.067377
v 163.562500 441.710632 -18.638300
v 162.625000 441.367371 -18.209223
v 161.687500 441.024109 -17.780144
v 157.015991 435.818054 -19.213823
v 168.250000 443.426941 20.783689
v 170.125000 444.113464 21.641846
v 170.125000 444.306671 18.091372
v 172.000000 444.799988 18.750000
v 172.000000 444.799988 15.000000
v 170.125000 444.715454 7.284437
v 172.000000 444.799988 7.500000
v 170.125000 444.475037 14.512572
v 168.250000 443.813354 17.432743
v 166.375000 443.320038 16.774117
v 164.500000 442.826721 16.115488
v 162.625000 442.333405 15.456860
v 160.750000 441.840088 14.798231
v 159.812500 441.593414 14.468918
v 158.875000 441.346771 14.139604
v 157.937500 441.100098 13.810290
v 168.250000 444.630920 7.068875
v 168.250000 444.757172 3.541794
v 164.468185 404.115662 25.765381
v 165.976303 403.501831 26.613289
v 165.976303 408.800293 27.354992
v 159.943863 410.302734 24.706139
v 162.960083 409.551514 26.030565
v 162.960083 412.057953 26.441206
v 158.435745 404.689178 21.354815
v 159.943863 403.937103 22.316011
v 159.943863 405.957214 23.221659
v 167.761566 408.373047 28.140244
v 167.484421 408.424652 28.017204
v 166.879913 404.956482 27.357014
v 159.943863 424.634491 25.654728
v 159.943863 419.799988 25.981287
v 159.066055 403.095673 21.024351
v 161.178085 402.437988 22.729567
v 161.451965 402.355103 22.940758
v 161.451981 403.185059 23.277206
v 164.468185 401.680939 25.199598
v 165.510941 401.142273 25.860371
v 166.177277 402.853851 26.635437
v 164.470718 401.453583 25.144907
v 162.960083 402.432983 24.238401
v 162.961792 401.902924 24.069542
v 157.015854 403.789703 19.220123
v 158.435745 406.571045 22.373751
v 158.435745 408.571808 23.276165
v 162.960083 414.611389 26.741835
v 159.943863 412.602783 25.253794
v 158.435745 410.678345 24.043924
v 159.943863 422.228271 25.898983
v 158.435745 428.921631 24.043924
v 158.435745 431.028198 23.276165
v 158.435745 433.028961 22.373751
v 158.435745 434.910828 21.354815
v 164.468185 437.919067 25.199598
v 164.470718 438.146423 25.144907
v 162.961792 437.697083 24.069542
v 165.797989 437.745483 26.206110
v 165.510941 438.457733 25.860371
v 165.976303 436.098175 26.613289
v 166.462311 435.939575 26.939114
v 167.454102 432.555359 27.882023
v 165.976303 430.799713 27.354992
v 167.484421 431.175323 28.017204
v 168.146255 429.231689 28.441347
v 168.588638 426.047546 28.757549
v 165.976303 419.799988 27.992102
v 168.839279 422.916504 28.922228
v 168.920990 419.799988 28.973665
v 165.976303 411.513092 27.628620
v 168.349457 411.657928 28.590626
v 165.976303 414.257233 27.828941
v 168.716354 414.880707 28.842754
v 168.896072 418.078369 28.958097
v 162.960083 404.729523 24.917475
v 162.960083 424.988617 26.741835
v 162.960083 427.542053 26.441206
v 159.943863 426.997223 25.253794
v 162.960083 419.799988 26.986694
v 162.960083 417.197418 26.924980
v 159.943863 429.297272 24.706139
v 162.960083 430.048492 26.030565
v 159.943863 431.517029 24.023739
v 162.960083 432.494751 25.518890
v 159.943863 433.642792 23.221659
v 159.943863 435.662903 22.316011
v 159.066055 436.504333 21.024351
v 157.015854 435.810303 19.220123
v 164.468185 430.424103 26.692778
v 164.468185 435.484344 25.765381
v 162.960083 434.870483 24.917475
v 162.960083 437.167023 24.238401
v 161.451981 436.414948 23.277206
v 161.451965 437.244873 22.940758
v 161.178085 437.162018 22.729567
v 164.468185 409.175903 26.692778
v 162.960083 407.105255 25.518890
v 159.943863 408.082947 24.023739
v 236.364105 434.500000 -30.000000
v 235.964172 435.071136 -30.000000
v 247.000000 439.799988 -30.000000
v 175.265137 418.237885 -30.000000
v 175.245560 419.799988 -30.000000
v 184.500000 407.100006 -30.000000
v 236.899994 407.100006 -30.000000
v 236.899994 432.500000 -30.000000
v 240.000000 419.799988 -30.000000
v 240.106354 421.015533 -30.000000
v 184.500000 432.500000 -30.000000
v 242.500488 425.162323 -30.000000
v 241.637680 424.299500 -30.000000
v 185.035904 405.100006 -30.000000
v 185.435822 404.528839 -30.000000
v 178.572021 399.799988 -30.000000
v 185.928848 404.035828 -30.000000
v 240.422150 417.405853 -30.000000
v 240.937820 416.299988 -30.000000
v 236.839233 406.405396 -30.000000
v 240.937820 423.299988 -30.000000
v 240.422150 422.194153 -30.000000
v 236.658768 433.868073 -30.000000
v 249.610519 439.628906 -30.000000
v 252.176376 439.118530 -30.000000
v 235.471146 435.564178 -30.000000
v 234.900009 435.964111 -30.000000
v 234.268082 436.258759 -30.000000
v 176.067627 409.766296 -30.000000
v 175.672775 412.528351 -30.000000
v 175.403824 415.358643 -30.000000
v 175.309479 422.623688 -30.000000
v 175.499420 425.418671 -30.000000
v 175.814301 428.174316 -30.000000
v 240.106354 418.584473 -30.000000
v 184.741226 405.731934 -30.000000
v 177.699265 402.866028 -30.000000
v 184.560776 406.405396 -30.000000
v 176.944092 405.562714 -30.000000
v 176.585327 407.086914 -30.000000
v 186.500000 403.635895 -30.000000
v 187.131912 403.341217 -30.000000
v 187.805405 403.160767 -30.000000
v 251.499512 425.162323 -30.000000
v 261.142151 433.942139 -30.000000
v 252.362305 424.299500 -30.000000
v 262.867065 431.975220 -30.000000
v 253.062180 423.299988 -30.000000
v 264.320526 429.799988 -30.000000
v 253.577850 422.194153 -30.000000
v 248.215530 426.693665 -30.000000
v 249.394135 426.377838 -30.000000
v 254.653671 438.277588 -30.000000
v 250.500000 425.862183 -30.000000
v 257.000000 437.120514 -30.000000
v 259.175232 435.667053 -30.000000
v 187.805405 436.439240 -30.000000
v 187.131912 436.258759 -30.000000
v 178.572021 439.799988 -30.000000
v 186.500000 435.964111 -30.000000
v 176.257477 430.902008 -30.000000
v 176.803604 433.464874 -30.000000
v 184.560776 433.194580 -30.000000
v 177.122696 434.726685 -30.000000
v 184.741226 433.868073 -30.000000
v 177.588470 436.366638 -30.000000
v 185.035904 434.500000 -30.000000
v 178.127792 438.197235 -30.000000
v 185.435822 435.071136 -30.000000
v 185.928848 435.564178 -30.000000
v 234.268082 403.341217 -30.000000
v 234.900009 403.635895 -30.000000
v 247.000000 399.799988 -30.000000
v 235.471146 404.035828 -30.000000
v 235.964172 404.528839 -30.000000
v 236.364105 405.100006 -30.000000
v 249.610519 399.971100 -30.000000
v 236.658768 405.731934 -30.000000
v 252.176376 400.481476 -30.000000
v 244.605865 413.222137 -30.000000
v 245.784470 412.906342 -30.000000
v 252.362305 415.300476 -30.000000
v 261.142151 405.657867 -30.000000
v 251.499512 414.437683 -30.000000
v 259.175232 403.932922 -30.000000
v 250.500000 413.737823 -30.000000
v 257.000000 402.479492 -30.000000
v 249.394135 413.222137 -30.000000
v 254.653671 401.322418 -30.000000
v 248.215530 412.906342 -30.000000
v 247.000000 412.799988 -30.000000
v 253.893646 418.584473 -30.000000
v 266.318512 414.623627 -30.000000
v 253.577850 417.405853 -30.000000
v 265.477600 412.146332 -30.000000
v 253.062180 416.299988 -30.000000
v 264.320526 409.799988 -30.000000
v 262.867065 407.624786 -30.000000
v 265.477600 427.453674 -30.000000
v 266.318512 424.976379 -30.000000
v 253.893646 421.015533 -30.000000
v 266.828888 422.410522 -30.000000
v 254.000000 419.799988 -30.000000
v 267.000000 419.799988 -30.000000
v 266.828888 417.189484 -30.000000
v 247.000000 426.799988 -30.000000
v 245.784470 426.693665 -30.000000
v 244.605865 426.377838 -30.000000
v 243.500000 425.862183 -30.000000
v 236.839233 433.194580 -30.000000
v 188.500000 403.100006 -30.000000
v 232.899994 403.100006 -30.000000
v 233.594589 403.160767 -30.000000
v 241.637680 415.300476 -30.000000
v 242.500488 414.437683 -30.000000
v 243.500000 413.737823 -30.000000
v 233.594589 436.439240 -30.000000
v 232.899994 436.500000 -30.000000
v 188.500000 436.500000 -30.000000
v 247.000000 444.799988 -20.000000
v 192.000000 444.799988 -20.000000
v 192.000000 394.799988 -20.000000
v 247.000000 394.799988 -20.000000
v 251.341202 395.179810 -20.000000
v 255.550491 396.307678 -20.000000
v 266.151123 403.730316 -20.000000
v 268.650635 407.299988 -20.000000
v 259.500000 398.149353 -20.000000
v 263.069702 400.648895 -20.000000
v 270.492310 411.249512 -20.000000
v 271.620178 415.458801 -20.000000
v 272.000000 419.799988 -20.000000
v 271.620178 424.141205 -20.000000
v 270.492310 428.350494 -20.000000
v 251.341202 444.420197 -20.000000
v 268.650635 432.299988 -20.000000
v 266.151123 435.869690 -20.000000
v 263.069702 438.951111 -20.000000
v 259.500000 441.450623 -20.000000
v 255.550491 443.292328 -20.000000
v 182.000000 444.799988 -10.000000
v 182.000000 444.799988 10.000000
v 182.000000 394.799988 -10.000000
v 182.000000 394.799988 10.000000
v 272.000000 419.799988 20.000000
v 271.620178 415.458801 20.000000
v 247.000000 444.799988 20.000000
v 192.000000 394.799988 20.000000
v 192.000000 444.799988 20.000000
v 247.000000 394.799988 20.000000
v 251.341202 395.179810 20.000000
v 271.620178 424.141205 20.000000
v 266.151123 403.730316 20.000000
v 263.069702 400.648895 20.000000
v 270.492310 411.249512 20.000000
v 268.650635 407.299988 20.000000
v 270.492310 428.350494 20.000000
v 251.341202 444.420197 20.000000
v 255.550491 443.292328 20.000000
v 259.500000 441.450623 20.000000
v 263.069702 438.951111 20.000000
v 268.650635 432.299988 20.000000
v 266.151123 435.869690 20.000000
v 259.500000 398.149353 20.000000
v 255.550491 396.307678 20.000000
v 187.000000 394.799988 18.660255
v 188.579803 394.799988 19.396925
v 178.572021 394.799988 25.000000
v 178.572021 394.799988 -25.000000
v 247.000000 394.799988 -25.000000
v 185.572128 394.799988 17.660444
v 172.484955 394.799988 23.805416
v 190.263519 394.799988 -19.848076
v 188.579803 394.799988 -19.396925
v 183.339752 394.799988 -15.000000
v 182.603073 394.799988 -13.420202
v 182.151917 394.799988 -11.736482
v 175.615997 394.799988 24.726418
v 174.183228 394.799988 24.390642
v 184.339554 394.799988 16.427876
v 247.000000 394.799988 25.000000
v 190.263519 394.799988 19.848076
v 174.185242 394.799988 -24.391211
v 184.339554 394.799988 -16.427876
v 173.253860 394.799988 -24.096788
v 182.151917 394.799988 11.736482
v 182.603073 394.799988 13.420202
v 183.339752 394.799988 15.000000
v 172.785049 394.799988 23.924515
v 187.000000 394.799988 -18.660255
v 185.572128 394.799988 -17.660444
v 177.084183 394.799988 -24.931099
v 175.620926 394.799988 -24.727335
v 177.079849 394.799988 24.930695
v 190.263519 444.799988 19.848076
v 188.579803 444.799988 19.396925
v 178.572021 444.799988 25.000000
v 173.253860 444.799988 -24.096788
v 185.572128 444.799988 -17.660444
v 187.000000 444.799988 -18.660255
v 178.572021 444.799988 -25.000000
v 247.000000 444.799988 -25.000000
v 247.000000 444.799988 25.000000
v 183.339752 444.799988 -15.000000
v 184.339554 444.799988 -16.427876
v 174.185242 444.799988 -24.391211
v 175.620926 444.799988 -24.727335
v 188.579803 444.799988 -19.396925
v 190.263519 444.799988 -19.848076
v 182.151917 444.799988 11.736482
v 182.603073 444.799988 13.420202
v 183.339752 444.799988 15.000000
v 182.603073 444.799988 -13.420202
v 182.151917 444.799988 -11.736482
v 187.000000 444.799988 18.660255
v 185.572128 444.799988 17.660444
v 177.079849 444.799988 24.930695
v 184.339554 444.799988 16.427876
v 175.615997 444.799988 24.726418
v 172.484955 444.799988 23.805416
v 172.785049 444.799988 23.924515
v 174.183228 444.799988 24.390642
v 177.084183 444.799988 -24.931099
v 250.263153 444.586121 25.000000
v 251.341202 444.420197 25.000000
v 253.470474 443.948151 25.000000
v 255.550491 443.292328 25.000000
v 256.567078 442.897003 25.000000
v 259.500000 441.450623 25.000000
v 262.219025 439.633820 25.000000
v 263.069702 438.951111 25.000000
v 264.677673 437.477661 25.000000
v 266.151123 435.869690 25.000000
v 266.833832 435.019043 25.000000
v 268.650635 432.299988 25.000000
v 270.096985 429.367096 25.000000
v 270.492310 428.350494 25.000000
v 271.148163 426.270477 25.000000
v 272.000000 419.799988 25.000000
v 271.786102 423.063141 25.000000
v 271.620178 424.141205 25.000000
v 250.263153 395.013885 25.000000
v 251.341202 395.179810 25.000000
v 253.470474 395.651855 25.000000
v 255.550491 396.307678 25.000000
v 256.567078 396.703003 25.000000
v 259.500000 398.149353 25.000000
v 262.219025 399.966156 25.000000
v 263.069702 400.648895 25.000000
v 264.677673 402.122314 25.000000
v 266.151123 403.730316 25.000000
v 266.833832 404.580963 25.000000
v 268.650635 407.299988 25.000000
v 270.096985 410.232910 25.000000
v 270.492310 411.249512 25.000000
v 271.148163 413.329529 25.000000
v 271.620178 415.458801 25.000000
v 271.786102 416.536835 25.000000
v 250.263153 444.586121 -25.000000
v 251.341202 444.420197 -25.000000
v 253.470474 443.948151 -25.000000
v 255.550491 443.292328 -25.000000
v 256.567078 442.897003 -25.000000
v 259.500000 441.450623 -25.000000
v 262.219025 439.633820 -25.000000
v 263.069702 438.951111 -25.000000
v 264.677673 437.477661 -25.000000
v 266.151123 435.869690 -25.000000
v 266.833832 435.019043 -25.000000
v 268.650635 432.299988 -25.000000
v 270.096985 429.367096 -25.000000
v 270.492310 428.350494 -25.000000
v 271.148163 426.270477 -25.000000
v 271.620178 424.141205 -25.000000
v 271.786102 423.063141 -25.000000
v 272.000000 419.799988 -25.000000
v 250.263153 395.013885 -25.000000
v 251.341202 395.179810 -25.000000
v 253.470474 395.651855 -25.000000
v 255.550491 396.307678 -25.000000
v 256.567078 396.703003 -25.000000
v 259.500000 398.149353 -25.000000
v 262.219025 399.966156 -25.000000
v 263.069702 400.648895 -25.000000
v 264.677673 402.122314 -25.000000
v 266.151123 403.730316 -25.000000
v 266.833832 404.580963 -25.000000
v 268.650635 407.299988 -25.000000
v 270.096985 410.232910 -25.000000
v 270.492310 411.249512 -25.000000
v 271.148163 413.329529 -25.000000
v 271.786102 416.536835 -25.000000
v 271.620178 415.458801 -25.000000
v 154.249863 426.240295 24.035490
v 154.249863 437.395203 17.595200
v 154.249863 443.835480 6.440290
v 154.249863 443.835480 -6.440290
v 154.249863 437.395203 -17.595200
v 154.249863 426.240295 -24.035490
v 154.249863 413.359711 -24.035490
v 154.249863 402.204803 -17.595200
v 154.249863 395.764496 -6.440290
v 154.249863 395.764496 6.440290
v 154.249863 402.204803 17.595200
v 154.249863 413.359711 24.035490
v 147.833267 422.551483 20.899603
v 147.833267 432.632660 16.723845
v 147.833267 439.275330 8.066946
v 147.833267 440.699615 -2.751485
v 147.833267 436.523834 -12.832658
v 147.833267 427.866943 -19.475330
v 147.833267 417.048523 -20.899603
v 147.833267 406.967346 -16.723845
v 147.833267 400.324677 -8.066946
v 147.833267 398.900391 2.751485
v 147.833267 403.076141 12.832658
v 147.833267 411.733063 19.475330
v 147.833267 417.048523 20.899603
v 147.833267 414.344116 20.361664
v 148.851730 416.899963 22.027990
v 148.851730 414.049530 21.461006
v 150.031647 416.773376 22.989449
v 150.031647 413.798553 22.397717
v 151.345459 416.671722 23.761551
v 151.345459 413.596985 23.149946
v 152.762558 416.597382 24.326288
v 152.762558 413.449554 23.700150
v 154.249863 416.552063 24.670488
v 147.833267 406.967346 16.723845
v 147.833267 404.894226 14.905772
v 148.851730 406.274506 17.626780
v 148.851730 404.089447 15.710547
v 150.031647 405.684143 18.396137
v 150.031647 403.403748 16.396267
v 151.345459 405.210052 19.013973
v 151.345459 402.853058 16.946938
v 152.762558 404.863312 19.465878
v 152.762558 402.450287 17.349714
v 154.249863 404.651978 19.741304
v 147.833267 400.324677 8.066946
v 147.833267 399.438324 5.455891
v 148.851730 399.273193 8.502487
v 148.851730 398.338989 5.750459
v 150.031647 398.377258 8.873596
v 150.031647 397.402283 6.001450
v 151.345459 397.657745 9.171617
v 151.345459 396.650055 6.203010
v 152.762558 397.131500 9.389597
v 152.762558 396.099854 6.350436
v 154.249863 396.810760 9.522454
v 147.833267 398.900391 -2.751485
v 147.833267 399.438324 -5.455891
v 148.851730 397.772003 -2.900040
v 148.851730 398.338989 -5.750459
v 150.031647 396.810547 -3.026618
v 150.031647 397.402283 -6.001450
v 151.345459 396.038452 -3.128268
v 151.345459 396.650055 -6.203010
v 152.762558 395.473724 -3.202617
v 152.762558 396.099854 -6.350436
v 154.249863 395.129517 -3.247931
v 147.833267 403.076141 -12.832658
v 147.833267 404.894226 -14.905772
v 148.851730 402.173218 -13.525503
v 148.851730 404.089447 -15.710547
v 150.031647 401.403870 -14.115852
v 150.031647 403.403748 -16.396267
v 151.345459 400.786041 -14.589935
v 151.345459 402.853058 -16.946938
v 152.762558 400.334137 -14.936692
v 152.762558 402.450287 -17.349714
v 154.249863 400.058685 -15.148036
v 147.833267 411.733063 -19.475330
v 147.833267 414.344116 -20.361664
v 148.851730 411.297516 -20.526819
v 148.851730 414.049530 -21.461006
v 150.031647 410.926392 -21.422754
v 150.031647 413.798553 -22.397717
v 151.345459 410.628387 -22.142241
v 151.345459 413.596985 -23.149946
v 152.762558 410.410400 -22.668493
v 152.762558 413.449554 -23.700150
v 154.249863 410.277557 -22.989235
v 147.833267 422.551483 -20.899603
v 147.833267 425.255890 -20.361664
v 148.851730 422.700043 -22.027990
v 148.851730 425.550446 -21.461006
v 150.031647 422.826630 -22.989449
v 150.031647 425.801453 -22.397717
v 151.345459 422.928253 -23.761551
v 151.345459 426.003021 -23.149946
v 152.762558 423.002625 -24.326288
v 152.762558 426.150421 -23.700150
v 154.249863 423.047943 -24.670488
v 147.833267 432.632660 -16.723845
v 147.833267 434.705780 -14.905772
v 148.851730 433.325500 -17.626780
v 148.851730 435.510559 -15.710547
v 150.031647 433.915863 -18.396137
v 150.031647 436.196259 -16.396267
v 151.345459 434.389923 -19.013973
v 151.345459 436.746948 -16.946938
v 152.762558 434.736694 -19.465878
v 152.762558 437.149719 -17.349714
v 154.249863 434.948029 -19.741304
v 147.833267 439.275330 -8.066946
v 147.833267 440.161652 -5.455891
v 148.851730 440.326813 -8.502487
v 148.851730 441.261017 -5.750459
v 150.031647 441.222748 -8.873596
v 150.031647 442.197723 -6.001450
v 151.345459 441.942230 -9.171617
v 151.345459 442.949951 -6.203010
v 152.762558 442.468506 -9.389597
v 152.762558 443.500153 -6.350436
v 154.249863 442.789246 -9.522454
v 147.833267 440.699615 2.751485
v 147.833267 440.161652 5.455891
v 148.851730 441.828003 2.900040
v 148.851730 441.261017 5.750459
v 150.031647 442.789459 3.026618
v 150.031647 442.197723 6.001450
v 151.345459 443.561554 3.128268
v 151.345459 442.949951 6.203010
v 152.762558 444.126282 3.202617
v 152.762558 443.500153 6.350436
v 154.249863 444.470490 3.247932
v 147.833267 436.523834 12.832658
v 147.833267 434.705780 14.905772
v 148.851730 437.426788 13.525503
v 148.851730 435.510559 15.710547
v 150.031647 438.196136 14.115852
v 150.031647 436.196259 16.396267
v 151.345459 438.813965 14.589935
v 151.345459 436.746948 16.946938
v 152.762558 439.265869 14.936692
v 152.762558 437.149719 17.349714
v 154.249863 439.541290 15.148036
v 147.833267 427.866943 19.475330
v 147.833267 425.255890 20.361664
v 148.851730 428.302490 20.526819
v 148.851730 425.550446 21.461006
v 150.031647 428.673584 21.422754
v 150.031647 425.801453 22.397717
v 151.345459 428.971619 22.142241
v 151.345459 426.003021 23.149946
v 152.762558 429.189606 22.668493
v 152.762558 426.150421 23.700150
v 154.249863 429.322449 22.989235
v 147.833267 419.799988 21.079945
v 148.851730 419.799988 22.218069
v 150.031647 419.799988 23.187824
v 151.345459 419.799988 23.966591
v 152.762558 419.799988 24.536200
v 154.249863 419.799988 24.883371
v 154.249863 410.277557 22.989235
v 152.762558 410.410400 22.668493
v 151.345459 410.628387 22.142241
v 150.031647 410.926392 21.422754
v 148.851730 411.297516 20.526819
v 147.833267 409.260040 18.255768
v 148.851730 408.690979 19.241411
v 150.031647 408.206085 20.081244
v 151.345459 407.816711 20.755674
v 152.762558 407.531891 21.248972
v 154.249863 407.358307 21.549631
v 154.249863 400.058685 15.148036
v 152.762558 400.334137 14.936692
v 151.345459 400.786041 14.589935
v 150.031647 401.403870 14.115852
v 148.851730 402.173218 13.525503
v 147.833267 401.544220 10.539972
v 148.851730 400.558594 11.109035
v 150.031647 399.718750 11.593912
v 151.345459 399.044312 11.983295
v 152.762558 398.551025 12.268100
v 154.249863 398.250366 12.441686
v 154.249863 395.129517 3.247932
v 152.762558 395.473724 3.202617
v 151.345459 396.038452 3.128268
v 150.031647 396.810547 3.026618
v 148.851730 397.772003 2.900040
v 147.833267 398.720062 0.000000
v 148.851730 397.581940 0.000000
v 150.031647 396.612183 0.000000
v 151.345459 395.833405 0.000000
v 152.762558 395.263794 0.000000
v 154.249863 394.916626 0.000000
v 154.249863 396.810760 -9.522454
v 152.762558 397.131500 -9.389597
v 151.345459 397.657745 -9.171617
v 150.031647 398.377258 -8.873596
v 148.851730 399.273193 -8.502487
v 147.833267 401.544220 -10.539972
v 148.851730 400.558594 -11.109035
v 150.031647 399.718750 -11.593912
v 151.345459 399.044312 -11.983295
v 152.762558 398.551025 -12.268100
v 154.249863 398.250366 -12.441686
v 154.249863 404.651978 -19.741304
v 152.762558 404.863312 -19.465878
v 151.345459 405.210052 -19.013973
v 150.031647 405.684143 -18.396137
v 148.851730 406.274506 -17.626780
v 147.833267 409.260040 -18.255768
v 148.851730 408.690979 -19.241411
v 150.031647 408.206085 -20.081244
v 151.345459 407.816711 -20.755674
v 152.762558 407.531891 -21.248972
v 154.249863 407.358307 -21.549631
v 154.249863 416.552063 -24.670488
v 152.762558 416.597382 -24.326288
v 151.345459 416.671722 -23.761551
v 150.031647 416.773376 -22.989449
v 148.851730 416.899963 -22.027990
v 147.833267 419.799988 -21.079945
v 148.851730 419.799988 -22.218069
v 150.031647 419.799988 -23.187824
v 151.345459 419.799988 -23.966591
v 152.762558 419.799988 -24.536200
v 154.249863 419.799988 -24.883371
v 154.249863 429.322449 -22.989235
v 152.762558 429.189606 -22.668493
v 151.345459 428.971619 -22.142241
v 150.031647 428.673584 -21.422754
v 148.851730 428.302490 -20.526819
v 147.833267 430.339966 -18.255768
v 148.851730 430.909027 -19.241411
v 150.031647 431.393921 -20.081244
v 151.345459 431.783295 -20.755674
v 152.762558 432.068085 -21.248972
v 154.249863 432.241699 -21.549631
v 154.249863 439.541290 -15.148036
v 152.762558 439.265869 -14.936692
v 151.345459 438.813965 -14.589935
v 150.031647 438.196136 -14.115852
v 148.851730 437.426788 -13.525503
v 147.833267 438.055756 -10.539972
v 148.851730 439.041412 -11.109035
v 150.031647 439.881256 -11.593912
v 151.345459 440.555664 -11.983295
v 152.762558 441.048981 -12.268100
v 154.249863 441.349640 -12.441686
v 154.249863 444.470490 -3.247931
v 152.762558 444.126282 -3.202617
v 151.345459 443.561554 -3.128268
v 150.031647 442.789459 -3.026618
v 148.851730 441.828003 -2.900040
v 147.833267 440.879944 0.000000
v 148.851730 442.018066 0.000000
v 150.031647 442.987823 0.000000
v 151.345459 443.766602 0.000000
v 152.762558 444.336212 0.000000
v 154.249863 444.683380 0.000000
v 154.249863 442.789246 9.522454
v 152.762558 442.468506 9.389597
v 151.345459 441.942230 9.171617
v 150.031647 441.222748 8.873596
v 148.851730 440.326813 8.502487
v 147.833267 438.055756 10.539972
v 148.851730 439.041412 11.109035
v 150.031647 439.881256 11.593912
v 151.345459 440.555664 11.983295
v 152.762558 441.048981 12.268100
v 154.249863 441.349640 12.441686
v 154.249863 434.948029 19.741304
v 152.762558 434.736694 19.465878
v 151.345459 434.389923 19.013973
v 150.031647 433.915863 18.396137
v 148.851730 433.325500 17.626780
v 147.833267 430.339966 18.255768
v 148.851730 430.909027 19.241411
v 150.031647 431.393921 20.081244
v 151.345459 431.783295 20.755674
v 152.762558 432.068085 21.248972
v 154.249863 432.241699 21.549631
v 154.249863 423.047943 24.670488
v 152.762558 423.002625 24.326288
v 151.345459 422.928253 23.761551
v 150.031647 422.826630 22.989449
v 148.851730 422.700043 22.027990
v 171.609726 440.265686 -28.795719
v 172.827682 440.180969 -29.188278
v 172.114639 439.913147 -28.997305
v 174.706284 440.053101 -29.636446
v 175.247070 440.016876 -29.731672
v 175.082809 439.066132 -29.747736
v 176.622375 439.925995 -29.908133
v 169.419678 438.822388 -28.089781
v 169.330887 439.718475 -27.924406
v 171.048935 440.213593 -28.596344
v 167.842484 437.200470 -27.543028
v 167.292313 439.072113 -26.934818
v 167.740723 439.225098 -27.171467
v 167.176025 439.032196 -26.871386
v 168.401581 400.160614 -27.499758
v 167.292053 400.527985 -26.934669
v 168.146210 403.349213 -27.824081
v 167.176025 400.567810 -26.871387
v 169.330887 399.881531 -27.924406
v 169.237991 399.909119 -27.883957
v 169.354721 400.360077 -28.002468
v 170.236908 403.875214 -28.766087
v 171.609726 399.334290 -28.795719
v 171.311890 399.313354 -28.686855
v 172.029541 401.163330 -29.103798
v 171.302948 399.315826 -28.683830
v 174.706284 399.546906 -29.636446
v 172.827682 399.419006 -29.188278
v 172.136551 399.371124 -28.975754
v 174.832092 402.004974 -29.774681
v 175.247070 399.583099 -29.731672
v 176.622375 399.674011 -29.908133
v 168.692093 405.354279 -28.294664
v 170.589554 405.770782 -29.034664
v 169.346237 408.638855 -28.802973
v 170.981659 408.913177 -29.323694
v 169.763367 411.825989 -29.094124
v 171.210983 411.998047 -29.488745
v 170.015961 414.973572 -29.256758
v 171.340744 415.068268 -29.580784
v 170.137466 418.109467 -29.331074
v 171.400406 418.141083 -29.622805
v 170.154205 419.799988 -29.341101
v 171.408478 419.799988 -29.628473
v 170.099228 422.859467 -29.307968
v 171.381836 422.801422 -29.609741
v 169.928696 425.925598 -29.201826
v 171.296722 425.801117 -29.549709
v 169.620941 429.028351 -28.997715
v 171.134735 428.819611 -29.434130
v 169.121948 432.242126 -28.635672
v 170.851318 431.917328 -29.228687
v 168.370300 435.482971 -28.022398
v 170.384201 435.001068 -28.879391
v 170.032303 436.616760 -28.605211
v 169.238449 439.691010 -27.884157
v 174.785492 437.209290 -29.784674
v 174.709030 435.370087 -29.843391
v 174.627487 433.985626 -29.874439
v 174.434525 431.244354 -29.913803
v 174.241211 428.391235 -29.936859
v 174.089096 425.547028 -29.949799
v 173.992630 422.683289 -29.956512
v 173.959442 419.799988 -29.958605
v 173.969650 418.205444 -29.957972
v 174.040985 415.261261 -29.953276
v 174.174133 412.350220 -29.942978
v 174.355087 409.479034 -29.924475
v 174.557617 406.641785 -29.891964
v 174.666489 404.989685 -29.861626
v 172.420395 404.424591 -29.448414
v 172.551804 406.201508 -29.569023
v 172.655487 409.193939 -29.698471
v 172.684036 412.173126 -29.772236
v 172.684509 415.164307 -29.813318
v 172.679596 418.173126 -29.832064
v 172.678650 419.799988 -29.834591
v 172.681519 422.742615 -29.826237
v 172.685852 425.674713 -29.799450
v 172.678070 428.606781 -29.747839
v 172.627274 431.583801 -29.655958
v 172.478699 434.499847 -29.499332
v 172.333160 436.003418 -29.376024
v 172.042877 438.033783 -29.143330
v 171.311890 440.286621 -28.686855
v 171.303497 440.284302 -28.684015
v 174.699829 399.546478 29.635223
v 175.247070 399.583099 29.731672
v 174.832092 402.004974 29.774681
v 176.616684 399.673615 29.907593
v 172.029541 401.163330 29.103798
v 172.136551 399.371124 28.975752
v 172.825058 399.418823 29.187523
v 171.311890 399.313354 28.686855
v 171.303497 399.315704 28.684015
v 169.330887 399.881531 27.924406
v 168.146210 403.349213 27.824081
v 167.292313 400.527893 26.934818
v 168.401550 400.160614 27.499743
v 167.176025 400.567810 26.871386
v 167.740692 439.225098 27.171450
v 167.292053 439.072021 26.934669
v 167.842484 437.200470 27.543028
v 167.176025 439.032196 26.871387
v 169.419678 438.822388 28.089781
v 169.330887 439.718475 27.924406
v 169.237991 439.690887 27.883957
v 172.042877 438.033783 29.143330
v 172.114639 439.913147 28.997305
v 171.048950 440.213593 28.596350
v 172.825058 440.181152 29.187523
v 171.311890 440.286621 28.686855
v 171.302948 440.284149 28.683830
v 176.616684 439.926361 29.907593
v 175.247070 440.016876 29.731672
v 175.082809 439.066132 29.747736
v 174.699829 440.053528 29.635223
v 168.370300 435.482971 28.022398
v 169.121948 432.242126 28.635672
v 169.620941 429.028351 28.997715
v 169.928696 425.925598 29.201826
v 170.099228 422.859467 29.307968
v 170.154205 419.799988 29.341101
v 170.137466 418.109467 29.331074
v 170.015961 414.973572 29.256758
v 169.763367 411.825989 29.094124
v 169.346237 408.638855 28.802973
v 168.692093 405.354279 28.294664
v 170.032303 436.616760 28.605211
v 170.384201 435.001068 28.879391
v 170.851318 431.917328 29.228687
v 171.134735 428.819611 29.434130
v 171.296722 425.801117 29.549709
v 171.381836 422.801422 29.609741
v 171.408478 419.799988 29.628473
v 171.400406 418.141083 29.622805
v 171.340744 415.068268 29.580784
v 171.210983 411.998047 29.488745
v 170.981659 408.913177 29.323694
v 170.589554 405.770782 29.034664
v 170.236908 403.875214 28.766087
v 169.354721 400.360077 28.002468
v 169.238449 399.908966 27.884157
v 172.420395 404.424591 29.448414
v 172.551804 406.201508 29.569023
v 172.655487 409.193939 29.698471
v 172.684036 412.173126 29.772236
v 172.684509 415.164307 29.813318
v 172.679596 418.173126 29.832064
v 172.678650 419.799988 29.834591
v 172.681519 422.742615 29.826237
v 172.685852 425.674713 29.799450
v 172.678070 428.606781 29.747839
v 172.627274 431.583801 29.655958
v 172.478699 434.499847 29.499332
v 172.333160 436.003418 29.376024
v 174.666489 404.989685 29.861626
v 174.557617 406.641785 29.891964
v 174.355087 409.479034 29.924475
v 174.174133 412.350220 29.942978
v 174.040985 415.261261 29.953276
v 173.969650 418.205444 29.957972
v 173.959442 419.799988 29.958607
v 173.992630 422.683289 29.956512
v 174.089096 425.547028 29.949799
v 174.241211 428.391235 29.936859
v 174.434525 431.244354 29.913803
v 174.627487 433.985626 29.874439
v 174.709030 435.370087 29.843391
v 174.785492 437.209290 29.784674
v 161.210800 438.776031 -21.459768
v 159.080383 437.331390 -20.366549
v 157.015945 435.815460 -19.215925
v 159.065598 437.174744 -20.508230
v 159.056747 437.013397 -20.645092
v 161.160019 438.488007 -21.752235
v 161.131226 438.180450 -22.027264
v 157.015900 435.812866 -19.218023
v 159.053879 436.847687 -20.776888
v 159.056992 436.677887 -20.903385
v 161.124634 437.855408 -22.282970
v 161.140289 437.515167 -22.517607
v 165.501846 441.180023 -23.852598
v 165.590485 441.399872 -23.551353
v 165.641129 441.501587 -23.396969
v 165.430496 440.939423 -24.142338
v 165.401459 440.811768 -24.282358
v 165.341324 440.401642 -24.680574
v 165.322220 439.955078 -25.041977
v 165.325043 439.799133 -25.153425
v 165.344406 439.477966 -25.361795
v 165.382019 439.146057 -25.549791
v 165.407593 438.976654 -25.635799
v 171.307709 440.312866 -28.682510
v 171.204193 441.102081 -28.488125
v 171.148026 441.876984 -28.167896
v 170.860184 441.735626 -28.084848
v 171.147141 441.899567 -28.156429
v 170.722702 442.392853 -27.616779
v 171.143219 442.562378 -27.757593
v 171.144272 442.596375 -27.733578
v 170.646774 442.980530 -27.052137
v 171.189896 443.212860 -27.223356
v 170.634430 443.482910 -26.406054
v 171.197998 443.277161 -27.160728
v 171.192520 443.234375 -27.202620
v 170.685989 443.886505 -25.695841
v 171.296677 443.802277 -26.557301
v 171.291687 443.782501 -26.583597
v 170.800095 444.180511 -24.940531
v 171.649170 444.567841 -25.088039
v 171.643326 444.561066 -25.108753
v 171.625488 444.539520 -25.172489
v 171.456619 444.262085 -25.821264
v 171.437744 444.220734 -25.900139
v 171.861313 444.739899 -24.381340
v 171.149536 441.840912 -28.185940
v 171.055527 441.026428 -28.443798
v 169.034439 440.350006 -27.632256
v 168.881134 440.981049 -27.289335
v 168.781830 441.570557 -26.862793
v 168.738693 442.105804 -26.361830
v 168.752609 442.575256 -25.797255
v 168.823318 442.968781 -25.181250
v 168.949280 443.277893 -24.527100
v 167.137802 439.654175 -26.688269
v 167.029129 440.213684 -26.374180
v 166.968124 440.741058 -25.997873
v 166.955841 441.227448 -25.565722
v 166.992462 441.664581 -25.085045
v 167.077393 442.045074 -24.563988
v 167.209183 442.362457 -24.011375
v 172.983978 444.732758 -24.868101
v 172.721359 444.532898 -25.618671
v 172.473053 444.205750 -26.328316
v 172.245743 443.760132 -26.977953
v 172.045547 443.208008 -27.550112
v 171.877853 442.564240 -28.029408
v 171.747147 441.846161 -28.402952
v 171.656967 441.073059 -28.660700
v 172.863495 440.999817 -29.061693
v 172.935684 441.785645 -28.806616
v 173.042252 442.516846 -28.430059
v 173.180267 443.173309 -27.942387
v 173.345917 443.736938 -27.357014
v 173.534668 444.192291 -26.690044
v 173.741318 444.526764 -25.959829
v 173.960175 444.731232 -25.186459
v 175.466965 444.728851 -25.553637
v 175.317398 444.517395 -26.356421
v 175.176468 444.171722 -27.112839
v 175.048187 443.701569 -27.801361
v 174.936203 443.120422 -28.402391
v 174.843719 442.444733 -28.898825
v 174.773346 441.693787 -29.276531
v 174.727097 440.888947 -29.524761
v 178.572021 440.668243 -29.924038
v 176.631149 440.778320 -29.813480
v 178.572021 441.510101 -29.698463
v 176.653259 441.601868 -29.575190
v 178.572021 442.299988 -29.330128
v 176.688049 442.372406 -29.200274
v 178.572021 443.013947 -28.830223
v 176.734497 443.067261 -28.699757
v 178.572021 443.630219 -28.213938
v 176.791214 443.665985 -28.088371
v 178.572021 444.130127 -27.500000
v 176.856567 444.150970 -27.384096
v 178.572021 444.498474 -26.710100
v 176.928619 444.507965 -26.607656
v 178.572021 444.724030 -25.868240
v 177.005234 444.726440 -25.781893
v 247.000000 444.724030 -25.868240
v 247.000000 444.498474 -26.710100
v 247.000000 444.130127 -27.500000
v 247.000000 443.630219 -28.213938
v 247.000000 443.013947 -28.830223
v 247.000000 442.299988 -29.330128
v 247.000000 441.510101 -29.698463
v 247.000000 440.668243 -29.924038
v 253.450821 443.874786 -25.868240
v 264.623962 437.423950 -25.868240
v 271.074768 426.250824 -25.868240
v 267.689728 422.523865 -29.924038
v 267.157166 425.201111 -29.924038
v 268.524384 422.633728 -29.698463
v 267.970337 425.418976 -29.698463
v 269.307495 422.736847 -29.330128
v 268.733337 425.623444 -29.330128
v 270.015350 422.830017 -28.830223
v 269.422943 425.808197 -28.830223
v 270.626343 422.910461 -28.213938
v 270.018219 425.967712 -28.213938
v 271.121979 422.975708 -27.500000
v 270.501099 426.097107 -27.500000
v 271.487183 423.023804 -26.710100
v 270.856873 426.192444 -26.710100
v 271.710815 423.053253 -25.868240
v 263.555878 432.503784 -29.924038
v 261.756073 434.556061 -29.924038
v 264.223785 433.016266 -29.698463
v 262.351349 435.151367 -29.698463
v 264.850433 433.497131 -29.330128
v 262.909912 435.709900 -29.330128
v 265.416840 433.931763 -28.830223
v 263.414734 436.214722 -28.830223
v 265.905792 434.306915 -28.213938
v 263.850525 436.650513 -28.213938
v 266.302399 434.611237 -27.500000
v 264.204010 437.003998 -27.500000
v 266.594604 434.835480 -26.710100
v 264.464447 437.264465 -26.710100
v 266.773560 434.972778 -25.868240
v 254.985931 439.079742 -29.924038
v 252.401093 439.957184 -29.924038
v 255.308105 439.857513 -29.698463
v 252.618988 440.770355 -29.698463
v 255.610382 440.587280 -29.330128
v 252.823441 441.533325 -29.330128
v 255.883575 441.246887 -28.830223
v 253.008209 442.222931 -28.830223
v 256.119446 441.816254 -28.213938
v 253.167709 442.818237 -28.213938
v 256.310730 442.278107 -27.500000
v 253.297104 443.301086 -27.500000
v 256.451691 442.618408 -26.710100
v 253.392441 443.656891 -26.710100
v 256.538025 442.826813 -25.868240
v 267.868256 419.799988 -29.924038
v 268.710114 419.799988 -29.698463
v 269.500000 419.799988 -29.330128
v 270.213928 419.799988 -28.830223
v 270.830231 419.799988 -28.213938
v 271.330139 419.799988 -27.500000
v 271.698456 419.799988 -26.710100
v 271.924042 419.799988 -25.868240
v 270.026825 429.338013 -25.868240
v 269.818390 429.251678 -26.710100
v 269.478119 429.110748 -27.500000
v 269.016266 428.919434 -28.213938
v 268.446899 428.683594 -28.830223
v 267.787292 428.410370 -29.330128
v 267.057526 428.108093 -29.698463
v 266.279724 427.785919 -29.924038
v 265.072418 430.234131 -29.924038
v 265.801483 430.655060 -29.698463
v 266.485565 431.049988 -29.330128
v 267.103851 431.406982 -28.830223
v 267.637573 431.715118 -28.213938
v 268.070526 431.965057 -27.500000
v 268.389496 432.149231 -26.710100
v 268.584869 432.262024 -25.868240
v 262.172791 439.573578 -25.868240
v 262.035461 439.394623 -26.710100
v 261.811249 439.102386 -27.500000
v 261.506927 438.705780 -28.213938
v 261.131744 438.216858 -28.830223
v 260.697144 437.650452 -29.330128
v 260.216278 437.023773 -29.698463
v 259.703766 436.355896 -29.924038
v 257.434113 437.872437 -29.924038
v 257.855042 438.601501 -29.698463
v 258.250000 439.285583 -29.330128
v 258.606964 439.903870 -28.830223
v 258.915100 440.437592 -28.213938
v 259.165070 440.870514 -27.500000
v 259.349243 441.189484 -26.710100
v 259.462036 441.384857 -25.868240
v 250.253235 444.510803 -25.868240
v 250.223801 444.287170 -26.710100
v 250.175720 443.921967 -27.500000
v 250.110474 443.426361 -28.213938
v 250.030029 442.815338 -28.830223
v 249.936844 442.107513 -29.330128
v 249.833740 441.324371 -29.698463
v 249.723846 440.489716 -29.924038
v 271.074768 413.349182 -25.868240
v 264.623962 402.176056 -25.868240
v 253.450821 395.725220 -25.868240
v 249.723846 399.110291 -29.924038
v 252.401093 399.642822 -29.924038
v 249.833740 398.275635 -29.698463
v 252.618988 398.829651 -29.698463
v 249.936844 397.492493 -29.330128
v 252.823441 398.066681 -29.330128
v 250.030029 396.784668 -28.830223
v 253.008209 397.377045 -28.830223
v 250.110474 396.173645 -28.213938
v 253.167709 396.781769 -28.213938
v 250.175720 395.678009 -27.500000
v 253.297104 396.298889 -27.500000
v 250.223801 395.312836 -26.710100
v 253.392441 395.943115 -26.710100
v 250.253235 395.089203 -25.868240
v 259.703766 403.244110 -29.924038
v 261.756073 405.043915 -29.924038
v 260.216278 402.576233 -29.698463
v 262.351349 404.448639 -29.698463
v 260.697144 401.949554 -29.330128
v 262.909912 403.890106 -29.330128
v 261.131744 401.383148 -28.830223
v 263.414734 403.385254 -28.830223
v 261.506927 400.894226 -28.213938
v 263.850525 402.949493 -28.213938
v 261.811249 400.497620 -27.500000
v 264.204010 402.596008 -27.500000
v 262.035461 400.205383 -26.710100
v 264.464447 402.335541 -26.710100
v 262.172791 400.026428 -25.868240
v 266.279724 411.814056 -29.924038
v 267.157166 414.398895 -29.924038
v 267.057526 411.491913 -29.698463
v 267.970337 414.181000 -29.698463
v 267.787292 411.189636 -29.330128
v 268.733337 413.976562 -29.330128
v 268.446899 410.916412 -28.830223
v 269.422943 413.791779 -28.830223
v 269.016266 410.680573 -28.213938
v 270.018219 413.632294 -28.213938
v 269.478119 410.489258 -27.500000
v 270.501099 413.502899 -27.500000
v 269.818390 410.348297 -26.710100
v 270.856873 413.407562 -26.710100
v 270.026825 410.261993 -25.868240
v 247.000000 398.931763 -29.924038
v 247.000000 398.089905 -29.698463
v 247.000000 397.299988 -29.330128
v 247.000000 396.586060 -28.830223
v 247.000000 395.969788 -28.213938
v 247.000000 395.469879 -27.500000
v 247.000000 395.101532 -26.710100
v 247.000000 394.875977 -25.868240
v 256.538025 396.773193 -25.868240
v 256.451691 396.981598 -26.710100
v 256.310730 397.321899 -27.500000
v 256.119446 397.783752 -28.213938
v 255.883575 398.353119 -28.830223
v 255.610382 399.012726 -29.330128
v 255.308105 399.742493 -29.698463
v 254.985931 400.520264 -29.924038
v 257.434113 401.727570 -29.924038
v 257.855042 400.998505 -29.698463
v 258.250000 400.314423 -29.330128
v 258.606964 399.696136 -28.830223
v 258.915100 399.162415 -28.213938
v 259.165070 398.729492 -27.500000
v 259.349243 398.410492 -26.710100
v 259.462036 398.215149 -25.868240
v 266.773560 404.627197 -25.868240
v 266.594604 404.764526 -26.710100
v 266.302399 404.988770 -27.500000
v 265.905792 405.293091 -28.213938
v 265.416840 405.668243 -28.830223
v 264.850433 406.102875 -29.330128
v 264.223785 406.583740 -29.698463
v 263.555878 407.096222 -29.924038
v 265.072418 409.365875 -29.924038
v 265.801483 408.944946 -29.698463
v 266.485565 408.549988 -29.330128
v 267.103851 408.193024 -28.830223
v 267.637573 407.884888 -28.213938
v 268.070526 407.634949 -27.500000
v 268.389496 407.450775 -26.710100
v 268.584869 407.337982 -25.868240
v 271.710815 416.546753 -25.868240
v 271.487183 416.576202 -26.710100
v 271.121979 416.624268 -27.500000
v 270.626343 416.689545 -28.213938
v 270.015350 416.769958 -28.830223
v 269.307495 416.863159 -29.330128
v 268.524384 416.966278 -29.698463
v 267.689728 417.076141 -29.924038
v 178.572021 394.861572 -25.782171
v 178.572021 394.875977 -25.868240
v 178.572021 395.044708 -26.545086
v 178.572021 395.101532 -26.710100
v 178.572021 395.344971 -27.269953
v 178.572021 395.469879 -27.500000
v 178.572021 395.754913 -27.938927
v 178.572021 395.969788 -28.213938
v 178.572021 396.264465 -28.535534
v 178.572021 396.586060 -28.830223
v 178.572021 396.861084 -29.045084
v 178.572021 397.299988 -29.330128
v 178.572021 397.530060 -29.455032
v 178.572021 398.089905 -29.698463
v 178.572021 398.254913 -29.755283
v 178.572021 398.931763 -29.924038
v 178.572021 399.017822 -29.938442
v 171.307709 399.287140 -28.682510
v 171.650269 398.606506 -28.679810
v 171.204193 398.497925 -28.488125
v 171.149536 397.759064 -28.185940
v 171.155106 397.874237 -28.241392
v 171.725784 397.904694 -28.464035
v 171.143219 397.037628 -27.757593
v 171.139832 397.213531 -27.875954
v 171.834579 397.244202 -28.153091
v 171.147141 397.700439 -28.156429
v 171.974304 396.639404 -27.753757
v 171.144272 397.003632 -27.733578
v 171.167023 396.611298 -27.426630
v 171.291687 395.817505 -26.583597
v 171.235718 396.080048 -26.904057
v 172.141907 396.103485 -27.274733
v 171.197998 396.322845 -27.160728
v 171.189896 396.387115 -27.223356
v 171.344040 395.630676 -26.320248
v 171.296677 395.797729 -26.557301
v 172.333740 395.648102 -26.726458
v 171.643326 395.038940 -25.108753
v 171.489273 395.272095 -25.688328
v 172.545639 395.283203 -26.120882
v 171.456619 395.337891 -25.821264
v 171.437744 395.379272 -25.900139
v 172.772964 395.016724 -25.471197
v 171.649170 395.032135 -25.088039
v 173.010757 394.854492 -24.791563
v 171.861313 394.860107 -24.381340
v 172.858261 398.680939 -29.080221
v 172.918411 397.967804 -28.867624
v 174.723846 398.793640 -29.542156
v 174.762100 398.063599 -29.336815
v 176.629669 398.906036 -29.829489
v 176.647812 398.159363 -29.634062
v 173.006821 397.295532 -28.555227
v 173.121506 396.679108 -28.149996
v 174.820175 397.373596 -29.025160
v 174.896713 396.739532 -28.614380
v 176.676346 397.451813 -29.326513
v 176.714600 396.800232 -28.914173
v 173.259903 396.132233 -27.660965
v 173.418930 395.667145 -27.099033
v 174.989944 396.176086 -28.113947
v 175.097748 395.696228 -27.535402
v 176.761673 396.220184 -28.406870
v 176.816437 395.725494 -27.816702
v 173.595032 395.294189 -26.476736
v 173.784302 395.021698 -25.807940
v 175.217606 395.311005 -26.892094
v 175.346756 395.029327 -26.198856
v 176.877579 395.327942 -27.157740
v 176.943649 395.036987 -26.445688
v 173.982513 394.855743 -25.107561
v 175.482239 394.857666 -25.471680
v 177.013062 394.859589 -25.697529
v 167.137543 399.945923 -26.688124
v 170.633942 396.117310 -26.405912
v 170.685501 395.713715 -25.695723
v 168.822906 396.631439 -25.181118
v 170.799591 395.419708 -24.940439
v 170.646271 396.619690 -27.051975
v 170.722198 397.207336 -27.616604
v 170.859665 397.864563 -28.084661
v 171.054993 398.573730 -28.443611
v 167.208939 397.237671 -24.011293
v 168.948868 396.322327 -24.526991
v 168.752197 397.024933 -25.797102
v 168.738266 397.494385 -26.361658
v 169.033997 399.250153 -27.632051
v 166.955597 398.372681 -25.565599
v 166.992218 397.935547 -25.084936
v 167.077148 397.555054 -24.563892
v 168.781403 398.029633 -26.862604
v 166.967880 398.859039 -25.997742
v 168.880692 398.619141 -27.289137
v 167.028870 399.386444 -26.374041
v 165.641129 398.098419 -23.396969
v 165.590485 398.200134 -23.551353
v 165.501846 398.419983 -23.852598
v 165.430496 398.660583 -24.142338
v 165.401459 398.788239 -24.282358
v 165.341324 399.198364 -24.680574
v 165.322220 399.644928 -25.041977
v 165.325043 399.800873 -25.153425
v 165.407593 400.623352 -25.635799
v 165.382019 400.453949 -25.549791
v 165.344406 400.122040 -25.361795
v 159.080383 402.268585 -20.366549
v 157.015900 403.787109 -19.218023
v 157.015945 403.784546 -19.215925
v 159.053879 402.752319 -20.776888
v 159.056747 402.586609 -20.645092
v 161.124634 401.744598 -22.282970
v 161.131226 401.419556 -22.027264
v 159.065598 402.425262 -20.508230
v 161.160019 401.111969 -21.752235
v 161.210800 400.823975 -21.459768
v 159.056992 402.922089 -20.903385
v 161.140289 402.084839 -22.517607
v 161.210800 400.823975 21.459768
v 159.080383 402.268585 20.366550
v 157.015945 403.784546 19.215925
v 157.015900 403.787109 19.218023
v 159.065598 402.425262 20.508230
v 159.056747 402.586609 20.645092
v 161.160019 401.111969 21.752235
v 161.131226 401.419556 22.027264
v 159.053879 402.752319 20.776888
v 159.056992 402.922089 20.903385
v 161.124634 401.744598 22.282970
v 161.140289 402.084839 22.517607
v 165.501846 398.419983 23.852598
v 165.590485 398.200134 23.551353
v 165.641129 398.098419 23.396969
v 165.430496 398.660583 24.142338
v 165.401459 398.788239 24.282358
v 165.341324 399.198364 24.680574
v 165.322220 399.644928 25.041977
v 165.325043 399.800873 25.153425
v 165.344406 400.122040 25.361795
v 165.382019 400.453949 25.549791
v 165.407593 400.623352 25.635799
v 169.034439 399.250000 27.632256
v 170.860184 397.864380 28.084848
v 171.204193 398.497925 28.488125
v 171.055527 398.573547 28.443798
v 171.307709 399.287140 28.682510
v 170.722702 397.207123 27.616779
v 171.147141 397.700439 28.156429
v 171.149536 397.759064 28.185940
v 170.646774 396.619446 27.052137
v 171.144272 397.003632 27.733578
v 171.143219 397.037628 27.757593
v 171.296677 395.797729 26.557301
v 171.291687 395.817505 26.583597
v 170.634430 396.117096 26.406054
v 171.197998 396.322845 27.160728
v 171.189896 396.387115 27.223356
v 171.437744 395.379272 25.900139
v 170.685989 395.713501 25.695841
v 171.445816 395.361267 25.866220
v 171.649170 395.032135 25.088039
v 171.643326 395.038940 25.108753
v 170.800095 395.419495 24.940531
v 171.625488 395.060486 25.172489
v 171.456619 395.337891 25.821264
v 171.861313 394.860107 24.381340
v 168.881134 398.618958 27.289335
v 168.781830 398.029449 26.862793
v 168.738693 397.494171 26.361830
v 168.752609 397.024750 25.797255
v 168.823318 396.631226 25.181250
v 168.949280 396.322113 24.527100
v 167.137802 399.945801 26.688269
v 167.029129 399.386322 26.374180
v 166.968124 398.858917 25.997873
v 166.955841 398.372559 25.565722
v 166.992462 397.935394 25.085045
v 167.077393 397.554932 24.563988
v 167.209183 397.237549 24.011375
v 171.598663 395.383057 25.974537
v 171.339935 395.820587 26.607779
v 172.178833 394.865936 24.554628
v 171.880783 395.062012 25.284084
v 171.292999 397.011688 27.797392
v 171.174179 397.702332 28.167770
v 172.860901 398.600037 29.060919
v 172.492996 394.866455 24.682611
v 172.208694 395.063995 25.420557
v 171.939713 395.387421 26.118746
v 171.693192 395.828125 26.758617
v 171.475708 396.374390 27.323168
v 172.933121 397.814209 28.805834
v 173.039749 397.083038 28.429281
v 173.177811 396.426636 27.941624
v 173.343552 395.863007 27.356276
v 173.532379 395.407684 26.689341
v 173.739120 395.073212 25.959167
v 173.958084 394.868774 25.185844
v 175.461792 394.871155 25.552624
v 175.311981 395.082550 26.355318
v 175.170822 395.428223 27.111656
v 175.042328 395.898285 27.800117
v 174.930176 396.479401 28.401102
v 174.837524 397.155029 28.897514
v 174.767029 397.905914 29.275223
v 174.720688 398.710693 29.523481
v 178.572021 398.931763 29.924038
v 176.625504 398.821350 29.812889
v 178.572021 398.089905 29.698463
v 176.647690 397.997864 29.574568
v 178.572021 397.299988 29.330128
v 176.682571 397.227386 29.199636
v 178.572021 396.586060 28.830223
v 176.729156 396.532593 28.699125
v 178.572021 395.969788 28.213938
v 176.786041 395.933929 28.087761
v 178.572021 395.469879 27.500000
v 176.851593 395.448975 27.383526
v 178.572021 395.101532 26.710100
v 176.923828 395.092010 26.607134
v 178.572021 394.875977 25.868240
v 177.000671 394.873535 25.781429
v 247.000000 394.875977 25.868240
v 247.000000 395.101532 26.710100
v 247.000000 395.469879 27.500000
v 247.000000 395.969788 28.213938
v 247.000000 396.586060 28.830223
v 247.000000 397.299988 29.330128
v 247.000000 398.089905 29.698463
v 247.000000 398.931763 29.924038
v 253.450821 395.725220 25.868240
v 264.623962 402.176056 25.868240
v 271.074768 413.349182 25.868240
v 267.689728 417.076141 29.924038
v 267.157166 414.398895 29.924038
v 268.524384 416.966278 29.698463
v 267.970337 414.181000 29.698463
v 269.307495 416.863159 29.330128
v 268.733337 413.976562 29.330128
v 270.015350 416.769958 28.830223
v 269.422943 413.791779 28.830223
v 270.626343 416.689545 28.213938
v 270.018219 413.632294 28.213938
v 271.121979 416.624268 27.500000
v 270.501099 413.502899 27.500000
v 271.487183 416.576202 26.710100
v 270.856873 413.407562 26.710100
v 271.710815 416.546753 25.868240
v 263.555878 407.096222 29.924038
v 261.756073 405.043915 29.924038
v 264.223785 406.583740 29.698463
v 262.351349 404.448639 29.698463
v 264.850433 406.102875 29.330128
v 262.909912 403.890106 29.330128
v 265.416840 405.668243 28.830223
v 263.414734 403.385254 28.830223
v 265.905792 405.293091 28.213938
v 263.850525 402.949493 28.213938
v 266.302399 404.988770 27.500000
v 264.204010 402.596008 27.500000
v 266.594604 404.764526 26.710100
v 264.464447 402.335541 26.710100
v 266.773560 404.627197 25.868240
v 254.985931 400.520264 29.924038
v 252.401093 399.642822 29.924038
v 255.308105 399.742493 29.698463
v 252.618988 398.829651 29.698463
v 255.610382 399.012726 29.330128
v 252.823441 398.066681 29.330128
v 255.883575 398.353119 28.830223
v 253.008209 397.377045 28.830223
v 256.119446 397.783752 28.213938
v 253.167709 396.781769 28.213938
v 256.310730 397.321899 27.500000
v 253.297104 396.298889 27.500000
v 256.451691 396.981598 26.710100
v 253.392441 395.943115 26.710100
v 256.538025 396.773193 25.868240
v 267.868256 419.799988 29.924038
v 268.710114 419.799988 29.698463
v 269.500000 419.799988 29.330128
v 270.213928 419.799988 28.830223
v 270.830231 419.799988 28.213938
v 271.330139 419.799988 27.500000
v 271.698456 419.799988 26.710100
v 271.924042 419.799988 25.868240
v 270.026825 410.261993 25.868240
v 269.818390 410.348297 26.710100
v 269.478119 410.489258 27.500000
v 269.016266 410.680573 28.213938
v 268.446899 410.916412 28.830223
v 267.787292 411.189636 29.330128
v 267.057526 411.491913 29.698463
v 266.279724 411.814056 29.924038
v 265.072418 409.365875 29.924038
v 265.801483 408.944946 29.698463
v 266.485565 408.549988 29.330128
v 267.103851 408.193024 28.830223
v 267.637573 407.884888 28.213938
v 268.070526 407.634949 27.500000
v 268.389496 407.450775 26.710100
v 268.584869 407.337982 25.868240
v 262.172791 400.026428 25.868240
v 262.035461 400.205383 26.710100
v 261.811249 400.497620 27.500000
v 261.506927 400.894226 28.213938
v 261.131744 401.383148 28.830223
v 260.697144 401.949554 29.330128
v 260.216278 402.576233 29.698463
v 259.703766 403.244110 29.924038
v 257.434113 401.727570 29.924038
v 257.855042 400.998505 29.698463
v 258.250000 400.314423 29.330128
v 258.606964 399.696136 28.830223
v 258.915100 399.162415 28.213938
v 259.165070 398.729492 27.500000
v 259.349243 398.410492 26.710100
v 259.462036 398.215149 25.868240
v 250.253235 395.089203 25.868240
v 250.223801 395.312836 26.710100
v 250.175720 395.678009 27.500000
v 250.110474 396.173645 28.213938
v 250.030029 396.784668 28.830223
v 249.936844 397.492493 29.330128
v 249.833740 398.275635 29.698463
v 249.723846 399.110291 29.924038
v 271.074768 426.250824 25.868240
v 264.623962 437.423950 25.868240
v 253.450821 443.874786 25.868240
v 249.723846 440.489716 29.924038
v 252.401093 439.957184 29.924038
v 249.833740 441.324371 29.698463
v 252.618988 440.770355 29.698463
v 249.936844 442.107513 29.330128
v 252.823441 441.533325 29.330128
v 250.030029 442.815338 28.830223
v 253.008209 442.222931 28.830223
v 250.110474 443.426361 28.213938
v 253.167709 442.818237 28.213938
v 250.175720 443.921967 27.500000
v 253.297104 443.301086 27.500000
v 250.223801 444.287170 26.710100
v 253.392441 443.656891 26.710100
v 250.253235 444.510803 25.868240
v 259.703766 436.355896 29.924038
v 261.756073 434.556061 29.924038
v 260.216278 437.023773 29.698463
v 262.351349 435.151367 29.698463
v 260.697144 437.650452 29.330128
v 262.909912 435.709900 29.330128
v 261.131744 438.216858 28.830223
v 263.414734 436.214722 28.830223
v 261.506927 438.705780 28.213938
v 263.850525 436.650513 28.213938
v 261.811249 439.102386 27.500000
v 264.204010 437.003998 27.500000
v 262.035461 439.394623 26.710100
v 264.464447 437.264465 26.710100
v 262.172791 439.573578 25.868240
v 266.279724 427.785919 29.924038
v 267.157166 425.201111 29.924038
v 267.057526 428.108093 29.698463
v 267.970337 425.418976 29.698463
v 267.787292 428.410370 29.330128
v 268.733337 425.623444 29.330128
v 268.446899 428.683594 28.830223
v 269.422943 425.808197 28.830223
v 269.016266 428.919434 28.213938
v 270.018219 425.967712 28.213938
v 269.478119 429.110748 27.500000
v 270.501099 426.097107 27.500000
v 269.818390 429.251678 26.710100
v 270.856873 426.192444 26.710100
v 270.026825 429.338013 25.868240
v 247.000000 440.668243 29.924038
v 247.000000 441.510101 29.698463
v 247.000000 442.299988 29.330128
v 247.000000 443.013947 28.830223
v 247.000000 443.630219 28.213938
v 247.000000 444.130127 27.500000
v 247.000000 444.498474 26.710100
v 247.000000 444.724030 25.868240
v 256.538025 442.826813 25.868240
v 256.451691 442.618408 26.710100
v 256.310730 442.278107 27.500000
v 256.119446 441.816254 28.213938
v 255.883575 441.246887 28.830223
v 255.610382 440.587280 29.330128
v 255.308105 439.857513 29.698463
v 254.985931 439.079742 29.924038
v 257.434113 437.872437 29.924038
v 257.855042 438.601501 29.698463
v 258.250000 439.285583 29.330128
v 258.606964 439.903870 28.830223
v 258.915100 440.437592 28.213938
v 259.165070 440.870514 27.500000
v 259.349243 441.189484 26.710100
v 259.462036 441.384857 25.868240
v 266.773560 434.972778 25.868240
v 266.594604 434.835480 26.710100
v 266.302399 434.611237 27.500000
v 265.905792 434.306915 28.213938
v 265.416840 433.931763 28.830223
v 264.850433 433.497131 29.330128
v 264.223785 433.016266 29.698463
v 263.555878 432.503784 29.924038
v 265.072418 430.234131 29.924038
v 265.801483 430.655060 29.698463
v 266.485565 431.049988 29.330128
v 267.103851 431.406982 28.830223
v 267.637573 431.715118 28.213938
v 268.070526 431.965057 27.500000
v 268.389496 432.149231 26.710100
v 268.584869 432.262024 25.868240
v 271.710815 423.053253 25.868240
v 271.487183 423.023804 26.710100
v 271.121979 422.975708 27.500000
v 270.626343 422.910461 28.213938
v 270.015350 422.830017 28.830223
v 269.307495 422.736847 29.330128
v 268.524384 422.633728 29.698463
v 267.689728 422.523865 29.924038
v 178.572021 444.724030 25.868240
v 178.572021 444.498474 26.710100
v 178.572021 444.130127 27.500000
v 178.572021 443.630219 28.213938
v 178.572021 443.013947 28.830223
v 178.572021 442.299988 29.330128
v 178.572021 441.510101 29.698463
v 178.572021 440.668243 29.924038
v 176.625504 440.778656 29.812889
v 171.643326 444.561066 25.108753
v 171.625488 444.539520 25.172489
v 171.880783 444.537994 25.284084
v 171.307709 440.312866 28.682510
v 172.860901 440.999969 29.060919
v 172.933121 441.785767 28.805834
v 171.204315 441.100800 28.488535
v 171.475708 443.225616 27.323168
v 171.144272 442.596375 27.733578
v 171.292999 442.588318 27.797392
v 171.143219 442.562378 27.757593
v 171.174179 441.897675 28.167770
v 171.147141 441.899567 28.156429
v 171.149536 441.840912 28.185940
v 171.693192 443.771881 26.758617
v 171.197998 443.277161 27.160728
v 171.189896 443.212860 27.223356
v 171.445816 444.238739 25.866220
v 171.437744 444.220734 25.900139
v 171.598663 444.216949 25.974537
v 171.296677 443.802277 26.557301
v 171.339935 443.779419 26.607779
v 171.291687 443.782501 26.583597
v 171.456619 444.262085 25.821264
v 171.649170 444.567841 25.088039
v 172.178833 444.734070 24.554628
v 171.861313 444.739899 24.381340
v 172.492996 444.733551 24.682611
v 172.208694 444.536011 25.420557
v 171.939713 444.212555 26.118746
v 173.958084 444.731232 25.185844
v 173.739120 444.526794 25.959167
v 173.532379 444.192322 26.689341
v 173.343552 443.737000 27.356276
v 173.177811 443.173370 27.941624
v 173.039749 442.516937 28.429281
v 175.461792 444.728851 25.552624
v 175.311981 444.517456 26.355318
v 175.170822 444.171783 27.111656
v 175.042328 443.701691 27.800117
v 174.930176 443.120605 28.401102
v 174.837524 442.444977 28.897514
v 174.767029 441.694092 29.275223
v 174.720688 440.889313 29.523481
v 177.000671 444.726471 25.781429
v 176.923828 444.507996 26.607134
v 176.851593 444.151031 27.383526
v 176.786041 443.666077 28.087761
v 176.729156 443.067413 28.699125
v 176.682571 442.372620 29.199636
v 176.647690 441.602142 29.574568
v 170.633942 443.482666 26.405912
v 170.685501 443.886261 25.695723
v 168.822906 442.968567 25.181118
v 170.646271 442.980316 27.051975
v 170.799591 444.180298 24.940439
v 170.722198 442.392670 27.616604
v 170.859665 441.735443 28.084661
v 171.054993 441.026276 28.443611
v 167.208939 442.362335 24.011293
v 168.948868 443.277679 24.526991
v 168.752197 442.575043 25.797102
v 168.738266 442.105621 26.361658
v 169.033997 440.349854 27.632051
v 166.955597 441.227325 25.565599
v 166.992218 441.664459 25.084936
v 167.077148 442.044952 24.563892
v 168.781403 441.570374 26.862604
v 166.967880 440.740936 25.997742
v 168.880692 440.980865 27.289137
v 167.028870 440.213562 26.374041
v 167.137543 439.654083 26.688124
v 165.641129 441.501587 23.396969
v 165.590485 441.399872 23.551353
v 165.501846 441.180023 23.852598
v 165.430496 440.939423 24.142338
v 165.401459 440.811768 24.282358
v 165.341324 440.401642 24.680574
v 165.322220 439.955078 25.041977
v 165.325043 439.799133 25.153425
v 165.407593 438.976654 25.635799
v 165.382019 439.146057 25.549791
v 165.344406 439.477966 25.361795
v 159.080383 437.331390 20.366550
v 157.015945 435.815460 19.215925
v 157.015900 435.812866 19.218023
v 159.053879 436.847687 20.776888
v 159.056747 437.013397 20.645092
v 161.124634 437.855408 22.282970
v 161.131226 438.180450 22.027264
v 159.065598 437.174744 20.508230
v 161.160019 438.488007 21.752235
v 161.210800 438.776031 21.459768
v 159.056992 436.677887 20.903385
v 161.140289 437.515167 22.517607
v 211.750000 407.049988 60.000000
v 211.750000 432.549988 60.000000
v 227.750000 405.549988 60.000000
v 213.250000 405.549988 60.000000
v 227.750000 405.549988 54.000000
v 238.750000 405.549988 54.000000
v 238.750000 405.549988 60.000000
v 256.750000 405.549988 60.000000
v 258.250000 407.049988 60.000000
v 258.250000 432.549988 60.000000
v 238.750000 434.049988 60.000000
v 256.750000 434.049988 60.000000
v 238.750000 434.049988 54.000000
v 227.750000 434.049988 54.000000
v 227.750000 434.049988 60.000000
v 213.250000 434.049988 60.000000
v 238.750000 411.549988 60.000000
v 227.750000 428.049988 60.000000
v 227.750000 411.549988 60.000000
v 238.750000 428.049988 60.000000
v 227.750000 411.549988 54.000000
v 238.750000 411.549988 54.000000
v 227.750000 428.049988 54.000000
v 238.750000 428.049988 54.000000
v 184.699997 431.799988 -29.700001
v 187.560104 428.799988 -29.700001
v 187.638199 427.907471 -29.700001
v 215.529907 430.557953 -29.700001
v 215.151276 431.369934 -29.700001
v 216.469955 436.299988 -29.700001
v 214.637390 432.103851 -29.700001
v 214.003860 432.737396 -29.700001
v 206.248718 431.369934 -29.700001
v 205.870087 430.557953 -29.700001
v 189.199997 436.299988 -29.700001
v 197.151276 426.230042 -29.700001
v 205.638199 427.907471 -29.700001
v 205.870087 427.042053 -29.700001
v 213.269943 424.348724 -29.700001
v 214.003860 424.862610 -29.700001
v 216.469955 417.980042 -29.700001
v 213.269943 433.251282 -29.700001
v 212.457947 433.629913 -29.700001
v 211.592529 433.861816 -29.700001
v 206.248718 426.230042 -29.700001
v 206.762619 425.496155 -29.700001
v 196.637390 425.496155 -29.700001
v 196.003860 424.862610 -29.700001
v 214.637390 425.496155 -29.700001
v 215.151276 426.230042 -29.700001
v 215.529907 427.042053 -29.700001
v 215.761810 427.907471 -29.700001
v 215.839890 428.799988 -29.700001
v 215.761810 429.692535 -29.700001
v 210.699997 433.939880 -29.700001
v 209.807465 433.861816 -29.700001
v 208.942047 433.629913 -29.700001
v 208.130051 433.251282 -29.700001
v 207.396149 432.737396 -29.700001
v 206.762619 432.103851 -29.700001
v 188.248718 426.230042 -29.700001
v 188.762619 425.496155 -29.700001
v 184.699997 417.980042 -29.700001
v 189.396149 424.862610 -29.700001
v 190.130051 424.348724 -29.700001
v 207.396149 424.862610 -29.700001
v 197.529922 427.042053 -29.700001
v 197.761810 427.907471 -29.700001
v 205.560104 428.799988 -29.700001
v 197.839890 428.799988 -29.700001
v 205.638199 429.692535 -29.700001
v 197.761810 429.692535 -29.700001
v 197.529922 430.557953 -29.700001
v 187.870071 427.042053 -29.700001
v 190.942062 423.970093 -29.700001
v 191.807465 423.738190 -29.700001
v 192.699997 423.660095 -29.700001
v 208.130051 424.348724 -29.700001
v 208.942047 423.970093 -29.700001
v 209.807465 423.738190 -29.700001
v 210.699997 423.660095 -29.700001
v 197.151276 431.369934 -29.700001
v 196.637390 432.103851 -29.700001
v 196.003860 432.737396 -29.700001
v 195.269943 433.251282 -29.700001
v 194.457947 433.629913 -29.700001
v 193.592529 433.861816 -29.700001
v 192.699997 433.939880 -29.700001
v 211.592529 423.738190 -29.700001
v 212.457947 423.970093 -29.700001
v 193.592529 423.738190 -29.700001
v 194.457947 423.970093 -29.700001
v 195.269943 424.348724 -29.700001
v 189.396149 432.737396 -29.700001
v 187.809418 436.079742 -29.700001
v 190.130051 433.251282 -29.700001
v 188.496048 436.244598 -29.700001
v 190.942062 433.629913 -29.700001
v 191.807465 433.861816 -29.700001
v 185.559418 434.445038 -29.700001
v 186.018021 434.981995 -29.700001
v 188.762619 432.103851 -29.700001
v 186.554962 435.440582 -29.700001
v 187.157043 435.809540 -29.700001
v 185.190475 433.842957 -29.700001
v 188.248718 431.369934 -29.700001
v 184.920242 433.190582 -29.700001
v 184.755402 432.503967 -29.700001
v 187.870071 430.557953 -29.700001
v 187.638199 429.692535 -29.700001
v 193.899994 408.100006 -29.700001
v 184.699997 407.799988 -29.700001
v 193.899994 412.299988 -29.700001
v 207.000000 412.299988 -29.700001
v 207.000000 408.100006 -29.700001
v 216.469955 403.299988 -29.700001
v 189.199997 403.299988 -29.700001
v 188.496048 403.355408 -29.700001
v 185.190475 405.757050 -29.700001
v 184.920242 406.409424 -29.700001
v 184.755402 407.096039 -29.700001
v 187.809418 403.520233 -29.700001
v 187.157043 403.790466 -29.700001
v 186.554962 404.159424 -29.700001
v 186.018021 404.618011 -29.700001
v 185.559418 405.154968 -29.700001
v 236.700012 407.799988 -29.700001
v 227.500000 408.100006 -29.700001
v 236.700012 417.980042 -29.700001
v 227.500000 412.299988 -29.700001
v 217.100006 412.299988 -29.700001
v 217.100006 408.100006 -29.700001
v 232.199997 403.299988 -29.700001
v 232.903946 403.355408 -29.700001
v 236.644608 407.096039 -29.700001
v 236.479752 406.409424 -29.700001
v 236.209534 405.757050 -29.700001
v 235.840576 405.154968 -29.700001
v 235.381989 404.618011 -29.700001
v 234.845032 404.159424 -29.700001
v 234.242950 403.790466 -29.700001
v 233.590576 403.520233 -29.700001
v 224.248734 431.369934 -29.700001
v 223.870071 430.557953 -29.700001
v 223.638199 429.692535 -29.700001
v 223.560104 428.799988 -29.700001
v 223.638199 427.907471 -29.700001
v 223.870071 427.042053 -29.700001
v 224.248734 426.230042 -29.700001
v 231.269943 433.251282 -29.700001
v 230.457947 433.629913 -29.700001
v 232.199997 436.299988 -29.700001
v 229.592545 433.861816 -29.700001
v 233.839890 428.799988 -29.700001
v 233.761810 429.692535 -29.700001
v 236.700012 431.799988 -29.700001
v 233.529922 430.557953 -29.700001
v 236.644608 432.503967 -29.700001
v 233.151276 431.369934 -29.700001
v 236.479752 433.190582 -29.700001
v 228.700012 433.939880 -29.700001
v 227.807465 433.861816 -29.700001
v 226.942062 433.629913 -29.700001
v 226.130066 433.251282 -29.700001
v 225.396133 432.737396 -29.700001
v 224.762619 432.103851 -29.700001
v 232.003860 424.862610 -29.700001
v 232.637390 425.496155 -29.700001
v 233.151276 426.230042 -29.700001
v 233.529922 427.042053 -29.700001
v 233.761810 427.907471 -29.700001
v 224.762619 425.496155 -29.700001
v 225.396133 424.862610 -29.700001
v 226.130066 424.348724 -29.700001
v 236.209534 433.842957 -29.700001
v 232.637390 432.103851 -29.700001
v 235.840576 434.445038 -29.700001
v 232.903946 436.244598 -29.700001
v 233.590576 436.079742 -29.700001
v 232.003860 432.737396 -29.700001
v 229.592545 423.738190 -29.700001
v 230.457947 423.970093 -29.700001
v 231.269943 424.348724 -29.700001
v 234.242950 435.809540 -29.700001
v 234.845032 435.440582 -29.700001
v 235.381989 434.981995 -29.700001
v 226.942062 423.970093 -29.700001
v 227.807465 423.738190 -29.700001
v 228.700012 423.660095 -29.700001
v 225.140579 427.504486 -30.700001
v 224.969696 428.142242 -30.700001
v 228.700012 428.799988 -30.700001
v 224.912140 428.799988 -30.700001
v 224.969696 429.457764 -30.700001
v 226.265213 425.898346 -30.700001
v 225.798325 426.365204 -30.700001
v 225.419617 426.906067 -30.700001
v 228.042252 425.069702 -30.700001
v 227.404480 425.240570 -30.700001
v 226.806061 425.519623 -30.700001
v 229.995529 425.240570 -30.700001
v 229.357758 425.069702 -30.700001
v 228.700012 425.012146 -30.700001
v 231.601669 426.365204 -30.700001
v 231.134781 425.898346 -30.700001
v 230.593933 425.519623 -30.700001
v 232.430298 428.142242 -30.700001
v 232.259415 427.504486 -30.700001
v 231.980377 426.906067 -30.700001
v 232.259415 430.095520 -30.700001
v 232.430298 429.457764 -30.700001
v 232.487854 428.799988 -30.700001
v 231.134781 431.701660 -30.700001
v 231.601669 431.234772 -30.700001
v 231.980377 430.693939 -30.700001
v 229.357758 432.530304 -30.700001
v 229.995529 432.359406 -30.700001
v 230.593933 432.080383 -30.700001
v 227.404480 432.359406 -30.700001
v 228.042252 432.530304 -30.700001
v 228.700012 432.587860 -30.700001
v 225.798325 431.234772 -30.700001
v 226.265213 431.701660 -30.700001
v 226.806061 432.080383 -30.700001
v 225.140579 430.095520 -30.700001
v 225.419617 430.693939 -30.700001
v 207.140594 427.504486 -30.700001
v 206.969681 428.142242 -30.700001
v 210.699997 428.799988 -30.700001
v 206.912155 428.799988 -30.700001
v 206.969681 429.457764 -30.700001
v 208.265213 425.898346 -30.700001
v 207.798340 426.365204 -30.700001
v 207.419632 426.906067 -30.700001
v 210.042252 425.069702 -30.700001
v 209.404480 425.240570 -30.700001
v 208.806076 425.519623 -30.700001
v 211.995514 425.240570 -30.700001
v 211.357758 425.069702 -30.700001
v 210.699997 425.012146 -30.700001
v 213.601669 426.365204 -30.700001
v 213.134781 425.898346 -30.700001
v 212.593918 425.519623 -30.700001
v 214.430313 428.142242 -30.700001
v 214.259430 427.504486 -30.700001
v 213.980377 426.906067 -30.700001
v 214.259430 430.095520 -30.700001
v 214.430313 429.457764 -30.700001
v 214.487854 428.799988 -30.700001
v 213.134781 431.701660 -30.700001
v 213.601669 431.234772 -30.700001
v 213.980377 430.693939 -30.700001
v 211.357758 432.530304 -30.700001
v 211.995514 432.359406 -30.700001
v 212.593918 432.080383 -30.700001
v 209.404480 432.359406 -30.700001
v 210.042252 432.530304 -30.700001
v 210.699997 432.587860 -30.700001
v 207.798340 431.234772 -30.700001
v 208.265213 431.701660 -30.700001
v 208.806076 432.080383 -30.700001
v 207.140594 430.095520 -30.700001
v 207.419632 430.693939 -30.700001
v 189.140579 427.504486 -30.700001
v 188.969696 428.142242 -30.700001
v 192.699997 428.799988 -30.700001
v 188.912140 428.799988 -30.700001
v 188.969696 429.457764 -30.700001
v 190.265213 425.898346 -30.700001
v 189.798340 426.365204 -30.700001
v 189.419617 426.906067 -30.700001
v 192.042252 425.069702 -30.700001
v 191.404480 425.240570 -30.700001
v 190.806076 425.519623 -30.700001
v 193.995514 425.240570 -30.700001
v 193.357758 425.069702 -30.700001
v 192.699997 425.012146 -30.700001
v 195.601669 426.365204 -30.700001
v 195.134796 425.898346 -30.700001
v 194.593933 425.519623 -30.700001
v 196.430313 428.142242 -30.700001
v 196.259415 427.504486 -30.700001
v 195.980377 426.906067 -30.700001
v 196.259415 430.095520 -30.700001
v 196.430313 429.457764 -30.700001
v 196.487854 428.799988 -30.700001
v 195.134796 431.701660 -30.700001
v 195.601669 431.234772 -30.700001
v 195.980377 430.693939 -30.700001
v 193.357758 432.530304 -30.700001
v 193.995514 432.359406 -30.700001
v 194.593933 432.080383 -30.700001
v 191.404480 432.359406 -30.700001
v 192.042252 432.530304 -30.700001
v 192.699997 432.587860 -30.700001
v 189.798340 431.234772 -30.700001
v 190.265213 431.701660 -30.700001
v 190.806076 432.080383 -30.700001
v 189.140579 430.095520 -30.700001
v 189.419617 430.693939 -30.700001
v 215.610077 428.799988 -29.807163
v 215.033844 429.564178 -30.414228
v 215.535492 429.652618 -29.807163
v 214.835297 430.305115 -30.414228
v 215.313965 430.479340 -29.807163
v 214.511108 431.000336 -30.414228
v 214.952255 431.255035 -29.807163
v 214.071121 431.628723 -30.414228
v 214.461334 431.956146 -29.807163
v 213.528717 432.171112 -30.414228
v 213.856140 432.561340 -29.807163
v 212.900345 432.611115 -30.414228
v 213.155045 433.052246 -29.807163
v 212.205124 432.935303 -30.414228
v 212.379349 433.413971 -29.807163
v 211.464172 433.133820 -30.414228
v 211.552628 433.635498 -29.807163
v 210.699997 433.200684 -30.414228
v 210.699997 433.710083 -29.807163
v 209.935822 433.133820 -30.414228
v 209.847366 433.635498 -29.807163
v 209.194870 432.935303 -30.414228
v 209.020645 433.413971 -29.807163
v 208.499649 432.611115 -30.414228
v 208.244965 433.052246 -29.807163
v 207.871292 432.171112 -30.414228
v 207.543854 432.561340 -29.807163
v 207.328873 431.628723 -30.414228
v 206.938660 431.956146 -29.807163
v 206.888885 431.000336 -30.414228
v 206.447739 431.255035 -29.807163
v 206.564697 430.305115 -30.414228
v 206.086029 430.479340 -29.807163
v 206.366165 429.564178 -30.414228
v 205.864517 429.652618 -29.807163
v 206.299316 428.799988 -30.414228
v 205.789917 428.799988 -29.807163
v 206.366165 428.035828 -30.414228
v 205.864517 427.947388 -29.807163
v 206.564697 427.294861 -30.414228
v 206.086029 427.120667 -29.807163
v 206.888885 426.599640 -30.414228
v 206.447739 426.344971 -29.807163
v 207.328873 425.971283 -30.414228
v 206.938660 425.643860 -29.807163
v 207.871292 425.428864 -30.414228
v 207.543854 425.038666 -29.807163
v 208.499649 424.988892 -30.414228
v 208.244965 424.547760 -29.807163
v 209.194870 424.664703 -30.414228
v 209.020645 424.186035 -29.807163
v 209.935822 424.466156 -30.414228
v 209.847366 423.964508 -29.807163
v 210.699997 424.399323 -30.414228
v 210.699997 423.889923 -29.807163
v 211.464172 424.466156 -30.414228
v 211.552628 423.964508 -29.807163
v 212.205124 424.664703 -30.414228
v 212.379349 424.186035 -29.807163
v 212.900345 424.988892 -30.414228
v 213.155045 424.547760 -29.807163
v 213.528717 425.428864 -30.414228
v 213.856140 425.038666 -29.807163
v 214.071121 425.971283 -30.414228
v 214.461334 425.643860 -29.807163
v 214.511108 426.599640 -30.414228
v 214.952255 426.344971 -29.807163
v 214.835297 427.294861 -30.414228
v 215.313965 427.120667 -29.807163
v 215.033844 428.035828 -30.414228
v 215.535492 427.947388 -29.807163
v 215.100677 428.799988 -30.414228
v 197.610077 428.799988 -29.807163
v 197.033829 429.564178 -30.414228
v 197.535492 429.652618 -29.807163
v 196.835297 430.305115 -30.414228
v 197.313965 430.479340 -29.807163
v 196.511108 431.000336 -30.414228
v 196.952255 431.255035 -29.807163
v 196.071121 431.628723 -30.414228
v 196.461334 431.956146 -29.807163
v 195.528702 432.171112 -30.414228
v 195.856140 432.561340 -29.807163
v 194.900345 432.611115 -30.414228
v 195.155045 433.052246 -29.807163
v 194.205124 432.935303 -30.414228
v 194.379349 433.413971 -29.807163
v 193.464172 433.133820 -30.414228
v 193.552628 433.635498 -29.807163
v 192.699997 433.200684 -30.414228
v 192.699997 433.710083 -29.807163
v 191.935837 433.133820 -30.414228
v 191.847382 433.635498 -29.807163
v 191.194870 432.935303 -30.414228
v 191.020660 433.413971 -29.807163
v 190.499649 432.611115 -30.414228
v 190.244965 433.052246 -29.807163
v 189.871292 432.171112 -30.414228
v 189.543854 432.561340 -29.807163
v 189.328873 431.628723 -30.414228
v 188.938660 431.956146 -29.807163
v 188.888885 431.000336 -30.414228
v 188.447739 431.255035 -29.807163
v 188.564697 430.305115 -30.414228
v 188.086029 430.479340 -29.807163
v 188.366165 429.564178 -30.414228
v 187.864517 429.652618 -29.807163
v 188.299316 428.799988 -30.414228
v 187.789917 428.799988 -29.807163
v 188.366165 428.035828 -30.414228
v 187.864517 427.947388 -29.807163
v 188.564697 427.294861 -30.414228
v 188.086029 427.120667 -29.807163
v 188.888885 426.599640 -30.414228
v 188.447739 426.344971 -29.807163
v 189.328873 425.971283 -30.414228
v 188.938660 425.643860 -29.807163
v 189.871292 425.428864 -30.414228
v 189.543854 425.038666 -29.807163
v 190.499649 424.988892 -30.414228
v 190.244965 424.547760 -29.807163
v 191.194870 424.664703 -30.414228
v 191.020660 424.186035 -29.807163
v 191.935837 424.466156 -30.414228
v 191.847382 423.964508 -29.807163
v 192.699997 424.399323 -30.414228
v 192.699997 423.889923 -29.807163
v 193.464172 424.466156 -30.414228
v 193.552628 423.964508 -29.807163
v 194.205124 424.664703 -30.414228
v 194.379349 424.186035 -29.807163
v 194.900345 424.988892 -30.414228
v 195.155045 424.547760 -29.807163
v 195.528702 425.428864 -30.414228
v 195.856140 425.038666 -29.807163
v 196.071121 425.971283 -30.414228
v 196.461334 425.643860 -29.807163
v 196.511108 426.599640 -30.414228
v 196.952255 426.344971 -29.807163
v 196.835297 427.294861 -30.414228
v 197.313965 427.120667 -29.807163
v 197.033829 428.035828 -30.414228
v 197.535492 427.947388 -29.807163
v 197.100693 428.799988 -30.414228
v 233.610077 428.799988 -29.807163
v 233.033829 429.564178 -30.414228
v 233.535477 429.652618 -29.807163
v 232.835297 430.305115 -30.414228
v 233.313965 430.479340 -29.807163
v 232.511108 431.000336 -30.414228
v 232.952255 431.255035 -29.807163
v 232.071121 431.628723 -30.414228
v 232.461334 431.956146 -29.807163
v 231.528702 432.171112 -30.414228
v 231.856125 432.561340 -29.807163
v 230.900345 432.611115 -30.414228
v 231.155045 433.052246 -29.807163
v 230.205124 432.935303 -30.414228
v 230.379349 433.413971 -29.807163
v 229.464172 433.133820 -30.414228
v 229.552612 433.635498 -29.807163
v 228.700012 433.200684 -30.414228
v 228.700012 433.710083 -29.807163
v 227.935822 433.133820 -30.414228
v 227.847382 433.635498 -29.807163
v 227.194870 432.935303 -30.414228
v 227.020660 433.413971 -29.807163
v 226.499649 432.611115 -30.414228
v 226.244965 433.052246 -29.807163
v 225.871292 432.171112 -30.414228
v 225.543869 432.561340 -29.807163
v 225.328873 431.628723 -30.414228
v 224.938675 431.956146 -29.807163
v 224.888885 431.000336 -30.414228
v 224.447754 431.255035 -29.807163
v 224.564713 430.305115 -30.414228
v 224.086044 430.479340 -29.807163
v 224.366165 429.564178 -30.414228
v 223.864517 429.652618 -29.807163
v 224.299301 428.799988 -30.414228
v 223.789917 428.799988 -29.807163
v 224.366165 428.035828 -30.414228
v 223.864517 427.947388 -29.807163
v 224.564713 427.294861 -30.414228
v 224.086044 427.120667 -29.807163
v 224.888885 426.599640 -30.414228
v 224.447754 426.344971 -29.807163
v 225.328873 425.971283 -30.414228
v 224.938675 425.643860 -29.807163
v 225.871292 425.428864 -30.414228
v 225.543869 425.038666 -29.807163
v 226.499649 424.988892 -30.414228
v 226.244965 424.547760 -29.807163
v 227.194870 424.664703 -30.414228
v 227.020660 424.186035 -29.807163
v 227.935822 424.466156 -30.414228
v 227.847382 423.964508 -29.807163
v 228.700012 424.399323 -30.414228
v 228.700012 423.889923 -29.807163
v 229.464172 424.466156 -30.414228
v 229.552612 423.964508 -29.807163
v 230.205124 424.664703 -30.414228
v 230.379349 424.186035 -29.807163
v 230.900345 424.988892 -30.414228
v 231.155045 424.547760 -29.807163
v 231.528702 425.428864 -30.414228
v 231.856125 425.038666 -29.807163
v 232.071121 425.971283 -30.414228
v 232.461334 425.643860 -29.807163
v 232.511108 426.599640 -30.414228
v 232.952255 426.344971 -29.807163
v 232.835297 427.294861 -30.414228
v 233.313965 427.120667 -29.807163
v 233.033829 428.035828 -30.414228
v 233.535477 427.947388 -29.807163
v 233.100693 428.799988 -30.414228
v 187.834610 429.657898 -29.775894
v 188.057495 430.489746 -29.775894
v 188.421448 431.270233 -29.775894
v 188.915390 431.975677 -29.775894
v 189.524338 432.584595 -29.775894
v 190.229767 433.078552 -29.775894
v 191.010269 433.442505 -29.775894
v 191.842102 433.665405 -29.775894
v 192.699997 433.740448 -29.775894
v 193.557907 433.665405 -29.775894
v 194.389725 433.442505 -29.775894
v 195.170227 433.078552 -29.775894
v 195.875656 432.584595 -29.775894
v 196.484604 431.975677 -29.775894
v 196.978561 431.270233 -29.775894
v 197.342514 430.489746 -29.775894
v 197.565399 429.657898 -29.775894
v 197.640457 428.799988 -29.775894
v 197.565399 427.942108 -29.775894
v 197.342514 427.110260 -29.775894
v 196.978561 426.329773 -29.775894
v 196.484604 425.624329 -29.775894
v 195.875656 425.015381 -29.775894
v 195.170227 424.521454 -29.775894
v 194.389725 424.157501 -29.775894
v 193.557907 423.934601 -29.775894
v 192.699997 423.859558 -29.775894
v 191.842102 423.934601 -29.775894
v 191.010269 424.157501 -29.775894
v 190.229767 424.521454 -29.775894
v 189.524338 425.015381 -29.775894
v 188.915390 425.624329 -29.775894
v 188.421448 426.329773 -29.775894
v 188.057495 427.110260 -29.775894
v 187.834610 427.942108 -29.775894
v 187.759552 428.799988 -29.775894
v 187.800537 429.663910 -29.749353
v 188.024994 430.501556 -29.749353
v 188.391495 431.287506 -29.749353
v 188.888901 431.997894 -29.749353
v 189.502106 432.611115 -29.749353
v 190.212479 433.108521 -29.749353
v 190.998428 433.475006 -29.749353
v 191.836090 433.699463 -29.749353
v 192.699997 433.775055 -29.749353
v 193.563904 433.699463 -29.749353
v 194.401566 433.475006 -29.749353
v 195.187515 433.108521 -29.749353
v 195.897888 432.611115 -29.749353
v 196.511108 431.997894 -29.749353
v 197.008514 431.287506 -29.749353
v 197.375000 430.501556 -29.749353
v 197.599457 429.663910 -29.749353
v 197.675049 428.799988 -29.749353
v 197.599457 427.936096 -29.749353
v 197.375000 427.098450 -29.749353
v 197.008514 426.312469 -29.749353
v 196.511108 425.602112 -29.749353
v 195.897888 424.988892 -29.749353
v 195.187515 424.491486 -29.749353
v 194.401566 424.125000 -29.749353
v 193.563904 423.900543 -29.749353
v 192.699997 423.824951 -29.749353
v 191.836090 423.900543 -29.749353
v 190.998428 424.125000 -29.749353
v 190.212479 424.491486 -29.749353
v 189.502106 424.988892 -29.749353
v 188.888901 425.602112 -29.749353
v 188.391495 426.312469 -29.749353
v 188.024994 427.098450 -29.749353
v 187.800537 427.936096 -29.749353
v 187.724960 428.799988 -29.749353
v 187.763046 429.670532 -29.728107
v 187.989227 430.514587 -29.728107
v 188.358521 431.306549 -29.728107
v 188.859741 432.022369 -29.728107
v 189.477631 432.640259 -29.728107
v 190.193451 433.141479 -29.728107
v 190.985413 433.510773 -29.728107
v 191.829483 433.736938 -29.728107
v 192.699997 433.813110 -29.728107
v 193.570511 433.736938 -29.728107
v 194.414581 433.510773 -29.728107
v 195.206558 433.141479 -29.728107
v 195.922363 432.640259 -29.728107
v 196.540253 432.022369 -29.728107
v 197.041473 431.306549 -29.728107
v 197.410782 430.514587 -29.728107
v 197.636948 429.670532 -29.728107
v 197.713104 428.799988 -29.728107
v 197.636948 427.929474 -29.728107
v 197.410782 427.085419 -29.728107
v 197.041473 426.293457 -29.728107
v 196.540253 425.577637 -29.728107
v 195.922363 424.959747 -29.728107
v 195.206558 424.458527 -29.728107
v 194.414581 424.089233 -29.728107
v 193.570511 423.863068 -29.728107
v 192.699997 423.786896 -29.728107
v 191.829483 423.863068 -29.728107
v 190.985413 424.089233 -29.728107
v 190.193451 424.458527 -29.728107
v 189.477631 424.959747 -29.728107
v 188.859741 425.577637 -29.728107
v 188.358521 426.293457 -29.728107
v 187.989227 427.085419 -29.728107
v 187.763046 427.929474 -29.728107
v 187.686890 428.799988 -29.728107
v 187.722931 429.677582 -29.712603
v 187.950928 430.528534 -29.712603
v 188.323242 431.326935 -29.712603
v 188.828522 432.048553 -29.712603
v 189.451447 432.671478 -29.712603
v 190.173080 433.176758 -29.712603
v 190.971481 433.549072 -29.712603
v 191.822403 433.777069 -29.712603
v 192.699997 433.853851 -29.712603
v 193.577591 433.777069 -29.712603
v 194.428513 433.549072 -29.712603
v 195.226929 433.176758 -29.712603
v 195.948563 432.671478 -29.712603
v 196.571472 432.048553 -29.712603
v 197.076767 431.326935 -29.712603
v 197.449066 430.528534 -29.712603
v 197.677063 429.677582 -29.712603
v 197.753860 428.799988 -29.712603
v 197.677063 427.922394 -29.712603
v 197.449066 427.071472 -29.712603
v 197.076767 426.273071 -29.712603
v 196.571472 425.551453 -29.712603
v 195.948563 424.928528 -29.712603
v 195.226929 424.423248 -29.712603
v 194.428513 424.050934 -29.712603
v 193.577591 423.822937 -29.712603
v 192.699997 423.746155 -29.712603
v 191.822403 423.822937 -29.712603
v 190.971481 424.050934 -29.712603
v 190.173080 424.423248 -29.712603
v 189.451447 424.928528 -29.712603
v 188.828522 425.551453 -29.712603
v 188.323242 426.273071 -29.712603
v 187.950928 427.071472 -29.712603
v 187.722931 427.922394 -29.712603
v 187.646149 428.799988 -29.712603
v 187.681015 429.684998 -29.703169
v 187.910934 430.543091 -29.703169
v 188.286377 431.348206 -29.703169
v 188.795929 432.075897 -29.703169
v 189.424088 432.704071 -29.703169
v 190.151794 433.213623 -29.703169
v 190.956924 433.589050 -29.703169
v 191.815018 433.819000 -29.703169
v 192.699997 433.896423 -29.703169
v 193.584991 433.819000 -29.703169
v 194.443085 433.589050 -29.703169
v 195.248215 433.213623 -29.703169
v 195.975906 432.704071 -29.703169
v 196.604080 432.075897 -29.703169
v 197.113632 431.348206 -29.703169
v 197.489059 430.543091 -29.703169
v 197.718979 429.684998 -29.703169
v 197.796417 428.799988 -29.703169
v 197.718979 427.915009 -29.703169
v 197.489059 427.056915 -29.703169
v 197.113632 426.251801 -29.703169
v 196.604080 425.524078 -29.703169
v 195.975906 424.895935 -29.703169
v 195.248215 424.386383 -29.703169
v 194.443085 424.010925 -29.703169
v 193.584991 423.781006 -29.703169
v 192.699997 423.703583 -29.703169
v 191.815018 423.781006 -29.703169
v 190.956924 424.010925 -29.703169
v 190.151794 424.386383 -29.703169
v 189.424088 424.895935 -29.703169
v 188.795929 425.524078 -29.703169
v 188.286377 426.251801 -29.703169
v 187.910934 427.056915 -29.703169
v 187.681015 427.915009 -29.703169
v 187.603592 428.799988 -29.703169
v 205.828110 429.659058 -29.770185
v 206.051285 430.492004 -29.770185
v 206.415726 431.273529 -29.770185
v 206.910339 431.979919 -29.770185
v 207.520096 432.589661 -29.770185
v 208.226471 433.084290 -29.770185
v 209.007996 433.448700 -29.770185
v 209.840942 433.671906 -29.770185
v 210.699997 433.747070 -29.770185
v 211.559052 433.671906 -29.770185
v 212.391998 433.448700 -29.770185
v 213.173538 433.084290 -29.770185
v 213.879913 432.589661 -29.770185
v 214.489655 431.979919 -29.770185
v 214.984268 431.273529 -29.770185
v 215.348709 430.492004 -29.770185
v 215.571899 429.659058 -29.770185
v 215.647049 428.799988 -29.770185
v 215.571899 427.940948 -29.770185
v 215.348709 427.108002 -29.770185
v 214.984268 426.326477 -29.770185
v 214.489655 425.620087 -29.770185
v 213.879913 425.010345 -29.770185
v 213.173538 424.515717 -29.770185
v 212.391998 424.151276 -29.770185
v 211.559052 423.928101 -29.770185
v 210.699997 423.852936 -29.770185
v 209.840942 423.928101 -29.770185
v 209.007996 424.151276 -29.770185
v 208.226471 424.515717 -29.770185
v 207.520096 425.010345 -29.770185
v 206.910339 425.620087 -29.770185
v 206.415726 426.326477 -29.770185
v 206.051285 427.108002 -29.770185
v 205.828110 427.940948 -29.770185
v 205.752945 428.799988 -29.770185
v 205.785904 429.666473 -29.740192
v 206.011032 430.506653 -29.740192
v 206.378632 431.294952 -29.740192
v 206.877518 432.007446 -29.740192
v 207.492554 432.622467 -29.740192
v 208.205048 433.121368 -29.740192
v 208.993347 433.488953 -29.740192
v 209.833511 433.714081 -29.740192
v 210.699997 433.789886 -29.740192
v 211.566483 433.714081 -29.740192
v 212.406647 433.488953 -29.740192
v 213.194946 433.121368 -29.740192
v 213.907440 432.622467 -29.740192
v 214.522476 432.007446 -29.740192
v 215.021378 431.294952 -29.740192
v 215.388962 430.506653 -29.740192
v 215.614090 429.666473 -29.740192
v 215.689896 428.799988 -29.740192
v 215.614090 427.933502 -29.740192
v 215.388962 427.093353 -29.740192
v 215.021378 426.305054 -29.740192
v 214.522476 425.592560 -29.740192
v 213.907440 424.977509 -29.740192
v 213.194946 424.478638 -29.740192
v 212.406647 424.111023 -29.740192
v 211.566483 423.885925 -29.740192
v 210.699997 423.810120 -29.740192
v 209.833511 423.885925 -29.740192
v 208.993347 424.111023 -29.740192
v 208.205048 424.478638 -29.740192
v 207.492554 424.977509 -29.740192
v 206.877518 425.592560 -29.740192
v 206.378632 426.305054 -29.740192
v 206.011032 427.093353 -29.740192
v 205.785904 427.933502 -29.740192
v 205.710114 428.799988 -29.740192
v 205.739243 429.674713 -29.718092
v 205.966492 430.522858 -29.718092
v 206.337585 431.318634 -29.718092
v 206.841202 432.037903 -29.718092
v 207.462097 432.658783 -29.718092
v 208.181366 433.162415 -29.718092
v 208.977142 433.533508 -29.718092
v 209.825287 433.760773 -29.718092
v 210.699997 433.837280 -29.718092
v 211.574707 433.760773 -29.718092
v 212.422852 433.533508 -29.718092
v 213.218643 433.162415 -29.718092
v 213.937897 432.658783 -29.718092
v 214.558792 432.037903 -29.718092
v 215.062424 431.318634 -29.718092
v 215.433502 430.522858 -29.718092
v 215.660751 429.674713 -29.718092
v 215.737289 428.799988 -29.718092
v 215.660751 427.925293 -29.718092
v 215.433502 427.077148 -29.718092
v 215.062424 426.281372 -29.718092
v 214.558792 425.562103 -29.718092
v 213.937897 424.941223 -29.718092
v 213.218643 424.437592 -29.718092
v 212.422852 424.066498 -29.718092
v 211.574707 423.839233 -29.718092
v 210.699997 423.762726 -29.718092
v 209.825287 423.839233 -29.718092
v 208.977142 424.066498 -29.718092
v 208.181366 424.437592 -29.718092
v 207.462097 424.941223 -29.718092
v 206.841202 425.562103 -29.718092
v 206.337585 426.281372 -29.718092
v 205.966492 427.077148 -29.718092
v 205.739243 427.925293 -29.718092
v 205.662720 428.799988 -29.718092
v 205.689499 429.683472 -29.704557
v 205.919037 430.540131 -29.704557
v 206.293839 431.343903 -29.704557
v 206.802521 432.070374 -29.704557
v 207.429626 432.697479 -29.704557
v 208.156097 433.206177 -29.704557
v 208.959869 433.580963 -29.704557
v 209.816513 433.810516 -29.704557
v 210.699997 433.887787 -29.704557
v 211.583481 433.810516 -29.704557
v 212.440125 433.580963 -29.704557
v 213.243896 433.206177 -29.704557
v 213.970367 432.697479 -29.704557
v 214.597488 432.070374 -29.704557
v 215.106171 431.343903 -29.704557
v 215.480957 430.540131 -29.704557
v 215.710495 429.683472 -29.704557
v 215.787796 428.799988 -29.704557
v 215.710495 427.916504 -29.704557
v 215.480957 427.059875 -29.704557
v 215.106171 426.256104 -29.704557
v 214.597488 425.529633 -29.704557
v 213.970367 424.902527 -29.704557
v 213.243896 424.393829 -29.704557
v 212.440125 424.019043 -29.704557
v 211.583481 423.789490 -29.704557
v 210.699997 423.712189 -29.704557
v 209.816513 423.789490 -29.704557
v 208.959869 424.019043 -29.704557
v 208.156097 424.393829 -29.704557
v 207.429626 424.902527 -29.704557
v 206.802521 425.529633 -29.704557
v 206.293839 426.256104 -29.704557
v 205.919037 427.059875 -29.704557
v 205.689499 427.916504 -29.704557
v 205.612198 428.799988 -29.704557
v 223.828094 429.659058 -29.770185
v 224.051285 430.492004 -29.770185
v 224.415726 431.273529 -29.770185
v 224.910339 431.979919 -29.770185
v 225.520096 432.589661 -29.770185
v 226.226471 433.084290 -29.770185
v 227.008011 433.448700 -29.770185
v 227.840958 433.671906 -29.770185
v 228.700012 433.747070 -29.770185
v 229.559036 433.671906 -29.770185
v 230.391983 433.448700 -29.770185
v 231.173523 433.084290 -29.770185
v 231.879913 432.589661 -29.770185
v 232.489670 431.979919 -29.770185
v 232.984283 431.273529 -29.770185
v 233.348709 430.492004 -29.770185
v 233.571899 429.659058 -29.770185
v 233.647049 428.799988 -29.770185
v 233.571899 427.940948 -29.770185
v 233.348709 427.108002 -29.770185
v 232.984283 426.326477 -29.770185
v 232.489670 425.620087 -29.770185
v 231.879913 425.010345 -29.770185
v 231.173523 424.515717 -29.770185
v 230.391983 424.151276 -29.770185
v 229.559036 423.928101 -29.770185
v 228.700012 423.852936 -29.770185
v 227.840958 423.928101 -29.770185
v 227.008011 424.151276 -29.770185
v 226.226471 424.515717 -29.770185
v 225.520096 425.010345 -29.770185
v 224.910339 425.620087 -29.770185
v 224.415726 426.326477 -29.770185
v 224.051285 427.108002 -29.770185
v 223.828094 427.940948 -29.770185
v 223.752945 428.799988 -29.770185
v 223.785919 429.666473 -29.740192
v 224.011047 430.506653 -29.740192
v 224.378616 431.294952 -29.740192
v 224.877518 432.007446 -29.740192
v 225.492554 432.622467 -29.740192
v 226.205063 433.121368 -29.740192
v 226.993362 433.488953 -29.740192
v 227.833511 433.714081 -29.740192
v 228.700012 433.789886 -29.740192
v 229.566498 433.714081 -29.740192
v 230.406647 433.488953 -29.740192
v 231.194946 433.121368 -29.740192
v 231.907440 432.622467 -29.740192
v 232.522476 432.007446 -29.740192
v 233.021378 431.294952 -29.740192
v 233.388962 430.506653 -29.740192
v 233.614075 429.666473 -29.740192
v 233.689896 428.799988 -29.740192
v 233.614075 427.933502 -29.740192
v 233.388962 427.093353 -29.740192
v 233.021378 426.305054 -29.740192
v 232.522476 425.592560 -29.740192
v 231.907440 424.977509 -29.740192
v 231.194946 424.478638 -29.740192
v 230.406647 424.111023 -29.740192
v 229.566498 423.885925 -29.740192
v 228.700012 423.810120 -29.740192
v 227.833511 423.885925 -29.740192
v 226.993362 424.111023 -29.740192
v 226.205063 424.478638 -29.740192
v 225.492554 424.977509 -29.740192
v 224.877518 425.592560 -29.740192
v 224.378616 426.305054 -29.740192
v 224.011047 427.093353 -29.740192
v 223.785919 427.933502 -29.740192
v 223.710114 428.799988 -29.740192
v 223.739243 429.674713 -29.718092
v 223.966507 430.522858 -29.718092
v 224.337585 431.318634 -29.718092
v 224.841217 432.037903 -29.718092
v 225.462097 432.658783 -29.718092
v 226.181351 433.162415 -29.718092
v 226.977142 433.533508 -29.718092
v 227.825287 433.760773 -29.718092
v 228.700012 433.837280 -29.718092
v 229.574722 433.760773 -29.718092
v 230.422852 433.533508 -29.718092
v 231.218643 433.162415 -29.718092
v 231.937912 432.658783 -29.718092
v 232.558777 432.037903 -29.718092
v 233.062424 431.318634 -29.718092
v 233.433502 430.522858 -29.718092
v 233.660767 429.674713 -29.718092
v 233.737289 428.799988 -29.718092
v 233.660767 427.925293 -29.718092
v 233.433502 427.077148 -29.718092
v 233.062424 426.281372 -29.718092
v 232.558777 425.562103 -29.718092
v 231.937912 424.941223 -29.718092
v 231.218643 424.437592 -29.718092
v 230.422852 424.066498 -29.718092
v 229.574722 423.839233 -29.718092
v 228.700012 423.762726 -29.718092
v 227.825287 423.839233 -29.718092
v 226.977142 424.066498 -29.718092
v 226.181351 424.437592 -29.718092
v 225.462097 424.941223 -29.718092
v 224.841217 425.562103 -29.718092
v 224.337585 426.281372 -29.718092
v 223.966507 427.077148 -29.718092
v 223.739243 427.925293 -29.718092
v 223.662704 428.799988 -29.718092
v 223.689499 429.683472 -29.704557
v 223.919022 430.540131 -29.704557
v 224.293839 431.343903 -29.704557
v 224.802521 432.070374 -29.704557
v 225.429626 432.697479 -29.704557
v 226.156113 433.206177 -29.704557
v 226.959885 433.580963 -29.704557
v 227.816513 433.810516 -29.704557
v 228.700012 433.887787 -29.704557
v 229.583481 433.810516 -29.704557
v 230.440140 433.580963 -29.704557
v 231.243896 433.206177 -29.704557
v 231.970383 432.697479 -29.704557
v 232.597473 432.070374 -29.704557
v 233.106155 431.343903 -29.704557
v 233.480972 430.540131 -29.704557
v 233.710510 429.683472 -29.704557
v 233.787796 428.799988 -29.704557
v 233.710510 427.916504 -29.704557
v 233.480972 427.059875 -29.704557
v 233.106155 426.256104 -29.704557
v 232.597473 425.529633 -29.704557
v 231.970383 424.902527 -29.704557
v 231.243896 424.393829 -29.704557
v 230.440140 424.019043 -29.704557
v 229.583481 423.789490 -29.704557
v 228.700012 423.712189 -29.704557
v 227.816513 423.789490 -29.704557
v 226.959885 424.019043 -29.704557
v 226.156113 424.393829 -29.704557
v 225.429626 424.902527 -29.704557
v 224.802521 425.529633 -29.704557
v 224.293839 426.256104 -29.704557
v 223.919022 427.059875 -29.704557
v 223.689499 427.916504 -29.704557
v 223.612198 428.799988 -29.704557
v 188.832886 429.481873 -30.687847
v 189.010040 430.143036 -30.687847
v 189.299316 430.763397 -30.687847
v 189.691910 431.324066 -30.687847
v 190.175919 431.808075 -30.687847
v 190.736618 432.200684 -30.687847
v 191.356964 432.489960 -30.687847
v 192.018127 432.667114 -30.687847
v 192.699997 432.726776 -30.687847
v 193.381882 432.667114 -30.687847
v 194.043030 432.489960 -30.687847
v 194.663376 432.200684 -30.687847
v 195.224091 431.808075 -30.687847
v 195.708084 431.324066 -30.687847
v 196.100677 430.763397 -30.687847
v 196.389954 430.143036 -30.687847
v 196.567123 429.481873 -30.687847
v 196.626770 428.799988 -30.687847
v 196.567123 428.118134 -30.687847
v 196.389954 427.456970 -30.687847
v 196.100677 426.836609 -30.687847
v 195.708084 426.275909 -30.687847
v 195.224091 425.791931 -30.687847
v 194.663376 425.399323 -30.687847
v 194.043030 425.110046 -30.687847
v 193.381882 424.932892 -30.687847
v 192.699997 424.873230 -30.687847
v 192.018127 424.932892 -30.687847
v 191.356964 425.110046 -30.687847
v 190.736618 425.399323 -30.687847
v 190.175919 425.791931 -30.687847
v 189.691910 426.275909 -30.687847
v 189.299316 426.836609 -30.687847
v 189.010040 427.456970 -30.687847
v 188.832886 428.118134 -30.687847
v 188.773224 428.799988 -30.687847
v 188.700226 429.505280 -30.651754
v 188.883469 430.189117 -30.651754
v 189.182663 430.830750 -30.651754
v 189.588730 431.410675 -30.651754
v 190.089340 431.911255 -30.651754
v 190.669266 432.317322 -30.651754
v 191.310898 432.616547 -30.651754
v 191.994736 432.799774 -30.651754
v 192.699997 432.861481 -30.651754
v 193.405258 432.799774 -30.651754
v 194.089111 432.616547 -30.651754
v 194.730743 432.317322 -30.651754
v 195.310654 431.911255 -30.651754
v 195.811264 431.410675 -30.651754
v 196.217331 430.830750 -30.651754
v 196.516541 430.189117 -30.651754
v 196.699768 429.505280 -30.651754
v 196.761459 428.799988 -30.651754
v 196.699768 428.094727 -30.651754
v 196.516541 427.410889 -30.651754
v 196.217331 426.769257 -30.651754
v 195.811264 426.189331 -30.651754
v 195.310654 425.688721 -30.651754
v 194.730743 425.282654 -30.651754
v 194.089111 424.983459 -30.651754
v 193.405258 424.800232 -30.651754
v 192.699997 424.738525 -30.651754
v 191.994736 424.800232 -30.651754
v 191.310898 424.983459 -30.651754
v 190.669266 425.282654 -30.651754
v 190.089340 425.688721 -30.651754
v 189.588730 426.189331 -30.651754
v 189.182663 426.769257 -30.651754
v 188.883469 427.410889 -30.651754
v 188.700226 428.094727 -30.651754
v 188.638535 428.799988 -30.651754
v 188.575760 429.527222 -30.592819
v 188.764709 430.232330 -30.592819
v 189.073212 430.893921 -30.592819
v 189.491928 431.491913 -30.592819
v 190.008102 432.008087 -30.592819
v 190.606079 432.426788 -30.592819
v 191.267670 432.735291 -30.592819
v 191.972778 432.924225 -30.592819
v 192.699997 432.987854 -30.592819
v 193.427216 432.924225 -30.592819
v 194.132324 432.735291 -30.592819
v 194.793930 432.426788 -30.592819
v 195.391907 432.008087 -30.592819
v 195.908081 431.491913 -30.592819
v 196.326782 430.893921 -30.592819
v 196.635300 430.232330 -30.592819
v 196.824234 429.527222 -30.592819
v 196.887848 428.799988 -30.592819
v 196.824234 428.072784 -30.592819
v 196.635300 427.367676 -30.592819
v 196.326782 426.706085 -30.592819
v 195.908081 426.108093 -30.592819
v 195.391907 425.591919 -30.592819
v 194.793930 425.173218 -30.592819
v 194.132324 424.864716 -30.592819
v 193.427216 424.675781 -30.592819
v 192.699997 424.612152 -30.592819
v 191.972778 424.675781 -30.592819
v 191.267670 424.864716 -30.592819
v 190.606079 425.173218 -30.592819
v 190.008102 425.591919 -30.592819
v 189.491928 426.108093 -30.592819
v 189.073212 426.706085 -30.592819
v 188.764709 427.367676 -30.592819
v 188.575760 428.072784 -30.592819
v 188.512146 428.799988 -30.592819
v 188.463272 429.547058 -30.512836
v 188.657364 430.271393 -30.512836
v 188.974289 430.951050 -30.512836
v 189.404419 431.565338 -30.512836
v 189.934677 432.095581 -30.512836
v 190.548950 432.525726 -30.512836
v 191.228592 432.842651 -30.512836
v 191.952957 433.036713 -30.512836
v 192.699997 433.102081 -30.512836
v 193.447052 433.036713 -30.512836
v 194.171402 432.842651 -30.512836
v 194.851044 432.525726 -30.512836
v 195.465332 432.095581 -30.512836
v 195.995590 431.565338 -30.512836
v 196.425720 430.951050 -30.512836
v 196.742645 430.271393 -30.512836
v 196.936722 429.547058 -30.512836
v 197.002090 428.799988 -30.512836
v 196.936722 428.052948 -30.512836
v 196.742645 427.328613 -30.512836
v 196.425720 426.648956 -30.512836
v 195.995590 426.034668 -30.512836
v 195.465332 425.504425 -30.512836
v 194.851044 425.074280 -30.512836
v 194.171402 424.757355 -30.512836
v 193.447052 424.563263 -30.512836
v 192.699997 424.497925 -30.512836
v 191.952957 424.563263 -30.512836
v 191.228592 424.757355 -30.512836
v 190.548950 425.074280 -30.512836
v 189.934677 425.504425 -30.512836
v 189.404419 426.034668 -30.512836
v 188.974289 426.648956 -30.512836
v 188.657364 427.328613 -30.512836
v 188.463272 428.052948 -30.512836
v 188.397919 428.799988 -30.512836
v 206.832886 429.481873 -30.687847
v 207.010040 430.143036 -30.687847
v 207.299316 430.763397 -30.687847
v 207.691910 431.324066 -30.687847
v 208.175919 431.808075 -30.687847
v 208.736603 432.200684 -30.687847
v 209.356964 432.489960 -30.687847
v 210.018127 432.667114 -30.687847
v 210.699997 432.726776 -30.687847
v 211.381882 432.667114 -30.687847
v 212.043045 432.489960 -30.687847
v 212.663391 432.200684 -30.687847
v 213.224075 431.808075 -30.687847
v 213.708084 431.324066 -30.687847
v 214.100677 430.763397 -30.687847
v 214.389954 430.143036 -30.687847
v 214.567123 429.481873 -30.687847
v 214.626770 428.799988 -30.687847
v 214.567123 428.118134 -30.687847
v 214.389954 427.456970 -30.687847
v 214.100677 426.836609 -30.687847
v 213.708084 426.275909 -30.687847
v 213.224075 425.791931 -30.687847
v 212.663391 425.399323 -30.687847
v 212.043045 425.110046 -30.687847
v 211.381882 424.932892 -30.687847
v 210.699997 424.873230 -30.687847
v 210.018127 424.932892 -30.687847
v 209.356964 425.110046 -30.687847
v 208.736603 425.399323 -30.687847
v 208.175919 425.791931 -30.687847
v 207.691910 426.275909 -30.687847
v 207.299316 426.836609 -30.687847
v 207.010040 427.456970 -30.687847
v 206.832886 428.118134 -30.687847
v 206.773224 428.799988 -30.687847
v 206.700226 429.505280 -30.651754
v 206.883469 430.189117 -30.651754
v 207.182663 430.830750 -30.651754
v 207.588745 431.410675 -30.651754
v 208.089340 431.911255 -30.651754
v 208.669266 432.317322 -30.651754
v 209.310898 432.616547 -30.651754
v 209.994720 432.799774 -30.651754
v 210.699997 432.861481 -30.651754
v 211.405273 432.799774 -30.651754
v 212.089096 432.616547 -30.651754
v 212.730728 432.317322 -30.651754
v 213.310669 431.911255 -30.651754
v 213.811264 431.410675 -30.651754
v 214.217346 430.830750 -30.651754
v 214.516525 430.189117 -30.651754
v 214.699768 429.505280 -30.651754
v 214.761475 428.799988 -30.651754
v 214.699768 428.094727 -30.651754
v 214.516525 427.410889 -30.651754
v 214.217346 426.769257 -30.651754
v 213.811264 426.189331 -30.651754
v 213.310669 425.688721 -30.651754
v 212.730728 425.282654 -30.651754
v 212.089096 424.983459 -30.651754
v 211.405273 424.800232 -30.651754
v 210.699997 424.738525 -30.651754
v 209.994720 424.800232 -30.651754
v 209.310898 424.983459 -30.651754
v 208.669266 425.282654 -30.651754
v 208.089340 425.688721 -30.651754
v 207.588745 426.189331 -30.651754
v 207.182663 426.769257 -30.651754
v 206.883469 427.410889 -30.651754
v 206.700226 428.094727 -30.651754
v 206.638519 428.799988 -30.651754
v 206.575775 429.527222 -30.592819
v 206.764709 430.232330 -30.592819
v 207.073212 430.893921 -30.592819
v 207.491913 431.491913 -30.592819
v 208.008102 432.008087 -30.592819
v 208.606079 432.426788 -30.592819
v 209.267670 432.735291 -30.592819
v 209.972794 432.924225 -30.592819
v 210.699997 432.987854 -30.592819
v 211.427216 432.924225 -30.592819
v 212.132324 432.735291 -30.592819
v 212.793930 432.426788 -30.592819
v 213.391907 432.008087 -30.592819
v 213.908081 431.491913 -30.592819
v 214.326797 430.893921 -30.592819
v 214.635284 430.232330 -30.592819
v 214.824234 429.527222 -30.592819
v 214.887848 428.799988 -30.592819
v 214.824234 428.072784 -30.592819
v 214.635284 427.367676 -30.592819
v 214.326797 426.706085 -30.592819
v 213.908081 426.108093 -30.592819
v 213.391907 425.591919 -30.592819
v 212.793930 425.173218 -30.592819
v 212.132324 424.864716 -30.592819
v 211.427216 424.675781 -30.592819
v 210.699997 424.612152 -30.592819
v 209.972794 424.675781 -30.592819
v 209.267670 424.864716 -30.592819
v 208.606079 425.173218 -30.592819
v 208.008102 425.591919 -30.592819
v 207.491913 426.108093 -30.592819
v 207.073212 426.706085 -30.592819
v 206.764709 427.367676 -30.592819
v 206.575775 428.072784 -30.592819
v 206.512146 428.799988 -30.592819
v 206.463272 429.547058 -30.512836
v 206.657364 430.271393 -30.512836
v 206.974289 430.951050 -30.512836
v 207.404419 431.565338 -30.512836
v 207.934677 432.095581 -30.512836
v 208.548950 432.525726 -30.512836
v 209.228592 432.842651 -30.512836
v 209.952957 433.036713 -30.512836
v 210.699997 433.102081 -30.512836
v 211.447052 433.036713 -30.512836
v 212.171402 432.842651 -30.512836
v 212.851044 432.525726 -30.512836
v 213.465332 432.095581 -30.512836
v 213.995590 431.565338 -30.512836
v 214.425720 430.951050 -30.512836
v 214.742645 430.271393 -30.512836
v 214.936722 429.547058 -30.512836
v 215.002075 428.799988 -30.512836
v 214.936722 428.052948 -30.512836
v 214.742645 427.328613 -30.512836
v 214.425720 426.648956 -30.512836
v 213.995590 426.034668 -30.512836
v 213.465332 425.504425 -30.512836
v 212.851044 425.074280 -30.512836
v 212.171402 424.757355 -30.512836
v 211.447052 424.563263 -30.512836
v 210.699997 424.497925 -30.512836
v 209.952957 424.563263 -30.512836
v 209.228592 424.757355 -30.512836
v 208.548950 425.074280 -30.512836
v 207.934677 425.504425 -30.512836
v 207.404419 426.034668 -30.512836
v 206.974289 426.648956 -30.512836
v 206.657364 427.328613 -30.512836
v 206.463272 428.052948 -30.512836
v 206.397919 428.799988 -30.512836
v 224.832886 429.481873 -30.687847
v 225.010040 430.143036 -30.687847
v 225.299316 430.763397 -30.687847
v 225.691925 431.324066 -30.687847
v 226.175919 431.808075 -30.687847
v 226.736618 432.200684 -30.687847
v 227.356964 432.489960 -30.687847
v 228.018127 432.667114 -30.687847
v 228.700012 432.726776 -30.687847
v 229.381882 432.667114 -30.687847
v 230.043030 432.489960 -30.687847
v 230.663376 432.200684 -30.687847
v 231.224075 431.808075 -30.687847
v 231.708084 431.324066 -30.687847
v 232.100693 430.763397 -30.687847
v 232.389969 430.143036 -30.687847
v 232.567108 429.481873 -30.687847
v 232.626770 428.799988 -30.687847
v 232.567108 428.118134 -30.687847
v 232.389969 427.456970 -30.687847
v 232.100693 426.836609 -30.687847
v 231.708084 426.275909 -30.687847
v 231.224075 425.791931 -30.687847
v 230.663376 425.399323 -30.687847
v 230.043030 425.110046 -30.687847
v 229.381882 424.932892 -30.687847
v 228.700012 424.873230 -30.687847
v 228.018127 424.932892 -30.687847
v 227.356964 425.110046 -30.687847
v 226.736618 425.399323 -30.687847
v 226.175919 425.791931 -30.687847
v 225.691925 426.275909 -30.687847
v 225.299316 426.836609 -30.687847
v 225.010040 427.456970 -30.687847
v 224.832886 428.118134 -30.687847
v 224.773224 428.799988 -30.687847
v 224.700241 429.505280 -30.651754
v 224.883453 430.189117 -30.651754
v 225.182663 430.830750 -30.651754
v 225.588730 431.410675 -30.651754
v 226.089340 431.911255 -30.651754
v 226.669266 432.317322 -30.651754
v 227.310883 432.616547 -30.651754
v 227.994736 432.799774 -30.651754
v 228.700012 432.861481 -30.651754
v 229.405258 432.799774 -30.651754
v 230.089111 432.616547 -30.651754
v 230.730728 432.317322 -30.651754
v 231.310654 431.911255 -30.651754
v 231.811264 431.410675 -30.651754
v 232.217331 430.830750 -30.651754
v 232.516541 430.189117 -30.651754
v 232.699768 429.505280 -30.651754
v 232.761459 428.799988 -30.651754
v 232.699768 428.094727 -30.651754
v 232.516541 427.410889 -30.651754
v 232.217331 426.769257 -30.651754
v 231.811264 426.189331 -30.651754
v 231.310654 425.688721 -30.651754
v 230.730728 425.282654 -30.651754
v 230.089111 424.983459 -30.651754
v 229.405258 424.800232 -30.651754
v 228.700012 424.738525 -30.651754
v 227.994736 424.800232 -30.651754
v 227.310883 424.983459 -30.651754
v 226.669266 425.282654 -30.651754
v 226.089340 425.688721 -30.651754
v 225.588730 426.189331 -30.651754
v 225.182663 426.769257 -30.651754
v 224.883453 427.410889 -30.651754
v 224.700241 428.094727 -30.651754
v 224.638535 428.799988 -30.651754
v 224.575760 429.527222 -30.592819
v 224.764694 430.232330 -30.592819
v 225.073212 430.893921 -30.592819
v 225.491913 431.491913 -30.592819
v 226.008102 432.008087 -30.592819
v 226.606079 432.426788 -30.592819
v 227.267670 432.735291 -30.592819
v 227.972778 432.924225 -30.592819
v 228.700012 432.987854 -30.592819
v 229.427216 432.924225 -30.592819
v 230.132339 432.735291 -30.592819
v 230.793930 432.426788 -30.592819
v 231.391907 432.008087 -30.592819
v 231.908081 431.491913 -30.592819
v 232.326782 430.893921 -30.592819
v 232.635300 430.232330 -30.592819
v 232.824234 429.527222 -30.592819
v 232.887863 428.799988 -30.592819
v 232.824234 428.072784 -30.592819
v 232.635300 427.367676 -30.592819
v 232.326782 426.706085 -30.592819
v 231.908081 426.108093 -30.592819
v 231.391907 425.591919 -30.592819
v 230.793930 425.173218 -30.592819
v 230.132339 424.864716 -30.592819
v 229.427216 424.675781 -30.592819
v 228.700012 424.612152 -30.592819
v 227.972778 424.675781 -30.592819
v 227.267670 424.864716 -30.592819
v 226.606079 425.173218 -30.592819
v 226.008102 425.591919 -30.592819
v 225.491913 426.108093 -30.592819
v 225.073212 426.706085 -30.592819
v 224.764694 427.367676 -30.592819
v 224.575760 428.072784 -30.592819
v 224.512146 428.799988 -30.592819
v 224.463272 429.547058 -30.512836
v 224.657364 430.271393 -30.512836
v 224.974289 430.951050 -30.512836
v 225.404419 431.565338 -30.512836
v 225.934677 432.095581 -30.512836
v 226.548965 432.525726 -30.512836
v 227.228607 432.842651 -30.512836
v 227.952957 433.036713 -30.512836
v 228.700012 433.102081 -30.512836
v 229.447052 433.036713 -30.512836
v 230.171402 432.842651 -30.512836
v 230.851044 432.525726 -30.512836
v 231.465332 432.095581 -30.512836
v 231.995590 431.565338 -30.512836
v 232.425705 430.951050 -30.512836
v 232.742630 430.271393 -30.512836
v 232.936737 429.547058 -30.512836
v 233.002090 428.799988 -30.512836
v 232.936737 428.052948 -30.512836
v 232.742630 427.328613 -30.512836
v 232.425705 426.648956 -30.512836
v 231.995590 426.034668 -30.512836
v 231.465332 425.504425 -30.512836
v 230.851044 425.074280 -30.512836
v 230.171402 424.757355 -30.512836
v 229.447052 424.563263 -30.512836
v 228.700012 424.497925 -30.512836
v 227.952957 424.563263 -30.512836
v 227.228607 424.757355 -30.512836
v 226.548965 425.074280 -30.512836
v 225.934677 425.504425 -30.512836
v 225.404419 426.034668 -30.512836
v 224.974289 426.648956 -30.512836
v 224.657364 427.328613 -30.512836
v 224.463272 428.052948 -30.512836
v 224.397919 428.799988 -30.512836
v 226.299988 410.600006 -32.000000
v 226.299988 410.299988 -32.000000
v 226.800003 410.600006 -32.000000
v 226.800003 411.600006 -32.000000
v 217.800003 411.600006 -32.000000
v 217.800003 410.600006 -32.000000
v 218.299988 410.600006 -32.000000
v 218.299988 410.299988 -32.000000
v 217.300003 410.299988 -32.000000
v 217.300003 412.100006 -32.000000
v 227.300003 412.100006 -32.000000
v 227.300003 410.299988 -32.000000
v 227.300003 409.799988 -32.000000
v 226.299988 409.799988 -32.000000
v 227.300003 408.299988 -32.000000
v 226.299988 408.299988 -32.000000
v 218.299988 409.799988 -32.000000
v 217.300003 409.799988 -32.000000
v 218.299988 408.299988 -32.000000
v 217.300003 408.299988 -32.000000
v 205.800003 410.299988 -32.000000
v 206.800003 410.299988 -32.000000
v 205.800003 410.600006 -32.000000
v 206.300003 410.600006 -32.000000
v 206.300003 411.600006 -32.000000
v 194.600006 411.600006 -32.000000
v 194.600006 410.600006 -32.000000
v 195.100006 410.600006 -32.000000
v 195.100006 410.299988 -32.000000
v 194.100006 410.299988 -32.000000
v 194.100006 412.100006 -32.000000
v 206.800003 412.100006 -32.000000
v 206.800003 409.799988 -32.000000
v 205.800003 409.799988 -32.000000
v 206.800003 408.299988 -32.000000
v 205.800003 408.299988 -32.000000
v 195.100006 409.799988 -32.000000
v 194.100006 409.799988 -32.000000
v 195.100006 408.299988 -32.000000
v 194.100006 408.299988 -32.000000
v 224.479996 410.820007 -31.199999
v 224.479996 410.179993 -31.199999
v 225.119995 410.820007 -31.199999
v 225.119995 410.179993 -31.199999
v 221.979996 410.820007 -31.199999
v 221.979996 410.179993 -31.199999
v 222.620010 410.820007 -31.199999
v 222.620010 410.179993 -31.199999
v 219.479996 410.820007 -31.199999
v 219.479996 410.179993 -31.199999
v 220.120010 410.820007 -31.199999
v 220.120010 410.179993 -31.199999
v 203.880005 410.820007 -31.199999
v 203.880005 410.179993 -31.199999
v 204.519989 410.820007 -31.199999
v 204.519989 410.179993 -31.199999
v 201.380005 410.820007 -31.199999
v 201.380005 410.179993 -31.199999
v 202.020004 410.820007 -31.199999
v 202.020004 410.179993 -31.199999
v 198.880005 410.820007 -31.199999
v 198.880005 410.179993 -31.199999
v 199.520004 410.820007 -31.199999
v 199.520004 410.179993 -31.199999
v 196.379990 410.820007 -31.199999
v 196.379990 410.179993 -31.199999
v 197.020004 410.820007 -31.199999
v 197.020004 410.179993 -31.199999
v 240.500000 419.799988 -24.000000
v 240.500000 419.799988 -29.580450
v 240.598740 420.928711 -24.000000
v 240.598740 420.928711 -29.580450
v 240.891998 422.023132 -24.000000
v 240.891998 422.023132 -29.580450
v 241.370834 423.049988 -24.000000
v 241.370834 423.049988 -29.580450
v 242.020706 423.978119 -24.000000
v 242.020706 423.978119 -29.580450
v 242.821884 424.779297 -24.000000
v 242.821884 424.779297 -29.580450
v 243.750000 425.429169 -24.000000
v 243.750000 425.429169 -29.580450
v 244.776871 425.907990 -24.000000
v 244.776871 425.907990 -29.580450
v 245.871277 426.201263 -24.000000
v 245.871277 426.201263 -29.580450
v 247.000000 426.299988 -24.000000
v 247.000000 426.299988 -29.580450
v 248.128723 426.201263 -24.000000
v 248.128723 426.201263 -29.580450
v 249.223129 425.907990 -24.000000
v 249.223129 425.907990 -29.580450
v 250.250000 425.429169 -24.000000
v 250.250000 425.429169 -29.580450
v 251.178116 424.779297 -24.000000
v 251.178116 424.779297 -29.580450
v 251.979279 423.978119 -24.000000
v 251.979279 423.978119 -29.580450
v 252.629166 423.049988 -24.000000
v 252.629166 423.049988 -29.580450
v 253.108002 422.023132 -24.000000
v 253.108002 422.023132 -29.580450
v 253.401260 420.928711 -24.000000
v 253.401260 420.928711 -29.580450
v 253.500000 419.799988 -24.000000
v 253.500000 419.799988 -29.580450
v 253.401260 418.671295 -24.000000
v 253.401260 418.671295 -29.580450
v 253.108002 417.576874 -24.000000
v 253.108002 417.576874 -29.580450
v 252.629166 416.549988 -24.000000
v 252.629166 416.549988 -29.580450
v 251.979279 415.621887 -24.000000
v 251.979279 415.621887 -29.580450
v 251.178116 414.820709 -24.000000
v 251.178116 414.820709 -29.580450
v 250.250000 414.170837 -24.000000
v 250.250000 414.170837 -29.580450
v 249.223129 413.691986 -24.000000
v 249.223129 413.691986 -29.580450
v 248.128723 413.398743 -24.000000
v 248.128723 413.398743 -29.580450
v 247.000000 413.299988 -24.000000
v 247.000000 413.299988 -29.580450
v 245.871277 413.398743 -24.000000
v 245.871277 413.398743 -29.580450
v 244.776871 413.691986 -24.000000
v 244.776871 413.691986 -29.580450
v 243.750000 414.170837 -24.000000
v 243.750000 414.170837 -29.580450
v 242.821884 414.820709 -24.000000
v 242.821884 414.820709 -29.580450
v 242.020706 415.621887 -24.000000
v 242.020706 415.621887 -29.580450
v 241.370834 416.549988 -24.000000
v 241.370834 416.549988 -29.580450
v 240.891998 417.576874 -24.000000
v 240.891998 417.576874 -29.580450
v 240.598740 418.671295 -24.000000
v 240.598740 418.671295 -29.580450
v 247.000000 414.799988 -24.000000
v 246.131760 414.875946 -24.000000
v 245.289902 415.101532 -24.000000
v 244.500000 415.469879 -24.000000
v 243.786057 415.969788 -24.000000
v 243.169785 416.586060 -24.000000
v 242.669876 417.299988 -24.000000
v 242.301529 418.089905 -24.000000
v 242.075958 418.931763 -24.000000
v 242.000000 419.799988 -24.000000
v 242.075958 420.668243 -24.000000
v 242.301529 421.510101 -24.000000
v 242.669876 422.299988 -24.000000
v 243.169785 423.013947 -24.000000
v 243.786057 423.630219 -24.000000
v 244.500000 424.130127 -24.000000
v 245.289902 424.498474 -24.000000
v 246.131760 424.724030 -24.000000
v 247.000000 424.799988 -24.000000
v 247.868240 424.724030 -24.000000
v 248.710098 424.498474 -24.000000
v 249.500000 424.130127 -24.000000
v 250.213943 423.630219 -24.000000
v 250.830231 423.013947 -24.000000
v 251.330124 422.299988 -24.000000
v 251.698456 421.510101 -24.000000
v 251.924042 420.668243 -24.000000
v 252.000000 419.799988 -24.000000
v 251.924042 418.931763 -24.000000
v 251.698456 418.089905 -24.000000
v 251.330124 417.299988 -24.000000
v 250.830231 416.586060 -24.000000
v 250.213943 415.969788 -24.000000
v 249.500000 415.469879 -24.000000
v 248.710098 415.101532 -24.000000
v 247.868240 414.875946 -24.000000
v 242.000000 419.799988 -26.500000
v 242.075958 420.668243 -26.500000
v 242.301529 421.510101 -26.500000
v 242.669876 422.299988 -26.500000
v 243.169785 423.013947 -26.500000
v 243.786057 423.630219 -26.500000
v 244.500000 424.130127 -26.500000
v 245.289902 424.498474 -26.500000
v 246.131760 424.724030 -26.500000
v 247.000000 424.799988 -26.500000
v 247.868240 424.724030 -26.500000
v 248.710098 424.498474 -26.500000
v 249.500000 424.130127 -26.500000
v 250.213943 423.630219 -26.500000
v 250.830231 423.013947 -26.500000
v 251.330124 422.299988 -26.500000
v 251.698456 421.510101 -26.500000
v 251.924042 420.668243 -26.500000
v 252.000000 419.799988 -26.500000
v 251.924042 418.931763 -26.500000
v 251.698456 418.089905 -26.500000
v 251.330124 417.299988 -26.500000
v 250.830231 416.586060 -26.500000
v 250.213943 415.969788 -26.500000
v 249.500000 415.469879 -26.500000
v 248.710098 415.101532 -26.500000
v 247.868240 414.875946 -26.500000
v 247.000000 414.799988 -26.500000
v 246.131760 414.875946 -26.500000
v 245.289902 415.101532 -26.500000
v 244.500000 415.469879 -26.500000
v 243.786057 415.969788 -26.500000
v 243.169785 416.586060 -26.500000
v 242.669876 417.299988 -26.500000
v 242.301529 418.089905 -26.500000
v 242.075958 418.931763 -26.500000
v 242.489487 418.158295 -26.699999
v 242.272919 418.966492 -26.699999
v 247.000000 419.799988 -26.699999
v 242.199997 419.799988 -26.699999
v 242.272919 420.633514 -26.699999
v 243.914612 416.122986 -26.699999
v 243.322998 416.714630 -26.699999
v 242.843079 417.399994 -26.699999
v 246.166489 415.072937 -26.699999
v 245.358292 415.289490 -26.699999
v 244.600006 415.643066 -26.699999
v 248.641693 415.289490 -26.699999
v 247.833511 415.072937 -26.699999
v 247.000000 415.000000 -26.699999
v 250.677017 416.714630 -26.699999
v 250.085373 416.122986 -26.699999
v 249.399994 415.643066 -26.699999
v 251.727081 418.966492 -26.699999
v 251.510529 418.158295 -26.699999
v 251.156921 417.399994 -26.699999
v 251.510529 421.441711 -26.699999
v 251.727081 420.633514 -26.699999
v 251.799988 419.799988 -26.699999
v 250.085373 423.477020 -26.699999
v 250.677017 422.885376 -26.699999
v 251.156921 422.200012 -26.699999
v 247.833511 424.527069 -26.699999
v 248.641693 424.310516 -26.699999
v 249.399994 423.956909 -26.699999
v 245.358292 424.310516 -26.699999
v 246.166489 424.527069 -26.699999
v 247.000000 424.600006 -26.699999
v 243.322998 422.885376 -26.699999
v 243.914612 423.477020 -26.699999
v 244.600006 423.956909 -26.699999
v 242.489487 421.441711 -26.699999
v 242.843079 422.200012 -26.699999
v 242.238724 420.639557 -26.696960
v 242.456848 421.453583 -26.696960
v 242.813004 422.217377 -26.696960
v 243.296371 422.907715 -26.696960
v 243.892288 423.503632 -26.696960
v 244.582626 423.987000 -26.696960
v 245.346420 424.343170 -26.696960
v 246.160461 424.561279 -26.696960
v 247.000000 424.634735 -26.696960
v 247.839554 424.561279 -26.696960
v 248.653564 424.343170 -26.696960
v 249.417358 423.987000 -26.696960
v 250.107697 423.503632 -26.696960
v 250.703613 422.907715 -26.696960
v 251.187012 422.217377 -26.696960
v 251.543152 421.453583 -26.696960
v 251.761276 420.639557 -26.696960
v 251.834732 419.799988 -26.696960
v 251.761276 418.960449 -26.696960
v 251.543152 418.146423 -26.696960
v 251.187012 417.382629 -26.696960
v 250.703613 416.692291 -26.696960
v 250.107697 416.096375 -26.696960
v 249.417358 415.613007 -26.696960
v 248.653564 415.256836 -26.696960
v 247.839554 415.038727 -26.696960
v 247.000000 414.965271 -26.696960
v 246.160461 415.038727 -26.696960
v 245.346420 415.256836 -26.696960
v 244.582626 415.613007 -26.696960
v 243.892288 416.096375 -26.696960
v 243.296371 416.692291 -26.696960
v 242.813004 417.382629 -26.696960
v 242.456848 418.146423 -26.696960
v 242.238724 418.960449 -26.696960
v 242.165268 419.799988 -26.696960
v 242.205551 420.645386 -26.687939
v 242.425201 421.465088 -26.687939
v 242.783844 422.234192 -26.687939
v 243.270584 422.929352 -26.687939
v 243.870651 423.529419 -26.687939
v 244.565796 424.016174 -26.687939
v 245.334900 424.374817 -26.687939
v 246.154617 424.594452 -26.687939
v 247.000000 424.668396 -26.687939
v 247.845383 424.594452 -26.687939
v 248.665085 424.374817 -26.687939
v 249.434189 424.016174 -26.687939
v 250.129349 423.529419 -26.687939
v 250.729416 422.929352 -26.687939
v 251.216171 422.234192 -26.687939
v 251.574814 421.465088 -26.687939
v 251.794434 420.645386 -26.687939
v 251.868408 419.799988 -26.687939
v 251.794434 418.954620 -26.687939
v 251.574814 418.134918 -26.687939
v 251.216171 417.365784 -26.687939
v 250.729416 416.670654 -26.687939
v 250.129349 416.070587 -26.687939
v 249.434189 415.583832 -26.687939
v 248.665085 415.225189 -26.687939
v 247.845383 415.005554 -26.687939
v 247.000000 414.931610 -26.687939
v 246.154617 415.005554 -26.687939
v 245.334900 415.225189 -26.687939
v 244.565796 415.583832 -26.687939
v 243.870651 416.070587 -26.687939
v 243.270584 416.670654 -26.687939
v 242.783844 417.365784 -26.687939
v 242.425201 418.134918 -26.687939
v 242.205551 418.954620 -26.687939
v 242.131592 419.799988 -26.687939
v 242.174438 420.650879 -26.673204
v 242.395508 421.475891 -26.673204
v 242.756485 422.250000 -26.673204
v 243.246384 422.949646 -26.673204
v 243.850342 423.553619 -26.673204
v 244.550003 424.043518 -26.673204
v 245.324097 424.404480 -26.673204
v 246.149124 424.625549 -26.673204
v 247.000000 424.700012 -26.673204
v 247.850876 424.625549 -26.673204
v 248.675903 424.404480 -26.673204
v 249.450012 424.043518 -26.673204
v 250.149658 423.553619 -26.673204
v 250.753616 422.949646 -26.673204
v 251.243530 422.250000 -26.673204
v 251.604492 421.475891 -26.673204
v 251.825562 420.650879 -26.673204
v 251.899994 419.799988 -26.673204
v 251.825562 418.949127 -26.673204
v 251.604492 418.124115 -26.673204
v 251.243530 417.350006 -26.673204
v 250.753616 416.650330 -26.673204
v 250.149658 416.046387 -26.673204
v 249.450012 415.556488 -26.673204
v 248.675903 415.195496 -26.673204
v 247.850876 414.974457 -26.673204
v 247.000000 414.899994 -26.673204
v 246.149124 414.974457 -26.673204
v 245.324097 415.195496 -26.673204
v 244.550003 415.556488 -26.673204
v 243.850342 416.046387 -26.673204
v 243.246384 416.650330 -26.673204
v 242.756485 417.350006 -26.673204
v 242.395508 418.124115 -26.673204
v 242.174438 418.949127 -26.673204
v 242.099991 419.799988 -26.673204
v 242.146317 420.655823 -26.653210
v 242.368683 421.485657 -26.653210
v 242.731750 422.264282 -26.653210
v 243.224503 422.968018 -26.653210
v 243.831985 423.575500 -26.653210
v 244.535721 424.068268 -26.653210
v 245.314331 424.431335 -26.653210
v 246.144165 424.653687 -26.653210
v 247.000000 424.728546 -26.653210
v 247.855835 424.653687 -26.653210
v 248.685669 424.431335 -26.653210
v 249.464279 424.068268 -26.653210
v 250.168015 423.575500 -26.653210
v 250.775497 422.968018 -26.653210
v 251.268265 422.264282 -26.653210
v 251.631332 421.485657 -26.653210
v 251.853683 420.655823 -26.653210
v 251.928558 419.799988 -26.653210
v 251.853683 418.944153 -26.653210
v 251.631332 418.114319 -26.653210
v 251.268265 417.335724 -26.653210
v 250.775497 416.631989 -26.653210
v 250.168015 416.024506 -26.653210
v 249.464279 415.531738 -26.653210
v 248.685669 415.168671 -26.653210
v 247.855835 414.946320 -26.653210
v 247.000000 414.871429 -26.653210
v 246.144165 414.946320 -26.653210
v 245.314331 415.168671 -26.653210
v 244.535721 415.531738 -26.653210
v 243.831985 416.024506 -26.653210
v 243.224503 416.631989 -26.653210
v 242.731750 417.335724 -26.653210
v 242.368683 418.114319 -26.653210
v 242.146317 418.944153 -26.653210
v 242.071442 419.799988 -26.653210
v 242.122040 420.660126 -26.628557
v 242.345505 421.494110 -26.628557
v 242.710388 422.276611 -26.628557
v 243.205612 422.983856 -26.628557
v 243.816147 423.594391 -26.628557
v 244.523392 424.089600 -26.628557
v 245.305908 424.454498 -26.628557
v 246.139877 424.677948 -26.628557
v 247.000000 424.753204 -26.628557
v 247.860107 424.677948 -26.628557
v 248.694107 424.454498 -26.628557
v 249.476608 424.089600 -26.628557
v 250.183853 423.594391 -26.628557
v 250.794373 422.983856 -26.628557
v 251.289597 422.276611 -26.628557
v 251.654495 421.494110 -26.628557
v 251.877960 420.660126 -26.628557
v 251.953201 419.799988 -26.628557
v 251.877960 418.939880 -26.628557
v 251.654495 418.105896 -26.628557
v 251.289597 417.323395 -26.628557
v 250.794373 416.616150 -26.628557
v 250.183853 416.005615 -26.628557
v 249.476608 415.510406 -26.628557
v 248.694107 415.145508 -26.628557
v 247.860107 414.922028 -26.628557
v 247.000000 414.846802 -26.628557
v 246.139877 414.922028 -26.628557
v 245.305908 415.145508 -26.628557
v 244.523392 415.510406 -26.628557
v 243.816147 416.005615 -26.628557
v 243.205612 416.616150 -26.628557
v 242.710388 417.323395 -26.628557
v 242.345505 418.105896 -26.628557
v 242.122040 418.939880 -26.628557
v 242.046799 419.799988 -26.628557
v 242.102341 420.663574 -26.600000
v 242.326721 421.500946 -26.600000
v 242.693069 422.286591 -26.600000
v 243.190308 422.996704 -26.600000
v 243.803284 423.609711 -26.600000
v 244.513397 424.106934 -26.600000
v 245.299057 424.473297 -26.600000
v 246.136398 424.697662 -26.600000
v 247.000000 424.773193 -26.600000
v 247.863586 424.697662 -26.600000
v 248.700943 424.473297 -26.600000
v 249.486603 424.106934 -26.600000
v 250.196716 423.609711 -26.600000
v 250.809692 422.996704 -26.600000
v 251.306931 422.286591 -26.600000
v 251.673294 421.500946 -26.600000
v 251.897659 420.663574 -26.600000
v 251.973206 419.799988 -26.600000
v 251.897659 418.936401 -26.600000
v 251.673294 418.099060 -26.600000
v 251.306931 417.313385 -26.600000
v 250.809692 416.603271 -26.600000
v 250.196716 415.990295 -26.600000
v 249.486603 415.493073 -26.600000
v 248.700943 415.126709 -26.600000
v 247.863586 414.902344 -26.600000
v 247.000000 414.826782 -26.600000
v 246.136398 414.902344 -26.600000
v 245.299057 415.126709 -26.600000
v 244.513397 415.493073 -26.600000
v 243.803284 415.990295 -26.600000
v 243.190308 416.603271 -26.600000
v 242.693069 417.313385 -26.600000
v 242.326721 418.099060 -26.600000
v 242.102341 418.936401 -26.600000
v 242.026794 419.799988 -26.600000
v 242.087830 420.666138 -26.568403
v 242.312866 421.505981 -26.568403
v 242.680313 422.293976 -26.568403
v 243.179016 423.006195 -26.568403
v 243.793808 423.620972 -26.568403
v 244.506027 424.119690 -26.568403
v 245.294022 424.487122 -26.568403
v 246.133850 424.712158 -26.568403
v 247.000000 424.787933 -26.568403
v 247.866150 424.712158 -26.568403
v 248.705978 424.487122 -26.568403
v 249.493958 424.119690 -26.568403
v 250.206177 423.620972 -26.568403
v 250.820984 423.006195 -26.568403
v 251.319687 422.293976 -26.568403
v 251.687134 421.505981 -26.568403
v 251.912155 420.666138 -26.568403
v 251.987946 419.799988 -26.568403
v 251.912155 418.933868 -26.568403
v 251.687134 418.094025 -26.568403
v 251.319687 417.306030 -26.568403
v 250.820984 416.593811 -26.568403
v 250.206177 415.979004 -26.568403
v 249.493958 415.480316 -26.568403
v 248.705978 415.112885 -26.568403
v 247.866150 414.887848 -26.568403
v 247.000000 414.812073 -26.568403
v 246.133850 414.887848 -26.568403
v 245.294022 415.112885 -26.568403
v 244.506027 415.480316 -26.568403
v 243.793808 415.979004 -26.568403
v 243.179016 416.593811 -26.568403
v 242.680313 417.306030 -26.568403
v 242.312866 418.094025 -26.568403
v 242.087830 418.933868 -26.568403
v 242.012054 419.799988 -26.568403
v 242.078949 420.667725 -26.534729
v 242.304398 421.509064 -26.534729
v 242.672516 422.298492 -26.534729
v 243.172104 423.011993 -26.534729
v 243.788010 423.627899 -26.534729
v 244.501526 424.127502 -26.534729
v 245.290939 424.495605 -26.534729
v 246.132294 424.721039 -26.534729
v 247.000000 424.796967 -26.534729
v 247.867706 424.721039 -26.534729
v 248.709061 424.495605 -26.534729
v 249.498474 424.127502 -26.534729
v 250.211990 423.627899 -26.534729
v 250.827896 423.011993 -26.534729
v 251.327499 422.298492 -26.534729
v 251.695618 421.509064 -26.534729
v 251.921051 420.667725 -26.534729
v 251.996964 419.799988 -26.534729
v 251.921051 418.932281 -26.534729
v 251.695618 418.090942 -26.534729
v 251.327499 417.301514 -26.534729
v 250.827896 416.588013 -26.534729
v 250.211990 415.972107 -26.534729
v 249.498474 415.472504 -26.534729
v 248.709061 415.104401 -26.534729
v 247.867706 414.878967 -26.534729
v 247.000000 414.803040 -26.534729
v 246.132294 414.878967 -26.534729
v 245.290939 415.104401 -26.534729
v 244.501526 415.472504 -26.534729
v 243.788010 415.972107 -26.534729
v 243.172104 416.588013 -26.534729
v 242.672516 417.301514 -26.534729
v 242.304398 418.090942 -26.534729
v 242.078949 418.932281 -26.534729
v 242.003036 419.799988 -26.534729
vn -0.0000 -0.0000 -1.0000
vn -0.0000 -0.0001 -1.0000
vn -0.0000 0.0001 -1.0000
vn -0.0000 -0.0000 1.0000
vn -0.0000 1.0000 -0.0000
vn 0.0003 1.0000 -0.0000
vn 0.0001 1.0000 -0.0000
vn -0.0001 1.0000 -0.0000
vn 0.0002 1.0000 -0.0000
vn -0.0000 -1.0000 -0.0000
vn -0.0001 -1.0000 -0.0000
vn -0.0002 -1.0000 -0.0000
vn 0.0002 -1.0000 -0.0000
vn 0.0003 -1.0000 -0.0000
vn 0.0001 -1.0000 -0.0000
vn -1.0000 -0.0000 -0.0000
vn 0.4425 0.6787 -0.5862
vn 0.2655 0.8863 -0.3794
vn 0.3140 0.9208 -0.2314
vn 0.0749 0.9971 -0.0135
vn 0.1425 0.9894 0.0288
vn 0.3223 0.8878 0.3286
vn 0.3629 0.8729 0.3262
vn 0.4312 0.8075 -0.4025
vn 0.2227 0.9687 -0.1098
vn 0.2563 0.9651 -0.0535
vn 0.5562 0.6499 -0.5180
vn 0.4441 0.6419 -0.6252
vn 0.5369 0.6039 -0.5891
vn 0.5369 0.6039 0.5891
vn 0.5251 0.6091 0.5944
vn 0.4528 0.7573 0.4705
vn 0.3753 0.8385 0.3951
vn 0.4052 0.8182 0.4079
vn 0.4312 0.8075 0.4025
vn 0.2111 0.9761 0.0506
vn 0.3286 0.8925 0.3089
vn 0.3139 0.9208 0.2314
vn 0.3112 0.9217 0.2316
vn 0.2361 0.9542 0.1839
vn 0.2995 0.9393 0.1675
vn 0.2338 0.9572 0.1707
vn 0.2711 0.9547 0.1224
vn 0.2160 0.9743 0.0632
vn 0.2464 0.9678 0.0518
vn 0.0447 0.9990 0.0035
vn 0.0698 0.9975 -0.0063
vn 0.0734 0.9973 -0.0014
vn 0.0758 0.9971 -0.0002
vn 0.2460 0.9677 -0.0550
vn 0.1944 0.9790 -0.0616
vn 0.2314 0.9727 -0.0188
vn 0.4591 0.7210 -0.5191
vn 0.4351 0.7500 -0.4982
vn 0.4285 0.7854 -0.4467
vn 0.2861 0.8031 -0.5226
vn 0.3531 0.8055 -0.4760
vn 0.2775 0.8271 -0.4888
vn 0.1254 0.9699 -0.2087
vn 0.1778 0.9620 -0.2071
vn 0.1916 0.9272 -0.3218
vn 0.2571 0.9130 -0.3168
vn 0.2697 0.8694 -0.4141
vn 0.3437 0.8478 -0.4038
vn 0.3561 0.7869 -0.5040
vn 0.4336 0.7588 -0.4860
vn 0.4379 0.7294 -0.5255
vn 0.4881 0.6579 -0.5735
vn 0.1165 0.9861 -0.1184
vn 0.1166 0.9861 -0.1183
vn 0.1298 0.9575 -0.2577
vn 0.1839 0.9492 -0.2555
vn 0.1949 0.9149 -0.3535
vn 0.2739 0.8493 -0.4514
vn 0.3486 0.8276 -0.4399
vn 0.3598 0.7575 -0.5448
vn 0.4209 0.7143 -0.5591
vn 0.0855 0.9704 -0.2257
vn 0.1267 0.9661 -0.2247
vn 0.1354 0.9354 -0.3268
vn 0.1335 0.9318 -0.3374
vn 0.1968 0.9074 -0.3714
vn 0.2039 0.8703 -0.4484
vn 0.1166 0.9861 0.1184
vn 0.2592 0.8733 -0.4126
vn 0.2013 0.8857 -0.4184
vn 0.1898 0.9328 -0.3064
vn 0.1341 0.9415 -0.3093
vn 0.1234 0.9745 -0.1872
vn 0.0833 0.9786 -0.1880
vn 0.0786 0.9904 -0.1138
vn 0.0528 0.9960 -0.0722
vn 0.0517 0.9979 -0.0384
vn 0.0434 0.9988 -0.0243
vn 0.0434 0.9983 0.0384
vn 0.0512 0.9984 0.0243
vn 0.0541 0.9920 0.1140
vn 0.2652 0.8874 0.3771
vn 0.0836 0.9775 0.1936
vn 0.0836 0.9775 0.1935
vn 0.4311 0.7661 0.4768
vn 0.4288 0.7853 0.4467
vn 0.3487 0.8269 0.4412
vn 0.3437 0.8478 0.4038
vn 0.1845 0.9477 0.2604
vn 0.2481 0.9341 0.2567
vn 0.1916 0.9272 0.3218
vn 0.2571 0.9130 0.3168
vn 0.1949 0.9149 0.3535
vn 0.2655 0.8863 0.3794
vn 0.2697 0.8694 0.4141
vn 0.3486 0.8276 0.4399
vn 0.3514 0.8138 0.4629
vn 0.4337 0.7588 0.4860
vn 0.4351 0.7503 0.4978
vn 0.4763 0.6979 0.5349
vn 0.4425 0.6787 0.5862
vn 0.4015 0.7435 0.5347
vn 0.1354 0.9354 0.3268
vn 0.1335 0.9318 0.3374
vn 0.1968 0.9074 0.3714
vn 0.2013 0.8857 0.4184
vn 0.2666 0.8568 0.4414
vn 0.2782 0.8269 0.4887
vn 0.3565 0.7831 0.5095
vn 0.3621 0.7340 0.5746
vn 0.0748 0.9955 0.0576
vn 0.1101 0.9923 0.0574
vn 0.0789 0.9898 0.1188
vn 0.0724 0.9971 0.0234
vn 0.0635 0.9978 0.0200
vn 0.0698 0.9975 0.0076
vn 0.3322 0.8835 0.3303
vn 0.3266 0.8969 0.2982
vn 0.2554 0.9175 0.3050
vn 0.2388 0.9503 0.1996
vn 0.1699 0.9743 0.1476
vn 0.2200 0.9708 0.0956
vn 0.1626 0.9819 0.0967
vn 0.2108 0.9763 0.0490
vn 0.1835 0.9818 0.0493
vn 0.1921 0.9803 0.0449
vn 0.4999 0.6260 0.5985
vn 0.4419 0.6880 0.5757
vn 0.4419 0.6880 0.5756
vn 0.4379 0.7299 0.5249
vn 0.3560 0.7869 0.5040
vn 0.3530 0.8055 0.4760
vn 0.2739 0.8493 0.4514
vn 0.2693 0.8708 0.4114
vn 0.1982 0.9011 0.3857
vn 0.1898 0.9328 0.3064
vn 0.1298 0.9575 0.2577
vn 0.1839 0.9492 0.2555
vn 0.1254 0.9699 0.2087
vn 0.1718 0.9719 0.1612
vn 0.1210 0.9793 0.1625
vn 0.1598 0.9841 0.0778
vn 0.0503 0.9956 0.0787
vn 0.1532 0.9876 0.0347
vn 0.0972 0.9946 0.0350
vn 0.1682 0.9857 0.0049
vn 0.0434 0.9991 0.0008
vn 0.0434 0.9990 -0.0119
vn 0.0432 0.9990 -0.0123
vn 0.0732 0.9967 -0.0351
vn 0.0748 0.9955 -0.0576
vn 0.2851 0.9430 -0.1715
vn 0.2226 0.9687 -0.1098
vn 0.2200 0.9708 -0.0956
vn 0.1555 0.9866 -0.0496
vn 0.1458 0.9881 -0.0496
vn 0.4054 0.8181 -0.4079
vn 0.3402 0.8601 -0.3802
vn 0.3266 0.8969 -0.2982
vn 0.2554 0.9175 -0.3050
vn 0.2388 0.9503 -0.1996
vn 0.1772 0.9632 -0.2023
vn 0.1598 0.9841 -0.0778
vn 0.3885 0.8632 -0.3226
vn 0.3632 0.8727 -0.3262
vn 0.3287 0.8923 -0.3096
vn 0.3226 0.8876 -0.3287
vn 0.3114 0.9216 -0.2316
vn 0.2362 0.9540 -0.1845
vn 0.2293 0.9624 -0.1458
vn 0.1699 0.9743 -0.1476
vn 0.1009 0.9943 -0.0350
vn 0.1494 0.9882 -0.0348
vn 0.0944 0.9952 -0.0241
vn 0.0625 0.9915 0.1140
vn 0.0548 0.9885 0.1408
vn 0.0516 0.9979 0.0384
vn 0.0434 0.9976 0.0542
vn 0.0434 0.9983 -0.0384
vn 0.0521 0.9972 -0.0542
vn 0.0540 0.9920 -0.1140
vn 0.0696 0.9876 -0.1407
vn 0.0836 0.9775 -0.1935
vn 0.0836 0.9775 -0.1936
vn 0.0877 0.9601 -0.2655
vn 0.1302 0.9556 0.2642
vn 0.0855 0.9704 0.2257
vn 0.1269 0.9661 0.2247
vn 0.0833 0.9786 0.1880
vn 0.0758 0.9945 0.0721
vn 0.0151 0.9973 0.0723
vn 0.0434 0.9988 0.0243
vn 0.0512 0.9984 -0.0243
vn 0.0516 0.9981 -0.0351
vn 0.0758 0.9945 -0.0721
vn 0.1166 0.9861 -0.1184
vn 0.1210 0.9793 -0.1625
vn 0.1718 0.9719 -0.1612
vn 0.1845 0.9477 -0.2604
vn 0.2481 0.9341 -0.2567
vn 0.2652 0.8874 -0.3771
vn 0.3384 0.8661 -0.3680
vn 0.3487 0.8269 -0.4412
vn 0.4288 0.7853 -0.4467
vn 0.4310 0.7661 -0.4768
vn 0.4531 0.7572 -0.4705
vn 0.2539 -0.3498 0.9018
vn 0.1558 -0.0672 0.9855
vn 0.1293 -0.0349 0.9910
vn 0.2578 0.4082 0.8758
vn 0.3506 0.2183 0.9107
vn 0.4469 0.3717 0.8137
vn 0.3613 -0.2834 0.8883
vn 0.5293 -0.5625 0.6352
vn 0.5192 -0.5663 0.6401
vn 0.4804 -0.4983 0.7217
vn 0.4469 -0.3717 0.8137
vn 0.3614 -0.2834 0.8883
vn 0.3904 -0.3585 0.8480
vn 0.4221 -0.3768 0.8245
vn 0.3212 -0.1991 0.9258
vn 0.2768 -0.1120 0.9544
vn 0.3004 -0.1111 0.9473
vn 0.1794 -0.0260 0.9834
vn 0.1736 -0.0863 0.9810
vn 0.1597 0.0021 0.9872
vn 0.1518 0.0082 0.9884
vn 0.2204 0.0400 0.9746
vn 0.1802 0.0330 0.9831
vn 0.1526 0.0187 0.9881
vn 0.2906 0.0582 0.9551
vn 0.2222 0.0600 0.9732
vn 0.2899 0.0589 0.9553
vn 0.2264 0.0535 0.9726
vn 0.3356 0.1623 0.9279
vn 0.3215 0.1631 0.9328
vn 0.2768 0.1120 0.9544
vn 0.4922 0.5314 0.6894
vn 0.4505 0.4850 0.7495
vn 0.4471 0.4471 0.7747
vn 0.5529 0.4826 0.6793
vn 0.4347 0.5956 0.6755
vn 0.5306 0.5619 0.6346
vn 0.3242 0.4398 0.8376
vn 0.3838 0.4821 0.7876
vn 0.3867 0.5355 0.7508
vn 0.2442 0.2402 0.9395
vn 0.2960 0.2366 0.9254
vn 0.3091 0.3454 0.8861
vn 0.3691 0.3375 0.8660
vn 0.3774 0.4078 0.8314
vn 0.4466 0.4472 0.7749
vn 0.4473 0.4557 0.7696
vn 0.4662 0.4804 0.7429
vn 0.2342 0.1506 0.9605
vn 0.2493 0.2936 0.9228
vn 0.3028 0.2890 0.9082
vn 0.3151 0.4109 0.8555
vn 0.3767 0.4011 0.8350
vn 0.3848 0.4988 0.7766
vn 0.4503 0.4825 0.7513
vn 0.4544 0.5609 0.6920
vn 0.2023 0.2799 0.9385
vn 0.1944 0.1701 0.9661
vn 0.1943 0.1702 0.9661
vn 0.2022 0.2799 0.9385
vn 0.2328 0.3071 0.9228
vn 0.2538 0.3490 0.9021
vn 0.1293 0.0227 0.9913
vn 0.1361 0.0349 0.9901
vn 0.1370 0.0674 0.9883
vn 0.1580 0.1035 0.9820
vn 0.1585 0.1110 0.9811
vn 0.1993 0.2348 0.9514
vn 0.2434 0.2324 0.9417
vn 0.2539 0.3498 0.9018
vn 0.3089 0.3440 0.8867
vn 0.3183 0.4573 0.8304
vn 0.3602 -0.2763 0.8910
vn 0.3020 -0.2824 0.9105
vn 0.3506 -0.2183 0.9107
vn 0.3453 -0.2188 0.9126
vn 0.3471 -0.3308 0.8776
vn 0.1892 -0.1104 0.9757
vn 0.1616 -0.1711 0.9719
vn 0.1944 -0.1701 0.9661
vn 0.1385 -0.1348 0.9812
vn 0.4990 -0.5642 0.6578
vn 0.4734 -0.5251 0.7072
vn 0.4535 -0.5315 0.7155
vn 0.4503 -0.4825 0.7513
vn 0.3823 -0.4619 0.8003
vn 0.3766 -0.4011 0.8350
vn 0.3151 -0.4109 0.8555
vn 0.3028 -0.2890 0.9082
vn 0.2493 -0.2936 0.9228
vn 0.2578 -0.4082 0.8758
vn 0.3089 -0.3439 0.8867
vn 0.3184 -0.4572 0.8304
vn 0.3241 -0.4398 0.8376
vn 0.3838 -0.4821 0.7876
vn 0.3848 -0.4988 0.7766
vn 0.4526 -0.5178 0.7260
vn 0.4545 -0.5609 0.6920
vn 0.2538 -0.3490 0.9021
vn 0.2185 -0.2789 0.9351
vn 0.2478 -0.2769 0.9284
vn 0.1993 -0.2348 0.9514
vn 0.2434 -0.2324 0.9417
vn 0.1962 -0.1921 0.9616
vn 0.2664 -0.0578 0.9621
vn 0.2662 -0.0578 0.9622
vn 0.2275 -0.0985 0.9688
vn 0.2743 -0.0973 0.9567
vn 0.2388 -0.1898 0.9523
vn 0.2889 -0.1871 0.9389
vn 0.4473 -0.4562 0.7693
vn 0.4466 -0.4472 0.7749
vn 0.3774 -0.4078 0.8315
vn 0.3691 -0.3375 0.8660
vn 0.3091 -0.3453 0.8861
vn 0.2960 -0.2366 0.9254
vn 0.2442 -0.2402 0.9395
vn 0.2342 -0.1506 0.9605
vn 0.2342 -0.1506 0.9604
vn 0.1862 -0.0793 0.9793
vn 0.2248 -0.0787 0.9712
vn 0.2042 -0.0629 0.9769
vn 0.2124 -0.0444 0.9762
vn 0.2248 0.0787 0.9712
vn 0.1747 0.0403 0.9838
vn 0.1553 0.0582 0.9862
vn 0.1516 0.0052 0.9884
vn 0.1293 0.0237 0.9913
vn 0.1293 -0.0018 0.9916
vn 0.1344 -0.0135 0.9908
vn 0.1349 -0.0068 0.9908
vn 0.1500 -0.0673 0.9864
vn 0.1520 -0.0108 0.9883
vn 0.1524 -0.0165 0.9882
vn 0.3012 0.1111 0.9471
vn 0.2912 0.0968 0.9517
vn 0.2743 0.0973 0.9567
vn 0.2863 0.1701 0.9429
vn 0.3451 0.2188 0.9127
vn 0.3468 0.3304 0.8778
vn 0.3613 0.2828 0.8885
vn 0.3986 0.3132 0.8620
vn 0.1360 -0.0349 0.9901
vn 0.1292 -0.0488 0.9904
vn 0.1293 0.0349 0.9910
vn 0.1364 0.0488 0.9894
vn 0.1379 0.1038 0.9850
vn 0.1546 0.1344 0.9788
vn 0.1691 0.2285 0.9587
vn 0.4219 0.3768 0.8246
vn 0.3702 0.3463 0.8620
vn 0.3603 0.2763 0.8910
vn 0.3020 0.2824 0.9105
vn 0.2889 0.1871 0.9389
vn 0.2388 0.1898 0.9523
vn 0.1862 0.0793 0.9793
vn 0.1892 0.1104 0.9757
vn 0.1558 0.0672 0.9855
vn 0.1287 0.0237 0.9914
vn 0.1293 -0.0227 0.9913
vn 0.1357 -0.0227 0.9905
vn 0.1379 -0.1038 0.9850
vn 0.1495 -0.1036 0.9833
vn 0.1651 -0.2019 0.9654
vn 0.1987 -0.2273 0.9534
vn 0.2038 -0.3092 0.9289
vn 0.2539 0.3498 -0.9018
vn 0.1559 0.0672 -0.9855
vn 0.1293 0.0349 -0.9910
vn 0.2578 -0.4082 -0.8758
vn 0.3506 -0.2183 -0.9107
vn 0.3614 0.2834 -0.8883
vn 0.4469 -0.3717 -0.8137
vn 0.2906 -0.0582 -0.9551
vn 0.2222 -0.0600 -0.9732
vn 0.3355 -0.1622 -0.9280
vn 0.3215 -0.1631 -0.9328
vn 0.2768 -0.1120 -0.9544
vn 0.4922 -0.5315 -0.6894
vn 0.4505 -0.4850 -0.7495
vn 0.4471 -0.4471 -0.7747
vn 0.5530 -0.4826 -0.6792
vn 0.4347 -0.5956 -0.6755
vn 0.5293 -0.5625 -0.6352
vn 0.5306 0.5619 -0.6346
vn 0.5192 0.5663 -0.6401
vn 0.4804 0.4983 -0.7218
vn 0.4469 0.3717 -0.8137
vn 0.3613 0.2834 -0.8883
vn 0.3904 0.3585 -0.8480
vn 0.4221 0.3768 -0.8245
vn 0.3212 0.1991 -0.9258
vn 0.2768 0.1120 -0.9544
vn 0.3004 0.1111 -0.9473
vn 0.1794 0.0260 -0.9834
vn 0.1736 0.0863 -0.9810
vn 0.1597 -0.0021 -0.9872
vn 0.1518 -0.0082 -0.9884
vn 0.2899 -0.0589 -0.9553
vn 0.2264 -0.0535 -0.9726
vn 0.2204 -0.0400 -0.9746
vn 0.1802 -0.0330 -0.9831
vn 0.1526 -0.0187 -0.9881
vn 0.3242 -0.4398 -0.8376
vn 0.3838 -0.4821 -0.7876
vn 0.3867 -0.5355 -0.7508
vn 0.2442 -0.2402 -0.9395
vn 0.2960 -0.2366 -0.9254
vn 0.3091 -0.3453 -0.8861
vn 0.3691 -0.3375 -0.8660
vn 0.3774 -0.4078 -0.8315
vn 0.4466 -0.4472 -0.7749
vn 0.4473 -0.4557 -0.7696
vn 0.4662 -0.4804 -0.7428
vn 0.2342 -0.1506 -0.9605
vn 0.2342 -0.1506 -0.9604
vn 0.2493 -0.2936 -0.9228
vn 0.3028 -0.2890 -0.9082
vn 0.3151 -0.4109 -0.8555
vn 0.3766 -0.4011 -0.8350
vn 0.3849 -0.4988 -0.7766
vn 0.4502 -0.4825 -0.7513
vn 0.4545 -0.5609 -0.6920
vn 0.2023 -0.2799 -0.9385
vn 0.1944 -0.1701 -0.9661
vn 0.1943 -0.1702 -0.9661
vn 0.2022 -0.2800 -0.9385
vn 0.2328 -0.3071 -0.9228
vn 0.2538 -0.3490 -0.9021
vn 0.1293 -0.0227 -0.9913
vn 0.1361 -0.0349 -0.9901
vn 0.1370 -0.0674 -0.9883
vn 0.1580 -0.1035 -0.9820
vn 0.1585 -0.1110 -0.9811
vn 0.1993 -0.2348 -0.9514
vn 0.2434 -0.2324 -0.9417
vn 0.2539 -0.3498 -0.9018
vn 0.3089 -0.3440 -0.8867
vn 0.3184 -0.4572 -0.8304
vn 0.3603 0.2763 -0.8910
vn 0.3020 0.2824 -0.9105
vn 0.3506 0.2183 -0.9107
vn 0.3453 0.2188 -0.9126
vn 0.3471 0.3307 -0.8776
vn 0.1892 0.1104 -0.9757
vn 0.1616 0.1711 -0.9719
vn 0.1944 0.1701 -0.9661
vn 0.1385 0.1348 -0.9812
vn 0.4989 0.5642 -0.6578
vn 0.4735 0.5251 -0.7072
vn 0.4534 0.5315 -0.7155
vn 0.4503 0.4825 -0.7513
vn 0.3823 0.4619 -0.8003
vn 0.3767 0.4011 -0.8350
vn 0.3151 0.4109 -0.8555
vn 0.3028 0.2890 -0.9082
vn 0.2493 0.2936 -0.9228
vn 0.2578 0.4082 -0.8758
vn 0.3089 0.3440 -0.8867
vn 0.3183 0.4573 -0.8304
vn 0.3241 0.4398 -0.8376
vn 0.3838 0.4821 -0.7876
vn 0.3849 0.4988 -0.7766
vn 0.4527 0.5178 -0.7260
vn 0.4544 0.5609 -0.6920
vn 0.2538 0.3490 -0.9021
vn 0.2185 0.2789 -0.9351
vn 0.2478 0.2769 -0.9284
vn 0.1993 0.2348 -0.9514
vn 0.2434 0.2324 -0.9417
vn 0.1962 0.1921 -0.9616
vn 0.2663 0.0578 -0.9621
vn 0.2662 0.0578 -0.9622
vn 0.2275 0.0985 -0.9688
vn 0.2743 0.0973 -0.9567
vn 0.2388 0.1898 -0.9523
vn 0.2889 0.1871 -0.9389
vn 0.4474 0.4561 -0.7693
vn 0.4466 0.4472 -0.7749
vn 0.3774 0.4078 -0.8315
vn 0.3691 0.3375 -0.8660
vn 0.3091 0.3454 -0.8861
vn 0.2960 0.2366 -0.9254
vn 0.2442 0.2402 -0.9395
vn 0.2342 0.1506 -0.9605
vn 0.1862 0.0793 -0.9793
vn 0.2248 0.0787 -0.9712
vn 0.2042 0.0629 -0.9769
vn 0.2124 0.0444 -0.9762
vn 0.2248 -0.0787 -0.9712
vn 0.1747 -0.0403 -0.9838
vn 0.1553 -0.0582 -0.9862
vn 0.1516 -0.0052 -0.9884
vn 0.1293 -0.0237 -0.9913
vn 0.1293 0.0018 -0.9916
vn 0.1344 0.0135 -0.9908
vn 0.1349 0.0068 -0.9908
vn 0.1500 0.0673 -0.9864
vn 0.1520 0.0108 -0.9883
vn 0.1524 0.0165 -0.9882
vn 0.3012 -0.1111 -0.9471
vn 0.2912 -0.0968 -0.9517
vn 0.2743 -0.0973 -0.9567
vn 0.2863 -0.1701 -0.9429
vn 0.3451 -0.2188 -0.9127
vn 0.3468 -0.3304 -0.8778
vn 0.3612 -0.2828 -0.8886
vn 0.3986 -0.3132 -0.8620
vn 0.1360 0.0349 -0.9901
vn 0.1292 0.0488 -0.9904
vn 0.1293 -0.0349 -0.9910
vn 0.1364 -0.0488 -0.9894
vn 0.1379 -0.1038 -0.9850
vn 0.1546 -0.1344 -0.9788
vn 0.1691 -0.2285 -0.9587
vn 0.4219 -0.3768 -0.8246
vn 0.3702 -0.3463 -0.8620
vn 0.3602 -0.2763 -0.8910
vn 0.3020 -0.2824 -0.9105
vn 0.2889 -0.1871 -0.9389
vn 0.2388 -0.1898 -0.9523
vn 0.1862 -0.0793 -0.9793
vn 0.1892 -0.1104 -0.9757
vn 0.1559 -0.0672 -0.9855
vn 0.1287 -0.0237 -0.9914
vn 0.1293 0.0227 -0.9913
vn 0.1357 0.0227 -0.9905
vn 0.1379 0.1038 -0.9850
vn 0.1495 0.1036 -0.9833
vn 0.1652 0.2019 -0.9654
vn 0.1987 0.2273 -0.9533
vn 0.2038 0.3092 -0.9289
vn 0.4425 -0.6787 0.5862
vn 0.2655 -0.8863 0.3794
vn 0.3139 -0.9208 0.2314
vn 0.0750 -0.9971 0.0135
vn 0.1425 -0.9894 -0.0288
vn 0.3223 -0.8878 -0.3286
vn 0.3630 -0.8728 -0.3262
vn 0.4312 -0.8075 0.4025
vn 0.2227 -0.9687 0.1098
vn 0.2563 -0.9651 0.0535
vn 0.5562 -0.6499 0.5180
vn 0.4441 -0.6419 0.6251
vn 0.5369 -0.6039 0.5891
vn 0.5369 -0.6039 -0.5891
vn 0.5250 -0.6091 -0.5944
vn 0.4529 -0.7573 -0.4705
vn 0.3753 -0.8385 -0.3951
vn 0.4052 -0.8182 -0.4079
vn 0.4312 -0.8075 -0.4024
vn 0.2111 -0.9762 -0.0506
vn 0.3285 -0.8926 -0.3089
vn 0.3139 -0.9208 -0.2314
vn 0.3113 -0.9217 -0.2316
vn 0.2361 -0.9542 -0.1839
vn 0.2996 -0.9393 -0.1675
vn 0.2338 -0.9572 -0.1707
vn 0.2710 -0.9548 -0.1224
vn 0.2161 -0.9743 -0.0632
vn 0.2477 -0.9675 -0.0515
vn 0.0447 -0.9990 -0.0035
vn 0.0699 -0.9975 0.0063
vn 0.0733 -0.9973 0.0014
vn 0.0758 -0.9971 0.0002
vn 0.2477 -0.9673 0.0549
vn 0.1942 -0.9790 0.0616
vn 0.2314 -0.9727 0.0188
vn 0.4590 -0.7210 0.5191
vn 0.4351 -0.7500 0.4983
vn 0.4285 -0.7854 0.4467
vn 0.2861 -0.8031 0.5226
vn 0.3530 -0.8055 0.4760
vn 0.2776 -0.8271 0.4888
vn 0.1254 -0.9699 0.2087
vn 0.1778 -0.9620 0.2071
vn 0.1916 -0.9272 0.3218
vn 0.2571 -0.9130 0.3168
vn 0.2697 -0.8694 0.4141
vn 0.3438 -0.8478 0.4038
vn 0.3560 -0.7869 0.5040
vn 0.4336 -0.7588 0.4860
vn 0.4379 -0.7294 0.5255
vn 0.4881 -0.6579 0.5735
vn 0.1166 -0.9861 0.1184
vn 0.1166 -0.9861 0.1183
vn 0.1298 -0.9575 0.2577
vn 0.1839 -0.9492 0.2555
vn 0.1949 -0.9149 0.3535
vn 0.2738 -0.8493 0.4514
vn 0.3486 -0.8276 0.4399
vn 0.3598 -0.7575 0.5448
vn 0.4209 -0.7143 0.5591
vn 0.0855 -0.9704 0.2257
vn 0.1267 -0.9661 0.2247
vn 0.1354 -0.9354 0.3268
vn 0.1335 -0.9318 0.3374
vn 0.1968 -0.9074 0.3714
vn 0.2039 -0.8703 0.4484
vn 0.1166 -0.9861 -0.1183
vn 0.2592 -0.8733 0.4126
vn 0.2013 -0.8857 0.4184
vn 0.1899 -0.9328 0.3064
vn 0.1341 -0.9415 0.3093
vn 0.1234 -0.9745 0.1872
vn 0.0833 -0.9786 0.1880
vn 0.0786 -0.9904 0.1138
vn 0.0528 -0.9960 0.0722
vn 0.0517 -0.9979 0.0384
vn 0.0434 -0.9988 0.0243
vn 0.0434 -0.9983 -0.0384
vn 0.0512 -0.9984 -0.0243
vn 0.0541 -0.9920 -0.1140
vn 0.2652 -0.8874 -0.3771
vn 0.0836 -0.9775 -0.1936
vn 0.4310 -0.7661 -0.4768
vn 0.4287 -0.7853 -0.4467
vn 0.3488 -0.8269 -0.4412
vn 0.3437 -0.8478 -0.4038
vn 0.1845 -0.9477 -0.2604
vn 0.2481 -0.9341 -0.2567
vn 0.1916 -0.9272 -0.3218
vn 0.2571 -0.9130 -0.3168
vn 0.1949 -0.9149 -0.3535
vn 0.2655 -0.8863 -0.3794
vn 0.2697 -0.8694 -0.4141
vn 0.3486 -0.8276 -0.4399
vn 0.3515 -0.8137 -0.4629
vn 0.4336 -0.7588 -0.4860
vn 0.4350 -0.7503 -0.4978
vn 0.4763 -0.6979 -0.5349
vn 0.4425 -0.6787 -0.5862
vn 0.4015 -0.7435 -0.5347
vn 0.1354 -0.9354 -0.3268
vn 0.1335 -0.9318 -0.3374
vn 0.1968 -0.9074 -0.3714
vn 0.2013 -0.8857 -0.4184
vn 0.2665 -0.8568 -0.4414
vn 0.2781 -0.8269 -0.4887
vn 0.3566 -0.7831 -0.5095
vn 0.3620 -0.7340 -0.5746
vn 0.0748 -0.9955 -0.0576
vn 0.1101 -0.9923 -0.0574
vn 0.0789 -0.9898 -0.1188
vn 0.0724 -0.9971 -0.0235
vn 0.0634 -0.9978 -0.0200
vn 0.0698 -0.9975 -0.0076
vn 0.3323 -0.8835 -0.3303
vn 0.3266 -0.8969 -0.2982
vn 0.2554 -0.9175 -0.3050
vn 0.2388 -0.9503 -0.1996
vn 0.1699 -0.9743 -0.1476
vn 0.2199 -0.9708 -0.0956
vn 0.1626 -0.9819 -0.0967
vn 0.2108 -0.9763 -0.0490
vn 0.1836 -0.9818 -0.0493
vn 0.1921 -0.9803 -0.0450
vn 0.4999 -0.6260 -0.5985
vn 0.4419 -0.6880 -0.5757
vn 0.4420 -0.6880 -0.5756
vn 0.4379 -0.7299 -0.5249
vn 0.3560 -0.7869 -0.5040
vn 0.3530 -0.8055 -0.4760
vn 0.2738 -0.8493 -0.4514
vn 0.2694 -0.8707 -0.4114
vn 0.1982 -0.9011 -0.3857
vn 0.1899 -0.9328 -0.3064
vn 0.1298 -0.9575 -0.2577
vn 0.1839 -0.9492 -0.2555
vn 0.1254 -0.9699 -0.2088
vn 0.1717 -0.9719 -0.1612
vn 0.1210 -0.9793 -0.1625
vn 0.1598 -0.9841 -0.0778
vn 0.0503 -0.9956 -0.0787
vn 0.1532 -0.9876 -0.0348
vn 0.0973 -0.9946 -0.0350
vn 0.1680 -0.9858 -0.0049
vn 0.0434 -0.9991 -0.0008
vn 0.0434 -0.9990 0.0119
vn 0.0432 -0.9990 0.0123
vn 0.0732 -0.9967 0.0351
vn 0.0748 -0.9955 0.0576
vn 0.2851 -0.9430 0.1715
vn 0.2199 -0.9708 0.0956
vn 0.2200 -0.9708 0.0956
vn 0.1555 -0.9866 0.0496
vn 0.1458 -0.9881 0.0496
vn 0.4054 -0.8181 0.4079
vn 0.3402 -0.8601 0.3802
vn 0.3266 -0.8969 0.2982
vn 0.2554 -0.9175 0.3050
vn 0.2388 -0.9503 0.1996
vn 0.1772 -0.9632 0.2023
vn 0.1598 -0.9841 0.0778
vn 0.3885 -0.8631 0.3225
vn 0.3631 -0.8728 0.3262
vn 0.3287 -0.8923 0.3096
vn 0.3226 -0.8876 0.3287
vn 0.3114 -0.9216 0.2316
vn 0.2362 -0.9540 0.1845
vn 0.2294 -0.9624 0.1458
vn 0.1699 -0.9743 0.1476
vn 0.1009 -0.9943 0.0350
vn 0.1495 -0.9881 0.0348
vn 0.0943 -0.9952 0.0241
vn 0.0625 -0.9915 -0.1140
vn 0.0548 -0.9885 -0.1408
vn 0.0516 -0.9979 -0.0384
vn 0.0434 -0.9976 -0.0542
vn 0.0434 -0.9983 0.0384
vn 0.0521 -0.9972 0.0542
vn 0.0540 -0.9920 0.1140
vn 0.0696 -0.9876 0.1407
vn 0.0836 -0.9775 0.1936
vn 0.0877 -0.9601 0.2655
vn 0.1302 -0.9556 -0.2642
vn 0.0855 -0.9704 -0.2257
vn 0.1269 -0.9661 -0.2247
vn 0.0832 -0.9786 -0.1880
vn 0.0833 -0.9786 -0.1880
vn 0.0758 -0.9945 -0.0721
vn 0.0151 -0.9973 -0.0723
vn 0.0434 -0.9988 -0.0243
vn 0.0512 -0.9984 0.0243
vn 0.0516 -0.9981 0.0351
vn 0.0758 -0.9945 0.0721
vn 0.1210 -0.9793 0.1625
vn 0.1717 -0.9719 0.1612
vn 0.1845 -0.9477 0.2604
vn 0.2481 -0.9341 0.2567
vn 0.2652 -0.8874 0.3771
vn 0.3384 -0.8660 0.3680
vn 0.3488 -0.8269 0.4412
vn 0.4287 -0.7853 0.4467
vn 0.4310 -0.7661 0.4768
vn 0.4531 -0.7572 0.4705
vn 0.0092 -0.5446 0.8386
vn -0.0065 -0.5807 0.8141
vn 0.0041 -0.6157 0.7880
vn -0.0000 -0.6297 0.7768
vn -0.0000 -0.6639 0.7478
vn 0.0006 -0.6628 0.7488
vn -0.0009 -0.7156 0.6985
vn 0.0087 -0.7265 0.6871
vn -0.0000 -0.7568 0.6537
vn -0.0000 -0.7683 0.6400
vn -0.0014 -0.7875 0.6164
vn 0.0133 -0.8089 0.5877
vn -0.0091 -0.8381 0.5454
vn -0.0000 -0.8554 0.5180
vn 0.0092 -0.9685 0.2487
vn -0.0013 -0.9810 0.1942
vn -0.0000 -0.9836 0.1805
vn -0.0000 -0.8862 0.4633
vn -0.0034 -0.8889 0.4580
vn 0.0032 -0.9232 0.3843
vn -0.0000 -0.9255 0.3788
vn -0.0000 -0.9455 0.3256
vn 0.0011 -0.9441 0.3298
vn -0.0029 -0.9638 0.2665
vn -0.0000 -0.9930 0.1184
vn 0.0172 -0.9899 0.1410
vn -0.0167 -0.9994 0.0314
vn -0.0000 -0.9985 0.0542
vn -0.0000 -0.9995 -0.0314
vn -0.0097 -0.9985 -0.0542
vn 0.0102 -0.9929 -0.1184
vn -0.0000 -0.9900 -0.1411
vn -0.0000 -0.9836 -0.1805
vn -0.0013 -0.9810 -0.1942
vn 0.0092 -0.9685 -0.2487
vn -0.0029 -0.9638 -0.2665
vn 0.0008 -0.9455 -0.3256
vn -0.0000 -0.9441 -0.3298
vn -0.0000 -0.9232 -0.3843
vn 0.0036 -0.9255 -0.3788
vn -0.0038 -0.8862 -0.4633
vn -0.0000 -0.8889 -0.4580
vn -0.0000 -0.8554 -0.5180
vn -0.0091 -0.8381 -0.5454
vn 0.0133 -0.8089 -0.5877
vn -0.0014 -0.7875 -0.6164
vn -0.0000 -0.7683 -0.6400
vn -0.0000 -0.7568 -0.6537
vn 0.0087 -0.7265 -0.6871
vn -0.0009 -0.7156 -0.6985
vn 0.0006 -0.6639 -0.7478
vn -0.0000 -0.6628 -0.7488
vn -0.0000 -0.6157 -0.7880
vn 0.0084 -0.6297 -0.7768
vn -0.0065 -0.5807 -0.8141
vn 0.0092 -0.5446 -0.8386
vn -0.0000 -0.5220 -0.8529
vn -0.0000 -0.4909 -0.8712
vn -0.0014 -0.4823 -0.8760
vn 0.0070 -0.4258 -0.9048
vn 0.0044 -0.4224 -0.9064
vn -0.0017 -0.3551 -0.9348
vn -0.0000 -0.3608 -0.9326
vn -0.0000 -0.2957 -0.9553
vn 0.0139 -0.3158 -0.9487
vn -0.0169 -0.2113 -0.9773
vn -0.0000 -0.2319 -0.9727
vn -0.0000 -0.1495 -0.9888
vn -0.0045 -0.1361 -0.9907
vn 0.0090 -0.0628 -0.9980
vn -0.0000 -0.0492 -0.9988
vn -0.0000 0.0628 -0.9980
vn 0.0115 0.0492 -0.9987
vn -0.0070 0.1495 -0.9887
vn -0.0000 0.1361 -0.9907
vn -0.0000 0.2113 -0.9774
vn -0.0109 0.2319 -0.9727
vn 0.0079 0.2957 -0.9552
vn -0.0000 0.3158 -0.9488
vn -0.0000 0.3551 -0.9348
vn -0.0011 0.3608 -0.9326
vn 0.0047 0.4258 -0.9048
vn 0.0075 0.4224 -0.9064
vn -0.0027 0.4909 -0.8712
vn -0.0000 0.4824 -0.8760
vn -0.0000 0.5220 -0.8529
vn 0.0092 0.5446 -0.8386
vn -0.0065 0.5807 -0.8141
vn 0.0041 0.6157 -0.7880
vn -0.0000 0.6297 -0.7768
vn -0.0000 0.6639 -0.7478
vn 0.0006 0.6628 -0.7488
vn -0.0009 0.7156 -0.6985
vn 0.0087 0.7266 -0.6871
vn -0.0000 0.7568 -0.6536
vn -0.0000 0.7683 -0.6401
vn -0.0014 0.7875 -0.6164
vn 0.0133 0.8089 -0.5877
vn -0.0091 0.8381 -0.5454
vn -0.0000 0.8554 -0.5180
vn 0.0092 0.9685 -0.2487
vn -0.0013 0.9810 -0.1942
vn -0.0000 0.9836 -0.1805
vn -0.0000 0.8862 -0.4633
vn -0.0034 0.8889 -0.4580
vn 0.0032 0.9232 -0.3843
vn -0.0000 0.9255 -0.3788
vn -0.0000 0.9455 -0.3256
vn 0.0010 0.9441 -0.3298
vn -0.0029 0.9638 -0.2665
vn -0.0000 0.9930 -0.1184
vn 0.0172 0.9899 -0.1410
vn -0.0168 0.9994 -0.0314
vn -0.0000 0.9985 -0.0542
vn -0.0000 0.9995 0.0314
vn -0.0097 0.9985 0.0542
vn 0.0102 0.9929 0.1184
vn -0.0000 0.9900 0.1411
vn -0.0000 0.9836 0.1805
vn -0.0013 0.9810 0.1942
vn 0.0092 0.9685 0.2487
vn -0.0029 0.9638 0.2665
vn 0.0008 0.9455 0.3256
vn -0.0000 0.9441 0.3298
vn -0.0000 0.9232 0.3843
vn 0.0037 0.9255 0.3788
vn -0.0038 0.8862 0.4633
vn -0.0000 0.8889 0.4580
vn -0.0000 0.8554 0.5180
vn -0.0091 0.8381 0.5454
vn 0.0133 0.8089 0.5877
vn -0.0014 0.7875 0.6164
vn -0.0000 0.7683 0.6401
vn -0.0000 0.7568 0.6536
vn 0.0087 0.7266 0.6871
vn -0.0009 0.7156 0.6985
vn 0.0005 0.6639 0.7478
vn -0.0000 0.6628 0.7488
vn -0.0000 0.6157 0.7880
vn 0.0085 0.6297 0.7768
vn -0.0065 0.5807 0.8141
vn 0.0092 0.5446 0.8386
vn -0.0000 0.5220 0.8529
vn -0.0000 0.4909 0.8712
vn -0.0014 0.4824 0.8760
vn 0.0070 0.4258 0.9048
vn 0.0044 0.4224 0.9064
vn -0.0016 0.3551 0.9348
vn -0.0000 0.3608 0.9326
vn -0.0000 0.2957 0.9553
vn 0.0139 0.3158 0.9487
vn -0.0169 0.2113 0.9773
vn -0.0000 0.2319 0.9727
vn -0.0000 0.1495 0.9888
vn -0.0045 0.1361 0.9907
vn 0.0090 0.0628 0.9980
vn -0.0000 0.0492 0.9988
vn -0.0000 -0.0628 0.9980
vn 0.0115 -0.0492 0.9987
vn -0.0070 -0.1495 0.9887
vn -0.0000 -0.1361 0.9907
vn -0.0000 -0.2113 0.9774
vn -0.0109 -0.2319 0.9727
vn 0.0079 -0.2957 0.9552
vn -0.0000 -0.3158 0.9488
vn -0.0000 -0.3551 0.9348
vn -0.0012 -0.3608 0.9326
vn 0.0047 -0.4258 0.9048
vn 0.0075 -0.4224 0.9064
vn -0.0027 -0.4909 0.8712
vn -0.0000 -0.4823 0.8760
vn -0.0000 -0.5220 0.8529
vn 1.0000 -0.0000 -0.0000
vn 0.0082 0.0019 1.0000
vn 0.2883 -0.0513 0.9562
vn 0.2890 0.0588 0.9555
vn 0.1553 -0.0289 0.9874
vn 0.1888 -0.0267 0.9817
vn 0.0082 -0.0017 1.0000
vn 0.0249 -0.0028 0.9997
vn 0.0612 -0.0001 0.9981
vn 0.0262 -0.0118 0.9996
vn 0.2028 0.0173 0.9791
vn 0.1625 0.0310 0.9862
vn 0.1284 0.0335 0.9912
vn 0.0736 -0.0876 0.9934
vn 0.0507 0.0110 0.9987
vn 0.0782 -0.0193 0.9967
vn 0.0716 0.0132 0.9973
vn 0.0534 0.0271 0.9982
vn 0.0566 0.0081 0.9984
vn 0.0443 0.0160 0.9989
vn 0.0457 0.0046 0.9989
vn 0.0377 0.0091 0.9992
vn 0.0383 0.0023 0.9993
vn 0.0337 0.0046 0.9994
vn 0.0339 0.0007 0.9994
vn 0.0324 0.0014 0.9995
vn 0.0324 -0.0004 0.9995
vn 0.0331 -0.0009 0.9995
vn 0.0331 -0.0016 0.9995
vn 0.0364 -0.0035 0.9993
vn 0.0990 -0.0032 0.9951
vn 0.0991 -0.0023 0.9951
vn 0.0971 -0.0009 0.9953
vn 0.0971 0.0035 0.9953
vn 0.1015 0.0013 0.9948
vn 0.1011 0.0117 0.9948
vn 0.1148 0.0041 0.9934
vn 0.1132 0.0234 0.9933
vn 0.1374 0.0078 0.9905
vn 0.1333 0.0413 0.9902
vn 0.1708 0.0128 0.9852
vn 0.1613 0.0698 0.9844
vn 0.2173 0.0191 0.9759
vn 0.2058 0.0749 0.9757
vn 0.2547 -0.0777 0.9639
vn 0.1042 -0.0219 0.9943
vn 0.1088 -0.0145 0.9940
vn 0.1092 -0.0082 0.9940
vn 0.0429 -0.0055 0.9991
vn 0.0513 -0.0131 0.9986
vn 0.0520 -0.0088 0.9986
vn 0.0637 -0.0220 0.9977
vn 0.0687 0.0039 0.9976
vn 0.1211 -0.0307 0.9922
vn 0.0364 -0.0032 0.9993
vn 0.0427 -0.0074 0.9991
vn 0.1295 -0.0066 0.9916
vn 0.1290 -0.0116 0.9916
vn 0.1548 -0.0299 0.9875
vn 0.1565 -0.0185 0.9875
vn 0.1932 -0.0487 0.9799
vn 0.1989 -0.0188 0.9798
vn 0.2551 -0.0601 0.9650
vn 0.0267 -0.9996 0.0071
vn 0.1592 -0.9869 0.0249
vn 0.1272 -0.9915 0.0276
vn 0.2152 -0.9750 0.0547
vn 0.1272 -0.9914 -0.0301
vn 0.1594 -0.9868 -0.0272
vn 0.0266 -0.9996 -0.0067
vn 0.0879 -0.9913 -0.0983
vn 0.0595 -0.9981 0.0142
vn 0.0481 -0.9986 0.0214
vn 0.0506 -0.9987 0.0099
vn 0.0340 -0.9992 0.0191
vn 0.0363 -0.9993 0.0056
vn 0.0246 -0.9996 0.0102
vn 0.0255 -0.9997 0.0031
vn 0.0203 -0.9998 0.0059
vn 0.0207 -0.9998 0.0018
vn 0.0144 -0.9999 0.0032
vn 0.0146 -0.9999 0.0007
vn 0.0114 -0.9999 0.0012
vn 0.0115 -0.9999 0.0002
vn 0.0108 -0.9999 0.0003
vn 0.0110 -0.9999 -0.0002
vn 0.0117 -0.9999 -0.0004
vn 0.0117 -0.9999 -0.0006
vn 0.0154 -0.9999 -0.0015
vn 0.0153 -0.9999 -0.0015
vn 0.0218 -0.9998 -0.0036
vn 0.0219 -0.9998 -0.0030
vn 0.0309 -0.9995 -0.0076
vn 0.0312 -0.9995 -0.0056
vn 0.0433 -0.9990 -0.0145
vn 0.0443 -0.9990 -0.0095
vn 0.0532 -0.9983 -0.0242
vn 0.0593 -0.9982 0.0025
vn 0.0857 -0.9960 -0.0240
vn 0.1515 -0.9880 0.0288
vn 0.1546 -0.9879 0.0141
vn 0.1027 -0.9934 0.0510
vn 0.1102 -0.9939 0.0085
vn 0.0741 -0.9969 0.0277
vn 0.0771 -0.9970 0.0053
vn 0.0609 -0.9980 0.0154
vn 0.0624 -0.9980 0.0030
vn 0.0433 -0.9990 0.0088
vn 0.0438 -0.9990 0.0012
vn 0.0343 -0.9994 0.0033
vn 0.0343 -0.9994 0.0003
vn 0.0326 -0.9995 0.0007
vn 0.0325 -0.9995 -0.0004
vn 0.0353 -0.9994 -0.0009
vn 0.0352 -0.9994 -0.0014
vn 0.0461 -0.9989 -0.0034
vn 0.0461 -0.9989 -0.0035
vn 0.0658 -0.9978 -0.0080
vn 0.0659 -0.9978 -0.0071
vn 0.0934 -0.9955 -0.0165
vn 0.0940 -0.9955 -0.0130
vn 0.1319 -0.9908 -0.0311
vn 0.1343 -0.9908 -0.0196
vn 0.1632 -0.9852 -0.0534
vn 0.1712 -0.9851 -0.0186
vn 0.2156 -0.9745 -0.0624
vn 0.2228 0.9730 0.0599
vn 0.0331 0.9994 -0.0089
vn 0.1666 0.9857 -0.0243
vn 0.1336 0.9907 -0.0270
vn 0.2223 0.9736 -0.0524
vn 0.0331 0.9994 0.0083
vn 0.1002 0.9856 0.1363
vn 0.0664 0.9977 -0.0159
vn 0.0461 0.9985 -0.0307
vn 0.0506 0.9987 -0.0099
vn 0.0339 0.9992 -0.0191
vn 0.0363 0.9993 -0.0056
vn 0.0246 0.9996 -0.0102
vn 0.0255 0.9997 -0.0031
vn 0.0202 0.9998 -0.0059
vn 0.0206 0.9998 -0.0018
vn 0.0144 0.9999 -0.0032
vn 0.0146 0.9999 -0.0007
vn 0.0113 0.9999 -0.0012
vn 0.0114 0.9999 -0.0002
vn 0.0110 0.9999 -0.0003
vn 0.0108 0.9999 0.0002
vn 0.0118 0.9999 0.0004
vn 0.0117 0.9999 0.0006
vn 0.0154 0.9999 0.0015
vn 0.0218 0.9998 0.0037
vn 0.0219 0.9998 0.0030
vn 0.0309 0.9995 0.0076
vn 0.0312 0.9995 0.0056
vn 0.0433 0.9990 0.0145
vn 0.0443 0.9990 0.0095
vn 0.0532 0.9983 0.0242
vn 0.0593 0.9982 -0.0023
vn 0.0991 0.9946 0.0306
vn 0.1502 0.9880 -0.0349
vn 0.1546 0.9879 -0.0141
vn 0.1027 0.9934 -0.0510
vn 0.1102 0.9939 -0.0085
vn 0.0741 0.9969 -0.0277
vn 0.0771 0.9970 -0.0053
vn 0.0610 0.9980 -0.0154
vn 0.0624 0.9980 -0.0030
vn 0.0434 0.9990 -0.0088
vn 0.0440 0.9990 -0.0012
vn 0.0340 0.9994 -0.0033
vn 0.0341 0.9994 -0.0003
vn 0.0325 0.9995 -0.0007
vn 0.0327 0.9995 0.0004
vn 0.0352 0.9994 0.0009
vn 0.0353 0.9994 0.0014
vn 0.0461 0.9989 0.0034
vn 0.0461 0.9989 0.0035
vn 0.0658 0.9978 0.0080
vn 0.0659 0.9978 0.0071
vn 0.0934 0.9955 0.0165
vn 0.0940 0.9955 0.0129
vn 0.1319 0.9908 0.0311
vn 0.1343 0.9908 0.0197
vn 0.1632 0.9851 0.0533
vn 0.1690 0.9852 0.0283
vn 0.1643 0.9862 0.0192
vn 0.2884 0.0513 -0.9561
vn 0.0082 -0.0019 -1.0000
vn 0.0262 0.0118 -0.9996
vn 0.1888 -0.0290 -0.9816
vn 0.1552 -0.0315 -0.9874
vn 0.1210 -0.0332 -0.9921
vn 0.2889 -0.0588 -0.9555
vn 0.1625 0.0284 -0.9863
vn 0.2028 0.0201 -0.9790
vn 0.0082 0.0017 -1.0000
vn 0.0249 0.0028 -0.9997
vn 0.0680 -0.0004 -0.9977
vn 0.0664 0.0762 -0.9949
vn 0.0440 -0.0095 -0.9990
vn 0.0790 0.0233 -0.9966
vn 0.0716 -0.0132 -0.9973
vn 0.0534 -0.0271 -0.9982
vn 0.0566 -0.0081 -0.9984
vn 0.0443 -0.0160 -0.9989
vn 0.0457 -0.0046 -0.9989
vn 0.0377 -0.0091 -0.9992
vn 0.0383 -0.0023 -0.9993
vn 0.0337 -0.0046 -0.9994
vn 0.0339 -0.0007 -0.9994
vn 0.0324 -0.0014 -0.9995
vn 0.0324 0.0004 -0.9995
vn 0.0331 0.0009 -0.9995
vn 0.0331 0.0016 -0.9995
vn 0.0364 0.0035 -0.9993
vn 0.0990 0.0032 -0.9951
vn 0.0991 0.0023 -0.9951
vn 0.0971 0.0009 -0.9953
vn 0.0971 -0.0035 -0.9953
vn 0.1015 -0.0013 -0.9948
vn 0.1011 -0.0117 -0.9948
vn 0.1148 -0.0041 -0.9934
vn 0.1132 -0.0234 -0.9933
vn 0.1374 -0.0078 -0.9905
vn 0.1333 -0.0413 -0.9902
vn 0.1708 -0.0128 -0.9852
vn 0.1613 -0.0698 -0.9844
vn 0.2173 -0.0191 -0.9759
vn 0.2057 -0.0749 -0.9757
vn 0.2490 0.0590 -0.9667
vn 0.1042 0.0219 -0.9943
vn 0.1088 0.0145 -0.9940
vn 0.1092 0.0082 -0.9940
vn 0.0429 0.0055 -0.9991
vn 0.0513 0.0131 -0.9986
vn 0.0520 0.0088 -0.9986
vn 0.0637 0.0220 -0.9977
vn 0.1285 0.0307 -0.9912
vn 0.0364 0.0032 -0.9993
vn 0.0427 0.0074 -0.9991
vn 0.1295 0.0066 -0.9916
vn 0.1290 0.0116 -0.9916
vn 0.1548 0.0299 -0.9875
vn 0.1565 0.0185 -0.9875
vn 0.1932 0.0487 -0.9799
vn 0.1978 0.0249 -0.9799
vn 0.2627 0.0581 -0.9631
vn 0.2714 0.9518 0.1431
vn 0.3572 0.8605 0.3632
vn 0.4371 0.4869 0.7562
vn 0.4707 0.5813 0.6637
vn 0.4871 0.7127 0.5048
vn 0.5318 0.5793 0.6178
vn 0.5178 0.5807 0.6282
vn 0.5215 0.5829 0.6231
vn 0.5212 0.5835 0.6228
vn 0.5209 0.5841 0.6224
vn 0.5246 0.5797 0.6235
vn 0.5206 0.5828 0.6240
vn 0.5213 0.5855 0.6209
vn 0.5205 0.5625 0.6423
vn 0.5171 0.5856 0.6242
vn 0.5186 0.5694 0.6379
vn 0.5141 0.5818 0.6303
vn 0.5164 0.5763 0.6334
vn 0.5247 0.5814 0.6219
vn 0.5160 0.5824 0.6281
vn 0.5138 0.5861 0.6266
vn 0.5159 0.5882 0.6227
vn 0.5140 0.5849 0.6275
vn 0.5171 0.5936 0.6167
vn 0.5136 0.5846 0.6281
vn 0.5185 0.5988 0.6104
vn 0.5122 0.5864 0.6275
vn 0.5211 0.6038 0.6032
vn 0.5076 0.5868 0.6309
vn 0.4675 0.4768 0.7444
vn 0.4790 0.5639 0.6727
vn 0.4964 0.5063 0.7052
vn 0.4829 0.5830 0.6534
vn 0.4907 0.5467 0.6784
vn 0.4876 0.5874 0.6459
vn 0.4880 0.5843 0.6484
vn 0.4885 0.5929 0.6402
vn 0.4883 0.6191 0.6150
vn 0.4848 0.6000 0.6363
vn 0.4916 0.6509 0.5785
vn 0.4771 0.6088 0.6339
vn 0.4980 0.6795 0.5388
vn 0.4651 0.6188 0.6331
vn 0.4252 0.5432 0.7240
vn 0.4917 0.6152 0.6163
vn 0.4239 0.7552 0.5000
vn 0.4176 0.7860 0.4559
vn 0.4017 0.8123 0.4228
vn 0.4186 0.3909 0.8198
vn 0.4322 0.4278 0.7939
vn 0.4372 0.4869 0.7562
vn 0.4436 0.4574 0.7707
vn 0.4445 0.5243 0.7263
vn 0.4440 0.5274 0.7244
vn 0.4474 0.5617 0.6959
vn 0.4447 0.5926 0.6716
vn 0.4459 0.5988 0.6653
vn 0.4456 0.6526 0.6128
vn 0.4401 0.6356 0.6343
vn 0.4467 0.7069 0.5485
vn 0.4297 0.6719 0.6032
vn 0.4480 0.7550 0.4789
vn 0.4148 0.7077 0.5719
vn 0.4230 0.7275 0.5402
vn 0.4349 0.7309 0.5260
vn 0.3950 0.3330 0.8562
vn 0.4091 0.3937 0.8232
vn 0.4042 0.4269 0.8089
vn 0.4162 0.4659 0.7809
vn 0.4108 0.5156 0.7519
vn 0.4185 0.5353 0.7337
vn 0.4144 0.5981 0.6860
vn 0.4161 0.6014 0.6820
vn 0.4152 0.6733 0.6118
vn 0.4090 0.6638 0.6261
vn 0.4131 0.7405 0.5301
vn 0.3972 0.7220 0.5665
vn 0.4083 0.7988 0.4419
vn 0.3806 0.7757 0.5035
vn 0.3974 0.8341 0.3825
vn 0.3669 0.8223 0.4350
vn 0.3165 0.8707 0.3764
vn 0.3565 0.9018 0.2444
vn 0.3446 0.8164 0.4633
vn 0.3715 0.8505 0.3725
vn 0.3662 0.7536 0.5460
vn 0.3819 0.7820 0.4926
vn 0.3812 0.6828 0.6232
vn 0.3874 0.6978 0.6025
vn 0.3896 0.6050 0.6944
vn 0.3878 0.5996 0.7001
vn 0.3914 0.5211 0.7585
vn 0.3829 0.4893 0.7836
vn 0.3866 0.4319 0.8148
vn 0.3727 0.3690 0.8514
vn 0.3753 0.3386 0.8629
vn 0.2920 0.1483 0.9449
vn 0.3168 0.2540 0.9139
vn 0.3299 0.2483 0.9108
vn 0.3577 0.2411 0.9022
vn 0.3011 0.1477 0.9421
vn 0.3368 0.2088 0.9181
vn 0.3362 0.3069 0.8904
vn 0.3535 0.3740 0.8574
vn 0.3521 0.4608 0.8147
vn 0.3616 0.4948 0.7902
vn 0.3592 0.6006 0.7143
vn 0.3611 0.6065 0.7084
vn 0.3574 0.7222 0.5922
vn 0.3518 0.7069 0.6136
vn 0.3466 0.8219 0.4521
vn 0.3340 0.7943 0.5075
vn 0.3276 0.8966 0.2980
vn 0.3076 0.8668 0.3924
vn 0.3069 0.9168 0.2555
vn 0.2960 0.9181 0.2636
vn 0.2920 0.1378 0.9464
vn 0.5593 0.0759 0.8255
vn 0.3178 0.2178 0.9228
vn 0.3198 0.2920 0.9014
vn 0.7253 0.1709 0.6669
vn 0.3389 0.3690 0.8654
vn 0.3387 0.4383 0.8326
vn 0.8142 0.2559 0.5211
vn 0.3484 0.5108 0.7860
vn 0.3468 0.5737 0.7420
vn 0.8549 0.3355 0.3956
vn 0.3484 0.6390 0.6858
vn 0.3464 0.6935 0.6318
vn 0.8619 0.4176 0.2877
vn 0.3398 0.7502 0.5672
vn 0.3360 0.7950 0.5051
vn 0.8371 0.5120 0.1925
vn 0.3204 0.8421 0.4339
vn 0.3155 0.8758 0.3653
vn 0.7662 0.6336 0.1072
vn 0.2908 0.9118 0.2898
vn 0.2858 0.9337 0.2158
vn 0.6018 0.7981 0.0311
vn 0.2520 0.9577 0.1386
vn -0.0000 0.9962 0.0872
vn -0.0000 0.9659 0.2588
vn -0.0000 0.9063 0.4226
vn -0.0000 0.8191 0.5736
vn -0.0000 0.7071 0.7071
vn -0.0000 0.5736 0.8192
vn -0.0000 0.4226 0.9063
vn -0.0000 0.2588 0.9659
vn -0.0000 0.0872 0.9962
vn 0.2649 0.1259 0.9560
vn 0.2274 0.9629 0.1451
vn 0.2484 0.9614 0.1187
vn 0.2566 0.9402 0.2239
vn 0.2528 0.9276 0.2750
vn 0.2741 0.8657 0.4189
vn 0.2834 0.8831 0.3740
vn 0.2777 0.9148 0.2934
vn 0.2892 0.7820 0.5522
vn 0.3031 0.8024 0.5140
vn 0.2986 0.8469 0.4400
vn 0.2977 0.6786 0.6715
vn 0.3151 0.7005 0.6403
vn 0.3124 0.7564 0.5747
vn 0.2994 0.5581 0.7738
vn 0.3192 0.5799 0.7496
vn 0.3183 0.6458 0.6940
vn 0.2942 0.4236 0.8567
vn 0.3152 0.4438 0.8389
vn 0.3161 0.5180 0.7948
vn 0.2844 0.1397 0.9485
vn 0.2882 0.2247 0.9308
vn 0.2825 0.2783 0.9180
vn 0.3035 0.2958 0.9058
vn 0.3060 0.3764 0.8745
vn 0.1670 0.9763 0.1376
vn 0.1881 0.9762 0.1077
vn 0.1952 0.9375 0.2881
vn 0.2106 0.9407 0.2660
vn 0.2176 0.8754 0.4316
vn 0.2281 0.8798 0.4171
vn 0.2339 0.7916 0.5645
vn 0.2399 0.7952 0.5568
vn 0.2440 0.6881 0.6834
vn 0.2455 0.6893 0.6816
vn 0.2477 0.5675 0.7853
vn 0.2447 0.5648 0.7881
vn 0.2451 0.4326 0.8676
vn 0.2374 0.4251 0.8735
vn 0.2364 0.2869 0.9283
vn 0.2235 0.2739 0.9354
vn 0.2218 0.1340 0.9658
vn 0.1246 0.1330 0.9833
vn 0.1609 0.1209 0.9795
vn 0.2034 0.1154 0.9723
vn 0.0669 0.2647 0.9620
vn 0.0763 0.2750 0.9584
vn 0.0701 0.4272 0.9014
vn 0.0755 0.4330 0.8982
vn 0.0709 0.5768 0.8138
vn 0.0727 0.5785 0.8124
vn 0.0696 0.7090 0.7018
vn 0.0677 0.7075 0.7035
vn 0.0664 0.8199 0.5686
vn 0.0606 0.8163 0.5745
vn 0.0612 0.9062 0.4185
vn 0.0515 0.9018 0.4291
vn 0.0547 0.9652 0.2557
vn 0.0402 0.9616 0.2716
vn 0.0471 0.9953 0.0851
vn 0.0270 0.9940 0.1064
vn 0.0972 0.9876 0.1228
vn 0.1183 0.9882 0.0972
vn 0.1187 0.9522 0.2813
vn 0.1340 0.9556 0.2622
vn 0.1361 0.8914 0.4323
vn 0.1464 0.8958 0.4197
vn 0.1493 0.8067 0.5718
vn 0.1552 0.8103 0.5651
vn 0.1580 0.7003 0.6961
vn 0.1598 0.7016 0.6944
vn 0.1623 0.5752 0.8017
vn 0.1598 0.5730 0.8039
vn 0.1621 0.4346 0.8859
vn 0.1554 0.4279 0.8904
vn 0.1576 0.2823 0.9463
vn 0.1463 0.2705 0.9515
vn 0.1491 0.1043 0.9833
vn 0.0750 0.1091 0.9912
vn 0.0614 0.0942 0.9937
vn 0.0005 0.9962 0.0869
vn -0.0005 0.9962 0.0872
vn 0.0032 0.9661 0.2582
vn -0.0002 0.9659 0.2588
vn 0.0058 0.9068 0.4216
vn 0.0004 0.9063 0.4226
vn 0.0080 0.8200 0.5723
vn 0.0008 0.8192 0.5736
vn 0.0096 0.7085 0.7057
vn 0.0011 0.7071 0.7071
vn 0.0115 0.5755 0.8177
vn 0.0012 0.5736 0.8192
vn 0.0128 0.4251 0.9051
vn 0.0013 0.4226 0.9063
vn 0.0140 0.2619 0.9650
vn 0.0011 0.2588 0.9659
vn 0.0150 0.0907 0.9958
vn 0.0005 0.0872 0.9962
vn 0.0022 0.9962 0.0867
vn 0.0007 0.9962 0.0869
vn 0.0078 0.9663 0.2575
vn 0.0042 0.9661 0.2582
vn 0.0123 0.9072 0.4205
vn 0.0072 0.9068 0.4216
vn 0.0173 0.8208 0.5709
vn 0.0100 0.8200 0.5723
vn 0.0214 0.7098 0.7041
vn 0.0128 0.7084 0.7057
vn 0.0248 0.5773 0.8161
vn 0.0147 0.5755 0.8177
vn 0.0275 0.4276 0.9036
vn 0.0162 0.4251 0.9050
vn 0.0298 0.2649 0.9638
vn 0.0170 0.2619 0.9650
vn 0.0313 0.0943 0.9951
vn 0.0169 0.0907 0.9957
vn 0.2827 0.9209 -0.2683
vn 0.3003 0.1463 -0.9426
vn 0.4635 0.6247 -0.6284
vn 0.5214 0.5835 -0.6226
vn 0.5206 0.5828 -0.6240
vn 0.5246 0.5797 -0.6235
vn 0.5153 0.5865 -0.6249
vn 0.5212 0.5835 -0.6228
vn 0.5215 0.5829 -0.6231
vn 0.5178 0.5807 -0.6282
vn 0.5318 0.5793 -0.6177
vn 0.5209 0.6032 -0.6040
vn 0.5119 0.5878 -0.6264
vn 0.5184 0.5985 -0.6108
vn 0.5160 0.5854 -0.6253
vn 0.5169 0.5937 -0.6167
vn 0.5196 0.5798 -0.6276
vn 0.5161 0.5880 -0.6228
vn 0.5161 0.5852 -0.6254
vn 0.5162 0.5824 -0.6279
vn 0.5170 0.5865 -0.6235
vn 0.5175 0.5759 -0.6329
vn 0.5070 0.5882 -0.6301
vn 0.5189 0.5696 -0.6374
vn 0.5096 0.5836 -0.6322
vn 0.5209 0.5628 -0.6418
vn 0.5120 0.5877 -0.6265
vn 0.4953 0.5728 -0.6531
vn 0.4375 0.6713 -0.5982
vn 0.4718 0.5873 -0.6576
vn 0.4986 0.5058 -0.7040
vn 0.4811 0.5897 -0.6486
vn 0.4920 0.5464 -0.6778
vn 0.4869 0.5937 -0.6407
vn 0.4884 0.5842 -0.6482
vn 0.4886 0.5986 -0.6349
vn 0.4879 0.6191 -0.6153
vn 0.4858 0.6056 -0.6303
vn 0.4905 0.6511 -0.5792
vn 0.4788 0.6136 -0.6279
vn 0.4960 0.6800 -0.5400
vn 0.4771 0.6416 -0.6007
vn 0.4374 0.4867 -0.7561
vn 0.4322 0.4275 -0.7940
vn 0.4012 0.7199 -0.5664
vn 0.4349 0.7305 -0.5265
vn 0.4598 0.7222 -0.5167
vn 0.3670 0.8220 -0.4355
vn 0.4017 0.8120 -0.4233
vn 0.4175 0.7861 -0.4557
vn 0.4272 0.7370 -0.5237
vn 0.4358 0.7588 -0.4839
vn 0.4370 0.7006 -0.5640
vn 0.4390 0.7093 -0.5516
vn 0.4438 0.6674 -0.5981
vn 0.4423 0.6536 -0.6141
vn 0.4461 0.6336 -0.6321
vn 0.4460 0.5923 -0.6711
vn 0.4442 0.5994 -0.6659
vn 0.4498 0.5257 -0.7220
vn 0.4377 0.5650 -0.6994
vn 0.4539 0.4543 -0.7665
vn 0.4268 0.5303 -0.7326
vn 0.4373 0.4873 -0.7559
vn 0.4909 0.4689 -0.7343
vn 0.3573 0.8602 -0.3639
vn 0.3978 0.8341 -0.3822
vn 0.3896 0.8042 -0.4490
vn 0.4049 0.7686 -0.4954
vn 0.4012 0.7438 -0.5346
vn 0.4127 0.7174 -0.5613
vn 0.4101 0.6747 -0.6137
vn 0.4158 0.6618 -0.6238
vn 0.4162 0.5976 -0.6853
vn 0.4142 0.6020 -0.6827
vn 0.4195 0.5133 -0.7487
vn 0.4080 0.5385 -0.7373
vn 0.4198 0.4228 -0.8031
vn 0.3969 0.4718 -0.7873
vn 0.3298 0.9093 -0.2537
vn 0.3528 0.8614 -0.3655
vn 0.3519 0.8557 -0.3793
vn 0.3711 0.8094 -0.4552
vn 0.3695 0.7852 -0.4969
vn 0.3830 0.7489 -0.5407
vn 0.3821 0.6991 -0.6043
vn 0.3886 0.6808 -0.6210
vn 0.3897 0.5991 -0.6995
vn 0.3875 0.6056 -0.6950
vn 0.3920 0.4870 -0.7805
vn 0.3798 0.5244 -0.7620
vn 0.3891 0.3650 -0.8458
vn 0.3655 0.4380 -0.8213
vn 0.3220 0.1832 -0.9289
vn 0.2597 0.9545 -0.1465
vn 0.3052 0.9298 -0.2059
vn 0.3080 0.9016 -0.3038
vn 0.3325 0.8608 -0.3854
vn 0.3342 0.8250 -0.4558
vn 0.3497 0.7903 -0.5030
vn 0.3520 0.7235 -0.5938
vn 0.3586 0.7052 -0.6116
vn 0.3611 0.6002 -0.7137
vn 0.3589 0.6070 -0.7090
vn 0.3611 0.4586 -0.8120
vn 0.3506 0.4977 -0.7934
vn 0.3523 0.3030 -0.8855
vn 0.3335 0.3794 -0.8631
vn 0.3370 0.2471 -0.9085
vn 0.3812 0.2354 -0.8940
vn 0.3446 0.3475 -0.8721
vn 0.4174 0.3270 -0.8479
vn 0.3811 0.4023 -0.8324
vn 0.4186 0.3913 -0.8195
vn 0.2920 0.1378 -0.9464
vn 0.7253 0.1709 -0.6669
vn 0.5592 0.0759 -0.8256
vn 0.3180 0.2177 -0.9228
vn 0.3198 0.2920 -0.9014
vn 0.8549 0.3355 -0.3956
vn 0.3389 0.3690 -0.8654
vn 0.3387 0.4383 -0.8326
vn 0.8142 0.2558 -0.5211
vn 0.3484 0.5107 -0.7860
vn 0.3474 0.5736 -0.7418
vn 0.3484 0.6390 -0.6858
vn 0.3464 0.6935 -0.6318
vn 0.8617 0.4178 -0.2878
vn 0.3398 0.7502 -0.5672
vn 0.3360 0.7950 -0.5051
vn 0.8371 0.5120 -0.1925
vn 0.3204 0.8421 -0.4339
vn 0.3155 0.8758 -0.3653
vn 0.7661 0.6337 -0.1072
vn 0.2517 0.9578 -0.1386
vn 0.6018 0.7981 -0.0311
vn 0.2858 0.9337 -0.2158
vn 0.2900 0.9121 -0.2899
vn 0.1258 0.1059 -0.9864
vn 0.1692 0.9760 -0.1371
vn 0.2264 0.9661 -0.1239
vn 0.2652 0.1441 -0.9534
vn 0.2834 0.1223 -0.9512
vn 0.2882 0.2247 -0.9308
vn 0.2825 0.2783 -0.9180
vn 0.2943 0.4236 -0.8567
vn 0.3059 0.3764 -0.8745
vn 0.3035 0.2958 -0.9058
vn 0.2994 0.5581 -0.7738
vn 0.3161 0.5180 -0.7948
vn 0.3152 0.4438 -0.8389
vn 0.2978 0.6786 -0.6715
vn 0.3182 0.6458 -0.6940
vn 0.3192 0.5799 -0.7496
vn 0.2892 0.7820 -0.5522
vn 0.3123 0.7564 -0.5747
vn 0.3151 0.7005 -0.6403
vn 0.2740 0.8657 -0.4189
vn 0.2987 0.8469 -0.4400
vn 0.3031 0.8024 -0.5140
vn 0.2502 0.9582 -0.1388
vn 0.2565 0.9403 -0.2239
vn 0.2528 0.9276 -0.2750
vn 0.2777 0.9148 -0.2934
vn 0.2834 0.8831 -0.3740
vn 0.1348 0.9840 -0.1168
vn 0.1883 0.9758 -0.1115
vn 0.1947 0.9433 -0.2688
vn 0.2117 0.9350 -0.2845
vn 0.2173 0.8816 -0.4191
vn 0.2287 0.8738 -0.4292
vn 0.2338 0.7962 -0.5580
vn 0.2402 0.7907 -0.5632
vn 0.2439 0.6895 -0.6819
vn 0.2456 0.6879 -0.6830
vn 0.2477 0.5643 -0.7875
vn 0.2446 0.5680 -0.7859
vn 0.2449 0.4240 -0.8719
vn 0.2372 0.4340 -0.8691
vn 0.2360 0.2722 -0.9329
vn 0.2234 0.2892 -0.9308
vn 0.2212 0.1130 -0.9687
vn 0.2033 0.1374 -0.9694
vn 0.0978 0.9902 -0.0994
vn 0.1186 0.9857 -0.1194
vn 0.1188 0.9572 -0.2639
vn 0.1344 0.9509 -0.2789
vn 0.1361 0.8968 -0.4209
vn 0.1468 0.8905 -0.4308
vn 0.1492 0.8109 -0.5659
vn 0.1554 0.8061 -0.5710
vn 0.1580 0.7018 -0.6946
vn 0.1597 0.7002 -0.6959
vn 0.1623 0.5727 -0.8035
vn 0.1597 0.5755 -0.8021
vn 0.1621 0.4273 -0.8894
vn 0.1551 0.4354 -0.8868
vn 0.1576 0.2697 -0.9500
vn 0.1458 0.2837 -0.9478
vn 0.1490 0.1248 -0.9809
vn 0.1609 0.1208 -0.9795
vn 0.0283 0.9959 -0.0858
vn 0.0464 0.9934 -0.1045
vn 0.0408 0.9657 -0.2563
vn 0.0545 0.9612 -0.2703
vn 0.0517 0.9065 -0.4189
vn 0.0613 0.9015 -0.4283
vn 0.0607 0.8201 -0.5690
vn 0.0664 0.8161 -0.5741
vn 0.0677 0.7091 -0.7019
vn 0.0697 0.7074 -0.7034
vn 0.0727 0.5768 -0.8137
vn 0.0709 0.5786 -0.8126
vn 0.0757 0.4271 -0.9010
vn 0.0698 0.4332 -0.8986
vn 0.0766 0.2646 -0.9613
vn 0.0663 0.2755 -0.9590
vn 0.0757 0.0942 -0.9927
vn 0.0602 0.1100 -0.9921
vn -0.0000 0.0872 -0.9962
vn -0.0000 0.2588 -0.9659
vn -0.0000 0.4226 -0.9063
vn -0.0000 0.5736 -0.8192
vn -0.0000 0.7071 -0.7071
vn -0.0000 0.8191 -0.5736
vn -0.0000 0.9063 -0.4226
vn -0.0000 0.9659 -0.2588
vn -0.0000 0.9962 -0.0872
vn 0.0022 0.9962 -0.0869
vn 0.0007 0.9962 -0.0867
vn 0.0078 0.9661 -0.2581
vn 0.0042 0.9662 -0.2576
vn 0.0125 0.9067 -0.4215
vn 0.0070 0.9072 -0.4207
vn 0.0173 0.8200 -0.5721
vn 0.0100 0.8208 -0.5711
vn 0.0214 0.7084 -0.7055
vn 0.0128 0.7097 -0.7043
vn 0.0248 0.5754 -0.8175
vn 0.0146 0.5773 -0.8164
vn 0.0278 0.4251 -0.9047
vn 0.0159 0.4275 -0.9039
vn 0.0300 0.2618 -0.9646
vn 0.0167 0.2649 -0.9641
vn 0.0316 0.0907 -0.9954
vn 0.0166 0.0943 -0.9954
vn 0.0005 0.9962 -0.0872
vn -0.0005 0.9962 -0.0870
vn 0.0034 0.9659 -0.2588
vn -0.0004 0.9661 -0.2582
vn 0.0062 0.9063 -0.4226
vn -0.0000 0.9067 -0.4217
vn 0.0082 0.8191 -0.5736
vn 0.0006 0.8200 -0.5724
vn 0.0100 0.7071 -0.7071
vn 0.0007 0.7084 -0.7058
vn 0.0116 0.5735 -0.8191
vn 0.0011 0.5754 -0.8179
vn 0.0129 0.4226 -0.9062
vn 0.0011 0.4251 -0.9052
vn 0.0143 0.2588 -0.9658
vn 0.0008 0.2618 -0.9651
vn 0.0153 0.0871 -0.9961
vn 0.0002 0.0907 -0.9959
vn -0.0000 -0.9962 -0.0872
vn -0.0000 -0.9659 -0.2588
vn -0.0000 -0.9063 -0.4226
vn -0.0000 -0.8191 -0.5736
vn -0.0000 -0.7071 -0.7071
vn -0.0000 -0.5736 -0.8191
vn -0.0000 -0.4226 -0.9063
vn -0.0000 -0.2588 -0.9659
vn -0.0000 -0.0872 -0.9962
vn 0.0005 -0.9962 -0.0870
vn -0.0005 -0.9962 -0.0872
vn 0.0032 -0.9661 -0.2582
vn -0.0002 -0.9659 -0.2588
vn 0.0058 -0.9067 -0.4216
vn 0.0002 -0.9063 -0.4226
vn 0.0078 -0.8200 -0.5723
vn 0.0006 -0.8192 -0.5736
vn 0.0098 -0.7085 -0.7057
vn 0.0010 -0.7071 -0.7071
vn 0.0114 -0.5755 -0.8177
vn 0.0013 -0.5736 -0.8191
vn 0.0129 -0.4251 -0.9051
vn 0.0014 -0.4226 -0.9063
vn 0.0141 -0.2619 -0.9650
vn 0.0011 -0.2588 -0.9659
vn 0.0150 -0.0907 -0.9958
vn 0.0005 -0.0872 -0.9962
vn 0.0022 -0.9962 -0.0867
vn 0.0007 -0.9962 -0.0870
vn 0.0076 -0.9663 -0.2575
vn 0.0042 -0.9661 -0.2582
vn 0.0127 -0.9072 -0.4205
vn 0.0072 -0.9068 -0.4216
vn 0.0171 -0.8208 -0.5709
vn 0.0102 -0.8200 -0.5723
vn 0.0213 -0.7098 -0.7041
vn 0.0126 -0.7084 -0.7057
vn 0.0247 -0.5773 -0.8161
vn 0.0147 -0.5755 -0.8177
vn 0.0276 -0.4276 -0.9036
vn 0.0162 -0.4251 -0.9050
vn 0.0298 -0.2649 -0.9638
vn 0.0169 -0.2619 -0.9650
vn 0.0313 -0.0943 -0.9951
vn 0.0169 -0.0907 -0.9957
vn 0.2714 -0.9518 -0.1431
vn 0.3572 -0.8605 -0.3632
vn 0.4371 -0.4869 -0.7562
vn 0.4709 -0.5813 -0.6636
vn 0.4871 -0.7127 -0.5048
vn 0.5095 -0.5886 -0.6277
vn 0.5288 -0.5761 -0.6233
vn 0.5102 -0.5875 -0.6281
vn 0.5212 -0.5835 -0.6228
vn 0.5234 -0.5784 -0.6258
vn 0.5277 -0.5832 -0.6176
vn 0.5178 -0.5840 -0.6252
vn 0.5240 -0.5843 -0.6197
vn 0.5209 -0.5624 -0.6421
vn 0.5113 -0.5880 -0.6268
vn 0.5186 -0.5694 -0.6379
vn 0.5076 -0.5844 -0.6331
vn 0.5171 -0.5760 -0.6331
vn 0.5061 -0.5890 -0.6300
vn 0.5163 -0.5821 -0.6282
vn 0.5086 -0.5893 -0.6278
vn 0.5165 -0.5882 -0.6223
vn 0.5171 -0.5785 -0.6308
vn 0.5169 -0.5937 -0.6167
vn 0.5123 -0.5891 -0.6249
vn 0.5185 -0.5988 -0.6104
vn 0.5138 -0.5858 -0.6268
vn 0.5210 -0.6038 -0.6033
vn 0.5082 -0.5866 -0.6306
vn 0.4674 -0.4768 -0.7444
vn 0.4789 -0.5639 -0.6728
vn 0.4965 -0.5062 -0.7051
vn 0.4826 -0.5831 -0.6536
vn 0.4907 -0.5467 -0.6785
vn 0.4876 -0.5874 -0.6459
vn 0.4880 -0.5843 -0.6484
vn 0.4884 -0.5928 -0.6404
vn 0.4883 -0.6191 -0.6150
vn 0.4849 -0.6002 -0.6361
vn 0.4916 -0.6509 -0.5785
vn 0.4771 -0.6087 -0.6339
vn 0.4980 -0.6795 -0.5388
vn 0.4651 -0.6188 -0.6331
vn 0.4251 -0.5432 -0.7240
vn 0.4917 -0.6152 -0.6163
vn 0.4239 -0.7552 -0.5000
vn 0.4175 -0.7860 -0.4560
vn 0.4017 -0.8123 -0.4228
vn 0.4186 -0.3909 -0.8198
vn 0.4321 -0.4278 -0.7939
vn 0.4372 -0.4869 -0.7562
vn 0.4436 -0.4574 -0.7707
vn 0.4445 -0.5243 -0.7263
vn 0.4440 -0.5274 -0.7244
vn 0.4474 -0.5617 -0.6959
vn 0.4447 -0.5926 -0.6716
vn 0.4459 -0.5988 -0.6653
vn 0.4456 -0.6526 -0.6128
vn 0.4401 -0.6356 -0.6343
vn 0.4467 -0.7069 -0.5485
vn 0.4297 -0.6719 -0.6032
vn 0.4480 -0.7550 -0.4789
vn 0.4149 -0.7077 -0.5719
vn 0.4230 -0.7275 -0.5402
vn 0.4349 -0.7309 -0.5260
vn 0.3949 -0.3330 -0.8562
vn 0.4091 -0.3937 -0.8232
vn 0.4043 -0.4269 -0.8089
vn 0.4162 -0.4659 -0.7809
vn 0.4108 -0.5156 -0.7519
vn 0.4185 -0.5353 -0.7337
vn 0.4144 -0.5981 -0.6860
vn 0.4161 -0.6014 -0.6820
vn 0.4152 -0.6733 -0.6118
vn 0.4090 -0.6638 -0.6261
vn 0.4131 -0.7405 -0.5301
vn 0.3972 -0.7220 -0.5665
vn 0.4082 -0.7988 -0.4419
vn 0.3807 -0.7757 -0.5035
vn 0.3974 -0.8341 -0.3825
vn 0.3669 -0.8223 -0.4351
vn 0.3165 -0.8707 -0.3764
vn 0.3565 -0.9018 -0.2444
vn 0.3446 -0.8164 -0.4633
vn 0.3715 -0.8505 -0.3725
vn 0.3662 -0.7536 -0.5460
vn 0.3819 -0.7820 -0.4926
vn 0.3812 -0.6828 -0.6232
vn 0.3874 -0.6978 -0.6025
vn 0.3896 -0.6050 -0.6944
vn 0.3878 -0.5996 -0.7001
vn 0.3914 -0.5211 -0.7585
vn 0.3828 -0.4893 -0.7836
vn 0.3866 -0.4319 -0.8148
vn 0.3727 -0.3690 -0.8514
vn 0.3753 -0.3386 -0.8629
vn 0.2919 -0.1483 -0.9449
vn 0.3168 -0.2540 -0.9139
vn 0.3299 -0.2483 -0.9108
vn 0.3577 -0.2411 -0.9022
vn 0.3011 -0.1477 -0.9421
vn 0.3368 -0.2088 -0.9181
vn 0.3362 -0.3069 -0.8904
vn 0.3535 -0.3740 -0.8574
vn 0.3521 -0.4608 -0.8147
vn 0.3616 -0.4948 -0.7902
vn 0.3592 -0.6006 -0.7143
vn 0.3611 -0.6064 -0.7084
vn 0.3574 -0.7222 -0.5922
vn 0.3518 -0.7069 -0.6136
vn 0.3466 -0.8218 -0.4521
vn 0.3339 -0.7943 -0.5075
vn 0.3276 -0.8966 -0.2980
vn 0.3076 -0.8668 -0.3924
vn 0.3069 -0.9168 -0.2555
vn 0.2958 -0.9181 -0.2636
vn 0.0203 -0.9945 -0.1023
vn 0.0399 -0.9955 -0.0854
vn 0.0325 -0.9627 -0.2687
vn 0.0468 -0.9655 -0.2560
vn 0.0430 -0.9030 -0.4274
vn 0.0527 -0.9065 -0.4189
vn 0.0518 -0.8173 -0.5739
vn 0.0575 -0.8202 -0.5692
vn 0.0587 -0.7080 -0.7037
vn 0.0606 -0.7093 -0.7023
vn 0.0637 -0.5783 -0.8133
vn 0.0621 -0.5770 -0.8144
vn 0.0669 -0.4318 -0.8995
vn 0.0615 -0.4274 -0.9020
vn 0.0682 -0.2729 -0.9596
vn 0.0589 -0.2648 -0.9625
vn 0.0677 -0.1060 -0.9921
vn 0.0543 -0.0942 -0.9941
vn 0.1182 -0.1033 -0.9876
vn 0.1340 -0.1196 -0.9837
vn 0.1302 -0.2696 -0.9541
vn 0.1412 -0.2809 -0.9493
vn 0.1382 -0.4281 -0.8931
vn 0.1448 -0.4345 -0.8889
vn 0.1421 -0.5741 -0.8064
vn 0.1444 -0.5762 -0.8044
vn 0.1417 -0.7036 -0.6964
vn 0.1400 -0.7022 -0.6981
vn 0.1374 -0.8127 -0.5663
vn 0.1316 -0.8091 -0.5727
vn 0.1294 -0.8983 -0.4198
vn 0.1191 -0.8940 -0.4319
vn 0.1181 -0.9580 -0.2612
vn 0.1029 -0.9546 -0.2794
vn 0.1040 -0.9900 -0.0950
vn 0.1611 -0.9799 -0.1178
vn 0.1272 -0.9854 -0.1129
vn 0.0830 -0.9894 -0.1195
vn 0.1883 -0.1344 -0.9729
vn 0.2569 -0.1225 -0.9586
vn 0.2765 -0.1415 -0.9505
vn 0.2799 -0.2266 -0.9329
vn 0.2760 -0.2761 -0.9206
vn 0.2950 -0.2977 -0.9079
vn 0.2972 -0.3784 -0.8766
vn 0.2887 -0.4227 -0.8591
vn 0.3064 -0.4457 -0.8411
vn 0.3071 -0.5200 -0.7971
vn 0.2944 -0.5584 -0.7756
vn 0.3101 -0.5818 -0.7519
vn 0.3091 -0.6477 -0.6964
vn 0.2929 -0.6798 -0.6723
vn 0.3061 -0.7024 -0.6426
vn 0.3033 -0.7583 -0.5771
vn 0.2842 -0.7840 -0.5519
vn 0.2942 -0.8043 -0.5163
vn 0.2900 -0.8487 -0.4423
vn 0.2685 -0.8681 -0.4174
vn 0.2486 -0.9419 -0.2260
vn 0.2465 -0.9302 -0.2721
vn 0.2695 -0.9165 -0.2957
vn 0.2749 -0.8848 -0.3762
vn 0.1534 -0.1175 -0.9811
vn 0.2056 -0.1124 -0.9722
vn 0.2068 -0.2735 -0.9394
vn 0.2194 -0.2860 -0.9328
vn 0.2197 -0.4260 -0.8776
vn 0.2273 -0.4333 -0.8721
vn 0.2265 -0.5669 -0.7920
vn 0.2294 -0.5695 -0.7893
vn 0.2272 -0.6924 -0.6849
vn 0.2256 -0.6912 -0.6866
vn 0.2217 -0.7989 -0.5591
vn 0.2158 -0.7954 -0.5664
vn 0.2106 -0.8837 -0.4180
vn 0.2000 -0.8794 -0.4320
vn 0.1941 -0.9444 -0.2655
vn 0.1786 -0.9412 -0.2867
vn 0.1741 -0.9762 -0.1296
vn 0.2404 -0.9638 -0.1150
vn 0.2198 -0.9644 -0.1473
vn 0.2922 -0.1378 -0.9464
vn 0.5593 -0.0759 -0.8255
vn 0.3180 -0.2178 -0.9227
vn 0.3198 -0.2920 -0.9014
vn 0.7253 -0.1709 -0.6669
vn 0.3380 -0.3692 -0.8657
vn 0.3382 -0.4384 -0.8327
vn 0.8140 -0.2560 -0.5213
vn 0.3487 -0.5107 -0.7858
vn 0.3462 -0.5739 -0.7422
vn 0.8549 -0.3355 -0.3956
vn 0.3486 -0.6389 -0.6858
vn 0.3456 -0.6937 -0.6320
vn 0.8618 -0.4176 -0.2878
vn 0.3396 -0.7503 -0.5672
vn 0.3349 -0.7954 -0.5051
vn 0.8371 -0.5120 -0.1927
vn 0.3205 -0.8420 -0.4340
vn 0.3155 -0.8759 -0.3651
vn 0.7661 -0.6336 -0.1074
vn 0.2909 -0.9118 -0.2898
vn 0.2858 -0.9337 -0.2158
vn 0.6041 -0.7963 -0.0310
vn 0.2488 -0.9586 -0.1386
vn 0.2827 -0.9209 0.2683
vn 0.3003 -0.1463 0.9426
vn 0.4635 -0.6247 0.6284
vn 0.5214 -0.5835 0.6226
vn 0.5178 -0.5840 0.6252
vn 0.5271 -0.5825 0.6188
vn 0.5234 -0.5784 0.6258
vn 0.5212 -0.5835 0.6228
vn 0.5102 -0.5875 0.6281
vn 0.5288 -0.5761 0.6233
vn 0.5095 -0.5886 0.6277
vn 0.5209 -0.6032 0.6040
vn 0.5146 -0.5867 0.6252
vn 0.5184 -0.5986 0.6107
vn 0.5153 -0.5846 0.6266
vn 0.5170 -0.5935 0.6168
vn 0.5158 -0.5866 0.6244
vn 0.5165 -0.5878 0.6226
vn 0.5135 -0.5822 0.6304
vn 0.5162 -0.5824 0.6279
vn 0.5176 -0.5863 0.6232
vn 0.5166 -0.5762 0.6333
vn 0.5274 -0.5798 0.6211
vn 0.5180 -0.5700 0.6378
vn 0.5162 -0.5809 0.6294
vn 0.5213 -0.5626 0.6416
vn 0.5060 -0.5901 0.6291
vn 0.4947 -0.5730 0.6534
vn 0.4377 -0.6713 0.5982
vn 0.4711 -0.5876 0.6579
vn 0.4986 -0.5058 0.7040
vn 0.4815 -0.5896 0.6485
vn 0.4919 -0.5464 0.6778
vn 0.4872 -0.5935 0.6406
vn 0.4884 -0.5842 0.6482
vn 0.4886 -0.5986 0.6349
vn 0.4879 -0.6192 0.6153
vn 0.4860 -0.6053 0.6304
vn 0.4904 -0.6511 0.5792
vn 0.4789 -0.6137 0.6277
vn 0.4960 -0.6800 0.5400
vn 0.4771 -0.6416 0.6006
vn 0.4374 -0.4868 0.7562
vn 0.4321 -0.4276 0.7940
vn 0.4010 -0.7199 0.5665
vn 0.4350 -0.7305 0.5264
vn 0.4598 -0.7222 0.5166
vn 0.3669 -0.8220 0.4355
vn 0.4018 -0.8120 0.4233
vn 0.4176 -0.7861 0.4557
vn 0.4272 -0.7370 0.5237
vn 0.4359 -0.7589 0.4839
vn 0.4369 -0.7007 0.5641
vn 0.4390 -0.7092 0.5516
vn 0.4437 -0.6673 0.5981
vn 0.4423 -0.6536 0.6141
vn 0.4461 -0.6336 0.6321
vn 0.4460 -0.5923 0.6711
vn 0.4442 -0.5994 0.6659
vn 0.4498 -0.5257 0.7220
vn 0.4378 -0.5649 0.6994
vn 0.4539 -0.4543 0.7665
vn 0.4268 -0.5303 0.7326
vn 0.4374 -0.4873 0.7558
vn 0.4907 -0.4689 0.7344
vn 0.3572 -0.8602 0.3639
vn 0.3978 -0.8341 0.3821
vn 0.3895 -0.8042 0.4490
vn 0.4049 -0.7686 0.4953
vn 0.4012 -0.7438 0.5346
vn 0.4127 -0.7174 0.5613
vn 0.4101 -0.6747 0.6137
vn 0.4158 -0.6618 0.6238
vn 0.4162 -0.5976 0.6853
vn 0.4143 -0.6020 0.6826
vn 0.4194 -0.5133 0.7487
vn 0.4080 -0.5385 0.7373
vn 0.4198 -0.4228 0.8031
vn 0.3969 -0.4718 0.7873
vn 0.3298 -0.9093 0.2537
vn 0.3527 -0.8614 0.3654
vn 0.3519 -0.8558 0.3793
vn 0.3711 -0.8093 0.4553
vn 0.3695 -0.7852 0.4969
vn 0.3831 -0.7489 0.5407
vn 0.3821 -0.6991 0.6043
vn 0.3885 -0.6808 0.6210
vn 0.3897 -0.5991 0.6995
vn 0.3875 -0.6056 0.6950
vn 0.3920 -0.4870 0.7805
vn 0.3798 -0.5244 0.7620
vn 0.3891 -0.3650 0.8458
vn 0.3656 -0.4380 0.8213
vn 0.3220 -0.1832 0.9289
vn 0.2597 -0.9545 0.1465
vn 0.3052 -0.9298 0.2059
vn 0.3080 -0.9016 0.3038
vn 0.3325 -0.8608 0.3854
vn 0.3342 -0.8250 0.4558
vn 0.3497 -0.7903 0.5031
vn 0.3520 -0.7235 0.5938
vn 0.3587 -0.7052 0.6116
vn 0.3611 -0.6002 0.7138
vn 0.3589 -0.6070 0.7090
vn 0.3611 -0.4586 0.8120
vn 0.3506 -0.4977 0.7934
vn 0.3523 -0.3030 0.8855
vn 0.3335 -0.3793 0.8631
vn 0.3370 -0.2471 0.9085
vn 0.3812 -0.2354 0.8940
vn 0.3446 -0.3475 0.8721
vn 0.4174 -0.3270 0.8478
vn 0.3811 -0.4023 0.8324
vn 0.4186 -0.3913 0.8195
vn 0.2922 -0.1378 0.9464
vn 0.7253 -0.1709 0.6669
vn 0.5593 -0.0759 0.8255
vn 0.3180 -0.2177 0.9228
vn 0.3198 -0.2920 0.9014
vn 0.8549 -0.3355 0.3956
vn 0.3380 -0.3692 0.8657
vn 0.3382 -0.4384 0.8327
vn 0.8140 -0.2560 0.5214
vn 0.3489 -0.5106 0.7858
vn 0.3462 -0.5739 0.7422
vn 0.3486 -0.6389 0.6858
vn 0.3456 -0.6937 0.6320
vn 0.8617 -0.4178 0.2879
vn 0.3396 -0.7503 0.5672
vn 0.3349 -0.7954 0.5051
vn 0.8373 -0.5117 0.1926
vn 0.3205 -0.8420 0.4340
vn 0.3155 -0.8758 0.3652
vn 0.7661 -0.6336 0.1074
vn 0.2495 -0.9584 0.1386
vn 0.6041 -0.7963 0.0310
vn 0.2853 -0.9338 0.2158
vn 0.2911 -0.9117 0.2898
vn 0.0214 -0.9961 0.0861
vn 0.0394 -0.9941 0.1007
vn 0.0337 -0.9703 0.2397
vn 0.0596 -0.9620 0.2666
vn 0.0455 -0.9455 0.3226
vn 0.0438 -0.9174 0.3955
vn 0.0698 -0.9023 0.4254
vn 0.0526 -0.8793 0.4733
vn 0.0521 -0.8397 0.5406
vn 0.0777 -0.8166 0.5720
vn 0.0580 -0.7894 0.6111
vn 0.0585 -0.7392 0.6709
vn 0.0829 -0.7072 0.7021
vn 0.0616 -0.6781 0.7324
vn 0.0630 -0.6187 0.7831
vn 0.0854 -0.5775 0.8119
vn 0.0632 -0.5483 0.8339
vn 0.0655 -0.4814 0.8741
vn 0.0851 -0.4311 0.8983
vn 0.0627 -0.4037 0.9128
vn 0.0659 -0.3310 0.9413
vn 0.0819 -0.2722 0.9587
vn 0.0600 -0.2480 0.9669
vn 0.0643 -0.1716 0.9831
vn 0.0754 -0.1056 0.9915
vn 0.0549 -0.0856 0.9948
vn 0.0837 -0.9918 0.0969
vn 0.1039 -0.9878 0.1164
vn 0.1031 -0.9594 0.2627
vn 0.1183 -0.9535 0.2772
vn 0.1192 -0.8992 0.4209
vn 0.1296 -0.8932 0.4305
vn 0.1315 -0.8132 0.5669
vn 0.1377 -0.8086 0.5720
vn 0.1399 -0.7037 0.6966
vn 0.1418 -0.7021 0.6978
vn 0.1444 -0.5739 0.8061
vn 0.1419 -0.5764 0.8047
vn 0.1448 -0.4276 0.8923
vn 0.1380 -0.4352 0.8897
vn 0.1413 -0.2689 0.9527
vn 0.1297 -0.2821 0.9506
vn 0.1342 -0.1024 0.9856
vn 0.1886 -0.1141 0.9754
vn 0.1537 -0.1175 0.9811
vn 0.1174 -0.1214 0.9856
vn 0.1612 -0.9780 0.1323
vn 0.2187 -0.9684 0.1199
vn 0.2426 -0.9598 0.1409
vn 0.2486 -0.9419 0.2260
vn 0.2464 -0.9302 0.2721
vn 0.2695 -0.9165 0.2957
vn 0.2749 -0.8848 0.3763
vn 0.2686 -0.8681 0.4174
vn 0.2900 -0.8487 0.4423
vn 0.2942 -0.8043 0.5163
vn 0.2842 -0.7840 0.5519
vn 0.3033 -0.7583 0.5771
vn 0.3060 -0.7024 0.6427
vn 0.2929 -0.6798 0.6723
vn 0.3091 -0.6477 0.6964
vn 0.3101 -0.5818 0.7519
vn 0.2944 -0.5584 0.7756
vn 0.3071 -0.5200 0.7971
vn 0.3064 -0.4457 0.8411
vn 0.2887 -0.4227 0.8591
vn 0.2800 -0.2266 0.9329
vn 0.2760 -0.2761 0.9206
vn 0.2950 -0.2977 0.9079
vn 0.2973 -0.3784 0.8766
vn 0.1271 -0.9855 0.1129
vn 0.1736 -0.9775 0.1196
vn 0.1783 -0.9467 0.2681
vn 0.1950 -0.9390 0.2833
vn 0.1998 -0.8853 0.4199
vn 0.2112 -0.8779 0.4298
vn 0.2156 -0.7998 0.5601
vn 0.2220 -0.7945 0.5652
vn 0.2256 -0.6926 0.6851
vn 0.2272 -0.6910 0.6863
vn 0.2294 -0.5665 0.7915
vn 0.2264 -0.5699 0.7899
vn 0.2272 -0.4250 0.8762
vn 0.2196 -0.4345 0.8735
vn 0.2191 -0.2719 0.9370
vn 0.2066 -0.2881 0.9351
vn 0.2060 -0.1314 0.9697
vn 0.2753 -0.1191 0.9540
vn 0.2573 -0.1459 0.9552
vn -0.0000 -0.0785 0.9969
vn -0.0022 -0.0872 0.9962
vn -0.0000 -0.1650 0.9863
vn -0.0000 -0.2419 0.9703
vn -0.0038 -0.2588 0.9659
vn -0.0000 -0.3256 0.9455
vn -0.0000 -0.3988 0.9171
vn -0.0050 -0.4226 0.9063
vn -0.0000 -0.4771 0.8788
vn -0.0000 -0.5446 0.8387
vn -0.0058 -0.5736 0.8191
vn -0.0000 -0.6157 0.7880
vn -0.0000 -0.6756 0.7373
vn -0.0060 -0.7071 0.7071
vn -0.0000 -0.7373 0.6756
vn -0.0000 -0.7880 0.6157
vn -0.0058 -0.8191 0.5736
vn -0.0000 -0.8387 0.5446
vn -0.0000 -0.8788 0.4772
vn -0.0051 -0.9063 0.4226
vn -0.0000 -0.9171 0.3987
vn -0.0038 -0.9659 0.2588
vn -0.0000 -0.9703 0.2419
vn -0.0000 -0.9863 0.1651
vn -0.0022 -0.9962 0.0872
vn -0.0000 -0.9969 0.0785
vn 0.0018 -0.9969 0.0782
vn 0.0234 -0.1717 0.9849
vn 0.0174 -0.0856 0.9962
vn -0.0860 -0.5451 0.8339
vn 0.0198 -0.4817 0.8761
vn 0.0280 -0.3853 0.9224
vn -0.0496 -0.4026 0.9140
vn 0.0218 -0.3312 0.9433
vn -0.1254 -0.6709 0.7309
vn 0.0227 -0.6510 0.7587
vn 0.0144 -0.7397 0.6728
vn -0.0666 -0.7592 0.6474
vn 0.0165 -0.7900 0.6129
vn 0.0110 -0.8402 0.5422
vn 0.0077 -0.9178 0.3969
vn -0.0566 -0.9224 0.3821
vn 0.0083 -0.9460 0.3240
vn 0.0043 -0.9706 0.2408
vn 0.0309 -0.0820 0.9961
vn 0.0010 -0.0820 0.9966
vn 0.0147 -0.0784 0.9968
vn 0.0075 -0.1650 0.9863
vn 0.0317 -0.2365 0.9711
vn -0.0096 -0.2365 0.9716
vn 0.0288 -0.2481 0.9683
vn 0.0116 -0.3987 0.9170
vn 0.0556 -0.3850 0.9212
vn 0.0066 -0.3255 0.9455
vn 0.0132 -0.2419 0.9702
vn 0.0055 -0.4771 0.8788
vn 0.0730 -0.5237 0.8488
vn 0.0256 -0.5246 0.8510
vn 0.0172 -0.6191 0.7851
vn 0.0100 -0.5446 0.8386
vn 0.0045 -0.6157 0.7880
vn 0.0841 -0.6494 0.7558
vn 0.0083 -0.6756 0.7373
vn 0.0012 -0.7615 0.6482
vn 0.1624 -0.7275 0.6666
vn 0.0065 -0.7880 0.6156
vn 0.0009 -0.8533 0.5214
vn -0.0658 -0.8510 0.5211
vn 0.0126 -0.8799 0.4749
vn 0.1300 -0.8315 0.5400
vn 0.0049 -0.8788 0.4772
vn 0.0005 -0.9242 0.3818
vn 0.0937 -0.9130 0.3970
vn 0.0033 -0.9455 0.3256
vn 0.0003 -0.9725 0.2329
vn -0.0357 -0.9717 0.2333
vn 0.0489 -0.9952 0.0851
vn 0.0003 -0.9969 0.0785
vn -0.0003 -0.9969 0.0783
vn 0.0015 -0.9863 0.1651
vn 0.0509 -0.9690 0.2416
vn 0.0871 0.2105 -0.9737
vn 0.0870 0.5426 -0.8355
vn 0.0871 0.7653 -0.6377
vn 0.0871 0.8828 -0.4615
vn 0.0871 0.9892 -0.1180
vn 0.0871 0.9957 0.0313
vn 0.0872 0.9798 0.1798
vn 0.0870 0.9197 0.3828
vn 0.0870 0.7238 0.6845
vn 0.0871 0.6133 0.7850
vn 0.0871 0.4890 0.8679
vn 0.0871 0.2946 0.9517
vn 0.0871 -0.2105 0.9737
vn 0.0870 -0.5426 0.8355
vn 0.0872 -0.7654 0.6376
vn 0.0871 -0.8828 0.4615
vn 0.0870 -0.9892 0.1180
vn 0.0871 -0.9957 -0.0313
vn 0.0872 -0.9798 -0.1798
vn 0.0871 -0.9197 -0.3828
vn 0.0870 -0.7238 -0.6845
vn 0.0871 -0.6133 -0.7850
vn 0.0872 -0.4890 -0.8679
vn 0.0870 -0.2946 -0.9517
vn 0.9962 -0.0164 -0.0858
vn 0.9658 -0.0486 -0.2547
vn 0.9060 -0.0793 -0.4158
vn 0.8186 -0.1076 -0.5642
vn 0.8186 -0.1076 -0.5641
vn 0.7064 -0.1326 -0.6953
vn 0.5728 -0.1536 -0.8052
vn 0.4219 -0.1699 -0.8906
vn 0.2583 -0.1810 -0.9489
vn 0.9962 -0.0765 -0.0421
vn 0.9658 -0.2272 -0.1249
vn 0.9060 -0.3709 -0.2039
vn 0.8186 -0.5033 -0.2767
vn 0.7064 -0.6203 -0.3410
vn 0.7064 -0.6202 -0.3410
vn 0.5728 -0.7183 -0.3949
vn 0.4220 -0.7945 -0.4368
vn 0.4219 -0.7945 -0.4368
vn 0.2584 -0.8466 -0.4654
vn 0.2584 -0.8465 -0.4654
vn 0.9962 -0.0812 0.0322
vn 0.9962 -0.0812 0.0321
vn 0.9658 -0.2411 0.0955
vn 0.9060 -0.3936 0.1558
vn 0.8186 -0.5340 0.2114
vn 0.7064 -0.6581 0.2606
vn 0.5728 -0.7621 0.3017
vn 0.5728 -0.7621 0.3018
vn 0.4220 -0.8429 0.3337
vn 0.4219 -0.8430 0.3337
vn 0.2584 -0.8982 0.3556
vn 0.9962 -0.0557 0.0673
vn 0.9658 -0.1653 0.1998
vn 0.9060 -0.2698 0.3262
vn 0.8186 -0.3661 0.4425
vn 0.7064 -0.4512 0.5453
vn 0.7064 -0.4512 0.5454
vn 0.5728 -0.5225 0.6316
vn 0.4219 -0.5779 0.6986
vn 0.2584 -0.6158 0.7444
vn 0.2583 -0.6158 0.7444
vn 0.9962 -0.0270 0.0831
vn 0.9962 -0.0270 0.0830
vn 0.9658 -0.0801 0.2466
vn 0.9060 -0.1308 0.4026
vn 0.8186 -0.1775 0.5462
vn 0.7064 -0.2187 0.6732
vn 0.5728 -0.2533 0.7796
vn 0.4219 -0.2802 0.8623
vn 0.4219 -0.2802 0.8622
vn 0.2583 -0.2985 0.9188
vn 0.2584 -0.2985 0.9188
vn 0.9962 0.0164 0.0858
vn 0.9658 0.0486 0.2547
vn 0.9060 0.0793 0.4158
vn 0.8186 0.1076 0.5641
vn 0.8186 0.1076 0.5642
vn 0.7064 0.1326 0.6953
vn 0.5728 0.1536 0.8052
vn 0.4219 0.1699 0.8906
vn 0.2583 0.1810 0.9489
vn 0.9962 0.0765 0.0421
vn 0.9658 0.2272 0.1249
vn 0.9060 0.3710 0.2039
vn 0.9060 0.3709 0.2039
vn 0.8186 0.5033 0.2767
vn 0.7064 0.6202 0.3410
vn 0.7064 0.6203 0.3410
vn 0.5728 0.7183 0.3949
vn 0.4219 0.7945 0.4368
vn 0.4220 0.7945 0.4368
vn 0.2584 0.8466 0.4654
vn 0.2583 0.8466 0.4654
vn 0.9962 0.0812 -0.0321
vn 0.9658 0.2411 -0.0955
vn 0.9060 0.3936 -0.1558
vn 0.8186 0.5340 -0.2114
vn 0.7064 0.6581 -0.2606
vn 0.5728 0.7621 -0.3018
vn 0.5728 0.7621 -0.3017
vn 0.4219 0.8430 -0.3338
vn 0.4220 0.8430 -0.3337
vn 0.2584 0.8982 -0.3556
vn 0.2583 0.8982 -0.3556
vn 0.9962 0.0557 -0.0673
vn 0.9658 0.1653 -0.1998
vn 0.9060 0.2698 -0.3261
vn 0.9060 0.2698 -0.3262
vn 0.8186 0.3661 -0.4425
vn 0.7064 0.4512 -0.5454
vn 0.5728 0.5225 -0.6316
vn 0.4219 0.5779 -0.6986
vn 0.2583 0.6158 -0.7444
vn 0.2584 0.6158 -0.7443
vn 0.9962 0.0270 -0.0831
vn 0.9962 0.0270 -0.0830
vn 0.9658 0.0801 -0.2466
vn 0.9060 0.1308 -0.4026
vn 0.8186 0.1775 -0.5462
vn 0.7064 0.2187 -0.6732
vn 0.5728 0.2533 -0.7796
vn 0.4219 0.2802 -0.8622
vn 0.4219 0.2802 -0.8623
vn 0.2583 0.2985 -0.9188
vn 0.9962 -0.0055 -0.0872
vn 0.9658 -0.0163 -0.2588
vn 0.9060 -0.0266 -0.4225
vn 0.8186 -0.0361 -0.5732
vn 0.7064 -0.0444 -0.7064
vn 0.5728 -0.0515 -0.8181
vn 0.4219 -0.0569 -0.9048
vn 0.2583 -0.0607 -0.9641
vn 0.0870 -0.0626 -0.9942
vn 0.0870 -0.1867 -0.9786
vn 0.1644 -0.2084 -0.9641
vn 0.0871 -0.1490 -0.9850
vn 0.0872 -0.3538 -0.9313
vn 0.1218 -0.3067 -0.9440
vn 0.2583 -0.2985 -0.9188
vn 0.2584 -0.2985 -0.9188
vn 0.4219 -0.2802 -0.8623
vn 0.5728 -0.2533 -0.7796
vn 0.7064 -0.2187 -0.6732
vn 0.8186 -0.1775 -0.5462
vn 0.9060 -0.1308 -0.4026
vn 0.9658 -0.0801 -0.2466
vn 0.9962 -0.0270 -0.0830
vn 0.9962 -0.0270 -0.0831
vn 0.9962 -0.0372 -0.0790
vn 0.9658 -0.1104 -0.2346
vn 0.9060 -0.1802 -0.3830
vn 0.8186 -0.2446 -0.5197
vn 0.8186 -0.2445 -0.5197
vn 0.7064 -0.3014 -0.6404
vn 0.7064 -0.3014 -0.6405
vn 0.5728 -0.3490 -0.7417
vn 0.5728 -0.3490 -0.7416
vn 0.4220 -0.3860 -0.8203
vn 0.4219 -0.3860 -0.8203
vn 0.2583 -0.4113 -0.8741
vn 0.0870 -0.4242 -0.9014
vn 0.0870 -0.5426 -0.8355
vn 0.1150 -0.5323 -0.8387
vn 0.2583 -0.5176 -0.8157
vn 0.4219 -0.4858 -0.7655
vn 0.5728 -0.4392 -0.6921
vn 0.7064 -0.3793 -0.5976
vn 0.8186 -0.3077 -0.4849
vn 0.9060 -0.2268 -0.3574
vn 0.9658 -0.1389 -0.2189
vn 0.9962 -0.0468 -0.0737
vn 0.0871 -0.6614 -0.7450
vn 0.1365 -0.6315 -0.7633
vn 0.2584 -0.6158 -0.7444
vn 0.2583 -0.6158 -0.7444
vn 0.4220 -0.5779 -0.6986
vn 0.4219 -0.5779 -0.6986
vn 0.5728 -0.5225 -0.6316
vn 0.7064 -0.4512 -0.5454
vn 0.8186 -0.3661 -0.4425
vn 0.9060 -0.2698 -0.3262
vn 0.9658 -0.1653 -0.1998
vn 0.9962 -0.0557 -0.0673
vn 0.0872 -0.7654 -0.6376
vn 0.0976 -0.7255 -0.6813
vn 0.2583 -0.7042 -0.6613
vn 0.4219 -0.6609 -0.6206
vn 0.4220 -0.6609 -0.6206
vn 0.5728 -0.5976 -0.5611
vn 0.5728 -0.5975 -0.5611
vn 0.7064 -0.5160 -0.4845
vn 0.8186 -0.4187 -0.3932
vn 0.8186 -0.4187 -0.3931
vn 0.9060 -0.3086 -0.2898
vn 0.9658 -0.1890 -0.1775
vn 0.9962 -0.0637 -0.0598
vn 0.9962 -0.0707 -0.0513
vn 0.9962 -0.0706 -0.0513
vn 0.9658 -0.2098 -0.1524
vn 0.9060 -0.3425 -0.2488
vn 0.9060 -0.3424 -0.2488
vn 0.8186 -0.4647 -0.3376
vn 0.8186 -0.4646 -0.3376
vn 0.7064 -0.5726 -0.4160
vn 0.7064 -0.5726 -0.4161
vn 0.5728 -0.6631 -0.4818
vn 0.4219 -0.7335 -0.5329
vn 0.2584 -0.7815 -0.5678
vn 0.2583 -0.7816 -0.5678
vn 0.0869 -0.8060 -0.5856
vn 0.0871 -0.8059 -0.5856
vn 0.0870 -0.8730 -0.4799
vn 0.1534 -0.8757 -0.4578
vn 0.0871 -0.8521 -0.5160
vn 0.0871 -0.9419 -0.3244
vn 0.1272 -0.9222 -0.3651
vn 0.2584 -0.8982 -0.3556
vn 0.4220 -0.8429 -0.3338
vn 0.4220 -0.8429 -0.3337
vn 0.5728 -0.7621 -0.3017
vn 0.7064 -0.6581 -0.2606
vn 0.8186 -0.5340 -0.2114
vn 0.9060 -0.3936 -0.1558
vn 0.9658 -0.2411 -0.0955
vn 0.9962 -0.0812 -0.0321
vn 0.9962 -0.0846 -0.0217
vn 0.9658 -0.2512 -0.0645
vn 0.9060 -0.4100 -0.1053
vn 0.8186 -0.5563 -0.1428
vn 0.7064 -0.6856 -0.1760
vn 0.5728 -0.7939 -0.2038
vn 0.5728 -0.7940 -0.2039
vn 0.4219 -0.8781 -0.2255
vn 0.4220 -0.8781 -0.2255
vn 0.2584 -0.9357 -0.2403
vn 0.2583 -0.9357 -0.2402
vn 0.0870 -0.9649 -0.2477
vn 0.0870 -0.9892 -0.1180
vn 0.1069 -0.9864 -0.1246
vn 0.2584 -0.9584 -0.1211
vn 0.2583 -0.9584 -0.1211
vn 0.4219 -0.8995 -0.1136
vn 0.4220 -0.8995 -0.1136
vn 0.5728 -0.8132 -0.1027
vn 0.7064 -0.7022 -0.0887
vn 0.8186 -0.5698 -0.0720
vn 0.9060 -0.4200 -0.0531
vn 0.9060 -0.4199 -0.0530
vn 0.9658 -0.2573 -0.0325
vn 0.9658 -0.2572 -0.0325
vn 0.9962 -0.0866 -0.0109
vn 0.0871 -0.9957 0.0313
vn 0.1371 -0.9906 -0.0000
vn 0.2584 -0.9660 -0.0000
vn 0.2583 -0.9661 -0.0000
vn 0.4220 -0.9066 -0.0000
vn 0.4219 -0.9066 -0.0000
vn 0.5728 -0.8197 -0.0000
vn 0.7065 -0.7078 -0.0000
vn 0.7064 -0.7078 -0.0000
vn 0.8186 -0.5743 -0.0000
vn 0.9060 -0.4233 -0.0000
vn 0.9658 -0.2593 -0.0000
vn 0.9962 -0.0873 -0.0000
vn 0.0872 -0.9798 0.1798
vn 0.1069 -0.9864 0.1246
vn 0.2583 -0.9584 0.1211
vn 0.2584 -0.9584 0.1211
vn 0.4219 -0.8995 0.1136
vn 0.4220 -0.8995 0.1136
vn 0.5728 -0.8132 0.1027
vn 0.7064 -0.7022 0.0887
vn 0.7064 -0.7023 0.0887
vn 0.8186 -0.5698 0.0720
vn 0.9060 -0.4200 0.0531
vn 0.9060 -0.4200 0.0530
vn 0.9658 -0.2573 0.0325
vn 0.9962 -0.0866 0.0110
vn 0.9962 -0.0866 0.0109
vn 0.9962 -0.0846 0.0217
vn 0.9658 -0.2511 0.0645
vn 0.9658 -0.2512 0.0645
vn 0.9060 -0.4100 0.1053
vn 0.8186 -0.5563 0.1428
vn 0.7064 -0.6856 0.1760
vn 0.5728 -0.7939 0.2038
vn 0.5728 -0.7939 0.2039
vn 0.4220 -0.8781 0.2255
vn 0.4219 -0.8781 0.2255
vn 0.2583 -0.9357 0.2403
vn 0.2583 -0.9357 0.2402
vn 0.0870 -0.9649 0.2477
vn 0.0871 -0.9649 0.2477
vn 0.0870 -0.9263 0.3667
vn 0.1425 -0.9138 0.3804
vn 0.0871 -0.9419 0.3244
vn 0.0871 -0.8521 0.5161
vn 0.1315 -0.8687 0.4776
vn 0.2584 -0.8465 0.4654
vn 0.2583 -0.8466 0.4654
vn 0.4219 -0.7945 0.4368
vn 0.5728 -0.7183 0.3949
vn 0.7064 -0.6202 0.3410
vn 0.7064 -0.6203 0.3410
vn 0.8186 -0.5033 0.2767
vn 0.9060 -0.3709 0.2039
vn 0.9658 -0.2272 0.1249
vn 0.9962 -0.0765 0.0421
vn 0.9962 -0.0706 0.0513
vn 0.9658 -0.2098 0.1524
vn 0.9060 -0.3425 0.2488
vn 0.8186 -0.4647 0.3376
vn 0.8186 -0.4646 0.3376
vn 0.7064 -0.5726 0.4160
vn 0.5728 -0.6631 0.4818
vn 0.4219 -0.7335 0.5329
vn 0.2583 -0.7816 0.5678
vn 0.2584 -0.7815 0.5678
vn 0.0870 -0.8059 0.5856
vn 0.0870 -0.7238 0.6845
vn 0.0976 -0.7255 0.6813
vn 0.2583 -0.7042 0.6613
vn 0.4219 -0.6609 0.6206
vn 0.5728 -0.5975 0.5611
vn 0.7064 -0.5160 0.4845
vn 0.8186 -0.4187 0.3932
vn 0.8186 -0.4187 0.3931
vn 0.9060 -0.3086 0.2898
vn 0.9658 -0.1890 0.1775
vn 0.9962 -0.0637 0.0598
vn 0.0870 -0.6350 0.7676
vn 0.1753 -0.6061 0.7758
vn 0.0871 -0.6614 0.7450
vn 0.0872 -0.4890 0.8679
vn 0.1150 -0.5323 0.8387
vn 0.2583 -0.5176 0.8157
vn 0.2584 -0.5176 0.8157
vn 0.4219 -0.4858 0.7655
vn 0.5728 -0.4392 0.6921
vn 0.7064 -0.3793 0.5976
vn 0.8186 -0.3077 0.4849
vn 0.9060 -0.2268 0.3574
vn 0.9658 -0.1389 0.2189
vn 0.9962 -0.0468 0.0737
vn 0.9962 -0.0372 0.0790
vn 0.9658 -0.1104 0.2346
vn 0.9060 -0.1802 0.3830
vn 0.8186 -0.2445 0.5197
vn 0.7064 -0.3014 0.6404
vn 0.7064 -0.3014 0.6405
vn 0.5728 -0.3490 0.7417
vn 0.4219 -0.3860 0.8203
vn 0.2583 -0.4113 0.8741
vn 0.2584 -0.4113 0.8741
vn 0.0870 -0.4242 0.9014
vn 0.0870 -0.3078 0.9475
vn 0.1315 -0.2931 0.9470
vn 0.0871 -0.3538 0.9313
vn 0.0871 -0.1490 0.9850
vn 0.1347 -0.1857 0.9733
vn 0.2583 -0.1810 0.9489
vn 0.4219 -0.1699 0.8906
vn 0.5728 -0.1536 0.8052
vn 0.7064 -0.1326 0.6953
vn 0.8186 -0.1076 0.5642
vn 0.9060 -0.0793 0.4158
vn 0.9658 -0.0486 0.2547
vn 0.9962 -0.0164 0.0858
vn 0.9962 -0.0055 0.0872
vn 0.9658 -0.0163 0.2588
vn 0.9060 -0.0266 0.4225
vn 0.8186 -0.0361 0.5732
vn 0.7064 -0.0444 0.7064
vn 0.5728 -0.0515 0.8181
vn 0.4219 -0.0569 0.9048
vn 0.2583 -0.0607 0.9641
vn 0.0870 -0.0626 0.9942
vn 0.9962 0.0055 0.0872
vn 0.9658 0.0163 0.2588
vn 0.9060 0.0266 0.4225
vn 0.8186 0.0361 0.5732
vn 0.7064 0.0444 0.7064
vn 0.5728 0.0515 0.8181
vn 0.4219 0.0569 0.9048
vn 0.2583 0.0607 0.9641
vn 0.0870 0.0626 0.9942
vn 0.0870 0.1867 0.9786
vn 0.1644 0.2085 0.9641
vn 0.0871 0.1490 0.9850
vn 0.0872 0.3538 0.9313
vn 0.1218 0.3067 0.9440
vn 0.2583 0.2985 0.9188
vn 0.4220 0.2802 0.8622
vn 0.4219 0.2802 0.8623
vn 0.5728 0.2533 0.7796
vn 0.7064 0.2187 0.6732
vn 0.8186 0.1775 0.5462
vn 0.9060 0.1308 0.4026
vn 0.9658 0.0801 0.2466
vn 0.9962 0.0270 0.0830
vn 0.9962 0.0270 0.0831
vn 0.9962 0.0372 0.0790
vn 0.9658 0.1104 0.2346
vn 0.9060 0.1802 0.3830
vn 0.8186 0.2445 0.5197
vn 0.7064 0.3014 0.6404
vn 0.5728 0.3490 0.7417
vn 0.4219 0.3860 0.8203
vn 0.4220 0.3860 0.8203
vn 0.2584 0.4113 0.8741
vn 0.2583 0.4113 0.8741
vn 0.0870 0.4242 0.9014
vn 0.0870 0.5426 0.8355
vn 0.1150 0.5323 0.8387
vn 0.2583 0.5176 0.8157
vn 0.4219 0.4858 0.7655
vn 0.5728 0.4392 0.6921
vn 0.5729 0.4392 0.6921
vn 0.7064 0.3793 0.5976
vn 0.8186 0.3077 0.4849
vn 0.9060 0.2268 0.3574
vn 0.9658 0.1389 0.2189
vn 0.9962 0.0468 0.0737
vn 0.0871 0.6614 0.7450
vn 0.1365 0.6315 0.7633
vn 0.2584 0.6158 0.7443
vn 0.2584 0.6158 0.7444
vn 0.4219 0.5779 0.6986
vn 0.5728 0.5225 0.6316
vn 0.7064 0.4512 0.5454
vn 0.8186 0.3661 0.4425
vn 0.9060 0.2698 0.3261
vn 0.9060 0.2698 0.3262
vn 0.9658 0.1653 0.1998
vn 0.9962 0.0557 0.0673
vn 0.0871 0.7653 0.6377
vn 0.0975 0.7255 0.6813
vn 0.2584 0.7042 0.6613
vn 0.4219 0.6609 0.6206
vn 0.5728 0.5975 0.5611
vn 0.7064 0.5160 0.4845
vn 0.8186 0.4187 0.3932
vn 0.9060 0.3086 0.2898
vn 0.9658 0.1890 0.1775
vn 0.9962 0.0637 0.0598
vn 0.9962 0.0706 0.0513
vn 0.9962 0.0707 0.0513
vn 0.9658 0.2098 0.1524
vn 0.9060 0.3424 0.2488
vn 0.9060 0.3425 0.2488
vn 0.8186 0.4647 0.3376
vn 0.7064 0.5726 0.4160
vn 0.5728 0.6631 0.4818
vn 0.5728 0.6632 0.4818
vn 0.4220 0.7335 0.5329
vn 0.4219 0.7335 0.5329
vn 0.2584 0.7815 0.5678
vn 0.2583 0.7816 0.5678
vn 0.0870 0.8060 0.5856
vn 0.0870 0.8059 0.5856
vn 0.0870 0.8730 0.4799
vn 0.1534 0.8757 0.4578
vn 0.0872 0.8521 0.5160
vn 0.0872 0.9419 0.3243
vn 0.1273 0.9222 0.3651
vn 0.2584 0.8982 0.3556
vn 0.2583 0.8982 0.3556
vn 0.4220 0.8429 0.3338
vn 0.4219 0.8430 0.3338
vn 0.5728 0.7621 0.3017
vn 0.5728 0.7621 0.3018
vn 0.7064 0.6581 0.2606
vn 0.7064 0.6581 0.2605
vn 0.8186 0.5340 0.2114
vn 0.9060 0.3936 0.1558
vn 0.9658 0.2411 0.0955
vn 0.9962 0.0812 0.0321
vn 0.9962 0.0846 0.0217
vn 0.9658 0.2512 0.0645
vn 0.9658 0.2511 0.0645
vn 0.9060 0.4100 0.1053
vn 0.8186 0.5563 0.1428
vn 0.7064 0.6856 0.1760
vn 0.7064 0.6855 0.1760
vn 0.5728 0.7940 0.2038
vn 0.5729 0.7939 0.2038
vn 0.4219 0.8782 0.2255
vn 0.4220 0.8781 0.2255
vn 0.2583 0.9357 0.2402
vn 0.0870 0.9649 0.2477
vn 0.0871 0.9892 0.1180
vn 0.1069 0.9864 0.1246
vn 0.2583 0.9585 0.1211
vn 0.4220 0.8995 0.1136
vn 0.4220 0.8994 0.1136
vn 0.5727 0.8133 0.1027
vn 0.5728 0.8132 0.1027
vn 0.7064 0.7022 0.0887
vn 0.8186 0.5699 0.0720
vn 0.8186 0.5698 0.0720
vn 0.9060 0.4199 0.0530
vn 0.9060 0.4200 0.0531
vn 0.9658 0.2572 0.0325
vn 0.9658 0.2573 0.0325
vn 0.9962 0.0866 0.0109
vn 0.9962 0.0867 0.0109
vn 0.0871 0.9957 -0.0313
vn 0.1372 0.9905 -0.0000
vn 0.2583 0.9661 -0.0000
vn 0.2584 0.9660 -0.0000
vn 0.4219 0.9066 -0.0000
vn 0.5728 0.8197 -0.0000
vn 0.7064 0.7078 -0.0000
vn 0.8186 0.5743 -0.0000
vn 0.9060 0.4233 -0.0000
vn 0.9658 0.2593 -0.0000
vn 0.9962 0.0873 -0.0000
vn 0.0872 0.9798 -0.1798
vn 0.1069 0.9864 -0.1246
vn 0.2583 0.9584 -0.1211
vn 0.2583 0.9585 -0.1211
vn 0.4220 0.8995 -0.1136
vn 0.5728 0.8132 -0.1027
vn 0.7064 0.7022 -0.0887
vn 0.8186 0.5698 -0.0720
vn 0.9060 0.4200 -0.0531
vn 0.9060 0.4200 -0.0530
vn 0.9658 0.2572 -0.0325
vn 0.9658 0.2573 -0.0325
vn 0.9962 0.0866 -0.0110
vn 0.9962 0.0867 -0.0109
vn 0.9962 0.0846 -0.0217
vn 0.9658 0.2512 -0.0645
vn 0.9658 0.2511 -0.0645
vn 0.9060 0.4100 -0.1053
vn 0.8186 0.5563 -0.1428
vn 0.7064 0.6856 -0.1760
vn 0.5728 0.7939 -0.2038
vn 0.4219 0.8781 -0.2255
vn 0.4220 0.8781 -0.2255
vn 0.2583 0.9357 -0.2402
vn 0.0870 0.9649 -0.2477
vn 0.0869 0.9649 -0.2478
vn 0.0870 0.9262 -0.3667
vn 0.1424 0.9138 -0.3804
vn 0.0872 0.9419 -0.3243
vn 0.0872 0.8521 -0.5160
vn 0.1316 0.8687 -0.4776
vn 0.2584 0.8466 -0.4654
vn 0.2583 0.8466 -0.4654
vn 0.4220 0.7945 -0.4368
vn 0.4219 0.7945 -0.4368
vn 0.5728 0.7183 -0.3949
vn 0.7064 0.6203 -0.3410
vn 0.7065 0.6202 -0.3410
vn 0.8186 0.5033 -0.2767
vn 0.9060 0.3710 -0.2039
vn 0.9060 0.3709 -0.2039
vn 0.9658 0.2272 -0.1249
vn 0.9962 0.0765 -0.0421
vn 0.9962 0.0706 -0.0513
vn 0.9962 0.0707 -0.0513
vn 0.9658 0.2098 -0.1524
vn 0.9060 0.3424 -0.2488
vn 0.9060 0.3425 -0.2488
vn 0.8186 0.4646 -0.3376
vn 0.8186 0.4647 -0.3376
vn 0.7064 0.5726 -0.4160
vn 0.5728 0.6631 -0.4818
vn 0.5728 0.6632 -0.4818
vn 0.4220 0.7335 -0.5329
vn 0.4219 0.7335 -0.5329
vn 0.2584 0.7815 -0.5678
vn 0.2583 0.7816 -0.5678
vn 0.0870 0.8060 -0.5856
vn 0.0870 0.8059 -0.5856
vn 0.0870 0.7238 -0.6845
vn 0.0975 0.7255 -0.6813
vn 0.2584 0.7042 -0.6613
vn 0.4219 0.6609 -0.6206
vn 0.5729 0.5975 -0.5611
vn 0.5728 0.5976 -0.5611
vn 0.7064 0.5160 -0.4845
vn 0.8186 0.4187 -0.3932
vn 0.9060 0.3086 -0.2898
vn 0.9658 0.1890 -0.1775
vn 0.9962 0.0637 -0.0598
vn 0.0870 0.6350 -0.7676
vn 0.1752 0.6061 -0.7758
vn 0.0871 0.6614 -0.7450
vn 0.0871 0.4890 -0.8679
vn 0.1150 0.5323 -0.8387
vn 0.2583 0.5176 -0.8157
vn 0.4219 0.4858 -0.7655
vn 0.4220 0.4858 -0.7655
vn 0.5728 0.4392 -0.6921
vn 0.7064 0.3793 -0.5976
vn 0.8186 0.3077 -0.4849
vn 0.9060 0.2268 -0.3574
vn 0.9658 0.1389 -0.2189
vn 0.9962 0.0468 -0.0737
vn 0.9962 0.0372 -0.0790
vn 0.9658 0.1104 -0.2346
vn 0.9060 0.1802 -0.3830
vn 0.8186 0.2445 -0.5197
vn 0.7064 0.3014 -0.6404
vn 0.5728 0.3490 -0.7417
vn 0.4219 0.3860 -0.8203
vn 0.2583 0.4113 -0.8741
vn 0.0870 0.4242 -0.9014
vn 0.0870 0.3078 -0.9475
vn 0.1315 0.2931 -0.9470
vn 0.0872 0.3538 -0.9313
vn 0.0871 0.1490 -0.9850
vn 0.1347 0.1857 -0.9733
vn 0.2583 0.1810 -0.9489
vn 0.4219 0.1699 -0.8906
vn 0.5728 0.1536 -0.8052
vn 0.7064 0.1326 -0.6953
vn 0.8186 0.1076 -0.5642
vn 0.9060 0.0793 -0.4158
vn 0.9658 0.0486 -0.2547
vn 0.9962 0.0164 -0.0858
vn 0.9962 0.0055 -0.0872
vn 0.9658 0.0163 -0.2588
vn 0.9060 0.0266 -0.4225
vn 0.8186 0.0361 -0.5732
vn 0.7064 0.0444 -0.7064
vn 0.5728 0.0515 -0.8181
vn 0.4219 0.0569 -0.9048
vn 0.2583 0.0607 -0.9641
vn 0.0870 0.0626 -0.9942
vn -0.0000 -0.0872 0.9962
vn -0.0000 -0.2588 0.9659
vn -0.0000 -0.4226 0.9063
vn -0.0000 -0.5736 0.8192
vn -0.0000 -0.7071 0.7071
vn -0.0000 -0.8192 0.5736
vn -0.0000 -0.9063 0.4226
vn -0.0000 -0.9659 0.2588
vn -0.0000 -0.9962 0.0872
vn -0.0000 -0.8192 -0.5736
vn -0.0000 -0.5736 -0.8192
vn -0.0000 0.5736 -0.8191
vn -0.0000 0.8192 -0.5736
vn -0.0000 0.8192 0.5736
vn -0.0000 0.5736 0.8191
vn -0.0013 -0.0872 -0.9962
vn -0.0000 -0.1521 -0.9884
vn -0.0000 -0.2164 -0.9763
vn -0.0017 -0.2588 -0.9659
vn -0.0000 -0.3007 -0.9537
vn -0.0000 -0.3624 -0.9320
vn -0.0013 -0.4226 -0.9063
vn -0.0000 -0.4423 -0.8969
vn -0.0000 -0.5556 -0.8315
vn -0.0013 -0.5736 -0.8192
vn -0.0000 -0.6259 -0.7799
vn -0.0000 -0.6756 -0.7373
vn -0.0017 -0.7071 -0.7071
vn -0.0000 -0.7373 -0.6756
vn -0.0000 -0.7799 -0.6259
vn -0.0013 -0.8192 -0.5736
vn -0.0000 -0.8315 -0.5556
vn -0.0000 -0.8969 -0.4423
vn -0.0013 -0.9063 -0.4226
vn -0.0000 -0.9320 -0.3624
vn -0.0000 -0.9537 -0.3007
vn -0.0017 -0.9659 -0.2588
vn -0.0000 -0.9763 -0.2164
vn -0.0000 -0.9884 -0.1521
vn -0.0013 -0.9962 -0.0872
vn -0.0000 -0.9979 -0.0654
vn -0.0000 -0.9979 0.0654
vn -0.0013 -0.9962 0.0872
vn -0.0000 -0.9884 0.1521
vn -0.0000 -0.9763 0.2164
vn -0.0017 -0.9659 0.2588
vn -0.0000 -0.9537 0.3007
vn -0.0000 -0.9320 0.3624
vn -0.0013 -0.9063 0.4226
vn -0.0000 -0.8969 0.4423
vn -0.0000 -0.8315 0.5556
vn -0.0013 -0.8192 0.5736
vn -0.0000 -0.7799 0.6259
vn -0.0017 -0.7071 0.7071
vn -0.0000 -0.6259 0.7799
vn -0.0013 -0.5736 0.8192
vn -0.0000 -0.5556 0.8315
vn -0.0000 -0.4423 0.8969
vn -0.0013 -0.4226 0.9063
vn -0.0000 -0.3624 0.9320
vn -0.0000 -0.3007 0.9537
vn -0.0017 -0.2588 0.9659
vn -0.0000 -0.2164 0.9763
vn -0.0000 -0.1521 0.9884
vn -0.0013 -0.0872 0.9962
vn -0.0000 -0.0654 0.9979
vn -0.0000 0.0654 0.9979
vn -0.0013 0.0872 0.9962
vn -0.0000 0.1521 0.9884
vn -0.0000 0.2164 0.9763
vn -0.0017 0.2588 0.9659
vn -0.0000 0.3007 0.9537
vn -0.0000 0.3624 0.9320
vn -0.0013 0.4226 0.9063
vn -0.0000 0.4423 0.8969
vn -0.0000 0.5556 0.8315
vn -0.0013 0.5736 0.8192
vn -0.0000 0.6259 0.7799
vn -0.0000 0.6756 0.7373
vn -0.0017 0.7071 0.7071
vn -0.0000 0.7373 0.6756
vn -0.0000 0.7799 0.6259
vn -0.0013 0.8192 0.5736
vn -0.0000 0.8315 0.5556
vn -0.0000 0.8969 0.4423
vn -0.0013 0.9063 0.4226
vn -0.0000 0.9320 0.3624
vn -0.0000 0.9537 0.3007
vn -0.0017 0.9659 0.2588
vn -0.0000 0.9763 0.2164
vn -0.0000 0.9884 0.1521
vn -0.0013 0.9962 0.0872
vn -0.0000 0.9979 0.0654
vn -0.0000 0.9979 -0.0654
vn -0.0013 0.9962 -0.0872
vn -0.0000 0.9884 -0.1521
vn -0.0000 0.9763 -0.2164
vn -0.0017 0.9659 -0.2588
vn -0.0000 0.9537 -0.3007
vn -0.0000 0.9320 -0.3624
vn -0.0013 0.9063 -0.4226
vn -0.0000 0.8969 -0.4423
vn -0.0000 0.8315 -0.5556
vn -0.0013 0.8192 -0.5736
vn -0.0000 0.7799 -0.6259
vn -0.0000 0.7373 -0.6756
vn -0.0017 0.7071 -0.7071
vn -0.0000 0.6756 -0.7373
vn -0.0000 0.6259 -0.7799
vn -0.0013 0.5736 -0.8192
vn -0.0000 0.5556 -0.8315
vn -0.0000 0.4423 -0.8969
vn -0.0013 0.4226 -0.9063
vn -0.0000 0.3624 -0.9320
vn -0.0000 0.3007 -0.9537
vn -0.0017 0.2588 -0.9659
vn -0.0000 0.2164 -0.9763
vn -0.0000 0.1521 -0.9884
vn -0.0013 0.0872 -0.9962
vn -0.0000 0.0654 -0.9979
vn -0.0000 -0.0654 -0.9979
vn -0.0014 0.6259 -0.7799
vn -0.0014 -0.6259 0.7799
vn -0.0022 0.5556 0.8315
vn -0.0030 0.3624 0.9320
vn 0.0174 0.3886 0.9212
vn -0.0406 0.4419 0.8961
vn -0.0000 0.4639 0.8859
vn -0.0000 0.5007 0.8656
vn -0.0100 0.2164 0.9762
vn 0.0079 0.2281 0.9736
vn -0.0082 0.3007 0.9537
vn -0.0000 0.3057 0.9521
vn -0.0000 0.3459 0.9383
vn -0.0000 0.0100 0.9999
vn -0.0226 0.0654 0.9976
vn -0.0307 0.0618 0.9976
vn 0.0196 0.1521 0.9882
vn -0.0000 0.1387 0.9903
vn -0.0000 0.1802 0.9836
vn -0.0169 -0.2164 0.9762
vn -0.0000 -0.2027 0.9792
vn -0.0082 -0.1613 0.9869
vn 0.0282 -0.0654 0.9975
vn -0.0984 -0.1065 0.9894
vn -0.0000 -0.0325 0.9995
vn -0.0179 -0.3007 0.9536
vn -0.0046 -0.2894 0.9572
vn 0.0023 -0.2491 0.9685
vn -0.0000 -0.4840 0.8751
vn -0.0352 -0.4420 0.8963
vn -0.0501 -0.4487 0.8923
vn -0.0052 -0.4112 0.9115
vn 0.0053 -0.3624 0.9320
vn -0.0000 -0.3670 0.9302
vn -0.0000 -0.3271 0.9450
vn -0.0001 -0.6247 0.7809
vn 0.0001 -0.5925 0.8056
vn -0.0375 -0.5552 0.8309
vn -0.0434 -0.5578 0.8289
vn -0.0000 -0.5204 0.8539
vn -0.0049 -0.7799 0.6259
vn -0.0000 -0.7732 0.6341
vn -0.0067 -0.7398 0.6728
vn 0.0073 -0.6756 0.7373
vn -0.0000 -0.6784 0.7347
vn -0.0000 -0.6416 0.7671
vn -0.0000 -0.8681 0.4964
vn -0.0000 -0.8543 0.5198
vn -0.0397 -0.8308 0.5551
vn -0.0272 -0.8271 0.5613
vn 0.0068 -0.7965 0.6047
vn -0.0000 -0.8681 -0.4964
vn -0.0054 -0.8834 -0.4685
vn -0.0435 -0.8960 -0.4419
vn -0.0079 -0.9080 -0.4188
vn 0.0064 -0.9320 -0.3624
vn -0.0000 -0.9299 -0.3678
vn 0.0254 -0.9576 -0.2869
vn -0.0171 -0.9762 -0.2164
vn -0.0000 -0.9793 -0.2024
vn 0.0062 -0.9894 -0.1452
vn -0.0165 -0.9977 -0.0654
vn -0.0000 -0.9983 -0.0584
vn -0.0185 -0.9981 0.0584
vn 0.0082 -0.9883 0.1521
vn -0.0000 -0.9894 0.1452
vn -0.0254 -0.9790 0.2024
vn 0.0337 -0.9532 0.3005
vn -0.0000 -0.9579 0.2870
vn 0.0051 -0.9299 0.3678
vn -0.0140 -0.8968 0.4422
vn -0.0770 -0.9054 0.4176
vn -0.0054 -0.8834 0.4685
vn -0.0318 -0.8310 -0.5553
vn -0.0464 -0.8265 -0.5610
vn -0.0000 -0.8543 -0.5198
vn -0.0022 -0.5556 -0.8315
vn -0.0588 -0.5366 -0.8418
vn 0.0184 -0.6068 -0.7946
vn -0.0014 -0.6259 -0.7799
vn -0.0000 -0.6416 -0.7671
vn 0.0067 -0.6783 -0.7347
vn -0.0061 -0.7373 -0.6756
vn -0.0000 -0.7398 -0.6728
vn -0.0094 -0.7732 -0.6341
vn 0.0068 -0.7965 -0.6047
vn -0.0030 -0.3624 -0.9320
vn 0.0174 -0.3886 -0.9212
vn -0.0406 -0.4419 -0.8961
vn -0.0000 -0.4639 -0.8859
vn -0.0000 -0.5007 -0.8656
vn -0.0101 -0.2164 -0.9762
vn 0.0079 -0.2281 -0.9736
vn -0.0082 -0.3007 -0.9537
vn -0.0000 -0.3057 -0.9521
vn -0.0000 -0.3459 -0.9383
vn -0.0000 -0.0100 -1.0000
vn -0.0226 -0.0654 -0.9976
vn -0.0307 -0.0618 -0.9976
vn 0.0196 -0.1521 -0.9882
vn -0.0000 -0.1387 -0.9903
vn -0.0000 -0.1802 -0.9836
vn -0.0169 0.2164 -0.9762
vn -0.0000 0.2027 -0.9792
vn -0.0083 0.1613 -0.9869
vn 0.0282 0.0654 -0.9975
vn -0.0984 0.1065 -0.9894
vn -0.0000 0.0325 -0.9995
vn -0.0179 0.3007 -0.9536
vn -0.0046 0.2894 -0.9572
vn 0.0023 0.2491 -0.9685
vn -0.0000 0.4840 -0.8751
vn -0.0352 0.4420 -0.8963
vn -0.0501 0.4487 -0.8923
vn -0.0052 0.4112 -0.9115
vn 0.0053 0.3624 -0.9320
vn -0.0000 0.3670 -0.9302
vn -0.0000 0.3271 -0.9450
vn -0.0001 0.6247 -0.7809
vn 0.0001 0.5925 -0.8056
vn -0.0375 0.5552 -0.8309
vn -0.0434 0.5578 -0.8289
vn -0.0000 0.5204 -0.8539
vn -0.0049 0.7799 -0.6259
vn -0.0000 0.7732 -0.6341
vn -0.0066 0.7398 -0.6728
vn 0.0072 0.6756 -0.7373
vn -0.0000 0.6784 -0.7347
vn -0.0000 0.6414 -0.7672
vn -0.0000 0.8681 -0.4964
vn -0.0000 0.8543 -0.5198
vn -0.0397 0.8308 -0.5551
vn -0.0272 0.8271 -0.5614
vn 0.0068 0.7965 -0.6046
vn -0.0000 0.8681 0.4964
vn -0.0055 0.8834 0.4685
vn -0.0435 0.8960 0.4419
vn -0.0078 0.9080 0.4188
vn 0.0065 0.9320 0.3624
vn -0.0000 0.9299 0.3678
vn 0.0255 0.9576 0.2869
vn -0.0171 0.9762 0.2164
vn -0.0000 0.9793 0.2024
vn 0.0062 0.9894 0.1452
vn -0.0166 0.9977 0.0654
vn -0.0000 0.9983 0.0584
vn -0.0186 0.9981 -0.0584
vn 0.0081 0.9883 -0.1521
vn -0.0000 0.9894 -0.1452
vn -0.0255 0.9790 -0.2024
vn 0.0339 0.9532 -0.3005
vn -0.0000 0.9579 -0.2870
vn 0.0051 0.9299 -0.3678
vn -0.0140 0.8968 -0.4423
vn -0.0769 0.9054 -0.4176
vn -0.0055 0.8834 -0.4685
vn -0.0318 0.8310 0.5553
vn -0.0464 0.8265 0.5610
vn -0.0000 0.8543 0.5198
vn -0.0589 0.5366 0.8418
vn 0.0184 0.6068 0.7946
vn -0.0014 0.6259 0.7799
vn -0.0000 0.6414 0.7672
vn 0.0066 0.6783 0.7347
vn -0.0061 0.7373 0.6756
vn -0.0000 0.7398 0.6728
vn -0.0094 0.7732 0.6341
vn 0.0068 0.7965 0.6046
vn -0.5228 0.1182 -0.8442
vn -0.4280 0.1461 -0.8919
vn -0.6178 0.3217 -0.7176
vn -0.3226 -0.0160 -0.9464
vn -0.4191 -0.0988 -0.9026
vn -0.3518 -0.1687 -0.9207
vn -0.3161 0.0310 -0.9482
vn -0.6251 0.3877 -0.6774
vn -0.6379 0.2893 -0.7137
vn -0.5839 0.1518 -0.7975
vn -0.5946 0.1943 -0.7802
vn -0.5943 0.1943 -0.7804
vn -0.6099 0.2423 -0.7545
vn -0.6543 0.2761 -0.7040
vn -0.6649 0.4425 -0.6017
vn -0.6685 0.4642 -0.5811
vn -0.6875 0.4534 -0.5673
vn -0.5659 0.3990 -0.7215
vn -0.5703 0.4275 -0.7014
vn -0.5050 0.3549 -0.7867
vn -0.5072 0.3871 -0.7700
vn -0.3531 0.1897 -0.9162
vn -0.3457 0.2338 -0.9088
vn -0.3810 0.1081 -0.9182
vn -0.3943 0.2659 -0.8797
vn -0.4015 0.2409 -0.8836
vn -0.4423 0.2933 -0.8476
vn -0.4496 0.3278 -0.8309
vn -0.3295 -0.0320 -0.9436
vn -0.3081 -0.0589 -0.9495
vn -0.3162 -0.0095 -0.9486
vn -0.3510 -0.2136 -0.9117
vn -0.4459 -0.3096 -0.8398
vn -0.4456 -0.3066 -0.8411
vn -0.5015 -0.3364 -0.7971
vn -0.5096 -0.3991 -0.7623
vn -0.5554 -0.3419 -0.7580
vn -0.5674 -0.4122 -0.7128
vn -0.5654 -0.3927 -0.7253
vn -0.6259 -0.4192 -0.6577
vn -0.6068 -0.1923 -0.7712
vn -0.5948 -0.1942 -0.7800
vn -0.5809 -0.1412 -0.8016
vn -0.5652 -0.1475 -0.8117
vn -0.5013 -0.1262 -0.8560
vn -0.5094 -0.1193 -0.8522
vn -0.4205 -0.0984 -0.9019
vn -0.4122 -0.0511 -0.9097
vn -0.4131 -0.0507 -0.9093
vn -0.3360 0.0277 -0.9414
vn -0.3162 0.0074 -0.9487
vn -0.3162 -0.0040 -0.9487
vn -0.3809 0.0673 -0.9222
vn -0.3454 0.0451 -0.9374
vn -0.3402 0.0222 -0.9401
vn -0.6013 0.2266 -0.7662
vn -0.5621 0.3384 -0.7547
vn -0.4625 0.3036 -0.8330
vn -0.4457 0.3065 -0.8411
vn -0.4363 0.2084 -0.8753
vn -0.3910 0.2132 -0.8954
vn -0.3810 -0.1081 -0.9182
vn -0.3945 -0.2808 -0.8749
vn -0.3876 -0.1542 -0.9088
vn -0.3511 -0.1567 -0.9231
vn -0.3433 -0.0443 -0.9382
vn -0.3480 -0.1299 -0.9284
vn -0.3251 -0.0955 -0.9408
vn -0.2674 -0.0973 -0.9587
vn -0.3161 -0.0321 -0.9482
vn -0.3162 0.0225 -0.9484
vn -0.3187 0.0258 -0.9475
vn -0.3241 0.0668 -0.9436
vn -0.3416 0.1006 -0.9345
vn -0.3505 0.1510 -0.9243
vn -0.4421 -0.2636 -0.8574
vn -0.4830 -0.1793 -0.8571
vn -0.5006 -0.3056 -0.8100
vn -0.4458 -0.3099 -0.8397
vn -0.4996 -0.2966 -0.8139
vn -0.5622 -0.3400 -0.7538
vn -0.5621 -0.3384 -0.7547
vn -0.6237 -0.3722 -0.6874
vn -0.6251 -0.3878 -0.6774
vn -0.6219 -0.3871 -0.6807
vn -0.6710 -0.4498 -0.5894
vn -0.6890 -0.4395 -0.5763
vn -0.5308 -0.1528 -0.8336
vn -0.5477 -0.2373 -0.8024
vn -0.6013 -0.2266 -0.7662
vn -0.6141 -0.2965 -0.7315
vn -0.6379 -0.2893 -0.7137
vn -0.4295 -0.2092 -0.8785
vn -0.3910 -0.2132 -0.8954
vn -0.4280 -0.1461 -0.8919
vn -0.4333 -0.1845 -0.8822
vn -0.3854 -0.2264 -0.8945
vn -0.5420 -0.2062 -0.8147
vn -0.5555 -0.2866 -0.7806
vn -0.6177 -0.3217 -0.7176
vn -0.6156 -0.3065 -0.7260
vn -0.6519 -0.3514 -0.6720
vn -0.6272 0.2926 -0.7218
vn -0.6047 0.2435 -0.7583
vn -0.5389 0.1907 -0.8205
vn -0.5777 0.1848 -0.7951
vn -0.5300 0.1490 -0.8348
vn -0.5155 0.1526 -0.8432
vn -0.5261 0.1179 -0.8422
vn -0.4514 0.1143 -0.8850
vn -0.4173 0.0795 -0.9053
vn -0.3520 0.0836 -0.9322
vn -0.3824 0.0708 -0.9213
vn -0.4193 0.0911 -0.9033
vn -0.4304 0.1627 -0.8879
vn -0.4600 0.1601 -0.8733
vn -0.5420 0.2062 -0.8147
vn -0.4887 0.2141 -0.8458
vn -0.5565 0.2933 -0.7774
vn -0.5564 0.2933 -0.7774
vn -0.5669 0.3922 -0.7244
vn -0.5879 0.3852 -0.7113
vn -0.6281 0.4344 -0.6456
vn -0.5244 0.3501 -0.7762
vn -0.5050 0.3549 -0.7868
vn -0.4946 0.2554 -0.8308
vn -0.4333 0.1845 -0.8822
vn -0.3824 0.1201 -0.9162
vn -0.3454 0.0683 -0.9360
vn -0.3452 0.0663 -0.9362
vn -0.3119 0.0280 -0.9497
vn -0.3162 -0.0121 -0.9486
vn -0.3407 -0.0443 -0.9391
vn -0.3412 -0.0346 -0.9393
vn -0.3752 -0.1084 -0.9206
vn -0.3746 -0.0880 -0.9230
vn -0.4249 -0.1255 -0.8965
vn -0.5389 -0.1907 -0.8205
vn -0.5916 -0.1825 -0.7853
vn -0.6047 -0.2435 -0.7583
vn -0.6263 -0.2385 -0.7422
vn -0.1899 -0.9787 -0.0780
vn -0.1209 -0.9848 -0.1244
vn -0.2105 -0.9631 -0.1678
vn -0.4557 -0.8241 -0.3364
vn -0.5526 -0.7716 -0.3150
vn -0.5589 -0.7576 -0.3371
vn -0.5168 -0.8248 -0.2295
vn -0.6007 -0.5423 0.5874
vn -0.6692 -0.5772 0.4681
vn -0.6326 -0.6606 0.4042
vn -0.5737 -0.7167 0.3965
vn -0.6139 -0.7008 0.3634
vn -0.5695 -0.7297 0.3784
vn -0.5995 -0.7311 0.3255
vn -0.5588 -0.7577 0.3371
vn -0.5797 -0.7618 0.2893
vn -0.5474 -0.7825 0.2968
vn -0.5597 -0.7890 0.2533
vn -0.5435 -0.7993 0.2563
vn -0.5175 -0.8306 0.2057
vn -0.5168 -0.8248 0.2296
vn -0.3775 -0.9219 0.0874
vn -0.4300 -0.9010 0.0578
vn -0.3555 -0.9342 0.0295
vn -0.3963 -0.9181 -0.0000
vn -0.3970 -0.9178 -0.0015
vn -0.3971 -0.9178 -0.0022
vn -0.3971 -0.9178 -0.0004
vn -0.4203 -0.9072 0.0178
vn -0.3970 -0.9178 0.0018
vn -0.3970 -0.9178 0.0017
vn -0.3962 -0.9181 -0.0000
vn -0.4343 -0.8628 -0.2588
vn -0.5306 -0.8119 -0.2436
vn -0.5352 -0.8044 -0.2578
vn -0.5647 -0.7716 -0.2929
vn -0.6226 -0.6969 -0.3559
vn -0.6139 -0.7007 -0.3634
vn -0.6019 -0.7089 -0.3677
vn -0.6646 -0.5459 -0.5102
vn -0.6837 -0.4684 -0.5595
vn -0.6745 -0.4763 -0.5641
vn -0.6779 -0.4987 -0.5402
vn -0.5981 -0.5854 -0.5473
vn -0.5974 -0.5933 -0.5395
vn -0.4060 -0.8431 -0.3528
vn -0.4746 -0.7754 -0.4167
vn -0.5101 -0.7576 -0.4072
vn -0.5823 -0.6854 -0.4372
vn -0.5351 -0.7122 -0.4543
vn -0.5890 -0.6539 -0.4748
vn -0.5419 -0.6801 -0.4937
vn -0.4936 -0.6958 -0.5217
vn -0.5435 -0.6716 -0.5036
vn -0.4874 -0.7273 -0.4832
vn -0.5374 -0.7024 -0.4667
vn -0.4802 -0.7564 -0.4441
vn -0.4664 -0.7989 -0.3797
vn -0.4146 -0.8219 -0.3906
vn -0.4746 -0.7754 -0.4165
vn -0.4226 -0.7984 -0.4288
vn -0.4820 -0.7499 -0.4532
vn -0.4300 -0.7727 -0.4670
vn -0.4885 -0.7222 -0.4897
vn -0.4363 -0.7448 -0.5050
vn -0.4942 -0.6924 -0.5257
vn -0.3206 -0.8223 -0.4701
vn -0.5353 -0.6531 -0.5356
vn -0.5368 -0.6509 -0.5369
vn -0.5944 -0.6204 -0.5117
vn -0.5921 -0.6359 -0.4950
vn -0.6436 -0.6240 -0.4431
vn -0.5790 -0.6986 -0.4204
vn -0.5789 -0.6986 -0.4204
vn -0.5627 -0.7482 -0.3515
vn -0.4655 -0.8010 -0.3763
vn -0.4480 -0.8396 -0.3072
vn -0.3874 -0.8788 -0.2788
vn -0.1365 -0.9658 -0.2205
vn -0.1651 -0.9615 -0.2195
vn -0.2355 -0.9286 -0.2868
vn -0.2354 -0.9286 -0.2868
vn -0.1946 -0.9276 -0.3188
vn -0.2466 -0.9057 -0.3447
vn -0.2043 -0.9026 -0.3789
vn -0.2572 -0.8775 -0.4047
vn -0.0587 -0.9908 -0.1218
vn -0.0183 -0.9888 -0.1479
vn -0.0673 -0.9771 -0.2020
vn -0.0759 -0.9552 -0.2862
vn -0.1412 -0.9604 -0.2403
vn -0.0714 -0.9676 -0.2421
vn -0.1332 -0.9708 -0.1995
vn -0.2299 -0.9382 -0.2587
vn -0.2914 -0.9027 -0.3164
vn -0.2421 -0.9156 -0.3210
vn -0.2980 -0.8889 -0.3479
vn -0.2481 -0.9021 -0.3531
vn -0.3044 -0.8735 -0.3799
vn -0.2540 -0.8870 -0.3857
vn -0.3106 -0.8566 -0.4121
vn -0.2597 -0.8702 -0.4187
vn -0.3162 -0.8381 -0.4445
vn -0.1498 -0.9395 0.3079
vn -0.1396 -0.9606 0.2403
vn -0.2540 -0.8870 0.3857
vn -0.2466 -0.9057 0.3447
vn -0.1946 -0.9276 0.3188
vn -0.1833 -0.9497 0.2539
vn -0.1420 -0.9563 0.2557
vn -0.1332 -0.9708 0.1994
vn -0.0671 -0.9773 0.2008
vn -0.0587 -0.9908 0.1218
vn -0.3708 -0.8150 0.4452
vn -0.3570 -0.8552 0.3757
vn -0.1965 -0.8977 0.3944
vn -0.4874 -0.7273 0.4832
vn -0.4745 -0.7755 0.4165
vn -0.3220 -0.8340 0.4480
vn -0.2212 -0.9508 0.2170
vn -0.1499 -0.9583 0.2434
vn -0.2355 -0.9286 0.2868
vn -0.2481 -0.9021 0.3531
vn -0.2980 -0.8889 0.3479
vn -0.3117 -0.8533 0.4181
vn -0.5921 -0.6359 0.4950
vn -0.5823 -0.6854 0.4372
vn -0.4489 -0.7534 0.4805
vn -0.3154 -0.9269 0.2037
vn -0.3154 -0.9268 0.2037
vn -0.2260 -0.9441 0.2401
vn -0.3310 -0.9061 0.2636
vn -0.2325 -0.9339 0.2717
vn -0.3385 -0.8936 0.2946
vn -0.2388 -0.9222 0.3041
vn -0.3461 -0.8796 0.3263
vn -0.3460 -0.8796 0.3264
vn -0.3637 -0.8372 0.4084
vn -0.4164 -0.8171 0.3986
vn -0.4300 -0.7727 0.4670
vn -0.3103 -0.8566 0.4121
vn -0.2651 -0.8518 0.4518
vn -0.2572 -0.8775 0.4047
vn -0.5475 -0.6455 0.5325
vn -0.5943 -0.6204 0.5118
vn -0.5619 -0.6120 0.5566
vn -0.5105 -0.6880 0.5158
vn -0.4974 -0.6708 0.5501
vn -0.4885 -0.7222 0.4897
vn -0.4419 -0.7145 0.5424
vn -0.4303 -0.7707 0.4699
vn -0.3830 -0.7644 0.5187
vn -0.3704 -0.8158 0.4441
vn -0.3189 -0.8097 0.4926
vn -0.3206 -0.8223 0.4701
vn -0.5374 -0.7024 0.4667
vn -0.4936 -0.6958 0.5217
vn -0.4820 -0.7499 0.4532
vn -0.4364 -0.7447 0.5049
vn -0.4237 -0.7949 0.4343
vn -0.3774 -0.7907 0.4821
vn -0.3641 -0.8364 0.4098
vn -0.3178 -0.8328 0.4533
vn -0.3044 -0.8735 0.3798
vn -0.2597 -0.8702 0.4187
vn -0.2043 -0.9026 0.3789
vn -0.1922 -0.9325 0.3057
vn -0.0450 -0.9990 -0.0000
vn -0.1789 -0.9833 0.0327
vn -0.0491 -0.9982 0.0357
vn -0.0006 -0.9999 0.0114
vn -0.0000 -0.9999 0.0121
vn -0.0148 -0.9967 0.0795
vn -0.0516 -0.9970 0.0585
vn -0.2544 -0.9671 -0.0000
vn -0.2997 -0.9426 0.1471
vn -0.2068 -0.9667 0.1509
vn -0.2105 -0.9631 0.1678
vn -0.1285 -0.9770 0.1702
vn -0.1209 -0.9848 0.1244
vn -0.0630 -0.9848 0.1618
vn -0.0536 -0.9957 0.0761
vn -0.0181 -0.9924 0.1220
vn -0.0129 -0.9996 0.0257
vn -0.0000 -0.9992 0.0411
vn -0.0000 -0.9997 -0.0257
vn -0.0137 -0.9991 -0.0411
vn -0.0156 -0.9970 -0.0762
vn -0.0630 -0.9848 -0.1618
vn -0.1332 -0.9708 -0.1994
vn -0.1420 -0.9563 -0.2557
vn -0.1924 -0.9325 -0.3056
vn -0.1501 -0.9395 -0.3079
vn -0.2013 -0.9109 -0.3603
vn -0.4629 -0.8792 0.1128
vn -0.4789 -0.8708 0.1117
vn -0.3991 -0.9049 0.1482
vn -0.5035 -0.8459 0.1760
vn -0.4117 -0.8922 0.1857
vn -0.5305 -0.8119 0.2436
vn -0.4344 -0.8627 0.2588
vn -0.5419 -0.7928 0.2789
vn -0.4452 -0.8447 0.2972
vn -0.5527 -0.7716 0.3150
vn -0.4558 -0.8241 0.3364
vn -0.5626 -0.7482 0.3515
vn -0.4655 -0.8010 0.3763
vn -0.5718 -0.7227 0.3884
vn -0.5718 -0.7226 0.3883
vn -0.5870 -0.6642 0.4628
vn -0.6531 -0.6214 0.4329
vn -0.3638 -0.9301 0.0506
vn -0.2713 -0.9611 0.0523
vn -0.3842 -0.9172 0.1058
vn -0.2887 -0.9511 0.1097
vn -0.4049 -0.8993 0.1654
vn -0.3067 -0.9361 0.1722
vn -0.4255 -0.8755 0.2292
vn -0.3248 -0.9149 0.2395
vn -0.4355 -0.8611 0.2625
vn -0.3338 -0.9017 0.2749
vn -0.4451 -0.8450 0.2966
vn -0.3425 -0.8865 0.3112
vn -0.4544 -0.8269 0.3313
vn -0.3511 -0.8692 0.3482
vn -0.4632 -0.8069 0.3664
vn -0.4632 -0.8070 0.3664
vn -0.4802 -0.7564 0.4441
vn -0.5302 -0.7311 0.4293
vn -0.5420 -0.6800 0.4937
vn -0.5890 -0.6540 0.4748
vn -0.5982 -0.5854 0.5472
vn -0.6819 -0.5344 0.4995
vn -0.6745 -0.4763 0.5641
vn -0.6837 -0.4682 0.5598
vn -0.3637 -0.9301 -0.0506
vn -0.2712 -0.9611 -0.0523
vn -0.0488 -0.9983 -0.0332
vn -0.3842 -0.9172 -0.1058
vn -0.2888 -0.9511 -0.1097
vn -0.2691 -0.9621 -0.0453
vn -0.1822 -0.9822 -0.0462
vn -0.1708 -0.9853 -0.0000
vn -0.5435 -0.7993 -0.2563
vn -0.5176 -0.8306 -0.2056
vn -0.5066 -0.8441 -0.1757
vn -0.5035 -0.8459 -0.1760
vn -0.3991 -0.9049 -0.1482
vn -0.4713 -0.8744 -0.1153
vn -0.3775 -0.9219 -0.0874
vn -0.3776 -0.9219 -0.0874
vn -0.3438 -0.9390 -0.0000
vn -0.2068 -0.9667 -0.1509
vn -0.2997 -0.9426 -0.1471
vn -0.3227 -0.9179 -0.2311
vn -0.3913 -0.8722 -0.2935
vn -0.3399 -0.8914 -0.2999
vn -0.4084 -0.8375 -0.3631
vn -0.3561 -0.8573 -0.3718
vn -0.4164 -0.8172 -0.3986
vn -0.3638 -0.8372 -0.4084
vn -0.4237 -0.7949 -0.4343
vn -0.3709 -0.8150 -0.4452
vn -0.4304 -0.7707 -0.4699
vn -0.3771 -0.7908 -0.4821
vn -0.4363 -0.7445 -0.5053
vn -0.5835 -0.7420 -0.3302
vn -0.5474 -0.7825 -0.2968
vn -0.5419 -0.7928 -0.2789
vn -0.4453 -0.8446 -0.2972
vn -0.4279 -0.8722 -0.2372
vn -0.4279 -0.8721 -0.2372
vn -0.3515 -0.9208 -0.1693
vn -0.3067 -0.9361 -0.1722
vn -0.2841 -0.9541 -0.0943
vn -0.1943 -0.9762 -0.0965
vn -0.0958 -0.9949 -0.0331
vn -0.0516 -0.9970 -0.0585
vn 0.0223 -0.9991 -0.0358
vn -0.0000 -0.9999 -0.0121
vn -0.1570 -0.9184 0.3632
vn -0.1470 -0.9475 0.2839
vn -0.0715 -0.9676 0.2421
vn -0.0673 -0.9771 0.2020
vn -0.0183 -0.9888 0.1479
vn -0.0192 -0.9892 0.1452
vn -0.0135 -0.9991 0.0411
vn -0.0000 -0.9983 0.0585
vn -0.0000 -0.9992 -0.0411
vn -0.0145 -0.9982 -0.0584
vn -0.0192 -0.9892 -0.1452
vn -0.1822 -0.9822 0.0462
vn -0.2691 -0.9621 0.0453
vn -0.1943 -0.9762 0.0965
vn -0.1899 -0.9787 0.0780
vn -0.1207 -0.9850 0.1230
vn -0.1096 -0.9923 0.0582
vn -0.0590 -0.9904 0.1251
vn -0.0156 -0.9970 0.0762
vn -0.0121 -0.9999 0.0121
vn -0.0000 -0.9997 0.0257
vn -0.0128 -0.9996 -0.0257
vn -0.0134 -0.9993 -0.0358
vn -0.0536 -0.9957 -0.0761
vn -0.0517 -0.9970 -0.0585
vn -0.1207 -0.9850 -0.1230
vn -0.2196 -0.9529 -0.2094
vn -0.2587 -0.9435 -0.2073
vn -0.3341 -0.9012 -0.2761
vn -0.2837 -0.9168 -0.2809
vn -0.3496 -0.8722 -0.3420
vn -0.2981 -0.8886 -0.3484
vn -0.3570 -0.8552 -0.3757
vn -0.3050 -0.8719 -0.3831
vn -0.3640 -0.8364 -0.4098
vn -0.3116 -0.8533 -0.4181
vn -0.3706 -0.8158 -0.4440
vn -0.3218 -0.8316 -0.4527
vn -0.3769 -0.7913 -0.4814
vn -0.1899 0.9787 0.0780
vn -0.1210 0.9848 0.1244
vn -0.2106 0.9631 0.1678
vn -0.6007 0.5423 -0.5874
vn -0.4558 0.8241 0.3364
vn -0.5526 0.7716 0.3150
vn -0.5589 0.7577 0.3371
vn -0.5168 0.8248 0.2295
vn -0.3962 0.9181 -0.0000
vn -0.3969 0.9178 0.0016
vn -0.3971 0.9178 0.0021
vn -0.3972 0.9177 0.0009
vn -0.4203 0.9072 -0.0178
vn -0.3971 0.9178 -0.0018
vn -0.3970 0.9178 -0.0017
vn -0.4343 0.8628 0.2588
vn -0.5305 0.8119 0.2436
vn -0.5352 0.8044 0.2578
vn -0.5647 0.7716 0.2928
vn -0.6226 0.6969 0.3559
vn -0.6140 0.7007 0.3634
vn -0.6019 0.7089 0.3676
vn -0.6645 0.5459 0.5102
vn -0.6834 0.4682 0.5602
vn -0.6745 0.4763 0.5641
vn -0.6778 0.4987 0.5402
vn -0.5981 0.5855 0.5473
vn -0.5974 0.5933 0.5395
vn -0.6692 0.5771 -0.4680
vn -0.6326 0.6606 -0.4042
vn -0.5736 0.7168 -0.3965
vn -0.6140 0.7007 -0.3634
vn -0.5694 0.7298 -0.3784
vn -0.5995 0.7312 -0.3255
vn -0.5589 0.7577 -0.3371
vn -0.5797 0.7618 -0.2893
vn -0.5474 0.7825 -0.2968
vn -0.5597 0.7890 -0.2533
vn -0.5435 0.7993 -0.2563
vn -0.5174 0.8306 -0.2057
vn -0.5168 0.8248 -0.2296
vn -0.3555 0.9342 -0.0294
vn -0.4301 0.9009 -0.0578
vn -0.3775 0.9219 -0.0874
vn -0.4060 0.8430 0.3527
vn -0.4745 0.7754 0.4167
vn -0.5101 0.7576 0.4072
vn -0.5823 0.6854 0.4371
vn -0.5351 0.7122 0.4542
vn -0.5890 0.6540 0.4748
vn -0.5420 0.6800 0.4937
vn -0.4936 0.6958 0.5217
vn -0.5435 0.6716 0.5035
vn -0.4874 0.7273 0.4832
vn -0.5375 0.7024 0.4666
vn -0.4802 0.7564 0.4441
vn -0.4663 0.7990 0.3797
vn -0.4146 0.8219 0.3906
vn -0.4745 0.7755 0.4165
vn -0.4227 0.7984 0.4288
vn -0.4819 0.7499 0.4532
vn -0.4299 0.7727 0.4670
vn -0.4885 0.7222 0.4897
vn -0.4363 0.7447 0.5049
vn -0.4941 0.6925 0.5257
vn -0.3206 0.8223 0.4702
vn -0.5352 0.6532 0.5357
vn -0.5369 0.6508 0.5369
vn -0.5943 0.6204 0.5118
vn -0.5922 0.6359 0.4950
vn -0.5921 0.6359 0.4950
vn -0.6437 0.6240 0.4431
vn -0.5789 0.6987 0.4204
vn -0.5627 0.7482 0.3515
vn -0.4656 0.8010 0.3763
vn -0.4480 0.8396 0.3072
vn -0.3874 0.8788 0.2788
vn -0.1365 0.9658 0.2205
vn -0.1651 0.9615 0.2195
vn -0.2355 0.9286 0.2868
vn -0.1946 0.9276 0.3188
vn -0.2466 0.9057 0.3447
vn -0.2043 0.9026 0.3789
vn -0.2573 0.8775 0.4047
vn -0.0586 0.9908 0.1218
vn -0.0183 0.9888 0.1479
vn -0.0672 0.9771 0.2020
vn -0.0760 0.9552 0.2862
vn -0.1411 0.9604 0.2403
vn -0.0715 0.9676 0.2421
vn -0.1332 0.9708 0.1994
vn -0.2298 0.9382 0.2587
vn -0.2915 0.9027 0.3164
vn -0.2421 0.9156 0.3210
vn -0.2980 0.8889 0.3479
vn -0.2481 0.9021 0.3531
vn -0.3045 0.8735 0.3798
vn -0.2540 0.8870 0.3857
vn -0.3104 0.8566 0.4121
vn -0.2596 0.8702 0.4187
vn -0.3163 0.8381 0.4445
vn -0.1498 0.9395 -0.3079
vn -0.1396 0.9606 -0.2403
vn -0.2540 0.8870 -0.3857
vn -0.2466 0.9057 -0.3447
vn -0.1946 0.9276 -0.3188
vn -0.1833 0.9497 -0.2539
vn -0.1420 0.9563 -0.2557
vn -0.1332 0.9708 -0.1994
vn -0.0671 0.9773 -0.2008
vn -0.0586 0.9908 -0.1218
vn -0.3709 0.8150 -0.4452
vn -0.3571 0.8552 -0.3758
vn -0.1965 0.8977 -0.3944
vn -0.4875 0.7273 -0.4832
vn -0.4745 0.7755 -0.4165
vn -0.3220 0.8341 -0.4479
vn -0.2212 0.9508 -0.2170
vn -0.1499 0.9583 -0.2434
vn -0.2355 0.9286 -0.2868
vn -0.2481 0.9021 -0.3531
vn -0.2981 0.8889 -0.3479
vn -0.3116 0.8533 -0.4181
vn -0.5921 0.6359 -0.4950
vn -0.5823 0.6855 -0.4372
vn -0.4489 0.7534 -0.4805
vn -0.3154 0.9269 -0.2036
vn -0.2260 0.9441 -0.2401
vn -0.3310 0.9061 -0.2636
vn -0.2324 0.9339 -0.2717
vn -0.3386 0.8936 -0.2946
vn -0.2389 0.9222 -0.3041
vn -0.3460 0.8796 -0.3264
vn -0.3461 0.8796 -0.3263
vn -0.3637 0.8372 -0.4084
vn -0.4163 0.8172 -0.3986
vn -0.4300 0.7727 -0.4670
vn -0.3105 0.8566 -0.4121
vn -0.2651 0.8518 -0.4518
vn -0.2573 0.8775 -0.4047
vn -0.5475 0.6455 -0.5325
vn -0.5943 0.6204 -0.5118
vn -0.5619 0.6120 -0.5565
vn -0.5104 0.6880 -0.5159
vn -0.4974 0.6708 -0.5501
vn -0.4885 0.7222 -0.4897
vn -0.4419 0.7145 -0.5424
vn -0.4303 0.7707 -0.4699
vn -0.3830 0.7643 -0.5188
vn -0.3703 0.8159 -0.4441
vn -0.3190 0.8097 -0.4926
vn -0.3206 0.8223 -0.4702
vn -0.5374 0.7024 -0.4666
vn -0.4936 0.6958 -0.5217
vn -0.4820 0.7499 -0.4532
vn -0.4364 0.7447 -0.5049
vn -0.4237 0.7949 -0.4343
vn -0.3774 0.7907 -0.4821
vn -0.3640 0.8364 -0.4098
vn -0.3178 0.8328 -0.4533
vn -0.3043 0.8736 -0.3799
vn -0.2596 0.8702 -0.4187
vn -0.2043 0.9026 -0.3789
vn -0.1922 0.9325 -0.3057
vn -0.0451 0.9990 -0.0000
vn -0.1789 0.9833 -0.0327
vn -0.0492 0.9982 -0.0357
vn -0.0006 0.9999 -0.0114
vn -0.0000 0.9999 -0.0121
vn -0.0148 0.9967 -0.0795
vn -0.0517 0.9970 -0.0584
vn -0.2544 0.9671 -0.0000
vn -0.2997 0.9426 -0.1471
vn -0.2068 0.9667 -0.1509
vn -0.2105 0.9631 -0.1678
vn -0.1285 0.9770 -0.1702
vn -0.1209 0.9848 -0.1244
vn -0.0630 0.9848 -0.1618
vn -0.0536 0.9957 -0.0761
vn -0.0181 0.9924 -0.1220
vn -0.0128 0.9996 -0.0257
vn -0.0000 0.9992 -0.0411
vn -0.0000 0.9997 0.0257
vn -0.0137 0.9991 0.0411
vn -0.0156 0.9970 0.0762
vn -0.0587 0.9908 0.1218
vn -0.0630 0.9848 0.1618
vn -0.1420 0.9563 0.2557
vn -0.1924 0.9325 0.3056
vn -0.1501 0.9395 0.3079
vn -0.2012 0.9109 0.3603
vn -0.4629 0.8792 -0.1128
vn -0.4788 0.8708 -0.1117
vn -0.3991 0.9049 -0.1481
vn -0.5035 0.8459 -0.1760
vn -0.4117 0.8922 -0.1857
vn -0.5306 0.8119 -0.2436
vn -0.4344 0.8627 -0.2588
vn -0.5419 0.7928 -0.2789
vn -0.4453 0.8446 -0.2972
vn -0.5527 0.7716 -0.3150
vn -0.4557 0.8241 -0.3364
vn -0.5627 0.7482 -0.3515
vn -0.4655 0.8011 -0.3763
vn -0.5718 0.7227 -0.3884
vn -0.5718 0.7226 -0.3883
vn -0.5870 0.6642 -0.4628
vn -0.6531 0.6214 -0.4329
vn -0.2545 0.9671 -0.0000
vn -0.3637 0.9301 -0.0506
vn -0.2713 0.9611 -0.0523
vn -0.3842 0.9172 -0.1058
vn -0.2888 0.9511 -0.1097
vn -0.4049 0.8993 -0.1654
vn -0.3068 0.9361 -0.1722
vn -0.4254 0.8755 -0.2292
vn -0.3248 0.9149 -0.2395
vn -0.4354 0.8611 -0.2625
vn -0.3338 0.9017 -0.2749
vn -0.4451 0.8450 -0.2966
vn -0.3425 0.8865 -0.3111
vn -0.4544 0.8269 -0.3313
vn -0.3511 0.8692 -0.3482
vn -0.4632 0.8070 -0.3664
vn -0.4802 0.7564 -0.4441
vn -0.5302 0.7312 -0.4293
vn -0.5420 0.6801 -0.4937
vn -0.5890 0.6539 -0.4748
vn -0.5982 0.5854 -0.5472
vn -0.6819 0.5344 -0.4995
vn -0.6745 0.4763 -0.5641
vn -0.6837 0.4681 -0.5599
vn -0.3637 0.9301 0.0506
vn -0.2713 0.9611 0.0523
vn -0.0488 0.9983 0.0332
vn -0.3842 0.9172 0.1058
vn -0.2888 0.9511 0.1097
vn -0.2690 0.9621 0.0453
vn -0.1822 0.9822 0.0462
vn -0.1708 0.9853 -0.0000
vn -0.5435 0.7993 0.2563
vn -0.5175 0.8306 0.2057
vn -0.5066 0.8441 0.1757
vn -0.5035 0.8459 0.1760
vn -0.3991 0.9049 0.1481
vn -0.4712 0.8744 0.1153
vn -0.3775 0.9219 0.0874
vn -0.3776 0.9219 0.0874
vn -0.3438 0.9390 -0.0000
vn -0.2068 0.9667 0.1509
vn -0.2997 0.9426 0.1471
vn -0.3227 0.9179 0.2311
vn -0.3227 0.9178 0.2311
vn -0.3913 0.8722 0.2935
vn -0.3399 0.8914 0.2999
vn -0.4084 0.8375 0.3631
vn -0.3561 0.8573 0.3718
vn -0.4164 0.8172 0.3986
vn -0.3637 0.8372 0.4084
vn -0.4238 0.7949 0.4343
vn -0.3708 0.8150 0.4453
vn -0.4304 0.7707 0.4699
vn -0.3771 0.7908 0.4821
vn -0.4363 0.7445 0.5053
vn -0.5835 0.7420 0.3302
vn -0.5474 0.7825 0.2968
vn -0.5419 0.7928 0.2789
vn -0.4452 0.8447 0.2972
vn -0.4279 0.8721 0.2372
vn -0.4279 0.8722 0.2372
vn -0.3514 0.9208 0.1694
vn -0.3068 0.9361 0.1722
vn -0.2842 0.9541 0.0943
vn -0.1942 0.9762 0.0965
vn -0.0957 0.9949 0.0331
vn -0.0517 0.9970 0.0584
vn -0.0450 0.9990 -0.0000
vn 0.0224 0.9991 0.0358
vn -0.0000 0.9999 0.0121
vn -0.1570 0.9184 -0.3633
vn -0.1470 0.9475 -0.2839
vn -0.0714 0.9676 -0.2421
vn -0.0672 0.9771 -0.2020
vn -0.0183 0.9888 -0.1479
vn -0.0192 0.9892 -0.1452
vn -0.0135 0.9991 -0.0411
vn -0.0000 0.9983 -0.0584
vn -0.0000 0.9992 0.0411
vn -0.0145 0.9982 0.0584
vn -0.0192 0.9892 0.1452
vn -0.1822 0.9822 -0.0462
vn -0.2690 0.9621 -0.0453
vn -0.1942 0.9762 -0.0965
vn -0.1943 0.9762 -0.0965
vn -0.1899 0.9787 -0.0780
vn -0.1207 0.9850 -0.1230
vn -0.1096 0.9923 -0.0582
vn -0.0590 0.9904 -0.1251
vn -0.0491 0.9982 -0.0357
vn -0.0156 0.9970 -0.0762
vn -0.0121 0.9999 -0.0121
vn -0.0000 0.9997 -0.0257
vn -0.0128 0.9996 0.0257
vn -0.0134 0.9993 0.0358
vn -0.0536 0.9957 0.0761
vn -0.1209 0.9848 0.1244
vn -0.1207 0.9850 0.1230
vn -0.2105 0.9631 0.1678
vn -0.2196 0.9529 0.2094
vn -0.2586 0.9435 0.2073
vn -0.3341 0.9012 0.2761
vn -0.2837 0.9168 0.2809
vn -0.3496 0.8722 0.3420
vn -0.2982 0.8886 0.3484
vn -0.3569 0.8552 0.3758
vn -0.3051 0.8719 0.3831
vn -0.3640 0.8364 0.4098
vn -0.3116 0.8533 0.4181
vn -0.3706 0.8158 0.4440
vn -0.3217 0.8316 0.4527
vn -0.3770 0.7913 0.4814
vn -0.5228 -0.1182 0.8442
vn -0.4280 -0.1461 0.8919
vn -0.6178 -0.3217 0.7176
vn -0.4191 -0.0988 0.9026
vn -0.3518 0.1687 0.9207
vn -0.3161 -0.0310 0.9482
vn -0.6251 -0.3877 0.6774
vn -0.6379 -0.2893 0.7137
vn -0.5799 -0.1378 0.8029
vn -0.5948 -0.1943 0.7800
vn -0.5942 -0.1943 0.7805
vn -0.6099 -0.2423 0.7545
vn -0.6543 -0.2761 0.7040
vn -0.6649 -0.4425 0.6017
vn -0.6685 -0.4642 0.5811
vn -0.6852 -0.4547 0.5689
vn -0.5659 -0.3990 0.7215
vn -0.5703 -0.4275 0.7014
vn -0.5051 -0.3549 0.7867
vn -0.5071 -0.3872 0.7700
vn -0.3531 -0.1897 0.9162
vn -0.3457 -0.2338 0.9088
vn -0.3810 -0.1081 0.9182
vn -0.3944 -0.2659 0.8797
vn -0.4015 -0.2409 0.8836
vn -0.4423 -0.2933 0.8476
vn -0.4496 -0.3278 0.8309
vn -0.3295 0.0320 0.9436
vn -0.3081 0.0589 0.9495
vn -0.3162 0.0095 0.9486
vn -0.3510 0.2136 0.9117
vn -0.4459 0.3096 0.8398
vn -0.4456 0.3066 0.8411
vn -0.5015 0.3363 0.7971
vn -0.5096 0.3991 0.7623
vn -0.5554 0.3419 0.7581
vn -0.5680 0.4120 0.7125
vn -0.5654 0.3927 0.7253
vn -0.6259 0.4192 0.6577
vn -0.6068 0.1923 0.7712
vn -0.5901 0.1475 0.7937
vn -0.5753 0.1974 0.7938
vn -0.5869 0.1338 0.7985
vn -0.5155 0.1526 0.8432
vn -0.5380 0.0763 0.8395
vn -0.4599 0.1231 0.8794
vn -0.4173 0.0795 0.9053
vn -0.4134 0.0576 0.9087
vn -0.3521 0.0836 0.9322
vn -0.3315 0.0231 0.9432
vn -0.3162 0.0074 0.9487
vn -0.3713 -0.0676 0.9261
vn -0.3398 -0.0348 0.9398
vn -0.3413 -0.0277 0.9395
vn -0.3226 -0.0160 0.9464
vn -0.3162 -0.0040 0.9487
vn -0.6013 -0.2266 0.7662
vn -0.5621 -0.3384 0.7547
vn -0.4625 -0.3036 0.8330
vn -0.4457 -0.3065 0.8411
vn -0.4363 -0.2084 0.8753
vn -0.3910 -0.2132 0.8954
vn -0.3810 0.1081 0.9182
vn -0.3944 0.2808 0.8750
vn -0.3876 0.1542 0.9088
vn -0.3511 0.1566 0.9231
vn -0.3433 0.0443 0.9382
vn -0.3480 0.1299 0.9284
vn -0.3251 0.0955 0.9408
vn -0.2674 0.0973 0.9587
vn -0.3161 0.0321 0.9482
vn -0.3161 -0.0225 0.9484
vn -0.3187 -0.0258 0.9475
vn -0.3241 -0.0668 0.9436
vn -0.3415 -0.1006 0.9345
vn -0.3505 -0.1510 0.9243
vn -0.4421 0.2636 0.8574
vn -0.4830 0.1793 0.8571
vn -0.5006 0.3056 0.8100
vn -0.4458 0.3100 0.8397
vn -0.4996 0.2966 0.8139
vn -0.5005 0.3056 0.8100
vn -0.5622 0.3400 0.7538
vn -0.5620 0.3384 0.7547
vn -0.6237 0.3722 0.6874
vn -0.6251 0.3878 0.6774
vn -0.6219 0.3871 0.6807
vn -0.6710 0.4498 0.5894
vn -0.6891 0.4394 0.5762
vn -0.5309 0.1528 0.8336
vn -0.5477 0.2372 0.8023
vn -0.6013 0.2266 0.7662
vn -0.6141 0.2965 0.7314
vn -0.6379 0.2894 0.7137
vn -0.4295 0.2092 0.8785
vn -0.3910 0.2132 0.8954
vn -0.4280 0.1461 0.8919
vn -0.4333 0.1845 0.8822
vn -0.3854 0.2265 0.8945
vn -0.5420 0.2062 0.8147
vn -0.5555 0.2866 0.7806
vn -0.6178 0.3217 0.7176
vn -0.6156 0.3065 0.7260
vn -0.6519 0.3514 0.6720
vn -0.6273 -0.2926 0.7218
vn -0.6047 -0.2435 0.7583
vn -0.5389 -0.1907 0.8205
vn -0.5526 -0.1887 0.8118
vn -0.5267 -0.1347 0.8393
vn -0.5013 -0.1262 0.8560
vn -0.5094 -0.1193 0.8522
vn -0.4205 -0.0984 0.9019
vn -0.4131 -0.0507 0.9093
vn -0.3715 -0.0649 0.9262
vn -0.4193 -0.0911 0.9033
vn -0.4304 -0.1627 0.8879
vn -0.4600 -0.1601 0.8734
vn -0.5420 -0.2062 0.8147
vn -0.4887 -0.2141 0.8458
vn -0.5565 -0.2933 0.7774
vn -0.5564 -0.2933 0.7774
vn -0.5669 -0.3922 0.7244
vn -0.5879 -0.3852 0.7113
vn -0.6281 -0.4344 0.6456
vn -0.5244 -0.3501 0.7762
vn -0.5050 -0.3549 0.7868
vn -0.4946 -0.2554 0.8308
vn -0.4333 -0.1845 0.8822
vn -0.3824 -0.1201 0.9162
vn -0.3454 -0.0683 0.9360
vn -0.3452 -0.0663 0.9362
vn -0.3119 -0.0280 0.9497
vn -0.3162 0.0160 0.9486
vn -0.3442 0.0443 0.9379
vn -0.3444 0.0453 0.9377
vn -0.3881 0.1078 0.9153
vn -0.3864 0.1005 0.9169
vn -0.4249 0.1255 0.8965
vn -0.5308 0.1528 0.8336
vn -0.5389 0.1907 0.8205
vn -0.5915 0.1825 0.7853
vn -0.6047 0.2435 0.7583
vn -0.6263 0.2385 0.7422
vn 0.0654 0.9979 -0.0000
vn 0.0871 0.9961 -0.0143
vn 0.1521 0.9884 -0.0000
vn 0.2164 0.9763 -0.0000
vn 0.2588 0.9657 -0.0190
vn 0.3007 0.9537 -0.0000
vn 0.3624 0.9320 -0.0000
vn 0.4226 0.9062 -0.0143
vn 0.4423 0.8969 -0.0000
vn 0.5556 0.8315 -0.0000
vn 0.5735 0.8191 -0.0143
vn 0.6259 0.7799 -0.0000
vn 0.6756 0.7373 -0.0000
vn 0.7070 0.7070 -0.0190
vn 0.7373 0.6756 -0.0000
vn 0.7799 0.6259 -0.0000
vn 0.8191 0.5735 -0.0143
vn 0.8315 0.5556 -0.0000
vn 0.8969 0.4423 -0.0000
vn 0.9062 0.4226 -0.0143
vn 0.9320 0.3624 -0.0000
vn 0.9537 0.3007 -0.0000
vn 0.9658 0.2588 -0.0190
vn 0.9979 0.0654 -0.0000
vn 0.9961 0.0872 -0.0143
vn 0.9884 0.1521 -0.0000
vn 0.9763 0.2164 -0.0000
vn 0.0654 -0.9979 -0.0000
vn 0.0872 -0.9961 -0.0143
vn 0.1521 -0.9884 -0.0000
vn 0.2164 -0.9763 -0.0000
vn 0.2588 -0.9658 -0.0190
vn 0.3007 -0.9537 -0.0000
vn 0.3625 -0.9320 -0.0000
vn 0.4226 -0.9062 -0.0143
vn 0.4423 -0.8969 -0.0000
vn 0.5556 -0.8315 -0.0000
vn 0.5735 -0.8191 -0.0143
vn 0.6259 -0.7799 -0.0000
vn 0.6756 -0.7373 -0.0000
vn 0.7070 -0.7070 -0.0190
vn 0.7373 -0.6756 -0.0000
vn 0.7799 -0.6259 -0.0000
vn 0.8191 -0.5735 -0.0143
vn 0.8315 -0.5556 -0.0000
vn 0.8969 -0.4423 -0.0000
vn 0.9062 -0.4226 -0.0143
vn 0.9320 -0.3624 -0.0000
vn 0.9537 -0.3007 -0.0000
vn 0.9658 -0.2588 -0.0190
vn 0.9763 -0.2164 -0.0000
vn 0.9884 -0.1521 -0.0000
vn 0.9961 -0.0872 -0.0143
vn 0.9979 -0.0654 -0.0000
vn 0.0871 0.9961 0.0143
vn 0.2588 0.9657 0.0190
vn 0.4226 0.9062 0.0143
vn 0.5735 0.8191 0.0143
vn 0.7070 0.7070 0.0190
vn 0.8191 0.5735 0.0143
vn 0.9062 0.4226 0.0143
vn 0.9658 0.2588 0.0190
vn 0.9961 0.0872 0.0143
vn 0.0872 -0.9961 0.0143
vn 0.2588 -0.9658 0.0190
vn 0.4226 -0.9062 0.0143
vn 0.5735 -0.8191 0.0143
vn 0.7070 -0.7070 0.0190
vn 0.8191 -0.5735 0.0143
vn 0.9062 -0.4226 0.0143
vn 0.9658 -0.2588 0.0190
vn 0.9961 -0.0872 0.0143
vn -0.0763 0.2158 0.9734
vn -0.0763 0.6736 0.7351
vn -0.0763 0.9509 0.2998
vn -0.0763 0.9735 -0.2158
vn -0.0763 0.7351 -0.6736
vn -0.0763 0.2998 -0.9509
vn -0.0763 -0.2158 -0.9735
vn -0.0763 -0.6736 -0.7351
vn -0.0762 -0.9509 -0.2998
vn -0.0763 -0.9735 0.2158
vn -0.0763 -0.7351 0.6736
vn -0.0763 -0.2998 0.9509
vn -0.8380 0.0830 0.5393
vn -0.8380 0.3416 0.4256
vn -0.8380 0.5086 0.1978
vn -0.8380 0.5393 -0.0830
vn -0.8380 0.4256 -0.3415
vn -0.8380 0.1978 -0.5086
vn -0.8380 -0.0830 -0.5393
vn -0.8380 -0.3416 -0.4256
vn -0.8380 -0.5086 -0.1978
vn -0.8380 -0.5393 0.0830
vn -0.8380 -0.4255 0.3415
vn -0.8380 -0.1978 0.5086
vn -0.8255 -0.1697 0.5383
vn -0.8255 -0.4162 0.3813
vn -0.8254 -0.5511 0.1222
vn -0.8254 -0.5384 -0.1697
vn -0.8255 -0.3813 -0.4161
vn -0.8255 -0.1222 -0.5511
vn -0.8255 0.1697 -0.5383
vn -0.8255 0.4162 -0.3813
vn -0.8255 0.5511 -0.1222
vn -0.8255 0.5383 0.1697
vn -0.8254 0.3814 0.4162
vn -0.8255 0.1222 0.5511
vn -0.8380 -0.0830 0.5393
vn -0.8299 -0.1088 0.5472
vn -0.7445 -0.1302 0.6548
vn -0.7445 -0.1303 0.6548
vn -0.6341 -0.1508 0.7584
vn -0.5091 -0.1679 0.8442
vn -0.3723 -0.1811 0.9103
vn -0.2269 -0.1900 0.9552
vn -0.2268 -0.1900 0.9552
vn -0.8380 -0.3416 0.4256
vn -0.8299 -0.3678 0.4195
vn -0.7445 -0.4402 0.5020
vn -0.6342 -0.5098 0.5813
vn -0.6341 -0.5098 0.5814
vn -0.5091 -0.5675 0.6471
vn -0.3723 -0.6120 0.6978
vn -0.2268 -0.6421 0.7322
vn -0.2268 -0.6422 0.7322
vn -0.8380 -0.5086 0.1977
vn -0.8299 -0.5283 0.1793
vn -0.7445 -0.6322 0.2146
vn -0.6342 -0.7322 0.2485
vn -0.6341 -0.7322 0.2486
vn -0.5091 -0.8150 0.2767
vn -0.3722 -0.8789 0.2983
vn -0.3723 -0.8789 0.2983
vn -0.2268 -0.9223 0.3131
vn -0.2269 -0.9222 0.3131
vn -0.8380 -0.5393 -0.0830
vn -0.8299 -0.5472 -0.1088
vn -0.7445 -0.6548 -0.1302
vn -0.6341 -0.7584 -0.1509
vn -0.5091 -0.8442 -0.1679
vn -0.3722 -0.9103 -0.1811
vn -0.3723 -0.9103 -0.1811
vn -0.2269 -0.9552 -0.1900
vn -0.8380 -0.4256 -0.3415
vn -0.8299 -0.4194 -0.3679
vn -0.7445 -0.5020 -0.4402
vn -0.6341 -0.5813 -0.5098
vn -0.5091 -0.6471 -0.5675
vn -0.3723 -0.6978 -0.6119
vn -0.3723 -0.6978 -0.6120
vn -0.2268 -0.7322 -0.6422
vn -0.8380 -0.1978 -0.5086
vn -0.8299 -0.1793 -0.5283
vn -0.7445 -0.2146 -0.6322
vn -0.6341 -0.2485 -0.7322
vn -0.5091 -0.2767 -0.8150
vn -0.3723 -0.2983 -0.8789
vn -0.2268 -0.3131 -0.9222
vn -0.2269 -0.3131 -0.9222
vn -0.8380 0.0830 -0.5393
vn -0.8299 0.1088 -0.5472
vn -0.7445 0.1303 -0.6548
vn -0.6341 0.1509 -0.7584
vn -0.6341 0.1508 -0.7584
vn -0.5091 0.1679 -0.8442
vn -0.3723 0.1811 -0.9103
vn -0.2268 0.1900 -0.9552
vn -0.8380 0.3415 -0.4255
vn -0.8299 0.3678 -0.4195
vn -0.7445 0.4402 -0.5020
vn -0.6341 0.5098 -0.5813
vn -0.5091 0.5675 -0.6471
vn -0.3723 0.6119 -0.6978
vn -0.3722 0.6120 -0.6978
vn -0.2269 0.6421 -0.7322
vn -0.2268 0.6422 -0.7322
vn -0.8380 0.5086 -0.1978
vn -0.8299 0.5283 -0.1793
vn -0.7445 0.6322 -0.2146
vn -0.6342 0.7322 -0.2485
vn -0.6341 0.7322 -0.2485
vn -0.5091 0.8150 -0.2767
vn -0.3722 0.8789 -0.2983
vn -0.3723 0.8789 -0.2983
vn -0.2268 0.9222 -0.3131
vn -0.8380 0.5393 0.0830
vn -0.8299 0.5472 0.1088
vn -0.7445 0.6548 0.1303
vn -0.7445 0.6548 0.1302
vn -0.6342 0.7583 0.1508
vn -0.6341 0.7584 0.1509
vn -0.5091 0.8442 0.1679
vn -0.3722 0.9103 0.1811
vn -0.3723 0.9103 0.1811
vn -0.2268 0.9552 0.1900
vn -0.2269 0.9552 0.1900
vn -0.8380 0.4256 0.3415
vn -0.8299 0.4195 0.3679
vn -0.7445 0.5020 0.4402
vn -0.7445 0.5019 0.4402
vn -0.6341 0.5814 0.5098
vn -0.6341 0.5813 0.5098
vn -0.5091 0.6471 0.5675
vn -0.3723 0.6978 0.6120
vn -0.2269 0.7322 0.6422
vn -0.2268 0.7322 0.6422
vn -0.8380 0.1978 0.5086
vn -0.8299 0.1793 0.5283
vn -0.7445 0.2146 0.6322
vn -0.6341 0.2485 0.7322
vn -0.5091 0.2767 0.8150
vn -0.3723 0.2983 0.8789
vn -0.2269 0.3131 0.9222
vn -0.2268 0.3131 0.9222
vn -0.8375 -0.0357 0.5452
vn -0.7445 -0.0437 0.6662
vn -0.6341 -0.0506 0.7716
vn -0.5091 -0.0563 0.8589
vn -0.3723 -0.0607 0.9261
vn -0.2269 -0.0637 0.9718
vn -0.2268 -0.0637 0.9718
vn -0.0762 -0.0652 0.9950
vn -0.0762 -0.1945 0.9779
vn -0.1222 -0.2148 0.9690
vn -0.0763 -0.1517 0.9855
vn -0.0764 -0.3614 0.9293
vn -0.1070 -0.3196 0.9415
vn -0.2268 -0.3131 0.9222
vn -0.2269 -0.3131 0.9222
vn -0.3723 -0.2983 0.8789
vn -0.3722 -0.2983 0.8789
vn -0.5091 -0.2767 0.8150
vn -0.6341 -0.2485 0.7322
vn -0.7445 -0.2146 0.6322
vn -0.8375 -0.1756 0.5174
vn -0.8378 -0.1182 0.5330
vn -0.8375 -0.2417 0.4901
vn -0.7445 -0.2953 0.5988
vn -0.6341 -0.3420 0.6935
vn -0.5091 -0.3807 0.7719
vn -0.3723 -0.4105 0.8324
vn -0.2269 -0.4308 0.8735
vn -0.0762 -0.4410 0.8943
vn -0.8375 -0.3036 0.4543
vn -0.7445 -0.3709 0.5551
vn -0.6341 -0.4296 0.6429
vn -0.5091 -0.4782 0.7157
vn -0.5091 -0.4782 0.7156
vn -0.3723 -0.5156 0.7717
vn -0.2268 -0.5411 0.8098
vn -0.2269 -0.5411 0.8098
vn -0.0762 -0.5540 0.8291
vn -0.0762 -0.6574 0.7497
vn -0.1222 -0.6705 0.7318
vn -0.0764 -0.6241 0.7776
vn -0.0763 -0.7776 0.6241
vn -0.1071 -0.7475 0.6556
vn -0.2269 -0.7322 0.6422
vn -0.2268 -0.7322 0.6422
vn -0.3723 -0.6978 0.6119
vn -0.5091 -0.6471 0.5675
vn -0.6341 -0.5813 0.5098
vn -0.6342 -0.5813 0.5098
vn -0.7445 -0.5020 0.4402
vn -0.8375 -0.4108 0.3603
vn -0.8378 -0.3688 0.4025
vn -0.8375 -0.4543 0.3036
vn -0.7445 -0.5551 0.3709
vn -0.6341 -0.6429 0.4296
vn -0.5091 -0.7156 0.4782
vn -0.5091 -0.7157 0.4782
vn -0.3723 -0.7717 0.5157
vn -0.3722 -0.7717 0.5157
vn -0.2268 -0.8098 0.5411
vn -0.0762 -0.8291 0.5539
vn -0.0762 -0.8290 0.5540
vn -0.8375 -0.4900 0.2417
vn -0.8375 -0.4901 0.2417
vn -0.7445 -0.5988 0.2953
vn -0.6341 -0.6935 0.3420
vn -0.6342 -0.6935 0.3420
vn -0.5091 -0.7720 0.3807
vn -0.5091 -0.7719 0.3807
vn -0.3723 -0.8324 0.4105
vn -0.2268 -0.8735 0.4308
vn -0.0762 -0.8943 0.4410
vn -0.0762 -0.9442 0.3205
vn -0.1222 -0.9466 0.2985
vn -0.0764 -0.9293 0.3614
vn -0.0763 -0.9855 0.1517
vn -0.1070 -0.9752 0.1940
vn -0.2269 -0.9552 0.1900
vn -0.3722 -0.9103 0.1811
vn -0.5091 -0.8442 0.1679
vn -0.6341 -0.7584 0.1509
vn -0.7445 -0.6548 0.1302
vn -0.7445 -0.6548 0.1303
vn -0.8375 -0.5359 0.1066
vn -0.8378 -0.5207 0.1642
vn -0.8375 -0.5452 0.0357
vn -0.7445 -0.6662 0.0437
vn -0.6342 -0.7715 0.0506
vn -0.6341 -0.7716 0.0506
vn -0.5091 -0.8589 0.0563
vn -0.3723 -0.9261 0.0607
vn -0.2268 -0.9718 0.0637
vn -0.2269 -0.9718 0.0637
vn -0.0762 -0.9950 0.0652
vn -0.0763 -0.9950 0.0652
vn -0.8375 -0.5452 -0.0357
vn -0.7445 -0.6662 -0.0437
vn -0.6342 -0.7715 -0.0506
vn -0.6341 -0.7716 -0.0506
vn -0.5091 -0.8589 -0.0563
vn -0.3723 -0.9261 -0.0607
vn -0.3722 -0.9261 -0.0607
vn -0.2268 -0.9718 -0.0637
vn -0.2269 -0.9718 -0.0637
vn -0.0762 -0.9950 -0.0652
vn -0.0763 -0.9950 -0.0652
vn -0.0762 -0.9779 -0.1945
vn -0.1222 -0.9690 -0.2148
vn -0.0763 -0.9855 -0.1517
vn -0.0764 -0.9293 -0.3614
vn -0.1071 -0.9415 -0.3196
vn -0.2269 -0.9222 -0.3131
vn -0.2268 -0.9223 -0.3131
vn -0.3723 -0.8789 -0.2983
vn -0.3722 -0.8789 -0.2983
vn -0.5091 -0.8150 -0.2767
vn -0.6341 -0.7322 -0.2486
vn -0.6341 -0.7322 -0.2485
vn -0.7445 -0.6322 -0.2146
vn -0.8375 -0.5174 -0.1756
vn -0.8378 -0.5330 -0.1182
vn -0.8375 -0.4901 -0.2417
vn -0.8375 -0.4900 -0.2417
vn -0.7445 -0.5988 -0.2953
vn -0.6341 -0.6935 -0.3420
vn -0.5091 -0.7719 -0.3807
vn -0.3722 -0.8324 -0.4105
vn -0.3723 -0.8324 -0.4105
vn -0.2268 -0.8735 -0.4308
vn -0.0762 -0.8943 -0.4410
vn -0.8375 -0.4543 -0.3036
vn -0.7445 -0.5551 -0.3709
vn -0.6341 -0.6429 -0.4296
vn -0.5091 -0.7156 -0.4782
vn -0.3723 -0.7717 -0.5157
vn -0.3722 -0.7717 -0.5156
vn -0.2269 -0.8098 -0.5411
vn -0.2268 -0.8098 -0.5411
vn -0.0763 -0.8291 -0.5539
vn -0.0762 -0.8290 -0.5540
vn -0.0762 -0.7496 -0.6574
vn -0.1222 -0.7318 -0.6705
vn -0.0763 -0.7776 -0.6241
vn -0.0764 -0.6241 -0.7776
vn -0.1071 -0.6556 -0.7475
vn -0.2268 -0.6422 -0.7322
vn -0.3723 -0.6120 -0.6978
vn -0.5091 -0.5675 -0.6471
vn -0.6341 -0.5098 -0.5813
vn -0.7445 -0.4402 -0.5020
vn -0.7445 -0.4402 -0.5019
vn -0.8375 -0.3603 -0.4108
vn -0.8378 -0.4025 -0.3688
vn -0.8375 -0.3036 -0.4543
vn -0.7445 -0.3709 -0.5551
vn -0.6341 -0.4296 -0.6429
vn -0.5091 -0.4782 -0.7157
vn -0.5091 -0.4782 -0.7156
vn -0.3722 -0.5156 -0.7717
vn -0.3723 -0.5156 -0.7717
vn -0.2269 -0.5411 -0.8098
vn -0.2268 -0.5411 -0.8098
vn -0.0762 -0.5540 -0.8291
vn -0.8375 -0.2417 -0.4901
vn -0.7445 -0.2953 -0.5988
vn -0.6341 -0.3420 -0.6935
vn -0.5091 -0.3807 -0.7720
vn -0.5091 -0.3807 -0.7719
vn -0.3723 -0.4105 -0.8324
vn -0.2269 -0.4308 -0.8735
vn -0.2268 -0.4308 -0.8735
vn -0.0762 -0.4410 -0.8943
vn -0.0762 -0.3205 -0.9442
vn -0.1222 -0.2985 -0.9466
vn -0.0764 -0.3614 -0.9293
vn -0.0763 -0.1517 -0.9855
vn -0.1070 -0.1940 -0.9752
vn -0.2269 -0.1900 -0.9552
vn -0.2268 -0.1900 -0.9552
vn -0.3723 -0.1811 -0.9103
vn -0.5091 -0.1679 -0.8442
vn -0.6341 -0.1508 -0.7584
vn -0.7445 -0.1302 -0.6548
vn -0.7445 -0.1303 -0.6548
vn -0.8375 -0.1066 -0.5359
vn -0.8378 -0.1642 -0.5207
vn -0.8375 -0.0357 -0.5452
vn -0.7445 -0.0437 -0.6662
vn -0.6341 -0.0506 -0.7716
vn -0.5091 -0.0563 -0.8589
vn -0.3723 -0.0607 -0.9261
vn -0.2269 -0.0637 -0.9718
vn -0.2268 -0.0637 -0.9718
vn -0.0762 -0.0652 -0.9950
vn -0.8375 0.0357 -0.5452
vn -0.7445 0.0437 -0.6662
vn -0.6341 0.0506 -0.7716
vn -0.5091 0.0563 -0.8589
vn -0.3723 0.0607 -0.9261
vn -0.2269 0.0637 -0.9718
vn -0.2268 0.0637 -0.9718
vn -0.0762 0.0652 -0.9950
vn -0.0762 0.1945 -0.9779
vn -0.1222 0.2148 -0.9690
vn -0.0763 0.1517 -0.9855
vn -0.0763 0.3614 -0.9293
vn -0.1070 0.3196 -0.9415
vn -0.2268 0.3131 -0.9222
vn -0.2269 0.3131 -0.9222
vn -0.3723 0.2983 -0.8789
vn -0.5091 0.2767 -0.8150
vn -0.6341 0.2486 -0.7322
vn -0.6341 0.2485 -0.7322
vn -0.7445 0.2146 -0.6322
vn -0.8375 0.1756 -0.5174
vn -0.8378 0.1182 -0.5330
vn -0.8375 0.2417 -0.4900
vn -0.8375 0.2417 -0.4901
vn -0.7445 0.2953 -0.5988
vn -0.6341 0.3420 -0.6935
vn -0.5091 0.3807 -0.7719
vn -0.3723 0.4105 -0.8324
vn -0.2268 0.4308 -0.8735
vn -0.2269 0.4308 -0.8735
vn -0.0762 0.4410 -0.8943
vn -0.8375 0.3036 -0.4543
vn -0.7445 0.3709 -0.5551
vn -0.6341 0.4296 -0.6429
vn -0.6342 0.4296 -0.6429
vn -0.5091 0.4782 -0.7157
vn -0.3722 0.5156 -0.7717
vn -0.3723 0.5156 -0.7717
vn -0.2268 0.5411 -0.8098
vn -0.0762 0.5540 -0.8291
vn -0.0762 0.6574 -0.7497
vn -0.1222 0.6705 -0.7317
vn -0.0764 0.6241 -0.7776
vn -0.0763 0.7776 -0.6241
vn -0.1071 0.7475 -0.6556
vn -0.2269 0.7322 -0.6422
vn -0.3723 0.6978 -0.6119
vn -0.3723 0.6978 -0.6120
vn -0.5091 0.6471 -0.5675
vn -0.6341 0.5813 -0.5098
vn -0.6341 0.5814 -0.5098
vn -0.7445 0.5020 -0.4402
vn -0.7445 0.5019 -0.4402
vn -0.8375 0.4108 -0.3603
vn -0.8378 0.3688 -0.4025
vn -0.8375 0.4543 -0.3036
vn -0.7445 0.5551 -0.3709
vn -0.6341 0.6429 -0.4296
vn -0.5090 0.7157 -0.4782
vn -0.5091 0.7156 -0.4782
vn -0.3723 0.7717 -0.5156
vn -0.3722 0.7717 -0.5156
vn -0.2268 0.8098 -0.5411
vn -0.2269 0.8098 -0.5411
vn -0.0762 0.8291 -0.5540
vn -0.0762 0.8290 -0.5540
vn -0.8375 0.4901 -0.2417
vn -0.8375 0.4900 -0.2417
vn -0.7445 0.5988 -0.2953
vn -0.6341 0.6935 -0.3420
vn -0.5091 0.7720 -0.3807
vn -0.5091 0.7719 -0.3807
vn -0.3723 0.8324 -0.4105
vn -0.2268 0.8735 -0.4308
vn -0.2269 0.8735 -0.4308
vn -0.0762 0.8943 -0.4410
vn -0.0762 0.9442 -0.3205
vn -0.1222 0.9466 -0.2985
vn -0.0764 0.9293 -0.3614
vn -0.0764 0.9855 -0.1517
vn -0.1071 0.9751 -0.1940
vn -0.2268 0.9552 -0.1900
vn -0.2269 0.9552 -0.1900
vn -0.3723 0.9103 -0.1811
vn -0.5091 0.8442 -0.1679
vn -0.6341 0.7584 -0.1509
vn -0.6341 0.7584 -0.1508
vn -0.7445 0.6548 -0.1302
vn -0.7445 0.6548 -0.1303
vn -0.8375 0.5359 -0.1066
vn -0.8378 0.5207 -0.1642
vn -0.8375 0.5452 -0.0357
vn -0.7445 0.6662 -0.0437
vn -0.6341 0.7716 -0.0506
vn -0.6342 0.7715 -0.0506
vn -0.5091 0.8589 -0.0563
vn -0.3723 0.9261 -0.0607
vn -0.2268 0.9719 -0.0637
vn -0.2269 0.9718 -0.0637
vn -0.0762 0.9950 -0.0652
vn -0.8375 0.5452 0.0357
vn -0.7445 0.6662 0.0437
vn -0.6341 0.7716 0.0506
vn -0.5091 0.8589 0.0563
vn -0.3723 0.9261 0.0607
vn -0.2268 0.9718 0.0637
vn -0.0762 0.9950 0.0652
vn -0.0762 0.9779 0.1945
vn -0.1222 0.9690 0.2148
vn -0.0764 0.9855 0.1517
vn -0.0764 0.9293 0.3614
vn -0.1071 0.9415 0.3196
vn -0.2269 0.9222 0.3131
vn -0.2268 0.9223 0.3131
vn -0.3723 0.8789 0.2983
vn -0.5091 0.8150 0.2767
vn -0.6342 0.7322 0.2485
vn -0.6341 0.7322 0.2485
vn -0.7445 0.6322 0.2146
vn -0.8375 0.5174 0.1756
vn -0.8378 0.5330 0.1182
vn -0.8375 0.4901 0.2417
vn -0.7445 0.5988 0.2953
vn -0.6341 0.6935 0.3420
vn -0.6342 0.6935 0.3420
vn -0.5091 0.7720 0.3807
vn -0.5091 0.7719 0.3807
vn -0.3723 0.8324 0.4105
vn -0.3722 0.8324 0.4105
vn -0.2269 0.8735 0.4308
vn -0.0762 0.8943 0.4410
vn -0.8375 0.4543 0.3036
vn -0.7445 0.5551 0.3709
vn -0.6341 0.6429 0.4296
vn -0.5091 0.7157 0.4782
vn -0.3723 0.7717 0.5156
vn -0.2268 0.8098 0.5411
vn -0.2269 0.8098 0.5411
vn -0.0762 0.8290 0.5540
vn -0.0762 0.7497 0.6574
vn -0.1223 0.7317 0.6705
vn -0.0763 0.7776 0.6241
vn -0.0764 0.6241 0.7776
vn -0.1071 0.6556 0.7475
vn -0.2268 0.6422 0.7322
vn -0.2269 0.6422 0.7322
vn -0.3723 0.6120 0.6978
vn -0.3723 0.6119 0.6978
vn -0.5091 0.5675 0.6471
vn -0.6341 0.5098 0.5813
vn -0.7445 0.4402 0.5020
vn -0.8375 0.3603 0.4108
vn -0.8378 0.4025 0.3688
vn -0.8375 0.3036 0.4543
vn -0.7445 0.3709 0.5551
vn -0.6341 0.4296 0.6429
vn -0.5091 0.4782 0.7157
vn -0.3723 0.5156 0.7717
vn -0.2268 0.5411 0.8098
vn -0.2269 0.5411 0.8098
vn -0.0762 0.5540 0.8291
vn -0.8375 0.2417 0.4901
vn -0.7445 0.2953 0.5988
vn -0.6341 0.3420 0.6935
vn -0.5091 0.3807 0.7719
vn -0.3723 0.4105 0.8324
vn -0.2269 0.4308 0.8735
vn -0.2268 0.4308 0.8735
vn -0.0762 0.4410 0.8943
vn -0.0762 0.3205 0.9442
vn -0.1222 0.2985 0.9466
vn -0.0763 0.3614 0.9293
vn -0.0763 0.1517 0.9855
vn -0.1071 0.1940 0.9751
vn -0.2269 0.1900 0.9552
vn -0.2268 0.1900 0.9552
vn -0.3723 0.1811 0.9103
vn -0.5091 0.1679 0.8442
vn -0.6341 0.1508 0.7584
vn -0.7445 0.1303 0.6548
vn -0.7445 0.1302 0.6548
vn -0.8375 0.1066 0.5359
vn -0.8378 0.1642 0.5207
vn -0.8375 0.0357 0.5452
vn -0.8375 0.0357 0.5453
vn -0.7445 0.0437 0.6662
vn -0.6341 0.0506 0.7716
vn -0.5091 0.0563 0.8589
vn -0.3723 0.0607 0.9261
vn -0.2268 0.0637 0.9718
vn -0.0762 0.0652 0.9950
vn -0.2973 0.1160 -0.9477
vn -0.1702 0.0460 -0.9843
vn -0.0462 0.0128 -0.9988
vn -0.1310 -0.0615 -0.9895
vn -0.3932 0.1290 -0.9104
vn -0.4976 0.1323 -0.8573
vn -0.5540 0.1721 -0.8145
vn -0.4832 -0.1268 -0.8663
vn -0.5060 -0.1162 -0.8547
vn -0.5409 -0.0975 -0.8354
vn -0.4270 -0.1248 -0.8956
vn -0.4437 -0.1186 -0.8883
vn -0.4519 -0.0796 -0.8885
vn -0.3372 -0.0806 -0.9380
vn -0.3374 -0.0797 -0.9380
vn -0.2280 -0.0572 -0.9720
vn -0.2874 -0.0853 -0.9540
vn -0.3167 -0.0864 -0.9446
vn -0.1702 -0.0466 -0.9843
vn -0.0462 -0.0132 -0.9988
vn -0.3816 -0.1237 -0.9160
vn -0.3851 -0.1102 -0.9163
vn -0.3496 -0.0674 -0.9345
vn -0.3479 -0.0753 -0.9345
vn -0.2952 -0.0509 -0.9541
vn -0.2957 -0.0485 -0.9541
vn -0.2593 -0.0324 -0.9653
vn -0.2597 -0.0290 -0.9653
vn -0.2362 -0.0191 -0.9715
vn -0.2366 -0.0139 -0.9715
vn -0.2248 -0.0090 -0.9744
vn -0.2250 -0.0035 -0.9744
vn -0.2233 -0.0022 -0.9747
vn -0.2233 0.0065 -0.9747
vn -0.2288 0.0040 -0.9735
vn -0.2281 0.0210 -0.9734
vn -0.2454 0.0124 -0.9694
vn -0.2429 0.0397 -0.9692
vn -0.2741 0.0221 -0.9614
vn -0.2679 0.0667 -0.9611
vn -0.3185 0.0337 -0.9473
vn -0.3042 0.1086 -0.9464
vn -0.3816 0.0468 -0.9231
vn -0.3571 0.1477 -0.9223
vn -0.4223 0.0615 -0.9044
vn -0.4000 0.1460 -0.9048
vn -0.4641 0.0773 -0.8824
vn -0.4556 0.1139 -0.8829
vn -0.4269 0.1231 -0.8959
vn -0.4668 -0.2076 -0.8597
vn -0.4874 -0.1333 -0.8629
vn -0.4422 -0.0891 -0.8925
vn -0.4419 -0.0906 -0.8925
vn -0.3752 -0.0683 -0.9244
vn -0.3767 -0.0593 -0.9244
vn -0.3306 -0.0429 -0.9428
vn -0.3314 -0.0360 -0.9428
vn -0.3018 -0.0250 -0.9530
vn -0.3024 -0.0174 -0.9530
vn -0.2875 -0.0116 -0.9577
vn -0.2876 -0.0045 -0.9577
vn -0.2855 -0.0029 -0.9584
vn -0.2855 0.0083 -0.9583
vn -0.2925 0.0051 -0.9562
vn -0.2915 0.0270 -0.9562
vn -0.3134 0.0154 -0.9495
vn -0.3101 0.0512 -0.9493
vn -0.3496 0.0269 -0.9365
vn -0.3412 0.0865 -0.9360
vn -0.4052 0.0400 -0.9134
vn -0.3855 0.1411 -0.9118
vn -0.4834 0.0532 -0.8738
vn -0.4504 0.1886 -0.8727
vn -0.5324 0.0718 -0.8434
vn -0.5206 0.1205 -0.8452
vn -0.5081 0.1273 -0.8518
vn -0.0741 0.0296 -0.9968
vn -0.0762 0.0224 -0.9968
vn -0.0674 0.0306 -0.9973
vn -0.0706 0.0200 -0.9973
vn -0.0556 0.0342 -0.9979
vn -0.0607 0.0153 -0.9980
vn -0.0515 0.0254 -0.9983
vn -0.0548 0.0117 -0.9984
vn -0.0440 0.0174 -0.9989
vn -0.0458 0.0074 -0.9989
vn -0.0386 0.0107 -0.9992
vn -0.0395 0.0045 -0.9992
vn -0.0350 0.0064 -0.9994
vn -0.0354 0.0024 -0.9994
vn -0.0329 0.0035 -0.9995
vn -0.0330 0.0007 -0.9995
vn -0.0322 0.0011 -0.9995
vn -0.0322 -0.0004 -0.9995
vn -0.0324 -0.0006 -0.9995
vn -0.0324 -0.0016 -0.9995
vn -0.0341 -0.0024 -0.9994
vn -0.0340 -0.0032 -0.9994
vn -0.0374 -0.0052 -0.9993
vn -0.0374 -0.0053 -0.9993
vn -0.0425 -0.0091 -0.9991
vn -0.0427 -0.0082 -0.9991
vn -0.0499 -0.0150 -0.9986
vn -0.0506 -0.0119 -0.9986
vn -0.0551 -0.0220 -0.9982
vn -0.0567 -0.0159 -0.9983
vn -0.0685 -0.0328 -0.9971
vn -0.0776 -0.0025 -0.9970
vn -0.1246 -0.0390 -0.9914
vn -0.2202 -0.0435 -0.9745
vn -0.2099 -0.0778 -0.9746
vn -0.1715 -0.0382 -0.9844
vn -0.1674 -0.0544 -0.9844
vn -0.1529 -0.0282 -0.9878
vn -0.1508 -0.0375 -0.9879
vn -0.1284 -0.0205 -0.9915
vn -0.1279 -0.0233 -0.9915
vn -0.1122 -0.0135 -0.9936
vn -0.1122 -0.0136 -0.9936
vn -0.1021 -0.0082 -0.9947
vn -0.1022 -0.0064 -0.9947
vn -0.0970 -0.0039 -0.9953
vn -0.0971 -0.0016 -0.9953
vn -0.0964 -0.0010 -0.9953
vn -0.0964 0.0029 -0.9953
vn -0.0988 0.0019 -0.9951
vn -0.0985 0.0092 -0.9951
vn -0.1060 0.0059 -0.9943
vn -0.1050 0.0172 -0.9943
vn -0.1186 0.0109 -0.9929
vn -0.1161 0.0287 -0.9928
vn -0.1380 0.0174 -0.9903
vn -0.1325 0.0464 -0.9901
vn -0.1659 0.0258 -0.9858
vn -0.1563 0.0657 -0.9855
vn -0.1845 0.0329 -0.9823
vn -0.1696 0.0883 -0.9816
vn -0.2161 0.0401 -0.9756
vn -0.2030 0.0836 -0.9756
vn -0.2296 0.0561 -0.9717
vn -0.2509 -0.0220 -0.9678
vn -0.2306 0.0217 -0.9728
vn -0.3385 0.0743 -0.9380
vn -0.3396 0.0508 -0.9392
vn -0.3384 0.0535 -0.9395
vn -0.3296 0.0856 -0.9402
vn -0.3527 0.0733 -0.9329
vn -0.3577 0.0557 -0.9322
vn -0.2796 0.1442 -0.9492
vn -0.3057 0.0484 -0.9509
vn -0.2587 0.1066 -0.9601
vn -0.2753 0.0376 -0.9606
vn -0.2195 0.0769 -0.9726
vn -0.2292 0.0261 -0.9730
vn -0.1927 0.0474 -0.9801
vn -0.1970 0.0167 -0.9803
vn -0.1744 0.0283 -0.9843
vn -0.1761 0.0093 -0.9843
vn -0.1636 0.0151 -0.9864
vn -0.1642 0.0030 -0.9864
vn -0.1602 0.0047 -0.9871
vn -0.1602 -0.0016 -0.9871
vn -0.1614 -0.0026 -0.9869
vn -0.1613 -0.0064 -0.9869
vn -0.1698 -0.0102 -0.9854
vn -0.1696 -0.0135 -0.9854
vn -0.1865 -0.0216 -0.9822
vn -0.1863 -0.0225 -0.9822
vn -0.2125 -0.0364 -0.9765
vn -0.2128 -0.0349 -0.9765
vn -0.2505 -0.0576 -0.9664
vn -0.2529 -0.0469 -0.9664
vn -0.2779 -0.0839 -0.9569
vn -0.2821 -0.0673 -0.9570
vn -0.3486 -0.1146 -0.9302
vn -0.3621 -0.0689 -0.9296
vn -0.3884 -0.1295 -0.9123
vn -0.1704 -0.0467 0.9843
vn -0.0464 -0.0132 0.9988
vn -0.2875 -0.0853 0.9540
vn -0.2293 -0.0428 0.9724
vn -0.3325 -0.0327 0.9425
vn -0.3241 -0.0867 0.9420
vn -0.3743 -0.0631 0.9251
vn -0.4832 -0.1268 0.8663
vn -0.5515 -0.1564 0.8194
vn -0.4975 0.1323 0.8573
vn -0.5083 0.1274 0.8517
vn -0.5429 0.1079 0.8328
vn -0.4267 0.1231 0.8960
vn -0.3296 0.0856 0.9402
vn -0.3029 0.1333 0.9437
vn -0.3379 0.0615 0.9392
vn -0.3383 0.0534 0.9395
vn -0.1248 0.0383 0.9914
vn -0.1704 0.0461 0.9843
vn -0.0464 0.0129 0.9988
vn -0.4954 0.2096 0.8430
vn -0.5114 0.1550 0.8453
vn -0.4733 0.0989 0.8753
vn -0.4717 0.1057 0.8754
vn -0.3978 0.0807 0.9139
vn -0.3997 0.0706 0.9139
vn -0.3463 0.0518 0.9367
vn -0.3472 0.0448 0.9367
vn -0.3120 0.0315 0.9496
vn -0.3125 0.0249 0.9496
vn -0.2920 0.0169 0.9563
vn -0.2924 0.0081 0.9563
vn -0.2855 0.0052 0.9584
vn -0.2855 -0.0045 0.9584
vn -0.2877 -0.0028 0.9577
vn -0.2873 -0.0184 0.9577
vn -0.3028 -0.0109 0.9530
vn -0.3007 -0.0403 0.9529
vn -0.3331 -0.0220 0.9426
vn -0.3272 -0.0706 0.9423
vn -0.3806 -0.0346 0.9241
vn -0.3664 -0.1171 0.9231
vn -0.4506 -0.0482 0.8914
vn -0.4248 -0.1636 0.8904
vn -0.5037 -0.0650 0.8614
vn -0.4896 -0.1248 0.8630
vn -0.5060 -0.1162 0.8547
vn -0.4556 0.1139 0.8829
vn -0.4493 0.1394 0.8825
vn -0.4134 0.0968 0.9054
vn -0.4049 0.1282 0.9053
vn -0.3752 0.0751 0.9239
vn -0.3720 0.0886 0.9240
vn -0.3137 0.0598 0.9476
vn -0.3141 0.0580 0.9476
vn -0.2718 0.0389 0.9616
vn -0.2722 0.0363 0.9616
vn -0.2443 0.0240 0.9694
vn -0.2447 0.0199 0.9694
vn -0.2284 0.0130 0.9735
vn -0.2287 0.0064 0.9735
vn -0.2233 0.0041 0.9747
vn -0.2233 -0.0036 0.9747
vn -0.2250 -0.0022 0.9744
vn -0.2247 -0.0144 0.9743
vn -0.2370 -0.0087 0.9715
vn -0.2354 -0.0313 0.9714
vn -0.2610 -0.0179 0.9652
vn -0.2566 -0.0546 0.9650
vn -0.2989 -0.0288 0.9539
vn -0.2884 -0.0901 0.9533
vn -0.3551 -0.0416 0.9339
vn -0.3359 -0.1276 0.9332
vn -0.3985 -0.0556 0.9155
vn -0.3816 -0.1237 0.9160
vn -0.4520 -0.0796 0.8885
vn -0.4437 -0.1186 0.8883
vn -0.4269 -0.1248 0.8956
vn -0.3425 -0.1346 0.9298
vn -0.3662 -0.0543 0.9290
vn -0.2627 -0.1414 0.9545
vn -0.2880 -0.0436 0.9567
vn -0.2429 -0.0916 0.9657
vn -0.2559 -0.0329 0.9661
vn -0.2078 -0.0638 0.9761
vn -0.2149 -0.0221 0.9764
vn -0.1844 -0.0388 0.9821
vn -0.1874 -0.0135 0.9822
vn -0.1689 -0.0224 0.9854
vn -0.1701 -0.0064 0.9854
vn -0.1612 -0.0104 0.9869
vn -0.1614 -0.0016 0.9869
vn -0.1602 -0.0026 0.9871
vn -0.1602 0.0030 0.9871
vn -0.1641 0.0047 0.9864
vn -0.1639 0.0093 0.9864
vn -0.1756 0.0147 0.9843
vn -0.1754 0.0169 0.9843
vn -0.1955 0.0270 0.9803
vn -0.1956 0.0269 0.9803
vn -0.2259 0.0439 0.9732
vn -0.2265 0.0407 0.9732
vn -0.2681 0.0682 0.9610
vn -0.2719 0.0525 0.9609
vn -0.2926 0.0977 0.9512
vn -0.3011 0.0660 0.9513
vn -0.3374 0.1243 0.9331
vn -0.3526 0.0733 0.9329
vn -0.3932 0.1290 0.9104
vn -0.2176 -0.0524 0.9746
vn -0.2210 -0.0407 0.9744
vn -0.1596 -0.0848 0.9835
vn -0.1737 -0.0295 0.9844
vn -0.1467 -0.0562 0.9876
vn -0.1541 -0.0223 0.9878
vn -0.1254 -0.0385 0.9914
vn -0.1294 -0.0145 0.9915
vn -0.1110 -0.0235 0.9935
vn -0.1128 -0.0087 0.9936
vn -0.1017 -0.0136 0.9947
vn -0.1023 -0.0041 0.9947
vn -0.0970 -0.0064 0.9953
vn -0.0971 -0.0010 0.9953
vn -0.0964 -0.0016 0.9953
vn -0.0964 0.0018 0.9953
vn -0.0987 0.0029 0.9951
vn -0.0986 0.0057 0.9951
vn -0.1057 0.0092 0.9944
vn -0.1056 0.0102 0.9944
vn -0.1177 0.0172 0.9929
vn -0.1179 0.0160 0.9929
vn -0.1360 0.0282 0.9903
vn -0.1368 0.0239 0.9903
vn -0.1614 0.0447 0.9859
vn -0.1645 0.0318 0.9859
vn -0.1763 0.0635 0.9823
vn -0.1829 0.0390 0.9824
vn -0.2033 0.0828 0.9756
vn -0.2121 0.0534 0.9758
vn -0.2217 0.0840 0.9715
vn -0.2404 0.0173 0.9705
vn -0.2359 -0.0630 0.9697
vn -0.0897 -0.0251 0.9957
vn -0.0736 0.0316 0.9968
vn -0.0704 0.0207 0.9973
vn -0.0662 0.0346 0.9972
vn -0.0602 0.0171 0.9980
vn -0.0579 0.0258 0.9980
vn -0.0543 0.0137 0.9984
vn -0.0533 0.0181 0.9984
vn -0.0454 0.0097 0.9989
vn -0.0451 0.0111 0.9989
vn -0.0392 0.0064 0.9992
vn -0.0392 0.0066 0.9992
vn -0.0352 0.0040 0.9994
vn -0.0353 0.0035 0.9994
vn -0.0329 0.0022 0.9995
vn -0.0330 0.0011 0.9995
vn -0.0322 0.0007 0.9995
vn -0.0322 -0.0006 0.9995
vn -0.0324 -0.0004 0.9995
vn -0.0324 -0.0024 0.9995
vn -0.0341 -0.0016 0.9994
vn -0.0339 -0.0051 0.9994
vn -0.0376 -0.0036 0.9993
vn -0.0370 -0.0088 0.9993
vn -0.0430 -0.0061 0.9991
vn -0.0416 -0.0144 0.9990
vn -0.0510 -0.0099 0.9986
vn -0.0485 -0.0215 0.9986
vn -0.0573 -0.0135 0.9983
vn -0.0526 -0.0320 0.9981
vn -0.0723 -0.0202 0.9972
vn -0.0695 -0.0296 0.9971
vn -0.1283 0.0148 0.9916
vn -0.6324 0.6531 -0.4165
vn -0.6467 0.5708 -0.5060
vn -0.6546 0.4075 -0.6367
vn -0.6671 0.5622 -0.4888
vn -0.6477 0.5728 -0.5024
vn -0.6743 0.4988 -0.5445
vn -0.6526 0.5107 -0.5598
vn -0.6557 0.5364 -0.5313
vn -0.6760 0.4322 -0.5969
vn -0.6582 0.4419 -0.6094
vn -0.6561 0.4078 -0.6351
vn -0.6798 0.4721 -0.5612
vn -0.6691 0.4784 -0.5687
vn -0.6785 0.3959 -0.6188
vn -0.6559 0.4083 -0.6349
vn -0.6527 0.3373 -0.6784
vn -0.6146 0.6622 -0.4286
vn -0.6025 0.6577 -0.4521
vn -0.5842 0.6208 -0.5228
vn -0.5987 0.7206 -0.3497
vn -0.6037 0.6912 -0.3972
vn -0.5715 0.7588 -0.3125
vn -0.5646 0.7719 -0.2923
vn -0.5431 0.8003 -0.2540
vn -0.6181 0.6111 -0.4945
vn -0.6522 0.5936 -0.4714
vn -0.6447 0.5454 -0.5356
vn -0.6750 0.5289 -0.5144
vn -0.6655 0.4789 -0.5726
vn -0.6828 0.4678 -0.5613
vn -0.6154 0.6742 -0.4083
vn -0.6210 0.6391 -0.4539
vn -0.6291 0.5501 -0.5493
vn -0.6301 0.5865 -0.5089
vn -0.6350 0.5022 -0.5870
vn -0.6366 0.4847 -0.5998
vn -0.6570 0.4743 -0.5860
vn -0.6571 0.4762 -0.5844
vn -0.6746 0.4666 -0.5720
vn -0.6673 0.4760 -0.5728
vn -0.6874 0.4613 -0.5610
vn -0.6365 0.4408 -0.6329
vn -0.6358 0.3928 -0.6645
vn -0.6348 0.4186 -0.6494
vn -0.6296 0.3277 -0.7045
vn -0.6270 0.2754 -0.7288
vn -0.5963 0.2158 -0.7732
vn -0.6099 0.2420 -0.7546
vn -0.6279 0.3480 -0.6962
vn -0.6253 0.3616 -0.6915
vn -0.6363 0.3458 -0.6896
vn -0.5620 0.2317 -0.7940
vn -0.3443 0.1001 -0.9335
vn -0.5675 0.1267 -0.8136
vn -0.4289 0.3957 -0.8120
vn -0.4508 0.4533 -0.7689
vn -0.4431 0.4603 -0.7693
vn -0.4533 0.5235 -0.7214
vn -0.4655 0.5812 -0.6675
vn -0.4608 0.5859 -0.6667
vn -0.4781 0.6889 -0.5448
vn -0.4674 0.6483 -0.6010
vn -0.4664 0.6428 -0.6078
vn -0.4705 0.7814 -0.4099
vn -0.4679 0.7465 -0.4730
vn -0.4656 0.7019 -0.5390
vn -0.4327 0.8860 -0.1670
vn -0.4340 0.8833 -0.1772
vn -0.4446 0.8596 -0.2518
vn -0.4570 0.8500 -0.2619
vn -0.4564 0.8283 -0.3250
vn -0.4610 0.7900 -0.4041
vn -0.4264 0.8999 -0.0912
vn -0.4168 0.9022 -0.1114
vn -0.3984 0.9172 -0.0112
vn -0.4270 0.3902 -0.8157
vn -0.4138 0.3183 -0.8529
vn -0.4154 0.3170 -0.8526
vn -0.3620 0.1753 -0.9155
vn -0.3637 0.1747 -0.9150
vn -0.4014 0.1721 -0.8996
vn -0.4238 0.2088 -0.8814
vn -0.4411 0.3056 -0.8438
vn -0.4587 0.3357 -0.8228
vn -0.4746 0.4426 -0.7608
vn -0.4838 0.4581 -0.7457
vn -0.4958 0.5675 -0.6573
vn -0.4979 0.5709 -0.6528
vn -0.5043 0.6770 -0.5361
vn -0.5007 0.6716 -0.5461
vn -0.4999 0.7681 -0.4002
vn -0.4918 0.7583 -0.4279
vn -0.4829 0.8382 -0.2533
vn -0.4715 0.8290 -0.3009
vn -0.4540 0.8854 -0.0994
vn -0.4872 0.8554 -0.1759
vn -0.4678 0.8699 -0.1565
vn -0.4399 0.8822 -0.1678
vn -0.4804 0.2660 -0.8357
vn -0.5123 0.2161 -0.8312
vn -0.5230 0.2110 -0.8258
vn -0.5653 0.2008 -0.8000
vn -0.5785 0.2981 -0.7593
vn -0.5788 0.3108 -0.7539
vn -0.5897 0.3464 -0.7296
vn -0.5947 0.4120 -0.6903
vn -0.5937 0.4207 -0.6859
vn -0.5999 0.4580 -0.6560
vn -0.6009 0.5224 -0.6050
vn -0.5995 0.5188 -0.6094
vn -0.5969 0.6157 -0.5144
vn -0.5926 0.6042 -0.5328
vn -0.5897 0.6539 -0.4739
vn -0.5777 0.7012 -0.4179
vn -0.5499 0.7689 -0.3263
vn -0.5496 0.7743 -0.3136
vn -0.5697 0.7346 -0.3685
vn -0.5761 0.6929 -0.4335
vn -0.4404 0.1984 -0.8756
vn -0.4894 0.1750 -0.8543
vn -0.5124 0.3106 -0.8006
vn -0.5255 0.3366 -0.7814
vn -0.5371 0.4332 -0.7238
vn -0.5431 0.4452 -0.7119
vn -0.5508 0.5463 -0.6311
vn -0.5509 0.5465 -0.6308
vn -0.5531 0.6472 -0.5246
vn -0.5487 0.6389 -0.5392
vn -0.5442 0.7340 -0.4064
vn -0.5365 0.7208 -0.4389
vn -0.5243 0.8045 -0.2792
vn -0.5143 0.7909 -0.3316
vn -0.5031 0.8386 -0.2087
vn -0.5296 0.8255 -0.1949
vn -0.5215 0.8102 -0.2676
vn -0.0516 0.9897 -0.1332
vn -0.0433 0.9920 -0.1184
vn -0.0200 0.9966 -0.0799
vn -0.0193 0.9960 -0.0875
vn -0.0111 0.9995 -0.0279
vn -0.0855 0.9737 -0.2114
vn -0.0819 0.9698 -0.2296
vn -0.1069 0.9536 -0.2814
vn -0.1363 0.9169 -0.3750
vn -0.1402 0.9230 -0.3582
vn -0.1127 0.9504 -0.2899
vn -0.1887 0.8394 -0.5098
vn -0.1934 0.8459 -0.4971
vn -0.1638 0.8893 -0.4270
vn -0.2304 0.7393 -0.6328
vn -0.2377 0.7496 -0.6177
vn -0.2132 0.7998 -0.5611
vn -0.2770 0.6192 -0.7347
vn -0.2559 0.6869 -0.6803
vn -0.2533 0.6932 -0.6748
vn -0.3120 0.4203 -0.8521
vn -0.2932 0.4916 -0.8200
vn -0.3050 0.4826 -0.8210
vn -0.2897 0.5582 -0.7775
vn -0.2679 0.6260 -0.7324
vn -0.3143 0.4142 -0.8542
vn -0.3244 0.3330 -0.8853
vn -0.3159 0.3390 -0.8861
vn -0.3399 0.1826 -0.9225
vn -0.3216 0.1744 -0.9307
vn -0.3356 0.1017 -0.9365
vn -0.2929 0.1586 -0.9429
vn -0.3010 0.1744 -0.9375
vn -0.2813 0.3196 -0.9048
vn -0.2880 0.3329 -0.8979
vn -0.2619 0.4718 -0.8419
vn -0.2673 0.4825 -0.8341
vn -0.2353 0.6110 -0.7559
vn -0.2396 0.6192 -0.7478
vn -0.2020 0.7334 -0.6490
vn -0.2054 0.7392 -0.6414
vn -0.1630 0.8357 -0.5244
vn -0.1657 0.8393 -0.5177
vn -0.1197 0.9150 -0.3853
vn -0.1217 0.9169 -0.3801
vn -0.0730 0.9691 -0.2356
vn -0.0743 0.9698 -0.2323
vn -0.0243 0.9966 -0.0793
vn -0.0247 0.9966 -0.0782
vn -0.0189 0.9966 -0.0808
vn -0.0185 0.9964 -0.0823
vn -0.0570 0.9691 -0.2401
vn -0.0558 0.9680 -0.2446
vn -0.0934 0.9149 -0.3927
vn -0.0915 0.9120 -0.3997
vn -0.1272 0.8356 -0.5345
vn -0.1247 0.8301 -0.5436
vn -0.1574 0.7333 -0.6615
vn -0.1542 0.7245 -0.6718
vn -0.1834 0.6108 -0.7703
vn -0.1793 0.5983 -0.7809
vn -0.2043 0.4716 -0.8578
vn -0.1992 0.4552 -0.8678
vn -0.2197 0.3194 -0.9218
vn -0.2133 0.2991 -0.9301
vn -0.2292 0.1585 -0.9604
vn -0.1149 0.1640 -0.9798
vn -0.1631 0.1347 -0.9774
vn -0.2213 0.1346 -0.9659
vn -0.0403 0.2586 -0.9651
vn -0.0483 0.2788 -0.9591
vn -0.0380 0.4223 -0.9057
vn -0.0450 0.4387 -0.8975
vn -0.0344 0.5732 -0.8187
vn -0.0405 0.5858 -0.8095
vn -0.0297 0.7068 -0.7068
vn -0.0348 0.7156 -0.6976
vn -0.0240 0.8189 -0.5734
vn -0.0282 0.8245 -0.5652
vn -0.0176 0.9062 -0.4226
vn -0.0207 0.9091 -0.4161
vn -0.0106 0.9659 -0.2588
vn -0.0125 0.9669 -0.2547
vn -0.0033 0.9962 -0.0871
vn -0.0040 0.9963 -0.0858
vn -0.0117 0.9964 -0.0836
vn -0.0111 0.9963 -0.0851
vn -0.0354 0.9680 -0.2484
vn -0.0337 0.9670 -0.2527
vn -0.0580 0.9120 -0.4060
vn -0.0554 0.9091 -0.4128
vn -0.0789 0.8300 -0.5521
vn -0.0755 0.8245 -0.5608
vn -0.0976 0.7245 -0.6823
vn -0.0933 0.7157 -0.6922
vn -0.1135 0.5983 -0.7932
vn -0.1083 0.5858 -0.8032
vn -0.1262 0.4552 -0.8814
vn -0.1200 0.4387 -0.8906
vn -0.1354 0.2991 -0.9446
vn -0.1281 0.2788 -0.9518
vn -0.1427 0.1107 -0.9836
vn -0.0503 0.1107 -0.9926
vn -0.0413 0.0871 -0.9953
vn 0.2156 0.9726 -0.0871
vn 0.6730 0.7345 -0.0871
vn 0.9501 0.2996 -0.0871
vn 0.0857 0.0170 -0.9962
vn 0.2544 0.0506 -0.9658
vn 0.2543 0.0506 -0.9658
vn 0.4153 0.0826 -0.9059
vn 0.4152 0.0826 -0.9060
vn 0.5634 0.1121 -0.8186
vn 0.6942 0.1381 -0.7064
vn 0.6943 0.1381 -0.7063
vn 0.8040 0.1599 -0.5728
vn 0.8040 0.1599 -0.5727
vn 0.8892 0.1769 -0.4219
vn 0.9475 0.1885 -0.2583
vn 0.0657 0.0576 -0.9962
vn 0.1950 0.1710 -0.9658
vn 0.3183 0.2791 -0.9060
vn 0.4319 0.3787 -0.8186
vn 0.5322 0.4667 -0.7064
vn 0.6163 0.5405 -0.5728
vn 0.6163 0.5405 -0.5727
vn 0.6817 0.5978 -0.4219
vn 0.6816 0.5978 -0.4219
vn 0.7263 0.6370 -0.2583
vn 0.0281 0.0827 -0.9962
vn 0.0834 0.2456 -0.9658
vn 0.1361 0.4009 -0.9060
vn 0.1846 0.5439 -0.8186
vn 0.2275 0.6703 -0.7063
vn 0.2275 0.6703 -0.7064
vn 0.2635 0.7762 -0.5727
vn 0.2914 0.8585 -0.4219
vn 0.3105 0.9148 -0.2583
vn 0.0872 0.0057 -0.9962
vn 0.2588 0.0170 -0.9658
vn 0.4224 0.0277 -0.9060
vn 0.4225 0.0277 -0.9059
vn 0.5732 0.0376 -0.8186
vn 0.7063 0.0463 -0.7064
vn 0.7064 0.0463 -0.7063
vn 0.8180 0.0536 -0.5728
vn 0.8179 0.0536 -0.5728
vn 0.9047 0.0593 -0.4218
vn 0.9047 0.0593 -0.4219
vn 0.9640 0.0632 -0.2583
vn 0.9941 0.0652 -0.0870
vn 0.9771 0.1944 -0.0870
vn 0.9626 0.2134 -0.1668
vn 0.9846 0.1515 -0.0871
vn 0.9285 0.3611 -0.0871
vn 0.9375 0.3182 -0.1407
vn 0.9148 0.3105 -0.2583
vn 0.8585 0.2914 -0.4219
vn 0.8586 0.2914 -0.4218
vn 0.7762 0.2635 -0.5728
vn 0.6703 0.2275 -0.7063
vn 0.5439 0.1846 -0.8186
vn 0.4009 0.1361 -0.9060
vn 0.2456 0.0834 -0.9658
vn 0.0827 0.0281 -0.9962
vn 0.0783 0.0386 -0.9962
vn 0.2326 0.1147 -0.9658
vn 0.3797 0.1872 -0.9060
vn 0.3797 0.1873 -0.9060
vn 0.5151 0.2540 -0.8186
vn 0.5152 0.2541 -0.8186
vn 0.6349 0.3131 -0.7063
vn 0.7352 0.3626 -0.5728
vn 0.7352 0.3626 -0.5727
vn 0.8132 0.4010 -0.4219
vn 0.8664 0.4273 -0.2584
vn 0.8664 0.4273 -0.2583
vn 0.8935 0.4406 -0.0870
vn 0.8935 0.4406 -0.0869
vn 0.0726 0.0485 -0.9962
vn 0.2156 0.1441 -0.9658
vn 0.3520 0.2352 -0.9060
vn 0.4776 0.3191 -0.8186
vn 0.5886 0.3933 -0.7064
vn 0.5886 0.3933 -0.7063
vn 0.6816 0.4554 -0.5728
vn 0.7539 0.5037 -0.4219
vn 0.7538 0.5037 -0.4219
vn 0.8033 0.5367 -0.2582
vn 0.8032 0.5367 -0.2583
vn 0.8283 0.5535 -0.0870
vn 0.7490 0.6569 -0.0870
vn 0.7269 0.6661 -0.1670
vn 0.7769 0.6235 -0.0872
vn 0.6235 0.7769 -0.0871
vn 0.6528 0.7444 -0.1407
vn 0.6370 0.7263 -0.2583
vn 0.5978 0.6817 -0.4218
vn 0.5978 0.6817 -0.4219
vn 0.5405 0.6163 -0.5727
vn 0.5405 0.6163 -0.5728
vn 0.4667 0.5322 -0.7063
vn 0.3787 0.4318 -0.8186
vn 0.3787 0.4319 -0.8186
vn 0.2792 0.3183 -0.9060
vn 0.2791 0.3183 -0.9060
vn 0.1710 0.1950 -0.9658
vn 0.0576 0.0657 -0.9962
vn 0.0485 0.0726 -0.9962
vn 0.1441 0.2156 -0.9658
vn 0.2352 0.3520 -0.9060
vn 0.3191 0.4776 -0.8186
vn 0.3933 0.5886 -0.7063
vn 0.4554 0.6816 -0.5728
vn 0.5037 0.7538 -0.4219
vn 0.5037 0.7539 -0.4219
vn 0.5367 0.8033 -0.2583
vn 0.5367 0.8032 -0.2583
vn 0.5535 0.8283 -0.0869
vn 0.0386 0.0783 -0.9962
vn 0.1147 0.2326 -0.9658
vn 0.1872 0.3797 -0.9060
vn 0.1873 0.3797 -0.9060
vn 0.2540 0.5152 -0.8186
vn 0.3131 0.6349 -0.7064
vn 0.3131 0.6349 -0.7063
vn 0.3625 0.7352 -0.5728
vn 0.3626 0.7352 -0.5728
vn 0.4010 0.8132 -0.4218
vn 0.4010 0.8132 -0.4219
vn 0.4273 0.8664 -0.2583
vn 0.4406 0.8935 -0.0870
vn 0.3202 0.9433 -0.0870
vn 0.2965 0.9403 -0.1670
vn 0.3610 0.9285 -0.0872
vn 0.1515 0.9846 -0.0871
vn 0.1932 0.9710 -0.1407
vn 0.1885 0.9475 -0.2583
vn 0.1769 0.8892 -0.4219
vn 0.1599 0.8040 -0.5727
vn 0.1381 0.6942 -0.7064
vn 0.1381 0.6943 -0.7064
vn 0.1121 0.5634 -0.8186
vn 0.0826 0.4152 -0.9060
vn 0.0506 0.2544 -0.9658
vn 0.0170 0.0857 -0.9962
vn 0.0057 0.0872 -0.9962
vn 0.0170 0.2588 -0.9658
vn 0.0277 0.4225 -0.9060
vn 0.0376 0.5732 -0.8186
vn 0.0463 0.7063 -0.7064
vn 0.0463 0.7064 -0.7063
vn 0.0536 0.8180 -0.5727
vn 0.0536 0.8180 -0.5728
vn 0.0593 0.9047 -0.4219
vn 0.0632 0.9640 -0.2583
vn 0.0652 0.9941 -0.0870
vn 0.0651 0.9941 -0.0870
vn 0.9726 -0.2156 -0.0871
vn 0.7345 -0.6730 -0.0871
vn 0.2996 -0.9501 -0.0871
vn 0.0170 -0.0857 -0.9962
vn 0.0506 -0.2544 -0.9658
vn 0.0506 -0.2543 -0.9658
vn 0.0826 -0.4152 -0.9060
vn 0.1121 -0.5634 -0.8186
vn 0.1121 -0.5633 -0.8186
vn 0.1381 -0.6943 -0.7064
vn 0.1381 -0.6943 -0.7063
vn 0.1599 -0.8040 -0.5728
vn 0.1769 -0.8892 -0.4219
vn 0.1885 -0.9475 -0.2583
vn 0.0576 -0.0657 -0.9962
vn 0.1710 -0.1950 -0.9658
vn 0.2792 -0.3183 -0.9060
vn 0.2791 -0.3183 -0.9060
vn 0.3787 -0.4319 -0.8186
vn 0.3787 -0.4318 -0.8186
vn 0.4667 -0.5322 -0.7063
vn 0.4667 -0.5322 -0.7064
vn 0.5405 -0.6163 -0.5727
vn 0.5405 -0.6163 -0.5728
vn 0.5978 -0.6817 -0.4219
vn 0.5978 -0.6817 -0.4218
vn 0.6370 -0.7263 -0.2583
vn 0.0827 -0.0281 -0.9962
vn 0.2456 -0.0834 -0.9658
vn 0.4009 -0.1361 -0.9060
vn 0.5439 -0.1846 -0.8186
vn 0.6703 -0.2275 -0.7063
vn 0.7762 -0.2635 -0.5728
vn 0.8586 -0.2914 -0.4218
vn 0.8585 -0.2914 -0.4219
vn 0.9148 -0.3105 -0.2582
vn 0.9148 -0.3105 -0.2583
vn 0.0057 -0.0872 -0.9962
vn 0.0170 -0.2588 -0.9658
vn 0.0277 -0.4224 -0.9060
vn 0.0277 -0.4225 -0.9060
vn 0.0376 -0.5732 -0.8186
vn 0.0463 -0.7064 -0.7063
vn 0.0463 -0.7063 -0.7064
vn 0.0536 -0.8180 -0.5728
vn 0.0593 -0.9047 -0.4219
vn 0.0632 -0.9640 -0.2583
vn 0.0652 -0.9941 -0.0870
vn 0.1943 -0.9771 -0.0870
vn 0.2134 -0.9626 -0.1670
vn 0.1516 -0.9846 -0.0871
vn 0.3610 -0.9285 -0.0872
vn 0.3183 -0.9375 -0.1407
vn 0.3105 -0.9148 -0.2583
vn 0.2914 -0.8585 -0.4219
vn 0.2635 -0.7762 -0.5727
vn 0.2635 -0.7762 -0.5728
vn 0.2275 -0.6703 -0.7064
vn 0.2275 -0.6703 -0.7063
vn 0.1846 -0.5439 -0.8186
vn 0.1361 -0.4009 -0.9060
vn 0.0834 -0.2456 -0.9658
vn 0.0281 -0.0827 -0.9962
vn 0.0386 -0.0783 -0.9962
vn 0.1147 -0.2326 -0.9658
vn 0.1872 -0.3797 -0.9060
vn 0.1873 -0.3797 -0.9060
vn 0.2541 -0.5152 -0.8186
vn 0.2540 -0.5152 -0.8186
vn 0.3131 -0.6349 -0.7064
vn 0.3131 -0.6349 -0.7063
vn 0.3625 -0.7352 -0.5728
vn 0.3626 -0.7352 -0.5728
vn 0.4010 -0.8132 -0.4219
vn 0.4273 -0.8664 -0.2583
vn 0.4406 -0.8935 -0.0870
vn 0.0485 -0.0726 -0.9962
vn 0.1441 -0.2156 -0.9658
vn 0.2352 -0.3520 -0.9060
vn 0.3191 -0.4776 -0.8186
vn 0.3933 -0.5886 -0.7064
vn 0.3933 -0.5886 -0.7063
vn 0.4554 -0.6816 -0.5728
vn 0.5037 -0.7539 -0.4219
vn 0.5367 -0.8033 -0.2583
vn 0.5535 -0.8283 -0.0870
vn 0.5535 -0.8283 -0.0869
vn 0.6568 -0.7490 -0.0870
vn 0.6661 -0.7269 -0.1670
vn 0.6235 -0.7769 -0.0871
vn 0.7769 -0.6236 -0.0872
vn 0.7444 -0.6528 -0.1407
vn 0.7263 -0.6370 -0.2583
vn 0.6816 -0.5978 -0.4219
vn 0.6817 -0.5978 -0.4219
vn 0.6163 -0.5405 -0.5727
vn 0.5322 -0.4667 -0.7064
vn 0.5322 -0.4667 -0.7063
vn 0.4318 -0.3787 -0.8186
vn 0.4319 -0.3787 -0.8186
vn 0.3183 -0.2791 -0.9060
vn 0.1950 -0.1710 -0.9658
vn 0.0657 -0.0576 -0.9962
vn 0.0726 -0.0485 -0.9962
vn 0.2156 -0.1441 -0.9658
vn 0.3520 -0.2352 -0.9060
vn 0.4776 -0.3191 -0.8186
vn 0.5886 -0.3933 -0.7064
vn 0.5886 -0.3933 -0.7063
vn 0.6816 -0.4554 -0.5728
vn 0.7539 -0.5037 -0.4219
vn 0.8033 -0.5367 -0.2583
vn 0.8033 -0.5367 -0.2582
vn 0.8283 -0.5535 -0.0870
vn 0.0783 -0.0386 -0.9962
vn 0.2326 -0.1147 -0.9658
vn 0.3797 -0.1872 -0.9060
vn 0.3797 -0.1873 -0.9060
vn 0.5152 -0.2541 -0.8186
vn 0.5151 -0.2540 -0.8186
vn 0.6349 -0.3131 -0.7063
vn 0.7352 -0.3626 -0.5728
vn 0.8132 -0.4010 -0.4219
vn 0.8664 -0.4273 -0.2584
vn 0.8664 -0.4273 -0.2583
vn 0.8935 -0.4406 -0.0870
vn 0.8935 -0.4406 -0.0869
vn 0.9433 -0.3202 -0.0870
vn 0.9403 -0.2965 -0.1669
vn 0.9285 -0.3611 -0.0871
vn 0.9846 -0.1515 -0.0871
vn 0.9710 -0.1932 -0.1406
vn 0.9475 -0.1885 -0.2583
vn 0.8892 -0.1769 -0.4219
vn 0.8040 -0.1599 -0.5727
vn 0.8039 -0.1599 -0.5728
vn 0.6943 -0.1381 -0.7063
vn 0.5634 -0.1121 -0.8186
vn 0.4152 -0.0826 -0.9060
vn 0.4153 -0.0826 -0.9059
vn 0.2543 -0.0506 -0.9658
vn 0.2544 -0.0506 -0.9658
vn 0.0857 -0.0170 -0.9962
vn 0.0872 -0.0057 -0.9962
vn 0.0871 -0.0057 -0.9962
vn 0.2588 -0.0170 -0.9658
vn 0.4225 -0.0277 -0.9060
vn 0.5731 -0.0376 -0.8186
vn 0.5732 -0.0376 -0.8185
vn 0.7063 -0.0463 -0.7064
vn 0.7064 -0.0463 -0.7063
vn 0.8179 -0.0536 -0.5728
vn 0.8180 -0.0536 -0.5728
vn 0.9047 -0.0593 -0.4219
vn 0.9640 -0.0632 -0.2583
vn 0.9941 -0.0652 -0.0869
vn 0.9941 -0.0652 -0.0870
vn -0.0000 -0.9969 -0.0785
vn 0.0001 -0.9962 -0.0872
vn -0.0000 -0.9863 -0.1651
vn -0.0000 -0.9703 -0.2419
vn 0.0002 -0.9659 -0.2588
vn -0.0000 -0.9455 -0.3256
vn -0.0000 -0.9171 -0.3988
vn -0.0000 -0.8788 -0.4772
vn -0.0000 -0.8387 -0.5446
vn 0.0003 -0.8191 -0.5736
vn -0.0000 -0.7880 -0.6157
vn 0.0003 -0.7071 -0.7071
vn -0.0000 -0.6156 -0.7880
vn 0.0003 -0.5736 -0.8191
vn -0.0000 -0.5447 -0.8387
vn 0.0008 -0.4771 -0.8788
vn -0.0000 -0.3988 -0.9171
vn 0.0009 -0.3256 -0.9455
vn -0.0000 -0.2419 -0.9703
vn 0.0010 -0.1650 -0.9863
vn -0.0000 -0.0785 -0.9969
vn -0.3343 -0.1019 -0.9369
vn -0.3510 -0.1803 -0.9189
vn -0.3147 -0.3994 -0.8611
vn -0.3286 -0.3250 -0.8868
vn -0.2917 -0.5379 -0.7910
vn -0.3087 -0.4713 -0.8262
vn -0.2656 -0.5619 -0.7834
vn -0.2820 -0.6012 -0.7476
vn -0.2231 -0.7728 -0.5942
vn -0.2459 -0.7220 -0.6468
vn -0.2429 -0.6925 -0.6793
vn -0.2055 -0.8188 -0.5360
vn -0.2074 -0.8003 -0.5625
vn -0.1295 -0.9314 -0.3403
vn -0.1572 -0.8999 -0.4068
vn -0.1624 -0.8892 -0.4277
vn -0.1091 -0.9531 -0.2823
vn -0.0125 -0.9994 -0.0315
vn -0.0338 -0.9951 -0.0934
vn -0.0523 -0.9897 -0.1330
vn -0.0806 -0.9738 -0.2128
vn -0.3232 -0.1664 -0.9316
vn -0.3084 -0.1664 -0.9366
vn -0.3004 -0.1721 -0.9382
vn -0.3108 -0.3097 -0.8986
vn -0.2819 -0.3095 -0.9081
vn -0.2921 -0.2958 -0.9095
vn -0.2128 -0.2956 -0.9313
vn -0.2237 -0.2748 -0.9351
vn -0.1275 -0.2747 -0.9530
vn -0.1380 -0.2539 -0.9573
vn -0.2711 -0.5732 -0.7733
vn -0.2434 -0.5730 -0.7826
vn -0.2521 -0.5639 -0.7864
vn -0.1844 -0.5636 -0.8052
vn -0.1938 -0.5498 -0.8125
vn -0.1113 -0.5498 -0.8279
vn -0.1199 -0.5359 -0.8357
vn -0.2076 -0.7870 -0.5810
vn -0.1834 -0.7868 -0.5893
vn -0.1900 -0.7821 -0.5935
vn -0.1393 -0.7819 -0.6077
vn -0.1465 -0.7746 -0.6152
vn -0.0844 -0.7746 -0.6268
vn -0.0908 -0.7673 -0.6348
vn -0.1269 -0.9325 -0.3381
vn -0.1072 -0.9325 -0.3450
vn -0.1112 -0.9309 -0.3478
vn -0.0816 -0.9308 -0.3562
vn -0.0859 -0.9285 -0.3613
vn -0.0494 -0.9285 -0.3681
vn -0.0533 -0.9261 -0.3735
vn -0.2810 -0.1504 -0.9478
vn -0.2197 -0.1502 -0.9639
vn -0.2312 -0.1261 -0.9647
vn -0.1638 -0.1263 -0.9784
vn -0.1393 -0.1429 -0.9799
vn -0.1199 -0.1023 -0.9875
vn -0.0402 -0.1022 -0.9940
vn -0.0513 -0.0784 -0.9956
vn -0.0458 -0.1649 -0.9852
vn -0.0437 -0.2540 -0.9662
vn -0.0491 -0.2416 -0.9691
vn -0.0434 -0.3252 -0.9446
vn -0.0451 -0.3998 -0.9155
vn -0.1304 -0.3997 -0.9073
vn -0.1208 -0.4170 -0.9008
vn -0.2111 -0.4171 -0.8840
vn -0.2009 -0.4344 -0.8780
vn -0.2752 -0.4347 -0.8575
vn -0.2656 -0.4461 -0.8547
vn -0.2921 -0.4463 -0.8459
vn -0.3073 -0.4178 -0.8550
vn -0.0457 -0.3983 -0.9161
vn -0.0398 -0.4767 -0.8781
vn -0.0446 -0.5361 -0.8430
vn -0.0412 -0.5442 -0.8379
vn -0.0354 -0.6153 -0.7875
vn -0.0421 -0.6597 -0.7504
vn -0.1066 -0.6595 -0.7441
vn -0.0990 -0.6699 -0.7358
vn -0.1721 -0.6699 -0.7222
vn -0.1637 -0.6803 -0.7144
vn -0.2235 -0.6806 -0.6978
vn -0.2158 -0.6874 -0.6935
vn -0.2417 -0.6876 -0.6847
vn -0.2613 -0.6629 -0.7016
vn -0.0359 -0.6751 -0.7368
vn -0.0300 -0.7370 -0.6753
vn -0.0380 -0.7676 -0.6398
vn -0.0296 -0.7876 -0.6154
vn -0.0239 -0.8384 -0.5445
vn -0.0321 -0.8571 -0.5141
vn -0.0729 -0.8569 -0.5102
vn -0.0677 -0.8615 -0.5033
vn -0.1175 -0.8615 -0.4940
vn -0.1117 -0.8660 -0.4874
vn -0.1523 -0.8661 -0.4760
vn -0.1469 -0.8691 -0.4723
vn -0.1680 -0.8692 -0.4650
vn -0.1799 -0.8613 -0.4753
vn -0.0228 -0.8786 -0.4771
vn -0.0172 -0.9169 -0.3987
vn -0.0244 -0.9262 -0.3762
vn -0.0155 -0.9454 -0.3255
vn -0.0102 -0.9703 -0.2419
vn -0.0828 -0.9755 -0.2039
vn -0.0651 -0.9755 -0.2101
vn -0.0677 -0.9749 -0.2119
vn -0.0496 -0.9749 -0.2170
vn -0.0522 -0.9741 -0.2202
vn -0.0300 -0.9740 -0.2244
vn -0.0323 -0.9732 -0.2278
vn -0.0149 -0.9732 -0.2294
vn -0.0077 -0.9863 -0.1651
vn -0.0169 -0.9972 -0.0723
vn -0.0217 -0.9973 -0.0706
vn -0.0225 -0.9972 -0.0712
vn -0.0164 -0.9972 -0.0730
vn -0.0173 -0.9971 -0.0740
vn -0.0099 -0.9971 -0.0754
vn -0.0107 -0.9970 -0.0765
vn -0.0029 -0.9970 -0.0773
vn -0.0036 -0.9969 -0.0785
vn -0.5230 -0.2110 -0.8258
vn -0.4917 -0.7719 -0.4030
vn -0.4670 -0.7223 -0.5101
vn -0.3984 -0.9171 -0.0113
vn -0.4333 -0.8854 -0.1683
vn -0.4264 -0.8999 -0.0911
vn -0.4570 -0.8367 -0.3019
vn -0.4680 -0.7465 -0.4730
vn -0.4694 -0.7632 -0.4441
vn -0.4829 -0.7760 -0.4059
vn -0.4599 -0.8034 -0.3782
vn -0.4565 -0.8282 -0.3253
vn -0.4646 -0.6204 -0.6319
vn -0.4669 -0.6466 -0.6032
vn -0.4531 -0.5234 -0.7216
vn -0.4617 -0.5631 -0.6854
vn -0.4245 -0.3760 -0.8236
vn -0.4275 -0.3925 -0.8144
vn -0.4465 -0.4416 -0.7782
vn -0.3631 -0.1777 -0.9146
vn -0.4118 -0.3069 -0.8580
vn -0.5111 -0.8110 -0.2848
vn -0.4867 -0.8223 -0.2949
vn -0.4694 -0.8445 -0.2578
vn -0.4632 -0.8473 -0.2599
vn -0.4383 -0.8682 -0.2328
vn -0.5042 -0.6701 -0.5447
vn -0.3434 -0.0998 -0.9339
vn -0.4824 -0.1199 -0.8677
vn -0.3946 -0.1610 -0.9047
vn -0.4238 -0.2088 -0.8813
vn -0.4401 -0.1984 -0.8758
vn -0.5535 -0.6367 -0.5369
vn -0.5490 -0.6493 -0.5264
vn -0.5463 -0.7164 -0.4341
vn -0.4848 -0.5726 -0.6611
vn -0.4974 -0.5668 -0.6568
vn -0.4961 -0.5717 -0.6535
vn -0.5509 -0.5462 -0.6310
vn -0.5508 -0.5466 -0.6308
vn -0.4381 -0.3070 -0.8449
vn -0.4522 -0.3005 -0.8398
vn -0.4464 -0.3411 -0.8273
vn -0.5208 -0.3065 -0.7968
vn -0.5161 -0.3409 -0.7858
vn -0.4986 -0.2225 -0.8378
vn -0.5005 -0.2262 -0.8356
vn -0.4566 -0.1909 -0.8690
vn -0.4168 -0.9022 -0.1114
vn -0.4350 -0.8942 -0.1056
vn -0.4612 -0.8729 -0.1592
vn -0.4760 -0.8660 -0.1531
vn -0.5031 -0.8387 -0.2087
vn -0.5131 -0.8338 -0.2036
vn -0.5403 -0.8017 -0.2558
vn -0.5500 -0.7688 -0.3262
vn -0.5496 -0.7743 -0.3136
vn -0.5294 -0.7840 -0.3241
vn -0.5355 -0.7382 -0.4101
vn -0.5010 -0.7543 -0.4243
vn -0.5011 -0.6785 -0.5372
vn -0.4900 -0.6836 -0.5409
vn -0.4741 -0.6733 -0.5673
vn -0.5697 -0.7346 -0.3684
vn -0.5762 -0.6929 -0.4335
vn -0.5777 -0.7012 -0.4179
vn -0.5896 -0.6540 -0.4740
vn -0.5922 -0.6181 -0.5170
vn -0.5980 -0.6017 -0.5294
vn -0.5996 -0.5231 -0.6057
vn -0.6009 -0.5182 -0.6086
vn -0.5998 -0.4581 -0.6561
vn -0.5937 -0.4207 -0.6859
vn -0.5383 -0.4473 -0.7142
vn -0.5414 -0.4311 -0.7218
vn -0.4767 -0.4612 -0.7484
vn -0.4810 -0.4396 -0.7585
vn -0.4674 -0.4459 -0.7634
vn -0.4501 -0.5045 -0.7368
vn -0.5621 -0.2317 -0.7940
vn -0.5653 -0.2008 -0.8001
vn -0.5785 -0.2981 -0.7592
vn -0.5788 -0.3108 -0.7539
vn -0.5897 -0.3464 -0.7295
vn -0.5947 -0.4120 -0.6903
vn -0.6544 -0.4077 -0.6368
vn -0.6792 -0.4703 -0.5635
vn -0.6709 -0.4780 -0.5669
vn -0.6746 -0.4666 -0.5720
vn -0.6570 -0.4762 -0.5845
vn -0.6571 -0.4742 -0.5859
vn -0.6885 -0.4639 -0.5575
vn -0.6751 -0.4732 -0.5659
vn -0.6750 -0.5289 -0.5145
vn -0.6536 -0.5407 -0.5296
vn -0.6477 -0.5961 -0.4745
vn -0.6817 -0.4677 -0.5626
vn -0.6636 -0.4778 -0.5757
vn -0.6787 -0.3957 -0.6187
vn -0.6465 -0.4132 -0.6413
vn -0.6575 -0.3348 -0.6750
vn -0.6364 -0.3457 -0.6895
vn -0.6253 -0.3616 -0.6916
vn -0.6296 -0.3277 -0.7045
vn -0.6298 -0.3372 -0.6997
vn -0.6173 -0.2801 -0.7352
vn -0.6099 -0.2420 -0.7546
vn -0.5963 -0.2158 -0.7732
vn -0.6348 -0.4186 -0.6494
vn -0.6585 -0.4065 -0.6334
vn -0.6534 -0.4445 -0.6127
vn -0.6760 -0.4323 -0.5968
vn -0.6358 -0.3928 -0.6645
vn -0.6366 -0.4408 -0.6329
vn -0.6366 -0.4847 -0.5998
vn -0.6349 -0.5022 -0.5870
vn -0.6301 -0.5865 -0.5089
vn -0.6290 -0.5501 -0.5493
vn -0.6536 -0.5376 -0.5328
vn -0.6570 -0.5083 -0.5568
vn -0.6741 -0.4990 -0.5446
vn -0.6147 -0.6622 -0.4285
vn -0.6233 -0.6578 -0.4227
vn -0.6478 -0.6130 -0.4524
vn -0.6384 -0.5776 -0.5088
vn -0.6672 -0.5621 -0.4887
vn -0.6209 -0.6391 -0.4539
vn -0.6155 -0.6742 -0.4083
vn -0.6181 -0.6111 -0.4944
vn -0.5987 -0.7206 -0.3497
vn -0.5915 -0.7487 -0.2993
vn -0.5431 -0.8004 -0.2540
vn -0.5647 -0.7718 -0.2923
vn -0.6015 -0.6811 -0.4174
vn -0.5842 -0.6208 -0.5228
vn -0.6025 -0.6577 -0.4521
vn -0.6325 -0.6531 0.4164
vn -0.6466 -0.5708 0.5060
vn -0.6885 -0.4639 0.5575
vn -0.6726 -0.4730 0.5691
vn -0.6546 -0.4091 0.6357
vn -0.6672 -0.5621 0.4887
vn -0.6478 -0.5728 0.5023
vn -0.6792 -0.4703 0.5635
vn -0.6706 -0.4787 0.5667
vn -0.6743 -0.4989 0.5445
vn -0.6527 -0.5106 0.5597
vn -0.6557 -0.5364 0.5313
vn -0.6817 -0.4677 0.5626
vn -0.6759 -0.4713 0.5666
vn -0.6760 -0.4323 0.5968
vn -0.6583 -0.4420 0.6093
vn -0.6560 -0.4078 0.6351
vn -0.6785 -0.3958 0.6188
vn -0.6560 -0.4082 0.6349
vn -0.6528 -0.3373 0.6783
vn -0.6147 -0.6622 0.4285
vn -0.6025 -0.6577 0.4521
vn -0.5842 -0.6208 0.5228
vn -0.5987 -0.7206 0.3497
vn -0.6037 -0.6912 0.3972
vn -0.5713 -0.7589 0.3125
vn -0.5647 -0.7718 0.2923
vn -0.5431 -0.8003 0.2540
vn -0.6181 -0.6111 0.4944
vn -0.6522 -0.5937 0.4714
vn -0.6448 -0.5453 0.5357
vn -0.6751 -0.5288 0.5144
vn -0.6155 -0.6742 0.4083
vn -0.6209 -0.6391 0.4539
vn -0.6290 -0.5501 0.5493
vn -0.6301 -0.5865 0.5089
vn -0.6349 -0.5022 0.5870
vn -0.6366 -0.4847 0.5998
vn -0.6570 -0.4743 0.5860
vn -0.6572 -0.4761 0.5843
vn -0.6744 -0.4667 0.5721
vn -0.6365 -0.4408 0.6329
vn -0.6358 -0.3927 0.6644
vn -0.6349 -0.4186 0.6494
vn -0.6295 -0.3277 0.7045
vn -0.6268 -0.2754 0.7289
vn -0.5964 -0.2158 0.7732
vn -0.6099 -0.2420 0.7546
vn -0.6279 -0.3480 0.6961
vn -0.6253 -0.3616 0.6916
vn -0.6364 -0.3457 0.6895
vn -0.5620 -0.2317 0.7940
vn -0.4402 -0.1984 0.8757
vn -0.4156 -0.3170 0.8525
vn -0.3621 -0.1753 0.9155
vn -0.5675 -0.1267 0.8136
vn -0.3438 -0.1001 0.9337
vn -0.4508 -0.4533 0.7690
vn -0.4273 -0.3926 0.8144
vn -0.4139 -0.3182 0.8529
vn -0.4655 -0.5812 0.6675
vn -0.4529 -0.5238 0.7214
vn -0.4432 -0.4603 0.7692
vn -0.4682 -0.7464 0.4729
vn -0.4655 -0.7019 0.5390
vn -0.4780 -0.6890 0.5448
vn -0.4670 -0.6466 0.6031
vn -0.4607 -0.5859 0.6667
vn -0.4706 -0.7866 0.3998
vn -0.4613 -0.7854 0.4128
vn -0.4569 -0.8261 0.3297
vn -0.4335 -0.8853 0.1684
vn -0.4339 -0.8834 0.1772
vn -0.4463 -0.8547 0.2652
vn -0.4568 -0.8547 0.2466
vn -0.4567 -0.8294 0.3217
vn -0.4265 -0.8999 0.0911
vn -0.4168 -0.9021 0.1114
vn -0.3983 -0.9172 0.0112
vn -0.3946 -0.1610 0.9047
vn -0.4238 -0.2088 0.8814
vn -0.4411 -0.3056 0.8438
vn -0.4587 -0.3357 0.8227
vn -0.4746 -0.4426 0.7609
vn -0.4838 -0.4581 0.7457
vn -0.4958 -0.5675 0.6573
vn -0.4979 -0.5709 0.6528
vn -0.5043 -0.6770 0.5360
vn -0.5006 -0.6717 0.5461
vn -0.4999 -0.7681 0.4002
vn -0.4918 -0.7583 0.4279
vn -0.4830 -0.8382 0.2533
vn -0.4715 -0.8289 0.3009
vn -0.4540 -0.8854 0.0994
vn -0.4873 -0.8553 0.1759
vn -0.4678 -0.8699 0.1565
vn -0.4399 -0.8822 0.1678
vn -0.4998 -0.2219 0.8372
vn -0.5230 -0.2110 0.8258
vn -0.5653 -0.2008 0.8001
vn -0.5785 -0.2981 0.7593
vn -0.5788 -0.3108 0.7539
vn -0.5897 -0.3464 0.7295
vn -0.5947 -0.4120 0.6903
vn -0.5937 -0.4207 0.6859
vn -0.5999 -0.4580 0.6560
vn -0.6009 -0.5224 0.6050
vn -0.5995 -0.5189 0.6094
vn -0.5969 -0.6157 0.5145
vn -0.5926 -0.6042 0.5327
vn -0.5898 -0.6539 0.4739
vn -0.5777 -0.7012 0.4179
vn -0.5500 -0.7688 0.3263
vn -0.5496 -0.7743 0.3136
vn -0.5697 -0.7346 0.3685
vn -0.5762 -0.6929 0.4335
vn -0.4565 -0.1908 0.8690
vn -0.4991 -0.2251 0.8368
vn -0.5124 -0.3106 0.8006
vn -0.5256 -0.3366 0.7813
vn -0.5371 -0.4332 0.7238
vn -0.5431 -0.4452 0.7120
vn -0.5508 -0.5462 0.6311
vn -0.5509 -0.5465 0.6308
vn -0.5531 -0.6473 0.5245
vn -0.5487 -0.6389 0.5392
vn -0.5442 -0.7340 0.4064
vn -0.5365 -0.7208 0.4389
vn -0.5243 -0.8045 0.2792
vn -0.5143 -0.7909 0.3316
vn -0.5031 -0.8387 0.2087
vn -0.5296 -0.8256 0.1949
vn -0.5215 -0.8102 0.2676
vn -0.2097 -0.8424 0.4964
vn -0.0543 -0.9897 0.1324
vn -0.0409 -0.9920 0.1196
vn -0.0009 -0.9962 0.0874
vn 0.0028 -0.9957 0.0921
vn -0.0119 -0.9995 0.0279
vn -0.0955 -0.9734 0.2082
vn -0.0708 -0.9702 0.2318
vn -0.1150 -0.9528 0.2809
vn -0.1774 -0.8861 0.4283
vn -0.1723 -0.8902 0.4216
vn -0.1170 -0.9180 0.3790
vn -0.1499 -0.9226 0.3555
vn -0.1201 -0.9502 0.2876
vn -0.2595 -0.7469 0.6122
vn -0.2280 -0.7986 0.5570
vn -0.1457 -0.8485 0.5088
vn -0.3023 -0.4904 0.8174
vn -0.1602 -0.3635 0.9177
vn -0.3269 -0.4141 0.8495
vn -0.3073 -0.4893 0.8162
vn -0.3211 -0.1045 0.9413
vn -0.3105 -0.1888 0.9316
vn -0.2802 -0.1586 0.9467
vn -0.0300 -0.9967 0.0755
vn -0.0294 -0.9967 0.0761
vn -0.0897 -0.9704 0.2242
vn -0.0882 -0.9702 0.2258
vn -0.1472 -0.9185 0.3670
vn -0.1445 -0.9179 0.3695
vn -0.2006 -0.8424 0.5001
vn -0.1970 -0.8412 0.5035
vn -0.2470 -0.7480 0.6160
vn -0.2305 -0.7422 0.6293
vn -0.2656 -0.6898 0.6735
vn -0.2824 -0.6235 0.7291
vn -0.2792 -0.6244 0.7295
vn -0.3023 -0.5563 0.7740
vn -0.2920 -0.3195 0.9015
vn -0.3003 -0.3465 0.8887
vn -0.2741 -0.4716 0.8381
vn -0.2786 -0.4907 0.8256
vn -0.2472 -0.6108 0.7522
vn -0.2501 -0.6231 0.7410
vn -0.2122 -0.7333 0.6460
vn -0.2144 -0.7419 0.6353
vn -0.1714 -0.8356 0.5219
vn -0.1729 -0.8410 0.5126
vn -0.1258 -0.9149 0.3835
vn -0.1269 -0.9178 0.3763
vn -0.0767 -0.9691 0.2345
vn -0.0774 -0.9701 0.2299
vn -0.0256 -0.9965 0.0790
vn -0.0258 -0.9967 0.0774
vn -0.0189 -0.9965 0.0808
vn -0.0185 -0.9964 0.0824
vn -0.0570 -0.9691 0.2400
vn -0.0558 -0.9680 0.2445
vn -0.0935 -0.9149 0.3926
vn -0.0916 -0.9120 0.3997
vn -0.1272 -0.8356 0.5344
vn -0.1247 -0.8301 0.5435
vn -0.1576 -0.7333 0.6614
vn -0.1543 -0.7245 0.6718
vn -0.1836 -0.6108 0.7702
vn -0.1794 -0.5984 0.7809
vn -0.2045 -0.4716 0.8578
vn -0.1993 -0.4552 0.8678
vn -0.2200 -0.3194 0.9217
vn -0.2135 -0.2992 0.9300
vn -0.2294 -0.1585 0.9603
vn -0.1150 -0.1644 0.9797
vn -0.1632 -0.1347 0.9773
vn -0.2215 -0.1347 0.9658
vn -0.0404 -0.2586 0.9651
vn -0.0484 -0.2789 0.9591
vn -0.0381 -0.4223 0.9056
vn -0.0451 -0.4388 0.8975
vn -0.0345 -0.5732 0.8187
vn -0.0406 -0.5858 0.8094
vn -0.0298 -0.7068 0.7068
vn -0.0349 -0.7157 0.6976
vn -0.0240 -0.8189 0.5734
vn -0.0283 -0.8245 0.5651
vn -0.0176 -0.9062 0.4226
vn -0.0207 -0.9091 0.4161
vn -0.0106 -0.9659 0.2588
vn -0.0125 -0.9669 0.2547
vn -0.0033 -0.9962 0.0872
vn -0.0040 -0.9963 0.0858
vn -0.0117 -0.9964 0.0837
vn -0.0111 -0.9963 0.0851
vn -0.0354 -0.9680 0.2483
vn -0.0338 -0.9670 0.2527
vn -0.0581 -0.9120 0.4060
vn -0.0555 -0.9091 0.4128
vn -0.0791 -0.8301 0.5520
vn -0.0756 -0.8245 0.5608
vn -0.0977 -0.7245 0.6823
vn -0.0935 -0.7157 0.6921
vn -0.1137 -0.5983 0.7931
vn -0.1085 -0.5858 0.8031
vn -0.1265 -0.4552 0.8814
vn -0.1203 -0.4388 0.8905
vn -0.1357 -0.2992 0.9445
vn -0.1284 -0.2789 0.9517
vn -0.1430 -0.1108 0.9835
vn -0.0504 -0.1108 0.9926
vn -0.0414 -0.0871 0.9953
vn -0.0000 -0.8191 0.5736
vn -0.0000 -0.5736 0.8191
vn 0.2156 -0.9726 0.0871
vn 0.6730 -0.7345 0.0871
vn 0.9501 -0.2996 0.0871
vn 0.0857 -0.0170 0.9962
vn 0.2544 -0.0506 0.9658
vn 0.2543 -0.0506 0.9658
vn 0.4153 -0.0826 0.9059
vn 0.4152 -0.0826 0.9060
vn 0.5634 -0.1121 0.8186
vn 0.6943 -0.1381 0.7064
vn 0.6943 -0.1381 0.7063
vn 0.8039 -0.1599 0.5728
vn 0.8040 -0.1599 0.5727
vn 0.8892 -0.1769 0.4219
vn 0.9475 -0.1885 0.2583
vn 0.0657 -0.0576 0.9962
vn 0.1950 -0.1710 0.9658
vn 0.3183 -0.2791 0.9060
vn 0.4319 -0.3787 0.8186
vn 0.5322 -0.4667 0.7064
vn 0.6163 -0.5405 0.5727
vn 0.6817 -0.5978 0.4219
vn 0.7263 -0.6370 0.2583
vn 0.0281 -0.0827 0.9962
vn 0.0834 -0.2456 0.9658
vn 0.1361 -0.4009 0.9060
vn 0.1846 -0.5439 0.8186
vn 0.2275 -0.6703 0.7064
vn 0.2635 -0.7762 0.5727
vn 0.2635 -0.7762 0.5728
vn 0.2914 -0.8585 0.4219
vn 0.3105 -0.9148 0.2583
vn 0.0872 -0.0057 0.9962
vn 0.2588 -0.0170 0.9658
vn 0.4224 -0.0277 0.9060
vn 0.4225 -0.0277 0.9060
vn 0.5732 -0.0376 0.8186
vn 0.7063 -0.0463 0.7064
vn 0.7064 -0.0463 0.7063
vn 0.8180 -0.0536 0.5728
vn 0.9047 -0.0593 0.4218
vn 0.9047 -0.0593 0.4219
vn 0.9640 -0.0632 0.2583
vn 0.9941 -0.0652 0.0869
vn 0.9941 -0.0652 0.0870
vn 0.9771 -0.1944 0.0870
vn 0.9626 -0.2134 0.1668
vn 0.9846 -0.1515 0.0871
vn 0.9285 -0.3611 0.0871
vn 0.9375 -0.3182 0.1407
vn 0.9148 -0.3105 0.2583
vn 0.8585 -0.2914 0.4219
vn 0.8586 -0.2914 0.4218
vn 0.7762 -0.2635 0.5728
vn 0.6703 -0.2275 0.7063
vn 0.5439 -0.1846 0.8186
vn 0.4009 -0.1361 0.9059
vn 0.4009 -0.1361 0.9060
vn 0.2456 -0.0834 0.9658
vn 0.0827 -0.0281 0.9962
vn 0.0783 -0.0386 0.9962
vn 0.2326 -0.1147 0.9658
vn 0.3797 -0.1873 0.9060
vn 0.3797 -0.1872 0.9060
vn 0.5151 -0.2540 0.8186
vn 0.5152 -0.2541 0.8186
vn 0.6349 -0.3131 0.7063
vn 0.7352 -0.3626 0.5728
vn 0.7352 -0.3626 0.5727
vn 0.8131 -0.4010 0.4219
vn 0.8132 -0.4010 0.4218
vn 0.8664 -0.4273 0.2584
vn 0.8664 -0.4273 0.2583
vn 0.8935 -0.4406 0.0870
vn 0.8935 -0.4406 0.0869
vn 0.0726 -0.0485 0.9962
vn 0.2156 -0.1441 0.9658
vn 0.3520 -0.2352 0.9060
vn 0.4776 -0.3191 0.8186
vn 0.5886 -0.3933 0.7064
vn 0.5886 -0.3933 0.7063
vn 0.6816 -0.4554 0.5728
vn 0.7539 -0.5037 0.4219
vn 0.7538 -0.5037 0.4219
vn 0.8033 -0.5367 0.2583
vn 0.8283 -0.5535 0.0870
vn 0.7490 -0.6568 0.0870
vn 0.7269 -0.6661 0.1670
vn 0.7769 -0.6236 0.0872
vn 0.6235 -0.7769 0.0871
vn 0.6528 -0.7443 0.1407
vn 0.6370 -0.7263 0.2583
vn 0.5978 -0.6817 0.4218
vn 0.5978 -0.6817 0.4219
vn 0.5405 -0.6163 0.5727
vn 0.4667 -0.5322 0.7063
vn 0.4667 -0.5322 0.7064
vn 0.3787 -0.4319 0.8186
vn 0.2792 -0.3183 0.9060
vn 0.2791 -0.3183 0.9060
vn 0.1710 -0.1950 0.9658
vn 0.0576 -0.0657 0.9962
vn 0.0485 -0.0726 0.9962
vn 0.1441 -0.2156 0.9658
vn 0.2352 -0.3520 0.9060
vn 0.3191 -0.4776 0.8186
vn 0.3933 -0.5886 0.7063
vn 0.4554 -0.6816 0.5728
vn 0.5037 -0.7538 0.4219
vn 0.5037 -0.7539 0.4219
vn 0.5367 -0.8032 0.2583
vn 0.5367 -0.8033 0.2583
vn 0.5535 -0.8283 0.0870
vn 0.0386 -0.0783 0.9962
vn 0.1147 -0.2326 0.9658
vn 0.1873 -0.3797 0.9060
vn 0.1872 -0.3797 0.9060
vn 0.2541 -0.5152 0.8186
vn 0.2540 -0.5152 0.8186
vn 0.3131 -0.6349 0.7064
vn 0.3131 -0.6349 0.7063
vn 0.3625 -0.7352 0.5728
vn 0.3626 -0.7352 0.5728
vn 0.4010 -0.8132 0.4219
vn 0.4010 -0.8131 0.4219
vn 0.4273 -0.8664 0.2583
vn 0.4406 -0.8935 0.0870
vn 0.3202 -0.9433 0.0870
vn 0.2965 -0.9403 0.1670
vn 0.3610 -0.9285 0.0872
vn 0.1516 -0.9846 0.0871
vn 0.1931 -0.9710 0.1407
vn 0.1885 -0.9475 0.2583
vn 0.1769 -0.8892 0.4219
vn 0.1599 -0.8040 0.5728
vn 0.1381 -0.6942 0.7064
vn 0.1381 -0.6943 0.7063
vn 0.1120 -0.5634 0.8186
vn 0.1121 -0.5633 0.8186
vn 0.0826 -0.4152 0.9060
vn 0.0506 -0.2544 0.9658
vn 0.0170 -0.0857 0.9962
vn 0.0057 -0.0872 0.9962
vn 0.0170 -0.2588 0.9658
vn 0.0277 -0.4225 0.9060
vn 0.0376 -0.5732 0.8186
vn 0.0463 -0.7063 0.7064
vn 0.0463 -0.7064 0.7063
vn 0.0536 -0.8180 0.5728
vn 0.0593 -0.9047 0.4219
vn 0.0632 -0.9640 0.2583
vn 0.0652 -0.9941 0.0870
vn 0.9726 0.2156 0.0871
vn 0.7345 0.6730 0.0871
vn 0.2996 0.9501 0.0871
vn 0.0170 0.0857 0.9962
vn 0.0506 0.2544 0.9658
vn 0.0506 0.2543 0.9658
vn 0.0826 0.4152 0.9060
vn 0.1121 0.5634 0.8186
vn 0.1381 0.6943 0.7064
vn 0.1381 0.6942 0.7064
vn 0.1599 0.8040 0.5727
vn 0.1769 0.8892 0.4219
vn 0.1885 0.9475 0.2583
vn 0.0576 0.0657 0.9962
vn 0.1710 0.1950 0.9658
vn 0.2791 0.3183 0.9060
vn 0.3787 0.4319 0.8186
vn 0.3787 0.4318 0.8186
vn 0.4667 0.5322 0.7063
vn 0.4667 0.5322 0.7064
vn 0.5405 0.6163 0.5727
vn 0.5405 0.6163 0.5728
vn 0.5978 0.6817 0.4219
vn 0.5978 0.6817 0.4218
vn 0.6370 0.7263 0.2583
vn 0.0827 0.0281 0.9962
vn 0.2456 0.0834 0.9658
vn 0.4009 0.1361 0.9060
vn 0.5439 0.1846 0.8186
vn 0.6703 0.2275 0.7063
vn 0.7762 0.2635 0.5728
vn 0.8586 0.2914 0.4218
vn 0.8585 0.2914 0.4219
vn 0.9148 0.3105 0.2582
vn 0.9148 0.3105 0.2583
vn 0.0057 0.0872 0.9962
vn 0.0170 0.2588 0.9658
vn 0.0277 0.4225 0.9060
vn 0.0376 0.5732 0.8186
vn 0.0463 0.7064 0.7063
vn 0.0463 0.7063 0.7064
vn 0.0536 0.8180 0.5728
vn 0.0536 0.8180 0.5727
vn 0.0593 0.9047 0.4219
vn 0.0632 0.9640 0.2583
vn 0.0652 0.9941 0.0870
vn 0.0651 0.9941 0.0870
vn 0.1944 0.9771 0.0870
vn 0.2134 0.9626 0.1670
vn 0.1515 0.9846 0.0871
vn 0.3610 0.9285 0.0872
vn 0.3183 0.9375 0.1407
vn 0.3105 0.9148 0.2583
vn 0.2915 0.8585 0.4219
vn 0.2914 0.8585 0.4219
vn 0.2635 0.7762 0.5727
vn 0.2275 0.6703 0.7064
vn 0.1846 0.5439 0.8186
vn 0.1361 0.4009 0.9060
vn 0.0834 0.2456 0.9658
vn 0.0281 0.0827 0.9962
vn 0.0386 0.0783 0.9962
vn 0.1147 0.2326 0.9658
vn 0.1872 0.3797 0.9060
vn 0.1873 0.3797 0.9060
vn 0.2541 0.5152 0.8186
vn 0.2540 0.5152 0.8186
vn 0.3131 0.6349 0.7064
vn 0.3131 0.6349 0.7063
vn 0.3626 0.7352 0.5728
vn 0.3625 0.7352 0.5728
vn 0.4010 0.8132 0.4219
vn 0.4010 0.8132 0.4218
vn 0.4273 0.8664 0.2583
vn 0.4406 0.8935 0.0870
vn 0.0485 0.0726 0.9962
vn 0.1441 0.2156 0.9658
vn 0.2352 0.3520 0.9060
vn 0.3191 0.4776 0.8186
vn 0.3933 0.5886 0.7064
vn 0.3933 0.5886 0.7063
vn 0.4554 0.6816 0.5728
vn 0.5037 0.7539 0.4219
vn 0.5367 0.8033 0.2583
vn 0.5535 0.8283 0.0869
vn 0.6569 0.7490 0.0870
vn 0.6661 0.7269 0.1669
vn 0.6235 0.7769 0.0871
vn 0.7769 0.6235 0.0872
vn 0.7444 0.6528 0.1407
vn 0.7263 0.6370 0.2583
vn 0.6817 0.5978 0.4219
vn 0.6816 0.5978 0.4219
vn 0.6163 0.5405 0.5727
vn 0.5322 0.4667 0.7064
vn 0.5322 0.4667 0.7063
vn 0.4318 0.3787 0.8186
vn 0.4319 0.3787 0.8186
vn 0.3183 0.2791 0.9060
vn 0.1950 0.1710 0.9658
vn 0.0657 0.0576 0.9962
vn 0.0726 0.0485 0.9962
vn 0.2156 0.1441 0.9658
vn 0.3520 0.2352 0.9060
vn 0.4776 0.3191 0.8186
vn 0.5886 0.3933 0.7064
vn 0.5886 0.3933 0.7063
vn 0.6816 0.4554 0.5728
vn 0.7538 0.5037 0.4219
vn 0.7539 0.5037 0.4219
vn 0.8033 0.5367 0.2583
vn 0.8033 0.5367 0.2582
vn 0.8283 0.5535 0.0870
vn 0.0783 0.0386 0.9962
vn 0.2326 0.1147 0.9658
vn 0.3797 0.1873 0.9060
vn 0.5151 0.2540 0.8186
vn 0.6349 0.3131 0.7063
vn 0.7352 0.3626 0.5728
vn 0.7352 0.3626 0.5727
vn 0.8132 0.4010 0.4219
vn 0.8132 0.4010 0.4218
vn 0.8664 0.4273 0.2583
vn 0.8935 0.4406 0.0870
vn 0.8935 0.4406 0.0869
vn 0.9433 0.3202 0.0870
vn 0.9403 0.2965 0.1669
vn 0.9285 0.3611 0.0871
vn 0.9846 0.1515 0.0871
vn 0.9710 0.1932 0.1406
vn 0.9475 0.1885 0.2583
vn 0.8892 0.1769 0.4219
vn 0.8040 0.1599 0.5727
vn 0.8039 0.1599 0.5728
vn 0.6943 0.1381 0.7063
vn 0.5634 0.1121 0.8186
vn 0.4152 0.0826 0.9060
vn 0.4153 0.0826 0.9059
vn 0.2543 0.0506 0.9658
vn 0.2544 0.0506 0.9658
vn 0.0857 0.0170 0.9962
vn 0.0872 0.0057 0.9962
vn 0.2588 0.0170 0.9658
vn 0.4225 0.0277 0.9059
vn 0.4224 0.0277 0.9060
vn 0.5731 0.0376 0.8186
vn 0.5732 0.0376 0.8185
vn 0.7063 0.0463 0.7064
vn 0.7064 0.0463 0.7063
vn 0.8179 0.0536 0.5728
vn 0.8180 0.0536 0.5728
vn 0.9047 0.0593 0.4219
vn 0.9640 0.0632 0.2583
vn 0.9941 0.0652 0.0870
vn -0.1194 0.1109 0.9866
vn -0.1203 0.9502 0.2876
vn -0.3058 0.1079 0.9460
vn -0.2994 0.1586 0.9409
vn -0.2920 0.3195 0.9015
vn -0.3104 0.1886 0.9317
vn -0.2795 0.6235 0.7302
vn -0.3020 0.5563 0.7741
vn -0.3018 0.4904 0.8175
vn -0.3098 0.4889 0.8155
vn -0.3269 0.4141 0.8495
vn -0.2304 0.7422 0.6294
vn -0.2661 0.6895 0.6736
vn -0.2824 0.6239 0.7287
vn -0.1774 0.8861 0.4283
vn -0.2084 0.8447 0.4931
vn -0.1577 0.8414 0.5168
vn -0.2270 0.7988 0.5571
vn -0.1536 0.9186 0.3642
vn -0.1037 0.9240 0.3682
vn -0.1711 0.8907 0.4212
vn -0.1126 0.9534 0.2798
vn -0.0714 0.9702 0.2317
vn -0.0958 0.9734 0.2082
vn -0.0135 0.9994 0.0313
vn 0.0040 0.9960 0.0893
vn -0.0182 0.9951 0.0971
vn -0.0539 0.9897 0.1324
vn -0.0299 0.9967 0.0758
vn -0.0292 0.9967 0.0758
vn -0.0901 0.9702 0.2250
vn -0.0876 0.9704 0.2250
vn -0.1478 0.9179 0.3683
vn -0.1439 0.9185 0.3683
vn -0.2013 0.8413 0.5018
vn -0.1965 0.8423 0.5019
vn -0.2471 0.7480 0.6160
vn -0.2588 0.7470 0.6123
vn -0.0262 0.9966 0.0787
vn -0.0251 0.9967 0.0777
vn -0.0788 0.9691 0.2339
vn -0.0754 0.9701 0.2307
vn -0.1291 0.9149 0.3825
vn -0.1236 0.9177 0.3775
vn -0.1759 0.8355 0.5206
vn -0.1684 0.8409 0.5142
vn -0.2179 0.7331 0.6443
vn -0.2088 0.7418 0.6373
vn -0.2538 0.6106 0.7501
vn -0.2435 0.6230 0.7434
vn -0.2829 0.4714 0.8353
vn -0.2694 0.4907 0.8286
vn -0.3004 0.3464 0.8887
vn -0.1603 0.3634 0.9177
vn -0.0193 0.9964 0.0822
vn -0.0181 0.9965 0.0810
vn -0.0581 0.9680 0.2441
vn -0.0548 0.9691 0.2407
vn -0.0951 0.9120 0.3991
vn -0.0900 0.9149 0.3936
vn -0.1294 0.8300 0.5426
vn -0.1226 0.8355 0.5357
vn -0.1601 0.7244 0.6705
vn -0.1517 0.7331 0.6630
vn -0.1863 0.5982 0.7794
vn -0.1766 0.6106 0.7720
vn -0.2073 0.4551 0.8660
vn -0.1965 0.4714 0.8597
vn -0.2225 0.2991 0.9279
vn -0.2108 0.3193 0.9239
vn -0.2316 0.1346 0.9634
vn -0.2191 0.1584 0.9628
vn -0.0119 0.9963 0.0850
vn -0.0109 0.9964 0.0838
vn -0.0361 0.9669 0.2525
vn -0.0331 0.9680 0.2487
vn -0.0591 0.9091 0.4125
vn -0.0545 0.9120 0.4066
vn -0.0805 0.8244 0.5602
vn -0.0742 0.8300 0.5529
vn -0.0995 0.7156 0.6914
vn -0.0918 0.7244 0.6833
vn -0.1156 0.5857 0.8023
vn -0.1066 0.5982 0.7942
vn -0.1284 0.4386 0.8894
vn -0.1182 0.4551 0.8826
vn -0.1377 0.2788 0.9504
vn -0.1263 0.2990 0.9458
vn -0.1401 0.1491 0.9789
vn -0.1632 0.1347 0.9773
vn -0.0040 0.9962 0.0872
vn -0.0032 0.9963 0.0858
vn -0.0128 0.9659 0.2588
vn -0.0103 0.9669 0.2549
vn -0.0212 0.9061 0.4225
vn -0.0171 0.9090 0.4164
vn -0.0289 0.8188 0.5733
vn -0.0234 0.8244 0.5655
vn -0.0357 0.7067 0.7066
vn -0.0289 0.7155 0.6980
vn -0.0416 0.5731 0.8185
vn -0.0334 0.5857 0.8099
vn -0.0463 0.4222 0.9053
vn -0.0368 0.4386 0.8979
vn -0.0498 0.2585 0.9647
vn -0.0390 0.2788 0.9596
vn -0.0519 0.0870 0.9949
vn -0.0398 0.1108 0.9931
vn -0.4917 0.7719 0.4030
vn -0.4608 0.5859 0.6667
vn -0.4656 0.7019 0.5390
vn -0.3984 0.9172 0.0113
vn -0.4333 0.8855 0.1676
vn -0.4263 0.9000 0.0912
vn -0.4568 0.8547 0.2466
vn -0.4676 0.7468 0.4729
vn -0.4707 0.7865 0.3998
vn -0.4613 0.7854 0.4128
vn -0.4572 0.8261 0.3295
vn -0.4566 0.8296 0.3213
vn -0.4524 0.5237 0.7219
vn -0.4137 0.3181 0.8530
vn -0.4273 0.3923 0.8145
vn -0.3637 0.1774 0.9145
vn -0.4824 0.1199 0.8677
vn -0.3438 0.1000 0.9337
vn -0.5110 0.8110 0.2848
vn -0.4866 0.8223 0.2949
vn -0.4695 0.8445 0.2578
vn -0.4463 0.8547 0.2653
vn -0.4338 0.8834 0.1770
vn -0.5043 0.6701 0.5447
vn -0.4238 0.2088 0.8814
vn -0.4014 0.1721 0.8996
vn -0.3637 0.1747 0.9150
vn -0.5535 0.6367 0.5369
vn -0.5490 0.6493 0.5263
vn -0.5462 0.7164 0.4341
vn -0.4655 0.5812 0.6675
vn -0.4974 0.5668 0.6568
vn -0.4961 0.5716 0.6535
vn -0.5509 0.5462 0.6310
vn -0.5508 0.5465 0.6308
vn -0.4149 0.3174 0.8527
vn -0.4522 0.3005 0.8398
vn -0.4464 0.3411 0.8273
vn -0.5208 0.3065 0.7968
vn -0.5162 0.3409 0.7857
vn -0.5227 0.2110 0.8260
vn -0.5123 0.2160 0.8312
vn -0.5008 0.2346 0.8332
vn -0.4686 0.1851 0.8638
vn -0.4402 0.1984 0.8757
vn -0.4169 0.9021 0.1114
vn -0.4350 0.8942 0.1056
vn -0.4613 0.8729 0.1592
vn -0.4760 0.8660 0.1531
vn -0.5031 0.8387 0.2087
vn -0.5131 0.8338 0.2036
vn -0.5404 0.8016 0.2558
vn -0.5499 0.7689 0.3262
vn -0.5496 0.7743 0.3136
vn -0.5294 0.7840 0.3241
vn -0.5355 0.7382 0.4101
vn -0.5011 0.7542 0.4243
vn -0.5011 0.6785 0.5372
vn -0.4781 0.6889 0.5448
vn -0.4669 0.6465 0.6034
vn -0.5697 0.7346 0.3684
vn -0.5762 0.6929 0.4335
vn -0.5777 0.7012 0.4179
vn -0.5897 0.6540 0.4739
vn -0.5922 0.6181 0.5170
vn -0.5980 0.6017 0.5294
vn -0.5996 0.5230 0.6057
vn -0.6009 0.5182 0.6086
vn -0.5999 0.4580 0.6560
vn -0.5937 0.4207 0.6859
vn -0.5383 0.4474 0.7142
vn -0.5414 0.4311 0.7218
vn -0.4767 0.4612 0.7484
vn -0.4810 0.4396 0.7585
vn -0.4508 0.4533 0.7690
vn -0.4431 0.4603 0.7693
vn -0.5621 0.2317 0.7940
vn -0.5653 0.2008 0.8001
vn -0.5786 0.2981 0.7592
vn -0.5788 0.3108 0.7539
vn -0.5897 0.3464 0.7296
vn -0.5946 0.4120 0.6904
vn -0.6547 0.4090 0.6357
vn -0.6726 0.4730 0.5691
vn -0.6850 0.4648 0.5610
vn -0.6746 0.4666 0.5720
vn -0.6568 0.4763 0.5845
vn -0.6572 0.4742 0.5859
vn -0.6750 0.5290 0.5144
vn -0.6536 0.5407 0.5296
vn -0.6477 0.5961 0.4745
vn -0.6785 0.3959 0.6188
vn -0.6463 0.4133 0.6414
vn -0.6575 0.3347 0.6750
vn -0.6363 0.3458 0.6896
vn -0.6253 0.3616 0.6915
vn -0.6296 0.3277 0.7045
vn -0.6298 0.3372 0.6997
vn -0.6173 0.2801 0.7352
vn -0.6099 0.2420 0.7546
vn -0.5963 0.2158 0.7732
vn -0.6348 0.4186 0.6494
vn -0.6585 0.4065 0.6334
vn -0.6535 0.4445 0.6127
vn -0.6759 0.4323 0.5969
vn -0.6712 0.4768 0.5676
vn -0.6784 0.4731 0.5620
vn -0.6357 0.3928 0.6645
vn -0.6365 0.4408 0.6329
vn -0.6366 0.4847 0.5998
vn -0.6350 0.5022 0.5870
vn -0.6301 0.5865 0.5089
vn -0.6290 0.5501 0.5493
vn -0.6535 0.5376 0.5328
vn -0.6570 0.5083 0.5567
vn -0.6743 0.4988 0.5445
vn -0.6673 0.4760 0.5728
vn -0.6874 0.4613 0.5610
vn -0.6147 0.6622 0.4285
vn -0.6234 0.6578 0.4227
vn -0.6478 0.6129 0.4524
vn -0.6384 0.5775 0.5089
vn -0.6672 0.5622 0.4888
vn -0.6210 0.6391 0.4539
vn -0.6155 0.6742 0.4083
vn -0.6181 0.6111 0.4945
vn -0.5987 0.7206 0.3497
vn -0.5914 0.7488 0.2993
vn -0.5431 0.8004 0.2540
vn -0.5646 0.7719 0.2923
vn -0.6016 0.6811 0.4174
vn -0.5842 0.6208 0.5228
vn -0.6025 0.6577 0.4521
vn 0.9962 -0.0000 0.0872
vn 0.9659 -0.0000 0.2588
vn 0.9063 -0.0000 0.4226
vn 0.8191 -0.0000 0.5736
vn 0.8192 -0.0000 0.5736
vn 0.7071 -0.0000 0.7071
vn 0.5736 -0.0000 0.8192
vn 0.5736 -0.0000 0.8191
vn 0.4226 -0.0000 0.9063
vn 0.2588 -0.0000 0.9659
vn 0.0872 -0.0000 0.9962
vn 0.0872 -0.0000 -0.9962
vn 0.2588 -0.0000 -0.9659
vn 0.4226 -0.0000 -0.9063
vn 0.5736 -0.0000 -0.8191
vn 0.5736 -0.0000 -0.8192
vn 0.7071 -0.0000 -0.7071
vn 0.8192 -0.0000 -0.5736
vn 0.8191 -0.0000 -0.5736
vn 0.9063 -0.0000 -0.4226
vn 0.9659 -0.0000 -0.2588
vn 0.9962 -0.0000 -0.0872
vn -0.7071 -0.7071 -0.0000
vn -0.7071 0.7071 -0.0000
vn 0.7071 -0.7071 -0.0000
vn 0.7071 0.7071 -0.0000
vn 0.9962 -0.0872 -0.0000
vn 0.9659 -0.2588 -0.0000
vn 0.9063 -0.4227 -0.0000
vn 0.9063 -0.4226 -0.0000
vn 0.8191 -0.5736 -0.0000
vn 0.5736 -0.8192 -0.0000
vn 0.4226 -0.9063 -0.0000
vn 0.2588 -0.9659 -0.0000
vn 0.0871 -0.9962 -0.0000
vn 0.0871 0.9962 -0.0000
vn 0.2588 0.9659 -0.0000
vn 0.4226 0.9063 -0.0000
vn 0.5737 0.8191 -0.0000
vn 0.5735 0.8192 -0.0000
vn 0.8192 0.5735 -0.0000
vn 0.9063 0.4227 -0.0000
vn 0.9063 0.4226 -0.0000
vn 0.9659 0.2588 -0.0000
vn 0.9962 0.0872 -0.0000
vn -0.9962 0.0871 -0.0000
vn -0.9659 0.2588 -0.0000
vn -0.9063 0.4226 -0.0000
vn -0.8192 0.5736 -0.0000
vn -0.5735 0.8192 -0.0000
vn -0.5737 0.8191 -0.0000
vn -0.4226 0.9063 -0.0000
vn -0.2588 0.9659 -0.0000
vn -0.0871 0.9962 -0.0000
vn -0.0871 -0.9962 -0.0000
vn -0.2588 -0.9659 -0.0000
vn -0.4226 -0.9063 -0.0000
vn -0.5736 -0.8191 -0.0000
vn -0.8191 -0.5736 -0.0000
vn -0.9063 -0.4225 -0.0000
vn -0.9063 -0.4226 -0.0000
vn -0.9659 -0.2588 -0.0000
vn -0.9962 -0.0871 -0.0000
vn 0.0785 0.9969 -0.0000
vn 0.0784 0.9969 -0.0000
vn 0.2335 0.9724 -0.0000
vn 0.3827 0.9239 -0.0000
vn 0.5225 0.8526 -0.0000
vn 0.6494 0.7604 -0.0000
vn 0.6495 0.7604 -0.0000
vn 0.7604 0.6494 -0.0000
vn 0.7604 0.6495 -0.0000
vn 0.8527 0.5225 -0.0000
vn 0.8526 0.5225 -0.0000
vn 0.9239 0.3827 -0.0000
vn 0.9724 0.2335 -0.0000
vn 0.9969 0.0785 -0.0000
vn 0.9969 -0.0785 -0.0000
vn 0.9724 -0.2335 -0.0000
vn 0.9239 -0.3827 -0.0000
vn 0.8527 -0.5225 -0.0000
vn 0.8526 -0.5225 -0.0000
vn 0.7604 -0.6494 -0.0000
vn 0.7604 -0.6495 -0.0000
vn 0.6494 -0.7604 -0.0000
vn 0.6495 -0.7604 -0.0000
vn 0.5225 -0.8526 -0.0000
vn 0.3827 -0.9239 -0.0000
vn 0.2335 -0.9724 -0.0000
vn 0.2334 -0.9724 -0.0000
vn 0.0785 -0.9969 -0.0000
vn -0.0785 -0.9969 -0.0000
vn -0.2334 -0.9724 -0.0000
vn -0.2335 -0.9724 -0.0000
vn -0.3827 -0.9239 -0.0000
vn -0.5225 -0.8526 -0.0000
vn -0.6495 -0.7604 -0.0000
vn -0.6494 -0.7604 -0.0000
vn -0.7604 -0.6495 -0.0000
vn -0.7604 -0.6494 -0.0000
vn -0.8526 -0.5225 -0.0000
vn -0.8527 -0.5225 -0.0000
vn -0.9239 -0.3827 -0.0000
vn -0.9724 -0.2334 -0.0000
vn -0.9724 -0.2335 -0.0000
vn -0.9969 -0.0785 -0.0000
vn -0.9969 0.0785 -0.0000
vn -0.9724 0.2334 -0.0000
vn -0.9724 0.2335 -0.0000
vn -0.9239 0.3827 -0.0000
vn -0.8526 0.5225 -0.0000
vn -0.8527 0.5225 -0.0000
vn -0.7604 0.6495 -0.0000
vn -0.7604 0.6494 -0.0000
vn -0.6495 0.7604 -0.0000
vn -0.6494 0.7604 -0.0000
vn -0.5225 0.8526 -0.0000
vn -0.3827 0.9239 -0.0000
vn -0.2335 0.9724 -0.0000
vn -0.0784 0.9969 -0.0000
vn -0.0785 0.9969 -0.0000
vn -1.0000 -0.0000 0.0001
vn 1.0000 -0.0000 0.0001
vn 1.0000 -0.0000 -0.0001
vn 0.7643 0.0669 -0.6413
vn 0.7411 0.1986 -0.6414
vn 0.6954 0.3242 -0.6414
vn 0.6954 0.3242 -0.6413
vn 0.6285 0.4401 -0.6414
vn 0.6285 0.4401 -0.6413
vn 0.5425 0.5425 -0.6413
vn 0.5425 0.5425 -0.6414
vn 0.4401 0.6285 -0.6413
vn 0.4400 0.6285 -0.6413
vn 0.3242 0.6954 -0.6413
vn 0.3243 0.6954 -0.6413
vn 0.1986 0.7411 -0.6413
vn 0.1985 0.7411 -0.6414
vn 0.0669 0.7643 -0.6414
vn -0.0669 0.7643 -0.6414
vn -0.1985 0.7411 -0.6414
vn -0.1986 0.7411 -0.6413
vn -0.3242 0.6954 -0.6414
vn -0.3243 0.6954 -0.6413
vn -0.4401 0.6285 -0.6413
vn -0.4401 0.6285 -0.6414
vn -0.5425 0.5425 -0.6413
vn -0.5425 0.5425 -0.6414
vn -0.6285 0.4401 -0.6413
vn -0.6285 0.4401 -0.6414
vn -0.6954 0.3243 -0.6413
vn -0.6954 0.3242 -0.6413
vn -0.7411 0.1986 -0.6413
vn -0.7411 0.1986 -0.6414
vn -0.7643 0.0669 -0.6413
vn -0.7643 -0.0669 -0.6414
vn -0.7411 -0.1986 -0.6413
vn -0.7412 -0.1986 -0.6413
vn -0.6953 -0.3243 -0.6414
vn -0.6954 -0.3242 -0.6413
vn -0.6284 -0.4401 -0.6414
vn -0.6285 -0.4401 -0.6413
vn -0.5425 -0.5426 -0.6414
vn -0.5426 -0.5425 -0.6413
vn -0.4401 -0.6285 -0.6413
vn -0.3242 -0.6954 -0.6413
vn -0.3243 -0.6954 -0.6413
vn -0.1985 -0.7411 -0.6414
vn -0.1986 -0.7411 -0.6413
vn -0.0669 -0.7643 -0.6413
vn 0.0669 -0.7643 -0.6414
vn 0.0669 -0.7643 -0.6413
vn 0.1986 -0.7411 -0.6414
vn 0.1986 -0.7411 -0.6413
vn 0.3243 -0.6954 -0.6413
vn 0.3242 -0.6954 -0.6414
vn 0.4401 -0.6285 -0.6414
vn 0.4401 -0.6285 -0.6413
vn 0.5426 -0.5425 -0.6413
vn 0.5425 -0.5425 -0.6414
vn 0.6285 -0.4401 -0.6413
vn 0.6954 -0.3243 -0.6413
vn 0.6954 -0.3243 -0.6414
vn 0.7411 -0.1986 -0.6413
vn 0.7643 -0.0669 -0.6414
vn 0.7644 0.0668 -0.6413
vn 0.4401 0.6284 -0.6414
vn -0.3242 0.6954 -0.6413
vn -0.3243 0.6953 -0.6414
vn -0.0669 -0.7643 -0.6414
vn 0.5425 -0.5425 -0.6413
vn 0.7412 -0.1986 -0.6413
vn 0.7411 -0.1986 -0.6414
vn 0.7644 0.0669 -0.6413
vn 0.5425 0.5426 -0.6413
vn 0.4400 0.6285 -0.6414
vn -0.6284 0.4401 -0.6414
vn -0.7411 -0.1986 -0.6414
vn -0.6285 -0.4401 -0.6414
vn 0.5425 -0.5426 -0.6413
vn -0.6940 0.1860 -0.6956
vn -0.6941 0.1860 -0.6954
vn -0.6515 0.3038 -0.6952
vn -0.6513 0.3037 -0.6954
vn -0.5889 0.4123 -0.6951
vn -0.5886 0.4122 -0.6955
vn -0.5080 0.5081 -0.6956
vn -0.5084 0.5084 -0.6950
vn -0.4122 0.5887 -0.6953
vn -0.4122 0.5886 -0.6955
vn -0.3037 0.6513 -0.6954
vn -0.3037 0.6515 -0.6952
vn -0.1861 0.6944 -0.6951
vn -0.1860 0.6940 -0.6956
vn -0.0626 0.7160 -0.6953
vn -0.0627 0.7160 -0.6953
vn 0.0626 0.7160 -0.6952
vn 0.0627 0.7159 -0.6954
vn 0.1860 0.6942 -0.6953
vn 0.1860 0.6943 -0.6953
vn 0.3037 0.6514 -0.6953
vn 0.3037 0.6513 -0.6954
vn 0.4121 0.5885 -0.6956
vn 0.4123 0.5888 -0.6953
vn 0.5083 0.5083 -0.6951
vn 0.5079 0.5080 -0.6956
vn 0.5882 0.4119 -0.6960
vn 0.5883 0.4119 -0.6959
vn 0.6511 0.3037 -0.6955
vn 0.6512 0.3037 -0.6955
vn 0.6944 0.1861 -0.6951
vn 0.7157 0.0626 -0.6956
vn 0.7158 0.0626 -0.6954
vn 0.7157 -0.0626 -0.6956
vn 0.7158 -0.0626 -0.6955
vn 0.6944 -0.1861 -0.6951
vn 0.6945 -0.1861 -0.6950
vn 0.6512 -0.3036 -0.6956
vn 0.6512 -0.3037 -0.6955
vn 0.5882 -0.4119 -0.6960
vn 0.5883 -0.4119 -0.6959
vn 0.5080 -0.5080 -0.6955
vn 0.5082 -0.5083 -0.6952
vn 0.4120 -0.5884 -0.6958
vn 0.4121 -0.5886 -0.6955
vn 0.3037 -0.6514 -0.6953
vn 0.3037 -0.6512 -0.6954
vn 0.1860 -0.6943 -0.6952
vn 0.1860 -0.6942 -0.6954
vn 0.0626 -0.7160 -0.6953
vn -0.0626 -0.7160 -0.6953
vn -0.1860 -0.6942 -0.6953
vn -0.1860 -0.6942 -0.6954
vn -0.3038 -0.6514 -0.6953
vn -0.3037 -0.6513 -0.6954
vn -0.4122 -0.5887 -0.6953
vn -0.4121 -0.5884 -0.6957
vn -0.5083 -0.5083 -0.6951
vn -0.5079 -0.5080 -0.6956
vn -0.5885 -0.4121 -0.6955
vn -0.5890 -0.4124 -0.6950
vn -0.6515 -0.3038 -0.6951
vn -0.6512 -0.3037 -0.6955
vn -0.6936 -0.1858 -0.6960
vn -0.6945 -0.1861 -0.6950
vn -0.7161 -0.0627 -0.6952
vn -0.7163 -0.0627 -0.6950
vn -0.7162 0.0627 -0.6951
vn -0.7162 0.0627 -0.6950
vn -0.5892 0.1579 -0.7924
vn -0.5895 0.1579 -0.7922
vn -0.5531 0.2580 -0.7921
vn -0.5535 0.2580 -0.7919
vn -0.4996 0.3499 -0.7924
vn -0.4999 0.3500 -0.7922
vn -0.4316 0.4316 -0.7921
vn -0.4312 0.4312 -0.7925
vn -0.3500 0.4998 -0.7923
vn -0.3500 0.5000 -0.7922
vn -0.2578 0.5528 -0.7924
vn -0.2579 0.5531 -0.7922
vn -0.1579 0.5895 -0.7922
vn -0.1580 0.5894 -0.7922
vn -0.0532 0.6080 -0.7921
vn -0.0531 0.6077 -0.7924
vn 0.0531 0.6077 -0.7924
vn 0.0532 0.6079 -0.7922
vn 0.1580 0.5896 -0.7921
vn 0.1579 0.5893 -0.7923
vn 0.2578 0.5530 -0.7922
vn 0.2578 0.5527 -0.7925
vn 0.3501 0.5000 -0.7921
vn 0.3501 0.4999 -0.7922
vn 0.4313 0.4313 -0.7924
vn 0.4315 0.4315 -0.7922
vn 0.5000 0.3501 -0.7921
vn 0.4999 0.3500 -0.7922
vn 0.5535 0.2581 -0.7918
vn 0.5531 0.2579 -0.7922
vn 0.5896 0.1580 -0.7921
vn 0.5895 0.1579 -0.7922
vn 0.6077 0.0532 -0.7924
vn 0.6080 0.0532 -0.7922
vn 0.6080 -0.0532 -0.7921
vn 0.6076 -0.0532 -0.7925
vn 0.5896 -0.1580 -0.7921
vn 0.5895 -0.1579 -0.7922
vn 0.5532 -0.2580 -0.7921
vn 0.5535 -0.2580 -0.7919
vn 0.5000 -0.3501 -0.7921
vn 0.4999 -0.3500 -0.7922
vn 0.4315 -0.4315 -0.7923
vn 0.4315 -0.4315 -0.7922
vn 0.3500 -0.5000 -0.7921
vn 0.3502 -0.5001 -0.7920
vn 0.2578 -0.5528 -0.7924
vn 0.2578 -0.5529 -0.7923
vn 0.1579 -0.5894 -0.7923
vn 0.1580 -0.5895 -0.7922
vn 0.0532 -0.6080 -0.7921
vn 0.0532 -0.6076 -0.7924
vn -0.0531 -0.6078 -0.7923
vn -0.0532 -0.6079 -0.7922
vn -0.1580 -0.5896 -0.7921
vn -0.1579 -0.5893 -0.7923
vn -0.2579 -0.5530 -0.7922
vn -0.2579 -0.5530 -0.7923
vn -0.3499 -0.4999 -0.7922
vn -0.3501 -0.5000 -0.7921
vn -0.4315 -0.4315 -0.7923
vn -0.4316 -0.4315 -0.7922
vn -0.4996 -0.3499 -0.7924
vn -0.4999 -0.3500 -0.7922
vn -0.5528 -0.2578 -0.7924
vn -0.5535 -0.2580 -0.7919
vn -0.5895 -0.1580 -0.7921
vn -0.5891 -0.1578 -0.7925
vn -0.6077 -0.0532 -0.7924
vn -0.6080 -0.0532 -0.7922
vn -0.6076 0.0532 -0.7924
vn -0.6080 0.0532 -0.7922
vn -0.4720 0.1265 -0.8725
vn -0.4429 0.2065 -0.8725
vn -0.4426 0.2064 -0.8726
vn -0.4003 0.2802 -0.8725
vn -0.4006 0.2806 -0.8722
vn -0.3457 0.3457 -0.8723
vn -0.3457 0.3458 -0.8723
vn -0.2804 0.4003 -0.8724
vn -0.2803 0.4004 -0.8724
vn -0.2066 0.4431 -0.8723
vn -0.2066 0.4429 -0.8724
vn -0.1264 0.4721 -0.8725
vn -0.1266 0.4722 -0.8723
vn -0.0426 0.4870 -0.8724
vn -0.0426 0.4871 -0.8723
vn 0.0426 0.4870 -0.8724
vn 0.0426 0.4871 -0.8723
vn 0.1265 0.4722 -0.8724
vn 0.1265 0.4721 -0.8724
vn 0.2066 0.4430 -0.8724
vn 0.2066 0.4432 -0.8723
vn 0.2803 0.4002 -0.8725
vn 0.2804 0.4005 -0.8723
vn 0.3457 0.3457 -0.8723
vn 0.3457 0.3458 -0.8723
vn 0.4006 0.2804 -0.8723
vn 0.4004 0.2804 -0.8724
vn 0.4429 0.2065 -0.8725
vn 0.4426 0.2064 -0.8726
vn 0.4720 0.1265 -0.8725
vn 0.4724 0.1266 -0.8723
vn 0.4868 0.0426 -0.8725
vn 0.4872 0.0426 -0.8722
vn 0.4871 -0.0426 -0.8723
vn 0.4868 -0.0426 -0.8725
vn 0.4720 -0.1265 -0.8725
vn 0.4724 -0.1266 -0.8722
vn 0.4426 -0.2063 -0.8727
vn 0.4429 -0.2066 -0.8724
vn 0.4006 -0.2805 -0.8723
vn 0.4004 -0.2803 -0.8724
vn 0.3457 -0.3457 -0.8723
vn 0.3457 -0.3458 -0.8723
vn 0.2804 -0.4003 -0.8724
vn 0.2803 -0.4004 -0.8724
vn 0.2066 -0.4432 -0.8723
vn 0.2066 -0.4429 -0.8724
vn 0.1265 -0.4721 -0.8724
vn 0.1265 -0.4722 -0.8724
vn 0.0426 -0.4870 -0.8723
vn 0.0426 -0.4871 -0.8723
vn -0.0426 -0.4870 -0.8724
vn -0.0426 -0.4871 -0.8723
vn -0.1265 -0.4722 -0.8724
vn -0.1265 -0.4721 -0.8724
vn -0.2065 -0.4428 -0.8725
vn -0.2067 -0.4433 -0.8722
vn -0.2803 -0.4002 -0.8725
vn -0.2805 -0.4005 -0.8723
vn -0.3458 -0.3457 -0.8723
vn -0.3457 -0.3458 -0.8723
vn -0.4003 -0.2803 -0.8725
vn -0.4006 -0.2805 -0.8722
vn -0.4428 -0.2065 -0.8725
vn -0.4429 -0.2065 -0.8724
vn -0.4723 -0.1266 -0.8723
vn -0.4718 -0.1264 -0.8726
vn -0.4868 -0.0426 -0.8725
vn -0.4872 -0.0426 -0.8723
vn -0.4868 0.0426 -0.8725
vn -0.4869 0.0426 -0.8724
vn -0.3447 0.0924 -0.9341
vn -0.3446 0.0923 -0.9342
vn -0.3235 0.1508 -0.9341
vn -0.3236 0.1509 -0.9341
vn -0.2922 0.2045 -0.9342
vn -0.2922 0.2046 -0.9342
vn -0.2523 0.2522 -0.9342
vn -0.2523 0.2524 -0.9342
vn -0.2046 0.2922 -0.9342
vn -0.2047 0.2924 -0.9341
vn -0.1508 0.3234 -0.9342
vn -0.0924 0.3446 -0.9342
vn -0.0923 0.3446 -0.9342
vn -0.0311 0.3554 -0.9342
vn -0.0311 0.3555 -0.9342
vn 0.0311 0.3555 -0.9342
vn 0.0924 0.3447 -0.9342
vn 0.0924 0.3446 -0.9342
vn 0.1508 0.3234 -0.9342
vn 0.1508 0.3235 -0.9341
vn 0.2046 0.2922 -0.9342
vn 0.2046 0.2923 -0.9342
vn 0.2522 0.2521 -0.9343
vn 0.2525 0.2525 -0.9341
vn 0.2924 0.2047 -0.9341
vn 0.2920 0.2045 -0.9343
vn 0.3234 0.1508 -0.9341
vn 0.3236 0.1509 -0.9341
vn 0.3447 0.0923 -0.9341
vn 0.3446 0.0923 -0.9342
vn 0.3556 0.0311 -0.9341
vn 0.3554 0.0311 -0.9342
vn 0.3553 -0.0311 -0.9342
vn 0.3557 -0.0311 -0.9341
vn 0.3448 -0.0923 -0.9341
vn 0.3446 -0.0923 -0.9342
vn 0.3234 -0.1508 -0.9341
vn 0.3236 -0.1509 -0.9341
vn 0.2924 -0.2047 -0.9341
vn 0.2920 -0.2045 -0.9343
vn 0.2523 -0.2522 -0.9342
vn 0.2524 -0.2524 -0.9341
vn 0.2046 -0.2921 -0.9343
vn 0.2047 -0.2924 -0.9341
vn 0.1509 -0.3235 -0.9341
vn 0.1508 -0.3234 -0.9342
vn 0.0923 -0.3446 -0.9342
vn 0.0923 -0.3447 -0.9342
vn 0.0311 -0.3554 -0.9342
vn 0.0311 -0.3555 -0.9342
vn -0.0311 -0.3555 -0.9341
vn -0.0311 -0.3554 -0.9342
vn -0.0923 -0.3446 -0.9342
vn -0.1507 -0.3232 -0.9342
vn -0.1508 -0.3234 -0.9341
vn -0.2046 -0.2923 -0.9342
vn -0.2047 -0.2923 -0.9341
vn -0.2523 -0.2522 -0.9342
vn -0.2523 -0.2524 -0.9342
vn -0.2922 -0.2045 -0.9342
vn -0.2922 -0.2046 -0.9342
vn -0.3237 -0.1510 -0.9340
vn -0.3233 -0.1508 -0.9342
vn -0.3448 -0.0924 -0.9341
vn -0.3446 -0.0923 -0.9342
vn -0.3553 -0.0311 -0.9342
vn -0.3556 -0.0311 -0.9341
vn -0.3553 0.0311 -0.9342
vn -0.3559 0.0311 -0.9340
vn -0.2098 0.0562 -0.9761
vn -0.2097 0.0562 -0.9762
vn -0.1968 0.0918 -0.9761
vn -0.1969 0.0918 -0.9761
vn -0.1779 0.1246 -0.9761
vn -0.1780 0.1245 -0.9761
vn -0.1537 0.1536 -0.9761
vn -0.1536 0.1536 -0.9761
vn -0.1246 0.1780 -0.9761
vn -0.1245 0.1777 -0.9762
vn -0.0918 0.1969 -0.9761
vn -0.0918 0.1968 -0.9761
vn -0.0562 0.2100 -0.9761
vn -0.0562 0.2097 -0.9761
vn -0.0189 0.2163 -0.9762
vn -0.0189 0.2163 -0.9761
vn 0.0189 0.2163 -0.9761
vn 0.0562 0.2097 -0.9761
vn 0.0562 0.2098 -0.9761
vn 0.0918 0.1969 -0.9761
vn 0.1246 0.1779 -0.9761
vn 0.1537 0.1537 -0.9761
vn 0.1535 0.1535 -0.9761
vn 0.1780 0.1247 -0.9761
vn 0.1778 0.1245 -0.9762
vn 0.1969 0.0918 -0.9761
vn 0.1968 0.0918 -0.9761
vn 0.2096 0.0562 -0.9762
vn 0.2098 0.0562 -0.9761
vn 0.2163 0.0189 -0.9761
vn 0.2164 0.0189 -0.9761
vn 0.2163 -0.0189 -0.9761
vn 0.2164 -0.0189 -0.9761
vn 0.2098 -0.0562 -0.9761
vn 0.2097 -0.0562 -0.9762
vn 0.1968 -0.0918 -0.9761
vn 0.1969 -0.0918 -0.9761
vn 0.1779 -0.1245 -0.9761
vn 0.1778 -0.1245 -0.9762
vn 0.1534 -0.1535 -0.9762
vn 0.1536 -0.1537 -0.9761
vn 0.1246 -0.1779 -0.9761
vn 0.0918 -0.1968 -0.9761
vn 0.0917 -0.1967 -0.9762
vn 0.0562 -0.2096 -0.9762
vn 0.0562 -0.2097 -0.9761
vn 0.0189 -0.2163 -0.9761
vn 0.0189 -0.2163 -0.9762
vn -0.0189 -0.2163 -0.9761
vn -0.0562 -0.2097 -0.9761
vn -0.0562 -0.2098 -0.9761
vn -0.0918 -0.1968 -0.9761
vn -0.1246 -0.1779 -0.9761
vn -0.1246 -0.1778 -0.9761
vn -0.1537 -0.1536 -0.9761
vn -0.1535 -0.1535 -0.9761
vn -0.1779 -0.1246 -0.9761
vn -0.1780 -0.1246 -0.9761
vn -0.1968 -0.0918 -0.9761
vn -0.1969 -0.0918 -0.9761
vn -0.2098 -0.0562 -0.9761
vn -0.2162 -0.0189 -0.9762
vn -0.2164 -0.0189 -0.9761
vn -0.2163 0.0189 -0.9761
vn -0.2164 0.0189 -0.9761
vn -0.0705 0.0189 -0.9973
vn -0.0661 0.0309 -0.9973
vn -0.0661 0.0308 -0.9973
vn -0.0597 0.0418 -0.9973
vn -0.0516 0.0516 -0.9973
vn -0.0516 0.0515 -0.9973
vn -0.0418 0.0598 -0.9973
vn -0.0308 0.0661 -0.9973
vn -0.0189 0.0705 -0.9973
vn -0.0064 0.0727 -0.9973
vn 0.0064 0.0728 -0.9973
vn 0.0064 0.0726 -0.9973
vn 0.0189 0.0704 -0.9973
vn 0.0189 0.0705 -0.9973
vn 0.0308 0.0661 -0.9973
vn 0.0418 0.0598 -0.9973
vn 0.0418 0.0597 -0.9973
vn 0.0515 0.0516 -0.9973
vn 0.0516 0.0515 -0.9973
vn 0.0597 0.0419 -0.9973
vn 0.0597 0.0418 -0.9973
vn 0.0662 0.0309 -0.9973
vn 0.0661 0.0308 -0.9973
vn 0.0705 0.0189 -0.9973
vn 0.0704 0.0189 -0.9973
vn 0.0727 0.0064 -0.9973
vn 0.0727 -0.0064 -0.9973
vn 0.0705 -0.0189 -0.9973
vn 0.0704 -0.0189 -0.9973
vn 0.0661 -0.0308 -0.9973
vn 0.0597 -0.0418 -0.9973
vn 0.0598 -0.0418 -0.9973
vn 0.0516 -0.0515 -0.9973
vn 0.0516 -0.0516 -0.9973
vn 0.0418 -0.0597 -0.9973
vn 0.0418 -0.0598 -0.9973
vn 0.0308 -0.0661 -0.9973
vn 0.0189 -0.0705 -0.9973
vn 0.0189 -0.0704 -0.9973
vn 0.0064 -0.0728 -0.9973
vn 0.0064 -0.0726 -0.9973
vn -0.0064 -0.0727 -0.9973
vn -0.0064 -0.0726 -0.9973
vn -0.0189 -0.0705 -0.9973
vn -0.0308 -0.0662 -0.9973
vn -0.0308 -0.0661 -0.9973
vn -0.0419 -0.0598 -0.9973
vn -0.0418 -0.0598 -0.9973
vn -0.0516 -0.0516 -0.9973
vn -0.0516 -0.0515 -0.9973
vn -0.0598 -0.0419 -0.9973
vn -0.0597 -0.0418 -0.9973
vn -0.0661 -0.0309 -0.9973
vn -0.0660 -0.0308 -0.9973
vn -0.0705 -0.0189 -0.9973
vn -0.0727 -0.0064 -0.9973
vn -0.0726 0.0064 -0.9973
vn -0.0727 0.0064 -0.9973
vn -0.6841 0.1833 -0.7060
vn -0.6843 0.1833 -0.7058
vn -0.6421 0.2994 -0.7057
vn -0.6423 0.2995 -0.7055
vn -0.5804 0.4064 -0.7057
vn -0.5803 0.4063 -0.7058
vn -0.5011 0.5011 -0.7055
vn -0.5009 0.5009 -0.7058
vn -0.4065 0.5805 -0.7055
vn -0.4063 0.5801 -0.7060
vn -0.2993 0.6420 -0.7059
vn -0.2994 0.6422 -0.7056
vn -0.1834 0.6844 -0.7057
vn -0.1834 0.6845 -0.7055
vn -0.0617 0.7058 -0.7057
vn -0.0618 0.7057 -0.7058
vn 0.0617 0.7057 -0.7058
vn 0.0618 0.7058 -0.7057
vn 0.1833 0.6844 -0.7057
vn 0.1835 0.6845 -0.7056
vn 0.2994 0.6422 -0.7057
vn 0.2993 0.6419 -0.7060
vn 0.4062 0.5801 -0.7060
vn 0.4064 0.5802 -0.7058
vn 0.5010 0.5010 -0.7057
vn 0.5009 0.5009 -0.7058
vn 0.5803 0.4064 -0.7057
vn 0.5801 0.4061 -0.7061
vn 0.6424 0.2996 -0.7054
vn 0.6421 0.2994 -0.7058
vn 0.6843 0.1834 -0.7057
vn 0.6843 0.1834 -0.7058
vn 0.7058 0.0617 -0.7057
vn 0.7061 0.0618 -0.7054
vn 0.7058 -0.0617 -0.7057
vn 0.7061 -0.0618 -0.7055
vn 0.6843 -0.1834 -0.7057
vn 0.6843 -0.1834 -0.7058
vn 0.6421 -0.2994 -0.7057
vn 0.6424 -0.2995 -0.7054
vn 0.5798 -0.4060 -0.7064
vn 0.5806 -0.4065 -0.7054
vn 0.5010 -0.5010 -0.7057
vn 0.5009 -0.5009 -0.7058
vn 0.4062 -0.5803 -0.7059
vn 0.4063 -0.5801 -0.7060
vn 0.2993 -0.6418 -0.7060
vn 0.2993 -0.6419 -0.7059
vn 0.1833 -0.6842 -0.7059
vn 0.1834 -0.6844 -0.7056
vn 0.0617 -0.7058 -0.7057
vn 0.0617 -0.7057 -0.7058
vn -0.0617 -0.7057 -0.7058
vn -0.0617 -0.7058 -0.7057
vn -0.1834 -0.6844 -0.7057
vn -0.1833 -0.6842 -0.7059
vn -0.2994 -0.6420 -0.7059
vn -0.2994 -0.6418 -0.7060
vn -0.4063 -0.5802 -0.7059
vn -0.4064 -0.5804 -0.7056
vn -0.5009 -0.5010 -0.7057
vn -0.5011 -0.5010 -0.7056
vn -0.5806 -0.4066 -0.7053
vn -0.5800 -0.4061 -0.7062
vn -0.6424 -0.2996 -0.7054
vn -0.6420 -0.2994 -0.7058
vn -0.6840 -0.1833 -0.7061
vn -0.6843 -0.1834 -0.7058
vn -0.7061 -0.0618 -0.7054
vn -0.7057 -0.0617 -0.7058
vn -0.7058 0.0618 -0.7057
vn -0.7061 0.0618 -0.7055
vn -0.5554 0.1488 -0.8182
vn -0.5552 0.1487 -0.8183
vn -0.5211 0.2430 -0.8182
vn -0.5209 0.2429 -0.8183
vn -0.4713 0.3300 -0.8179
vn -0.4711 0.3298 -0.8181
vn -0.4066 0.4065 -0.8182
vn -0.4065 0.4066 -0.8182
vn -0.3298 0.4711 -0.8181
vn -0.3299 0.4711 -0.8181
vn -0.2430 0.5213 -0.8181
vn -0.2430 0.5210 -0.8182
vn -0.1489 0.5554 -0.8181
vn -0.1489 0.5555 -0.8181
vn -0.0501 0.5729 -0.8181
vn -0.0501 0.5730 -0.8180
vn 0.0501 0.5730 -0.8180
vn 0.0501 0.5729 -0.8181
vn 0.1489 0.5556 -0.8180
vn 0.1489 0.5553 -0.8182
vn 0.2430 0.5213 -0.8181
vn 0.2432 0.5215 -0.8179
vn 0.3299 0.4712 -0.8180
vn 0.3299 0.4711 -0.8181
vn 0.4066 0.4066 -0.8182
vn 0.4067 0.4067 -0.8181
vn 0.4710 0.3298 -0.8182
vn 0.4711 0.3299 -0.8181
vn 0.5211 0.2430 -0.8182
vn 0.5212 0.2430 -0.8181
vn 0.5554 0.1488 -0.8182
vn 0.5555 0.1488 -0.8181
vn 0.5725 0.0501 -0.8184
vn 0.5729 0.0501 -0.8181
vn 0.5728 -0.0501 -0.8182
vn 0.5726 -0.0501 -0.8183
vn 0.5554 -0.1488 -0.8182
vn 0.5555 -0.1488 -0.8181
vn 0.5211 -0.2430 -0.8182
vn 0.5212 -0.2430 -0.8181
vn 0.4710 -0.3298 -0.8182
vn 0.4711 -0.3299 -0.8181
vn 0.4066 -0.4066 -0.8182
vn 0.4065 -0.4065 -0.8183
vn 0.3298 -0.4711 -0.8181
vn 0.3299 -0.4712 -0.8180
vn 0.2432 -0.5215 -0.8178
vn 0.2430 -0.5210 -0.8182
vn 0.1488 -0.5554 -0.8181
vn 0.1488 -0.5555 -0.8181
vn 0.0501 -0.5729 -0.8181
vn 0.0501 -0.5730 -0.8180
vn -0.0501 -0.5730 -0.8180
vn -0.0501 -0.5729 -0.8181
vn -0.1488 -0.5556 -0.8180
vn -0.1488 -0.5554 -0.8182
vn -0.2430 -0.5211 -0.8182
vn -0.2432 -0.5213 -0.8180
vn -0.3299 -0.4712 -0.8180
vn -0.3296 -0.4707 -0.8184
vn -0.4063 -0.4063 -0.8184
vn -0.4066 -0.4066 -0.8182
vn -0.4710 -0.3298 -0.8182
vn -0.4714 -0.3300 -0.8179
vn -0.5211 -0.2430 -0.8182
vn -0.5209 -0.2429 -0.8183
vn -0.5554 -0.1488 -0.8182
vn -0.5555 -0.1488 -0.8181
vn -0.5728 -0.0501 -0.8182
vn -0.5729 -0.0501 -0.8181
vn -0.5728 0.0501 -0.8182
vn -0.5729 0.0501 -0.8181
vn -0.4097 0.1098 -0.9056
vn -0.4096 0.1097 -0.9056
vn -0.3844 0.1793 -0.9056
vn -0.3841 0.1791 -0.9057
vn -0.3472 0.2432 -0.9057
vn -0.3472 0.2430 -0.9058
vn -0.2999 0.2999 -0.9056
vn -0.2997 0.2997 -0.9058
vn -0.2431 0.3472 -0.9057
vn -0.2432 0.3474 -0.9056
vn -0.1791 0.3843 -0.9056
vn -0.1791 0.3841 -0.9058
vn -0.1097 0.4095 -0.9057
vn -0.1097 0.4094 -0.9057
vn -0.0369 0.4223 -0.9057
vn -0.0370 0.4223 -0.9057
vn 0.0369 0.4224 -0.9057
vn 0.0369 0.4221 -0.9058
vn 0.1097 0.4095 -0.9057
vn 0.1097 0.4094 -0.9057
vn 0.1791 0.3841 -0.9058
vn 0.1791 0.3842 -0.9057
vn 0.2431 0.3472 -0.9057
vn 0.2432 0.3472 -0.9057
vn 0.2997 0.2997 -0.9057
vn 0.2999 0.2998 -0.9056
vn 0.3472 0.2431 -0.9057
vn 0.3474 0.2432 -0.9056
vn 0.3841 0.1792 -0.9057
vn 0.3843 0.1792 -0.9056
vn 0.4094 0.1097 -0.9057
vn 0.4099 0.1098 -0.9055
vn 0.4222 0.0369 -0.9057
vn 0.4225 0.0370 -0.9056
vn 0.4222 -0.0369 -0.9057
vn 0.4224 -0.0370 -0.9056
vn 0.4097 -0.1098 -0.9056
vn 0.4096 -0.1097 -0.9056
vn 0.3839 -0.1791 -0.9058
vn 0.3846 -0.1793 -0.9055
vn 0.3472 -0.2432 -0.9057
vn 0.3474 -0.2432 -0.9056
vn 0.2998 -0.2998 -0.9057
vn 0.3000 -0.3000 -0.9055
vn 0.2432 -0.3474 -0.9056
vn 0.2431 -0.3472 -0.9057
vn 0.1792 -0.3843 -0.9056
vn 0.1792 -0.3844 -0.9056
vn 0.1098 -0.4097 -0.9056
vn 0.1097 -0.4094 -0.9057
vn 0.0369 -0.4223 -0.9057
vn -0.0369 -0.4224 -0.9057
vn -0.0369 -0.4222 -0.9058
vn -0.1097 -0.4095 -0.9057
vn -0.1097 -0.4096 -0.9056
vn -0.1792 -0.3843 -0.9056
vn -0.1792 -0.3842 -0.9057
vn -0.2432 -0.3474 -0.9056
vn -0.2999 -0.2999 -0.9056
vn -0.2997 -0.2997 -0.9058
vn -0.3472 -0.2431 -0.9057
vn -0.3472 -0.2431 -0.9058
vn -0.3844 -0.1793 -0.9056
vn -0.3841 -0.1791 -0.9057
vn -0.4094 -0.1097 -0.9057
vn -0.4096 -0.1097 -0.9056
vn -0.4222 -0.0369 -0.9057
vn -0.4224 -0.0370 -0.9056
vn -0.4220 0.0369 -0.9058
vn -0.4227 0.0370 -0.9055
vn -0.2509 0.0672 -0.9657
vn -0.2510 0.0672 -0.9657
vn -0.2354 0.1098 -0.9657
vn -0.2355 0.1098 -0.9657
vn -0.2129 0.1491 -0.9656
vn -0.2128 0.1490 -0.9657
vn -0.1837 0.1838 -0.9656
vn -0.1836 0.1836 -0.9657
vn -0.1490 0.2127 -0.9657
vn -0.1489 0.2126 -0.9657
vn -0.1097 0.2353 -0.9657
vn -0.1098 0.2355 -0.9657
vn -0.0672 0.2509 -0.9657
vn -0.0226 0.2587 -0.9657
vn -0.0226 0.2588 -0.9657
vn 0.0227 0.2587 -0.9657
vn 0.0226 0.2588 -0.9657
vn 0.0672 0.2508 -0.9657
vn 0.0672 0.2510 -0.9657
vn 0.1098 0.2354 -0.9657
vn 0.1490 0.2127 -0.9657
vn 0.1490 0.2128 -0.9657
vn 0.1837 0.1836 -0.9657
vn 0.1837 0.1837 -0.9657
vn 0.2126 0.1488 -0.9657
vn 0.2127 0.1489 -0.9657
vn 0.2354 0.1097 -0.9657
vn 0.2353 0.1097 -0.9657
vn 0.2509 0.0672 -0.9657
vn 0.2508 0.0672 -0.9657
vn 0.2589 0.0227 -0.9656
vn 0.2586 0.0226 -0.9657
vn 0.2589 -0.0227 -0.9656
vn 0.2586 -0.0226 -0.9657
vn 0.2509 -0.0672 -0.9657
vn 0.2352 -0.1097 -0.9657
vn 0.2355 -0.1098 -0.9657
vn 0.2126 -0.1488 -0.9657
vn 0.2127 -0.1489 -0.9657
vn 0.1836 -0.1836 -0.9657
vn 0.1837 -0.1836 -0.9657
vn 0.1489 -0.2128 -0.9657
vn 0.1490 -0.2127 -0.9657
vn 0.1097 -0.2353 -0.9657
vn 0.1098 -0.2355 -0.9657
vn 0.0672 -0.2509 -0.9657
vn 0.0226 -0.2587 -0.9657
vn -0.0226 -0.2586 -0.9657
vn -0.0227 -0.2588 -0.9657
vn -0.0672 -0.2508 -0.9657
vn -0.0672 -0.2510 -0.9657
vn -0.1098 -0.2354 -0.9657
vn -0.1097 -0.2353 -0.9657
vn -0.1489 -0.2126 -0.9657
vn -0.1490 -0.2128 -0.9657
vn -0.1837 -0.1836 -0.9657
vn -0.1837 -0.1838 -0.9656
vn -0.2129 -0.1491 -0.9656
vn -0.2128 -0.1490 -0.9657
vn -0.2354 -0.1097 -0.9657
vn -0.2355 -0.1098 -0.9657
vn -0.2509 -0.0672 -0.9657
vn -0.2508 -0.0672 -0.9657
vn -0.2589 -0.0226 -0.9656
vn -0.2587 -0.0226 -0.9657
vn -0.2586 0.0226 -0.9657
vn -0.2588 0.0226 -0.9657
vn -0.0845 0.0227 -0.9962
vn -0.0845 0.0226 -0.9962
vn -0.0793 0.0370 -0.9962
vn -0.0793 0.0369 -0.9962
vn -0.0717 0.0502 -0.9962
vn -0.0619 0.0620 -0.9962
vn -0.0618 0.0618 -0.9962
vn -0.0502 0.0717 -0.9962
vn -0.0370 0.0793 -0.9962
vn -0.0226 0.0845 -0.9962
vn -0.0226 0.0844 -0.9962
vn -0.0076 0.0872 -0.9962
vn -0.0076 0.0871 -0.9962
vn 0.0076 0.0872 -0.9962
vn 0.0076 0.0871 -0.9962
vn 0.0226 0.0845 -0.9962
vn 0.0226 0.0844 -0.9962
vn 0.0370 0.0793 -0.9962
vn 0.0502 0.0718 -0.9962
vn 0.0501 0.0716 -0.9962
vn 0.0618 0.0619 -0.9962
vn 0.0619 0.0618 -0.9962
vn 0.0717 0.0502 -0.9962
vn 0.0716 0.0501 -0.9962
vn 0.0793 0.0370 -0.9962
vn 0.0845 0.0226 -0.9962
vn 0.0871 0.0076 -0.9962
vn 0.0872 0.0076 -0.9962
vn 0.0871 -0.0076 -0.9962
vn 0.0872 -0.0076 -0.9962
vn 0.0844 -0.0227 -0.9962
vn 0.0845 -0.0226 -0.9962
vn 0.0793 -0.0370 -0.9962
vn 0.0717 -0.0502 -0.9962
vn 0.0619 -0.0620 -0.9962
vn 0.0618 -0.0618 -0.9962
vn 0.0502 -0.0717 -0.9962
vn 0.0370 -0.0793 -0.9962
vn 0.0226 -0.0845 -0.9962
vn 0.0226 -0.0844 -0.9962
vn 0.0076 -0.0872 -0.9962
vn 0.0076 -0.0871 -0.9962
vn -0.0076 -0.0872 -0.9962
vn -0.0076 -0.0871 -0.9962
vn -0.0226 -0.0845 -0.9962
vn -0.0226 -0.0844 -0.9962
vn -0.0370 -0.0793 -0.9962
vn -0.0502 -0.0718 -0.9962
vn -0.0502 -0.0716 -0.9962
vn -0.0619 -0.0619 -0.9962
vn -0.0619 -0.0618 -0.9962
vn -0.0717 -0.0502 -0.9962
vn -0.0716 -0.0501 -0.9962
vn -0.0793 -0.0370 -0.9962
vn -0.0845 -0.0226 -0.9962
vn -0.0871 -0.0076 -0.9962
vn -0.0872 -0.0076 -0.9962
vn -0.0871 0.0076 -0.9962
vn -0.0872 0.0076 -0.9962
vn -0.6842 0.1834 -0.7058
vn -0.6418 0.2993 -0.7060
vn -0.5009 0.5011 -0.7057
vn -0.1835 0.6846 -0.7054
vn -0.1833 0.6843 -0.7058
vn 0.1835 0.6845 -0.7055
vn 0.2995 0.6423 -0.7055
vn 0.2993 0.6421 -0.7058
vn 0.4062 0.5801 -0.7061
vn 0.4065 0.5804 -0.7057
vn 0.5007 0.5008 -0.7060
vn 0.5009 0.5010 -0.7058
vn 0.5800 0.4062 -0.7061
vn 0.5803 0.4063 -0.7058
vn 0.6421 0.2994 -0.7057
vn 0.6840 0.1833 -0.7061
vn 0.7058 0.0618 -0.7057
vn 0.7061 -0.0618 -0.7054
vn 0.7057 -0.0617 -0.7058
vn 0.6840 -0.1833 -0.7061
vn 0.6421 -0.2994 -0.7058
vn 0.5007 -0.5008 -0.7060
vn 0.5009 -0.5010 -0.7058
vn 0.4063 -0.5802 -0.7059
vn 0.4064 -0.5802 -0.7058
vn 0.2994 -0.6420 -0.7059
vn 0.2994 -0.6420 -0.7058
vn 0.1833 -0.6843 -0.7058
vn 0.1834 -0.6843 -0.7057
vn -0.0617 -0.7056 -0.7059
vn -0.1834 -0.6845 -0.7056
vn -0.2994 -0.6421 -0.7057
vn -0.2993 -0.6419 -0.7059
vn -0.4062 -0.5803 -0.7059
vn -0.4065 -0.5804 -0.7057
vn -0.5012 -0.5013 -0.7054
vn -0.5007 -0.5007 -0.7061
vn -0.5807 -0.4066 -0.7054
vn -0.5800 -0.4061 -0.7061
vn -0.6421 -0.2994 -0.7057
vn -0.7058 -0.0618 -0.7057
vn -0.7061 -0.0618 -0.7055
vn -0.5557 0.1489 -0.8180
vn -0.4710 0.3298 -0.8182
vn -0.4711 0.3299 -0.8181
vn -0.4068 0.4068 -0.8180
vn -0.4064 0.4065 -0.8183
vn -0.3300 0.4712 -0.8180
vn -0.2431 0.5214 -0.8180
vn -0.1488 0.5554 -0.8182
vn 0.0501 0.5728 -0.8181
vn 0.1488 0.5555 -0.8181
vn 0.2430 0.5211 -0.8182
vn 0.2431 0.5213 -0.8180
vn 0.3298 0.4711 -0.8181
vn 0.5214 0.2431 -0.8180
vn 0.5728 0.0501 -0.8182
vn 0.5729 -0.0501 -0.8181
vn 0.5557 -0.1489 -0.8180
vn 0.5552 -0.1487 -0.8183
vn 0.5214 -0.2431 -0.8179
vn 0.2431 -0.5212 -0.8180
vn 0.1488 -0.5553 -0.8182
vn -0.2431 -0.5212 -0.8181
vn -0.3296 -0.4708 -0.8183
vn -0.4067 -0.4067 -0.8181
vn -0.4711 -0.3299 -0.8181
vn -0.5208 -0.2429 -0.8184
vn -0.5212 -0.2430 -0.8181
vn -0.4094 0.1097 -0.9058
vn -0.3841 0.1791 -0.9058
vn -0.3474 0.2433 -0.9056
vn -0.3474 0.2432 -0.9056
vn -0.2997 0.2997 -0.9057
vn -0.2430 0.3470 -0.9058
vn -0.0369 0.4222 -0.9057
vn 0.1098 0.4094 -0.9057
vn 0.2432 0.3473 -0.9057
vn 0.3474 0.2433 -0.9056
vn 0.3472 0.2431 -0.9058
vn 0.4097 0.1098 -0.9056
vn 0.4220 0.0369 -0.9059
vn 0.4220 -0.0369 -0.9058
vn 0.4222 -0.0369 -0.9058
vn 0.4094 -0.1097 -0.9057
vn 0.2999 -0.2999 -0.9056
vn 0.2999 -0.2998 -0.9057
vn 0.2432 -0.3473 -0.9057
vn 0.2431 -0.3473 -0.9057
vn 0.1098 -0.4096 -0.9056
vn -0.0369 -0.4223 -0.9057
vn -0.1097 -0.4096 -0.9057
vn -0.1792 -0.3843 -0.9057
vn -0.2430 -0.3471 -0.9058
vn -0.2432 -0.3473 -0.9057
vn -0.3474 -0.2433 -0.9056
vn -0.3474 -0.2432 -0.9056
vn -0.3844 -0.1792 -0.9056
vn -0.4096 -0.1098 -0.9056
vn -0.4224 0.0370 -0.9056
vn -0.2354 0.1097 -0.9657
vn -0.2353 0.1097 -0.9657
vn -0.2129 0.1490 -0.9657
vn -0.2127 0.1489 -0.9657
vn -0.1489 0.2128 -0.9657
vn -0.1490 0.2128 -0.9657
vn -0.1098 0.2355 -0.9656
vn -0.0672 0.2508 -0.9657
vn 0.0672 0.2509 -0.9657
vn 0.1098 0.2355 -0.9657
vn 0.1489 0.2127 -0.9657
vn 0.1836 0.1836 -0.9657
vn 0.2126 0.1489 -0.9657
vn 0.2128 0.1490 -0.9657
vn 0.2510 0.0673 -0.9656
vn 0.2589 0.0226 -0.9656
vn 0.2588 0.0226 -0.9657
vn 0.2591 -0.0227 -0.9656
vn 0.2511 -0.0673 -0.9656
vn 0.2127 -0.1490 -0.9657
vn 0.1836 -0.1837 -0.9657
vn 0.1489 -0.2127 -0.9657
vn 0.1098 -0.2355 -0.9656
vn 0.0226 -0.2586 -0.9657
vn -0.0226 -0.2587 -0.9657
vn -0.0227 -0.2587 -0.9657
vn -0.0673 -0.2510 -0.9657
vn -0.1490 -0.2129 -0.9656
vn -0.1836 -0.1836 -0.9657
vn -0.2127 -0.1489 -0.9657
vn -0.2353 -0.1097 -0.9657
vn -0.2588 -0.0226 -0.9657
vn -0.2587 0.0226 -0.9657
vn -0.0844 0.0226 -0.9962
vn -0.0716 0.0501 -0.9962
vn -0.0501 0.0716 -0.9962
vn -0.0502 0.0716 -0.9962
vn -0.0226 0.0846 -0.9962
vn -0.0076 0.0873 -0.9962
vn -0.0076 0.0870 -0.9962
vn 0.0502 0.0717 -0.9962
vn 0.0502 0.0716 -0.9962
vn 0.0619 0.0619 -0.9962
vn 0.0618 0.0618 -0.9962
vn 0.0716 -0.0502 -0.9962
vn 0.0618 -0.0619 -0.9962
vn 0.0619 -0.0618 -0.9962
vn 0.0502 -0.0716 -0.9962
vn -0.0502 -0.0717 -0.9962
vn -0.0793 -0.0369 -0.9962
vn -0.0619 0.0619 -0.9962
vn -0.0370 0.0792 -0.9962
vn 0.0716 0.0502 -0.9962
vn 0.0619 -0.0619 -0.9962
vn -0.2508 0.0672 -0.9657
vn -0.1837 0.1837 -0.9657
vn -0.1836 0.1837 -0.9657
vn -0.1098 0.2354 -0.9657
vn -0.0227 0.2588 -0.9657
vn 0.0226 0.2587 -0.9657
vn 0.2354 0.1098 -0.9657
vn 0.2587 -0.0226 -0.9657
vn 0.2588 -0.0227 -0.9657
vn 0.2354 -0.1098 -0.9657
vn 0.2353 -0.1097 -0.9657
vn 0.2128 -0.1490 -0.9657
vn 0.1837 -0.1837 -0.9657
vn 0.1490 -0.2128 -0.9657
vn 0.1098 -0.2354 -0.9657
vn 0.0226 -0.2588 -0.9657
vn -0.0226 -0.2588 -0.9657
vn -0.0672 -0.2509 -0.9657
vn -0.1489 -0.2127 -0.9657
vn -0.1490 -0.2127 -0.9657
vn -0.1837 -0.1837 -0.9657
vn -0.2354 -0.1098 -0.9657
vn -0.2586 -0.0226 -0.9657
vn -0.4224 0.0369 -0.9057
vn -0.4096 0.1098 -0.9056
vn -0.3843 0.1792 -0.9056
vn -0.3842 0.1791 -0.9057
vn -0.3473 0.2432 -0.9057
vn -0.2998 0.2998 -0.9057
vn -0.2432 0.3472 -0.9057
vn -0.2432 0.3473 -0.9057
vn -0.1791 0.3842 -0.9057
vn -0.1792 0.3843 -0.9057
vn -0.1097 0.4096 -0.9057
vn -0.0369 0.4224 -0.9057
vn -0.0370 0.4224 -0.9057
vn 0.0370 0.4224 -0.9057
vn 0.1097 0.4096 -0.9057
vn 0.1792 0.3843 -0.9057
vn 0.2998 0.2998 -0.9057
vn 0.3472 0.2432 -0.9057
vn 0.4095 0.1097 -0.9057
vn 0.4223 0.0369 -0.9057
vn 0.4225 0.0369 -0.9056
vn 0.4224 -0.0369 -0.9056
vn 0.4095 -0.1097 -0.9057
vn 0.3843 -0.1792 -0.9057
vn 0.3842 -0.1792 -0.9057
vn 0.3473 -0.2432 -0.9057
vn 0.1792 -0.3842 -0.9057
vn 0.1792 -0.3843 -0.9057
vn 0.1097 -0.4096 -0.9056
vn 0.1097 -0.4095 -0.9057
vn 0.0370 -0.4224 -0.9056
vn 0.0369 -0.4224 -0.9057
vn -0.0370 -0.4224 -0.9057
vn -0.2998 -0.2998 -0.9057
vn -0.3473 -0.2432 -0.9057
vn -0.3843 -0.1792 -0.9057
vn -0.4095 -0.1097 -0.9057
vn -0.4223 -0.0369 -0.9057
vn -0.4224 -0.0369 -0.9056
vn -0.4222 0.0369 -0.9058
vn -0.5730 0.0501 -0.8181
vn -0.5553 0.1488 -0.8182
vn -0.5556 0.1489 -0.8180
vn -0.5213 0.2431 -0.8181
vn -0.4710 0.3299 -0.8181
vn -0.4712 0.3299 -0.8181
vn -0.4066 0.4066 -0.8181
vn -0.3298 0.4710 -0.8182
vn -0.2429 0.5211 -0.8182
vn -0.2430 0.5211 -0.8182
vn -0.1488 0.5553 -0.8182
vn -0.0502 0.5729 -0.8181
vn 0.0502 0.5728 -0.8181
vn 0.1488 0.5553 -0.8182
vn 0.2429 0.5211 -0.8182
vn 0.2430 0.5212 -0.8181
vn 0.3299 0.4710 -0.8181
vn 0.4066 0.4066 -0.8181
vn 0.5554 0.1488 -0.8181
vn 0.4711 -0.3298 -0.8181
vn 0.4709 -0.3298 -0.8182
vn 0.4065 -0.4065 -0.8182
vn 0.4067 -0.4066 -0.8181
vn 0.3298 -0.4710 -0.8182
vn 0.2430 -0.5211 -0.8182
vn 0.0500 -0.5727 -0.8182
vn -0.0500 -0.5729 -0.8181
vn -0.0501 -0.5727 -0.8182
vn -0.2429 -0.5211 -0.8182
vn -0.2430 -0.5211 -0.8181
vn -0.3298 -0.4710 -0.8182
vn -0.3298 -0.4710 -0.8181
vn -0.4066 -0.4066 -0.8181
vn -0.4067 -0.4066 -0.8181
vn -0.4711 -0.3298 -0.8181
vn -0.5211 -0.2430 -0.8181
vn -0.5213 -0.2430 -0.8181
vn -0.5554 -0.1489 -0.8181
vn -0.5555 -0.1489 -0.8181
vn -0.5730 -0.0501 -0.8181
vn -0.7059 0.0617 -0.7057
vn -0.6843 0.1834 -0.7058
vn -0.6419 0.2994 -0.7059
vn -0.6421 0.2994 -0.7058
vn -0.5803 0.4064 -0.7057
vn -0.5009 0.5010 -0.7057
vn -0.4063 0.5804 -0.7057
vn -0.4064 0.5803 -0.7058
vn -0.2995 0.6421 -0.7057
vn -0.1833 0.6844 -0.7057
vn -0.1834 0.6843 -0.7057
vn 0.0617 0.7058 -0.7058
vn 0.0617 0.7058 -0.7057
vn 0.1834 0.6843 -0.7058
vn 0.2995 0.6421 -0.7057
vn 0.2994 0.6421 -0.7057
vn 0.4064 0.5804 -0.7057
vn 0.4063 0.5804 -0.7057
vn 0.5009 0.5010 -0.7057
vn 0.5010 0.5011 -0.7056
vn 0.5804 0.4064 -0.7056
vn 0.6422 0.2995 -0.7056
vn 0.6422 0.2995 -0.7057
vn 0.6844 0.1834 -0.7057
vn 0.7057 0.0617 -0.7059
vn 0.7058 0.0618 -0.7058
vn 0.7058 -0.0618 -0.7058
vn 0.7058 -0.0618 -0.7057
vn 0.6844 -0.1834 -0.7057
vn 0.6422 -0.2995 -0.7056
vn 0.5804 -0.4064 -0.7057
vn 0.4064 -0.5803 -0.7058
vn 0.4064 -0.5804 -0.7056
vn 0.2994 -0.6422 -0.7056
vn 0.1834 -0.6844 -0.7057
vn 0.0618 -0.7058 -0.7057
vn -0.0618 -0.7058 -0.7057
vn -0.1834 -0.6843 -0.7057
vn -0.2995 -0.6421 -0.7057
vn -0.4064 -0.5804 -0.7057
vn -0.4062 -0.5802 -0.7059
vn -0.5009 -0.5009 -0.7059
vn -0.5009 -0.5010 -0.7058
vn -0.5803 -0.4064 -0.7057
vn -0.5803 -0.4063 -0.7058
vn -0.6420 -0.2993 -0.7059
vn -0.6842 -0.1833 -0.7059
vn -0.7058 -0.0617 -0.7057
vn -0.7057 0.0617 -0.7059
vn 0.0845 0.0227 -0.9962
vn 0.0846 -0.0227 -0.9962
vn -0.1097 0.2354 -0.9657
vn 0.1836 0.1837 -0.9657
vn 0.2355 0.1098 -0.9657
vn 0.2587 0.0226 -0.9657
vn -0.4224 0.0370 -0.9057
vn -0.4095 0.1097 -0.9057
vn -0.3843 0.1792 -0.9057
vn -0.3842 0.1792 -0.9057
vn -0.3471 0.2431 -0.9058
vn -0.2997 0.2998 -0.9057
vn -0.1791 0.3841 -0.9057
vn 0.1792 0.3843 -0.9056
vn 0.3473 0.2432 -0.9057
vn 0.3842 0.1791 -0.9057
vn 0.3844 0.1792 -0.9056
vn 0.4093 -0.1097 -0.9058
vn -0.1098 -0.4096 -0.9057
vn -0.2997 -0.2997 -0.9057
vn -0.3842 -0.1791 -0.9057
vn -0.3843 -0.1792 -0.9056
vn -0.4223 0.0370 -0.9057
vn -0.5555 0.1488 -0.8181
vn -0.5213 0.2431 -0.8180
vn -0.4067 0.4067 -0.8181
vn -0.0502 0.5728 -0.8181
vn 0.2429 0.5210 -0.8183
vn 0.5210 0.2430 -0.8182
vn 0.5730 0.0501 -0.8180
vn 0.5730 -0.0501 -0.8180
vn 0.4067 -0.4067 -0.8180
vn -0.0501 -0.5728 -0.8182
vn -0.4067 -0.4067 -0.8180
vn -0.4712 -0.3299 -0.8180
vn -0.1833 0.6843 -0.7057
vn 0.4064 0.5803 -0.7057
vn 0.5010 0.5010 -0.7058
vn 0.5805 0.4064 -0.7056
vn 0.7056 0.0617 -0.7059
vn 0.7058 -0.0617 -0.7058
vn 0.5010 -0.5009 -0.7058
vn 0.5009 -0.5010 -0.7057
vn 0.2995 -0.6422 -0.7056
vn -0.1834 -0.6843 -0.7058
vn 0.0716 -0.0501 -0.9962
vn -0.0227 0.2587 -0.9657
vn 0.2588 -0.0226 -0.9657
vn -0.1836 -0.1837 -0.9657
vn -0.2127 -0.1490 -0.9657
vn -0.3475 0.2433 -0.9056
vn -0.3472 0.2431 -0.9057
vn 0.4224 0.0370 -0.9057
vn 0.3472 -0.2431 -0.9057
vn 0.2998 -0.2998 -0.9056
vn 0.2997 -0.2997 -0.9057
vn 0.1097 -0.4096 -0.9057
vn 0.0370 -0.4224 -0.9057
vn -0.3842 -0.1792 -0.9057
vn -0.5212 0.2430 -0.8181
vn -0.2430 0.5212 -0.8181
vn 0.1488 0.5554 -0.8182
vn 0.4711 0.3298 -0.8181
vn 0.5211 0.2431 -0.8181
vn 0.5554 0.1489 -0.8181
vn 0.5555 -0.1489 -0.8181
vn 0.1488 -0.5554 -0.8182
vn -0.4709 -0.3297 -0.8182
vn -0.5554 -0.1488 -0.8181
vn -0.6844 0.1834 -0.7057
vn -0.2994 0.6421 -0.7058
vn 0.7059 0.0617 -0.7056
vn 0.7060 -0.0618 -0.7055
vn 0.6420 -0.2994 -0.7058
vn 0.5802 -0.4063 -0.7059
vn -0.2994 -0.6421 -0.7058
vn -0.4064 -0.5803 -0.7057
vn -0.4063 -0.5803 -0.7058
vn -0.6844 -0.1834 -0.7057
vn 0.9962 -0.0871 -0.0000
vn 0.8192 -0.5735 -0.0000
vn 0.2589 -0.9659 -0.0000
vn 0.0872 -0.9962 -0.0000
vn -0.0872 -0.9962 -0.0000
vn -0.2589 -0.9659 -0.0000
vn -0.5736 -0.8192 -0.0000
vn -0.8192 -0.5736 -0.0000
vn -0.9962 0.0872 -0.0000
vn -0.8191 0.5736 -0.0000
vn -0.5736 0.8192 -0.0000
vn -0.2589 0.9659 -0.0000
vn -0.0872 0.9962 -0.0000
vn 0.0872 0.9962 -0.0000
vn 0.2589 0.9659 -0.0000
vn 0.5736 0.8192 -0.0000
vn 0.8191 0.5736 -0.0000
vn 0.9962 0.0871 -0.0000
vn 0.6223 -0.1667 -0.7648
vn 0.6223 -0.1667 -0.7649
vn 0.5839 -0.2723 -0.7648
vn 0.5277 -0.3695 -0.7649
vn 0.5277 -0.3695 -0.7648
vn 0.4556 -0.4555 -0.7648
vn 0.4555 -0.4555 -0.7648
vn 0.3695 -0.5277 -0.7648
vn 0.2722 -0.5839 -0.7648
vn 0.2723 -0.5839 -0.7648
vn 0.1668 -0.6223 -0.7648
vn 0.1667 -0.6223 -0.7648
vn 0.0562 -0.6418 -0.7648
vn 0.0561 -0.6418 -0.7648
vn -0.0562 -0.6418 -0.7648
vn -0.0561 -0.6418 -0.7648
vn -0.1667 -0.6223 -0.7648
vn -0.1668 -0.6223 -0.7648
vn -0.2723 -0.5838 -0.7649
vn -0.2723 -0.5839 -0.7648
vn -0.3695 -0.5277 -0.7649
vn -0.3695 -0.5277 -0.7648
vn -0.4555 -0.4556 -0.7648
vn -0.4556 -0.4555 -0.7648
vn -0.5277 -0.3695 -0.7648
vn -0.5277 -0.3695 -0.7649
vn -0.5839 -0.2723 -0.7648
vn -0.6223 -0.1667 -0.7648
vn -0.6418 -0.0561 -0.7648
vn -0.6417 0.0561 -0.7649
vn -0.6418 0.0562 -0.7648
vn -0.6223 0.1668 -0.7648
vn -0.6223 0.1667 -0.7648
vn -0.5839 0.2722 -0.7648
vn -0.5839 0.2723 -0.7648
vn -0.5277 0.3695 -0.7648
vn -0.5277 0.3695 -0.7649
vn -0.4555 0.4555 -0.7648
vn -0.3695 0.5277 -0.7648
vn -0.2723 0.5839 -0.7648
vn -0.2723 0.5838 -0.7648
vn -0.1668 0.6223 -0.7648
vn -0.1667 0.6223 -0.7648
vn -0.0562 0.6418 -0.7648
vn -0.0561 0.6418 -0.7648
vn 0.0561 0.6418 -0.7649
vn 0.0561 0.6418 -0.7648
vn 0.1668 0.6223 -0.7648
vn 0.1667 0.6223 -0.7648
vn 0.2723 0.5839 -0.7648
vn 0.3695 0.5277 -0.7649
vn 0.3695 0.5277 -0.7648
vn 0.4555 0.4555 -0.7649
vn 0.4556 0.4555 -0.7648
vn 0.5277 0.3695 -0.7649
vn 0.5277 0.3695 -0.7648
vn 0.5839 0.2723 -0.7648
vn 0.5839 0.2722 -0.7648
vn 0.6223 0.1667 -0.7648
vn 0.6418 0.0561 -0.7648
vn 0.6418 0.0562 -0.7648
vn 0.6418 -0.0561 -0.7648
vn 0.6417 -0.0562 -0.7649
vn -0.9063 0.4227 -0.0000
vn -0.2587 0.9660 -0.0000
vn 0.2587 0.9660 -0.0000
vn 0.7071 0.7072 -0.0000
vn 0.8192 0.5736 -0.0000
vn 0.8192 -0.5736 -0.0000
vn 0.7071 -0.7072 -0.0000
vn -0.9063 -0.4227 -0.0000
vn -0.9962 -0.0872 -0.0000
vn -0.0873 0.0076 -0.9962
vn -0.0792 0.0369 -0.9962
vn -0.0792 0.0370 -0.9962
vn -0.0716 0.0502 -0.9962
vn -0.0370 0.0794 -0.9962
vn -0.0369 0.0793 -0.9962
vn 0.0226 0.0846 -0.9962
vn 0.0370 0.0794 -0.9962
vn 0.0792 0.0369 -0.9962
vn 0.0844 0.0226 -0.9962
vn 0.0846 0.0227 -0.9962
vn 0.0845 -0.0227 -0.9962
vn 0.0792 -0.0369 -0.9962
vn 0.0226 -0.0846 -0.9962
vn 0.0076 -0.0870 -0.9962
vn -0.0370 -0.0794 -0.9962
vn -0.0501 -0.0715 -0.9962
vn -0.0618 -0.0618 -0.9962
vn -0.0618 -0.0619 -0.9962
vn -0.0716 -0.0502 -0.9962
vn -0.0792 -0.0369 -0.9962
vn -0.0846 -0.0227 -0.9962
vn -0.0873 -0.0076 -0.9962
vn -0.2511 0.0673 -0.9656
vn -0.2357 0.1099 -0.9656
vn -0.1838 0.1837 -0.9656
vn -0.1098 0.2352 -0.9657
vn -0.0672 0.2507 -0.9657
vn 0.0672 0.2507 -0.9657
vn 0.1097 0.2352 -0.9657
vn 0.1489 0.2126 -0.9657
vn 0.1490 0.2129 -0.9656
vn 0.1834 0.1834 -0.9658
vn 0.2355 0.1099 -0.9656
vn 0.2506 0.0671 -0.9658
vn 0.2512 0.0673 -0.9656
vn 0.2589 -0.0226 -0.9656
vn 0.2511 -0.0672 -0.9656
vn 0.2508 -0.0672 -0.9657
vn 0.2356 -0.1098 -0.9656
vn 0.2126 -0.1489 -0.9657
vn 0.1097 -0.2351 -0.9658
vn 0.0672 -0.2508 -0.9657
vn 0.0672 -0.2507 -0.9657
vn 0.0227 -0.2589 -0.9656
vn -0.0672 -0.2507 -0.9657
vn -0.1489 -0.2128 -0.9657
vn -0.2356 -0.1099 -0.9656
vn -0.2356 -0.1098 -0.9656
vn -0.2506 -0.0671 -0.9658
vn -0.2512 -0.0673 -0.9656
vn -0.2589 0.0227 -0.9656
vn -0.4223 0.0369 -0.9057
vn -0.4091 0.1096 -0.9059
vn -0.4098 0.1098 -0.9055
vn -0.3844 0.1792 -0.9056
vn -0.3476 0.2434 -0.9055
vn -0.3003 0.3004 -0.9053
vn -0.2996 0.2996 -0.9058
vn -0.2431 0.3472 -0.9058
vn -0.2433 0.3473 -0.9056
vn -0.1792 0.3844 -0.9056
vn -0.1793 0.3845 -0.9056
vn -0.1098 0.4099 -0.9055
vn -0.1097 0.4096 -0.9056
vn -0.0370 0.4226 -0.9056
vn -0.0369 0.4221 -0.9058
vn 0.0370 0.4222 -0.9058
vn 0.0369 0.4225 -0.9056
vn 0.1098 0.4097 -0.9056
vn 0.1792 0.3845 -0.9056
vn 0.1792 0.3842 -0.9057
vn 0.2432 0.3475 -0.9056
vn 0.3000 0.3001 -0.9055
vn 0.2998 0.2997 -0.9057
vn 0.3476 0.2434 -0.9055
vn 0.3842 0.1792 -0.9057
vn 0.4223 0.0370 -0.9057
vn 0.4224 0.0370 -0.9056
vn 0.4227 -0.0370 -0.9055
vn 0.4219 -0.0369 -0.9059
vn 0.4091 -0.1097 -0.9059
vn 0.4098 -0.1098 -0.9055
vn 0.3846 -0.1794 -0.9055
vn 0.3842 -0.1791 -0.9057
vn 0.3476 -0.2434 -0.9055
vn 0.3473 -0.2431 -0.9057
vn 0.2997 -0.2996 -0.9058
vn 0.2433 -0.3475 -0.9056
vn 0.1793 -0.3844 -0.9056
vn 0.1791 -0.3841 -0.9058
vn 0.0370 -0.4226 -0.9055
vn 0.0369 -0.4221 -0.9058
vn -0.0370 -0.4222 -0.9058
vn -0.0369 -0.4225 -0.9056
vn -0.1098 -0.4097 -0.9056
vn -0.1793 -0.3844 -0.9056
vn -0.2433 -0.3474 -0.9056
vn -0.2996 -0.2996 -0.9058
vn -0.3473 -0.2433 -0.9057
vn -0.3475 -0.2433 -0.9056
vn -0.4223 -0.0370 -0.9057
vn -0.4221 -0.0369 -0.9058
vn -0.4219 0.0369 -0.9059
vn -0.5730 0.0501 -0.8180
vn -0.5558 0.1489 -0.8179
vn -0.5215 0.2432 -0.8179
vn -0.4706 0.3295 -0.8185
vn -0.4710 0.3297 -0.8182
vn -0.4062 0.4062 -0.8185
vn -0.4063 0.4062 -0.8185
vn -0.3297 0.4711 -0.8181
vn -0.3298 0.4709 -0.8183
vn -0.2429 0.5209 -0.8184
vn -0.1487 0.5553 -0.8183
vn -0.1488 0.5552 -0.8183
vn -0.0501 0.5727 -0.8183
vn -0.0502 0.5730 -0.8180
vn 0.0502 0.5732 -0.8179
vn 0.0501 0.5726 -0.8183
vn 0.1487 0.5550 -0.8184
vn 0.2429 0.5209 -0.8184
vn 0.2430 0.5210 -0.8183
vn 0.3296 0.4708 -0.8184
vn 0.4066 0.4065 -0.8182
vn 0.4061 0.4061 -0.8186
vn 0.4709 0.3297 -0.8182
vn 0.5215 0.2432 -0.8179
vn 0.5210 0.2429 -0.8182
vn 0.5551 0.1487 -0.8184
vn 0.5549 -0.1487 -0.8185
vn 0.5206 -0.2428 -0.8185
vn 0.4707 -0.3296 -0.8184
vn 0.4066 -0.4065 -0.8182
vn 0.3299 -0.4713 -0.8179
vn 0.3296 -0.4706 -0.8185
vn 0.2429 -0.5209 -0.8184
vn 0.2432 -0.5214 -0.8180
vn 0.1488 -0.5557 -0.8179
vn 0.1488 -0.5552 -0.8183
vn 0.0501 -0.5727 -0.8183
vn 0.0501 -0.5726 -0.8183
vn -0.0501 -0.5726 -0.8183
vn -0.1488 -0.5554 -0.8181
vn -0.2431 -0.5213 -0.8180
vn -0.2430 -0.5210 -0.8182
vn -0.3298 -0.4711 -0.8182
vn -0.4065 -0.4065 -0.8182
vn -0.4710 -0.3297 -0.8182
vn -0.5213 -0.2431 -0.8180
vn -0.5558 -0.1490 -0.8178
vn -0.5553 -0.1487 -0.8183
vn -0.5732 -0.0502 -0.8179
vn -0.5732 0.0502 -0.8179
vn -0.7055 0.0617 -0.7060
vn -0.6842 0.1834 -0.7059
vn -0.6425 0.2996 -0.7053
vn -0.6420 0.2994 -0.7059
vn -0.5807 0.4066 -0.7053
vn -0.5009 0.5008 -0.7059
vn -0.5010 0.5010 -0.7057
vn -0.4062 0.5803 -0.7058
vn -0.2996 0.6425 -0.7053
vn -0.2994 0.6421 -0.7057
vn -0.1833 0.6845 -0.7056
vn -0.1835 0.6845 -0.7055
vn -0.0617 0.7061 -0.7054
vn 0.0618 0.7057 -0.7058
vn 0.0617 0.7060 -0.7055
vn 0.1835 0.6846 -0.7054
vn 0.1834 0.6845 -0.7056
vn 0.2996 0.6425 -0.7053
vn 0.4062 0.5803 -0.7058
vn 0.4064 0.5803 -0.7058
vn 0.5013 0.5012 -0.7053
vn 0.5011 0.5012 -0.7055
vn 0.5806 0.4067 -0.7053
vn 0.6418 0.2992 -0.7061
vn 0.6837 0.1832 -0.7064
vn 0.6849 0.1835 -0.7051
vn 0.7052 0.0617 -0.7064
vn 0.7059 0.0618 -0.7056
vn 0.7057 -0.0617 -0.7059
vn 0.6847 -0.1835 -0.7053
vn 0.6845 -0.1834 -0.7056
vn 0.6424 -0.2996 -0.7054
vn 0.6420 -0.2993 -0.7059
vn 0.5807 -0.4066 -0.7053
vn 0.5013 -0.5012 -0.7053
vn 0.4062 -0.5801 -0.7061
vn 0.4066 -0.5805 -0.7055
vn 0.2995 -0.6425 -0.7053
vn 0.2994 -0.6421 -0.7057
vn 0.0617 -0.7056 -0.7059
vn 0.0617 -0.7061 -0.7054
vn -0.0617 -0.7061 -0.7054
vn -0.1832 -0.6840 -0.7061
vn -0.1835 -0.6844 -0.7056
vn -0.2995 -0.6425 -0.7053
vn -0.2994 -0.6422 -0.7057
vn -0.4065 -0.5802 -0.7058
vn -0.5012 -0.5012 -0.7054
vn -0.5806 -0.4066 -0.7054
vn -0.6420 -0.2994 -0.7059
vn -0.6423 -0.2995 -0.7055
vn -0.6842 -0.1833 -0.7058
vn -0.7052 -0.0617 -0.7064
vn -0.7059 -0.0618 -0.7056
vn -0.8172 0.0715 -0.5719
vn -0.7922 0.2123 -0.5722
vn -0.7922 0.2123 -0.5721
vn -0.7433 0.3466 -0.5722
vn -0.7432 0.3465 -0.5724
vn -0.6717 0.4704 -0.5722
vn -0.6718 0.4704 -0.5722
vn -0.5800 0.5798 -0.5722
vn -0.5801 0.5802 -0.5717
vn -0.4704 0.6718 -0.5722
vn -0.4703 0.6717 -0.5724
vn -0.3466 0.7433 -0.5722
vn -0.3466 0.7430 -0.5725
vn -0.2122 0.7920 -0.5724
vn -0.2122 0.7919 -0.5726
vn -0.0714 0.8167 -0.5726
vn -0.0714 0.8172 -0.5720
vn 0.0715 0.8172 -0.5720
vn 0.0714 0.8167 -0.5726
vn 0.2122 0.7919 -0.5725
vn 0.2122 0.7921 -0.5723
vn 0.3468 0.7434 -0.5719
vn 0.3464 0.7429 -0.5728
vn 0.4704 0.6718 -0.5723
vn 0.4703 0.6717 -0.5724
vn 0.5797 0.5795 -0.5729
vn 0.5800 0.5801 -0.5719
vn 0.6718 0.4704 -0.5722
vn 0.6716 0.4703 -0.5725
vn 0.7433 0.3466 -0.5722
vn 0.7430 0.3465 -0.5727
vn 0.7922 0.2123 -0.5722
vn 0.8175 0.0715 -0.5715
vn 0.8173 0.0715 -0.5717
vn 0.8175 -0.0715 -0.5715
vn 0.8170 -0.0715 -0.5721
vn 0.7926 -0.2124 -0.5715
vn 0.7918 -0.2122 -0.5728
vn 0.7433 -0.3466 -0.5722
vn 0.7430 -0.3464 -0.5726
vn 0.6714 -0.4701 -0.5729
vn 0.6717 -0.4703 -0.5725
vn 0.5796 -0.5795 -0.5729
vn 0.5798 -0.5798 -0.5724
vn 0.4705 -0.6720 -0.5719
vn 0.4702 -0.6715 -0.5727
vn 0.3466 -0.7433 -0.5722
vn 0.3465 -0.7431 -0.5726
vn 0.2123 -0.7922 -0.5722
vn 0.2124 -0.7924 -0.5719
vn 0.0715 -0.8171 -0.5720
vn 0.0714 -0.8167 -0.5726
vn -0.0714 -0.8168 -0.5725
vn -0.0715 -0.8171 -0.5720
vn -0.2123 -0.7923 -0.5720
vn -0.2123 -0.7921 -0.5723
vn -0.3465 -0.7433 -0.5722
vn -0.3466 -0.7431 -0.5725
vn -0.4705 -0.6717 -0.5723
vn -0.4703 -0.6717 -0.5724
vn -0.5796 -0.5795 -0.5729
vn -0.5802 -0.5802 -0.5716
vn -0.6718 -0.4704 -0.5722
vn -0.6714 -0.4701 -0.5729
vn -0.7433 -0.3466 -0.5722
vn -0.7430 -0.3464 -0.5727
vn -0.7921 -0.2123 -0.5722
vn -0.7923 -0.2123 -0.5720
vn -0.8170 -0.0715 -0.5722
vn -0.8173 -0.0715 -0.5717
vn -0.8174 0.0715 -0.5716
vn -0.9031 0.0790 -0.4222
vn -0.8757 0.2346 -0.4220
vn -0.8762 0.2348 -0.4209
vn -0.8220 0.3833 -0.4211
vn -0.8218 0.3833 -0.4216
vn -0.7430 0.5202 -0.4212
vn -0.7427 0.5200 -0.4220
vn -0.6413 0.6414 -0.4212
vn -0.6415 0.6415 -0.4207
vn -0.5203 0.7431 -0.4208
vn -0.5202 0.7431 -0.4210
vn -0.3833 0.8218 -0.4216
vn -0.3835 0.8222 -0.4206
vn -0.2347 0.8762 -0.4210
vn -0.2348 0.8762 -0.4208
vn -0.0790 0.9036 -0.4210
vn -0.0791 0.9034 -0.4215
vn 0.0791 0.9034 -0.4215
vn 0.0790 0.9036 -0.4210
vn 0.2347 0.8761 -0.4212
vn 0.2348 0.8762 -0.4210
vn 0.3833 0.8220 -0.4211
vn 0.3834 0.8221 -0.4208
vn 0.5204 0.7431 -0.4207
vn 0.5203 0.7432 -0.4206
vn 0.6416 0.6416 -0.4203
vn 0.6412 0.6413 -0.4215
vn 0.7430 0.5202 -0.4211
vn 0.7427 0.5201 -0.4219
vn 0.8220 0.3834 -0.4211
vn 0.8218 0.3832 -0.4217
vn 0.8757 0.2346 -0.4220
vn 0.8760 0.2347 -0.4214
vn 0.9039 0.0791 -0.4203
vn 0.9031 0.0790 -0.4222
vn 0.9039 -0.0791 -0.4204
vn 0.9032 -0.0790 -0.4220
vn 0.8761 -0.2347 -0.4212
vn 0.8762 -0.2348 -0.4210
vn 0.8220 -0.3834 -0.4211
vn 0.8220 -0.3832 -0.4213
vn 0.7430 -0.5202 -0.4212
vn 0.7431 -0.5203 -0.4209
vn 0.6414 -0.6413 -0.4212
vn 0.6413 -0.6413 -0.4213
vn 0.5202 -0.7430 -0.4211
vn 0.5202 -0.7430 -0.4210
vn 0.3832 -0.8218 -0.4216
vn 0.3833 -0.8222 -0.4207
vn 0.2348 -0.8762 -0.4209
vn 0.2348 -0.8761 -0.4210
vn 0.0790 -0.9036 -0.4210
vn 0.0791 -0.9037 -0.4207
vn -0.0791 -0.9038 -0.4206
vn -0.0791 -0.9036 -0.4210
vn -0.2348 -0.8761 -0.4211
vn -0.2348 -0.8762 -0.4208
vn -0.3833 -0.8222 -0.4207
vn -0.3833 -0.8220 -0.4213
vn -0.5202 -0.7430 -0.4211
vn -0.5201 -0.7429 -0.4214
vn -0.6413 -0.6414 -0.4211
vn -0.6414 -0.6414 -0.4209
vn -0.7433 -0.5204 -0.4203
vn -0.7429 -0.5202 -0.4213
vn -0.8220 -0.3834 -0.4211
vn -0.8218 -0.3832 -0.4217
vn -0.8757 -0.2346 -0.4220
vn -0.8759 -0.2347 -0.4216
vn -0.9035 -0.0790 -0.4211
vn -0.9031 -0.0790 -0.4222
vn -0.9035 0.0790 -0.4211
vn -0.9626 0.0842 -0.2575
vn -0.9336 0.2502 -0.2564
vn -0.9332 0.2500 -0.2581
vn -0.8757 0.4084 -0.2574
vn -0.8759 0.4083 -0.2571
vn -0.7913 0.5541 -0.2583
vn -0.7915 0.5542 -0.2576
vn -0.6830 0.6832 -0.2583
vn -0.6832 0.6831 -0.2579
vn -0.5541 0.7914 -0.2583
vn -0.5543 0.7914 -0.2578
vn -0.4084 0.8758 -0.2574
vn -0.4083 0.8756 -0.2579
vn -0.2500 0.9332 -0.2581
vn -0.2502 0.9333 -0.2576
vn -0.0842 0.9625 -0.2577
vn -0.0841 0.9624 -0.2582
vn 0.0842 0.9624 -0.2582
vn 0.0842 0.9625 -0.2577
vn 0.2501 0.9332 -0.2581
vn 0.2501 0.9333 -0.2577
vn 0.4084 0.8758 -0.2574
vn 0.4084 0.8756 -0.2579
vn 0.5541 0.7914 -0.2583
vn 0.5542 0.7913 -0.2582
vn 0.6831 0.6831 -0.2583
vn 0.6831 0.6832 -0.2581
vn 0.7916 0.5542 -0.2574
vn 0.7913 0.5541 -0.2586
vn 0.8757 0.4084 -0.2574
vn 0.8758 0.4083 -0.2575
vn 0.9334 0.2501 -0.2574
vn 0.9332 0.2500 -0.2581
vn 0.9624 0.0842 -0.2583
vn 0.9623 0.0842 -0.2588
vn 0.9624 -0.0842 -0.2583
vn 0.9623 -0.0842 -0.2584
vn 0.9334 -0.2501 -0.2574
vn 0.9332 -0.2500 -0.2581
vn 0.8755 -0.4083 -0.2583
vn 0.8759 -0.4084 -0.2571
vn 0.7914 -0.5541 -0.2583
vn 0.7915 -0.5542 -0.2576
vn 0.6830 -0.6832 -0.2583
vn 0.6833 -0.6833 -0.2574
vn 0.5542 -0.7914 -0.2579
vn 0.5542 -0.7915 -0.2578
vn 0.4084 -0.8756 -0.2579
vn 0.4084 -0.8758 -0.2575
vn 0.2500 -0.9332 -0.2581
vn 0.2501 -0.9333 -0.2576
vn 0.0843 -0.9625 -0.2577
vn 0.0842 -0.9624 -0.2582
vn -0.0842 -0.9624 -0.2582
vn -0.0843 -0.9625 -0.2577
vn -0.2500 -0.9332 -0.2581
vn -0.2501 -0.9333 -0.2577
vn -0.4084 -0.8758 -0.2574
vn -0.4083 -0.8757 -0.2579
vn -0.5542 -0.7914 -0.2579
vn -0.5543 -0.7915 -0.2574
vn -0.6833 -0.6833 -0.2574
vn -0.6832 -0.6831 -0.2581
vn -0.7914 -0.5541 -0.2583
vn -0.7915 -0.5542 -0.2576
vn -0.8758 -0.4084 -0.2574
vn -0.8760 -0.4084 -0.2566
vn -0.9336 -0.2502 -0.2564
vn -0.9332 -0.2500 -0.2581
vn -0.9624 -0.0842 -0.2583
vn -0.9625 -0.0842 -0.2578
vn -0.9624 0.0842 -0.2583
vn -0.9924 0.0868 -0.0871
vn -0.9623 0.2578 -0.0864
vn -0.9623 0.2579 -0.0870
vn -0.9029 0.4210 -0.0864
vn -0.9029 0.4210 -0.0872
vn -0.8161 0.5714 -0.0864
vn -0.8161 0.5715 -0.0863
vn -0.7045 0.7044 -0.0864
vn -0.7044 0.7044 -0.0871
vn -0.5714 0.8160 -0.0869
vn -0.5714 0.8161 -0.0866
vn -0.4210 0.9029 -0.0869
vn -0.4210 0.9029 -0.0870
vn -0.2578 0.9622 -0.0874
vn -0.2579 0.9623 -0.0866
vn -0.0868 0.9924 -0.0868
vn -0.0869 0.9925 -0.0863
vn 0.0868 0.9925 -0.0864
vn 0.0868 0.9924 -0.0867
vn 0.2579 0.9623 -0.0869
vn 0.2578 0.9623 -0.0871
vn 0.4210 0.9029 -0.0869
vn 0.4210 0.9029 -0.0868
vn 0.5714 0.8160 -0.0869
vn 0.5714 0.8161 -0.0863
vn 0.7045 0.7044 -0.0864
vn 0.7044 0.7044 -0.0876
vn 0.8161 0.5714 -0.0864
vn 0.8161 0.5714 -0.0867
vn 0.9029 0.4210 -0.0864
vn 0.9030 0.4211 -0.0858
vn 0.9623 0.2579 -0.0864
vn 0.9623 0.2579 -0.0868
vn 0.9924 0.0868 -0.0874
vn 0.9925 0.0868 -0.0864
vn 0.9925 -0.0868 -0.0864
vn 0.9924 -0.0868 -0.0871
vn 0.9623 -0.2579 -0.0864
vn 0.9623 -0.2578 -0.0860
vn 0.9031 -0.4211 -0.0844
vn 0.9028 -0.4210 -0.0876
vn 0.8160 -0.5714 -0.0874
vn 0.8161 -0.5715 -0.0863
vn 0.7045 -0.7044 -0.0864
vn 0.7044 -0.7044 -0.0871
vn 0.5714 -0.8161 -0.0869
vn 0.5714 -0.8161 -0.0866
vn 0.4210 -0.9029 -0.0869
vn 0.4210 -0.9029 -0.0870
vn 0.2579 -0.9622 -0.0871
vn 0.2579 -0.9622 -0.0876
vn 0.0868 -0.9924 -0.0876
vn 0.0868 -0.9924 -0.0872
vn -0.0868 -0.9924 -0.0871
vn -0.0869 -0.9924 -0.0877
vn -0.2578 -0.9622 -0.0876
vn -0.2579 -0.9622 -0.0871
vn -0.4209 -0.9029 -0.0869
vn -0.4210 -0.9029 -0.0868
vn -0.5714 -0.8161 -0.0869
vn -0.5714 -0.8161 -0.0863
vn -0.7044 -0.7044 -0.0874
vn -0.7045 -0.7044 -0.0866
vn -0.8161 -0.5715 -0.0864
vn -0.8160 -0.5714 -0.0873
vn -0.9028 -0.4210 -0.0874
vn -0.9029 -0.4210 -0.0868
vn -0.9622 -0.2579 -0.0874
vn -0.9623 -0.2579 -0.0868
vn -0.9924 -0.0868 -0.0874
vn -0.9925 -0.0868 -0.0864
vn -0.9925 0.0868 -0.0864
s 0
f 1//1 2//1 3//1
f 4//1 5//1 6//1
f 7//1 8//1 9//1
f 9//1 8//1 4//1
f 9//1 4//1 10//1
f 10//1 4//1 6//1
f 11//1 8//1 12//1
f 12//2 8//2 7//2
f 12//1 7//1 13//1
f 13//1 7//1 14//1
f 13//1 14//1 15//1
f 15//1 14//1 16//1
f 15//1 16//1 17//1
f 17//1 16//1 18//1
f 17//1 18//1 10//1
f 10//1 18//1 19//1
f 10//1 19//1 9//1
f 20//1 21//1 22//1
f 22//1 21//1 15//1
f 22//1 15//1 23//1
f 23//1 15//1 17//1
f 23//1 17//1 24//1
f 24//1 17//1 10//1
f 24//1 10//1 25//1
f 25//1 10//1 26//1
f 25//1 26//1 27//1
f 27//1 26//1 28//1
f 27//1 28//1 20//1
f 20//1 28//1 21//1
f 29//1 30//1 31//1
f 31//1 30//1 21//1
f 31//1 21//1 32//1
f 32//1 21//1 28//1
f 32//1 28//1 33//1
f 33//1 28//1 26//1
f 33//1 26//1 34//1
f 34//1 26//1 35//1
f 34//1 35//1 36//1
f 36//1 35//1 37//1
f 36//1 37//1 29//1
f 29//1 37//1 30//1
f 38//1 1//1 39//1
f 39//1 1//1 30//1
f 39//1 30//1 40//1
f 40//1 30//1 37//1
f 40//1 37//1 41//1
f 41//1 37//1 35//1
f 41//1 35//1 42//1
f 42//1 35//1 43//1
f 42//1 43//1 44//1
f 44//1 43//1 2//1
f 44//1 2//1 38//1
f 38//1 2//1 1//1
f 45//1 46//1 43//1
f 45//1 43//1 47//1
f 47//1 43//1 35//1
f 47//1 35//1 48//1
f 48//1 35//1 26//1
f 48//1 26//1 49//1
f 49//1 26//1 10//1
f 49//1 10//1 50//1
f 50//1 10//1 6//1
f 50//1 6//1 51//1
f 11//1 12//1 52//1
f 52//1 12//1 53//1
f 52//1 53//1 54//1
f 54//1 53//1 55//1
f 54//1 55//1 56//1
f 57//1 58//1 59//1
f 59//1 58//1 60//1
f 59//1 60//1 61//1
f 61//1 60//1 56//1
f 61//1 56//1 62//1
f 62//1 56//1 55//1
f 46//1 63//1 43//1
f 43//1 63//1 64//1
f 43//1 64//1 2//1
f 2//1 64//1 65//1
f 2//1 65//1 3//1
f 3//1 65//1 66//1
f 3//1 66//1 67//1
f 67//1 66//1 68//1
f 67//1 68//1 69//1
f 69//1 68//1 70//1
f 69//1 70//1 57//1
f 57//1 70//1 71//1
f 57//1 71//1 58//1
f 72//1 73//1 74//1
f 74//1 73//1 75//1
f 75//1 73//1 76//1
f 76//1 73//1 13//1
f 76//1 13//1 77//1
f 77//1 13//1 15//1
f 77//1 15//1 74//1
f 74//1 15//1 72//1
f 72//1 15//1 21//1
f 72//1 21//1 78//1
f 78//1 21//1 30//1
f 78//1 30//1 79//1
f 79//1 30//1 1//1
f 79//1 1//1 80//1
f 3//1 81//1 1//1
f 1//1 81//1 82//1
f 1//1 82//1 80//1
f 80//1 82//1 83//1
f 80//1 83//1 84//1
f 84//1 83//1 85//1
f 84//1 85//1 81//1
f 81//1 85//1 86//1
f 81//1 86//1 82//1
f 69//1 87//1 67//1
f 67//1 87//1 88//1
f 67//1 88//1 3//1
f 3//1 88//1 89//1
f 3//1 89//1 81//1
f 81//1 89//1 90//1
f 81//1 90//1 84//1
f 84//1 90//1 91//1
f 92//1 93//1 94//1
f 95//1 96//1 97//1
f 96//1 95//1 98//1
f 98//1 95//1 99//1
f 98//1 99//1 100//1
f 100//1 99//1 101//1
f 100//1 101//1 102//1
f 102//1 101//1 103//1
f 102//1 103//1 104//1
f 104//1 103//1 105//1
f 104//1 105//1 97//1
f 97//1 105//1 106//1
f 97//1 106//1 95//1
f 107//1 108//1 109//1
f 109//1 108//1 106//1
f 109//1 106//1 110//1
f 110//1 106//1 105//1
f 110//1 105//1 111//1
f 111//1 105//1 103//1
f 111//1 103//1 112//1
f 112//1 103//1 113//1
f 112//1 113//1 114//1
f 114//1 113//1 115//1
f 114//1 115//1 107//1
f 107//1 115//1 108//1
f 116//3 92//3 117//3
f 117//1 92//1 108//1
f 117//1 108//1 118//1
f 118//1 108//1 115//1
f 118//1 115//1 119//1
f 119//1 115//1 113//1
f 119//1 113//1 120//1
f 120//1 113//1 121//1
f 120//1 121//1 122//1
f 122//1 121//1 93//1
f 122//1 93//1 116//1
f 116//1 93//1 92//1
f 123//1 124//1 121//1
f 123//1 121//1 125//1
f 125//1 121//1 113//1
f 125//1 113//1 126//1
f 126//1 113//1 103//1
f 126//1 103//1 127//1
f 127//1 103//1 101//1
f 127//1 101//1 128//1
f 128//1 101//1 129//1
f 128//1 129//1 130//1
f 131//1 129//1 132//1
f 132//1 129//1 101//1
f 132//1 101//1 133//1
f 133//1 101//1 99//1
f 134//1 135//1 136//1
f 136//1 135//1 137//1
f 136//1 137//1 138//1
f 138//1 137//1 139//1
f 138//1 139//1 140//1
f 141//1 142//1 143//1
f 143//1 142//1 144//1
f 143//1 144//1 145//1
f 145//1 144//1 140//1
f 145//1 140//1 146//1
f 146//1 140//1 139//1
f 124//1 147//1 121//1
f 121//1 147//1 148//1
f 121//1 148//1 93//1
f 93//1 148//1 149//1
f 93//1 149//1 94//1
f 94//2 149//2 150//2
f 94//1 150//1 151//1
f 151//1 150//1 152//1
f 151//1 152//1 153//1
f 153//1 152//1 154//1
f 153//1 154//1 141//1
f 141//1 154//1 155//1
f 141//1 155//1 142//1
f 134//1 133//1 135//1
f 135//1 133//1 99//1
f 135//1 99//1 156//1
f 156//1 99//1 95//1
f 157//1 158//1 159//1
f 159//1 158//1 160//1
f 159//1 160//1 161//1
f 161//1 160//1 156//1
f 161//1 156//1 162//1
f 162//1 156//1 95//1
f 162//1 95//1 157//1
f 157//1 95//1 158//1
f 158//1 95//1 106//1
f 158//1 106//1 163//1
f 163//1 106//1 108//1
f 163//1 108//1 164//1
f 164//1 108//1 92//1
f 164//1 92//1 165//1
f 94//1 166//1 92//1
f 92//1 166//1 167//1
f 92//1 167//1 165//1
f 165//1 167//1 168//1
f 165//1 168//1 169//1
f 169//1 168//1 170//1
f 169//1 170//1 166//1
f 166//1 170//1 171//1
f 166//1 171//1 167//1
f 153//1 172//1 151//1
f 151//1 172//1 173//1
f 151//1 173//1 94//1
f 94//1 173//1 174//1
f 94//1 174//1 166//1
f 166//1 174//1 175//1
f 166//1 175//1 169//1
f 169//1 175//1 176//1
f 177//1 178//1 179//1
f 180//1 181//1 182//1
f 182//1 181//1 183//1
f 182//1 183//1 184//1
f 184//1 183//1 185//1
f 184//1 185//1 186//1
f 186//1 185//1 187//1
f 186//1 187//1 188//1
f 188//1 187//1 189//1
f 188//1 189//1 190//1
f 190//1 189//1 191//1
f 190//1 191//1 192//1
f 192//1 191//1 193//1
f 194//1 195//1 196//1
f 197//1 198//1 199//1
f 199//1 198//1 200//1
f 199//1 200//1 201//1
f 201//1 200//1 202//1
f 201//1 202//1 203//1
f 203//1 202//1 204//1
f 203//1 204//1 205//1
f 205//1 204//1 206//1
f 207//1 208//1 209//1
f 209//1 208//1 210//1
f 209//1 210//1 211//1
f 211//1 210//1 212//1
f 211//1 212//1 213//1
f 213//1 212//1 214//1
f 213//1 214//1 197//1
f 197//1 214//1 215//1
f 197//1 215//1 198//1
f 179//1 178//1 216//1
f 216//1 178//1 217//1
f 216//1 217//1 218//1
f 218//1 217//1 219//1
f 218//1 219//1 220//1
f 179//1 221//1 177//1
f 177//1 221//1 222//1
f 177//1 222//1 223//1
f 180//1 182//1 224//1
f 224//1 182//1 225//1
f 224//1 225//1 226//1
f 226//1 225//1 227//1
f 226//1 227//1 228//1
f 228//1 227//1 229//1
f 228//1 229//1 230//1
f 196//1 195//1 231//1
f 231//1 195//1 232//1
f 231//1 232//1 233//1
f 233//1 232//1 234//1
f 233//1 234//1 193//1
f 193//1 234//1 235//1
f 193//1 235//1 192//1
f 222//1 236//1 223//1
f 223//1 236//1 237//1
f 223//1 237//1 238//1
f 238//1 237//1 239//1
f 238//1 239//1 240//1
f 240//1 239//1 241//1
f 240//1 241//1 242//1
f 242//1 241//1 243//1
f 242//1 243//1 244//1
f 244//1 243//1 230//1
f 244//1 230//1 245//1
f 245//1 230//1 229//1
f 207//1 246//1 208//1
f 208//1 246//1 247//1
f 208//1 247//1 248//1
f 248//1 247//1 249//1
f 248//1 249//1 250//1
f 250//1 249//1 251//1
f 250//1 251//1 252//1
f 252//1 251//1 253//1
f 252//1 253//1 254//1
f 254//1 253//1 255//1
f 254//1 255//1 256//1
f 256//1 255//1 220//1
f 256//1 220//1 257//1
f 257//1 220//1 219//1
f 196//1 258//1 194//1
f 194//1 258//1 259//1
f 194//1 259//1 206//1
f 206//1 259//1 260//1
f 206//1 260//1 205//1
f 261//4 262//4 263//4
f 264//4 265//4 263//4
f 263//4 265//4 266//4
f 263//4 266//4 267//4
f 268//4 269//4 270//4
f 270//4 269//4 271//4
f 270//4 271//4 272//4
f 272//4 271//4 273//4
f 272//4 273//4 264//4
f 264//4 273//4 274//4
f 264//4 274//4 275//4
f 275//4 276//4 264//4
f 264//4 276//4 277//4
f 264//4 277//4 265//4
f 278//4 279//4 280//4
f 280//4 279//4 281//4
f 280//4 281//4 282//4
f 282//4 281//4 283//4
f 267//4 284//4 263//4
f 263//4 284//4 285//4
f 263//4 285//4 286//4
f 286//4 287//4 263//4
f 263//4 287//4 288//4
f 263//4 288//4 261//4
f 289//4 263//4 290//4
f 291//4 292//4 278//4
f 278//4 292//4 293//4
f 278//4 293//4 279//4
f 262//4 294//4 263//4
f 263//4 294//4 295//4
f 263//4 295//4 290//4
f 283//4 296//4 282//4
f 282//4 296//4 297//4
f 282//4 297//4 298//4
f 290//4 299//4 289//4
f 289//4 299//4 300//4
f 289//4 300//4 278//4
f 278//4 300//4 301//4
f 278//4 301//4 291//4
f 302//4 270//4 303//4
f 303//4 270//4 282//4
f 303//4 282//4 304//4
f 302//4 305//4 270//4
f 270//4 305//4 306//4
f 270//4 306//4 307//4
f 298//4 308//4 282//4
f 282//4 308//4 309//4
f 282//4 309//4 304//4
f 307//4 310//4 270//4
f 270//4 310//4 311//4
f 270//4 311//4 268//4
f 312//1 313//1 314//1
f 315//1 316//1 317//1
f 318//1 319//1 315//1
f 315//1 319//1 320//1
f 315//1 320//1 316//1
f 321//1 322//1 314//1
f 317//1 323//1 315//1
f 315//1 323//1 324//1
f 315//1 324//1 314//1
f 314//1 324//1 325//1
f 314//1 325//1 321//1
f 322//1 326//1 314//1
f 314//1 326//1 327//1
f 314//1 327//1 312//1
f 328//5 329//5 330//5
f 330//5 329//5 331//5
f 330//5 331//5 332//5
f 332//6 331//6 333//6
f 333//5 334//5 335//5
f 332//7 336//7 337//7
f 332//5 338//5 339//5
f 337//5 340//5 332//5
f 332//6 340//6 341//6
f 332//5 341//5 342//5
f 343//8 344//8 332//8
f 339//5 345//5 332//5
f 332//8 345//8 346//8
f 332//8 346//8 336//8
f 333//5 335//5 332//5
f 332//8 335//8 347//8
f 332//5 347//5 343//5
f 344//5 348//5 332//5
f 332//5 348//5 349//5
f 332//9 349//9 338//9
f 350//4 351//4 352//4
f 353//4 354//4 355//4
f 356//4 357//4 353//4
f 353//4 357//4 358//4
f 353//4 358//4 354//4
f 359//4 360//4 352//4
f 355//4 361//4 353//4
f 353//4 361//4 362//4
f 353//4 362//4 352//4
f 352//4 362//4 363//4
f 352//4 363//4 359//4
f 360//4 364//4 352//4
f 352//4 364//4 365//4
f 352//4 365//4 350//4
f 366//10 367//10 368//10
f 369//10 370//10 367//10
f 367//10 370//10 371//10
f 367//11 371//11 368//11
f 368//10 372//10 373//10
f 366//11 374//11 375//11
f 366//12 376//12 377//12
f 375//13 378//13 366//13
f 366//14 378//14 379//14
f 366//12 379//12 380//12
f 381//15 382//15 366//15
f 377//10 383//10 366//10
f 366//15 383//15 384//15
f 366//15 384//15 374//15
f 368//11 373//11 366//11
f 366//10 373//10 385//10
f 366//10 385//10 381//10
f 382//10 386//10 366//10
f 366//15 386//15 387//15
f 366//11 387//11 376//11
f 388//16 353//16 389//16
f 389//16 353//16 352//16
f 389//16 352//16 390//16
f 391//16 392//16 393//16
f 394//16 395//16 396//16
f 396//16 395//16 397//16
f 394//16 396//16 398//16
f 398//16 396//16 399//16
f 398//16 399//16 352//16
f 352//16 399//16 400//16
f 352//16 400//16 390//16
f 391//16 393//16 401//16
f 402//16 403//16 369//16
f 369//16 403//16 404//16
f 397//16 405//16 396//16
f 396//16 405//16 406//16
f 396//16 406//16 407//16
f 388//16 408//16 353//16
f 353//16 408//16 409//16
f 353//16 409//16 410//16
f 410//16 409//16 393//16
f 410//16 393//16 411//16
f 411//16 393//16 392//16
f 369//16 412//16 402//16
f 402//16 412//16 413//16
f 402//16 413//16 393//16
f 393//16 413//16 414//16
f 393//16 414//16 401//16
f 415//16 370//16 416//16
f 416//16 370//16 369//16
f 416//16 369//16 417//16
f 417//16 369//16 404//16
f 415//16 418//16 370//16
f 370//16 418//16 419//16
f 370//16 419//16 420//16
f 420//16 419//16 421//16
f 422//16 329//16 423//16
f 423//16 329//16 328//16
f 423//16 328//16 424//16
f 422//16 425//16 329//16
f 329//16 425//16 426//16
f 329//16 426//16 427//16
f 427//16 426//16 407//16
f 427//16 407//16 428//16
f 428//16 407//16 406//16
f 429//16 430//16 431//16
f 431//16 430//16 432//16
f 433//16 315//16 434//16
f 434//16 315//16 314//16
f 434//16 314//16 435//16
f 436//16 437//16 328//16
f 328//16 437//16 438//16
f 328//16 438//16 424//16
f 429//16 431//16 439//16
f 439//16 431//16 440//16
f 439//16 440//16 314//16
f 314//16 440//16 441//16
f 314//16 441//16 435//16
f 433//16 442//16 315//16
f 315//16 442//16 443//16
f 315//16 443//16 444//16
f 444//16 443//16 445//16
f 444//16 445//16 446//16
f 328//16 447//16 436//16
f 436//16 447//16 448//16
f 436//16 448//16 445//16
f 445//16 448//16 449//16
f 445//16 449//16 450//16
f 432//16 451//16 431//16
f 431//16 451//16 452//16
f 431//16 452//16 421//16
f 421//16 452//16 453//16
f 421//16 453//16 420//16
f 450//16 454//16 445//16
f 445//16 454//16 455//16
f 445//16 455//16 446//16
f 456//17 457//17 458//17
f 459//18 460//18 461//18
f 462//19 463//19 464//19
f 465//20 466//20 467//20
f 468//21 469//21 470//21
f 471//22 472//22 473//22
f 471//23 474//23 475//23
f 476//24 477//24 478//24
f 479//25 480//25 481//25
f 481//26 480//26 482//26
f 483//27 458//27 484//27
f 484//28 458//28 457//28
f 484//29 457//29 485//29
f 486//30 487//30 488//30
f 488//31 487//31 489//31
f 490//32 491//32 492//32
f 474//33 493//33 494//33
f 494//34 493//34 495//34
f 494//35 495//35 496//35
f 497//36 498//36 499//36
f 471//37 475//37 472//37
f 472//38 475//38 500//38
f 472//39 500//39 473//39
f 473//40 500//40 501//40
f 473//41 501//41 502//41
f 502//42 501//42 497//42
f 502//43 497//43 503//43
f 503//44 497//44 499//44
f 503//45 499//45 504//45
f 505//46 506//46 507//46
f 466//47 508//47 467//47
f 467//48 508//48 509//48
f 467//49 509//49 510//49
f 482//50 511//50 481//50
f 481//51 511//51 512//51
f 481//52 512//52 513//52
f 514//53 515//53 516//53
f 516//54 515//54 517//54
f 516//55 517//55 518//55
f 519//56 520//56 459//56
f 459//57 520//57 521//57
f 459//58 521//58 460//58
f 522//59 523//59 524//59
f 524//60 523//60 525//60
f 524//61 525//61 526//61
f 526//62 525//62 527//62
f 526//63 527//63 518//63
f 518//64 527//64 528//64
f 518//65 528//65 516//65
f 516//66 528//66 458//66
f 516//67 458//67 514//67
f 514//68 458//68 483//68
f 522//69 529//69 523//69
f 523//70 529//70 530//70
f 523//71 530//71 525//71
f 525//72 530//72 461//72
f 525//73 461//73 527//73
f 527//18 461//18 460//18
f 527//74 460//74 528//74
f 528//75 460//75 521//75
f 528//76 521//76 458//76
f 458//76 521//76 520//76
f 458//77 520//77 456//77
f 531//78 532//78 533//78
f 532//79 534//79 533//79
f 533//80 534//80 535//80
f 533//81 535//81 536//81
f 536//82 535//82 537//82
f 536//83 537//83 519//83
f 538//84 539//84 540//84
f 519//85 459//85 536//85
f 536//86 459//86 461//86
f 536//87 461//87 533//87
f 533//88 461//88 530//88
f 533//89 530//89 531//89
f 531//90 530//90 529//90
f 531//91 529//91 541//91
f 541//92 529//92 542//92
f 541//93 542//93 543//93
f 543//94 542//94 544//94
f 543//95 544//95 545//95
f 545//96 544//96 546//96
f 545//97 546//97 547//97
f 494//98 548//98 549//98
f 550//99 551//99 552//99
f 552//100 551//100 547//100
f 491//101 490//101 496//101
f 496//102 490//102 553//102
f 496//103 553//103 494//103
f 494//104 553//104 554//104
f 494//98 554//98 548//98
f 555//105 549//105 556//105
f 556//106 549//106 548//106
f 556//107 548//107 557//107
f 557//108 548//108 554//108
f 557//109 554//109 558//109
f 558//110 554//110 559//110
f 559//111 554//111 553//111
f 559//112 553//112 560//112
f 560//113 553//113 490//113
f 560//114 490//114 561//114
f 561//115 490//115 492//115
f 561//116 492//116 562//116
f 563//117 487//117 564//117
f 563//118 564//118 565//118
f 566//119 567//119 568//119
f 568//120 567//120 569//120
f 568//121 569//121 570//121
f 570//122 569//122 571//122
f 570//123 571//123 572//123
f 572//124 571//124 565//124
f 572//125 565//125 573//125
f 573//126 565//126 564//126
f 574//127 575//127 576//127
f 576//128 575//128 539//128
f 539//129 538//129 576//129
f 576//130 538//130 505//130
f 576//130 505//130 574//130
f 574//131 505//131 507//131
f 574//132 507//132 577//132
f 474//133 494//133 475//133
f 475//134 494//134 549//134
f 475//135 549//135 500//135
f 500//136 549//136 555//136
f 500//136 555//136 501//136
f 501//137 555//137 578//137
f 501//138 578//138 497//138
f 497//139 578//139 470//139
f 497//140 470//140 498//140
f 498//141 470//141 469//141
f 498//142 469//142 499//142
f 489//143 487//143 562//143
f 562//144 487//144 563//144
f 562//145 563//145 561//145
f 561//146 563//146 565//146
f 561//147 565//147 560//147
f 560//148 565//148 571//148
f 560//149 571//149 559//149
f 559//150 571//150 569//150
f 559//151 569//151 558//151
f 558//152 569//152 567//152
f 558//152 567//152 557//152
f 557//153 567//153 540//153
f 557//154 540//154 556//154
f 556//155 540//155 539//155
f 556//156 539//156 555//156
f 555//157 539//157 575//157
f 555//158 575//158 578//158
f 578//159 575//159 574//159
f 578//160 574//160 470//160
f 470//161 574//161 577//161
f 470//162 577//162 468//162
f 506//163 505//163 510//163
f 510//164 505//164 579//164
f 510//165 579//165 467//165
f 467//166 579//166 580//166
f 467//167 580//167 581//167
f 582//168 480//168 583//168
f 583//169 480//169 479//169
f 583//170 479//170 584//170
f 584//170 479//170 481//170
f 584//171 481//171 585//171
f 585//172 481//172 513//172
f 477//173 586//173 478//173
f 478//174 586//174 462//174
f 478//175 462//175 587//175
f 587//176 462//176 464//176
f 587//177 464//177 588//177
f 588//178 464//178 589//178
f 588//179 589//179 581//179
f 586//180 590//180 462//180
f 462//181 590//181 591//181
f 462//182 591//182 463//182
f 463//183 591//183 582//183
f 463//184 582//184 464//184
f 464//185 582//185 583//185
f 464//186 583//186 589//186
f 589//187 583//187 584//187
f 589//179 584//179 581//179
f 581//179 584//179 585//179
f 581//188 585//188 467//188
f 467//189 585//189 513//189
f 467//190 513//190 465//190
f 547//191 551//191 545//191
f 545//192 551//192 592//192
f 545//193 592//193 543//193
f 543//194 592//194 593//194
f 543//195 593//195 541//195
f 541//196 593//196 594//196
f 541//197 594//197 531//197
f 531//198 594//198 595//198
f 531//199 595//199 532//199
f 532//200 595//200 596//200
f 532//201 596//201 534//201
f 566//202 550//202 567//202
f 567//203 550//203 552//203
f 567//204 552//204 540//204
f 540//205 552//205 547//205
f 540//205 547//205 538//205
f 538//206 547//206 546//206
f 538//207 546//207 505//207
f 505//208 546//208 544//208
f 505//164 544//164 579//164
f 579//209 544//209 542//209
f 579//210 542//210 580//210
f 580//211 542//211 529//211
f 580//167 529//167 581//167
f 581//212 529//212 522//212
f 581//213 522//213 588//213
f 588//214 522//214 524//214
f 588//215 524//215 587//215
f 587//216 524//216 526//216
f 587//217 526//217 478//217
f 478//218 526//218 518//218
f 478//219 518//219 476//219
f 476//220 518//220 517//220
f 476//221 517//221 597//221
f 597//222 517//222 515//222
f 598//223 599//223 600//223
f 601//224 602//224 603//224
f 604//225 605//225 606//225
f 607//226 608//226 609//226
f 610//227 611//227 612//227
f 613//228 614//228 615//228
f 616//229 617//229 618//229
f 619//230 620//230 621//230
f 621//231 620//231 622//231
f 623//232 624//232 625//232
f 626//233 627//233 628//233
f 617//234 616//234 626//234
f 626//235 616//235 629//235
f 626//236 629//236 627//236
f 630//237 631//237 632//237
f 632//238 631//238 633//238
f 632//239 633//239 634//239
f 635//240 636//240 637//240
f 637//241 636//241 602//241
f 638//242 639//242 640//242
f 640//243 639//243 641//243
f 642//244 643//244 639//244
f 639//245 643//245 644//245
f 639//246 644//246 641//246
f 645//247 646//247 647//247
f 648//248 645//248 642//248
f 642//249 645//249 647//249
f 642//250 647//250 643//250
f 649//251 650//251 651//251
f 651//252 650//252 652//252
f 651//253 652//253 653//253
f 654//254 655//254 656//254
f 656//255 655//255 657//255
f 656//256 657//256 658//256
f 654//257 656//257 659//257
f 659//258 656//258 660//258
f 659//259 660//259 486//259
f 661//260 662//260 663//260
f 663//261 662//261 664//261
f 663//262 664//262 665//262
f 666//263 667//263 668//263
f 668//264 667//264 669//264
f 668//265 669//265 615//265
f 615//266 669//266 658//266
f 615//267 658//267 613//267
f 613//268 658//268 657//268
f 613//269 657//269 670//269
f 670//270 657//270 655//270
f 666//271 671//271 667//271
f 667//271 671//271 672//271
f 667//272 672//272 669//272
f 669//273 672//273 661//273
f 669//274 661//274 658//274
f 658//275 661//275 663//275
f 658//276 663//276 656//276
f 656//277 663//277 665//277
f 656//278 665//278 660//278
f 673//279 674//279 607//279
f 673//280 675//280 674//280
f 674//281 675//281 676//281
f 674//282 676//282 607//282
f 607//283 676//283 677//283
f 607//284 677//284 608//284
f 606//285 605//285 678//285
f 678//286 605//286 679//286
f 678//287 679//287 680//287
f 680//288 679//288 675//288
f 680//289 675//289 671//289
f 671//280 675//280 673//280
f 671//290 673//290 672//290
f 672//291 673//291 607//291
f 672//292 607//292 661//292
f 661//293 607//293 609//293
f 661//294 609//294 662//294
f 626//295 681//295 617//295
f 617//296 681//296 631//296
f 617//297 631//297 618//297
f 618//298 631//298 630//298
f 618//299 630//299 616//299
f 636//300 682//300 602//300
f 602//300 682//300 683//300
f 602//301 683//301 603//301
f 603//302 683//302 684//302
f 685//303 686//303 604//303
f 622//304 620//304 625//304
f 625//305 620//305 687//305
f 625//306 687//306 623//306
f 623//307 687//307 688//307
f 623//308 688//308 689//308
f 689//309 688//309 598//309
f 689//310 598//310 690//310
f 690//311 598//311 600//311
f 690//312 600//312 691//312
f 692//313 599//313 693//313
f 693//314 599//314 598//314
f 693//315 598//315 694//315
f 694//316 598//316 688//316
f 694//317 688//317 695//317
f 695//318 688//318 687//318
f 695//319 687//319 696//319
f 696//320 687//320 620//320
f 692//321 697//321 599//321
f 599//322 697//322 684//322
f 599//323 684//323 600//323
f 600//324 684//324 683//324
f 600//325 683//325 691//325
f 691//326 683//326 682//326
f 698//327 634//327 699//327
f 699//328 634//328 633//328
f 699//329 633//329 700//329
f 700//330 633//330 631//330
f 700//331 631//331 701//331
f 701//332 631//332 681//332
f 624//333 623//333 628//333
f 628//334 623//334 689//334
f 628//335 689//335 626//335
f 626//336 689//336 690//336
f 626//337 690//337 681//337
f 681//338 690//338 691//338
f 681//339 691//339 701//339
f 701//340 691//340 682//340
f 701//341 682//341 700//341
f 700//342 682//342 636//342
f 700//343 636//343 699//343
f 699//344 636//344 635//344
f 699//345 635//345 698//345
f 648//346 642//346 702//346
f 702//347 642//347 639//347
f 702//348 639//348 703//348
f 703//349 639//349 638//349
f 703//350 638//350 704//350
f 704//351 638//351 705//351
f 704//352 705//352 601//352
f 601//353 705//353 706//353
f 601//354 706//354 602//354
f 602//355 706//355 707//355
f 602//356 707//356 637//356
f 652//357 645//357 653//357
f 653//358 645//358 648//358
f 653//359 648//359 651//359
f 651//359 648//359 612//359
f 651//360 612//360 649//360
f 649//361 612//361 611//361
f 649//362 611//362 708//362
f 708//363 611//363 610//363
f 708//364 610//364 709//364
f 604//365 686//365 605//365
f 605//366 686//366 710//366
f 605//367 710//367 679//367
f 679//368 710//368 711//368
f 679//369 711//369 675//369
f 675//370 711//370 712//370
f 675//371 712//371 676//371
f 614//372 709//372 615//372
f 615//373 709//373 610//373
f 615//374 610//374 668//374
f 668//375 610//375 612//375
f 668//376 612//376 666//376
f 666//377 612//377 648//377
f 666//271 648//271 671//271
f 671//378 648//378 702//378
f 671//379 702//379 680//379
f 680//348 702//348 703//348
f 680//380 703//380 678//380
f 678//381 703//381 704//381
f 678//285 704//285 606//285
f 606//382 704//382 601//382
f 606//383 601//383 604//383
f 604//384 601//384 603//384
f 604//385 603//385 685//385
f 685//386 603//386 684//386
f 685//387 684//387 713//387
f 713//388 684//388 697//388
f 714//389 715//389 716//389
f 717//390 718//390 719//390
f 720//391 721//391 722//391
f 723//392 724//392 725//392
f 726//393 727//393 728//393
f 729//394 730//394 731//394
f 732//395 733//395 734//395
f 735//396 736//396 737//396
f 735//397 738//397 739//397
f 740//398 741//398 742//398
f 742//399 741//399 743//399
f 742//400 743//400 744//400
f 745//401 746//401 747//401
f 747//402 746//402 748//402
f 747//403 748//403 749//403
f 745//404 747//404 750//404
f 750//405 747//405 751//405
f 750//406 751//406 752//406
f 485//407 753//407 754//407
f 754//408 753//408 755//408
f 756//409 757//409 758//409
f 759//410 760//410 761//410
f 730//411 729//411 759//411
f 759//412 729//412 762//412
f 759//413 762//413 760//413
f 763//414 764//414 765//414
f 765//415 764//415 766//415
f 765//416 766//416 767//416
f 768//417 769//417 770//417
f 770//418 769//418 718//418
f 771//419 772//419 773//419
f 773//420 772//420 774//420
f 735//421 737//421 738//421
f 738//422 737//422 775//422
f 738//423 775//423 772//423
f 772//424 775//424 776//424
f 772//425 776//425 774//425
f 777//426 778//426 779//426
f 779//427 778//427 780//427
f 779//428 780//428 781//428
f 782//429 783//429 784//429
f 784//430 783//430 785//430
f 784//431 785//431 734//431
f 734//432 785//432 749//432
f 734//433 749//433 732//433
f 732//434 749//434 748//434
f 732//435 748//435 786//435
f 786//436 748//436 746//436
f 782//437 787//437 783//437
f 783//438 787//438 788//438
f 783//439 788//439 785//439
f 785//440 788//440 777//440
f 785//441 777//441 749//441
f 749//442 777//442 779//442
f 749//443 779//443 747//443
f 747//444 779//444 781//444
f 747//445 781//445 751//445
f 789//446 790//446 723//446
f 789//447 791//447 790//447
f 790//448 791//448 792//448
f 790//449 792//449 723//449
f 723//450 792//450 793//450
f 723//451 793//451 724//451
f 722//452 721//452 794//452
f 794//453 721//453 795//453
f 794//454 795//454 796//454
f 796//455 795//455 791//455
f 796//456 791//456 787//456
f 787//447 791//447 789//447
f 787//457 789//457 788//457
f 788//458 789//458 723//458
f 788//459 723//459 777//459
f 777//460 723//460 725//460
f 777//461 725//461 778//461
f 759//462 797//462 730//462
f 730//463 797//463 764//463
f 730//464 764//464 731//464
f 731//465 764//465 763//465
f 731//466 763//466 729//466
f 769//467 798//467 718//467
f 718//467 798//467 799//467
f 718//468 799//468 719//468
f 719//469 799//469 800//469
f 801//470 802//470 720//470
f 755//471 753//471 758//471
f 758//472 753//472 803//472
f 758//473 803//473 756//473
f 756//474 803//474 804//474
f 756//475 804//475 805//475
f 805//476 804//476 714//476
f 805//477 714//477 806//477
f 806//478 714//478 716//478
f 806//479 716//479 807//479
f 808//480 715//480 809//480
f 809//481 715//481 714//481
f 809//482 714//482 810//482
f 810//483 714//483 804//483
f 810//484 804//484 811//484
f 811//485 804//485 803//485
f 811//486 803//486 812//486
f 812//487 803//487 753//487
f 808//488 813//488 715//488
f 715//489 813//489 800//489
f 715//490 800//490 716//490
f 716//491 800//491 799//491
f 716//492 799//492 807//492
f 807//493 799//493 798//493
f 814//494 767//494 815//494
f 815//495 767//495 766//495
f 815//496 766//496 816//496
f 816//497 766//497 764//497
f 816//498 764//498 817//498
f 817//499 764//499 797//499
f 757//500 756//500 761//500
f 761//501 756//501 805//501
f 761//502 805//502 759//502
f 759//503 805//503 806//503
f 759//504 806//504 797//504
f 797//505 806//505 807//505
f 797//506 807//506 817//506
f 817//507 807//507 798//507
f 817//507 798//507 816//507
f 816//508 798//508 769//508
f 816//509 769//509 815//509
f 815//510 769//510 768//510
f 815//511 768//511 814//511
f 739//512 738//512 818//512
f 818//513 738//513 772//513
f 818//514 772//514 819//514
f 819//515 772//515 771//515
f 819//516 771//516 820//516
f 820//517 771//517 821//517
f 820//518 821//518 717//518
f 717//519 821//519 822//519
f 717//520 822//520 718//520
f 718//521 822//521 823//521
f 718//522 823//522 770//522
f 743//523 735//523 744//523
f 744//524 735//524 739//524
f 744//525 739//525 742//525
f 742//525 739//525 728//525
f 742//526 728//526 740//526
f 740//527 728//527 727//527
f 740//528 727//528 824//528
f 824//529 727//529 726//529
f 824//530 726//530 825//530
f 720//531 802//531 721//531
f 721//532 802//532 826//532
f 721//533 826//533 795//533
f 795//534 826//534 827//534
f 795//535 827//535 791//535
f 791//536 827//536 828//536
f 791//537 828//537 792//537
f 733//538 825//538 734//538
f 734//539 825//539 726//539
f 734//540 726//540 784//540
f 784//541 726//541 728//541
f 784//542 728//542 782//542
f 782//543 728//543 739//543
f 782//438 739//438 787//438
f 787//544 739//544 818//544
f 787//545 818//545 796//545
f 796//514 818//514 819//514
f 796//546 819//546 794//546
f 794//547 819//547 820//547
f 794//452 820//452 722//452
f 722//548 820//548 717//548
f 722//549 717//549 720//549
f 720//550 717//550 719//550
f 720//551 719//551 801//551
f 801//552 719//552 800//552
f 801//553 800//553 829//553
f 829//554 800//554 813//554
f 830//555 831//555 832//555
f 833//556 834//556 835//556
f 836//557 837//557 838//557
f 839//558 840//558 841//558
f 842//559 843//559 844//559
f 845//560 846//560 847//560
f 845//561 848//561 849//561
f 850//562 851//562 852//562
f 853//563 854//563 855//563
f 855//564 854//564 856//564
f 857//565 832//565 858//565
f 858//566 832//566 831//566
f 858//567 831//567 619//567
f 752//568 859//568 860//568
f 860//569 859//569 861//569
f 862//570 863//570 864//570
f 848//571 865//571 866//571
f 866//572 865//572 867//572
f 866//573 867//573 868//573
f 869//574 870//574 871//574
f 845//575 849//575 846//575
f 846//576 849//576 872//576
f 846//577 872//577 847//577
f 847//578 872//578 873//578
f 847//579 873//579 874//579
f 874//580 873//580 869//580
f 874//581 869//581 875//581
f 875//582 869//582 871//582
f 875//583 871//583 876//583
f 877//584 878//584 879//584
f 840//585 880//585 841//585
f 841//586 880//586 881//586
f 841//587 881//587 882//587
f 856//588 883//588 855//588
f 855//589 883//589 884//589
f 855//590 884//590 885//590
f 886//591 887//591 888//591
f 888//592 887//592 889//592
f 888//593 889//593 890//593
f 891//594 892//594 833//594
f 833//595 892//595 893//595
f 833//596 893//596 834//596
f 894//597 895//597 896//597
f 896//598 895//598 897//598
f 896//599 897//599 898//599
f 898//600 897//600 899//600
f 898//601 899//601 890//601
f 890//602 899//602 900//602
f 890//603 900//603 888//603
f 888//604 900//604 832//604
f 888//605 832//605 886//605
f 886//606 832//606 857//606
f 894//607 901//607 895//607
f 895//608 901//608 902//608
f 895//609 902//609 897//609
f 897//610 902//610 835//610
f 897//611 835//611 899//611
f 899//556 835//556 834//556
f 899//612 834//612 900//612
f 900//613 834//613 893//613
f 900//614 893//614 832//614
f 832//614 893//614 892//614
f 832//615 892//615 830//615
f 903//616 904//616 905//616
f 904//617 906//617 905//617
f 905//618 906//618 907//618
f 905//619 907//619 908//619
f 908//620 907//620 909//620
f 908//621 909//621 891//621
f 910//622 911//622 912//622
f 891//623 833//623 908//623
f 908//624 833//624 835//624
f 908//625 835//625 905//625
f 905//626 835//626 902//626
f 905//627 902//627 903//627
f 903//628 902//628 901//628
f 903//629 901//629 913//629
f 913//630 901//630 914//630
f 913//631 914//631 915//631
f 915//632 914//632 916//632
f 915//633 916//633 917//633
f 917//634 916//634 918//634
f 917//635 918//635 919//635
f 866//636 920//636 921//636
f 922//637 923//637 924//637
f 924//637 923//637 919//637
f 863//638 862//638 868//638
f 868//639 862//639 925//639
f 868//640 925//640 866//640
f 866//641 925//641 926//641
f 866//636 926//636 920//636
f 927//642 921//642 928//642
f 928//643 921//643 920//643
f 928//644 920//644 929//644
f 929//645 920//645 926//645
f 929//646 926//646 930//646
f 930//647 926//647 931//647
f 931//648 926//648 925//648
f 931//649 925//649 932//649
f 932//650 925//650 862//650
f 932//651 862//651 933//651
f 933//652 862//652 864//652
f 933//653 864//653 934//653
f 935//654 859//654 936//654
f 935//655 936//655 937//655
f 938//656 939//656 940//656
f 940//657 939//657 941//657
f 940//658 941//658 942//658
f 942//659 941//659 943//659
f 942//660 943//660 944//660
f 944//661 943//661 937//661
f 944//662 937//662 945//662
f 945//663 937//663 936//663
f 946//664 947//664 948//664
f 948//665 947//665 911//665
f 911//666 910//666 948//666
f 948//667 910//667 877//667
f 948//667 877//667 946//667
f 946//668 877//668 879//668
f 946//669 879//669 949//669
f 848//670 866//670 849//670
f 849//671 866//671 921//671
f 849//672 921//672 872//672
f 872//673 921//673 927//673
f 872//673 927//673 873//673
f 873//674 927//674 950//674
f 873//675 950//675 869//675
f 869//676 950//676 844//676
f 869//677 844//677 870//677
f 870//678 844//678 843//678
f 870//679 843//679 871//679
f 861//680 859//680 934//680
f 934//681 859//681 935//681
f 934//682 935//682 933//682
f 933//683 935//683 937//683
f 933//684 937//684 932//684
f 932//685 937//685 943//685
f 932//686 943//686 931//686
f 931//687 943//687 941//687
f 931//688 941//688 930//688
f 930//689 941//689 939//689
f 930//689 939//689 929//689
f 929//690 939//690 912//690
f 929//691 912//691 928//691
f 928//692 912//692 911//692
f 928//693 911//693 927//693
f 927//694 911//694 947//694
f 927//695 947//695 950//695
f 950//696 947//696 946//696
f 950//697 946//697 844//697
f 844//698 946//698 949//698
f 844//699 949//699 842//699
f 878//700 877//700 882//700
f 882//701 877//701 951//701
f 882//702 951//702 841//702
f 841//703 951//703 952//703
f 841//704 952//704 953//704
f 954//705 854//705 955//705
f 955//563 854//563 853//563
f 955//706 853//706 956//706
f 956//707 853//707 855//707
f 956//708 855//708 957//708
f 957//709 855//709 885//709
f 851//710 958//710 852//710
f 852//711 958//711 836//711
f 852//712 836//712 959//712
f 959//713 836//713 838//713
f 959//714 838//714 960//714
f 960//715 838//715 961//715
f 960//716 961//716 953//716
f 958//717 962//717 836//717
f 836//718 962//718 963//718
f 836//719 963//719 837//719
f 837//720 963//720 954//720
f 837//721 954//721 838//721
f 838//722 954//722 955//722
f 838//723 955//723 961//723
f 961//724 955//724 956//724
f 961//716 956//716 953//716
f 953//716 956//716 957//716
f 953//725 957//725 841//725
f 841//726 957//726 885//726
f 841//727 885//727 839//727
f 919//728 923//728 917//728
f 917//729 923//729 964//729
f 917//730 964//730 915//730
f 915//731 964//731 965//731
f 915//732 965//732 913//732
f 913//733 965//733 966//733
f 913//734 966//734 903//734
f 903//735 966//735 967//735
f 903//736 967//736 904//736
f 904//736 967//736 968//736
f 904//737 968//737 906//737
f 938//738 922//738 939//738
f 939//739 922//739 924//739
f 939//740 924//740 912//740
f 912//741 924//741 919//741
f 912//742 919//742 910//742
f 910//743 919//743 918//743
f 910//744 918//744 877//744
f 877//745 918//745 916//745
f 877//701 916//701 951//701
f 951//746 916//746 914//746
f 951//747 914//747 952//747
f 952//748 914//748 901//748
f 952//704 901//704 953//704
f 953//607 901//607 894//607
f 953//749 894//749 960//749
f 960//750 894//750 896//750
f 960//751 896//751 959//751
f 959//752 896//752 898//752
f 959//753 898//753 852//753
f 852//754 898//754 890//754
f 852//755 890//755 850//755
f 850//756 890//756 889//756
f 850//757 889//757 969//757
f 969//758 889//758 887//758
f 970//759 695//759 971//759
f 971//760 695//760 696//760
f 971//761 696//761 972//761
f 972//762 696//762 620//762
f 972//763 620//763 973//763
f 620//764 619//764 973//764
f 973//765 619//765 831//765
f 973//766 831//766 974//766
f 974//767 831//767 830//767
f 974//768 830//768 975//768
f 975//769 830//769 892//769
f 975//770 892//770 976//770
f 976//771 892//771 891//771
f 976//772 891//772 977//772
f 978//773 968//773 979//773
f 979//774 968//774 967//774
f 979//775 967//775 980//775
f 977//776 891//776 981//776
f 981//777 891//777 909//777
f 981//778 909//778 982//778
f 982//779 909//779 907//779
f 982//780 907//780 978//780
f 978//781 907//781 906//781
f 978//782 906//782 968//782
f 980//783 967//783 983//783
f 983//784 967//784 966//784
f 983//785 966//785 984//785
f 984//786 966//786 965//786
f 984//787 965//787 985//787
f 985//788 965//788 964//788
f 985//789 964//789 986//789
f 986//790 964//790 923//790
f 986//791 923//791 987//791
f 987//792 923//792 922//792
f 987//793 922//793 988//793
f 988//794 922//794 938//794
f 988//795 938//795 989//795
f 989//796 938//796 940//796
f 989//797 940//797 990//797
f 990//798 940//798 942//798
f 990//799 942//799 991//799
f 991//800 942//800 944//800
f 991//801 944//801 992//801
f 992//802 944//802 945//802
f 992//803 945//803 993//803
f 993//804 945//804 936//804
f 993//805 936//805 994//805
f 994//806 936//806 859//806
f 994//807 859//807 995//807
f 995//808 859//808 752//808
f 995//809 752//809 996//809
f 996//810 752//810 751//810
f 996//811 751//811 997//811
f 751//812 781//812 997//812
f 997//813 781//813 780//813
f 997//814 780//814 998//814
f 998//815 780//815 778//815
f 998//816 778//816 999//816
f 999//817 778//817 725//817
f 999//818 725//818 1000//818
f 1000//819 725//819 724//819
f 1000//820 724//820 1001//820
f 1001//821 724//821 793//821
f 1001//822 793//822 1002//822
f 1002//823 793//823 792//823
f 1002//824 792//824 1003//824
f 1003//825 792//825 828//825
f 1003//826 828//826 1004//826
f 1004//827 828//827 827//827
f 1004//828 827//828 1005//828
f 1005//829 827//829 826//829
f 1005//830 826//830 1006//830
f 1006//831 826//831 802//831
f 1006//832 802//832 1007//832
f 1007//833 802//833 801//833
f 1007//834 801//834 1008//834
f 1008//835 801//835 829//835
f 1008//836 829//836 1009//836
f 1009//837 829//837 813//837
f 1009//838 813//838 1010//838
f 1010//839 813//839 808//839
f 1010//840 808//840 1011//840
f 1011//841 808//841 809//841
f 1011//842 809//842 1012//842
f 809//843 810//843 1012//843
f 1012//844 810//844 811//844
f 1012//845 811//845 1013//845
f 1013//846 811//846 812//846
f 1013//847 812//847 1014//847
f 1014//848 812//848 753//848
f 1014//849 753//849 1015//849
f 753//850 485//850 1015//850
f 1015//851 485//851 457//851
f 1015//852 457//852 1016//852
f 1016//853 457//853 456//853
f 1016//854 456//854 1017//854
f 1017//855 456//855 520//855
f 1017//856 520//856 1018//856
f 1018//857 520//857 519//857
f 1018//858 519//858 1019//858
f 1020//859 596//859 1021//859
f 1021//860 596//860 595//860
f 1021//861 595//861 1022//861
f 1019//862 519//862 1023//862
f 1023//863 519//863 537//863
f 1023//864 537//864 1024//864
f 1024//865 537//865 535//865
f 1024//866 535//866 1020//866
f 1020//867 535//867 534//867
f 1020//868 534//868 596//868
f 1022//869 595//869 1025//869
f 1025//870 595//870 594//870
f 1025//871 594//871 1026//871
f 1026//872 594//872 593//872
f 1026//873 593//873 1027//873
f 1027//874 593//874 592//874
f 1027//875 592//875 1028//875
f 1028//876 592//876 551//876
f 1028//877 551//877 1029//877
f 1029//878 551//878 550//878
f 1029//879 550//879 1030//879
f 1030//880 550//880 566//880
f 1030//881 566//881 1031//881
f 1031//882 566//882 568//882
f 1031//883 568//883 1032//883
f 1032//884 568//884 570//884
f 1032//885 570//885 1033//885
f 1033//886 570//886 572//886
f 1033//887 572//887 1034//887
f 1034//888 572//888 573//888
f 1034//889 573//889 1035//889
f 1035//890 573//890 564//890
f 1035//891 564//891 1036//891
f 1036//892 564//892 487//892
f 1036//893 487//893 1037//893
f 1037//894 487//894 486//894
f 1037//895 486//895 1038//895
f 1038//896 486//896 660//896
f 1038//897 660//897 1039//897
f 660//898 665//898 1039//898
f 1039//899 665//899 664//899
f 1039//900 664//900 1040//900
f 1040//901 664//901 662//901
f 1040//902 662//902 1041//902
f 1041//903 662//903 609//903
f 1041//904 609//904 1042//904
f 1042//905 609//905 608//905
f 1042//906 608//906 1043//906
f 1043//907 608//907 677//907
f 1043//908 677//908 1044//908
f 1044//909 677//909 676//909
f 1044//910 676//910 1045//910
f 1045//911 676//911 712//911
f 1045//912 712//912 1046//912
f 1046//913 712//913 711//913
f 1046//914 711//914 1047//914
f 1047//915 711//915 710//915
f 1047//916 710//916 1048//916
f 1048//917 710//917 686//917
f 1048//918 686//918 1049//918
f 1049//919 686//919 685//919
f 1049//920 685//920 1050//920
f 1050//921 685//921 713//921
f 1050//922 713//922 1051//922
f 1051//923 713//923 697//923
f 1051//924 697//924 1052//924
f 1052//925 697//925 692//925
f 1052//926 692//926 1053//926
f 1053//927 692//927 693//927
f 1053//928 693//928 970//928
f 970//929 693//929 694//929
f 970//930 694//930 695//930
f 1054//931 1055//931 1056//931
f 1056//931 1055//931 1057//931
f 1056//931 1057//931 1058//931
f 1059//931 1060//931 1061//931
f 1061//931 1060//931 1062//931
f 1061//931 1062//931 1063//931
f 1064//931 1065//931 1066//931
f 1066//931 1065//931 1067//931
f 1066//931 1067//931 1068//931
f 1068//931 1067//931 1069//931
f 1068//931 1069//931 1059//931
f 1059//931 1069//931 1070//931
f 1059//931 1070//931 1060//931
f 1071//931 1072//931 1073//931
f 1073//931 1072//931 1074//931
f 1073//931 1074//931 1075//931
f 1075//931 1074//931 1076//931
f 1075//931 1076//931 1054//931
f 1054//931 1076//931 1077//931
f 1054//931 1077//931 1055//931
f 1078//931 1079//931 1080//931
f 1080//931 1079//931 1081//931
f 1080//931 1081//931 1071//931
f 1071//931 1081//931 1082//931
f 1071//931 1082//931 1072//931
f 1083//931 1084//931 1085//931
f 1085//931 1084//931 1086//931
f 1085//931 1086//931 1087//931
f 1088//931 1089//931 1090//931
f 1090//931 1089//931 1091//931
f 1090//931 1091//931 1092//931
f 1086//931 1093//931 1087//931
f 1087//931 1093//931 1094//931
f 1087//931 1094//931 1095//931
f 1095//931 1094//931 1096//931
f 1095//931 1096//931 1097//931
f 1097//931 1096//931 1098//931
f 1097//931 1098//931 1064//931
f 1064//931 1098//931 1099//931
f 1064//931 1099//931 1065//931
f 1057//931 1100//931 1058//931
f 1058//931 1100//931 1101//931
f 1058//931 1101//931 1102//931
f 1102//931 1101//931 1103//931
f 1102//931 1103//931 1104//931
f 1104//931 1103//931 1105//931
f 1104//931 1105//931 1083//931
f 1083//931 1105//931 1106//931
f 1083//931 1106//931 1084//931
f 1107//931 1108//931 1109//931
f 1109//931 1108//931 1110//931
f 1109//931 1110//931 1111//931
f 1111//931 1110//931 1112//931
f 1111//931 1112//931 1078//931
f 1078//931 1112//931 1113//931
f 1078//931 1113//931 1079//931
f 1091//931 1114//931 1092//931
f 1092//931 1114//931 1115//931
f 1092//931 1115//931 1116//931
f 1116//931 1115//931 1117//931
f 1116//931 1117//931 1118//931
f 1118//931 1117//931 1119//931
f 1118//931 1119//931 1107//931
f 1107//931 1119//931 1120//931
f 1107//931 1120//931 1108//931
f 1121//931 1122//931 1123//931
f 1123//931 1122//931 1124//931
f 1123//931 1124//931 1125//931
f 1125//931 1124//931 1126//931
f 1125//931 1126//931 1088//931
f 1088//931 1126//931 1127//931
f 1088//931 1127//931 1089//931
f 1128//931 1129//931 1130//931
f 1130//931 1129//931 1131//931
f 1130//931 1131//931 1121//931
f 1121//931 1131//931 1132//931
f 1121//931 1132//931 1122//931
f 1062//931 1133//931 1063//931
f 1063//931 1133//931 1134//931
f 1063//931 1134//931 1135//931
f 1135//931 1134//931 1136//931
f 1135//931 1136//931 1137//931
f 1137//931 1136//931 1138//931
f 1137//931 1138//931 1128//931
f 1128//931 1138//931 1139//931
f 1128//931 1139//931 1129//931
f 1140//932 351//932 350//932
f 1141//933 634//933 698//933
f 647//934 646//934 1142//934
f 1143//935 1144//935 1145//935
f 1145//936 1144//936 1146//936
f 356//937 1147//937 357//937
f 357//938 1147//938 1148//938
f 357//939 1148//939 1149//939
f 1140//940 350//940 1150//940
f 1151//941 1152//941 1153//941
f 1153//942 1152//942 1154//942
f 1153//943 1154//943 1155//943
f 1150//944 350//944 1155//944
f 1155//945 350//945 365//945
f 1155//946 365//946 1153//946
f 1153//947 365//947 364//947
f 1153//948 364//948 1156//948
f 1156//949 364//949 360//949
f 1156//950 360//950 1157//950
f 1157//951 360//951 359//951
f 1157//952 359//952 1158//952
f 1158//953 359//953 363//953
f 1158//954 363//954 1159//954
f 1159//955 363//955 362//955
f 1159//956 362//956 1160//956
f 1160//957 362//957 361//957
f 1160//958 361//958 1161//958
f 1161//959 361//959 355//959
f 1161//960 355//960 1162//960
f 1162//961 705//961 1161//961
f 1161//962 705//962 638//962
f 1161//963 638//963 1160//963
f 1160//964 638//964 640//964
f 1160//965 640//965 1159//965
f 1159//966 640//966 641//966
f 1159//967 641//967 1158//967
f 1158//968 641//968 644//968
f 1158//969 644//969 1157//969
f 1157//970 644//970 643//970
f 1157//971 643//971 1156//971
f 1156//972 643//972 647//972
f 1156//973 647//973 1153//973
f 1153//974 647//974 1142//974
f 1153//975 1142//975 1151//975
f 637//976 707//976 1162//976
f 1162//977 707//977 706//977
f 1162//978 706//978 705//978
f 1163//979 354//979 358//979
f 1163//980 358//980 1164//980
f 1164//981 358//981 357//981
f 1164//982 357//982 1145//982
f 1145//983 357//983 1149//983
f 1145//984 1149//984 1143//984
f 355//985 354//985 1162//985
f 1162//986 354//986 1163//986
f 1162//987 1163//987 637//987
f 637//988 1163//988 1164//988
f 637//989 1164//989 635//989
f 635//990 1164//990 1145//990
f 635//991 1145//991 698//991
f 698//992 1145//992 1146//992
f 698//993 1146//993 1141//993
f 1165//994 380//994 379//994
f 1166//995 1167//995 1168//995
f 1168//996 1167//996 1169//996
f 884//997 883//997 1166//997
f 1170//998 1171//998 1172//998
f 1172//999 1171//999 1173//999
f 373//1000 372//1000 1174//1000
f 1165//1001 379//1001 1169//1001
f 1169//1002 379//1002 378//1002
f 1169//1003 378//1003 1168//1003
f 1168//1004 378//1004 375//1004
f 1168//1005 375//1005 1175//1005
f 1175//1006 375//1006 374//1006
f 1175//1007 374//1007 1176//1007
f 1176//1008 374//1008 384//1008
f 1176//1009 384//1009 1177//1009
f 1177//1010 384//1010 383//1010
f 1177//1011 383//1011 1178//1011
f 1178//1012 383//1012 377//1012
f 1178//1013 377//1013 1179//1013
f 1179//1014 377//1014 376//1014
f 1179//1015 376//1015 1180//1015
f 1180//1016 376//1016 387//1016
f 1180//1017 387//1017 1181//1017
f 1181//1018 387//1018 386//1018
f 1181//1019 386//1019 1182//1019
f 1182//1020 386//1020 382//1020
f 1182//1021 382//1021 1183//1021
f 1183//1022 382//1022 381//1022
f 1183//1023 381//1023 1184//1023
f 1184//1024 381//1024 385//1024
f 1184//1025 385//1025 1185//1025
f 1185//1026 385//1026 373//1026
f 1185//1027 373//1027 1172//1027
f 1172//1028 373//1028 1174//1028
f 1172//1029 1174//1029 1170//1029
f 1166//1030 1168//1030 884//1030
f 884//1031 1168//1031 1175//1031
f 884//1032 1175//1032 885//1032
f 885//1033 1175//1033 1176//1033
f 885//1034 1176//1034 839//1034
f 839//1035 1176//1035 1177//1035
f 839//1036 1177//1036 840//1036
f 840//1037 1177//1037 1178//1037
f 840//1038 1178//1038 880//1038
f 880//1039 1178//1039 1179//1039
f 880//1040 1179//1040 881//1040
f 881//1041 1179//1041 1180//1041
f 881//1042 1180//1042 882//1042
f 882//1043 1180//1043 1181//1043
f 882//1044 1181//1044 878//1044
f 878//1045 1181//1045 1182//1045
f 878//1046 1182//1046 879//1046
f 879//1047 1182//1047 1183//1047
f 879//1048 1183//1048 949//1048
f 949//1049 1183//1049 1184//1049
f 949//1050 1184//1050 842//1050
f 842//1051 1184//1051 1185//1051
f 842//1052 1185//1052 843//1052
f 843//1053 1185//1053 1172//1053
f 843//1054 1172//1054 871//1054
f 871//1055 1172//1055 1173//1055
f 871//1056 1173//1056 876//1056
f 1186//1057 504//1057 499//1057
f 1187//1058 342//1058 341//1058
f 1188//1059 1189//1059 1190//1059
f 1190//1060 1189//1060 1191//1060
f 512//1061 511//1061 1188//1061
f 335//1062 334//1062 1192//1062
f 1187//1063 341//1063 1191//1063
f 1191//1064 341//1064 340//1064
f 1191//1065 340//1065 1190//1065
f 1190//1066 340//1066 337//1066
f 1190//1067 337//1067 1193//1067
f 1193//1068 337//1068 336//1068
f 1193//1069 336//1069 1194//1069
f 1194//1070 336//1070 346//1070
f 1194//1071 346//1071 1195//1071
f 1195//1072 346//1072 345//1072
f 1195//1073 345//1073 1196//1073
f 1196//1074 345//1074 339//1074
f 1196//1075 339//1075 1197//1075
f 1197//1076 339//1076 338//1076
f 1197//1077 338//1077 1198//1077
f 1198//1078 338//1078 349//1078
f 1198//1079 349//1079 1199//1079
f 1199//1080 349//1080 348//1080
f 1199//1081 348//1081 1200//1081
f 1200//1081 348//1081 344//1081
f 1200//1082 344//1082 1201//1082
f 1201//1083 344//1083 343//1083
f 1201//1084 343//1084 1202//1084
f 1202//1085 343//1085 347//1085
f 1202//1086 347//1086 1203//1086
f 1203//1087 347//1087 335//1087
f 1203//1088 335//1088 1204//1088
f 1204//1089 335//1089 1192//1089
f 1204//1090 1192//1090 1205//1090
f 1188//1091 1190//1091 512//1091
f 512//1092 1190//1092 1193//1092
f 512//1093 1193//1093 513//1093
f 513//1094 1193//1094 1194//1094
f 513//1095 1194//1095 465//1095
f 465//1096 1194//1096 1195//1096
f 465//1097 1195//1097 466//1097
f 466//1098 1195//1098 1196//1098
f 466//1099 1196//1099 508//1099
f 508//1100 1196//1100 1197//1100
f 508//1101 1197//1101 509//1101
f 509//1102 1197//1102 1198//1102
f 509//1103 1198//1103 510//1103
f 510//1104 1198//1104 1199//1104
f 510//1105 1199//1105 506//1105
f 506//1106 1199//1106 1200//1106
f 506//1107 1200//1107 507//1107
f 507//1108 1200//1108 1201//1108
f 507//1109 1201//1109 577//1109
f 577//1110 1201//1110 1202//1110
f 577//1111 1202//1111 468//1111
f 468//1112 1202//1112 1203//1112
f 468//1113 1203//1113 469//1113
f 469//1114 1203//1114 1204//1114
f 469//1115 1204//1115 499//1115
f 499//1116 1204//1116 1205//1116
f 499//1117 1205//1117 1186//1117
f 1206//1118 767//1118 814//1118
f 1207//1119 313//1119 312//1119
f 1207//1120 312//1120 1208//1120
f 1209//1121 1210//1121 1211//1121
f 1211//1122 1210//1122 1212//1122
f 1211//1123 1212//1123 1213//1123
f 737//1124 736//1124 1214//1124
f 1215//1125 1216//1125 1217//1125
f 1217//1126 1216//1126 1218//1126
f 318//1127 1219//1127 319//1127
f 319//1128 1219//1128 1220//1128
f 319//1129 1220//1129 1221//1129
f 1208//1130 312//1130 1213//1130
f 1213//1131 312//1131 327//1131
f 1213//1132 327//1132 1211//1132
f 1211//1133 327//1133 326//1133
f 1211//1134 326//1134 1222//1134
f 1222//1135 326//1135 322//1135
f 1222//1136 322//1136 1223//1136
f 1223//1137 322//1137 321//1137
f 1223//1138 321//1138 1224//1138
f 1224//1139 321//1139 325//1139
f 1224//1140 325//1140 1225//1140
f 1225//1141 325//1141 324//1141
f 1225//1142 324//1142 1226//1142
f 1226//1143 324//1143 323//1143
f 1226//1144 323//1144 1227//1144
f 1227//1145 323//1145 317//1145
f 1227//1146 317//1146 1228//1146
f 1228//1147 821//1147 1227//1147
f 1227//1148 821//1148 771//1148
f 1227//1149 771//1149 1226//1149
f 1226//1150 771//1150 773//1150
f 1226//1151 773//1151 1225//1151
f 1225//1152 773//1152 774//1152
f 1225//1153 774//1153 1224//1153
f 1224//1154 774//1154 776//1154
f 1224//1155 776//1155 1223//1155
f 1223//1156 776//1156 775//1156
f 1223//1157 775//1157 1222//1157
f 1222//1158 775//1158 737//1158
f 1222//1159 737//1159 1211//1159
f 1211//1160 737//1160 1214//1160
f 1211//1161 1214//1161 1209//1161
f 770//1162 823//1162 1228//1162
f 1228//1163 823//1163 822//1163
f 1228//1164 822//1164 821//1164
f 1229//1165 316//1165 320//1165
f 1229//1166 320//1166 1230//1166
f 1230//1167 320//1167 319//1167
f 1230//1168 319//1168 1217//1168
f 1217//1129 319//1129 1221//1129
f 1217//1169 1221//1169 1215//1169
f 317//1170 316//1170 1228//1170
f 1228//1171 316//1171 1229//1171
f 1228//1172 1229//1172 770//1172
f 770//1173 1229//1173 1230//1173
f 770//1174 1230//1174 768//1174
f 768//1175 1230//1175 1217//1175
f 768//1176 1217//1176 814//1176
f 814//1177 1217//1177 1218//1177
f 814//1178 1218//1178 1206//1178
f 502//1179 503//1179 1231//1179
f 474//1180 471//1180 1232//1180
f 613//1181 670//1181 1233//1181
f 655//1182 654//1182 1234//1182
f 562//1183 492//1183 1235//1183
f 1236//1184 659//1184 486//1184
f 1236//1185 486//1185 1237//1185
f 1238//1186 1237//1186 486//1186
f 1239//1187 1238//1187 486//1187
f 1240//1188 1239//1188 486//1188
f 1241//1189 1240//1189 486//1189
f 1242//1190 1241//1190 486//1190
f 488//1191 1242//1191 486//1191
f 654//1192 659//1192 1234//1192
f 1234//1193 659//1193 1236//1193
f 1234//1194 1236//1194 1243//1194
f 1243//1195 1236//1195 1237//1195
f 1243//1196 1237//1196 1244//1196
f 1244//1197 1237//1197 1238//1197
f 1244//1198 1238//1198 1245//1198
f 1245//1199 1238//1199 1239//1199
f 1245//1200 1239//1200 1246//1200
f 1246//1201 1239//1201 1240//1201
f 1246//1202 1240//1202 1247//1202
f 1247//1203 1240//1203 1241//1203
f 1247//1204 1241//1204 1248//1204
f 1248//1205 1241//1205 1242//1205
f 1248//1206 1242//1206 489//1206
f 489//1207 1242//1207 488//1207
f 670//1208 655//1208 1233//1208
f 1233//1209 655//1209 1234//1209
f 1233//1210 1234//1210 1249//1210
f 1249//1211 1234//1211 1243//1211
f 1249//1212 1243//1212 1250//1212
f 1250//1213 1243//1213 1244//1213
f 1250//1214 1244//1214 1251//1214
f 1251//1215 1244//1215 1245//1215
f 1251//1216 1245//1216 1252//1216
f 1252//1217 1245//1217 1246//1217
f 1252//1218 1246//1218 1253//1218
f 1253//1219 1246//1219 1247//1219
f 1253//1220 1247//1220 1235//1220
f 1235//1221 1247//1221 1248//1221
f 1235//1222 1248//1222 562//1222
f 562//1223 1248//1223 489//1223
f 491//1224 496//1224 1254//1224
f 1254//1225 496//1225 495//1225
f 1254//1226 495//1226 493//1226
f 1255//1227 709//1227 614//1227
f 614//1228 613//1228 1255//1228
f 1255//1229 613//1229 1233//1229
f 1255//1230 1233//1230 1256//1230
f 1256//1231 1233//1231 1249//1231
f 1256//1232 1249//1232 1257//1232
f 1257//1233 1249//1233 1250//1233
f 1257//1234 1250//1234 1258//1234
f 1258//1235 1250//1235 1251//1235
f 1258//1236 1251//1236 1259//1236
f 1259//1237 1251//1237 1252//1237
f 1259//1238 1252//1238 1260//1238
f 1260//1239 1252//1239 1253//1239
f 1260//1240 1253//1240 1254//1240
f 1254//1241 1253//1241 1235//1241
f 1254//1242 1235//1242 491//1242
f 491//1243 1235//1243 492//1243
f 708//1244 709//1244 1261//1244
f 1261//1245 709//1245 1255//1245
f 1261//1246 1255//1246 1262//1246
f 1262//1247 1255//1247 1256//1247
f 1262//1248 1256//1248 1263//1248
f 1263//1249 1256//1249 1257//1249
f 1263//1250 1257//1250 1264//1250
f 1264//1251 1257//1251 1258//1251
f 1264//1252 1258//1252 1265//1252
f 1265//1253 1258//1253 1259//1253
f 1265//1254 1259//1254 1266//1254
f 1266//1255 1259//1255 1260//1255
f 1266//1256 1260//1256 1232//1256
f 1232//1257 1260//1257 1254//1257
f 1232//1258 1254//1258 474//1258
f 474//1259 1254//1259 493//1259
f 471//1260 473//1260 1232//1260
f 1232//1261 473//1261 1267//1261
f 1232//1262 1267//1262 1266//1262
f 1266//1263 1267//1263 1268//1263
f 1266//1264 1268//1264 1265//1264
f 1265//1265 1268//1265 1269//1265
f 1265//1266 1269//1266 1264//1266
f 1264//1267 1269//1267 1270//1267
f 1264//1268 1270//1268 1263//1268
f 1263//1269 1270//1269 1271//1269
f 1263//1270 1271//1270 1262//1270
f 1262//1271 1271//1271 1272//1271
f 1262//1272 1272//1272 1261//1272
f 1261//1273 1272//1273 1273//1273
f 1261//1274 1273//1274 708//1274
f 1274//1275 646//1275 645//1275
f 652//1276 650//1276 1273//1276
f 1273//1277 650//1277 649//1277
f 1273//1278 649//1278 708//1278
f 645//1279 652//1279 1274//1279
f 1274//1280 652//1280 1273//1280
f 1274//1281 1273//1281 1275//1281
f 1275//1282 1273//1282 1272//1282
f 1275//1283 1272//1283 1276//1283
f 1276//1284 1272//1284 1271//1284
f 1276//1285 1271//1285 1277//1285
f 1277//1286 1271//1286 1270//1286
f 1277//1287 1270//1287 1278//1287
f 1278//1288 1270//1288 1269//1288
f 1278//1289 1269//1289 1279//1289
f 1279//1290 1269//1290 1268//1290
f 1279//1291 1268//1291 1231//1291
f 1231//1292 1268//1292 1267//1292
f 1231//1293 1267//1293 502//1293
f 502//1294 1267//1294 473//1294
f 1142//1295 646//1295 1280//1295
f 1280//1296 646//1296 1274//1296
f 1280//1297 1274//1297 1281//1297
f 1281//1298 1274//1298 1282//1298
f 1282//1299 1274//1299 1275//1299
f 1282//1300 1275//1300 1283//1300
f 1283//1301 1275//1301 1284//1301
f 1284//1302 1275//1302 1276//1302
f 1284//1303 1276//1303 1285//1303
f 1285//1304 1276//1304 1286//1304
f 1286//1305 1276//1305 1277//1305
f 1286//1306 1277//1306 1287//1306
f 1287//1307 1277//1307 1288//1307
f 1288//1308 1277//1308 1278//1308
f 1288//1309 1278//1309 1289//1309
f 1289//1310 1278//1310 1290//1310
f 1290//1311 1278//1311 1279//1311
f 1290//1312 1279//1312 1291//1312
f 1291//1313 1279//1313 1292//1313
f 1292//1314 1279//1314 1231//1314
f 1292//1315 1231//1315 1293//1315
f 1293//1316 1231//1316 1294//1316
f 1294//1317 1231//1317 503//1317
f 1294//1318 503//1318 504//1318
f 331//1319 329//1319 427//1319
f 331//1319 427//1319 1295//1319
f 1295//1320 427//1320 428//1320
f 1295//1320 428//1320 1296//1320
f 1296//1321 428//1321 406//1321
f 1296//1321 406//1321 1297//1321
f 1297//1322 406//1322 405//1322
f 1297//1322 405//1322 1298//1322
f 1298//1323 405//1323 397//1323
f 1298//1323 397//1323 1299//1323
f 1299//1324 397//1324 395//1324
f 1299//1324 395//1324 1300//1324
f 1300//1325 395//1325 394//1325
f 1300//1325 394//1325 1301//1325
f 1301//1326 394//1326 398//1326
f 1301//1326 398//1326 1302//1326
f 1302//1327 398//1327 352//1327
f 1302//1327 352//1327 351//1327
f 1303//1328 1151//1328 1142//1328
f 504//1329 1186//1329 1294//1329
f 1294//1330 1186//1330 1304//1330
f 1294//1331 1304//1331 1293//1331
f 1293//1332 1304//1332 1305//1332
f 1306//1333 1291//1333 1305//1333
f 1305//1334 1291//1334 1292//1334
f 1305//1335 1292//1335 1293//1335
f 1307//1336 1289//1336 1306//1336
f 1306//1337 1289//1337 1290//1337
f 1306//1338 1290//1338 1291//1338
f 1308//1339 1287//1339 1307//1339
f 1307//1340 1287//1340 1288//1340
f 1307//1341 1288//1341 1289//1341
f 1309//1342 1285//1342 1308//1342
f 1308//1343 1285//1343 1286//1343
f 1308//1344 1286//1344 1287//1344
f 1310//1345 1283//1345 1309//1345
f 1309//1346 1283//1346 1284//1346
f 1309//1347 1284//1347 1285//1347
f 1142//1348 1280//1348 1303//1348
f 1303//1349 1280//1349 1281//1349
f 1303//1350 1281//1350 1310//1350
f 1310//1351 1281//1351 1282//1351
f 1310//1352 1282//1352 1283//1352
f 1186//1353 1205//1353 1304//1353
f 1304//1354 1205//1354 1311//1354
f 1304//1355 1311//1355 1305//1355
f 1305//1356 1311//1356 1312//1356
f 1305//1357 1312//1357 1306//1357
f 1306//1358 1312//1358 1313//1358
f 1306//1359 1313//1359 1307//1359
f 1307//1360 1313//1360 1314//1360
f 1307//1361 1314//1361 1308//1361
f 1308//1362 1314//1362 1315//1362
f 1308//1363 1315//1363 1309//1363
f 1309//1364 1315//1364 1316//1364
f 1309//1365 1316//1365 1310//1365
f 1310//1366 1316//1366 1317//1366
f 1310//1367 1317//1367 1303//1367
f 1303//1368 1317//1368 1318//1368
f 1303//1369 1318//1369 1151//1369
f 1155//1370 1154//1370 1318//1370
f 1318//1371 1154//1371 1152//1371
f 1318//1372 1152//1372 1151//1372
f 1319//1373 1320//1373 1321//1373
f 1321//1374 1320//1374 1322//1374
f 1321//1375 1322//1375 1323//1375
f 1323//1376 1322//1376 1324//1376
f 1323//1377 1324//1377 1325//1377
f 1325//1378 1324//1378 1326//1378
f 1325//1379 1326//1379 1327//1379
f 1327//1380 1326//1380 1328//1380
f 1327//1381 1328//1381 1329//1381
f 1329//1382 1328//1382 1330//1382
f 1329//1383 1330//1383 1331//1383
f 1331//1384 1330//1384 1332//1384
f 1331//1385 1332//1385 1333//1385
f 1333//1386 1332//1386 1334//1386
f 1333//1387 1334//1387 334//1387
f 334//1388 1334//1388 1192//1388
f 1205//1389 1192//1389 1311//1389
f 1311//1390 1192//1390 1334//1390
f 1311//1391 1334//1391 1312//1391
f 1312//1392 1334//1392 1332//1392
f 1312//1393 1332//1393 1313//1393
f 1313//1394 1332//1394 1330//1394
f 1313//1395 1330//1395 1314//1395
f 1314//1396 1330//1396 1328//1396
f 1314//1397 1328//1397 1315//1397
f 1315//1398 1328//1398 1326//1398
f 1315//1399 1326//1399 1316//1399
f 1316//1400 1326//1400 1324//1400
f 1316//1401 1324//1401 1317//1401
f 1317//1402 1324//1402 1322//1402
f 1317//1403 1322//1403 1318//1403
f 1318//1404 1322//1404 1320//1404
f 1318//1405 1320//1405 1155//1405
f 1155//1406 1320//1406 1319//1406
f 1155//1407 1319//1407 1150//1407
f 333//1408 331//1408 1335//1408
f 1335//1409 331//1409 1295//1409
f 1335//1410 1295//1410 1336//1410
f 1336//1411 1295//1411 1296//1411
f 1336//1412 1296//1412 1337//1412
f 1337//1413 1296//1413 1297//1413
f 1337//1414 1297//1414 1338//1414
f 1338//1415 1297//1415 1298//1415
f 1338//1416 1298//1416 1339//1416
f 1339//1417 1298//1417 1299//1417
f 1339//1418 1299//1418 1340//1418
f 1340//1419 1299//1419 1300//1419
f 1340//1420 1300//1420 1341//1420
f 1341//1421 1300//1421 1301//1421
f 1341//1422 1301//1422 1342//1422
f 1342//1423 1301//1423 1302//1423
f 1342//1424 1302//1424 1140//1424
f 1140//1425 1302//1425 351//1425
f 334//1426 333//1426 1333//1426
f 1333//1427 333//1427 1335//1427
f 1333//1428 1335//1428 1331//1428
f 1331//1429 1335//1429 1336//1429
f 1331//1430 1336//1430 1329//1430
f 1329//1431 1336//1431 1337//1431
f 1329//1432 1337//1432 1327//1432
f 1327//1433 1337//1433 1338//1433
f 1327//1434 1338//1434 1325//1434
f 1325//1435 1338//1435 1339//1435
f 1325//1436 1339//1436 1323//1436
f 1323//1437 1339//1437 1340//1437
f 1323//1438 1340//1438 1321//1438
f 1321//1439 1340//1439 1341//1439
f 1321//1440 1341//1440 1319//1440
f 1319//1441 1341//1441 1342//1441
f 1319//1442 1342//1442 1150//1442
f 1150//1443 1342//1443 1140//1443
f 480//1444 582//1444 1343//1444
f 765//1445 767//1445 1344//1445
f 514//1446 483//1446 1345//1446
f 1346//1447 484//1447 485//1447
f 1346//1448 485//1448 1347//1448
f 1348//1449 1347//1449 485//1449
f 1349//1450 1348//1450 485//1450
f 1350//1451 1349//1451 485//1451
f 1351//1452 1350//1452 485//1452
f 1352//1453 1351//1453 485//1453
f 754//1454 1352//1454 485//1454
f 483//1455 484//1455 1345//1455
f 1345//1456 484//1456 1346//1456
f 1345//1457 1346//1457 1353//1457
f 1353//1458 1346//1458 1347//1458
f 1353//1459 1347//1459 1354//1459
f 1354//1460 1347//1460 1348//1460
f 1354//1461 1348//1461 1355//1461
f 1355//1462 1348//1462 1349//1462
f 1355//1463 1349//1463 1356//1463
f 1356//1464 1349//1464 1350//1464
f 1356//1465 1350//1465 1357//1465
f 1357//1466 1350//1466 1351//1466
f 1357//1467 1351//1467 1358//1467
f 1358//1468 1351//1468 1352//1468
f 1358//1469 1352//1469 755//1469
f 755//1470 1352//1470 754//1470
f 755//1471 758//1471 1358//1471
f 1358//1472 758//1472 1359//1472
f 1358//1473 1359//1473 1357//1473
f 1357//1474 1359//1474 1360//1474
f 1357//1475 1360//1475 1356//1475
f 1356//1476 1360//1476 1361//1476
f 1356//1477 1361//1477 1355//1477
f 1355//1478 1361//1478 1362//1478
f 1355//1479 1362//1479 1354//1479
f 1354//1480 1362//1480 1363//1480
f 1354//1481 1363//1481 1353//1481
f 1353//1482 1363//1482 1364//1482
f 1353//1483 1364//1483 1345//1483
f 1345//1484 1364//1484 1365//1484
f 1345//1485 1365//1485 514//1485
f 757//1486 761//1486 1366//1486
f 1366//1487 761//1487 760//1487
f 476//1488 597//1488 1365//1488
f 1365//1489 597//1489 515//1489
f 1365//1490 515//1490 514//1490
f 590//1491 586//1491 1367//1491
f 1367//1492 586//1492 477//1492
f 477//1493 476//1493 1367//1493
f 1367//1494 476//1494 1365//1494
f 1367//1495 1365//1495 1368//1495
f 1368//1496 1365//1496 1364//1496
f 1368//1497 1364//1497 1369//1497
f 1369//1498 1364//1498 1363//1498
f 1369//1499 1363//1499 1370//1499
f 1370//1500 1363//1500 1362//1500
f 1370//1501 1362//1501 1371//1501
f 1371//1502 1362//1502 1361//1502
f 1371//1503 1361//1503 1372//1503
f 1372//1504 1361//1504 1360//1504
f 1372//1505 1360//1505 1366//1505
f 1366//1506 1360//1506 1359//1506
f 1366//1507 1359//1507 757//1507
f 757//1508 1359//1508 758//1508
f 591//1509 590//1509 1373//1509
f 1373//1510 590//1510 1367//1510
f 1373//1511 1367//1511 1374//1511
f 1374//1512 1367//1512 1368//1512
f 1374//1513 1368//1513 1375//1513
f 1375//1514 1368//1514 1369//1514
f 1375//1515 1369//1515 1376//1515
f 1376//1516 1369//1516 1370//1516
f 1376//1517 1370//1517 1377//1517
f 1377//1518 1370//1518 1371//1518
f 1377//1519 1371//1519 1378//1519
f 1378//1520 1371//1520 1372//1520
f 1378//1521 1372//1521 1379//1521
f 1379//1522 1372//1522 1366//1522
f 582//1523 591//1523 1343//1523
f 1343//1524 591//1524 1373//1524
f 1343//1525 1373//1525 1380//1525
f 1380//1526 1373//1526 1374//1526
f 1380//1527 1374//1527 1381//1527
f 1381//1528 1374//1528 1375//1528
f 1381//1529 1375//1529 1382//1529
f 1382//1530 1375//1530 1376//1530
f 1382//1531 1376//1531 1383//1531
f 1383//1532 1376//1532 1377//1532
f 1383//1533 1377//1533 1384//1533
f 1384//1534 1377//1534 1378//1534
f 1384//1535 1378//1535 1385//1535
f 1385//1536 1378//1536 1379//1536
f 765//1537 1344//1537 763//1537
f 482//1538 480//1538 1386//1538
f 1386//1539 480//1539 1343//1539
f 1386//1540 1343//1540 1387//1540
f 1387//1541 1343//1541 1380//1541
f 1387//1542 1380//1542 1388//1542
f 1388//1543 1380//1543 1381//1543
f 1388//1544 1381//1544 1389//1544
f 1389//1545 1381//1545 1382//1545
f 1389//1546 1382//1546 1390//1546
f 1390//1547 1382//1547 1383//1547
f 1390//1548 1383//1548 1391//1548
f 1391//1549 1383//1549 1384//1549
f 1391//1550 1384//1550 1344//1550
f 1344//1551 1384//1551 1385//1551
f 1344//1552 1385//1552 763//1552
f 763//1553 1385//1553 1379//1553
f 763//1554 1379//1554 729//1554
f 729//1555 1379//1555 1366//1555
f 729//1556 1366//1556 762//1556
f 762//1557 1366//1557 760//1557
f 767//1558 1206//1558 1392//1558
f 1393//1559 1391//1559 1344//1559
f 767//1560 1392//1560 1344//1560
f 1344//1561 1392//1561 1394//1561
f 1344//1562 1394//1562 1393//1562
f 1395//1563 1389//1563 1390//1563
f 1393//1564 1396//1564 1391//1564
f 1391//1565 1396//1565 1397//1565
f 1391//1566 1397//1566 1390//1566
f 1390//1567 1397//1567 1398//1567
f 1390//1568 1398//1568 1395//1568
f 1395//1569 1399//1569 1389//1569
f 1389//1570 1399//1570 1400//1570
f 1389//1571 1400//1571 1388//1571
f 1400//1572 1401//1572 1388//1572
f 1388//1573 1401//1573 1402//1573
f 1388//1574 1402//1574 1387//1574
f 1402//1575 1403//1575 1387//1575
f 1387//1576 1403//1576 1404//1576
f 1387//1577 1404//1577 1386//1577
f 511//1578 482//1578 1405//1578
f 1405//1579 482//1579 1386//1579
f 1405//1580 1386//1580 1406//1580
f 1406//1581 1386//1581 1404//1581
f 1215//1582 1221//1582 1407//1582
f 1189//1583 1188//1583 1408//1583
f 1408//1584 1188//1584 511//1584
f 1206//1585 1218//1585 1392//1585
f 1392//1586 1218//1586 1409//1586
f 1392//1587 1409//1587 1394//1587
f 1394//1588 1409//1588 1410//1588
f 1411//1589 1396//1589 1410//1589
f 1410//1590 1396//1590 1393//1590
f 1410//1591 1393//1591 1394//1591
f 1412//1592 1398//1592 1411//1592
f 1411//1593 1398//1593 1397//1593
f 1411//1594 1397//1594 1396//1594
f 1413//1595 1399//1595 1412//1595
f 1412//1596 1399//1596 1395//1596
f 1412//1597 1395//1597 1398//1597
f 1414//1598 1401//1598 1413//1598
f 1413//1599 1401//1599 1400//1599
f 1413//1600 1400//1600 1399//1600
f 1415//1601 1403//1601 1414//1601
f 1414//1602 1403//1602 1402//1602
f 1414//1603 1402//1603 1401//1603
f 511//1604 1405//1604 1408//1604
f 1408//1605 1405//1605 1406//1605
f 1408//1606 1406//1606 1415//1606
f 1415//1607 1406//1607 1404//1607
f 1415//1608 1404//1608 1403//1608
f 1191//1609 1189//1609 1416//1609
f 1416//1610 1189//1610 1408//1610
f 1416//1611 1408//1611 1417//1611
f 1417//1612 1408//1612 1415//1612
f 1417//1613 1415//1613 1418//1613
f 1418//1614 1415//1614 1414//1614
f 1418//1615 1414//1615 1419//1615
f 1419//1616 1414//1616 1413//1616
f 1419//1617 1413//1617 1420//1617
f 1420//1618 1413//1618 1412//1618
f 1420//1619 1412//1619 1421//1619
f 1421//1620 1412//1620 1411//1620
f 1421//1621 1411//1621 1422//1621
f 1422//1622 1411//1622 1410//1622
f 1422//1623 1410//1623 1423//1623
f 1423//1624 1410//1624 1409//1624
f 1423//1625 1409//1625 1216//1625
f 1216//1626 1409//1626 1218//1626
f 1187//1627 1191//1627 1424//1627
f 1424//1628 1191//1628 1416//1628
f 1424//1629 1416//1629 1425//1629
f 1425//1630 1416//1630 1417//1630
f 1425//1631 1417//1631 1426//1631
f 1426//1632 1417//1632 1418//1632
f 1426//1633 1418//1633 1427//1633
f 1427//1634 1418//1634 1419//1634
f 1427//1635 1419//1635 1428//1635
f 1428//1636 1419//1636 1420//1636
f 1428//1637 1420//1637 1429//1637
f 1429//1638 1420//1638 1421//1638
f 1429//1639 1421//1639 1430//1639
f 1430//1640 1421//1640 1422//1640
f 1430//1641 1422//1641 1407//1641
f 1407//1642 1422//1642 1423//1642
f 1407//1643 1423//1643 1215//1643
f 1215//1644 1423//1644 1216//1644
f 342//1645 1187//1645 1431//1645
f 1431//1646 1187//1646 1424//1646
f 1431//1647 1424//1647 1432//1647
f 1432//1648 1424//1648 1425//1648
f 1432//1649 1425//1649 1433//1649
f 1433//1650 1425//1650 1426//1650
f 1433//1651 1426//1651 1434//1651
f 1434//1652 1426//1652 1427//1652
f 1434//1653 1427//1653 1435//1653
f 1435//1654 1427//1654 1428//1654
f 1435//1655 1428//1655 1436//1655
f 1436//1656 1428//1656 1429//1656
f 1436//1657 1429//1657 1437//1657
f 1437//1658 1429//1658 1430//1658
f 1437//1659 1430//1659 1438//1659
f 1438//1660 1430//1660 1407//1660
f 1438//1661 1407//1661 1220//1661
f 1220//1662 1407//1662 1221//1662
f 318//1663 315//1663 444//1663
f 318//1663 444//1663 1439//1663
f 1439//1664 444//1664 446//1664
f 1439//1664 446//1664 1440//1664
f 1440//1665 446//1665 455//1665
f 1440//1665 455//1665 1441//1665
f 1441//1666 455//1666 454//1666
f 1441//1666 454//1666 1442//1666
f 1442//1667 454//1667 450//1667
f 1442//1667 450//1667 1443//1667
f 1443//1668 450//1668 449//1668
f 1443//1668 449//1668 1444//1668
f 1444//1669 449//1669 448//1669
f 1444//1669 448//1669 1445//1669
f 1445//1670 448//1670 447//1670
f 1445//1670 447//1670 1446//1670
f 1446//1671 447//1671 328//1671
f 1446//1671 328//1671 330//1671
f 332//1672 342//1672 1447//1672
f 1447//1673 342//1673 1431//1673
f 1447//1674 1431//1674 1448//1674
f 1448//1675 1431//1675 1432//1675
f 1448//1676 1432//1676 1449//1676
f 1449//1677 1432//1677 1433//1677
f 1449//1678 1433//1678 1450//1678
f 1450//1679 1433//1679 1434//1679
f 1450//1680 1434//1680 1451//1680
f 1451//1681 1434//1681 1435//1681
f 1451//1682 1435//1682 1452//1682
f 1452//1683 1435//1683 1436//1683
f 1452//1684 1436//1684 1453//1684
f 1453//1685 1436//1685 1437//1685
f 1453//1686 1437//1686 1454//1686
f 1454//1687 1437//1687 1438//1687
f 1454//1688 1438//1688 1219//1688
f 1219//1689 1438//1689 1220//1689
f 330//1690 332//1690 1446//1690
f 1446//1691 332//1691 1447//1691
f 1446//1692 1447//1692 1445//1692
f 1445//1693 1447//1693 1448//1693
f 1445//1694 1448//1694 1444//1694
f 1444//1695 1448//1695 1449//1695
f 1444//1696 1449//1696 1443//1696
f 1443//1697 1449//1697 1450//1697
f 1443//1698 1450//1698 1442//1698
f 1442//1699 1450//1699 1451//1699
f 1442//1700 1451//1700 1441//1700
f 1441//1701 1451//1701 1452//1701
f 1441//1702 1452//1702 1440//1702
f 1440//1703 1452//1703 1453//1703
f 1440//1704 1453//1704 1439//1704
f 1439//1705 1453//1705 1454//1705
f 1439//1706 1454//1706 318//1706
f 318//1707 1454//1707 1219//1707
f 371//1708 370//1708 420//1708
f 371//1708 420//1708 1455//1708
f 1455//1709 420//1709 453//1709
f 1455//1709 453//1709 1456//1709
f 1456//1710 453//1710 452//1710
f 1456//1710 452//1710 1457//1710
f 1457//1711 452//1711 451//1711
f 1457//1711 451//1711 1458//1711
f 1458//1712 451//1712 432//1712
f 1458//1712 432//1712 1459//1712
f 1459//1713 432//1713 430//1713
f 1459//1713 430//1713 1460//1713
f 1460//1714 430//1714 429//1714
f 1460//1714 429//1714 1461//1714
f 1461//1715 429//1715 439//1715
f 1461//1715 439//1715 1462//1715
f 1462//1716 439//1716 314//1716
f 1462//1716 314//1716 313//1716
f 368//1717 371//1717 1463//1717
f 1463//1718 371//1718 1455//1718
f 1463//1719 1455//1719 1464//1719
f 1464//1720 1455//1720 1456//1720
f 1464//1721 1456//1721 1465//1721
f 1465//1722 1456//1722 1457//1722
f 1465//1723 1457//1723 1466//1723
f 1466//1724 1457//1724 1458//1724
f 1466//1725 1458//1725 1467//1725
f 1467//1726 1458//1726 1459//1726
f 1467//1727 1459//1727 1468//1727
f 1468//1728 1459//1728 1460//1728
f 1468//1729 1460//1729 1469//1729
f 1469//1730 1460//1730 1461//1730
f 1469//1731 1461//1731 1470//1731
f 1470//1732 1461//1732 1462//1732
f 1470//1733 1462//1733 1207//1733
f 1207//1734 1462//1734 313//1734
f 372//1735 368//1735 1471//1735
f 1471//1736 368//1736 1463//1736
f 1471//1737 1463//1737 1472//1737
f 1472//1738 1463//1738 1464//1738
f 1472//1739 1464//1739 1473//1739
f 1473//1740 1464//1740 1465//1740
f 1473//1741 1465//1741 1474//1741
f 1474//1742 1465//1742 1466//1742
f 1474//1743 1466//1743 1475//1743
f 1475//1744 1466//1744 1467//1744
f 1475//1745 1467//1745 1476//1745
f 1476//1746 1467//1746 1468//1746
f 1476//1747 1468//1747 1477//1747
f 1477//1748 1468//1748 1469//1748
f 1477//1749 1469//1749 1478//1749
f 1478//1750 1469//1750 1470//1750
f 1478//1751 1470//1751 1208//1751
f 1208//1752 1470//1752 1207//1752
f 874//1753 875//1753 1479//1753
f 848//1754 845//1754 1480//1754
f 732//1755 786//1755 1481//1755
f 746//1756 745//1756 1482//1756
f 934//1757 864//1757 1483//1757
f 1484//1758 750//1758 752//1758
f 1484//1759 752//1759 1485//1759
f 1486//1760 1485//1760 752//1760
f 1487//1761 1486//1761 752//1761
f 1488//1762 1487//1762 752//1762
f 1489//1763 1488//1763 752//1763
f 1490//1764 1489//1764 752//1764
f 860//1765 1490//1765 752//1765
f 745//1766 750//1766 1482//1766
f 1482//1767 750//1767 1484//1767
f 1482//1768 1484//1768 1491//1768
f 1491//1769 1484//1769 1485//1769
f 1491//1770 1485//1770 1492//1770
f 1492//1771 1485//1771 1486//1771
f 1492//1772 1486//1772 1493//1772
f 1493//1773 1486//1773 1487//1773
f 1493//1774 1487//1774 1494//1774
f 1494//1775 1487//1775 1488//1775
f 1494//1776 1488//1776 1495//1776
f 1495//1777 1488//1777 1489//1777
f 1495//1778 1489//1778 1496//1778
f 1496//1779 1489//1779 1490//1779
f 1496//1780 1490//1780 861//1780
f 861//1781 1490//1781 860//1781
f 786//1782 746//1782 1481//1782
f 1481//1783 746//1783 1482//1783
f 1481//1784 1482//1784 1497//1784
f 1497//1785 1482//1785 1491//1785
f 1497//1786 1491//1786 1498//1786
f 1498//1787 1491//1787 1492//1787
f 1498//1788 1492//1788 1499//1788
f 1499//1789 1492//1789 1493//1789
f 1499//1790 1493//1790 1500//1790
f 1500//1791 1493//1791 1494//1791
f 1500//1792 1494//1792 1501//1792
f 1501//1793 1494//1793 1495//1793
f 1501//1794 1495//1794 1483//1794
f 1483//1795 1495//1795 1496//1795
f 1483//1796 1496//1796 934//1796
f 934//1797 1496//1797 861//1797
f 863//1798 868//1798 1502//1798
f 1502//1799 868//1799 867//1799
f 1502//1800 867//1800 865//1800
f 1503//1801 825//1801 733//1801
f 733//1802 732//1802 1503//1802
f 1503//1803 732//1803 1481//1803
f 1503//1804 1481//1804 1504//1804
f 1504//1805 1481//1805 1497//1805
f 1504//1806 1497//1806 1505//1806
f 1505//1807 1497//1807 1498//1807
f 1505//1808 1498//1808 1506//1808
f 1506//1809 1498//1809 1499//1809
f 1506//1810 1499//1810 1507//1810
f 1507//1811 1499//1811 1500//1811
f 1507//1812 1500//1812 1508//1812
f 1508//1813 1500//1813 1501//1813
f 1508//1814 1501//1814 1502//1814
f 1502//1815 1501//1815 1483//1815
f 1502//1816 1483//1816 863//1816
f 863//1817 1483//1817 864//1817
f 824//1818 825//1818 1509//1818
f 1509//1819 825//1819 1503//1819
f 1509//1820 1503//1820 1510//1820
f 1510//1821 1503//1821 1504//1821
f 1510//1822 1504//1822 1511//1822
f 1511//1823 1504//1823 1505//1823
f 1511//1824 1505//1824 1512//1824
f 1512//1825 1505//1825 1506//1825
f 1512//1826 1506//1826 1513//1826
f 1513//1827 1506//1827 1507//1827
f 1513//1828 1507//1828 1514//1828
f 1514//1829 1507//1829 1508//1829
f 1514//1830 1508//1830 1480//1830
f 1480//1831 1508//1831 1502//1831
f 1480//1832 1502//1832 848//1832
f 848//1833 1502//1833 865//1833
f 845//1834 847//1834 1480//1834
f 1480//1835 847//1835 1515//1835
f 1480//1836 1515//1836 1514//1836
f 1514//1837 1515//1837 1516//1837
f 1514//1838 1516//1838 1513//1838
f 1513//1839 1516//1839 1517//1839
f 1513//1840 1517//1840 1512//1840
f 1512//1841 1517//1841 1518//1841
f 1512//1842 1518//1842 1511//1842
f 1511//1843 1518//1843 1519//1843
f 1511//1844 1519//1844 1510//1844
f 1510//1845 1519//1845 1520//1845
f 1510//1846 1520//1846 1509//1846
f 1509//1847 1520//1847 1521//1847
f 1509//1848 1521//1848 824//1848
f 1522//1849 736//1849 735//1849
f 743//1850 741//1850 1521//1850
f 1521//1851 741//1851 740//1851
f 1521//1852 740//1852 824//1852
f 735//1853 743//1853 1522//1853
f 1522//1854 743//1854 1521//1854
f 1522//1855 1521//1855 1523//1855
f 1523//1856 1521//1856 1520//1856
f 1523//1857 1520//1857 1524//1857
f 1524//1858 1520//1858 1519//1858
f 1524//1859 1519//1859 1525//1859
f 1525//1860 1519//1860 1518//1860
f 1525//1861 1518//1861 1526//1861
f 1526//1862 1518//1862 1517//1862
f 1526//1863 1517//1863 1527//1863
f 1527//1864 1517//1864 1516//1864
f 1527//1865 1516//1865 1479//1865
f 1479//1866 1516//1866 1515//1866
f 1479//1867 1515//1867 874//1867
f 874//1868 1515//1868 847//1868
f 1174//1869 372//1869 1528//1869
f 1528//1870 372//1870 1471//1870
f 1528//1871 1471//1871 1529//1871
f 1529//1872 1471//1872 1472//1872
f 1529//1873 1472//1873 1530//1873
f 1530//1874 1472//1874 1473//1874
f 1530//1875 1473//1875 1531//1875
f 1531//1876 1473//1876 1474//1876
f 1531//1877 1474//1877 1532//1877
f 1532//1878 1474//1878 1475//1878
f 1532//1879 1475//1879 1533//1879
f 1533//1880 1475//1880 1476//1880
f 1533//1881 1476//1881 1534//1881
f 1534//1882 1476//1882 1477//1882
f 1534//1883 1477//1883 1535//1883
f 1535//1884 1477//1884 1478//1884
f 1535//1885 1478//1885 1213//1885
f 1213//1886 1478//1886 1208//1886
f 1213//1887 1212//1887 1535//1887
f 1535//1888 1212//1888 1536//1888
f 1535//1889 1536//1889 1534//1889
f 1534//1890 1536//1890 1537//1890
f 1534//1891 1537//1891 1533//1891
f 1533//1892 1537//1892 1538//1892
f 1533//1893 1538//1893 1532//1893
f 1532//1894 1538//1894 1539//1894
f 1532//1895 1539//1895 1531//1895
f 1531//1896 1539//1896 1540//1896
f 1531//1897 1540//1897 1530//1897
f 1530//1898 1540//1898 1541//1898
f 1530//1899 1541//1899 1529//1899
f 1529//1900 1541//1900 1542//1900
f 1529//1901 1542//1901 1528//1901
f 1528//1902 1542//1902 1543//1902
f 1528//1903 1543//1903 1174//1903
f 1173//1904 1171//1904 1543//1904
f 1543//1905 1171//1905 1170//1905
f 1543//1906 1170//1906 1174//1906
f 1210//1907 1209//1907 1544//1907
f 1544//1908 1209//1908 1214//1908
f 1214//1909 1545//1909 1544//1909
f 1544//1910 1545//1910 1546//1910
f 1544//1911 1546//1911 1547//1911
f 1546//1912 1548//1912 1547//1912
f 1547//1913 1548//1913 1549//1913
f 1547//1914 1549//1914 1550//1914
f 1549//1915 1551//1915 1550//1915
f 1550//1916 1551//1916 1552//1916
f 1550//1917 1552//1917 1553//1917
f 1552//1918 1554//1918 1553//1918
f 1553//1919 1554//1919 1555//1919
f 1553//1920 1555//1920 1556//1920
f 1555//1921 1557//1921 1556//1921
f 1556//1922 1557//1922 1558//1922
f 1556//1923 1558//1923 1559//1923
f 1558//1924 1560//1924 1559//1924
f 1559//1925 1560//1925 1561//1925
f 1559//1926 1561//1926 1562//1926
f 1563//1927 1564//1927 1565//1927
f 1565//1928 1564//1928 1562//1928
f 1565//1929 1562//1929 1566//1929
f 1566//1930 1562//1930 1561//1930
f 1212//1931 1210//1931 1536//1931
f 1536//1932 1210//1932 1544//1932
f 1536//1933 1544//1933 1537//1933
f 1537//1934 1544//1934 1547//1934
f 1537//1935 1547//1935 1538//1935
f 1538//1936 1547//1936 1550//1936
f 1538//1937 1550//1937 1539//1937
f 1539//1938 1550//1938 1553//1938
f 1539//1939 1553//1939 1540//1939
f 1540//1940 1553//1940 1556//1940
f 1540//1941 1556//1941 1541//1941
f 1541//1942 1556//1942 1559//1942
f 1541//1943 1559//1943 1542//1943
f 1542//1944 1559//1944 1562//1944
f 1542//1945 1562//1945 1543//1945
f 1543//1946 1562//1946 1564//1946
f 1543//1947 1564//1947 1173//1947
f 1173//1948 1564//1948 1563//1948
f 1173//1949 1563//1949 876//1949
f 1214//1950 736//1950 1545//1950
f 1545//1951 736//1951 1522//1951
f 1545//1952 1522//1952 1546//1952
f 1546//1953 1522//1953 1548//1953
f 1548//1954 1522//1954 1523//1954
f 1548//1955 1523//1955 1549//1955
f 1549//1956 1523//1956 1551//1956
f 1551//1957 1523//1957 1524//1957
f 1551//1958 1524//1958 1552//1958
f 1552//1959 1524//1959 1554//1959
f 1554//1960 1524//1960 1525//1960
f 1554//1961 1525//1961 1555//1961
f 1555//1962 1525//1962 1557//1962
f 1557//1963 1525//1963 1526//1963
f 1557//1964 1526//1964 1558//1964
f 1558//1965 1526//1965 1560//1965
f 1560//1966 1526//1966 1527//1966
f 1560//1967 1527//1967 1561//1967
f 1561//1968 1527//1968 1566//1968
f 1566//1969 1527//1969 1479//1969
f 1566//1970 1479//1970 1565//1970
f 1565//1971 1479//1971 1563//1971
f 1563//1972 1479//1972 875//1972
f 1563//1973 875//1973 876//1973
f 854//1974 954//1974 1567//1974
f 632//1975 634//1975 1568//1975
f 886//1976 857//1976 1569//1976
f 1570//1977 858//1977 619//1977
f 1570//1978 619//1978 1571//1978
f 1572//1979 1571//1979 619//1979
f 1573//1980 1572//1980 619//1980
f 1574//1981 1573//1981 619//1981
f 1575//1982 1574//1982 619//1982
f 1576//1983 1575//1983 619//1983
f 621//1984 1576//1984 619//1984
f 857//1985 858//1985 1569//1985
f 1569//1986 858//1986 1570//1986
f 1569//1987 1570//1987 1577//1987
f 1577//1988 1570//1988 1571//1988
f 1577//1989 1571//1989 1578//1989
f 1578//1990 1571//1990 1572//1990
f 1578//1991 1572//1991 1579//1991
f 1579//1992 1572//1992 1573//1992
f 1579//1993 1573//1993 1580//1993
f 1580//1994 1573//1994 1574//1994
f 1580//1995 1574//1995 1581//1995
f 1581//1996 1574//1996 1575//1996
f 1581//1997 1575//1997 1582//1997
f 1582//1998 1575//1998 1576//1998
f 1582//1999 1576//1999 622//1999
f 622//2000 1576//2000 621//2000
f 622//2001 625//2001 1582//2001
f 1582//2002 625//2002 1583//2002
f 1582//2003 1583//2003 1581//2003
f 1581//2004 1583//2004 1584//2004
f 1581//2005 1584//2005 1580//2005
f 1580//2006 1584//2006 1585//2006
f 1580//2007 1585//2007 1579//2007
f 1579//2008 1585//2008 1586//2008
f 1579//2009 1586//2009 1578//2009
f 1578//2010 1586//2010 1587//2010
f 1578//2011 1587//2011 1577//2011
f 1577//2012 1587//2012 1588//2012
f 1577//2013 1588//2013 1569//2013
f 1569//2014 1588//2014 1589//2014
f 1569//2015 1589//2015 886//2015
f 624//2016 628//2016 1590//2016
f 1590//2017 628//2017 627//2017
f 850//2018 969//2018 1589//2018
f 1589//2019 969//2019 887//2019
f 1589//2020 887//2020 886//2020
f 962//2021 958//2021 1591//2021
f 1591//2022 958//2022 851//2022
f 851//2023 850//2023 1591//2023
f 1591//2024 850//2024 1589//2024
f 1591//2025 1589//2025 1592//2025
f 1592//2026 1589//2026 1588//2026
f 1592//2027 1588//2027 1593//2027
f 1593//2028 1588//2028 1587//2028
f 1593//2029 1587//2029 1594//2029
f 1594//2030 1587//2030 1586//2030
f 1594//2031 1586//2031 1595//2031
f 1595//2032 1586//2032 1585//2032
f 1595//2033 1585//2033 1596//2033
f 1596//2034 1585//2034 1584//2034
f 1596//2035 1584//2035 1590//2035
f 1590//2036 1584//2036 1583//2036
f 1590//2037 1583//2037 624//2037
f 624//2038 1583//2038 625//2038
f 963//2039 962//2039 1597//2039
f 1597//2040 962//2040 1591//2040
f 1597//2041 1591//2041 1598//2041
f 1598//2042 1591//2042 1592//2042
f 1598//2043 1592//2043 1599//2043
f 1599//2044 1592//2044 1593//2044
f 1599//2045 1593//2045 1600//2045
f 1600//2046 1593//2046 1594//2046
f 1600//2047 1594//2047 1601//2047
f 1601//2048 1594//2048 1595//2048
f 1601//2049 1595//2049 1602//2049
f 1602//2050 1595//2050 1596//2050
f 1602//2051 1596//2051 1603//2051
f 1603//2052 1596//2052 1590//2052
f 954//2053 963//2053 1567//2053
f 1567//2054 963//2054 1597//2054
f 1567//2055 1597//2055 1604//2055
f 1604//2056 1597//2056 1598//2056
f 1604//2057 1598//2057 1605//2057
f 1605//2058 1598//2058 1599//2058
f 1605//2059 1599//2059 1606//2059
f 1606//2060 1599//2060 1600//2060
f 1606//2061 1600//2061 1607//2061
f 1607//2062 1600//2062 1601//2062
f 1607//2063 1601//2063 1608//2063
f 1608//2064 1601//2064 1602//2064
f 1608//2065 1602//2065 1609//2065
f 1609//2066 1602//2066 1603//2066
f 632//2067 1568//2067 630//2067
f 856//2068 854//2068 1610//2068
f 1610//2069 854//2069 1567//2069
f 1610//2070 1567//2070 1611//2070
f 1611//2071 1567//2071 1604//2071
f 1611//2072 1604//2072 1612//2072
f 1612//2073 1604//2073 1605//2073
f 1612//2074 1605//2074 1613//2074
f 1613//2075 1605//2075 1606//2075
f 1613//2076 1606//2076 1614//2076
f 1614//2077 1606//2077 1607//2077
f 1614//2078 1607//2078 1615//2078
f 1615//2079 1607//2079 1608//2079
f 1615//2080 1608//2080 1568//2080
f 1568//2081 1608//2081 1609//2081
f 1568//2082 1609//2082 630//2082
f 630//2083 1609//2083 1603//2083
f 630//2084 1603//2084 616//2084
f 616//2085 1603//2085 1590//2085
f 616//2086 1590//2086 629//2086
f 629//2087 1590//2087 627//2087
f 634//2088 1141//2088 1616//2088
f 1617//2089 1615//2089 1568//2089
f 634//2090 1616//2090 1568//2090
f 1568//2091 1616//2091 1618//2091
f 1568//2092 1618//2092 1617//2092
f 1619//2093 1613//2093 1614//2093
f 1617//2094 1620//2094 1615//2094
f 1615//2095 1620//2095 1621//2095
f 1615//2096 1621//2096 1614//2096
f 1614//2097 1621//2097 1622//2097
f 1614//2098 1622//2098 1619//2098
f 1619//2099 1623//2099 1613//2099
f 1613//2100 1623//2100 1624//2100
f 1613//2101 1624//2101 1612//2101
f 1624//2102 1625//2102 1612//2102
f 1612//2103 1625//2103 1626//2103
f 1612//2104 1626//2104 1611//2104
f 1626//2105 1627//2105 1611//2105
f 1611//2106 1627//2106 1628//2106
f 1611//2107 1628//2107 1610//2107
f 883//2108 856//2108 1629//2108
f 1629//2109 856//2109 1610//2109
f 1629//2110 1610//2110 1630//2110
f 1630//2111 1610//2111 1628//2111
f 380//2112 1165//2112 1631//2112
f 1631//2113 1165//2113 1632//2113
f 1631//2114 1632//2114 1633//2114
f 1633//2115 1632//2115 1634//2115
f 1633//2116 1634//2116 1635//2116
f 1635//2117 1634//2117 1636//2117
f 1636//2118 1634//2118 1637//2118
f 1636//2119 1637//2119 1638//2119
f 1638//2120 1637//2120 1639//2120
f 1639//2121 1637//2121 1640//2121
f 1639//2122 1640//2122 1641//2122
f 1641//2123 1640//2123 1642//2123
f 1642//2124 1640//2124 1643//2124
f 1642//2125 1643//2125 1644//2125
f 1644//2126 1643//2126 1645//2126
f 1645//2127 1643//2127 1646//2127
f 1645//2128 1646//2128 1647//2128
f 1647//2129 1646//2129 1648//2129
f 1648//2130 1646//2130 1649//2130
f 1648//2131 1649//2131 1650//2131
f 1650//2132 1649//2132 1651//2132
f 1651//2133 1649//2133 1652//2133
f 1651//2134 1652//2134 1653//2134
f 1653//2135 1652//2135 1654//2135
f 1654//2136 1652//2136 1149//2136
f 1654//2137 1149//2137 1148//2137
f 1165//2138 1169//2138 1632//2138
f 1632//2139 1169//2139 1655//2139
f 1632//2140 1655//2140 1634//2140
f 1634//2141 1655//2141 1656//2141
f 1634//2142 1656//2142 1637//2142
f 1637//2143 1656//2143 1657//2143
f 1637//2144 1657//2144 1640//2144
f 1640//2145 1657//2145 1658//2145
f 1640//2146 1658//2146 1643//2146
f 1643//2147 1658//2147 1659//2147
f 1643//2148 1659//2148 1646//2148
f 1646//2149 1659//2149 1660//2149
f 1646//2150 1660//2150 1649//2150
f 1649//2151 1660//2151 1661//2151
f 1649//2152 1661//2152 1652//2152
f 1652//2153 1661//2153 1662//2153
f 1652//2154 1662//2154 1149//2154
f 1146//2155 1144//2155 1662//2155
f 1662//2156 1144//2156 1143//2156
f 1662//2157 1143//2157 1149//2157
f 1167//2158 1166//2158 1663//2158
f 1663//2159 1166//2159 883//2159
f 883//2160 1629//2160 1663//2160
f 1663//2161 1629//2161 1630//2161
f 1663//2162 1630//2162 1664//2162
f 1630//2163 1628//2163 1664//2163
f 1664//2164 1628//2164 1627//2164
f 1664//2165 1627//2165 1665//2165
f 1627//2166 1626//2166 1665//2166
f 1665//2167 1626//2167 1625//2167
f 1665//2168 1625//2168 1666//2168
f 1625//2169 1624//2169 1666//2169
f 1666//2170 1624//2170 1623//2170
f 1666//2171 1623//2171 1667//2171
f 1623//2172 1619//2172 1667//2172
f 1667//2173 1619//2173 1622//2173
f 1667//2174 1622//2174 1668//2174
f 1622//2175 1621//2175 1668//2175
f 1668//2176 1621//2176 1620//2176
f 1668//2177 1620//2177 1669//2177
f 1616//2178 1670//2178 1618//2178
f 1618//2179 1670//2179 1669//2179
f 1618//2180 1669//2180 1617//2180
f 1617//2181 1669//2181 1620//2181
f 1169//2182 1167//2182 1655//2182
f 1655//2183 1167//2183 1663//2183
f 1655//2184 1663//2184 1656//2184
f 1656//2185 1663//2185 1664//2185
f 1656//2186 1664//2186 1657//2186
f 1657//2187 1664//2187 1665//2187
f 1657//2188 1665//2188 1658//2188
f 1658//2189 1665//2189 1666//2189
f 1658//2190 1666//2190 1659//2190
f 1659//2191 1666//2191 1667//2191
f 1659//2192 1667//2192 1660//2192
f 1660//2193 1667//2193 1668//2193
f 1660//2194 1668//2194 1661//2194
f 1661//2195 1668//2195 1669//2195
f 1661//2196 1669//2196 1662//2196
f 1662//2197 1669//2197 1670//2197
f 1662//2198 1670//2198 1146//2198
f 1146//2199 1670//2199 1616//2199
f 1146//2200 1616//2200 1141//2200
f 356//2201 353//2201 1671//2201
f 1671//2202 353//2202 410//2202
f 1671//2203 410//2203 1672//2203
f 1672//2204 410//2204 1673//2204
f 1673//2205 410//2205 411//2205
f 1673//2206 411//2206 1674//2206
f 1674//2207 411//2207 1675//2207
f 1675//2208 411//2208 392//2208
f 1675//2209 392//2209 1676//2209
f 1676//2210 392//2210 1677//2210
f 1677//2211 392//2211 391//2211
f 1677//2212 391//2212 1678//2212
f 1678//2213 391//2213 1679//2213
f 1679//2214 391//2214 401//2214
f 1679//2215 401//2215 1680//2215
f 1680//2216 401//2216 1681//2216
f 1681//2217 401//2217 414//2217
f 1681//2218 414//2218 1682//2218
f 1682//2219 414//2219 1683//2219
f 1683//2220 414//2220 413//2220
f 1683//2221 413//2221 1684//2221
f 1684//780 413//780 1685//780
f 1685//2222 413//2222 412//2222
f 1685//2223 412//2223 1686//2223
f 1686//2224 412//2224 1687//2224
f 1687//2225 412//2225 369//2225
f 1687//2226 369//2226 367//2226
f 1688//2227 366//2227 380//2227
f 1653//2228 1654//2228 1689//2228
f 1654//2229 1148//2229 1147//2229
f 1645//2230 1647//2230 1690//2230
f 1690//2231 1647//2231 1648//2231
f 1690//2232 1648//2232 1691//2232
f 1691//2233 1648//2233 1650//2233
f 1691//2234 1650//2234 1651//2234
f 1644//2235 1692//2235 1642//2235
f 1642//2236 1692//2236 1693//2236
f 1642//2237 1693//2237 1641//2237
f 1641//2238 1693//2238 1694//2238
f 1641//2239 1694//2239 1639//2239
f 1639//2240 1694//2240 1638//2240
f 1636//2241 1695//2241 1635//2241
f 1635//2242 1695//2242 1696//2242
f 1635//2243 1696//2243 1633//2243
f 1633//2244 1696//2244 1631//2244
f 1654//2245 1147//2245 1689//2245
f 1689//2246 1147//2246 356//2246
f 1689//2247 356//2247 1671//2247
f 1671//2248 1672//2248 1689//2248
f 1689//2249 1672//2249 1691//2249
f 1689//2250 1691//2250 1653//2250
f 1653//2251 1691//2251 1651//2251
f 1675//2252 1690//2252 1674//2252
f 1674//2253 1690//2253 1691//2253
f 1674//2254 1691//2254 1673//2254
f 1673//2255 1691//2255 1672//2255
f 1675//2256 1676//2256 1690//2256
f 1690//2257 1676//2257 1692//2257
f 1690//2258 1692//2258 1645//2258
f 1645//2259 1692//2259 1644//2259
f 1676//2260 1677//2260 1692//2260
f 1692//2261 1677//2261 1678//2261
f 1692//2262 1678//2262 1693//2262
f 1693//2263 1678//2263 1679//2263
f 1693//2264 1679//2264 1694//2264
f 1694//2265 1679//2265 1680//2265
f 1680//2266 1681//2266 1694//2266
f 1694//2267 1681//2267 1695//2267
f 1694//2268 1695//2268 1638//2268
f 1638//2269 1695//2269 1636//2269
f 1681//2270 1682//2270 1695//2270
f 1695//2271 1682//2271 1683//2271
f 1695//2272 1683//2272 1696//2272
f 1696//2273 1683//2273 1684//2273
f 1684//2274 1685//2274 1696//2274
f 1696//2275 1685//2275 1688//2275
f 1696//2276 1688//2276 1631//2276
f 1631//2277 1688//2277 380//2277
f 367//2278 366//2278 1687//2278
f 1687//2279 366//2279 1688//2279
f 1687//2280 1688//2280 1686//2280
f 1686//2281 1688//2281 1685//2281
f 1007//2282 1008//2282 1697//2282
f 1012//2283 1013//2283 1698//2283
f 1016//2284 1017//2284 1699//2284
f 1019//2285 1023//2285 1700//2285
f 1022//2286 1025//2286 1701//2286
f 1026//2287 1027//2287 1702//2287
f 1028//2288 1029//2288 1703//2288
f 1031//2289 1032//2289 1704//2289
f 1036//2290 1037//2290 1705//2290
f 1038//2291 1039//2291 1706//2291
f 1040//2292 1041//2292 1707//2292
f 1043//2293 1044//2293 1708//2293
f 1049//2294 1050//2294 1709//2294
f 970//2295 971//2295 1710//2295
f 974//2296 975//2296 1711//2296
f 977//2297 981//2297 1712//2297
f 980//2298 983//2298 1713//2298
f 984//2299 985//2299 1714//2299
f 986//2300 987//2300 1715//2300
f 989//2301 990//2301 1716//2301
f 994//2302 995//2302 1717//2302
f 996//2303 997//2303 1718//2303
f 998//2304 999//2304 1719//2304
f 1001//2305 1002//2305 1720//2305
f 1055//2306 1077//2306 1721//2306
f 1721//2306 1077//2306 1722//2306
f 1721//2307 1722//2307 1723//2307
f 1723//2307 1722//2307 1724//2307
f 1723//2308 1724//2308 1725//2308
f 1725//2308 1724//2308 1726//2308
f 1725//2309 1726//2309 1727//2309
f 1727//2310 1726//2310 1728//2310
f 1727//2311 1728//2311 1729//2311
f 1729//2311 1728//2311 1730//2311
f 1729//2312 1730//2312 1731//2312
f 1731//2312 1730//2312 1732//2312
f 1731//2313 1732//2313 1733//2313
f 1733//2313 1732//2313 1734//2313
f 1733//2314 1734//2314 1735//2314
f 1735//2314 1734//2314 1720//2314
f 1079//2315 1113//2315 1736//2315
f 1736//2315 1113//2315 1737//2315
f 1736//2316 1737//2316 1738//2316
f 1738//2316 1737//2316 1739//2316
f 1738//2317 1739//2317 1740//2317
f 1740//2317 1739//2317 1741//2317
f 1740//2318 1741//2318 1742//2318
f 1742//2318 1741//2318 1743//2318
f 1742//2319 1743//2319 1744//2319
f 1744//2320 1743//2320 1745//2320
f 1744//2321 1745//2321 1746//2321
f 1746//2321 1745//2321 1747//2321
f 1746//2322 1747//2322 1748//2322
f 1748//2323 1747//2323 1749//2323
f 1748//2324 1749//2324 1750//2324
f 1750//2325 1749//2325 1716//2325
f 1117//2326 1115//2326 1751//2326
f 1751//2327 1115//2327 1752//2327
f 1751//2328 1752//2328 1753//2328
f 1753//2328 1752//2328 1754//2328
f 1753//2329 1754//2329 1755//2329
f 1755//2329 1754//2329 1756//2329
f 1755//2330 1756//2330 1757//2330
f 1757//2330 1756//2330 1758//2330
f 1757//2331 1758//2331 1759//2331
f 1759//2331 1758//2331 1760//2331
f 1759//2332 1760//2332 1761//2332
f 1761//2333 1760//2333 1762//2333
f 1761//2334 1762//2334 1763//2334
f 1763//2335 1762//2335 1764//2335
f 1763//2336 1764//2336 1765//2336
f 1765//2336 1764//2336 1712//2336
f 1089//2337 1127//2337 1766//2337
f 1766//2337 1127//2337 1767//2337
f 1766//2338 1767//2338 1768//2338
f 1768//2338 1767//2338 1769//2338
f 1768//2339 1769//2339 1770//2339
f 1770//2339 1769//2339 1771//2339
f 1770//2340 1771//2340 1772//2340
f 1772//2340 1771//2340 1773//2340
f 1772//2341 1773//2341 1774//2341
f 1774//2342 1773//2342 1775//2342
f 1774//2343 1775//2343 1776//2343
f 1776//2343 1775//2343 1777//2343
f 1776//2344 1777//2344 1778//2344
f 1778//2344 1777//2344 1779//2344
f 1778//2345 1779//2345 1780//2345
f 1780//2346 1779//2346 1710//2346
f 1124//2347 1122//2347 1781//2347
f 1781//2348 1122//2348 1782//2348
f 1781//2349 1782//2349 1783//2349
f 1783//2349 1782//2349 1784//2349
f 1783//2350 1784//2350 1785//2350
f 1785//2350 1784//2350 1786//2350
f 1785//2351 1786//2351 1787//2351
f 1787//2351 1786//2351 1788//2351
f 1787//2352 1788//2352 1789//2352
f 1789//2352 1788//2352 1790//2352
f 1789//2353 1790//2353 1791//2353
f 1791//2353 1790//2353 1792//2353
f 1791//2354 1792//2354 1793//2354
f 1793//2355 1792//2355 1794//2355
f 1793//2356 1794//2356 1795//2356
f 1795//2357 1794//2357 1709//2357
f 1129//2358 1139//2358 1796//2358
f 1796//2358 1139//2358 1797//2358
f 1796//2359 1797//2359 1798//2359
f 1798//2359 1797//2359 1799//2359
f 1798//2360 1799//2360 1800//2360
f 1800//2360 1799//2360 1801//2360
f 1800//2361 1801//2361 1802//2361
f 1802//2362 1801//2362 1803//2362
f 1802//2363 1803//2363 1804//2363
f 1804//2363 1803//2363 1805//2363
f 1804//2364 1805//2364 1806//2364
f 1806//2364 1805//2364 1807//2364
f 1806//2365 1807//2365 1808//2365
f 1808//2365 1807//2365 1809//2365
f 1808//2366 1809//2366 1810//2366
f 1810//2366 1809//2366 1708//2366
f 1060//2367 1070//2367 1811//2367
f 1811//2367 1070//2367 1812//2367
f 1811//2368 1812//2368 1813//2368
f 1813//2368 1812//2368 1814//2368
f 1813//2369 1814//2369 1815//2369
f 1815//2370 1814//2370 1816//2370
f 1815//2371 1816//2371 1817//2371
f 1817//2371 1816//2371 1818//2371
f 1817//2372 1818//2372 1819//2372
f 1819//2373 1818//2373 1820//2373
f 1819//2374 1820//2374 1821//2374
f 1821//2374 1820//2374 1822//2374
f 1821//2375 1822//2375 1823//2375
f 1823//2376 1822//2376 1824//2376
f 1823//2377 1824//2377 1825//2377
f 1825//2378 1824//2378 1704//2378
f 1096//2379 1094//2379 1826//2379
f 1826//2379 1094//2379 1827//2379
f 1826//2380 1827//2380 1828//2380
f 1828//2380 1827//2380 1829//2380
f 1828//2381 1829//2381 1830//2381
f 1830//2381 1829//2381 1831//2381
f 1830//2382 1831//2382 1832//2382
f 1832//2382 1831//2382 1833//2382
f 1832//2383 1833//2383 1834//2383
f 1834//2383 1833//2383 1835//2383
f 1834//2384 1835//2384 1836//2384
f 1836//2385 1835//2385 1837//2385
f 1836//2386 1837//2386 1838//2386
f 1838//2387 1837//2387 1839//2387
f 1838//2388 1839//2388 1840//2388
f 1840//2389 1839//2389 1700//2389
f 1084//2390 1106//2390 1841//2390
f 1841//2390 1106//2390 1842//2390
f 1841//2391 1842//2391 1843//2391
f 1843//2391 1842//2391 1844//2391
f 1843//2392 1844//2392 1845//2392
f 1845//2393 1844//2393 1846//2393
f 1845//2394 1846//2394 1847//2394
f 1847//2394 1846//2394 1848//2394
f 1847//2395 1848//2395 1849//2395
f 1849//2395 1848//2395 1850//2395
f 1849//2396 1850//2396 1851//2396
f 1851//2396 1850//2396 1852//2396
f 1851//2397 1852//2397 1853//2397
f 1853//2397 1852//2397 1854//2397
f 1853//2398 1854//2398 1855//2398
f 1855//2399 1854//2399 1698//2399
f 1103//2400 1101//2400 1856//2400
f 1856//2401 1101//2401 1857//2401
f 1856//2402 1857//2402 1858//2402
f 1858//2402 1857//2402 1859//2402
f 1858//2403 1859//2403 1860//2403
f 1860//2403 1859//2403 1861//2403
f 1860//2404 1861//2404 1862//2404
f 1862//2404 1861//2404 1863//2404
f 1862//2405 1863//2405 1864//2405
f 1864//2405 1863//2405 1865//2405
f 1864//2406 1865//2406 1866//2406
f 1866//2406 1865//2406 1867//2406
f 1866//2407 1867//2407 1868//2407
f 1868//2408 1867//2408 1869//2408
f 1868//2409 1869//2409 1870//2409
f 1870//2409 1869//2409 1697//2409
f 1057//2410 1055//2410 1871//2410
f 1871//2410 1055//2410 1721//2410
f 1871//2411 1721//2411 1872//2411
f 1872//2411 1721//2411 1723//2411
f 1872//2412 1723//2412 1873//2412
f 1873//2412 1723//2412 1725//2412
f 1873//2413 1725//2413 1874//2413
f 1874//2413 1725//2413 1727//2413
f 1874//2414 1727//2414 1875//2414
f 1875//2414 1727//2414 1729//2414
f 1875//2415 1729//2415 1876//2415
f 1876//2415 1729//2415 1731//2415
f 1876//2416 1731//2416 1877//2416
f 1877//2416 1731//2416 1733//2416
f 1877//2417 1733//2417 1878//2417
f 1878//2417 1733//2417 1735//2417
f 1878//2418 1735//2418 1005//2418
f 1005//2418 1735//2418 1004//2418
f 1720//2419 1002//2419 1735//2419
f 1735//2420 1002//2420 1003//2420
f 1735//2421 1003//2421 1004//2421
f 1000//2422 1001//2422 1879//2422
f 1879//2423 1001//2423 1720//2423
f 1879//2424 1720//2424 1880//2424
f 1880//2425 1720//2425 1734//2425
f 1880//2426 1734//2426 1881//2426
f 1881//2426 1734//2426 1732//2426
f 1881//2427 1732//2427 1882//2427
f 1882//2427 1732//2427 1730//2427
f 1882//2428 1730//2428 1883//2428
f 1883//2428 1730//2428 1728//2428
f 1883//2429 1728//2429 1884//2429
f 1884//2429 1728//2429 1726//2429
f 1884//2430 1726//2430 1885//2430
f 1885//2430 1726//2430 1724//2430
f 1885//2431 1724//2431 1886//2431
f 1886//2431 1724//2431 1722//2431
f 1886//2432 1722//2432 1076//2432
f 1076//2433 1722//2433 1077//2433
f 1076//2434 1074//2434 1886//2434
f 1886//2434 1074//2434 1887//2434
f 1886//2435 1887//2435 1885//2435
f 1885//2435 1887//2435 1888//2435
f 1885//2436 1888//2436 1884//2436
f 1884//2436 1888//2436 1889//2436
f 1884//2437 1889//2437 1883//2437
f 1883//2438 1889//2438 1890//2438
f 1883//2439 1890//2439 1882//2439
f 1882//2440 1890//2440 1891//2440
f 1882//2441 1891//2441 1881//2441
f 1881//2442 1891//2442 1892//2442
f 1881//2443 1892//2443 1880//2443
f 1880//2444 1892//2444 1893//2444
f 1880//2445 1893//2445 1879//2445
f 1879//2445 1893//2445 1719//2445
f 1879//2446 1719//2446 1000//2446
f 1000//2446 1719//2446 999//2446
f 997//2447 998//2447 1718//2447
f 1718//2448 998//2448 1719//2448
f 1718//2449 1719//2449 1894//2449
f 1894//2449 1719//2449 1893//2449
f 1894//2450 1893//2450 1895//2450
f 1895//2450 1893//2450 1892//2450
f 1895//2451 1892//2451 1896//2451
f 1896//2451 1892//2451 1891//2451
f 1896//2452 1891//2452 1897//2452
f 1897//2452 1891//2452 1890//2452
f 1897//2453 1890//2453 1898//2453
f 1898//2453 1890//2453 1889//2453
f 1898//2454 1889//2454 1899//2454
f 1899//2454 1889//2454 1888//2454
f 1899//2455 1888//2455 1900//2455
f 1900//2455 1888//2455 1887//2455
f 1900//2456 1887//2456 1072//2456
f 1072//2456 1887//2456 1074//2456
f 995//2457 996//2457 1717//2457
f 1717//2458 996//2458 1718//2458
f 1717//2459 1718//2459 1901//2459
f 1901//2460 1718//2460 1894//2460
f 1901//2461 1894//2461 1902//2461
f 1902//2462 1894//2462 1895//2462
f 1902//2463 1895//2463 1903//2463
f 1903//2463 1895//2463 1896//2463
f 1903//2464 1896//2464 1904//2464
f 1904//2464 1896//2464 1897//2464
f 1904//2465 1897//2465 1905//2465
f 1905//2465 1897//2465 1898//2465
f 1905//2466 1898//2466 1906//2466
f 1906//2466 1898//2466 1899//2466
f 1906//2467 1899//2467 1907//2467
f 1907//2467 1899//2467 1900//2467
f 1907//2468 1900//2468 1082//2468
f 1082//2468 1900//2468 1072//2468
f 993//2469 994//2469 1908//2469
f 1908//2470 994//2470 1717//2470
f 1908//2471 1717//2471 1909//2471
f 1909//2471 1717//2471 1901//2471
f 1909//2472 1901//2472 1910//2472
f 1910//2473 1901//2473 1902//2473
f 1910//2474 1902//2474 1911//2474
f 1911//2475 1902//2475 1903//2475
f 1911//2476 1903//2476 1912//2476
f 1912//2476 1903//2476 1904//2476
f 1912//2477 1904//2477 1913//2477
f 1913//2478 1904//2478 1905//2478
f 1913//2479 1905//2479 1914//2479
f 1914//2479 1905//2479 1906//2479
f 1914//2480 1906//2480 1915//2480
f 1915//2480 1906//2480 1907//2480
f 1915//2481 1907//2481 1081//2481
f 1081//2481 1907//2481 1082//2481
f 1081//2482 1079//2482 1915//2482
f 1915//2483 1079//2483 1736//2483
f 1915//2484 1736//2484 1914//2484
f 1914//2484 1736//2484 1738//2484
f 1914//2485 1738//2485 1913//2485
f 1913//2486 1738//2486 1740//2486
f 1913//2487 1740//2487 1912//2487
f 1912//2488 1740//2488 1742//2488
f 1912//2489 1742//2489 1911//2489
f 1911//2490 1742//2490 1744//2490
f 1911//2491 1744//2491 1910//2491
f 1910//2491 1744//2491 1746//2491
f 1910//2492 1746//2492 1909//2492
f 1909//2492 1746//2492 1748//2492
f 1909//2493 1748//2493 1908//2493
f 1908//2494 1748//2494 1750//2494
f 1908//2495 1750//2495 993//2495
f 993//2496 1750//2496 992//2496
f 1716//2497 990//2497 1750//2497
f 1750//2498 990//2498 991//2498
f 1750//2499 991//2499 992//2499
f 988//2500 989//2500 1916//2500
f 1916//2501 989//2501 1716//2501
f 1916//2502 1716//2502 1917//2502
f 1917//2502 1716//2502 1749//2502
f 1917//2503 1749//2503 1918//2503
f 1918//2504 1749//2504 1747//2504
f 1918//2505 1747//2505 1919//2505
f 1919//2505 1747//2505 1745//2505
f 1919//2506 1745//2506 1920//2506
f 1920//2506 1745//2506 1743//2506
f 1920//2507 1743//2507 1921//2507
f 1921//2507 1743//2507 1741//2507
f 1921//2508 1741//2508 1922//2508
f 1922//2508 1741//2508 1739//2508
f 1922//2509 1739//2509 1923//2509
f 1923//2509 1739//2509 1737//2509
f 1923//2510 1737//2510 1112//2510
f 1112//2510 1737//2510 1113//2510
f 1112//2511 1110//2511 1923//2511
f 1923//2511 1110//2511 1924//2511
f 1923//2512 1924//2512 1922//2512
f 1922//2512 1924//2512 1925//2512
f 1922//2513 1925//2513 1921//2513
f 1921//2513 1925//2513 1926//2513
f 1921//2514 1926//2514 1920//2514
f 1920//2514 1926//2514 1927//2514
f 1920//2515 1927//2515 1919//2515
f 1919//2515 1927//2515 1928//2515
f 1919//2516 1928//2516 1918//2516
f 1918//2517 1928//2517 1929//2517
f 1918//2518 1929//2518 1917//2518
f 1917//2519 1929//2519 1930//2519
f 1917//2520 1930//2520 1916//2520
f 1916//2521 1930//2521 1715//2521
f 1916//2522 1715//2522 988//2522
f 988//2522 1715//2522 987//2522
f 985//2523 986//2523 1714//2523
f 1714//2524 986//2524 1715//2524
f 1714//2525 1715//2525 1931//2525
f 1931//2526 1715//2526 1930//2526
f 1931//2527 1930//2527 1932//2527
f 1932//2528 1930//2528 1929//2528
f 1932//2529 1929//2529 1933//2529
f 1933//2529 1929//2529 1928//2529
f 1933//2530 1928//2530 1934//2530
f 1934//2530 1928//2530 1927//2530
f 1934//2531 1927//2531 1935//2531
f 1935//2531 1927//2531 1926//2531
f 1935//2532 1926//2532 1936//2532
f 1936//2533 1926//2533 1925//2533
f 1936//2534 1925//2534 1937//2534
f 1937//2535 1925//2535 1924//2535
f 1937//2536 1924//2536 1108//2536
f 1108//2536 1924//2536 1110//2536
f 983//2537 984//2537 1713//2537
f 1713//2538 984//2538 1714//2538
f 1713//2539 1714//2539 1938//2539
f 1938//2540 1714//2540 1931//2540
f 1938//2541 1931//2541 1939//2541
f 1939//2542 1931//2542 1932//2542
f 1939//2543 1932//2543 1940//2543
f 1940//2543 1932//2543 1933//2543
f 1940//2544 1933//2544 1941//2544
f 1941//2545 1933//2545 1934//2545
f 1941//2546 1934//2546 1942//2546
f 1942//2546 1934//2546 1935//2546
f 1942//2547 1935//2547 1943//2547
f 1943//2547 1935//2547 1936//2547
f 1943//2548 1936//2548 1944//2548
f 1944//2548 1936//2548 1937//2548
f 1944//2549 1937//2549 1120//2549
f 1120//2549 1937//2549 1108//2549
f 979//2550 980//2550 1945//2550
f 1945//2551 980//2551 1713//2551
f 1945//2552 1713//2552 1946//2552
f 1946//2553 1713//2553 1938//2553
f 1946//2554 1938//2554 1947//2554
f 1947//2555 1938//2555 1939//2555
f 1947//2556 1939//2556 1948//2556
f 1948//2556 1939//2556 1940//2556
f 1948//2557 1940//2557 1949//2557
f 1949//2558 1940//2558 1941//2558
f 1949//2559 1941//2559 1950//2559
f 1950//2559 1941//2559 1942//2559
f 1950//2560 1942//2560 1951//2560
f 1951//2561 1942//2561 1943//2561
f 1951//2562 1943//2562 1952//2562
f 1952//2562 1943//2562 1944//2562
f 1952//2563 1944//2563 1119//2563
f 1119//2564 1944//2564 1120//2564
f 1119//2565 1117//2565 1952//2565
f 1952//2565 1117//2565 1751//2565
f 1952//2566 1751//2566 1951//2566
f 1951//2567 1751//2567 1753//2567
f 1951//2568 1753//2568 1950//2568
f 1950//2568 1753//2568 1755//2568
f 1950//2569 1755//2569 1949//2569
f 1949//2569 1755//2569 1757//2569
f 1949//2570 1757//2570 1948//2570
f 1948//2570 1757//2570 1759//2570
f 1948//2571 1759//2571 1947//2571
f 1947//2572 1759//2572 1761//2572
f 1947//2573 1761//2573 1946//2573
f 1946//2574 1761//2574 1763//2574
f 1946//2575 1763//2575 1945//2575
f 1945//2576 1763//2576 1765//2576
f 1945//2577 1765//2577 979//2577
f 979//2578 1765//2578 978//2578
f 1712//2579 981//2579 1765//2579
f 1765//2580 981//2580 982//2580
f 1765//2581 982//2581 978//2581
f 976//2582 977//2582 1953//2582
f 1953//2583 977//2583 1712//2583
f 1953//2584 1712//2584 1954//2584
f 1954//2585 1712//2585 1764//2585
f 1954//2586 1764//2586 1955//2586
f 1955//2586 1764//2586 1762//2586
f 1955//2587 1762//2587 1956//2587
f 1956//2587 1762//2587 1760//2587
f 1956//2588 1760//2588 1957//2588
f 1957//2589 1760//2589 1758//2589
f 1957//2590 1758//2590 1958//2590
f 1958//2590 1758//2590 1756//2590
f 1958//2591 1756//2591 1959//2591
f 1959//2591 1756//2591 1754//2591
f 1959//2592 1754//2592 1960//2592
f 1960//2592 1754//2592 1752//2592
f 1960//2593 1752//2593 1114//2593
f 1114//2593 1752//2593 1115//2593
f 1114//2594 1091//2594 1960//2594
f 1960//2594 1091//2594 1961//2594
f 1960//2595 1961//2595 1959//2595
f 1959//2595 1961//2595 1962//2595
f 1959//2596 1962//2596 1958//2596
f 1958//2596 1962//2596 1963//2596
f 1958//2597 1963//2597 1957//2597
f 1957//2598 1963//2598 1964//2598
f 1957//2599 1964//2599 1956//2599
f 1956//2599 1964//2599 1965//2599
f 1956//2600 1965//2600 1955//2600
f 1955//2600 1965//2600 1966//2600
f 1955//2601 1966//2601 1954//2601
f 1954//2601 1966//2601 1967//2601
f 1954//2602 1967//2602 1953//2602
f 1953//2603 1967//2603 1711//2603
f 1953//2604 1711//2604 976//2604
f 976//2604 1711//2604 975//2604
f 973//2605 974//2605 1780//2605
f 1780//2606 974//2606 1711//2606
f 1780//2607 1711//2607 1778//2607
f 1778//2607 1711//2607 1967//2607
f 1778//2608 1967//2608 1776//2608
f 1776//2608 1967//2608 1966//2608
f 1776//2609 1966//2609 1774//2609
f 1774//2609 1966//2609 1965//2609
f 1774//2610 1965//2610 1772//2610
f 1772//2610 1965//2610 1964//2610
f 1772//2611 1964//2611 1770//2611
f 1770//2612 1964//2612 1963//2612
f 1770//2613 1963//2613 1768//2613
f 1768//2613 1963//2613 1962//2613
f 1768//2614 1962//2614 1766//2614
f 1766//2614 1962//2614 1961//2614
f 1766//2615 1961//2615 1089//2615
f 1089//2615 1961//2615 1091//2615
f 1710//2616 971//2616 1780//2616
f 1780//2617 971//2617 972//2617
f 1780//2618 972//2618 973//2618
f 1053//2619 970//2619 1968//2619
f 1968//2620 970//2620 1710//2620
f 1968//2621 1710//2621 1969//2621
f 1969//2622 1710//2622 1779//2622
f 1969//2623 1779//2623 1970//2623
f 1970//2623 1779//2623 1777//2623
f 1970//2624 1777//2624 1971//2624
f 1971//2624 1777//2624 1775//2624
f 1971//2625 1775//2625 1972//2625
f 1972//2625 1775//2625 1773//2625
f 1972//2626 1773//2626 1973//2626
f 1973//2626 1773//2626 1771//2626
f 1973//2627 1771//2627 1974//2627
f 1974//2627 1771//2627 1769//2627
f 1974//2628 1769//2628 1975//2628
f 1975//2628 1769//2628 1767//2628
f 1975//2629 1767//2629 1126//2629
f 1126//2629 1767//2629 1127//2629
f 1126//2630 1124//2630 1975//2630
f 1975//2630 1124//2630 1781//2630
f 1975//2631 1781//2631 1974//2631
f 1974//2631 1781//2631 1783//2631
f 1974//2632 1783//2632 1973//2632
f 1973//2632 1783//2632 1785//2632
f 1973//2633 1785//2633 1972//2633
f 1972//2633 1785//2633 1787//2633
f 1972//2634 1787//2634 1971//2634
f 1971//2635 1787//2635 1789//2635
f 1971//2636 1789//2636 1970//2636
f 1970//2636 1789//2636 1791//2636
f 1970//2637 1791//2637 1969//2637
f 1969//2637 1791//2637 1793//2637
f 1969//2638 1793//2638 1968//2638
f 1968//2639 1793//2639 1795//2639
f 1968//2640 1795//2640 1053//2640
f 1053//2640 1795//2640 1052//2640
f 1709//2641 1050//2641 1795//2641
f 1795//2642 1050//2642 1051//2642
f 1795//2643 1051//2643 1052//2643
f 1048//2644 1049//2644 1976//2644
f 1976//2645 1049//2645 1709//2645
f 1976//2646 1709//2646 1977//2646
f 1977//2646 1709//2646 1794//2646
f 1977//2647 1794//2647 1978//2647
f 1978//2647 1794//2647 1792//2647
f 1978//2648 1792//2648 1979//2648
f 1979//2648 1792//2648 1790//2648
f 1979//2649 1790//2649 1980//2649
f 1980//2649 1790//2649 1788//2649
f 1980//2650 1788//2650 1981//2650
f 1981//2650 1788//2650 1786//2650
f 1981//2651 1786//2651 1982//2651
f 1982//2651 1786//2651 1784//2651
f 1982//2652 1784//2652 1983//2652
f 1983//2652 1784//2652 1782//2652
f 1983//2653 1782//2653 1132//2653
f 1132//2653 1782//2653 1122//2653
f 1132//2654 1131//2654 1983//2654
f 1983//2654 1131//2654 1984//2654
f 1983//2655 1984//2655 1982//2655
f 1982//2655 1984//2655 1985//2655
f 1982//2656 1985//2656 1981//2656
f 1981//2656 1985//2656 1986//2656
f 1981//2657 1986//2657 1980//2657
f 1980//2657 1986//2657 1987//2657
f 1980//2658 1987//2658 1979//2658
f 1979//2658 1987//2658 1988//2658
f 1979//2659 1988//2659 1978//2659
f 1978//2659 1988//2659 1989//2659
f 1978//2660 1989//2660 1977//2660
f 1977//2660 1989//2660 1990//2660
f 1977//2661 1990//2661 1976//2661
f 1976//2661 1990//2661 1991//2661
f 1976//2662 1991//2662 1048//2662
f 1048//2662 1991//2662 1047//2662
f 1131//2663 1129//2663 1984//2663
f 1984//2663 1129//2663 1796//2663
f 1984//2664 1796//2664 1985//2664
f 1985//2664 1796//2664 1798//2664
f 1985//2665 1798//2665 1986//2665
f 1986//2665 1798//2665 1800//2665
f 1986//2666 1800//2666 1987//2666
f 1987//2666 1800//2666 1802//2666
f 1987//2667 1802//2667 1988//2667
f 1988//2667 1802//2667 1804//2667
f 1988//2668 1804//2668 1989//2668
f 1989//2668 1804//2668 1806//2668
f 1989//2669 1806//2669 1990//2669
f 1990//2669 1806//2669 1808//2669
f 1990//2670 1808//2670 1991//2670
f 1991//2670 1808//2670 1810//2670
f 1991//2671 1810//2671 1047//2671
f 1047//2671 1810//2671 1046//2671
f 1708//2672 1044//2672 1810//2672
f 1810//2673 1044//2673 1045//2673
f 1810//2674 1045//2674 1046//2674
f 1042//2675 1043//2675 1992//2675
f 1992//2676 1043//2676 1708//2676
f 1992//2677 1708//2677 1993//2677
f 1993//2677 1708//2677 1809//2677
f 1993//2678 1809//2678 1994//2678
f 1994//2679 1809//2679 1807//2679
f 1994//2680 1807//2680 1995//2680
f 1995//2680 1807//2680 1805//2680
f 1995//2681 1805//2681 1996//2681
f 1996//2681 1805//2681 1803//2681
f 1996//2682 1803//2682 1997//2682
f 1997//2682 1803//2682 1801//2682
f 1997//2683 1801//2683 1998//2683
f 1998//2683 1801//2683 1799//2683
f 1998//2684 1799//2684 1999//2684
f 1999//2684 1799//2684 1797//2684
f 1999//2685 1797//2685 1138//2685
f 1138//2686 1797//2686 1139//2686
f 1138//2687 1136//2687 1999//2687
f 1999//2687 1136//2687 2000//2687
f 1999//2688 2000//2688 1998//2688
f 1998//2688 2000//2688 2001//2688
f 1998//2689 2001//2689 1997//2689
f 1997//2689 2001//2689 2002//2689
f 1997//2690 2002//2690 1996//2690
f 1996//2690 2002//2690 2003//2690
f 1996//2691 2003//2691 1995//2691
f 1995//2691 2003//2691 2004//2691
f 1995//2692 2004//2692 1994//2692
f 1994//2692 2004//2692 2005//2692
f 1994//2693 2005//2693 1993//2693
f 1993//2694 2005//2694 2006//2694
f 1993//2695 2006//2695 1992//2695
f 1992//2696 2006//2696 1707//2696
f 1992//2697 1707//2697 1042//2697
f 1042//2697 1707//2697 1041//2697
f 1039//2698 1040//2698 1706//2698
f 1706//2699 1040//2699 1707//2699
f 1706//2700 1707//2700 2007//2700
f 2007//2700 1707//2700 2006//2700
f 2007//2701 2006//2701 2008//2701
f 2008//2701 2006//2701 2005//2701
f 2008//2702 2005//2702 2009//2702
f 2009//2703 2005//2703 2004//2703
f 2009//2704 2004//2704 2010//2704
f 2010//2704 2004//2704 2003//2704
f 2010//2705 2003//2705 2011//2705
f 2011//2705 2003//2705 2002//2705
f 2011//2706 2002//2706 2012//2706
f 2012//2706 2002//2706 2001//2706
f 2012//2707 2001//2707 2013//2707
f 2013//2707 2001//2707 2000//2707
f 2013//2708 2000//2708 1134//2708
f 1134//2708 2000//2708 1136//2708
f 1037//2709 1038//2709 1705//2709
f 1705//2710 1038//2710 1706//2710
f 1705//2711 1706//2711 2014//2711
f 2014//2712 1706//2712 2007//2712
f 2014//2713 2007//2713 2015//2713
f 2015//2713 2007//2713 2008//2713
f 2015//2714 2008//2714 2016//2714
f 2016//2714 2008//2714 2009//2714
f 2016//2715 2009//2715 2017//2715
f 2017//2715 2009//2715 2010//2715
f 2017//2716 2010//2716 2018//2716
f 2018//2716 2010//2716 2011//2716
f 2018//2717 2011//2717 2019//2717
f 2019//2718 2011//2718 2012//2718
f 2019//2719 2012//2719 2020//2719
f 2020//2719 2012//2719 2013//2719
f 2020//2720 2013//2720 1133//2720
f 1133//2720 2013//2720 1134//2720
f 1035//2721 1036//2721 2021//2721
f 2021//2722 1036//2722 1705//2722
f 2021//2723 1705//2723 2022//2723
f 2022//2723 1705//2723 2014//2723
f 2022//2724 2014//2724 2023//2724
f 2023//2724 2014//2724 2015//2724
f 2023//2725 2015//2725 2024//2725
f 2024//2725 2015//2725 2016//2725
f 2024//2726 2016//2726 2025//2726
f 2025//2726 2016//2726 2017//2726
f 2025//2727 2017//2727 2026//2727
f 2026//2727 2017//2727 2018//2727
f 2026//2728 2018//2728 2027//2728
f 2027//2728 2018//2728 2019//2728
f 2027//2729 2019//2729 2028//2729
f 2028//2729 2019//2729 2020//2729
f 2028//2730 2020//2730 1062//2730
f 1062//2730 2020//2730 1133//2730
f 1062//2731 1060//2731 2028//2731
f 2028//2732 1060//2732 1811//2732
f 2028//2733 1811//2733 2027//2733
f 2027//2733 1811//2733 1813//2733
f 2027//2734 1813//2734 2026//2734
f 2026//2735 1813//2735 1815//2735
f 2026//2736 1815//2736 2025//2736
f 2025//2736 1815//2736 1817//2736
f 2025//2737 1817//2737 2024//2737
f 2024//2737 1817//2737 1819//2737
f 2024//2738 1819//2738 2023//2738
f 2023//2739 1819//2739 1821//2739
f 2023//2740 1821//2740 2022//2740
f 2022//2741 1821//2741 1823//2741
f 2022//2742 1823//2742 2021//2742
f 2021//2743 1823//2743 1825//2743
f 2021//2744 1825//2744 1035//2744
f 1035//2745 1825//2745 1034//2745
f 1704//2746 1032//2746 1825//2746
f 1825//2747 1032//2747 1033//2747
f 1825//2748 1033//2748 1034//2748
f 1030//2749 1031//2749 2029//2749
f 2029//2750 1031//2750 1704//2750
f 2029//2751 1704//2751 2030//2751
f 2030//2752 1704//2752 1824//2752
f 2030//2753 1824//2753 2031//2753
f 2031//2754 1824//2754 1822//2754
f 2031//2755 1822//2755 2032//2755
f 2032//2756 1822//2756 1820//2756
f 2032//2757 1820//2757 2033//2757
f 2033//2758 1820//2758 1818//2758
f 2033//2759 1818//2759 2034//2759
f 2034//2759 1818//2759 1816//2759
f 2034//2760 1816//2760 2035//2760
f 2035//2760 1816//2760 1814//2760
f 2035//2761 1814//2761 2036//2761
f 2036//2761 1814//2761 1812//2761
f 2036//2762 1812//2762 1069//2762
f 1069//2762 1812//2762 1070//2762
f 1069//2763 1067//2763 2036//2763
f 2036//2763 1067//2763 2037//2763
f 2036//2764 2037//2764 2035//2764
f 2035//2765 2037//2765 2038//2765
f 2035//2766 2038//2766 2034//2766
f 2034//2766 2038//2766 2039//2766
f 2034//2767 2039//2767 2033//2767
f 2033//2767 2039//2767 2040//2767
f 2033//2768 2040//2768 2032//2768
f 2032//2769 2040//2769 2041//2769
f 2032//2770 2041//2770 2031//2770
f 2031//2771 2041//2771 2042//2771
f 2031//2772 2042//2772 2030//2772
f 2030//2773 2042//2773 2043//2773
f 2030//2774 2043//2774 2029//2774
f 2029//2774 2043//2774 1703//2774
f 2029//2775 1703//2775 1030//2775
f 1030//2775 1703//2775 1029//2775
f 1027//2776 1028//2776 1702//2776
f 1702//2777 1028//2777 1703//2777
f 1702//2778 1703//2778 2044//2778
f 2044//2778 1703//2778 2043//2778
f 2044//2779 2043//2779 2045//2779
f 2045//2780 2043//2780 2042//2780
f 2045//2781 2042//2781 2046//2781
f 2046//2782 2042//2782 2041//2782
f 2046//2783 2041//2783 2047//2783
f 2047//2783 2041//2783 2040//2783
f 2047//2784 2040//2784 2048//2784
f 2048//2785 2040//2785 2039//2785
f 2048//2786 2039//2786 2049//2786
f 2049//2787 2039//2787 2038//2787
f 2049//2788 2038//2788 2050//2788
f 2050//2789 2038//2789 2037//2789
f 2050//2790 2037//2790 1065//2790
f 1065//2791 2037//2791 1067//2791
f 1025//2792 1026//2792 1701//2792
f 1701//2793 1026//2793 1702//2793
f 1701//2794 1702//2794 2051//2794
f 2051//2795 1702//2795 2044//2795
f 2051//2796 2044//2796 2052//2796
f 2052//2796 2044//2796 2045//2796
f 2052//2797 2045//2797 2053//2797
f 2053//2797 2045//2797 2046//2797
f 2053//2798 2046//2798 2054//2798
f 2054//2798 2046//2798 2047//2798
f 2054//2799 2047//2799 2055//2799
f 2055//2799 2047//2799 2048//2799
f 2055//2800 2048//2800 2056//2800
f 2056//2800 2048//2800 2049//2800
f 2056//2801 2049//2801 2057//2801
f 2057//2801 2049//2801 2050//2801
f 2057//2802 2050//2802 1099//2802
f 1099//2802 2050//2802 1065//2802
f 1021//2803 1022//2803 2058//2803
f 2058//2804 1022//2804 1701//2804
f 2058//2805 1701//2805 2059//2805
f 2059//2806 1701//2806 2051//2806
f 2059//2807 2051//2807 2060//2807
f 2060//2807 2051//2807 2052//2807
f 2060//2808 2052//2808 2061//2808
f 2061//2808 2052//2808 2053//2808
f 2061//2809 2053//2809 2062//2809
f 2062//2809 2053//2809 2054//2809
f 2062//2810 2054//2810 2063//2810
f 2063//2810 2054//2810 2055//2810
f 2063//2811 2055//2811 2064//2811
f 2064//2812 2055//2812 2056//2812
f 2064//2813 2056//2813 2065//2813
f 2065//2814 2056//2814 2057//2814
f 2065//2815 2057//2815 1098//2815
f 1098//2816 2057//2816 1099//2816
f 1098//2817 1096//2817 2065//2817
f 2065//2817 1096//2817 1826//2817
f 2065//2818 1826//2818 2064//2818
f 2064//2819 1826//2819 1828//2819
f 2064//2820 1828//2820 2063//2820
f 2063//2820 1828//2820 1830//2820
f 2063//2821 1830//2821 2062//2821
f 2062//2821 1830//2821 1832//2821
f 2062//2822 1832//2822 2061//2822
f 2061//2822 1832//2822 1834//2822
f 2061//2823 1834//2823 2060//2823
f 2060//2823 1834//2823 1836//2823
f 2060//2824 1836//2824 2059//2824
f 2059//2825 1836//2825 1838//2825
f 2059//2826 1838//2826 2058//2826
f 2058//2826 1838//2826 1840//2826
f 2058//2827 1840//2827 1021//2827
f 1021//2828 1840//2828 1020//2828
f 1700//2829 1023//2829 1840//2829
f 1840//2830 1023//2830 1024//2830
f 1840//2831 1024//2831 1020//2831
f 1018//2832 1019//2832 2066//2832
f 2066//2833 1019//2833 1700//2833
f 2066//2834 1700//2834 2067//2834
f 2067//2835 1700//2835 1839//2835
f 2067//2836 1839//2836 2068//2836
f 2068//2837 1839//2837 1837//2837
f 2068//2838 1837//2838 2069//2838
f 2069//2838 1837//2838 1835//2838
f 2069//2839 1835//2839 2070//2839
f 2070//2840 1835//2840 1833//2840
f 2070//2841 1833//2841 2071//2841
f 2071//2841 1833//2841 1831//2841
f 2071//2842 1831//2842 2072//2842
f 2072//2843 1831//2843 1829//2843
f 2072//2844 1829//2844 2073//2844
f 2073//2844 1829//2844 1827//2844
f 2073//2845 1827//2845 1093//2845
f 1093//2845 1827//2845 1094//2845
f 1093//2846 1086//2846 2073//2846
f 2073//2847 1086//2847 2074//2847
f 2073//2848 2074//2848 2072//2848
f 2072//2848 2074//2848 2075//2848
f 2072//2849 2075//2849 2071//2849
f 2071//2850 2075//2850 2076//2850
f 2071//2851 2076//2851 2070//2851
f 2070//2852 2076//2852 2077//2852
f 2070//2853 2077//2853 2069//2853
f 2069//2853 2077//2853 2078//2853
f 2069//2854 2078//2854 2068//2854
f 2068//2855 2078//2855 2079//2855
f 2068//2856 2079//2856 2067//2856
f 2067//2857 2079//2857 2080//2857
f 2067//2858 2080//2858 2066//2858
f 2066//2859 2080//2859 1699//2859
f 2066//2860 1699//2860 1018//2860
f 1018//2861 1699//2861 1017//2861
f 1015//2862 1016//2862 1855//2862
f 1855//2863 1016//2863 1699//2863
f 1855//2864 1699//2864 1853//2864
f 1853//2864 1699//2864 2080//2864
f 1853//2865 2080//2865 1851//2865
f 1851//2865 2080//2865 2079//2865
f 1851//2866 2079//2866 1849//2866
f 1849//2867 2079//2867 2078//2867
f 1849//2868 2078//2868 1847//2868
f 1847//2868 2078//2868 2077//2868
f 1847//2869 2077//2869 1845//2869
f 1845//2869 2077//2869 2076//2869
f 1845//2870 2076//2870 1843//2870
f 1843//2870 2076//2870 2075//2870
f 1843//2871 2075//2871 1841//2871
f 1841//2871 2075//2871 2074//2871
f 1841//2872 2074//2872 1084//2872
f 1084//2872 2074//2872 1086//2872
f 1698//2873 1013//2873 1855//2873
f 1855//2874 1013//2874 1014//2874
f 1855//2875 1014//2875 1015//2875
f 1011//2876 1012//2876 2081//2876
f 2081//2877 1012//2877 1698//2877
f 2081//2878 1698//2878 2082//2878
f 2082//2878 1698//2878 1854//2878
f 2082//2879 1854//2879 2083//2879
f 2083//2880 1854//2880 1852//2880
f 2083//2881 1852//2881 2084//2881
f 2084//2881 1852//2881 1850//2881
f 2084//2882 1850//2882 2085//2882
f 2085//2882 1850//2882 1848//2882
f 2085//2883 1848//2883 2086//2883
f 2086//2883 1848//2883 1846//2883
f 2086//2884 1846//2884 2087//2884
f 2087//2884 1846//2884 1844//2884
f 2087//2885 1844//2885 2088//2885
f 2088//2885 1844//2885 1842//2885
f 2088//2886 1842//2886 1105//2886
f 1105//2886 1842//2886 1106//2886
f 1105//2887 1103//2887 2088//2887
f 2088//2887 1103//2887 1856//2887
f 2088//2888 1856//2888 2087//2888
f 2087//2888 1856//2888 1858//2888
f 2087//2889 1858//2889 2086//2889
f 2086//2889 1858//2889 1860//2889
f 2086//2890 1860//2890 2085//2890
f 2085//2890 1860//2890 1862//2890
f 2085//2891 1862//2891 2084//2891
f 2084//2891 1862//2891 1864//2891
f 2084//2892 1864//2892 2083//2892
f 2083//2892 1864//2892 1866//2892
f 2083//2893 1866//2893 2082//2893
f 2082//2893 1866//2893 1868//2893
f 2082//2894 1868//2894 2081//2894
f 2081//2894 1868//2894 1870//2894
f 2081//2895 1870//2895 1011//2895
f 1011//2895 1870//2895 1010//2895
f 1697//2896 1008//2896 1870//2896
f 1870//2897 1008//2897 1009//2897
f 1870//2898 1009//2898 1010//2898
f 1006//2899 1007//2899 2089//2899
f 2089//2900 1007//2900 1697//2900
f 2089//2901 1697//2901 2090//2901
f 2090//2901 1697//2901 1869//2901
f 2090//2902 1869//2902 2091//2902
f 2091//2902 1869//2902 1867//2902
f 2091//2903 1867//2903 2092//2903
f 2092//2903 1867//2903 1865//2903
f 2092//2904 1865//2904 2093//2904
f 2093//2904 1865//2904 1863//2904
f 2093//2905 1863//2905 2094//2905
f 2094//2905 1863//2905 1861//2905
f 2094//2906 1861//2906 2095//2906
f 2095//2906 1861//2906 1859//2906
f 2095//2907 1859//2907 2096//2907
f 2096//2907 1859//2907 1857//2907
f 2096//2908 1857//2908 1100//2908
f 1100//2908 1857//2908 1101//2908
f 1100//2909 1057//2909 2096//2909
f 2096//2909 1057//2909 1871//2909
f 2096//2910 1871//2910 2095//2910
f 2095//2910 1871//2910 1872//2910
f 2095//2911 1872//2911 2094//2911
f 2094//2911 1872//2911 1873//2911
f 2094//2912 1873//2912 2093//2912
f 2093//2912 1873//2912 1874//2912
f 2093//2913 1874//2913 2092//2913
f 2092//2913 1874//2913 1875//2913
f 2092//2914 1875//2914 2091//2914
f 2091//2914 1875//2914 1876//2914
f 2091//2915 1876//2915 2090//2915
f 2090//2915 1876//2915 1877//2915
f 2090//2916 1877//2916 2089//2916
f 2089//2916 1877//2916 1878//2916
f 2089//2917 1878//2917 1006//2917
f 1006//2917 1878//2917 1005//2917
f 434//2918 2097//2918 433//2918
f 433//2918 2097//2918 2098//2918
f 433//2919 2098//2919 442//2919
f 442//2919 2098//2919 2099//2919
f 442//2920 2099//2920 443//2920
f 443//2920 2099//2920 2100//2920
f 443//2921 2100//2921 445//2921
f 445//2921 2100//2921 2101//2921
f 445//2922 2101//2922 436//2922
f 436//2922 2101//2922 2102//2922
f 436//2923 2102//2923 437//2923
f 437//2923 2102//2923 2103//2923
f 437//2924 2103//2924 438//2924
f 438//2924 2103//2924 2104//2924
f 438//2925 2104//2925 424//2925
f 424//2925 2104//2925 2105//2925
f 424//2926 2105//2926 423//2926
f 423//2926 2105//2926 2106//2926
f 423//1708 2106//1708 422//1708
f 422//1708 2106//1708 2107//1708
f 422//1709 2107//1709 425//1709
f 425//1709 2107//1709 2108//1709
f 425//1710 2108//1710 426//1710
f 426//1710 2108//1710 2109//1710
f 426//2927 2109//2927 407//2927
f 407//2927 2109//2927 2110//2927
f 407//1712 2110//1712 396//1712
f 396//1712 2110//1712 2111//1712
f 396//2928 2111//2928 399//2928
f 399//2928 2111//2928 2112//2928
f 399//1714 2112//1714 400//1714
f 400//1714 2112//1714 2113//1714
f 400//1715 2113//1715 390//1715
f 390//1715 2113//1715 2114//1715
f 390//1716 2114//1716 389//1716
f 389//1716 2114//1716 2115//1716
f 389//1663 2115//1663 388//1663
f 388//1663 2115//1663 2116//1663
f 388//1664 2116//1664 408//1664
f 408//1664 2116//1664 2117//1664
f 408//1665 2117//1665 409//1665
f 409//1665 2117//1665 2118//1665
f 409//2929 2118//2929 393//2929
f 393//1666 2118//1666 2119//1666
f 393//1667 2119//1667 402//1667
f 402//1667 2119//1667 2120//1667
f 402//2930 2120//2930 403//2930
f 403//2930 2120//2930 2121//2930
f 403//1669 2121//1669 404//1669
f 404//1669 2121//1669 2122//1669
f 404//1670 2122//1670 417//1670
f 417//1670 2122//1670 2123//1670
f 417//1671 2123//1671 416//1671
f 416//1671 2123//1671 2124//1671
f 416//1319 2124//1319 415//1319
f 415//1319 2124//1319 2125//1319
f 415//1320 2125//1320 418//1320
f 418//1320 2125//1320 2126//1320
f 418//1321 2126//1321 419//1321
f 419//1321 2126//1321 2127//1321
f 419//2931 2127//2931 421//2931
f 421//2931 2127//2931 2128//2931
f 421//1323 2128//1323 431//1323
f 431//1323 2128//1323 2129//1323
f 431//1324 2129//1324 440//1324
f 440//2932 2129//2932 2130//2932
f 440//1325 2130//1325 441//1325
f 441//1325 2130//1325 2131//1325
f 441//1326 2131//1326 435//1326
f 435//1326 2131//1326 2132//1326
f 435//1327 2132//1327 434//1327
f 434//1327 2132//1327 2097//1327
f 2117//16 2116//16 2133//16
f 2133//16 2116//16 2115//16
f 2133//16 2115//16 2114//16
f 2120//16 2119//16 2133//16
f 2133//16 2119//16 2118//16
f 2133//16 2118//16 2117//16
f 2123//16 2122//16 2133//16
f 2133//16 2122//16 2121//16
f 2133//16 2121//16 2120//16
f 2126//16 2125//16 2133//16
f 2133//16 2125//16 2124//16
f 2133//16 2124//16 2123//16
f 2129//16 2128//16 2133//16
f 2133//16 2128//16 2127//16
f 2133//16 2127//16 2126//16
f 2132//16 2131//16 2133//16
f 2133//16 2131//16 2130//16
f 2133//16 2130//16 2129//16
f 2099//16 2098//16 2133//16
f 2133//16 2098//16 2097//16
f 2133//16 2097//16 2132//16
f 2102//16 2101//16 2133//16
f 2133//16 2101//16 2100//16
f 2133//16 2100//16 2099//16
f 2105//16 2104//16 2133//16
f 2133//16 2104//16 2103//16
f 2133//16 2103//16 2102//16
f 2108//16 2107//16 2133//16
f 2133//16 2107//16 2106//16
f 2133//16 2106//16 2105//16
f 2111//16 2110//16 2133//16
f 2133//16 2110//16 2109//16
f 2133//16 2109//16 2108//16
f 2114//16 2113//16 2133//16
f 2133//16 2113//16 2112//16
f 2133//16 2112//16 2111//16
f 2134//2933 1054//2933 1056//2933
f 2134//2934 2135//2934 1054//2934
f 1054//2935 2135//2935 2136//2935
f 1054//2936 2136//2936 1075//2936
f 2136//2937 2137//2937 1075//2937
f 1075//2938 2137//2938 2138//2938
f 1075//2939 2138//2939 1073//2939
f 2138//2940 2139//2940 1073//2940
f 1073//2941 2139//2941 2140//2941
f 1073//2942 2140//2942 1071//2942
f 2140//2943 2141//2943 1071//2943
f 1071//2944 2141//2944 2142//2944
f 1071//2945 2142//2945 1080//2945
f 2142//2946 2143//2946 1080//2946
f 1080//2947 2143//2947 2144//2947
f 1080//2948 2144//2948 1078//2948
f 2144//2949 2145//2949 1078//2949
f 1078//2950 2145//2950 2146//2950
f 1078//2951 2146//2951 1111//2951
f 2146//2952 2147//2952 1111//2952
f 1111//2953 2147//2953 2148//2953
f 1111//2954 2148//2954 1109//2954
f 2148//2955 2149//2955 1109//2955
f 1109//2956 2149//2956 2150//2956
f 1109//2957 2150//2957 1107//2957
f 2150//2958 2151//2958 1107//2958
f 1107//2959 2151//2959 2152//2959
f 1107//2960 2152//2960 1118//2960
f 2152//2961 2153//2961 1118//2961
f 1118//2962 2153//2962 2154//2962
f 1118//2963 2154//2963 1116//2963
f 2154//2964 2155//2964 1116//2964
f 1116//2965 2155//2965 2156//2965
f 1116//2966 2156//2966 1092//2966
f 2156//2967 2157//2967 1092//2967
f 1092//2968 2157//2968 2158//2968
f 1092//2969 2158//2969 1090//2969
f 2158//2970 2159//2970 1090//2970
f 1090//2215 2159//2215 2160//2215
f 1090//2971 2160//2971 1088//2971
f 2160//2213 2161//2213 1088//2213
f 1088//2972 2161//2972 2162//2972
f 1088//2973 2162//2973 1125//2973
f 2162//2974 2163//2974 1125//2974
f 1125//2975 2163//2975 2164//2975
f 1125//2976 2164//2976 1123//2976
f 2164//2977 2165//2977 1123//2977
f 1123//2978 2165//2978 2166//2978
f 1123//2979 2166//2979 1121//2979
f 2166//2980 2167//2980 1121//2980
f 1121//2981 2167//2981 2168//2981
f 1121//2982 2168//2982 1130//2982
f 2168//2983 2169//2983 1130//2983
f 1130//2984 2169//2984 2170//2984
f 1130//2985 2170//2985 1128//2985
f 2170//2986 2171//2986 1128//2986
f 1128//2987 2171//2987 2172//2987
f 1128//2988 2172//2988 1137//2988
f 2172//2989 2173//2989 1137//2989
f 1137//2990 2173//2990 2174//2990
f 1137//2991 2174//2991 1135//2991
f 2174//2992 2175//2992 1135//2992
f 1135//2993 2175//2993 2176//2993
f 1135//2994 2176//2994 1063//2994
f 2176//2995 2177//2995 1063//2995
f 1063//2996 2177//2996 2178//2996
f 1063//2997 2178//2997 1061//2997
f 2178//2998 2179//2998 1061//2998
f 1061//2999 2179//2999 2180//2999
f 1061//3000 2180//3000 1059//3000
f 2180//3001 2181//3001 1059//3001
f 1059//3002 2181//3002 2182//3002
f 1059//3003 2182//3003 1068//3003
f 2182//3004 2183//3004 1068//3004
f 1068//3005 2183//3005 2184//3005
f 1068//3006 2184//3006 1066//3006
f 2184//3007 2185//3007 1066//3007
f 1066//3008 2185//3008 2186//3008
f 1066//3009 2186//3009 1064//3009
f 2186//3010 2187//3010 1064//3010
f 1064//3011 2187//3011 2188//3011
f 1064//3012 2188//3012 1097//3012
f 2188//3013 2189//3013 1097//3013
f 1097//3014 2189//3014 2190//3014
f 1097//3015 2190//3015 1095//3015
f 2190//3016 2191//3016 1095//3016
f 1095//3017 2191//3017 2192//3017
f 1095//3018 2192//3018 1087//3018
f 2192//3019 2193//3019 1087//3019
f 1087//3020 2193//3020 2194//3020
f 1087//3021 2194//3021 1085//3021
f 2194//3022 2195//3022 1085//3022
f 1085//3023 2195//3023 2196//3023
f 1085//3024 2196//3024 1083//3024
f 2196//3025 2197//3025 1083//3025
f 1083//3026 2197//3026 2198//3026
f 1083//3027 2198//3027 1104//3027
f 2198//3028 2199//3028 1104//3028
f 1104//3029 2199//3029 2200//3029
f 1104//3030 2200//3030 1102//3030
f 2200//3031 2201//3031 1102//3031
f 1102//3032 2201//3032 2202//3032
f 1102//3033 2202//3033 1058//3033
f 2202//3034 2203//3034 1058//3034
f 1058//3035 2203//3035 2204//3035
f 1058//3036 2204//3036 1056//3036
f 1056//3037 2204//3037 2205//3037
f 1056//3038 2205//3038 2134//3038
f 2206//3039 2207//3039 2208//3039
f 2209//3040 2210//3040 2211//3040
f 2212//3041 2213//3041 2214//3041
f 2215//3042 2216//3042 2217//3042
f 2217//3043 2216//3043 2218//3043
f 2217//3044 2218//3044 2213//3044
f 2213//3045 2218//3045 2219//3045
f 2213//3046 2219//3046 2214//3046
f 2220//3047 2221//3047 2222//3047
f 2222//3048 2221//3048 2223//3048
f 2222//3049 2223//3049 2215//3049
f 2215//3050 2223//3050 2224//3050
f 2215//3051 2224//3051 2216//3051
f 2225//3052 2226//3052 2227//3052
f 2225//3053 2227//3053 2228//3053
f 2228//3054 2227//3054 2229//3054
f 2228//3055 2229//3055 2220//3055
f 2220//3056 2229//3056 2230//3056
f 2220//3057 2230//3057 2221//3057
f 2231//3058 2232//3058 2233//3058
f 2233//3059 2232//3059 2234//3059
f 2233//2981 2234//2981 2235//2981
f 2235//3060 2234//3060 2236//3060
f 2235//3061 2236//3061 2225//3061
f 2225//3062 2236//3062 2237//3062
f 2225//3063 2237//3063 2226//3063
f 2238//3064 2239//3064 2231//3064
f 2231//3065 2239//3065 2240//3065
f 2231//3066 2240//3066 2232//3066
f 2241//3067 2242//3067 2243//3067
f 2241//3068 2243//3068 2244//3068
f 2243//3069 2245//3069 2244//3069
f 2244//3070 2245//3070 2246//3070
f 2244//3071 2246//3071 2238//3071
f 2238//3072 2246//3072 2247//3072
f 2238//3073 2247//3073 2239//3073
f 2211//3074 2248//3074 2209//3074
f 2209//3075 2248//3075 2249//3075
f 2209//3076 2249//3076 2241//3076
f 2241//3077 2249//3077 2250//3077
f 2241//3078 2250//3078 2242//3078
f 2251//3079 2252//3079 2253//3079
f 2253//3080 2252//3080 2254//3080
f 2253//2215 2254//2215 2255//2215
f 2255//3081 2254//3081 2256//3081
f 2255//3082 2256//3082 2210//3082
f 2210//3083 2256//3083 2257//3083
f 2210//3084 2257//3084 2211//3084
f 2258//3085 2259//3085 2260//3085
f 2260//3086 2259//3086 2261//3086
f 2260//3087 2261//3087 2251//3087
f 2251//3088 2261//3088 2262//3088
f 2251//3089 2262//3089 2252//3089
f 2263//3090 2264//3090 2265//3090
f 2265//3091 2264//3091 2266//3091
f 2265//3092 2266//3092 2267//3092
f 2267//3093 2266//3093 2268//3093
f 2267//3094 2268//3094 2269//3094
f 2269//3095 2268//3095 2270//3095
f 2269//2953 2270//2953 2271//2953
f 2271//3096 2270//3096 2272//3096
f 2271//3097 2272//3097 2273//3097
f 2273//3098 2272//3098 2274//3098
f 2273//2956 2274//2956 2275//2956
f 2275//3099 2274//3099 2276//3099
f 2275//3100 2276//3100 2277//3100
f 2277//3101 2276//3101 2278//3101
f 2277//2959 2278//2959 2279//2959
f 2279//3102 2278//3102 2280//3102
f 2279//3103 2280//3103 2281//3103
f 2281//3104 2280//3104 2282//3104
f 2281//2962 2282//2962 2283//2962
f 2283//3105 2282//3105 2284//3105
f 2283//3106 2284//3106 2285//3106
f 2285//3107 2284//3107 2286//3107
f 2285//2965 2286//2965 2287//2965
f 2287//3108 2286//3108 2288//3108
f 2287//3109 2288//3109 2260//3109
f 2260//3110 2288//3110 2289//3110
f 2260//3111 2289//3111 2258//3111
f 2290//3112 2291//3112 2265//3112
f 2265//3113 2291//3113 2292//3113
f 2265//3114 2292//3114 2263//3114
f 2293//3115 2294//3115 2295//3115
f 2295//3116 2296//3116 2293//3116
f 2293//3117 2296//3117 2297//3117
f 2293//3118 2297//3118 2298//3118
f 2298//3119 2297//3119 2299//3119
f 2298//2944 2299//2944 2300//2944
f 2300//3120 2299//3120 2301//3120
f 2300//3121 2301//3121 2302//3121
f 2302//3122 2301//3122 2303//3122
f 2302//2947 2303//2947 2290//2947
f 2290//3123 2303//3123 2304//3123
f 2290//3124 2304//3124 2291//3124
f 2305//3125 2306//3125 2307//3125
f 2307//3126 2306//3126 2308//3126
f 2307//3127 2308//3127 2294//3127
f 2294//3128 2308//3128 2309//3128
f 2294//3129 2309//3129 2295//3129
f 2310//3130 2311//3130 2312//3130
f 2312//3131 2311//3131 2313//3131
f 2312//3132 2313//3132 2305//3132
f 2305//3133 2313//3133 2314//3133
f 2305//3134 2314//3134 2306//3134
f 2315//3135 2316//3135 2317//3135
f 2315//3136 2317//3136 2318//3136
f 2318//3137 2317//3137 2319//3137
f 2318//3138 2319//3138 2310//3138
f 2310//3139 2319//3139 2320//3139
f 2310//3140 2320//3140 2311//3140
f 2321//3141 2322//3141 2323//3141
f 2323//3142 2322//3142 2324//3142
f 2323//3035 2324//3035 2325//3035
f 2325//3143 2324//3143 2326//3143
f 2325//3144 2326//3144 2315//3144
f 2315//3145 2326//3145 2327//3145
f 2315//3146 2327//3146 2316//3146
f 2328//3147 2329//3147 2321//3147
f 2321//3148 2329//3148 2330//3148
f 2321//3149 2330//3149 2322//3149
f 2331//3150 2332//3150 2333//3150
f 2331//3151 2333//3151 2334//3151
f 2333//3152 2335//3152 2334//3152
f 2334//3153 2335//3153 2336//3153
f 2334//3154 2336//3154 2328//3154
f 2328//3155 2336//3155 2337//3155
f 2328//3156 2337//3156 2329//3156
f 2208//3157 2338//3157 2206//3157
f 2206//3158 2338//3158 2339//3158
f 2206//3159 2339//3159 2331//3159
f 2331//3160 2339//3160 2340//3160
f 2331//3161 2340//3161 2332//3161
f 2341//3162 2342//3162 2343//3162
f 2343//3163 2342//3163 2344//3163
f 2343//3023 2344//3023 2345//3023
f 2345//3164 2344//3164 2346//3164
f 2345//3165 2346//3165 2207//3165
f 2207//3166 2346//3166 2347//3166
f 2207//3167 2347//3167 2208//3167
f 2348//3168 2349//3168 2350//3168
f 2350//3169 2349//3169 2351//3169
f 2350//3170 2351//3170 2341//3170
f 2341//3171 2351//3171 2352//3171
f 2341//3172 2352//3172 2342//3172
f 2353//3173 2354//3173 2355//3173
f 2355//3174 2354//3174 2356//3174
f 2355//3175 2356//3175 2357//3175
f 2357//3176 2356//3176 2358//3176
f 2357//3177 2358//3177 2359//3177
f 2359//3178 2358//3178 2360//3178
f 2359//3005 2360//3005 2361//3005
f 2361//3179 2360//3179 2362//3179
f 2361//3180 2362//3180 2363//3180
f 2363//3181 2362//3181 2364//3181
f 2363//3008 2364//3008 2365//3008
f 2365//3182 2364//3182 2366//3182
f 2365//3183 2366//3183 2367//3183
f 2367//3184 2366//3184 2368//3184
f 2367//3011 2368//3011 2369//3011
f 2369//3185 2368//3185 2370//3185
f 2369//3186 2370//3186 2371//3186
f 2371//3187 2370//3187 2372//3187
f 2371//3014 2372//3014 2373//3014
f 2373//3188 2372//3188 2374//3188
f 2373//3189 2374//3189 2375//3189
f 2375//3190 2374//3190 2376//3190
f 2375//3017 2376//3017 2377//3017
f 2377//3191 2376//3191 2378//3191
f 2377//3192 2378//3192 2350//3192
f 2350//3193 2378//3193 2379//3193
f 2350//3194 2379//3194 2348//3194
f 2380//3195 2381//3195 2355//3195
f 2355//3196 2381//3196 2382//3196
f 2355//3197 2382//3197 2353//3197
f 2214//3198 2383//3198 2212//3198
f 2212//3199 2383//3199 2384//3199
f 2212//3200 2384//3200 2385//3200
f 2385//3201 2384//3201 2386//3201
f 2385//2996 2386//2996 2387//2996
f 2387//3202 2386//3202 2388//3202
f 2387//3203 2388//3203 2389//3203
f 2389//3204 2388//3204 2390//3204
f 2389//2999 2390//2999 2380//2999
f 2380//3205 2390//3205 2391//3205
f 2380//3206 2391//3206 2381//3206
f 2392//3207 2393//3207 2394//3207
f 2395//3208 2396//3208 2397//3208
f 2398//3209 2399//3209 2400//3209
f 2401//3210 2402//3210 2403//3210
f 2404//3211 2405//3211 2406//3211
f 2311//3212 2320//3212 2407//3212
f 2408//3213 2316//3213 2327//3213
f 2399//3214 2398//3214 2409//3214
f 2410//3215 2411//3215 2412//3215
f 2413//3216 2414//3216 2415//3216
f 2413//3217 2415//3217 2416//3217
f 2416//3218 2415//3218 2417//3218
f 2416//3219 2417//3219 2418//3219
f 2410//3220 2412//3220 2409//3220
f 2398//3214 2339//3214 2409//3214
f 2409//3221 2339//3221 2338//3221
f 2409//3222 2338//3222 2419//3222
f 2419//3223 2338//3223 2208//3223
f 2333//3224 2332//3224 2420//3224
f 2420//3225 2332//3225 2340//3225
f 2336//3226 2335//3226 2421//3226
f 2421//3227 2335//3227 2333//3227
f 2324//3228 2322//3228 2422//3228
f 2422//3229 2322//3229 2330//3229
f 2422//3230 2330//3230 2423//3230
f 2423//3231 2330//3231 2329//3231
f 2423//3232 2329//3232 2424//3232
f 2424//3233 2329//3233 2337//3233
f 2424//3234 2337//3234 2336//3234
f 2425//3235 2319//3235 2408//3235
f 2408//3236 2319//3236 2317//3236
f 2408//3237 2317//3237 2316//3237
f 2311//3238 2407//3238 2313//3238
f 2314//3239 2426//3239 2306//3239
f 2306//3240 2426//3240 2427//3240
f 2306//3241 2427//3241 2308//3241
f 2308//3242 2427//3242 2309//3242
f 2309//3243 2427//3243 2428//3243
f 2309//3244 2428//3244 2295//3244
f 2295//3245 2428//3245 2429//3245
f 2295//3246 2429//3246 2296//3246
f 2430//3247 2431//3247 2432//3247
f 2431//3248 2430//3248 2433//3248
f 2433//3249 2430//3249 2434//3249
f 2433//3250 2434//3250 2435//3250
f 2435//3251 2434//3251 2404//3251
f 2404//3252 2434//3252 2436//3252
f 2404//3253 2436//3253 2405//3253
f 2405//3254 2436//3254 2437//3254
f 2405//3255 2437//3255 2406//3255
f 2438//3256 2439//3256 2403//3256
f 2403//3257 2439//3257 2440//3257
f 2403//3258 2440//3258 2401//3258
f 2441//3259 2442//3259 2438//3259
f 2438//3260 2442//3260 2443//3260
f 2438//3261 2443//3261 2439//3261
f 2409//3214 2412//3214 2399//3214
f 2399//3262 2412//3262 2444//3262
f 2399//3263 2444//3263 2400//3263
f 2336//3264 2421//3264 2424//3264
f 2424//3265 2421//3265 2395//3265
f 2424//3266 2395//3266 2423//3266
f 2423//3267 2395//3267 2397//3267
f 2423//3230 2397//3230 2422//3230
f 2445//3268 2446//3268 2447//3268
f 2314//3269 2313//3269 2447//3269
f 2447//3270 2313//3270 2407//3270
f 2447//3271 2407//3271 2445//3271
f 2445//3272 2407//3272 2448//3272
f 2320//3273 2319//3273 2407//3273
f 2407//3274 2319//3274 2425//3274
f 2407//3275 2425//3275 2448//3275
f 2448//3276 2425//3276 2408//3276
f 2448//3277 2408//3277 2449//3277
f 2449//3278 2408//3278 2327//3278
f 2449//3279 2327//3279 2422//3279
f 2422//3280 2327//3280 2326//3280
f 2422//3281 2326//3281 2324//3281
f 2450//3282 2451//3282 2452//3282
f 2452//3283 2451//3283 2453//3283
f 2452//3284 2453//3284 2454//3284
f 2314//3285 2450//3285 2426//3285
f 2426//3282 2450//3282 2452//3282
f 2426//3286 2452//3286 2427//3286
f 2427//3284 2452//3284 2454//3284
f 2427//3287 2454//3287 2428//3287
f 2428//3288 2454//3288 2455//3288
f 2428//3289 2455//3289 2429//3289
f 2429//3290 2455//3290 2456//3290
f 2429//3291 2456//3291 2296//3291
f 2296//3292 2456//3292 2457//3292
f 2296//3293 2457//3293 2297//3293
f 2458//3294 2459//3294 2460//3294
f 2460//3295 2459//3295 2461//3295
f 2460//3296 2461//3296 2462//3296
f 2462//3297 2461//3297 2463//3297
f 2462//3298 2463//3298 2464//3298
f 2314//3299 2447//3299 2450//3299
f 2450//3300 2447//3300 2446//3300
f 2450//3301 2446//3301 2451//3301
f 2451//3301 2446//3301 2458//3301
f 2451//3302 2458//3302 2453//3302
f 2453//3303 2458//3303 2460//3303
f 2453//3304 2460//3304 2454//3304
f 2454//3305 2460//3305 2462//3305
f 2454//3306 2462//3306 2455//3306
f 2455//3307 2462//3307 2464//3307
f 2455//3308 2464//3308 2456//3308
f 2411//3309 2418//3309 2412//3309
f 2412//3310 2418//3310 2417//3310
f 2412//3262 2417//3262 2444//3262
f 2444//3262 2417//3262 2415//3262
f 2444//3311 2415//3311 2392//3311
f 2392//3312 2415//3312 2414//3312
f 2392//3313 2414//3313 2393//3313
f 2393//3314 2414//3314 2465//3314
f 2393//3315 2465//3315 2394//3315
f 2394//3316 2465//3316 2466//3316
f 2394//3317 2466//3317 2467//3317
f 2466//3318 2442//3318 2467//3318
f 2467//3319 2442//3319 2441//3319
f 2467//3320 2441//3320 2394//3320
f 2394//3320 2441//3320 2468//3320
f 2394//3321 2468//3321 2392//3321
f 2392//3322 2468//3322 2469//3322
f 2392//3323 2469//3323 2444//3323
f 2444//3324 2469//3324 2470//3324
f 2444//3325 2470//3325 2400//3325
f 2400//3326 2470//3326 2420//3326
f 2400//3327 2420//3327 2398//3327
f 2398//3328 2420//3328 2340//3328
f 2398//3329 2340//3329 2339//3329
f 2333//3330 2420//3330 2421//3330
f 2421//3331 2420//3331 2470//3331
f 2421//3332 2470//3332 2395//3332
f 2395//3332 2470//3332 2469//3332
f 2395//3333 2469//3333 2396//3333
f 2396//3333 2469//3333 2468//3333
f 2396//3208 2468//3208 2397//3208
f 2397//3334 2468//3334 2441//3334
f 2397//3230 2441//3230 2422//3230
f 2422//3335 2441//3335 2438//3335
f 2422//3336 2438//3336 2449//3336
f 2449//3337 2438//3337 2403//3337
f 2449//3277 2403//3277 2448//3277
f 2448//3338 2403//3338 2402//3338
f 2448//3339 2402//3339 2445//3339
f 2445//3340 2402//3340 2437//3340
f 2445//3341 2437//3341 2446//3341
f 2446//3342 2437//3342 2436//3342
f 2446//3301 2436//3301 2458//3301
f 2458//3343 2436//3343 2434//3343
f 2458//3294 2434//3294 2459//3294
f 2459//3344 2434//3344 2430//3344
f 2459//3345 2430//3345 2461//3345
f 2461//3346 2430//3346 2432//3346
f 2461//3347 2432//3347 2463//3347
f 2471//3348 2472//3348 2473//3348
f 2474//3349 2475//3349 2476//3349
f 2477//3350 2478//3350 2475//3350
f 2479//3351 2480//3351 2481//3351
f 2481//3352 2480//3352 2482//3352
f 2481//3353 2482//3353 2483//3353
f 2484//3354 2485//3354 2486//3354
f 2257//3355 2256//3355 2487//3355
f 2488//3356 2489//3356 2490//3356
f 2491//3357 2492//3357 2493//3357
f 2493//3358 2492//3358 2494//3358
f 2493//3359 2494//3359 2495//3359
f 2495//3360 2494//3360 2496//3360
f 2495//3361 2496//3361 2497//3361
f 2497//3362 2496//3362 2498//3362
f 2497//3363 2498//3363 2499//3363
f 2499//3364 2498//3364 2500//3364
f 2499//3365 2500//3365 2501//3365
f 2501//3366 2500//3366 2502//3366
f 2502//3367 2500//3367 2503//3367
f 2502//3368 2503//3368 2504//3368
f 2505//3369 2506//3369 2507//3369
f 2507//3370 2506//3370 2508//3370
f 2508//3371 2506//3371 2509//3371
f 2508//3372 2509//3372 2510//3372
f 2510//3373 2511//3373 2508//3373
f 2508//3374 2511//3374 2512//3374
f 2508//3375 2512//3375 2513//3375
f 2514//3376 2515//3376 2516//3376
f 2517//3377 2518//3377 2515//3377
f 2515//3378 2518//3378 2519//3378
f 2515//3379 2519//3379 2516//3379
f 2520//3380 2521//3380 2522//3380
f 2522//3381 2521//3381 2523//3381
f 2522//3382 2523//3382 2524//3382
f 2524//3383 2523//3383 2525//3383
f 2526//3384 2527//3384 2482//3384
f 2482//3385 2527//3385 2528//3385
f 2482//3386 2528//3386 2483//3386
f 2529//3387 2530//3387 2531//3387
f 2297//3388 2532//3388 2299//3388
f 2299//3389 2532//3389 2530//3389
f 2299//3390 2530//3390 2301//3390
f 2301//3391 2530//3391 2529//3391
f 2301//3392 2529//3392 2303//3392
f 2533//3393 2534//3393 2535//3393
f 2533//3394 2536//3394 2537//3394
f 2537//3395 2536//3395 2538//3395
f 2537//3396 2538//3396 2539//3396
f 2539//3397 2538//3397 2540//3397
f 2539//3398 2540//3398 2541//3398
f 2541//3399 2540//3399 2542//3399
f 2304//3400 2542//3400 2543//3400
f 2543//3401 2542//3401 2540//3401
f 2543//3402 2540//3402 2544//3402
f 2544//3403 2540//3403 2538//3403
f 2544//3404 2538//3404 2545//3404
f 2545//3404 2538//3404 2536//3404
f 2533//3405 2535//3405 2536//3405
f 2536//3406 2535//3406 2546//3406
f 2536//3407 2546//3407 2545//3407
f 2545//3408 2546//3408 2547//3408
f 2545//3409 2547//3409 2544//3409
f 2544//3410 2547//3410 2548//3410
f 2544//3411 2548//3411 2543//3411
f 2543//3412 2548//3412 2291//3412
f 2543//3413 2291//3413 2304//3413
f 2549//3414 2264//3414 2263//3414
f 2304//3415 2303//3415 2542//3415
f 2542//3416 2303//3416 2529//3416
f 2542//3417 2529//3417 2541//3417
f 2541//3418 2529//3418 2531//3418
f 2541//3418 2531//3418 2539//3418
f 2539//3419 2531//3419 2526//3419
f 2539//3420 2526//3420 2537//3420
f 2537//3421 2526//3421 2482//3421
f 2537//3422 2482//3422 2533//3422
f 2533//3423 2482//3423 2480//3423
f 2533//3424 2480//3424 2534//3424
f 2534//3424 2480//3424 2479//3424
f 2534//3425 2479//3425 2550//3425
f 2475//3426 2474//3426 2477//3426
f 2477//3427 2474//3427 2551//3427
f 2477//3428 2551//3428 2552//3428
f 2552//3429 2551//3429 2553//3429
f 2553//3430 2551//3430 2554//3430
f 2553//3431 2554//3431 2555//3431
f 2555//3431 2554//3431 2556//3431
f 2556//3432 2554//3432 2268//3432
f 2556//3433 2268//3433 2266//3433
f 2557//3434 2558//3434 2559//3434
f 2559//3435 2558//3435 2274//3435
f 2559//3436 2274//3436 2272//3436
f 2272//3437 2270//3437 2559//3437
f 2559//3438 2270//3438 2560//3438
f 2559//3439 2560//3439 2557//3439
f 2557//3440 2560//3440 2561//3440
f 2478//3441 2477//3441 2562//3441
f 2562//3441 2477//3441 2552//3441
f 2562//3442 2552//3442 2563//3442
f 2563//3443 2552//3443 2553//3443
f 2563//3444 2553//3444 2564//3444
f 2564//3445 2553//3445 2555//3445
f 2564//3446 2555//3446 2565//3446
f 2565//3447 2555//3447 2556//3447
f 2565//3448 2556//3448 2549//3448
f 2549//3449 2556//3449 2266//3449
f 2549//3450 2266//3450 2264//3450
f 2566//3451 2567//3451 2568//3451
f 2568//3452 2567//3452 2569//3452
f 2570//3453 2571//3453 2572//3453
f 2572//3454 2571//3454 2566//3454
f 2572//3455 2566//3455 2573//3455
f 2573//3456 2566//3456 2568//3456
f 2573//3457 2568//3457 2574//3457
f 2574//3458 2568//3458 2575//3458
f 2575//3459 2568//3459 2569//3459
f 2575//3460 2569//3460 2576//3460
f 2577//3461 2578//3461 2579//3461
f 2579//3462 2578//3462 2580//3462
f 2579//3463 2580//3463 2581//3463
f 2582//3464 2583//3464 2584//3464
f 2584//3465 2583//3465 2585//3465
f 2584//3466 2585//3466 2586//3466
f 2587//3467 2588//3467 2574//3467
f 2574//3467 2588//3467 2589//3467
f 2574//3468 2589//3468 2573//3468
f 2573//3469 2589//3469 2581//3469
f 2573//3469 2581//3469 2572//3469
f 2572//3470 2581//3470 2580//3470
f 2572//3471 2580//3471 2570//3471
f 2570//3472 2580//3472 2578//3472
f 2489//3473 2488//3473 2590//3473
f 2590//3474 2488//3474 2591//3474
f 2590//3475 2591//3475 2592//3475
f 2593//3476 2594//3476 2587//3476
f 2587//3477 2594//3477 2595//3477
f 2587//3478 2595//3478 2588//3478
f 2588//3479 2595//3479 2596//3479
f 2588//3480 2596//3480 2589//3480
f 2589//3481 2596//3481 2597//3481
f 2589//3482 2597//3482 2581//3482
f 2581//3483 2597//3483 2586//3483
f 2581//3484 2586//3484 2579//3484
f 2579//3485 2586//3485 2585//3485
f 2579//3486 2585//3486 2577//3486
f 2577//3487 2585//3487 2583//3487
f 2598//3488 2258//3488 2599//3488
f 2599//3489 2258//3489 2289//3489
f 2599//3490 2289//3490 2288//3490
f 2487//3491 2600//3491 2582//3491
f 2487//3492 2256//3492 2600//3492
f 2600//3493 2256//3493 2254//3493
f 2600//3494 2254//3494 2601//3494
f 2601//3495 2254//3495 2252//3495
f 2601//3496 2252//3496 2602//3496
f 2602//3497 2252//3497 2262//3497
f 2602//3498 2262//3498 2603//3498
f 2603//3499 2262//3499 2261//3499
f 2603//3500 2261//3500 2598//3500
f 2598//3501 2261//3501 2259//3501
f 2598//3502 2259//3502 2258//3502
f 2582//3503 2600//3503 2583//3503
f 2583//3504 2600//3504 2601//3504
f 2583//3505 2601//3505 2577//3505
f 2577//3506 2601//3506 2602//3506
f 2577//3507 2602//3507 2578//3507
f 2578//3508 2602//3508 2603//3508
f 2578//3509 2603//3509 2570//3509
f 2570//3510 2603//3510 2598//3510
f 2570//3511 2598//3511 2571//3511
f 2571//3512 2598//3512 2599//3512
f 2571//3454 2599//3454 2566//3454
f 2566//3513 2599//3513 2288//3513
f 2566//3514 2288//3514 2567//3514
f 2604//3515 2605//3515 2606//3515
f 2606//3516 2605//3516 2607//3516
f 2606//3517 2608//3517 2609//3517
f 2604//3515 2606//3515 2610//3515
f 2610//3518 2606//3518 2609//3518
f 2610//3519 2609//3519 2611//3519
f 2607//3516 2612//3516 2606//3516
f 2606//3520 2612//3520 2613//3520
f 2606//3521 2613//3521 2608//3521
f 2605//3522 2614//3522 2615//3522
f 2616//3523 2593//3523 2617//3523
f 2617//3524 2593//3524 2587//3524
f 2617//3525 2587//3525 2618//3525
f 2618//3526 2587//3526 2574//3526
f 2618//3527 2574//3527 2619//3527
f 2619//3528 2574//3528 2575//3528
f 2619//3529 2575//3529 2620//3529
f 2620//3530 2575//3530 2576//3530
f 2620//3531 2576//3531 2621//3531
f 2621//3532 2576//3532 2622//3532
f 2621//3533 2622//3533 2623//3533
f 2623//3534 2622//3534 2558//3534
f 2623//3535 2558//3535 2476//3535
f 2476//3434 2558//3434 2557//3434
f 2476//3536 2557//3536 2474//3536
f 2474//3537 2557//3537 2561//3537
f 2474//3538 2561//3538 2551//3538
f 2551//3538 2561//3538 2560//3538
f 2551//3539 2560//3539 2554//3539
f 2554//3540 2560//3540 2270//3540
f 2554//3541 2270//3541 2268//3541
f 2507//3542 2624//3542 2505//3542
f 2505//3543 2624//3543 2504//3543
f 2505//3544 2504//3544 2625//3544
f 2625//3545 2504//3545 2503//3545
f 2625//3546 2503//3546 2626//3546
f 2626//3547 2503//3547 2500//3547
f 2626//3548 2500//3548 2627//3548
f 2627//3549 2500//3549 2498//3549
f 2627//3550 2498//3550 2628//3550
f 2628//3551 2498//3551 2496//3551
f 2628//3552 2496//3552 2629//3552
f 2629//3553 2496//3553 2494//3553
f 2629//3554 2494//3554 2592//3554
f 2592//3555 2494//3555 2492//3555
f 2592//3556 2492//3556 2590//3556
f 2590//3557 2492//3557 2491//3557
f 2590//3558 2491//3558 2489//3558
f 2614//3522 2509//3522 2615//3522
f 2615//3559 2509//3559 2506//3559
f 2615//3560 2506//3560 2616//3560
f 2616//3561 2506//3561 2505//3561
f 2616//3562 2505//3562 2593//3562
f 2593//3563 2505//3563 2625//3563
f 2593//3564 2625//3564 2594//3564
f 2594//3565 2625//3565 2626//3565
f 2594//3566 2626//3566 2595//3566
f 2595//3567 2626//3567 2627//3567
f 2595//3568 2627//3568 2596//3568
f 2596//3569 2627//3569 2628//3569
f 2596//3570 2628//3570 2597//3570
f 2597//3571 2628//3571 2629//3571
f 2597//3572 2629//3572 2586//3572
f 2586//3573 2629//3573 2592//3573
f 2586//3574 2592//3574 2584//3574
f 2584//3575 2592//3575 2591//3575
f 2584//3576 2591//3576 2582//3576
f 2582//3577 2591//3577 2488//3577
f 2582//3578 2488//3578 2487//3578
f 2487//3579 2488//3579 2490//3579
f 2487//3580 2490//3580 2257//3580
f 2257//3581 2490//3581 2630//3581
f 2257//3582 2630//3582 2211//3582
f 2631//3583 2632//3583 2633//3583
f 2633//3584 2632//3584 2634//3584
f 2633//3522 2634//3522 2635//3522
f 2610//3515 2636//3515 2637//3515
f 2637//3585 2636//3585 2638//3585
f 2520//3586 2631//3586 2639//3586
f 2639//3587 2631//3587 2633//3587
f 2639//3588 2633//3588 2638//3588
f 2638//3589 2633//3589 2635//3589
f 2638//3590 2635//3590 2637//3590
f 2524//3591 2486//3591 2522//3591
f 2522//3592 2486//3592 2485//3592
f 2522//3593 2485//3593 2520//3593
f 2520//3594 2485//3594 2484//3594
f 2520//3595 2484//3595 2631//3595
f 2631//3596 2484//3596 2514//3596
f 2631//3597 2514//3597 2632//3597
f 2632//3598 2514//3598 2516//3598
f 2632//3599 2516//3599 2634//3599
f 2472//3600 2471//3600 2640//3600
f 2640//3601 2471//3601 2641//3601
f 2640//3602 2641//3602 2550//3602
f 2550//3602 2641//3602 2642//3602
f 2550//3603 2642//3603 2534//3603
f 2534//3604 2642//3604 2643//3604
f 2534//3605 2643//3605 2535//3605
f 2535//3606 2643//3606 2644//3606
f 2535//3607 2644//3607 2546//3607
f 2546//3608 2644//3608 2645//3608
f 2546//3609 2645//3609 2547//3609
f 2547//3610 2645//3610 2646//3610
f 2547//3611 2646//3611 2548//3611
f 2548//3612 2646//3612 2292//3612
f 2548//3613 2292//3613 2291//3613
f 2483//3614 2525//3614 2481//3614
f 2481//3615 2525//3615 2523//3615
f 2481//3616 2523//3616 2479//3616
f 2479//3617 2523//3617 2521//3617
f 2479//3618 2521//3618 2550//3618
f 2550//3619 2521//3619 2520//3619
f 2550//3620 2520//3620 2640//3620
f 2640//3621 2520//3621 2639//3621
f 2640//3622 2639//3622 2472//3622
f 2472//3623 2639//3623 2638//3623
f 2472//3348 2638//3348 2473//3348
f 2473//3624 2638//3624 2636//3624
f 2473//3625 2636//3625 2647//3625
f 2647//3515 2636//3515 2610//3515
f 2647//3626 2610//3626 2648//3626
f 2648//3627 2610//3627 2611//3627
f 2288//3628 2286//3628 2567//3628
f 2567//3629 2286//3629 2284//3629
f 2567//3630 2284//3630 2569//3630
f 2569//3631 2284//3631 2282//3631
f 2569//3632 2282//3632 2576//3632
f 2576//3633 2282//3633 2280//3633
f 2576//3634 2280//3634 2622//3634
f 2622//3635 2280//3635 2278//3635
f 2622//3636 2278//3636 2558//3636
f 2558//3637 2278//3637 2276//3637
f 2558//3638 2276//3638 2274//3638
f 2605//3639 2615//3639 2607//3639
f 2607//3640 2615//3640 2616//3640
f 2607//3641 2616//3641 2612//3641
f 2612//3641 2616//3641 2617//3641
f 2612//3642 2617//3642 2613//3642
f 2613//3643 2617//3643 2618//3643
f 2613//3644 2618//3644 2608//3644
f 2608//3645 2618//3645 2619//3645
f 2608//3517 2619//3517 2609//3517
f 2609//3646 2619//3646 2620//3646
f 2609//3647 2620//3647 2611//3647
f 2611//3648 2620//3648 2621//3648
f 2611//3627 2621//3627 2648//3627
f 2648//3649 2621//3649 2623//3649
f 2648//3650 2623//3650 2647//3650
f 2647//3651 2623//3651 2476//3651
f 2647//3652 2476//3652 2473//3652
f 2473//3349 2476//3349 2475//3349
f 2473//3653 2475//3653 2471//3653
f 2471//3350 2475//3350 2478//3350
f 2471//3654 2478//3654 2641//3654
f 2641//3655 2478//3655 2562//3655
f 2641//3656 2562//3656 2642//3656
f 2642//3657 2562//3657 2563//3657
f 2642//3658 2563//3658 2643//3658
f 2643//3659 2563//3659 2564//3659
f 2643//3660 2564//3660 2644//3660
f 2644//3661 2564//3661 2565//3661
f 2644//3662 2565//3662 2645//3662
f 2645//3663 2565//3663 2549//3663
f 2645//3664 2549//3664 2646//3664
f 2646//3665 2549//3665 2263//3665
f 2646//3666 2263//3666 2292//3666
f 2649//3667 2650//3667 2651//3667
f 2652//3668 2653//3668 2654//3668
f 2655//3669 2656//3669 2653//3669
f 2347//3670 2346//3670 2657//3670
f 2658//3671 2659//3671 2660//3671
f 2660//3672 2659//3672 2661//3672
f 2660//3673 2661//3673 2662//3673
f 2663//3674 2664//3674 2665//3674
f 2666//3675 2667//3675 2668//3675
f 2667//3676 2669//3676 2668//3676
f 2668//3677 2669//3677 2670//3677
f 2668//3678 2670//3678 2671//3678
f 2672//3679 2673//3679 2674//3679
f 2675//3680 2676//3680 2673//3680
f 2673//3681 2676//3681 2677//3681
f 2673//3675 2677//3675 2674//3675
f 2678//3682 2679//3682 2680//3682
f 2680//3683 2679//3683 2681//3683
f 2680//3684 2681//3684 2682//3684
f 2682//3685 2681//3685 2683//3685
f 2684//3686 2685//3686 2661//3686
f 2661//3687 2685//3687 2686//3687
f 2661//3688 2686//3688 2662//3688
f 2687//3689 2688//3689 2689//3689
f 2384//3690 2690//3690 2386//3690
f 2386//3691 2690//3691 2688//3691
f 2386//3692 2688//3692 2388//3692
f 2388//3693 2688//3693 2687//3693
f 2388//3694 2687//3694 2390//3694
f 2691//3695 2692//3695 2693//3695
f 2694//3696 2695//3696 2696//3696
f 2696//3697 2695//3697 2697//3697
f 2696//3698 2697//3698 2698//3698
f 2698//3699 2697//3699 2699//3699
f 2698//3700 2699//3700 2700//3700
f 2700//3701 2699//3701 2701//3701
f 2700//3702 2701//3702 2702//3702
f 2702//3703 2701//3703 2703//3703
f 2702//3704 2703//3704 2704//3704
f 2704//3705 2703//3705 2705//3705
f 2705//3706 2703//3706 2706//3706
f 2705//3707 2706//3707 2707//3707
f 2666//3708 2668//3708 2708//3708
f 2708//3709 2668//3709 2709//3709
f 2708//3710 2709//3710 2710//3710
f 2711//3711 2712//3711 2713//3711
f 2711//3712 2714//3712 2715//3712
f 2715//3713 2714//3713 2716//3713
f 2715//3714 2716//3714 2717//3714
f 2717//3715 2716//3715 2718//3715
f 2717//3716 2718//3716 2719//3716
f 2719//3717 2718//3717 2720//3717
f 2391//3718 2720//3718 2721//3718
f 2721//3719 2720//3719 2718//3719
f 2721//3720 2718//3720 2722//3720
f 2722//3721 2718//3721 2716//3721
f 2722//3722 2716//3722 2723//3722
f 2723//3722 2716//3722 2714//3722
f 2711//3723 2713//3723 2714//3723
f 2714//3724 2713//3724 2724//3724
f 2714//3725 2724//3725 2723//3725
f 2723//3726 2724//3726 2725//3726
f 2723//3727 2725//3727 2722//3727
f 2722//3728 2725//3728 2726//3728
f 2722//3729 2726//3729 2721//3729
f 2721//3730 2726//3730 2381//3730
f 2721//3731 2381//3731 2391//3731
f 2727//3732 2354//3732 2353//3732
f 2391//3733 2390//3733 2720//3733
f 2720//3734 2390//3734 2687//3734
f 2720//3735 2687//3735 2719//3735
f 2719//3736 2687//3736 2689//3736
f 2719//3737 2689//3737 2717//3737
f 2717//3738 2689//3738 2684//3738
f 2717//3739 2684//3739 2715//3739
f 2715//3739 2684//3739 2661//3739
f 2715//3740 2661//3740 2711//3740
f 2711//3741 2661//3741 2659//3741
f 2711//3742 2659//3742 2712//3742
f 2712//3742 2659//3742 2658//3742
f 2712//3743 2658//3743 2728//3743
f 2653//3744 2652//3744 2655//3744
f 2655//3745 2652//3745 2729//3745
f 2655//3746 2729//3746 2730//3746
f 2730//3746 2729//3746 2731//3746
f 2731//3747 2729//3747 2732//3747
f 2731//3748 2732//3748 2733//3748
f 2733//3748 2732//3748 2734//3748
f 2734//3749 2732//3749 2358//3749
f 2734//3750 2358//3750 2356//3750
f 2735//3751 2736//3751 2737//3751
f 2737//3752 2736//3752 2364//3752
f 2737//3753 2364//3753 2362//3753
f 2362//3754 2360//3754 2737//3754
f 2737//3755 2360//3755 2738//3755
f 2737//3756 2738//3756 2735//3756
f 2735//3757 2738//3757 2739//3757
f 2656//3758 2655//3758 2740//3758
f 2740//3758 2655//3758 2730//3758
f 2740//3759 2730//3759 2741//3759
f 2741//3760 2730//3760 2731//3760
f 2741//3761 2731//3761 2742//3761
f 2742//3762 2731//3762 2733//3762
f 2742//3763 2733//3763 2743//3763
f 2743//3764 2733//3764 2734//3764
f 2743//3765 2734//3765 2727//3765
f 2727//3766 2734//3766 2356//3766
f 2727//3767 2356//3767 2354//3767
f 2744//3768 2745//3768 2746//3768
f 2746//3769 2745//3769 2747//3769
f 2748//3770 2749//3770 2750//3770
f 2750//3771 2749//3771 2744//3771
f 2750//3772 2744//3772 2751//3772
f 2751//3773 2744//3773 2746//3773
f 2751//3774 2746//3774 2752//3774
f 2752//3775 2746//3775 2753//3775
f 2753//3776 2746//3776 2747//3776
f 2753//3777 2747//3777 2754//3777
f 2755//3778 2756//3778 2757//3778
f 2757//3779 2756//3779 2758//3779
f 2757//3780 2758//3780 2759//3780
f 2760//3781 2761//3781 2762//3781
f 2762//3782 2761//3782 2763//3782
f 2762//3783 2763//3783 2764//3783
f 2765//3784 2766//3784 2752//3784
f 2752//3784 2766//3784 2767//3784
f 2752//3785 2767//3785 2751//3785
f 2751//3786 2767//3786 2759//3786
f 2751//3786 2759//3786 2750//3786
f 2750//3787 2759//3787 2758//3787
f 2750//3788 2758//3788 2748//3788
f 2748//3789 2758//3789 2756//3789
f 2692//3790 2691//3790 2768//3790
f 2768//3791 2691//3791 2769//3791
f 2768//3792 2769//3792 2770//3792
f 2771//3793 2772//3793 2765//3793
f 2765//3793 2772//3793 2773//3793
f 2765//3794 2773//3794 2766//3794
f 2766//3795 2773//3795 2774//3795
f 2766//3796 2774//3796 2767//3796
f 2767//3797 2774//3797 2775//3797
f 2767//3798 2775//3798 2759//3798
f 2759//3799 2775//3799 2764//3799
f 2759//3800 2764//3800 2757//3800
f 2757//3801 2764//3801 2763//3801
f 2757//3802 2763//3802 2755//3802
f 2755//3803 2763//3803 2761//3803
f 2776//3804 2348//3804 2777//3804
f 2777//3805 2348//3805 2379//3805
f 2777//3806 2379//3806 2378//3806
f 2657//3807 2778//3807 2760//3807
f 2657//3808 2346//3808 2778//3808
f 2778//3809 2346//3809 2344//3809
f 2778//3810 2344//3810 2779//3810
f 2779//3811 2344//3811 2342//3811
f 2779//3812 2342//3812 2780//3812
f 2780//3813 2342//3813 2352//3813
f 2780//3814 2352//3814 2781//3814
f 2781//3815 2352//3815 2351//3815
f 2781//3816 2351//3816 2776//3816
f 2776//3817 2351//3817 2349//3817
f 2776//3818 2349//3818 2348//3818
f 2760//3819 2778//3819 2761//3819
f 2761//3820 2778//3820 2779//3820
f 2761//3821 2779//3821 2755//3821
f 2755//3822 2779//3822 2780//3822
f 2755//3823 2780//3823 2756//3823
f 2756//3824 2780//3824 2781//3824
f 2756//3825 2781//3825 2748//3825
f 2748//3826 2781//3826 2776//3826
f 2748//3827 2776//3827 2749//3827
f 2749//3828 2776//3828 2777//3828
f 2749//3771 2777//3771 2744//3771
f 2744//3829 2777//3829 2378//3829
f 2744//3830 2378//3830 2745//3830
f 2782//3831 2783//3831 2784//3831
f 2784//3832 2783//3832 2785//3832
f 2784//3833 2786//3833 2787//3833
f 2782//3831 2784//3831 2788//3831
f 2788//3834 2784//3834 2787//3834
f 2788//3835 2787//3835 2789//3835
f 2785//3832 2790//3832 2784//3832
f 2784//3836 2790//3836 2791//3836
f 2784//3837 2791//3837 2786//3837
f 2783//3838 2792//3838 2793//3838
f 2794//3839 2771//3839 2795//3839
f 2795//3840 2771//3840 2765//3840
f 2795//3841 2765//3841 2796//3841
f 2796//3842 2765//3842 2752//3842
f 2796//3843 2752//3843 2797//3843
f 2797//3844 2752//3844 2753//3844
f 2797//3845 2753//3845 2798//3845
f 2798//3846 2753//3846 2754//3846
f 2798//3847 2754//3847 2799//3847
f 2799//3848 2754//3848 2800//3848
f 2799//3849 2800//3849 2801//3849
f 2801//3850 2800//3850 2736//3850
f 2801//3851 2736//3851 2654//3851
f 2654//3852 2736//3852 2735//3852
f 2654//3853 2735//3853 2652//3853
f 2652//3757 2735//3757 2739//3757
f 2652//3854 2739//3854 2729//3854
f 2729//3854 2739//3854 2738//3854
f 2729//3855 2738//3855 2732//3855
f 2732//3856 2738//3856 2360//3856
f 2732//3857 2360//3857 2358//3857
f 2709//3858 2802//3858 2710//3858
f 2710//3859 2802//3859 2707//3859
f 2710//3860 2707//3860 2803//3860
f 2803//3861 2707//3861 2706//3861
f 2803//3862 2706//3862 2804//3862
f 2804//3863 2706//3863 2703//3863
f 2804//3864 2703//3864 2805//3864
f 2805//3865 2703//3865 2701//3865
f 2805//3866 2701//3866 2806//3866
f 2806//3867 2701//3867 2699//3867
f 2806//3868 2699//3868 2807//3868
f 2807//3869 2699//3869 2697//3869
f 2807//3870 2697//3870 2770//3870
f 2770//3871 2697//3871 2695//3871
f 2770//3872 2695//3872 2768//3872
f 2768//3873 2695//3873 2694//3873
f 2768//3874 2694//3874 2692//3874
f 2792//3875 2666//3875 2793//3875
f 2793//3876 2666//3876 2708//3876
f 2793//3877 2708//3877 2794//3877
f 2794//3878 2708//3878 2710//3878
f 2794//3879 2710//3879 2771//3879
f 2771//3880 2710//3880 2803//3880
f 2771//3881 2803//3881 2772//3881
f 2772//3882 2803//3882 2804//3882
f 2772//3883 2804//3883 2773//3883
f 2773//3884 2804//3884 2805//3884
f 2773//3885 2805//3885 2774//3885
f 2774//3886 2805//3886 2806//3886
f 2774//3887 2806//3887 2775//3887
f 2775//3888 2806//3888 2807//3888
f 2775//3889 2807//3889 2764//3889
f 2764//3890 2807//3890 2770//3890
f 2764//3890 2770//3890 2762//3890
f 2762//3891 2770//3891 2769//3891
f 2762//3892 2769//3892 2760//3892
f 2760//3893 2769//3893 2691//3893
f 2760//3894 2691//3894 2657//3894
f 2657//3895 2691//3895 2693//3895
f 2657//3896 2693//3896 2347//3896
f 2347//3897 2693//3897 2808//3897
f 2347//3898 2808//3898 2208//3898
f 2809//3899 2810//3899 2811//3899
f 2811//3900 2810//3900 2812//3900
f 2811//3838 2812//3838 2813//3838
f 2788//3831 2814//3831 2815//3831
f 2815//3901 2814//3901 2816//3901
f 2678//3902 2809//3902 2817//3902
f 2817//3903 2809//3903 2811//3903
f 2817//3904 2811//3904 2816//3904
f 2816//3905 2811//3905 2813//3905
f 2816//3906 2813//3906 2815//3906
f 2682//3907 2665//3907 2680//3907
f 2680//3908 2665//3908 2664//3908
f 2680//3909 2664//3909 2678//3909
f 2678//3910 2664//3910 2663//3910
f 2678//3911 2663//3911 2809//3911
f 2809//3912 2663//3912 2672//3912
f 2809//3913 2672//3913 2810//3913
f 2810//3914 2672//3914 2674//3914
f 2810//3915 2674//3915 2812//3915
f 2650//3916 2649//3916 2818//3916
f 2818//3917 2649//3917 2819//3917
f 2818//3918 2819//3918 2728//3918
f 2728//3919 2819//3919 2820//3919
f 2728//3920 2820//3920 2712//3920
f 2712//3921 2820//3921 2821//3921
f 2712//3922 2821//3922 2713//3922
f 2713//3923 2821//3923 2822//3923
f 2713//3924 2822//3924 2724//3924
f 2724//3925 2822//3925 2823//3925
f 2724//3926 2823//3926 2725//3926
f 2725//3927 2823//3927 2824//3927
f 2725//3928 2824//3928 2726//3928
f 2726//3929 2824//3929 2382//3929
f 2726//3930 2382//3930 2381//3930
f 2662//3931 2683//3931 2660//3931
f 2660//3932 2683//3932 2681//3932
f 2660//3933 2681//3933 2658//3933
f 2658//3934 2681//3934 2679//3934
f 2658//3935 2679//3935 2728//3935
f 2728//3936 2679//3936 2678//3936
f 2728//3937 2678//3937 2818//3937
f 2818//3938 2678//3938 2817//3938
f 2818//3939 2817//3939 2650//3939
f 2650//3940 2817//3940 2816//3940
f 2650//3667 2816//3667 2651//3667
f 2651//3941 2816//3941 2814//3941
f 2651//3942 2814//3942 2825//3942
f 2825//3943 2814//3943 2788//3943
f 2825//3944 2788//3944 2826//3944
f 2826//3945 2788//3945 2789//3945
f 2378//3946 2376//3946 2745//3946
f 2745//3947 2376//3947 2374//3947
f 2745//3948 2374//3948 2747//3948
f 2747//3949 2374//3949 2372//3949
f 2747//3950 2372//3950 2754//3950
f 2754//3951 2372//3951 2370//3951
f 2754//3952 2370//3952 2800//3952
f 2800//3953 2370//3953 2368//3953
f 2800//3954 2368//3954 2736//3954
f 2736//3955 2368//3955 2366//3955
f 2736//3956 2366//3956 2364//3956
f 2783//3957 2793//3957 2785//3957
f 2785//3958 2793//3958 2794//3958
f 2785//3959 2794//3959 2790//3959
f 2790//3960 2794//3960 2795//3960
f 2790//3961 2795//3961 2791//3961
f 2791//3962 2795//3962 2796//3962
f 2791//3963 2796//3963 2786//3963
f 2786//3964 2796//3964 2797//3964
f 2786//3965 2797//3965 2787//3965
f 2787//3966 2797//3966 2798//3966
f 2787//3967 2798//3967 2789//3967
f 2789//3968 2798//3968 2799//3968
f 2789//3945 2799//3945 2826//3945
f 2826//3969 2799//3969 2801//3969
f 2826//3970 2801//3970 2825//3970
f 2825//3971 2801//3971 2654//3971
f 2825//3942 2654//3942 2651//3942
f 2651//3972 2654//3972 2653//3972
f 2651//3973 2653//3973 2649//3973
f 2649//3974 2653//3974 2656//3974
f 2649//3975 2656//3975 2819//3975
f 2819//3976 2656//3976 2740//3976
f 2819//3977 2740//3977 2820//3977
f 2820//3978 2740//3978 2741//3978
f 2820//3979 2741//3979 2821//3979
f 2821//3980 2741//3980 2742//3980
f 2821//3981 2742//3981 2822//3981
f 2822//3982 2742//3982 2743//3982
f 2822//3983 2743//3983 2823//3983
f 2823//3984 2743//3984 2727//3984
f 2823//3985 2727//3985 2824//3985
f 2824//3986 2727//3986 2353//3986
f 2824//3987 2353//3987 2382//3987
f 2827//3988 2828//3988 2829//3988
f 2830//3989 2831//3989 2832//3989
f 2833//3990 2834//3990 2835//3990
f 2836//3991 2837//3991 2838//3991
f 2221//3992 2230//3992 2839//3992
f 2840//3993 2226//3993 2237//3993
f 2834//3994 2833//3994 2841//3994
f 2842//3995 2843//3995 2844//3995
f 2845//3996 2846//3996 2847//3996
f 2846//3997 2845//3997 2848//3997
f 2848//3998 2845//3998 2849//3998
f 2848//3999 2849//3999 2850//3999
f 2842//4000 2844//4000 2841//4000
f 2833//3994 2249//3994 2841//3994
f 2841//4001 2249//4001 2248//4001
f 2841//4002 2248//4002 2851//4002
f 2851//4003 2248//4003 2211//4003
f 2243//4004 2242//4004 2852//4004
f 2852//4005 2242//4005 2250//4005
f 2246//4006 2245//4006 2853//4006
f 2853//4007 2245//4007 2243//4007
f 2234//4008 2232//4008 2854//4008
f 2854//4009 2232//4009 2240//4009
f 2854//4010 2240//4010 2855//4010
f 2855//4011 2240//4011 2239//4011
f 2855//4012 2239//4012 2856//4012
f 2856//4013 2239//4013 2247//4013
f 2856//4014 2247//4014 2246//4014
f 2857//4015 2229//4015 2840//4015
f 2840//4016 2229//4016 2227//4016
f 2840//4017 2227//4017 2226//4017
f 2221//4018 2839//4018 2223//4018
f 2224//4019 2858//4019 2216//4019
f 2216//4020 2858//4020 2859//4020
f 2216//4021 2859//4021 2218//4021
f 2218//4022 2859//4022 2219//4022
f 2219//4023 2859//4023 2860//4023
f 2219//4024 2860//4024 2214//4024
f 2214//4025 2860//4025 2861//4025
f 2214//4026 2861//4026 2383//4026
f 2862//4027 2863//4027 2864//4027
f 2865//4028 2866//4028 2863//4028
f 2863//4029 2862//4029 2865//4029
f 2865//4030 2862//4030 2867//4030
f 2865//4031 2867//4031 2868//4031
f 2868//4032 2867//4032 2869//4032
f 2869//4033 2867//4033 2870//4033
f 2869//4034 2870//4034 2871//4034
f 2871//4035 2870//4035 2872//4035
f 2871//4036 2872//4036 2869//4036
f 2873//4037 2874//4037 2875//4037
f 2875//4038 2874//4038 2876//4038
f 2877//4039 2878//4039 2879//4039
f 2879//4040 2878//4040 2880//4040
f 2879//4041 2880//4041 2874//4041
f 2874//4042 2880//4042 2881//4042
f 2874//4043 2881//4043 2876//4043
f 2841//3994 2844//3994 2834//3994
f 2834//4044 2844//4044 2882//4044
f 2834//4045 2882//4045 2835//4045
f 2246//4046 2853//4046 2856//4046
f 2856//4047 2853//4047 2830//4047
f 2856//4048 2830//4048 2855//4048
f 2855//4049 2830//4049 2832//4049
f 2855//4010 2832//4010 2854//4010
f 2883//4050 2884//4050 2885//4050
f 2224//4051 2223//4051 2885//4051
f 2885//4052 2223//4052 2839//4052
f 2885//4053 2839//4053 2883//4053
f 2883//4054 2839//4054 2886//4054
f 2230//4055 2229//4055 2839//4055
f 2839//4056 2229//4056 2857//4056
f 2839//4057 2857//4057 2886//4057
f 2886//4058 2857//4058 2840//4058
f 2886//4059 2840//4059 2887//4059
f 2887//4060 2840//4060 2237//4060
f 2887//4061 2237//4061 2854//4061
f 2854//4062 2237//4062 2236//4062
f 2854//4063 2236//4063 2234//4063
f 2888//4064 2889//4064 2890//4064
f 2890//4065 2889//4065 2891//4065
f 2890//4066 2891//4066 2892//4066
f 2224//4067 2888//4067 2858//4067
f 2858//4064 2888//4064 2890//4064
f 2858//4068 2890//4068 2859//4068
f 2859//4069 2890//4069 2892//4069
f 2859//4070 2892//4070 2860//4070
f 2860//4071 2892//4071 2893//4071
f 2860//4072 2893//4072 2861//4072
f 2861//4073 2893//4073 2894//4073
f 2861//4074 2894//4074 2383//4074
f 2383//4075 2894//4075 2895//4075
f 2383//4076 2895//4076 2384//4076
f 2896//4077 2897//4077 2898//4077
f 2898//4078 2897//4078 2899//4078
f 2898//4079 2899//4079 2900//4079
f 2900//4080 2899//4080 2901//4080
f 2900//4081 2901//4081 2902//4081
f 2224//4082 2885//4082 2888//4082
f 2888//4083 2885//4083 2884//4083
f 2888//4084 2884//4084 2889//4084
f 2889//4084 2884//4084 2896//4084
f 2889//4085 2896//4085 2891//4085
f 2891//4086 2896//4086 2898//4086
f 2891//4087 2898//4087 2892//4087
f 2892//4088 2898//4088 2900//4088
f 2892//4089 2900//4089 2893//4089
f 2893//4090 2900//4090 2902//4090
f 2893//4091 2902//4091 2894//4091
f 2843//4092 2850//4092 2844//4092
f 2844//4093 2850//4093 2849//4093
f 2844//4044 2849//4044 2882//4044
f 2882//4044 2849//4044 2845//4044
f 2882//4094 2845//4094 2827//4094
f 2827//4095 2845//4095 2847//4095
f 2827//4096 2847//4096 2828//4096
f 2828//4097 2847//4097 2838//4097
f 2828//4098 2838//4098 2829//4098
f 2829//4099 2838//4099 2837//4099
f 2836//4100 2878//4100 2837//4100
f 2837//4101 2878//4101 2877//4101
f 2837//4102 2877//4102 2829//4102
f 2829//4102 2877//4102 2903//4102
f 2829//4103 2903//4103 2827//4103
f 2827//4104 2903//4104 2904//4104
f 2827//4105 2904//4105 2882//4105
f 2882//4106 2904//4106 2905//4106
f 2882//4107 2905//4107 2835//4107
f 2835//4108 2905//4108 2852//4108
f 2835//4109 2852//4109 2833//4109
f 2833//4110 2852//4110 2250//4110
f 2833//4111 2250//4111 2249//4111
f 2243//4112 2852//4112 2853//4112
f 2853//4113 2852//4113 2905//4113
f 2853//4114 2905//4114 2830//4114
f 2830//4114 2905//4114 2904//4114
f 2830//4115 2904//4115 2831//4115
f 2831//4115 2904//4115 2903//4115
f 2831//3989 2903//3989 2832//3989
f 2832//4116 2903//4116 2877//4116
f 2832//4010 2877//4010 2854//4010
f 2854//4117 2877//4117 2879//4117
f 2854//4118 2879//4118 2887//4118
f 2887//4119 2879//4119 2874//4119
f 2887//4059 2874//4059 2886//4059
f 2886//4120 2874//4120 2873//4120
f 2886//4121 2873//4121 2883//4121
f 2883//4122 2873//4122 2872//4122
f 2883//4123 2872//4123 2884//4123
f 2884//4124 2872//4124 2870//4124
f 2884//4084 2870//4084 2896//4084
f 2896//4125 2870//4125 2867//4125
f 2896//4126 2867//4126 2897//4126
f 2897//4127 2867//4127 2862//4127
f 2897//4128 2862//4128 2899//4128
f 2899//4129 2862//4129 2864//4129
f 2899//4130 2864//4130 2901//4130
f 2906//1 2907//1 2908//1
f 2909//1 2910//1 2911//1
f 2912//1 2913//1 2914//1
f 2914//1 2913//1 2915//1
f 2911//1 2910//1 2916//1
f 2917//1 2918//1 2913//1
f 2919//1 2920//1 2921//1
f 2921//1 2920//1 2922//1
f 2923//1 2924//1 2925//1
f 2918//1 2926//1 2913//1
f 2913//1 2926//1 2927//1
f 2913//1 2927//1 2915//1
f 2906//1 2908//1 2928//1
f 2928//1 2908//1 2929//1
f 2928//1 2929//1 2930//1
f 2907//1 2931//1 2908//1
f 2908//1 2931//1 2932//1
f 2908//1 2932//1 2933//1
f 2934//1 2935//1 2911//1
f 2911//1 2935//1 2936//1
f 2911//1 2936//1 2909//1
f 2910//1 2937//1 2916//1
f 2916//1 2937//1 2938//1
f 2916//1 2938//1 2939//1
f 2912//1 2914//1 2925//1
f 2925//1 2914//1 2940//1
f 2925//1 2940//1 2923//1
f 2919//1 2921//1 2941//1
f 2941//1 2921//1 2942//1
f 2941//1 2942//1 2943//1
f 2943//1 2942//1 2944//1
f 2943//1 2944//1 2911//1
f 2911//1 2944//1 2945//1
f 2911//1 2945//1 2934//1
f 2922//1 2946//1 2921//1
f 2921//1 2946//1 2947//1
f 2921//1 2947//1 2948//1
f 2949//1 2950//1 2951//1
f 2951//1 2950//1 2952//1
f 2951//1 2952//1 2953//1
f 2953//1 2952//1 2954//1
f 2953//1 2954//1 2955//1
f 2956//1 2930//1 2957//1
f 2957//1 2930//1 2958//1
f 2957//1 2958//1 2959//1
f 2959//1 2958//1 2960//1
f 2959//1 2960//1 2949//1
f 2949//1 2960//1 2961//1
f 2949//1 2961//1 2950//1
f 2962//1 2963//1 2964//1
f 2964//1 2963//1 2965//1
f 2939//1 2966//1 2916//1
f 2916//1 2966//1 2967//1
f 2916//1 2967//1 2968//1
f 2968//1 2967//1 2969//1
f 2968//1 2969//1 2970//1
f 2970//1 2969//1 2971//1
f 2970//1 2971//1 2972//1
f 2972//1 2971//1 2973//1
f 2972//1 2973//1 2974//1
f 2974//1 2973//1 2964//1
f 2974//1 2964//1 2975//1
f 2975//1 2964//1 2965//1
f 2976//1 2977//1 2978//1
f 2978//1 2977//1 2979//1
f 2979//1 2980//1 2978//1
f 2978//1 2980//1 2981//1
f 2978//1 2981//1 2982//1
f 2982//1 2981//1 2983//1
f 2982//1 2983//1 2984//1
f 2984//1 2983//1 2985//1
f 2984//1 2985//1 2986//1
f 2987//1 2988//1 2989//1
f 2989//1 2988//1 2990//1
f 2989//1 2990//1 2991//1
f 2991//1 2990//1 2992//1
f 2991//1 2992//1 2993//1
f 2993//1 2992//1 2994//1
f 2993//1 2994//1 2995//1
f 2995//1 2994//1 2984//1
f 2995//1 2984//1 2996//1
f 2996//1 2984//1 2986//1
f 2997//1 2998//1 2999//1
f 2999//1 2998//1 3000//1
f 2999//1 3000//1 3001//1
f 3001//1 3000//1 3002//1
f 3001//1 3002//1 2987//1
f 2987//1 3002//1 3003//1
f 2987//1 3003//1 2988//1
f 2954//1 3004//1 2955//1
f 2955//1 3004//1 3005//1
f 2955//1 3005//1 3006//1
f 3006//1 3005//1 3007//1
f 3006//1 3007//1 3008//1
f 3008//1 3007//1 3009//1
f 3008//1 3009//1 2997//1
f 2997//1 3009//1 3010//1
f 2997//1 3010//1 2998//1
f 2956//1 3011//1 2930//1
f 2930//1 3011//1 3012//1
f 2930//1 3012//1 2928//1
f 2928//1 3012//1 3013//1
f 2928//1 3013//1 3014//1
f 2917//1 2913//1 3014//1
f 3014//1 2913//1 3015//1
f 3014//1 3015//1 2928//1
f 2948//1 3016//1 2921//1
f 2921//1 3016//1 3017//1
f 2921//1 3017//1 2978//1
f 2978//1 3017//1 3018//1
f 2978//1 3018//1 2976//1
f 2924//1 3019//1 2925//1
f 2925//1 3019//1 3020//1
f 2925//1 3020//1 2983//1
f 2983//1 3020//1 3021//1
f 2983//1 3021//1 2985//1
f 2933//1 3022//1 2908//1
f 2908//1 3022//1 3023//1
f 2908//1 3023//1 2964//1
f 2964//1 3023//1 3024//1
f 2964//1 3024//1 2962//1
f 3025//4 3026//4 3027//4
f 3027//4 3028//4 3025//4
f 3025//4 3028//4 3029//4
f 3025//4 3029//4 3030//4
f 3025//4 3031//4 3032//4
f 3030//4 3033//4 3025//4
f 3025//4 3033//4 3034//4
f 3025//4 3034//4 3031//4
f 3032//4 3035//4 3025//4
f 3025//4 3035//4 3036//4
f 3025//4 3036//4 3037//4
f 3037//4 3038//4 3025//4
f 3025//4 3038//4 3039//4
f 3025//4 3039//4 3040//4
f 3040//4 3039//4 3041//4
f 3040//4 3041//4 3042//4
f 3042//4 3043//4 3040//4
f 3040//4 3043//4 3044//4
f 3040//4 3044//4 3045//4
f 3046//931 3047//931 3048//931
f 3048//931 3047//931 3049//931
f 3050//1 3051//1 3052//1
f 3053//1 3054//1 3055//1
f 3055//1 3054//1 3052//1
f 3055//1 3052//1 3056//1
f 3050//1 3052//1 3057//1
f 3052//1 3058//1 3059//1
f 3051//1 3060//1 3052//1
f 3052//1 3060//1 3061//1
f 3052//1 3061//1 3058//1
f 3057//1 3052//1 3062//1
f 3062//1 3052//1 3063//1
f 3062//1 3063//1 3064//1
f 3064//1 3065//1 3062//1
f 3062//1 3065//1 3066//1
f 3062//1 3066//1 3067//1
f 3067//1 3066//1 3068//1
f 3059//1 3069//1 3052//1
f 3052//1 3069//1 3070//1
f 3052//1 3070//1 3056//1
f 3071//10 3072//10 3073//10
f 3074//10 3075//10 3028//10
f 3071//10 3073//10 3076//10
f 3077//11 2510//11 2509//11
f 3028//10 3027//10 3074//10
f 3074//10 3027//10 3078//10
f 3074//10 3078//10 3079//10
f 2516//10 3080//10 2634//10
f 2634//10 3080//10 3081//10
f 2634//10 3081//10 2635//10
f 2635//10 3081//10 3082//10
f 2635//10 3082//10 2637//10
f 2637//10 3082//10 3048//10
f 2637//10 3048//10 2610//10
f 3083//10 3084//10 3085//10
f 3055//10 3086//10 3053//10
f 3053//10 3086//10 3073//10
f 3053//10 3073//10 3087//10
f 3087//10 3073//10 3072//10
f 3088//10 3089//10 3090//10
f 3090//10 3089//10 3080//10
f 3090//10 3080//10 2519//10
f 2519//10 3080//10 2516//10
f 2610//10 3048//10 2604//10
f 2604//10 3048//10 3049//10
f 2604//10 3049//10 2605//10
f 2605//10 3049//10 3091//10
f 2605//10 3091//10 2614//10
f 2614//10 3091//10 3092//10
f 2614//10 3092//10 2509//10
f 2509//10 3092//10 3093//10
f 2509//10 3093//10 3077//10
f 3085//10 3084//10 3093//10
f 3093//10 3084//10 3094//10
f 3093//15 3094//15 3077//15
f 3079//10 3095//10 3074//10
f 3074//10 3095//10 3096//10
f 3074//10 3096//10 3097//10
f 3097//10 3096//10 3089//10
f 3097//10 3089//10 3098//10
f 3098//10 3089//10 3088//10
f 3076//10 3073//10 3085//10
f 3085//10 3073//10 3099//10
f 3085//10 3099//10 3083//10
f 3100//5 3101//5 3102//5
f 3103//5 2667//5 2666//5
f 3104//5 3105//5 3106//5
f 3025//5 3107//5 3026//5
f 3026//5 3107//5 3106//5
f 3108//5 3052//5 3102//5
f 3102//5 3052//5 3054//5
f 3102//5 3054//5 3100//5
f 3109//5 3110//5 3111//5
f 3111//5 3110//5 3112//5
f 3105//5 3113//5 3106//5
f 3106//5 3113//5 3114//5
f 3106//5 3114//5 3026//5
f 3047//5 2815//5 3115//5
f 3115//5 2815//5 2813//5
f 3115//5 2813//5 3116//5
f 3116//5 2813//5 2812//5
f 3116//5 2812//5 3117//5
f 3117//5 2812//5 2674//5
f 3117//5 2674//5 2677//5
f 3111//5 3103//5 3109//5
f 3109//5 3103//5 2666//5
f 3109//5 2666//5 3118//5
f 3118//5 2666//5 2792//5
f 3118//5 2792//5 3119//5
f 3119//5 2792//5 2783//5
f 3119//5 2783//5 3046//5
f 3046//5 2783//5 2782//5
f 3046//5 2782//5 3047//5
f 3047//5 2782//5 2788//5
f 3047//5 2788//5 2815//5
f 3101//5 3120//5 3102//5
f 3102//5 3120//5 3121//5
f 3102//5 3121//5 3122//5
f 3122//5 3121//5 3123//5
f 3122//5 3123//5 3124//5
f 2677//7 3125//7 3117//7
f 3117//5 3125//5 3126//5
f 3117//5 3126//5 3123//5
f 3123//5 3126//5 3127//5
f 3123//5 3127//5 3124//5
f 3104//5 3106//5 3110//5
f 3110//5 3106//5 3128//5
f 3110//5 3128//5 3112//5
f 3108//4131 3129//4131 3052//4131
f 3052//4132 3129//4132 3063//4132
f 3129//4133 3130//4133 3063//4133
f 3063//4134 3130//4134 3131//4134
f 3063//4135 3131//4135 3064//4135
f 3131//4136 3132//4136 3064//4136
f 3064//4137 3132//4137 3133//4137
f 3064//4138 3133//4138 3065//4138
f 3133//4139 3134//4139 3065//4139
f 3065//4140 3134//4140 3135//4140
f 3065//4141 3135//4141 3066//4141
f 3135//4142 3136//4142 3066//4142
f 3066//4143 3136//4143 3137//4143
f 3066//4144 3137//4144 3068//4144
f 3137//4145 3138//4145 3068//4145
f 3068//4146 3138//4146 3139//4146
f 3068//4147 3139//4147 3067//4147
f 3139//4148 3140//4148 3067//4148
f 3067//4149 3140//4149 3141//4149
f 3067//4150 3141//4150 3062//4150
f 3141//4151 3142//4151 3062//4151
f 3062//4152 3142//4152 3143//4152
f 3062//4153 3143//4153 3057//4153
f 3144//4154 3050//4154 3145//4154
f 3145//4155 3050//4155 3057//4155
f 3145//4156 3057//4156 3146//4156
f 3146//4157 3057//4157 3143//4157
f 3086//4158 3055//4158 3147//4158
f 3147//4159 3055//4159 3056//4159
f 3147//4160 3056//4160 3148//4160
f 3148//4161 3056//4161 3149//4161
f 3149//4162 3056//4162 3070//4162
f 3149//4163 3070//4163 3150//4163
f 3150//4164 3070//4164 3151//4164
f 3151//4165 3070//4165 3069//4165
f 3151//4166 3069//4166 3152//4166
f 3152//4167 3069//4167 3153//4167
f 3153//4168 3069//4168 3059//4168
f 3153//4169 3059//4169 3154//4169
f 3154//4170 3059//4170 3155//4170
f 3155//4171 3059//4171 3058//4171
f 3155//4172 3058//4172 3156//4172
f 3156//4173 3058//4173 3157//4173
f 3157//4174 3058//4174 3061//4174
f 3157//4175 3061//4175 3158//4175
f 3158//4176 3061//4176 3159//4176
f 3159//4177 3061//4177 3060//4177
f 3159//4178 3060//4178 3160//4178
f 3160//4179 3060//4179 3161//4179
f 3161//4180 3060//4180 3051//4180
f 3161//4181 3051//4181 3162//4181
f 3162//4182 3051//4182 3163//4182
f 3163//4183 3051//4183 3050//4183
f 3163//4184 3050//4184 3144//4184
f 3107//4131 3025//4131 3164//4131
f 3164//4185 3025//4185 3040//4185
f 3164//4133 3040//4133 3165//4133
f 3165//4134 3040//4134 3166//4134
f 3166//4186 3040//4186 3045//4186
f 3166//4136 3045//4136 3167//4136
f 3167//4137 3045//4137 3168//4137
f 3168//4187 3045//4187 3044//4187
f 3168//4139 3044//4139 3169//4139
f 3169//4140 3044//4140 3170//4140
f 3170//4188 3044//4188 3043//4188
f 3170//4142 3043//4142 3171//4142
f 3171//4143 3043//4143 3172//4143
f 3172//4189 3043//4189 3042//4189
f 3172//4145 3042//4145 3173//4145
f 3173//4146 3042//4146 3174//4146
f 3174//4190 3042//4190 3041//4190
f 3174//4148 3041//4148 3175//4148
f 3175//4149 3041//4149 3176//4149
f 3176//4191 3041//4191 3039//4191
f 3176//4151 3039//4151 3177//4151
f 3177//4152 3039//4152 3178//4152
f 3178//4192 3039//4192 3038//4192
f 3178//4157 3038//4157 3179//4157
f 3179//4156 3038//4156 3180//4156
f 3180//4193 3038//4193 3037//4193
f 3180//4154 3037//4154 3181//4154
f 3075//4158 3182//4158 3028//4158
f 3028//4194 3182//4194 3029//4194
f 3182//4160 3183//4160 3029//4160
f 3029//4161 3183//4161 3184//4161
f 3029//4195 3184//4195 3030//4195
f 3184//4163 3185//4163 3030//4163
f 3030//4164 3185//4164 3186//4164
f 3030//4196 3186//4196 3033//4196
f 3186//4166 3187//4166 3033//4166
f 3033//4167 3187//4167 3188//4167
f 3033//4197 3188//4197 3034//4197
f 3188//4169 3189//4169 3034//4169
f 3034//4170 3189//4170 3190//4170
f 3034//4198 3190//4198 3031//4198
f 3190//4172 3191//4172 3031//4172
f 3031//4173 3191//4173 3192//4173
f 3031//4199 3192//4199 3032//4199
f 3192//4175 3193//4175 3032//4175
f 3032//4176 3193//4176 3194//4176
f 3032//4200 3194//4200 3035//4200
f 3194//4178 3195//4178 3035//4178
f 3035//4179 3195//4179 3196//4179
f 3035//4201 3196//4201 3036//4201
f 3181//4184 3037//4184 3197//4184
f 3197//4202 3037//4202 3036//4202
f 3197//4182 3036//4182 3198//4182
f 3198//4181 3036//4181 3196//4181
f 2220//4203 2222//4203 3199//4203
f 2385//4204 2387//4204 3200//4204
f 2359//4205 2361//4205 3201//4205
f 2371//4206 2373//4206 3202//4206
f 2343//4207 2345//4207 3203//4207
f 2328//4208 2321//4208 3204//4208
f 2310//4209 2312//4209 3205//4209
f 2298//4210 2300//4210 3206//4210
f 2269//4211 2271//4211 3207//4211
f 2281//4212 2283//4212 3208//4212
f 2253//4213 2255//4213 3209//4213
f 2238//4214 2231//4214 3210//4214
f 2171//4215 2170//4215 3211//4215
f 2177//4216 2176//4216 3212//4216
f 2183//4217 2182//4217 3213//4217
f 2189//4218 2188//4218 3214//4218
f 2195//4219 2194//4219 3215//4219
f 2201//4220 2200//4220 3216//4220
f 2135//4221 2134//4221 3217//4221
f 2141//4222 2140//4222 3218//4222
f 2147//4223 2146//4223 3219//4223
f 2153//4224 2152//4224 3220//4224
f 2159//4225 2158//4225 3221//4225
f 2165//4226 2164//4226 3222//4226
f 2165//4227 3222//4227 2166//4227
f 2159//4228 3221//4228 2160//4228
f 2153//4229 3220//4229 2154//4229
f 2147//4230 3219//4230 2148//4230
f 2141//4231 3218//4231 2142//4231
f 2135//4232 3217//4232 2136//4232
f 2201//4233 3216//4233 2202//4233
f 2195//4234 3215//4234 2196//4234
f 2189//4235 3214//4235 2190//4235
f 2183//4236 3213//4236 2184//4236
f 2177//4237 3212//4237 2178//4237
f 2171//4238 3211//4238 2172//4238
f 2168//4239 2167//4239 3223//4239
f 3223//4240 2167//4240 3224//4240
f 3223//4241 3224//4241 3225//4241
f 3225//4242 3224//4242 3226//4242
f 3225//4243 3226//4243 3227//4243
f 3227//4243 3226//4243 3228//4243
f 3227//4244 3228//4244 3229//4244
f 3229//4244 3228//4244 3230//4244
f 3229//4245 3230//4245 3231//4245
f 3231//4245 3230//4245 3232//4245
f 3231//4246 3232//4246 3233//4246
f 3233//4247 3232//4247 3210//4247
f 2162//4248 2161//4248 3234//4248
f 3234//4249 2161//4249 3235//4249
f 3234//4250 3235//4250 3236//4250
f 3236//4250 3235//4250 3237//4250
f 3236//4251 3237//4251 3238//4251
f 3238//4252 3237//4252 3239//4252
f 3238//4253 3239//4253 3240//4253
f 3240//4253 3239//4253 3241//4253
f 3240//4254 3241//4254 3242//4254
f 3242//4254 3241//4254 3243//4254
f 3242//4255 3243//4255 3244//4255
f 3244//4256 3243//4256 3209//4256
f 2156//4257 2155//4257 3245//4257
f 3245//4258 2155//4258 3246//4258
f 3245//4259 3246//4259 3247//4259
f 3247//4259 3246//4259 3248//4259
f 3247//4260 3248//4260 3249//4260
f 3249//4261 3248//4261 3250//4261
f 3249//4262 3250//4262 3251//4262
f 3251//4262 3250//4262 3252//4262
f 3251//4263 3252//4263 3253//4263
f 3253//4264 3252//4264 3254//4264
f 3253//4265 3254//4265 3255//4265
f 3255//4266 3254//4266 3208//4266
f 2150//4267 2149//4267 3256//4267
f 3256//4268 2149//4268 3257//4268
f 3256//4269 3257//4269 3258//4269
f 3258//4269 3257//4269 3259//4269
f 3258//4270 3259//4270 3260//4270
f 3260//4270 3259//4270 3261//4270
f 3260//4271 3261//4271 3262//4271
f 3262//4271 3261//4271 3263//4271
f 3262//4272 3263//4272 3264//4272
f 3264//4273 3263//4273 3265//4273
f 3264//4274 3265//4274 3266//4274
f 3266//4274 3265//4274 3207//4274
f 2144//4275 2143//4275 3267//4275
f 3267//4276 2143//4276 3268//4276
f 3267//4277 3268//4277 3269//4277
f 3269//4277 3268//4277 3270//4277
f 3269//4278 3270//4278 3271//4278
f 3271//4278 3270//4278 3272//4278
f 3271//4279 3272//4279 3273//4279
f 3273//4279 3272//4279 3274//4279
f 3273//4280 3274//4280 3275//4280
f 3275//4281 3274//4281 3276//4281
f 3275//4282 3276//4282 3277//4282
f 3277//4282 3276//4282 3206//4282
f 2138//4283 2137//4283 3278//4283
f 3278//4284 2137//4284 3279//4284
f 3278//4285 3279//4285 3280//4285
f 3280//4285 3279//4285 3281//4285
f 3280//4286 3281//4286 3282//4286
f 3282//4286 3281//4286 3283//4286
f 3282//4287 3283//4287 3284//4287
f 3284//4287 3283//4287 3285//4287
f 3284//4288 3285//4288 3286//4288
f 3286//4288 3285//4288 3287//4288
f 3286//4289 3287//4289 3288//4289
f 3288//4290 3287//4290 3205//4290
f 2204//4291 2203//4291 3289//4291
f 3289//4292 2203//4292 3290//4292
f 3289//4293 3290//4293 3291//4293
f 3291//4293 3290//4293 3292//4293
f 3291//4294 3292//4294 3293//4294
f 3293//4295 3292//4295 3294//4295
f 3293//4296 3294//4296 3295//4296
f 3295//4296 3294//4296 3296//4296
f 3295//4297 3296//4297 3297//4297
f 3297//4297 3296//4297 3298//4297
f 3297//4298 3298//4298 3299//4298
f 3299//4298 3298//4298 3204//4298
f 2198//4299 2197//4299 3300//4299
f 3300//4300 2197//4300 3301//4300
f 3300//4301 3301//4301 3302//4301
f 3302//4301 3301//4301 3303//4301
f 3302//4302 3303//4302 3304//4302
f 3304//4302 3303//4302 3305//4302
f 3304//4303 3305//4303 3306//4303
f 3306//4303 3305//4303 3307//4303
f 3306//4304 3307//4304 3308//4304
f 3308//4305 3307//4305 3309//4305
f 3308//4306 3309//4306 3310//4306
f 3310//4307 3309//4307 3203//4307
f 2192//4308 2191//4308 3311//4308
f 3311//4309 2191//4309 3312//4309
f 3311//4310 3312//4310 3313//4310
f 3313//4310 3312//4310 3314//4310
f 3313//4311 3314//4311 3315//4311
f 3315//4312 3314//4312 3316//4312
f 3315//4313 3316//4313 3317//4313
f 3317//4313 3316//4313 3318//4313
f 3317//4314 3318//4314 3319//4314
f 3319//4315 3318//4315 3320//4315
f 3319//4316 3320//4316 3321//4316
f 3321//4316 3320//4316 3202//4316
f 2186//4317 2185//4317 3322//4317
f 3322//4318 2185//4318 3323//4318
f 3322//4319 3323//4319 3324//4319
f 3324//4320 3323//4320 3325//4320
f 3324//4321 3325//4321 3326//4321
f 3326//4322 3325//4322 3327//4322
f 3326//4323 3327//4323 3328//4323
f 3328//4323 3327//4323 3329//4323
f 3328//4324 3329//4324 3330//4324
f 3330//4325 3329//4325 3331//4325
f 3330//4326 3331//4326 3332//4326
f 3332//4327 3331//4327 3201//4327
f 2180//4328 2179//4328 3333//4328
f 3333//4329 2179//4329 3334//4329
f 3333//4330 3334//4330 3335//4330
f 3335//4331 3334//4331 3336//4331
f 3335//4332 3336//4332 3337//4332
f 3337//4333 3336//4333 3338//4333
f 3337//4334 3338//4334 3339//4334
f 3339//4334 3338//4334 3340//4334
f 3339//4335 3340//4335 3341//4335
f 3341//4335 3340//4335 3342//4335
f 3341//4336 3342//4336 3343//4336
f 3343//4337 3342//4337 3200//4337
f 2174//4338 2173//4338 3344//4338
f 3344//4339 2173//4339 3345//4339
f 3344//4340 3345//4340 3346//4340
f 3346//4340 3345//4340 3347//4340
f 3346//4341 3347//4341 3348//4341
f 3348//4341 3347//4341 3349//4341
f 3348//4342 3349//4342 3350//4342
f 3350//4342 3349//4342 3351//4342
f 3350//4343 3351//4343 3352//4343
f 3352//4343 3351//4343 3353//4343
f 3352//4344 3353//4344 3354//4344
f 3354//4345 3353//4345 3199//4345
f 2169//4346 2168//4346 3355//4346
f 3355//4346 2168//4346 3223//4346
f 3355//4347 3223//4347 3356//4347
f 3356//4347 3223//4347 3225//4347
f 3356//4348 3225//4348 3357//4348
f 3357//4348 3225//4348 3227//4348
f 3357//4349 3227//4349 3358//4349
f 3358//4349 3227//4349 3229//4349
f 3358//4350 3229//4350 3359//4350
f 3359//4350 3229//4350 3231//4350
f 3359//4351 3231//4351 3360//4351
f 3360//4352 3231//4352 3233//4352
f 3360//4353 3233//4353 2225//4353
f 2225//4353 3233//4353 2235//4353
f 3210//4354 2231//4354 3233//4354
f 3233//4355 2231//4355 2233//4355
f 3233//4356 2233//4356 2235//4356
f 2244//4357 2238//4357 3361//4357
f 3361//4358 2238//4358 3210//4358
f 3361//4359 3210//4359 3362//4359
f 3362//4360 3210//4360 3232//4360
f 3362//4361 3232//4361 3363//4361
f 3363//4362 3232//4362 3230//4362
f 3363//4363 3230//4363 3364//4363
f 3364//4363 3230//4363 3228//4363
f 3364//4364 3228//4364 3365//4364
f 3365//4364 3228//4364 3226//4364
f 3365//4365 3226//4365 3222//4365
f 3222//4365 3226//4365 3224//4365
f 3222//4366 3224//4366 2166//4366
f 2166//4367 3224//4367 2167//4367
f 2164//4368 2163//4368 3222//4368
f 3222//4368 2163//4368 3366//4368
f 3222//4369 3366//4369 3365//4369
f 3365//4369 3366//4369 3367//4369
f 3365//4370 3367//4370 3364//4370
f 3364//4370 3367//4370 3368//4370
f 3364//4371 3368//4371 3363//4371
f 3363//4371 3368//4371 3369//4371
f 3363//4372 3369//4372 3362//4372
f 3362//4372 3369//4372 3370//4372
f 3362//4373 3370//4373 3361//4373
f 3361//4373 3370//4373 3371//4373
f 3361//4374 3371//4374 2244//4374
f 2244//4374 3371//4374 2241//4374
f 2163//4375 2162//4375 3366//4375
f 3366//4375 2162//4375 3234//4375
f 3366//4376 3234//4376 3367//4376
f 3367//4376 3234//4376 3236//4376
f 3367//4377 3236//4377 3368//4377
f 3368//4377 3236//4377 3238//4377
f 3368//4378 3238//4378 3369//4378
f 3369//4379 3238//4379 3240//4379
f 3369//4380 3240//4380 3370//4380
f 3370//4380 3240//4380 3242//4380
f 3370//4381 3242//4381 3371//4381
f 3371//4382 3242//4382 3244//4382
f 3371//4383 3244//4383 2241//4383
f 2241//4383 3244//4383 2209//4383
f 3209//4384 2255//4384 3244//4384
f 3244//4385 2255//4385 2210//4385
f 3244//4386 2210//4386 2209//4386
f 2251//4387 2253//4387 3372//4387
f 3372//4388 2253//4388 3209//4388
f 3372//4389 3209//4389 3373//4389
f 3373//4390 3209//4390 3243//4390
f 3373//4391 3243//4391 3374//4391
f 3374//4391 3243//4391 3241//4391
f 3374//4392 3241//4392 3375//4392
f 3375//4392 3241//4392 3239//4392
f 3375//4393 3239//4393 3376//4393
f 3376//4394 3239//4394 3237//4394
f 3376//4395 3237//4395 3221//4395
f 3221//4395 3237//4395 3235//4395
f 3221//4396 3235//4396 2160//4396
f 2160//4397 3235//4397 2161//4397
f 2158//4398 2157//4398 3221//4398
f 3221//4398 2157//4398 3377//4398
f 3221//4399 3377//4399 3376//4399
f 3376//4399 3377//4399 3378//4399
f 3376//4400 3378//4400 3375//4400
f 3375//4400 3378//4400 3379//4400
f 3375//4401 3379//4401 3374//4401
f 3374//4402 3379//4402 3380//4402
f 3374//4403 3380//4403 3373//4403
f 3373//4404 3380//4404 3381//4404
f 3373//4405 3381//4405 3372//4405
f 3372//4405 3381//4405 3382//4405
f 3372//4406 3382//4406 2251//4406
f 2251//4407 3382//4407 2260//4407
f 2157//4408 2156//4408 3377//4408
f 3377//4409 2156//4409 3245//4409
f 3377//4410 3245//4410 3378//4410
f 3378//4410 3245//4410 3247//4410
f 3378//4411 3247//4411 3379//4411
f 3379//4412 3247//4412 3249//4412
f 3379//4413 3249//4413 3380//4413
f 3380//4414 3249//4414 3251//4414
f 3380//4415 3251//4415 3381//4415
f 3381//4415 3251//4415 3253//4415
f 3381//4416 3253//4416 3382//4416
f 3382//4416 3253//4416 3255//4416
f 3382//4417 3255//4417 2260//4417
f 2260//4417 3255//4417 2287//4417
f 3208//4418 2283//4418 3255//4418
f 3255//4419 2283//4419 2285//4419
f 3255//4420 2285//4420 2287//4420
f 2279//4421 2281//4421 3383//4421
f 3383//4422 2281//4422 3208//4422
f 3383//4423 3208//4423 3384//4423
f 3384//4423 3208//4423 3254//4423
f 3384//4424 3254//4424 3385//4424
f 3385//4424 3254//4424 3252//4424
f 3385//4425 3252//4425 3386//4425
f 3386//4425 3252//4425 3250//4425
f 3386//4426 3250//4426 3387//4426
f 3387//4426 3250//4426 3248//4426
f 3387//4427 3248//4427 3220//4427
f 3220//4428 3248//4428 3246//4428
f 3220//4429 3246//4429 2154//4429
f 2154//4430 3246//4430 2155//4430
f 2152//4431 2151//4431 3220//4431
f 3220//4431 2151//4431 3388//4431
f 3220//4432 3388//4432 3387//4432
f 3387//4432 3388//4432 3389//4432
f 3387//4433 3389//4433 3386//4433
f 3386//4434 3389//4434 3390//4434
f 3386//4435 3390//4435 3385//4435
f 3385//4435 3390//4435 3391//4435
f 3385//4436 3391//4436 3384//4436
f 3384//4436 3391//4436 3392//4436
f 3384//4437 3392//4437 3383//4437
f 3383//4438 3392//4438 3393//4438
f 3383//4439 3393//4439 2279//4439
f 2279//4440 3393//4440 2277//4440
f 2151//4441 2150//4441 3388//4441
f 3388//4441 2150//4441 3256//4441
f 3388//4442 3256//4442 3389//4442
f 3389//4442 3256//4442 3258//4442
f 3389//4443 3258//4443 3390//4443
f 3390//4444 3258//4444 3260//4444
f 3390//4445 3260//4445 3391//4445
f 3391//4445 3260//4445 3262//4445
f 3391//4446 3262//4446 3392//4446
f 3392//4447 3262//4447 3264//4447
f 3392//4448 3264//4448 3393//4448
f 3393//4449 3264//4449 3266//4449
f 3393//4450 3266//4450 2277//4450
f 2277//4451 3266//4451 2275//4451
f 3207//4452 2271//4452 3266//4452
f 3266//4453 2271//4453 2273//4453
f 3266//4454 2273//4454 2275//4454
f 2267//4455 2269//4455 3394//4455
f 3394//4456 2269//4456 3207//4456
f 3394//4457 3207//4457 3395//4457
f 3395//4458 3207//4458 3265//4458
f 3395//4459 3265//4459 3396//4459
f 3396//4460 3265//4460 3263//4460
f 3396//4461 3263//4461 3397//4461
f 3397//4461 3263//4461 3261//4461
f 3397//4462 3261//4462 3398//4462
f 3398//4463 3261//4463 3259//4463
f 3398//4464 3259//4464 3219//4464
f 3219//4464 3259//4464 3257//4464
f 3219//4465 3257//4465 2148//4465
f 2148//4466 3257//4466 2149//4466
f 2146//4467 2145//4467 3219//4467
f 3219//4468 2145//4468 3399//4468
f 3219//4469 3399//4469 3398//4469
f 3398//4469 3399//4469 3400//4469
f 3398//4470 3400//4470 3397//4470
f 3397//4470 3400//4470 3401//4470
f 3397//4471 3401//4471 3396//4471
f 3396//4471 3401//4471 3402//4471
f 3396//4472 3402//4472 3395//4472
f 3395//4473 3402//4473 3403//4473
f 3395//4474 3403//4474 3394//4474
f 3394//4474 3403//4474 3404//4474
f 3394//4475 3404//4475 2267//4475
f 2267//4475 3404//4475 2265//4475
f 2145//4476 2144//4476 3399//4476
f 3399//4476 2144//4476 3267//4476
f 3399//4477 3267//4477 3400//4477
f 3400//4477 3267//4477 3269//4477
f 3400//4478 3269//4478 3401//4478
f 3401//4478 3269//4478 3271//4478
f 3401//4479 3271//4479 3402//4479
f 3402//4479 3271//4479 3273//4479
f 3402//4480 3273//4480 3403//4480
f 3403//4481 3273//4481 3275//4481
f 3403//4482 3275//4482 3404//4482
f 3404//4483 3275//4483 3277//4483
f 3404//4484 3277//4484 2265//4484
f 2265//4485 3277//4485 2290//4485
f 3206//4486 2300//4486 3277//4486
f 3277//4487 2300//4487 2302//4487
f 3277//4488 2302//4488 2290//4488
f 2293//4489 2298//4489 3405//4489
f 3405//4490 2298//4490 3206//4490
f 3405//4491 3206//4491 3406//4491
f 3406//4491 3206//4491 3276//4491
f 3406//4492 3276//4492 3407//4492
f 3407//4492 3276//4492 3274//4492
f 3407//4493 3274//4493 3408//4493
f 3408//4493 3274//4493 3272//4493
f 3408//4494 3272//4494 3409//4494
f 3409//4494 3272//4494 3270//4494
f 3409//4495 3270//4495 3218//4495
f 3218//4496 3270//4496 3268//4496
f 3218//4497 3268//4497 2142//4497
f 2142//4498 3268//4498 2143//4498
f 2140//4499 2139//4499 3218//4499
f 3218//4499 2139//4499 3410//4499
f 3218//4500 3410//4500 3409//4500
f 3409//4500 3410//4500 3411//4500
f 3409//4501 3411//4501 3408//4501
f 3408//4501 3411//4501 3412//4501
f 3408//4502 3412//4502 3407//4502
f 3407//4503 3412//4503 3413//4503
f 3407//4504 3413//4504 3406//4504
f 3406//4505 3413//4505 3414//4505
f 3406//4506 3414//4506 3405//4506
f 3405//4507 3414//4507 3415//4507
f 3405//4508 3415//4508 2293//4508
f 2293//4508 3415//4508 2294//4508
f 2139//4509 2138//4509 3410//4509
f 3410//4509 2138//4509 3278//4509
f 3410//4510 3278//4510 3411//4510
f 3411//4510 3278//4510 3280//4510
f 3411//4511 3280//4511 3412//4511
f 3412//4511 3280//4511 3282//4511
f 3412//4512 3282//4512 3413//4512
f 3413//4513 3282//4513 3284//4513
f 3413//4514 3284//4514 3414//4514
f 3414//4514 3284//4514 3286//4514
f 3414//4515 3286//4515 3415//4515
f 3415//4516 3286//4516 3288//4516
f 3415//4517 3288//4517 2294//4517
f 2294//4517 3288//4517 2307//4517
f 3205//4518 2312//4518 3288//4518
f 3288//4519 2312//4519 2305//4519
f 3288//4520 2305//4520 2307//4520
f 2318//4521 2310//4521 3416//4521
f 3416//4522 2310//4522 3205//4522
f 3416//4523 3205//4523 3417//4523
f 3417//4524 3205//4524 3287//4524
f 3417//4525 3287//4525 3418//4525
f 3418//4525 3287//4525 3285//4525
f 3418//4526 3285//4526 3419//4526
f 3419//4526 3285//4526 3283//4526
f 3419//4527 3283//4527 3420//4527
f 3420//4527 3283//4527 3281//4527
f 3420//4528 3281//4528 3217//4528
f 3217//4529 3281//4529 3279//4529
f 3217//4530 3279//4530 2136//4530
f 2136//4531 3279//4531 2137//4531
f 2134//4532 2205//4532 3217//4532
f 3217//4532 2205//4532 3421//4532
f 3217//4533 3421//4533 3420//4533
f 3420//4533 3421//4533 3422//4533
f 3420//4534 3422//4534 3419//4534
f 3419//4534 3422//4534 3423//4534
f 3419//4535 3423//4535 3418//4535
f 3418//4535 3423//4535 3424//4535
f 3418//4536 3424//4536 3417//4536
f 3417//4536 3424//4536 3425//4536
f 3417//4537 3425//4537 3416//4537
f 3416//4538 3425//4538 3426//4538
f 3416//4539 3426//4539 2318//4539
f 2318//4539 3426//4539 2315//4539
f 2205//4540 2204//4540 3421//4540
f 3421//4540 2204//4540 3289//4540
f 3421//4541 3289//4541 3422//4541
f 3422//4541 3289//4541 3291//4541
f 3422//4542 3291//4542 3423//4542
f 3423//4542 3291//4542 3293//4542
f 3423//4543 3293//4543 3424//4543
f 3424//4543 3293//4543 3295//4543
f 3424//4544 3295//4544 3425//4544
f 3425//4544 3295//4544 3297//4544
f 3425//4545 3297//4545 3426//4545
f 3426//4546 3297//4546 3299//4546
f 3426//4547 3299//4547 2315//4547
f 2315//4547 3299//4547 2325//4547
f 3204//4548 2321//4548 3299//4548
f 3299//4549 2321//4549 2323//4549
f 3299//4550 2323//4550 2325//4550
f 2334//4551 2328//4551 3427//4551
f 3427//4552 2328//4552 3204//4552
f 3427//4553 3204//4553 3428//4553
f 3428//4554 3204//4554 3298//4554
f 3428//4555 3298//4555 3429//4555
f 3429//4555 3298//4555 3296//4555
f 3429//4556 3296//4556 3430//4556
f 3430//4556 3296//4556 3294//4556
f 3430//4557 3294//4557 3431//4557
f 3431//4558 3294//4558 3292//4558
f 3431//4559 3292//4559 3216//4559
f 3216//4559 3292//4559 3290//4559
f 3216//4560 3290//4560 2202//4560
f 2202//4561 3290//4561 2203//4561
f 2200//4562 2199//4562 3216//4562
f 3216//4563 2199//4563 3432//4563
f 3216//4564 3432//4564 3431//4564
f 3431//4564 3432//4564 3433//4564
f 3431//4565 3433//4565 3430//4565
f 3430//4565 3433//4565 3434//4565
f 3430//4566 3434//4566 3429//4566
f 3429//4566 3434//4566 3435//4566
f 3429//4567 3435//4567 3428//4567
f 3428//4567 3435//4567 3436//4567
f 3428//4568 3436//4568 3427//4568
f 3427//4569 3436//4569 3437//4569
f 3427//4570 3437//4570 2334//4570
f 2334//4570 3437//4570 2331//4570
f 2199//4571 2198//4571 3432//4571
f 3432//4571 2198//4571 3300//4571
f 3432//4572 3300//4572 3433//4572
f 3433//4572 3300//4572 3302//4572
f 3433//4573 3302//4573 3434//4573
f 3434//4574 3302//4574 3304//4574
f 3434//4575 3304//4575 3435//4575
f 3435//4575 3304//4575 3306//4575
f 3435//4576 3306//4576 3436//4576
f 3436//4577 3306//4577 3308//4577
f 3436//4578 3308//4578 3437//4578
f 3437//4578 3308//4578 3310//4578
f 3437//4579 3310//4579 2331//4579
f 2331//4579 3310//4579 2206//4579
f 3203//4580 2345//4580 3310//4580
f 3310//4581 2345//4581 2207//4581
f 3310//4582 2207//4582 2206//4582
f 2341//4583 2343//4583 3438//4583
f 3438//4584 2343//4584 3203//4584
f 3438//4585 3203//4585 3439//4585
f 3439//4585 3203//4585 3309//4585
f 3439//4586 3309//4586 3440//4586
f 3440//4587 3309//4587 3307//4587
f 3440//4588 3307//4588 3441//4588
f 3441//4588 3307//4588 3305//4588
f 3441//4589 3305//4589 3442//4589
f 3442//4590 3305//4590 3303//4590
f 3442//4591 3303//4591 3215//4591
f 3215//4592 3303//4592 3301//4592
f 3215//4593 3301//4593 2196//4593
f 2196//4594 3301//4594 2197//4594
f 2194//4595 2193//4595 3215//4595
f 3215//4595 2193//4595 3443//4595
f 3215//4596 3443//4596 3442//4596
f 3442//4596 3443//4596 3444//4596
f 3442//4597 3444//4597 3441//4597
f 3441//4597 3444//4597 3445//4597
f 3441//4598 3445//4598 3440//4598
f 3440//4599 3445//4599 3446//4599
f 3440//4600 3446//4600 3439//4600
f 3439//4601 3446//4601 3447//4601
f 3439//4602 3447//4602 3438//4602
f 3438//4603 3447//4603 3448//4603
f 3438//4604 3448//4604 2341//4604
f 2341//4605 3448//4605 2350//4605
f 2193//4606 2192//4606 3443//4606
f 3443//4607 2192//4607 3311//4607
f 3443//4608 3311//4608 3444//4608
f 3444//4608 3311//4608 3313//4608
f 3444//4609 3313//4609 3445//4609
f 3445//4609 3313//4609 3315//4609
f 3445//4610 3315//4610 3446//4610
f 3446//4611 3315//4611 3317//4611
f 3446//4612 3317//4612 3447//4612
f 3447//4612 3317//4612 3319//4612
f 3447//4613 3319//4613 3448//4613
f 3448//4614 3319//4614 3321//4614
f 3448//4615 3321//4615 2350//4615
f 2350//4615 3321//4615 2377//4615
f 3202//4616 2373//4616 3321//4616
f 3321//4617 2373//4617 2375//4617
f 3321//4618 2375//4618 2377//4618
f 2369//4619 2371//4619 3449//4619
f 3449//4620 2371//4620 3202//4620
f 3449//4621 3202//4621 3450//4621
f 3450//4622 3202//4622 3320//4622
f 3450//4623 3320//4623 3451//4623
f 3451//4623 3320//4623 3318//4623
f 3451//4624 3318//4624 3452//4624
f 3452//4624 3318//4624 3316//4624
f 3452//4625 3316//4625 3453//4625
f 3453//4626 3316//4626 3314//4626
f 3453//4627 3314//4627 3214//4627
f 3214//4628 3314//4628 3312//4628
f 3214//4629 3312//4629 2190//4629
f 2190//4630 3312//4630 2191//4630
f 2188//4631 2187//4631 3214//4631
f 3214//4631 2187//4631 3454//4631
f 3214//4632 3454//4632 3453//4632
f 3453//4632 3454//4632 3455//4632
f 3453//4633 3455//4633 3452//4633
f 3452//4634 3455//4634 3456//4634
f 3452//4635 3456//4635 3451//4635
f 3451//4635 3456//4635 3457//4635
f 3451//4636 3457//4636 3450//4636
f 3450//4636 3457//4636 3458//4636
f 3450//4637 3458//4637 3449//4637
f 3449//4638 3458//4638 3459//4638
f 3449//4639 3459//4639 2369//4639
f 2369//4639 3459//4639 2367//4639
f 2187//4640 2186//4640 3454//4640
f 3454//4640 2186//4640 3322//4640
f 3454//4641 3322//4641 3455//4641
f 3455//4641 3322//4641 3324//4641
f 3455//4642 3324//4642 3456//4642
f 3456//4642 3324//4642 3326//4642
f 3456//4643 3326//4643 3457//4643
f 3457//4643 3326//4643 3328//4643
f 3457//4644 3328//4644 3458//4644
f 3458//4644 3328//4644 3330//4644
f 3458//4645 3330//4645 3459//4645
f 3459//4645 3330//4645 3332//4645
f 3459//4646 3332//4646 2367//4646
f 2367//4646 3332//4646 2365//4646
f 3201//4647 2361//4647 3332//4647
f 3332//4648 2361//4648 2363//4648
f 3332//4649 2363//4649 2365//4649
f 2357//4650 2359//4650 3460//4650
f 3460//4651 2359//4651 3201//4651
f 3460//4652 3201//4652 3461//4652
f 3461//4653 3201//4653 3331//4653
f 3461//4654 3331//4654 3462//4654
f 3462//4654 3331//4654 3329//4654
f 3462//4655 3329//4655 3463//4655
f 3463//4655 3329//4655 3327//4655
f 3463//4656 3327//4656 3464//4656
f 3464//4657 3327//4657 3325//4657
f 3464//4658 3325//4658 3213//4658
f 3213//4658 3325//4658 3323//4658
f 3213//4659 3323//4659 2184//4659
f 2184//4660 3323//4660 2185//4660
f 2182//4661 2181//4661 3213//4661
f 3213//4661 2181//4661 3465//4661
f 3213//4662 3465//4662 3464//4662
f 3464//4662 3465//4662 3466//4662
f 3464//4663 3466//4663 3463//4663
f 3463//4664 3466//4664 3467//4664
f 3463//4665 3467//4665 3462//4665
f 3462//4666 3467//4666 3468//4666
f 3462//4667 3468//4667 3461//4667
f 3461//4668 3468//4668 3469//4668
f 3461//4669 3469//4669 3460//4669
f 3460//4669 3469//4669 3470//4669
f 3460//4670 3470//4670 2357//4670
f 2357//4670 3470//4670 2355//4670
f 2181//4671 2180//4671 3465//4671
f 3465//4671 2180//4671 3333//4671
f 3465//4672 3333//4672 3466//4672
f 3466//4672 3333//4672 3335//4672
f 3466//4673 3335//4673 3467//4673
f 3467//4673 3335//4673 3337//4673
f 3467//4674 3337//4674 3468//4674
f 3468//4674 3337//4674 3339//4674
f 3468//4675 3339//4675 3469//4675
f 3469//4675 3339//4675 3341//4675
f 3469//4676 3341//4676 3470//4676
f 3470//4677 3341//4677 3343//4677
f 3470//4678 3343//4678 2355//4678
f 2355//4678 3343//4678 2380//4678
f 3200//4679 2387//4679 3343//4679
f 3343//4680 2387//4680 2389//4680
f 3343//4681 2389//4681 2380//4681
f 2212//4682 2385//4682 3471//4682
f 3471//4683 2385//4683 3200//4683
f 3471//4684 3200//4684 3472//4684
f 3472//4685 3200//4685 3342//4685
f 3472//4686 3342//4686 3473//4686
f 3473//4687 3342//4687 3340//4687
f 3473//4688 3340//4688 3474//4688
f 3474//4688 3340//4688 3338//4688
f 3474//4689 3338//4689 3475//4689
f 3475//4689 3338//4689 3336//4689
f 3475//4690 3336//4690 3212//4690
f 3212//4690 3336//4690 3334//4690
f 3212//4691 3334//4691 2178//4691
f 2178//4692 3334//4692 2179//4692
f 2176//4693 2175//4693 3212//4693
f 3212//4693 2175//4693 3476//4693
f 3212//4694 3476//4694 3475//4694
f 3475//4694 3476//4694 3477//4694
f 3475//4695 3477//4695 3474//4695
f 3474//4695 3477//4695 3478//4695
f 3474//4696 3478//4696 3473//4696
f 3473//4696 3478//4696 3479//4696
f 3473//4697 3479//4697 3472//4697
f 3472//4697 3479//4697 3480//4697
f 3472//4698 3480//4698 3471//4698
f 3471//4699 3480//4699 3481//4699
f 3471//4700 3481//4700 2212//4700
f 2212//4700 3481//4700 2213//4700
f 2175//4701 2174//4701 3476//4701
f 3476//4701 2174//4701 3344//4701
f 3476//4702 3344//4702 3477//4702
f 3477//4702 3344//4702 3346//4702
f 3477//4703 3346//4703 3478//4703
f 3478//4703 3346//4703 3348//4703
f 3478//4704 3348//4704 3479//4704
f 3479//4704 3348//4704 3350//4704
f 3479//4705 3350//4705 3480//4705
f 3480//4705 3350//4705 3352//4705
f 3480//4706 3352//4706 3481//4706
f 3481//4707 3352//4707 3354//4707
f 3481//4708 3354//4708 2213//4708
f 2213//4708 3354//4708 2217//4708
f 3199//4709 2222//4709 3354//4709
f 3354//4710 2222//4710 2215//4710
f 3354//4711 2215//4711 2217//4711
f 2228//4712 2220//4712 3482//4712
f 3482//4713 2220//4713 3199//4713
f 3482//4714 3199//4714 3483//4714
f 3483//4715 3199//4715 3353//4715
f 3483//4716 3353//4716 3484//4716
f 3484//4716 3353//4716 3351//4716
f 3484//4717 3351//4717 3485//4717
f 3485//4717 3351//4717 3349//4717
f 3485//4718 3349//4718 3486//4718
f 3486//4718 3349//4718 3347//4718
f 3486//4719 3347//4719 3211//4719
f 3211//4720 3347//4720 3345//4720
f 3211//4721 3345//4721 2172//4721
f 2172//4722 3345//4722 2173//4722
f 2170//4723 2169//4723 3211//4723
f 3211//4724 2169//4724 3355//4724
f 3211//4725 3355//4725 3486//4725
f 3486//4725 3355//4725 3356//4725
f 3486//4726 3356//4726 3485//4726
f 3485//4726 3356//4726 3357//4726
f 3485//4727 3357//4727 3484//4727
f 3484//4727 3357//4727 3358//4727
f 3484//4728 3358//4728 3483//4728
f 3483//4728 3358//4728 3359//4728
f 3483//4729 3359//4729 3482//4729
f 3482//4729 3359//4729 3360//4729
f 3482//4730 3360//4730 2228//4730
f 2228//4730 3360//4730 2225//4730
f 3487//4731 3488//4731 3489//4731
f 3490//4732 3491//4732 3492//4732
f 3493//4733 2964//4733 2973//4733
f 3493//4734 2973//4734 3491//4734
f 3494//4735 3495//4735 3496//4735
f 3497//4736 3498//4736 3499//4736
f 2414//4737 2413//4737 3500//4737
f 3501//4738 3502//4738 3503//4738
f 3503//4739 3502//4739 3504//4739
f 3503//4740 3504//4740 2433//4740
f 3505//4741 3506//4741 3507//4741
f 3507//4742 3506//4742 3501//4742
f 3507//4743 3501//4743 3508//4743
f 3509//4744 3510//4744 3511//4744
f 3511//4745 3510//4745 3512//4745
f 3513//4746 3514//4746 3511//4746
f 3511//4747 3514//4747 3515//4747
f 3511//4748 3515//4748 3509//4748
f 3516//4749 3517//4749 3513//4749
f 2942//4750 2921//4750 3518//4750
f 3501//4751 3503//4751 3508//4751
f 3508//4752 3503//4752 3519//4752
f 3508//4753 3519//4753 3520//4753
f 3520//4754 3519//4754 3521//4754
f 3520//4755 3521//4755 3522//4755
f 3522//4756 3521//4756 3523//4756
f 3522//4757 3523//4757 3524//4757
f 3524//4758 3523//4758 3525//4758
f 3524//4759 3525//4759 3526//4759
f 3526//4760 3525//4760 3527//4760
f 3526//4761 3527//4761 3528//4761
f 3528//4762 3527//4762 3529//4762
f 3528//4763 3529//4763 3530//4763
f 3530//4764 3529//4764 3531//4764
f 3530//4765 3531//4765 3532//4765
f 3532//4766 3531//4766 3533//4766
f 3532//4767 3533//4767 3534//4767
f 3534//4768 3533//4768 3535//4768
f 3534//4769 3535//4769 3536//4769
f 3536//4770 3535//4770 3537//4770
f 3536//4771 3537//4771 3538//4771
f 3538//4772 3537//4772 3539//4772
f 3538//4773 3539//4773 3540//4773
f 3540//4774 3539//4774 3497//4774
f 3540//4775 3497//4775 3541//4775
f 3541//4776 3497//4776 3499//4776
f 3541//4777 3499//4777 3494//4777
f 3494//4778 3499//4778 3542//4778
f 3494//4779 3542//4779 3495//4779
f 2433//4780 2435//4780 3503//4780
f 3503//4781 2435//4781 2404//4781
f 3503//4782 2404//4782 3519//4782
f 3519//4783 2404//4783 2406//4783
f 3519//4784 2406//4784 3521//4784
f 3521//4785 2406//4785 2437//4785
f 3521//4786 2437//4786 3523//4786
f 3523//4787 2437//4787 2402//4787
f 3523//4788 2402//4788 3525//4788
f 3525//4789 2402//4789 2401//4789
f 3525//4790 2401//4790 3527//4790
f 3527//4791 2401//4791 2440//4791
f 3527//4792 2440//4792 3529//4792
f 3529//4793 2440//4793 2439//4793
f 3529//4794 2439//4794 3531//4794
f 3531//4795 2439//4795 2443//4795
f 3531//4796 2443//4796 3533//4796
f 3533//4797 2443//4797 2442//4797
f 3533//4798 2442//4798 3535//4798
f 3535//4799 2442//4799 2466//4799
f 3535//4800 2466//4800 3537//4800
f 3537//4801 2466//4801 2465//4801
f 3537//4802 2465//4802 3539//4802
f 3539//4803 2465//4803 2414//4803
f 3539//4804 2414//4804 3497//4804
f 3497//4805 2414//4805 3500//4805
f 3497//4806 3500//4806 3498//4806
f 3491//4807 2973//4807 3492//4807
f 3492//4808 2973//4808 2971//4808
f 3492//4809 2971//4809 3543//4809
f 3543//4810 2971//4810 2969//4810
f 3543//4811 2969//4811 3544//4811
f 3544//4812 2969//4812 2967//4812
f 3544//4813 2967//4813 3545//4813
f 3545//4814 2967//4814 2966//4814
f 3545//4815 2966//4815 3546//4815
f 3546//4816 2966//4816 2939//4816
f 3546//4817 2939//4817 3547//4817
f 3547//4818 2939//4818 2938//4818
f 3547//4819 2938//4819 3548//4819
f 3548//4820 2938//4820 2937//4820
f 3548//4821 2937//4821 3549//4821
f 3549//4822 2937//4822 2910//4822
f 3549//4823 2910//4823 3550//4823
f 3550//4824 2910//4824 2909//4824
f 3550//4825 2909//4825 3551//4825
f 3551//4826 2909//4826 2936//4826
f 3551//4827 2936//4827 3552//4827
f 3552//4828 2936//4828 2935//4828
f 3552//4829 2935//4829 3553//4829
f 3553//4830 2935//4830 2934//4830
f 3553//4831 2934//4831 3554//4831
f 3554//4832 2934//4832 2945//4832
f 3554//4833 2945//4833 3555//4833
f 3555//4834 2945//4834 2944//4834
f 3555//4835 2944//4835 3556//4835
f 3556//4836 2944//4836 2942//4836
f 3556//4837 2942//4837 3516//4837
f 3516//4838 2942//4838 3518//4838
f 3516//4839 3518//4839 3517//4839
f 3513//4840 3511//4840 3516//4840
f 3516//4841 3511//4841 3557//4841
f 3516//4842 3557//4842 3556//4842
f 3556//4843 3557//4843 3558//4843
f 3556//4844 3558//4844 3555//4844
f 3555//4845 3558//4845 3559//4845
f 3555//4846 3559//4846 3554//4846
f 3554//4847 3559//4847 3560//4847
f 3554//4848 3560//4848 3553//4848
f 3553//4849 3560//4849 3561//4849
f 3553//4850 3561//4850 3552//4850
f 3552//4851 3561//4851 3562//4851
f 3552//4852 3562//4852 3551//4852
f 3551//4853 3562//4853 3563//4853
f 3551//4854 3563//4854 3550//4854
f 3550//4855 3563//4855 3564//4855
f 3550//4856 3564//4856 3549//4856
f 3549//4857 3564//4857 3565//4857
f 3549//4858 3565//4858 3548//4858
f 3548//4859 3565//4859 3566//4859
f 3548//4860 3566//4860 3547//4860
f 3547//4861 3566//4861 3567//4861
f 3547//4862 3567//4862 3546//4862
f 3546//4863 3567//4863 3568//4863
f 3546//4864 3568//4864 3545//4864
f 3545//4865 3568//4865 3569//4865
f 3545//4866 3569//4866 3544//4866
f 3544//4867 3569//4867 3570//4867
f 3544//4868 3570//4868 3543//4868
f 3543//4869 3570//4869 3489//4869
f 3543//4870 3489//4870 3492//4870
f 3492//4871 3489//4871 3488//4871
f 3492//4872 3488//4872 3490//4872
f 3571//4873 3487//4873 3572//4873
f 3572//4874 3487//4874 3489//4874
f 3572//4875 3489//4875 3496//4875
f 3496//4876 3489//4876 3570//4876
f 3496//4877 3570//4877 3494//4877
f 3494//4878 3570//4878 3569//4878
f 3494//4879 3569//4879 3541//4879
f 3541//4880 3569//4880 3568//4880
f 3541//4881 3568//4881 3540//4881
f 3540//4882 3568//4882 3567//4882
f 3540//4883 3567//4883 3538//4883
f 3538//4884 3567//4884 3566//4884
f 3538//4885 3566//4885 3536//4885
f 3536//4886 3566//4886 3565//4886
f 3536//4887 3565//4887 3534//4887
f 3534//4888 3565//4888 3564//4888
f 3534//4889 3564//4889 3532//4889
f 3532//4890 3564//4890 3563//4890
f 3532//4891 3563//4891 3530//4891
f 3530//4892 3563//4892 3562//4892
f 3530//4893 3562//4893 3528//4893
f 3528//4894 3562//4894 3561//4894
f 3528//4895 3561//4895 3526//4895
f 3526//4896 3561//4896 3560//4896
f 3526//4897 3560//4897 3524//4897
f 3524//4898 3560//4898 3559//4898
f 3524//4899 3559//4899 3522//4899
f 3522//4900 3559//4900 3558//4900
f 3522//4901 3558//4901 3520//4901
f 3520//4902 3558//4902 3557//4902
f 3520//4903 3557//4903 3508//4903
f 3508//4904 3557//4904 3511//4904
f 3508//4905 3511//4905 3507//4905
f 3507//4906 3511//4906 3512//4906
f 3507//4907 3512//4907 3505//4907
f 3573//4908 3574//4908 3575//4908
f 3576//4909 271//4909 269//4909
f 3577//4910 3578//4910 3579//4910
f 3573//4911 3575//4911 3579//4911
f 3580//4912 3578//4912 3581//4912
f 3581//4913 3578//4913 3577//4913
f 3581//4914 3577//4914 3582//4914
f 3583//4915 3584//4915 3585//4915
f 2847//4916 2846//4916 3586//4916
f 3587//4917 3588//4917 3589//4917
f 3589//4918 3588//4918 3590//4918
f 3589//4919 3590//4919 2866//4919
f 3591//4920 3592//4920 3593//4920
f 3594//4921 3595//4921 3596//4921
f 3597//4922 3598//4922 3595//4922
f 3595//4923 3598//4923 3599//4923
f 3595//4924 3599//4924 3596//4924
f 3600//4925 3601//4925 3602//4925
f 3602//4926 3601//4926 3603//4926
f 283//4927 281//4927 3600//4927
f 2866//4928 2865//4928 3589//4928
f 3589//4929 2865//4929 2868//4929
f 3589//4930 2868//4930 3604//4930
f 3604//4931 2868//4931 2869//4931
f 3604//4932 2869//4932 3605//4932
f 3605//4933 2869//4933 2872//4933
f 3605//4934 2872//4934 3606//4934
f 3606//4935 2872//4935 2873//4935
f 3606//4936 2873//4936 3607//4936
f 3607//4937 2873//4937 2875//4937
f 3607//4938 2875//4938 3608//4938
f 3608//4939 2875//4939 2876//4939
f 3608//4940 2876//4940 3609//4940
f 3609//4941 2876//4941 2881//4941
f 3609//4942 2881//4942 3610//4942
f 3610//4943 2881//4943 2880//4943
f 3610//4944 2880//4944 3611//4944
f 3611//4945 2880//4945 2878//4945
f 3611//4946 2878//4946 3612//4946
f 3612//4947 2878//4947 2836//4947
f 3612//4948 2836//4948 3613//4948
f 3613//4949 2836//4949 2838//4949
f 3613//4950 2838//4950 3614//4950
f 3614//4951 2838//4951 2847//4951
f 3614//4952 2847//4952 3583//4952
f 3583//4953 2847//4953 3586//4953
f 3583//4954 3586//4954 3584//4954
f 3593//4955 3587//4955 3591//4955
f 3591//4956 3587//4956 3589//4956
f 3591//4957 3589//4957 3615//4957
f 3615//4958 3589//4958 3604//4958
f 3615//4959 3604//4959 3616//4959
f 3616//4960 3604//4960 3605//4960
f 3616//4961 3605//4961 3617//4961
f 3617//4962 3605//4962 3606//4962
f 3617//4963 3606//4963 3618//4963
f 3618//4964 3606//4964 3607//4964
f 3618//4965 3607//4965 3619//4965
f 3619//4966 3607//4966 3608//4966
f 3619//4967 3608//4967 3620//4967
f 3620//4968 3608//4968 3609//4968
f 3620//4969 3609//4969 3621//4969
f 3621//4970 3609//4970 3610//4970
f 3621//4971 3610//4971 3622//4971
f 3622//4972 3610//4972 3611//4972
f 3622//4973 3611//4973 3623//4973
f 3623//4974 3611//4974 3612//4974
f 3623//4975 3612//4975 3624//4975
f 3624//4976 3612//4976 3613//4976
f 3624//4977 3613//4977 3625//4977
f 3625//4978 3613//4978 3614//4978
f 3625//4979 3614//4979 3626//4979
f 3626//4980 3614//4980 3583//4980
f 3626//4981 3583//4981 3627//4981
f 3627//4982 3583//4982 3585//4982
f 3627//4983 3585//4983 3628//4983
f 3628//4984 3585//4984 3629//4984
f 3628//4985 3629//4985 3582//4985
f 3582//4986 3577//4986 3628//4986
f 3628//4987 3577//4987 3630//4987
f 3628//4988 3630//4988 3627//4988
f 3627//4989 3630//4989 3631//4989
f 3627//4990 3631//4990 3626//4990
f 3626//4991 3631//4991 3632//4991
f 3626//4992 3632//4992 3625//4992
f 3625//4993 3632//4993 3633//4993
f 3625//4994 3633//4994 3624//4994
f 3624//4995 3633//4995 3634//4995
f 3624//4996 3634//4996 3623//4996
f 3623//4997 3634//4997 3635//4997
f 3623//4998 3635//4998 3622//4998
f 3622//4999 3635//4999 3636//4999
f 3622//5000 3636//5000 3621//5000
f 3621//5001 3636//5001 3637//5001
f 3621//5002 3637//5002 3620//5002
f 3620//5003 3637//5003 3638//5003
f 3620//5004 3638//5004 3619//5004
f 3619//5005 3638//5005 3639//5005
f 3619//5006 3639//5006 3618//5006
f 3618//5007 3639//5007 3640//5007
f 3618//5008 3640//5008 3617//5008
f 3617//5009 3640//5009 3641//5009
f 3617//5010 3641//5010 3616//5010
f 3616//5011 3641//5011 3642//5011
f 3616//5012 3642//5012 3615//5012
f 3615//5013 3642//5013 3594//5013
f 3615//5014 3594//5014 3591//5014
f 3591//5015 3594//5015 3596//5015
f 3591//5016 3596//5016 3592//5016
f 3579//5017 3575//5017 3577//5017
f 3577//5018 3575//5018 3643//5018
f 3577//5019 3643//5019 3630//5019
f 3630//5020 3643//5020 3644//5020
f 3630//5021 3644//5021 3631//5021
f 3631//5022 3644//5022 3645//5022
f 3631//5023 3645//5023 3632//5023
f 3632//5024 3645//5024 3646//5024
f 3632//5025 3646//5025 3633//5025
f 3633//5026 3646//5026 3647//5026
f 3633//5027 3647//5027 3634//5027
f 3634//5028 3647//5028 3648//5028
f 3634//5029 3648//5029 3635//5029
f 3635//5030 3648//5030 3649//5030
f 3635//5031 3649//5031 3636//5031
f 3636//5032 3649//5032 3650//5032
f 3636//5033 3650//5033 3637//5033
f 3637//5034 3650//5034 3651//5034
f 3637//5035 3651//5035 3638//5035
f 3638//5036 3651//5036 3652//5036
f 3638//5037 3652//5037 3639//5037
f 3639//5038 3652//5038 3653//5038
f 3639//5039 3653//5039 3640//5039
f 3640//5040 3653//5040 3654//5040
f 3640//5041 3654//5041 3641//5041
f 3641//5042 3654//5042 3655//5042
f 3641//5043 3655//5043 3642//5043
f 3642//5044 3655//5044 3656//5044
f 3642//5045 3656//5045 3594//5045
f 3594//5046 3656//5046 3602//5046
f 3594//5047 3602//5047 3595//5047
f 3595//5048 3602//5048 3603//5048
f 3595//5049 3603//5049 3597//5049
f 3600//5050 3602//5050 283//5050
f 283//5051 3602//5051 3656//5051
f 283//5052 3656//5052 296//5052
f 296//5053 3656//5053 3655//5053
f 296//5054 3655//5054 297//5054
f 297//5055 3655//5055 3654//5055
f 297//5056 3654//5056 298//5056
f 298//5057 3654//5057 3653//5057
f 298//5058 3653//5058 308//5058
f 308//5059 3653//5059 3652//5059
f 308//5060 3652//5060 309//5060
f 309//5061 3652//5061 3651//5061
f 309//5062 3651//5062 304//5062
f 304//5063 3651//5063 3650//5063
f 304//5064 3650//5064 303//5064
f 303//5065 3650//5065 3649//5065
f 303//5066 3649//5066 302//5066
f 302//5067 3649//5067 3648//5067
f 302//5068 3648//5068 305//5068
f 305//5069 3648//5069 3647//5069
f 305//5070 3647//5070 306//5070
f 306//5071 3647//5071 3646//5071
f 306//5072 3646//5072 307//5072
f 307//5073 3646//5073 3645//5073
f 307//5074 3645//5074 310//5074
f 310//5075 3645//5075 3644//5075
f 310//5076 3644//5076 311//5076
f 311//5077 3644//5077 3643//5077
f 311//5078 3643//5078 268//5078
f 268//5079 3643//5079 3575//5079
f 268//5080 3575//5080 269//5080
f 269//5081 3575//5081 3574//5081
f 269//5082 3574//5082 3576//5082
f 2696//5083 3657//5083 2694//5083
f 2694//5084 3657//5084 3658//5084
f 2808//5085 2693//5085 3658//5085
f 3658//5086 2693//5086 2692//5086
f 3658//5087 2692//5087 2694//5087
f 3659//5088 3660//5088 3661//5088
f 3661//5089 3660//5089 3662//5089
f 3661//5090 3662//5090 3663//5090
f 3664//5091 3665//5091 3666//5091
f 3666//5092 3665//5092 3667//5092
f 3666//5093 3667//5093 3668//5093
f 2208//5094 3664//5094 2419//5094
f 2419//5095 3664//5095 3666//5095
f 2419//5096 3666//5096 2409//5096
f 2409//5097 3666//5097 3668//5097
f 2409//5098 3668//5098 2410//5098
f 2696//5099 2698//5099 3657//5099
f 3657//5100 2698//5100 2700//5100
f 3657//5101 2700//5101 2702//5101
f 3669//5102 3657//5102 3670//5102
f 3670//5103 3657//5103 2702//5103
f 3670//5104 2702//5104 3671//5104
f 3671//5105 2702//5105 2704//5105
f 3671//5106 2704//5106 2705//5106
f 3669//5107 3662//5107 3657//5107
f 3657//5108 3662//5108 3660//5108
f 3657//5109 3660//5109 3658//5109
f 3658//5110 3660//5110 3659//5110
f 3658//5111 3659//5111 2808//5111
f 2808//5112 3659//5112 2208//5112
f 3669//5113 3672//5113 3662//5113
f 3662//5114 3672//5114 3673//5114
f 3662//5115 3673//5115 3663//5115
f 3663//5116 3673//5116 3674//5116
f 3663//5117 3674//5117 3675//5117
f 3675//5118 3667//5118 3663//5118
f 3663//5119 3667//5119 3665//5119
f 3663//5120 3665//5120 3661//5120
f 3661//5121 3665//5121 3664//5121
f 3661//5122 3664//5122 3659//5122
f 3659//5123 3664//5123 2208//5123
f 3675//5124 3676//5124 3667//5124
f 3667//5125 3676//5125 3677//5125
f 3667//5126 3677//5126 3668//5126
f 3668//5127 3677//5127 3678//5127
f 3668//5128 3678//5128 3679//5128
f 2413//5129 2416//5129 3679//5129
f 3679//5130 2416//5130 2418//5130
f 3679//5131 2418//5131 3668//5131
f 3668//5132 2418//5132 2411//5132
f 3668//5133 2411//5133 2410//5133
f 3500//5134 2413//5134 3679//5134
f 3680//5135 3571//5135 3572//5135
f 3680//5136 3572//5136 3681//5136
f 3682//5137 3683//5137 3684//5137
f 3684//5138 3683//5138 3685//5138
f 3684//5139 3685//5139 3686//5139
f 3686//5140 3685//5140 3687//5140
f 3687//5141 3685//5141 3688//5141
f 3687//5142 3688//5142 3689//5142
f 3690//5143 3691//5143 3688//5143
f 3688//5144 3691//5144 3692//5144
f 3688//5145 3692//5145 3689//5145
f 3693//5146 3694//5146 3690//5146
f 3690//5147 3694//5147 3695//5147
f 3690//5148 3695//5148 3691//5148
f 3696//5149 3697//5149 3698//5149
f 3698//5150 3699//5150 3696//5150
f 3696//5151 3699//5151 3700//5151
f 3696//5152 3700//5152 3693//5152
f 3693//5153 3700//5153 3701//5153
f 3693//5154 3701//5154 3694//5154
f 3697//5155 3696//5155 3702//5155
f 3702//5156 3696//5156 2668//5156
f 3702//5157 2668//5157 2671//5157
f 3682//5158 3703//5158 3683//5158
f 3683//5159 3703//5159 3681//5159
f 3683//5160 3681//5160 3704//5160
f 3704//5161 3681//5161 3572//5161
f 3704//5162 3572//5162 3496//5162
f 3496//5163 3495//5163 3704//5163
f 3704//5164 3495//5164 3705//5164
f 3704//5165 3705//5165 3683//5165
f 3683//5166 3705//5166 3706//5166
f 3683//5167 3706//5167 3685//5167
f 3685//5168 3706//5168 3707//5168
f 3685//5169 3707//5169 3688//5169
f 3688//5170 3707//5170 3708//5170
f 3688//5171 3708//5171 3690//5171
f 3690//5172 3708//5172 3709//5172
f 3690//5173 3709//5173 3693//5173
f 3693//5174 3709//5174 3710//5174
f 3693//5175 3710//5175 3696//5175
f 3696//5176 3710//5176 3711//5176
f 3696//5177 3711//5177 2668//5177
f 2707//5178 2802//5178 3711//5178
f 3711//5179 2802//5179 2709//5179
f 3711//5180 2709//5180 2668//5180
f 3542//5181 3499//5181 3712//5181
f 3712//5182 3499//5182 3498//5182
f 3712//5183 3498//5183 3500//5183
f 3500//5184 3679//5184 3712//5184
f 3712//5185 3679//5185 3678//5185
f 3712//5186 3678//5186 3713//5186
f 3678//5187 3677//5187 3713//5187
f 3713//5188 3677//5188 3676//5188
f 3713//5189 3676//5189 3714//5189
f 3714//5190 3676//5190 3675//5190
f 3714//5191 3675//5191 3715//5191
f 3715//5192 3675//5192 3674//5192
f 3715//5193 3674//5193 3716//5193
f 3674//5194 3673//5194 3716//5194
f 3716//5195 3673//5195 3672//5195
f 3716//5196 3672//5196 3717//5196
f 3671//5197 3718//5197 3670//5197
f 3670//5198 3718//5198 3717//5198
f 3670//5199 3717//5199 3669//5199
f 3669//5200 3717//5200 3672//5200
f 3495//5201 3542//5201 3705//5201
f 3705//5202 3542//5202 3712//5202
f 3705//5203 3712//5203 3706//5203
f 3706//5204 3712//5204 3713//5204
f 3706//5205 3713//5205 3707//5205
f 3707//5206 3713//5206 3714//5206
f 3707//5207 3714//5207 3708//5207
f 3708//5208 3714//5208 3715//5208
f 3708//5209 3715//5209 3709//5209
f 3709//5210 3715//5210 3716//5210
f 3709//5211 3716//5211 3710//5211
f 3710//5212 3716//5212 3717//5212
f 3710//5213 3717//5213 3711//5213
f 3711//5214 3717//5214 3718//5214
f 3711//5215 3718//5215 2707//5215
f 2707//5216 3718//5216 3671//5216
f 2707//5217 3671//5217 2705//5217
f 3702//5218 2671//5218 3719//5218
f 3719//5219 2671//5219 2670//5219
f 3719//5220 2670//5220 3103//5220
f 3103//5221 2670//5221 2669//5221
f 3103//5222 2669//5222 2667//5222
f 3702//5223 3719//5223 3697//5223
f 3697//5224 3719//5224 3720//5224
f 3697//5225 3720//5225 3698//5225
f 3721//5226 3700//5226 3720//5226
f 3720//5227 3700//5227 3699//5227
f 3720//5228 3699//5228 3698//5228
f 3722//5229 3694//5229 3721//5229
f 3721//5230 3694//5230 3701//5230
f 3721//5231 3701//5231 3700//5231
f 3723//5232 3691//5232 3722//5232
f 3722//5233 3691//5233 3695//5233
f 3722//5234 3695//5234 3694//5234
f 3724//5235 3689//5235 3723//5235
f 3723//5236 3689//5236 3692//5236
f 3723//5237 3692//5237 3691//5237
f 3682//5238 3684//5238 3725//5238
f 3725//5239 3684//5239 3686//5239
f 3725//5240 3686//5240 3724//5240
f 3724//5241 3686//5241 3687//5241
f 3724//5242 3687//5242 3689//5242
f 3682//5243 3725//5243 3703//5243
f 3703//5244 3725//5244 3726//5244
f 3703//5245 3726//5245 3681//5245
f 3681//5246 3726//5246 3680//5246
f 3680//5247 3726//5247 3487//5247
f 3680//5248 3487//5248 3571//5248
f 3488//5249 3487//5249 3727//5249
f 3727//5250 3487//5250 3726//5250
f 3727//5251 3726//5251 3728//5251
f 3728//5252 3726//5252 3725//5252
f 3728//5253 3725//5253 3729//5253
f 3729//5254 3725//5254 3724//5254
f 3729//5255 3724//5255 3730//5255
f 3730//5256 3724//5256 3723//5256
f 3730//5257 3723//5257 3731//5257
f 3731//5258 3723//5258 3722//5258
f 3731//5259 3722//5259 3732//5259
f 3732//5260 3722//5260 3721//5260
f 3732//5261 3721//5261 3733//5261
f 3733//5262 3721//5262 3720//5262
f 3733//5263 3720//5263 3734//5263
f 3734//5264 3720//5264 3719//5264
f 3734//5265 3719//5265 3111//5265
f 3111//5266 3719//5266 3103//5266
f 3111//5267 3112//5267 3734//5267
f 3734//5268 3112//5268 3735//5268
f 3734//5269 3735//5269 3733//5269
f 3733//5270 3735//5270 3736//5270
f 3733//5271 3736//5271 3732//5271
f 3732//5272 3736//5272 3737//5272
f 3732//5273 3737//5273 3731//5273
f 3731//5274 3737//5274 3738//5274
f 3731//5275 3738//5275 3730//5275
f 3730//5276 3738//5276 3739//5276
f 3730//5277 3739//5277 3729//5277
f 3729//5278 3739//5278 3740//5278
f 3729//5279 3740//5279 3728//5279
f 3728//5280 3740//5280 3741//5280
f 3728//5281 3741//5281 3727//5281
f 3727//5282 3741//5282 3742//5282
f 3727//5283 3742//5283 3488//5283
f 3493//5284 3491//5284 3742//5284
f 3742//5285 3491//5285 3490//5285
f 3742//5286 3490//5286 3488//5286
f 3743//5287 3744//5287 3745//5287
f 3745//5288 3744//5288 3746//5288
f 3745//5289 3746//5289 3747//5289
f 3747//5290 3746//5290 3748//5290
f 3747//5291 3748//5291 3749//5291
f 3749//5292 3748//5292 3750//5292
f 3749//5293 3750//5293 3751//5293
f 3751//5294 3750//5294 3752//5294
f 3751//5295 3752//5295 3753//5295
f 3753//5296 3752//5296 3754//5296
f 3753//5297 3754//5297 3755//5297
f 3755//5298 3754//5298 3756//5298
f 3755//5299 3756//5299 3757//5299
f 3757//5300 3756//5300 3758//5300
f 3757//5301 3758//5301 3106//5301
f 3106//5302 3758//5302 3128//5302
f 3112//5303 3128//5303 3735//5303
f 3735//5304 3128//5304 3758//5304
f 3735//5305 3758//5305 3736//5305
f 3736//5306 3758//5306 3756//5306
f 3736//5307 3756//5307 3737//5307
f 3737//5308 3756//5308 3754//5308
f 3737//5309 3754//5309 3738//5309
f 3738//5310 3754//5310 3752//5310
f 3738//5311 3752//5311 3739//5311
f 3739//5312 3752//5312 3750//5312
f 3739//5313 3750//5313 3740//5313
f 3740//5314 3750//5314 3748//5314
f 3740//5315 3748//5315 3741//5315
f 3741//5316 3748//5316 3746//5316
f 3741//5317 3746//5317 3742//5317
f 3742//5318 3746//5318 3744//5318
f 3742//5319 3744//5319 3493//5319
f 3493//5320 3744//5320 3743//5320
f 3493//5321 3743//5321 2964//5321
f 3106//1671 3107//1671 3759//1671
f 3106//1671 3759//1671 3757//1671
f 3757//1670 3759//1670 3760//1670
f 3757//1670 3760//1670 3755//1670
f 3755//1669 3760//1669 3761//1669
f 3755//1669 3761//1669 3753//1669
f 3753//1668 3761//1668 3762//1668
f 3753//1668 3762//1668 3751//1668
f 3751//1667 3762//1667 3763//1667
f 3751//1667 3763//1667 3749//1667
f 3749//1666 3763//1666 3764//1666
f 3749//1666 3764//1666 3747//1666
f 3747//1665 3764//1665 3765//1665
f 3747//1665 3765//1665 3745//1665
f 3745//1664 3765//1664 3766//1664
f 3745//1664 3766//1664 3743//1664
f 3743//1663 3766//1663 2908//1663
f 3743//1663 2908//1663 2964//1663
f 3165//5322 3166//5322 3767//5322
f 3171//5323 3172//5323 3768//5323
f 3177//5324 3178//5324 3769//5324
f 3007//5325 3005//5325 3770//5325
f 3770//5325 3005//5325 3771//5325
f 3770//5326 3771//5326 3772//5326
f 3772//5327 3771//5327 3773//5327
f 3772//5328 3773//5328 3774//5328
f 3774//5329 3773//5329 3775//5329
f 3774//5330 3775//5330 3776//5330
f 3776//5330 3775//5330 3777//5330
f 3776//5331 3777//5331 3778//5331
f 3778//5332 3777//5332 3779//5332
f 3778//5333 3779//5333 3780//5333
f 3780//5334 3779//5334 3781//5334
f 3780//5335 3781//5335 3782//5335
f 3782//5335 3781//5335 3783//5335
f 3782//5336 3783//5336 3784//5336
f 3784//5336 3783//5336 3769//5336
f 2952//5337 2950//5337 3785//5337
f 3785//5337 2950//5337 3786//5337
f 3785//5338 3786//5338 3787//5338
f 3787//5338 3786//5338 3788//5338
f 3787//5339 3788//5339 3789//5339
f 3789//5339 3788//5339 3790//5339
f 3789//5340 3790//5340 3791//5340
f 3791//5340 3790//5340 3792//5340
f 3791//5341 3792//5341 3793//5341
f 3793//5341 3792//5341 3794//5341
f 3793//5342 3794//5342 3795//5342
f 3795//5343 3794//5343 3796//5343
f 3795//5344 3796//5344 3797//5344
f 3797//5345 3796//5345 3798//5345
f 3797//5346 3798//5346 3799//5346
f 3799//5346 3798//5346 3768//5346
f 2958//5347 2930//5347 3800//5347
f 3800//5347 2930//5347 3801//5347
f 3800//5348 3801//5348 3802//5348
f 3802//5348 3801//5348 3803//5348
f 3802//5349 3803//5349 3804//5349
f 3804//5349 3803//5349 3805//5349
f 3804//5350 3805//5350 3806//5350
f 3806//5350 3805//5350 3807//5350
f 3806//5351 3807//5351 3808//5351
f 3808//5352 3807//5352 3809//5352
f 3808//5353 3809//5353 3810//5353
f 3810//5353 3809//5353 3811//5353
f 3810//5354 3811//5354 3812//5354
f 3812//5354 3811//5354 3813//5354
f 3812//5355 3813//5355 3814//5355
f 3814//5355 3813//5355 3767//5355
f 3009//5356 3007//5356 3815//5356
f 3815//5356 3007//5356 3770//5356
f 3815//5357 3770//5357 3816//5357
f 3816//5357 3770//5357 3772//5357
f 3816//5358 3772//5358 3817//5358
f 3817//5359 3772//5359 3774//5359
f 3817//5360 3774//5360 3818//5360
f 3818//5360 3774//5360 3776//5360
f 3818//5361 3776//5361 3819//5361
f 3819//5362 3776//5362 3778//5362
f 3819//5363 3778//5363 3820//5363
f 3820//5364 3778//5364 3780//5364
f 3820//5365 3780//5365 3821//5365
f 3821//5366 3780//5366 3782//5366
f 3821//5367 3782//5367 3822//5367
f 3822//5367 3782//5367 3784//5367
f 3822//5368 3784//5368 3181//5368
f 3181//5368 3784//5368 3180//5368
f 3769//5369 3178//5369 3784//5369
f 3784//5370 3178//5370 3179//5370
f 3784//5371 3179//5371 3180//5371
f 3176//5372 3177//5372 3823//5372
f 3823//5373 3177//5373 3769//5373
f 3823//5374 3769//5374 3824//5374
f 3824//5374 3769//5374 3783//5374
f 3824//5375 3783//5375 3825//5375
f 3825//5376 3783//5376 3781//5376
f 3825//5377 3781//5377 3826//5377
f 3826//5377 3781//5377 3779//5377
f 3826//5378 3779//5378 3827//5378
f 3827//5378 3779//5378 3777//5378
f 3827//5379 3777//5379 3828//5379
f 3828//5379 3777//5379 3775//5379
f 3828//5380 3775//5380 3829//5380
f 3829//5380 3775//5380 3773//5380
f 3829//5381 3773//5381 3830//5381
f 3830//5381 3773//5381 3771//5381
f 3830//5382 3771//5382 3004//5382
f 3004//5382 3771//5382 3005//5382
f 3004//5383 2954//5383 3830//5383
f 3830//5383 2954//5383 3831//5383
f 3830//5384 3831//5384 3829//5384
f 3829//5384 3831//5384 3832//5384
f 3829//5385 3832//5385 3828//5385
f 3828//5386 3832//5386 3833//5386
f 3828//5387 3833//5387 3827//5387
f 3827//5388 3833//5388 3834//5388
f 3827//5389 3834//5389 3826//5389
f 3826//5389 3834//5389 3835//5389
f 3826//5390 3835//5390 3825//5390
f 3825//5391 3835//5391 3836//5391
f 3825//5392 3836//5392 3824//5392
f 3824//5392 3836//5392 3837//5392
f 3824//5393 3837//5393 3823//5393
f 3823//5394 3837//5394 3838//5394
f 3823//5395 3838//5395 3176//5395
f 3176//5396 3838//5396 3175//5396
f 2954//5397 2952//5397 3831//5397
f 3831//5397 2952//5397 3785//5397
f 3831//5398 3785//5398 3832//5398
f 3832//5398 3785//5398 3787//5398
f 3832//5399 3787//5399 3833//5399
f 3833//5399 3787//5399 3789//5399
f 3833//5400 3789//5400 3834//5400
f 3834//5400 3789//5400 3791//5400
f 3834//5401 3791//5401 3835//5401
f 3835//5402 3791//5402 3793//5402
f 3835//5403 3793//5403 3836//5403
f 3836//5403 3793//5403 3795//5403
f 3836//5404 3795//5404 3837//5404
f 3837//5405 3795//5405 3797//5405
f 3837//5406 3797//5406 3838//5406
f 3838//5407 3797//5407 3799//5407
f 3838//5408 3799//5408 3175//5408
f 3175//5408 3799//5408 3174//5408
f 3768//5409 3172//5409 3799//5409
f 3799//5410 3172//5410 3173//5410
f 3799//5411 3173//5411 3174//5411
f 3170//5412 3171//5412 3839//5412
f 3839//5413 3171//5413 3768//5413
f 3839//5414 3768//5414 3840//5414
f 3840//5414 3768//5414 3798//5414
f 3840//5415 3798//5415 3841//5415
f 3841//5416 3798//5416 3796//5416
f 3841//5417 3796//5417 3842//5417
f 3842//5418 3796//5418 3794//5418
f 3842//5419 3794//5419 3843//5419
f 3843//5419 3794//5419 3792//5419
f 3843//5420 3792//5420 3844//5420
f 3844//5421 3792//5421 3790//5421
f 3844//5422 3790//5422 3845//5422
f 3845//5423 3790//5423 3788//5423
f 3845//5424 3788//5424 3846//5424
f 3846//5424 3788//5424 3786//5424
f 3846//5425 3786//5425 2961//5425
f 2961//5425 3786//5425 2950//5425
f 2961//5426 2960//5426 3846//5426
f 3846//5426 2960//5426 3847//5426
f 3846//5427 3847//5427 3845//5427
f 3845//5427 3847//5427 3848//5427
f 3845//5428 3848//5428 3844//5428
f 3844//5428 3848//5428 3849//5428
f 3844//5429 3849//5429 3843//5429
f 3843//5429 3849//5429 3850//5429
f 3843//5430 3850//5430 3842//5430
f 3842//5430 3850//5430 3851//5430
f 3842//5431 3851//5431 3841//5431
f 3841//5431 3851//5431 3852//5431
f 3841//5432 3852//5432 3840//5432
f 3840//5433 3852//5433 3853//5433
f 3840//5434 3853//5434 3839//5434
f 3839//5435 3853//5435 3854//5435
f 3839//5436 3854//5436 3170//5436
f 3170//5436 3854//5436 3169//5436
f 2960//5437 2958//5437 3847//5437
f 3847//5437 2958//5437 3800//5437
f 3847//5438 3800//5438 3848//5438
f 3848//5438 3800//5438 3802//5438
f 3848//5439 3802//5439 3849//5439
f 3849//5440 3802//5440 3804//5440
f 3849//5441 3804//5441 3850//5441
f 3850//5441 3804//5441 3806//5441
f 3850//5442 3806//5442 3851//5442
f 3851//5443 3806//5443 3808//5443
f 3851//5444 3808//5444 3852//5444
f 3852//5445 3808//5445 3810//5445
f 3852//5446 3810//5446 3853//5446
f 3853//5447 3810//5447 3812//5447
f 3853//5448 3812//5448 3854//5448
f 3854//5448 3812//5448 3814//5448
f 3854//5449 3814//5449 3169//5449
f 3169//5449 3814//5449 3168//5449
f 3767//5450 3166//5450 3814//5450
f 3814//5451 3166//5451 3167//5451
f 3814//5452 3167//5452 3168//5452
f 3164//5453 3165//5453 3855//5453
f 3855//5454 3165//5454 3767//5454
f 3855//5455 3767//5455 3856//5455
f 3856//5455 3767//5455 3813//5455
f 3856//5456 3813//5456 3857//5456
f 3857//5456 3813//5456 3811//5456
f 3857//5457 3811//5457 3858//5457
f 3858//5457 3811//5457 3809//5457
f 3858//5458 3809//5458 3859//5458
f 3859//5459 3809//5459 3807//5459
f 3859//5460 3807//5460 3860//5460
f 3860//5460 3807//5460 3805//5460
f 3860//5461 3805//5461 3861//5461
f 3861//5461 3805//5461 3803//5461
f 3861//5462 3803//5462 3862//5462
f 3862//5462 3803//5462 3801//5462
f 3862//5463 3801//5463 2929//5463
f 2929//5463 3801//5463 2930//5463
f 2929//5464 2908//5464 3862//5464
f 3862//5464 2908//5464 3766//5464
f 3862//5465 3766//5465 3861//5465
f 3861//5465 3766//5465 3765//5465
f 3861//5466 3765//5466 3860//5466
f 3860//5466 3765//5466 3764//5466
f 3860//5467 3764//5467 3859//5467
f 3859//5467 3764//5467 3763//5467
f 3859//5468 3763//5468 3858//5468
f 3858//5469 3763//5469 3762//5469
f 3858//5470 3762//5470 3857//5470
f 3857//5471 3762//5471 3761//5471
f 3857//5472 3761//5472 3856//5472
f 3856//5472 3761//5472 3760//5472
f 3856//5473 3760//5473 3855//5473
f 3855//5473 3760//5473 3759//5473
f 3855//5474 3759//5474 3164//5474
f 3164//5475 3759//5475 3107//5475
f 3198//5476 3196//5476 3863//5476
f 3191//5477 3190//5477 3864//5477
f 3185//5478 3184//5478 3865//5478
f 2982//5479 2984//5479 3866//5479
f 3866//5479 2984//5479 3867//5479
f 3866//5480 3867//5480 3868//5480
f 3868//5481 3867//5481 3869//5481
f 3868//5482 3869//5482 3870//5482
f 3870//5482 3869//5482 3871//5482
f 3870//5483 3871//5483 3872//5483
f 3872//5484 3871//5484 3873//5484
f 3872//5485 3873//5485 3874//5485
f 3874//5486 3873//5486 3875//5486
f 3874//5487 3875//5487 3876//5487
f 3876//5487 3875//5487 3877//5487
f 3876//5488 3877//5488 3878//5488
f 3878//5488 3877//5488 3879//5488
f 3878//5489 3879//5489 3880//5489
f 3880//5489 3879//5489 3865//5489
f 2990//5490 2988//5490 3881//5490
f 3881//5490 2988//5490 3882//5490
f 3881//5491 3882//5491 3883//5491
f 3883//5491 3882//5491 3884//5491
f 3883//5492 3884//5492 3885//5492
f 3885//5493 3884//5493 3886//5493
f 3885//5494 3886//5494 3887//5494
f 3887//5495 3886//5495 3888//5495
f 3887//5496 3888//5496 3889//5496
f 3889//5497 3888//5497 3890//5497
f 3889//5498 3890//5498 3891//5498
f 3891//5499 3890//5499 3892//5499
f 3891//5500 3892//5500 3893//5500
f 3893//5501 3892//5501 3894//5501
f 3893//5502 3894//5502 3895//5502
f 3895//5502 3894//5502 3864//5502
f 3000//5503 2998//5503 3896//5503
f 3896//5503 2998//5503 3897//5503
f 3896//5504 3897//5504 3898//5504
f 3898//5504 3897//5504 3899//5504
f 3898//5505 3899//5505 3900//5505
f 3900//5505 3899//5505 3901//5505
f 3900//5506 3901//5506 3902//5506
f 3902//5506 3901//5506 3903//5506
f 3902//5507 3903//5507 3904//5507
f 3904//5507 3903//5507 3905//5507
f 3904//5508 3905//5508 3906//5508
f 3906//5508 3905//5508 3907//5508
f 3906//5509 3907//5509 3908//5509
f 3908//5510 3907//5510 3909//5510
f 3908//5511 3909//5511 3910//5511
f 3910//5512 3909//5512 3863//5512
f 2978//5513 2982//5513 3911//5513
f 3911//5513 2982//5513 3866//5513
f 3911//5514 3866//5514 3912//5514
f 3912//5514 3866//5514 3868//5514
f 3912//5515 3868//5515 3913//5515
f 3913//5516 3868//5516 3870//5516
f 3913//5517 3870//5517 3914//5517
f 3914//5517 3870//5517 3872//5517
f 3914//5518 3872//5518 3915//5518
f 3915//5519 3872//5519 3874//5519
f 3915//5520 3874//5520 3916//5520
f 3916//5520 3874//5520 3876//5520
f 3916//5521 3876//5521 3917//5521
f 3917//5521 3876//5521 3878//5521
f 3917//5522 3878//5522 3918//5522
f 3918//5522 3878//5522 3880//5522
f 3918//5523 3880//5523 3075//5523
f 3075//5523 3880//5523 3182//5523
f 3865//5524 3184//5524 3880//5524
f 3880//5525 3184//5525 3183//5525
f 3880//5526 3183//5526 3182//5526
f 3186//5527 3185//5527 3919//5527
f 3919//5528 3185//5528 3865//5528
f 3919//5529 3865//5529 3920//5529
f 3920//5529 3865//5529 3879//5529
f 3920//5530 3879//5530 3921//5530
f 3921//5530 3879//5530 3877//5530
f 3921//5531 3877//5531 3922//5531
f 3922//5532 3877//5532 3875//5532
f 3922//5533 3875//5533 3923//5533
f 3923//5534 3875//5534 3873//5534
f 3923//5535 3873//5535 3924//5535
f 3924//5535 3873//5535 3871//5535
f 3924//5536 3871//5536 3925//5536
f 3925//5536 3871//5536 3869//5536
f 3925//5537 3869//5537 3926//5537
f 3926//5537 3869//5537 3867//5537
f 3926//5538 3867//5538 2994//5538
f 2994//5538 3867//5538 2984//5538
f 2994//5539 2992//5539 3926//5539
f 3926//5539 2992//5539 3927//5539
f 3926//5540 3927//5540 3925//5540
f 3925//5540 3927//5540 3928//5540
f 3925//5541 3928//5541 3924//5541
f 3924//5542 3928//5542 3929//5542
f 3924//5543 3929//5543 3923//5543
f 3923//5544 3929//5544 3930//5544
f 3923//5545 3930//5545 3922//5545
f 3922//5546 3930//5546 3931//5546
f 3922//5547 3931//5547 3921//5547
f 3921//5548 3931//5548 3932//5548
f 3921//5549 3932//5549 3920//5549
f 3920//5549 3932//5549 3933//5549
f 3920//5550 3933//5550 3919//5550
f 3919//5550 3933//5550 3934//5550
f 3919//5551 3934//5551 3186//5551
f 3186//5551 3934//5551 3187//5551
f 2992//5552 2990//5552 3927//5552
f 3927//5552 2990//5552 3881//5552
f 3927//5553 3881//5553 3928//5553
f 3928//5553 3881//5553 3883//5553
f 3928//5554 3883//5554 3929//5554
f 3929//5554 3883//5554 3885//5554
f 3929//5555 3885//5555 3930//5555
f 3930//5555 3885//5555 3887//5555
f 3930//5556 3887//5556 3931//5556
f 3931//5557 3887//5557 3889//5557
f 3931//5558 3889//5558 3932//5558
f 3932//5558 3889//5558 3891//5558
f 3932//5559 3891//5559 3933//5559
f 3933//5559 3891//5559 3893//5559
f 3933//5560 3893//5560 3934//5560
f 3934//5560 3893//5560 3895//5560
f 3934//5561 3895//5561 3187//5561
f 3187//5562 3895//5562 3188//5562
f 3864//5563 3190//5563 3895//5563
f 3895//5564 3190//5564 3189//5564
f 3895//5565 3189//5565 3188//5565
f 3192//5566 3191//5566 3935//5566
f 3935//5567 3191//5567 3864//5567
f 3935//5568 3864//5568 3936//5568
f 3936//5568 3864//5568 3894//5568
f 3936//5569 3894//5569 3937//5569
f 3937//5570 3894//5570 3892//5570
f 3937//5571 3892//5571 3938//5571
f 3938//5571 3892//5571 3890//5571
f 3938//5572 3890//5572 3939//5572
f 3939//5573 3890//5573 3888//5573
f 3939//5574 3888//5574 3940//5574
f 3940//5575 3888//5575 3886//5575
f 3940//5576 3886//5576 3941//5576
f 3941//5576 3886//5576 3884//5576
f 3941//5577 3884//5577 3942//5577
f 3942//5577 3884//5577 3882//5577
f 3942//5578 3882//5578 3003//5578
f 3003//5578 3882//5578 2988//5578
f 3003//5579 3002//5579 3942//5579
f 3942//5579 3002//5579 3943//5579
f 3942//5580 3943//5580 3941//5580
f 3941//5580 3943//5580 3944//5580
f 3941//5581 3944//5581 3940//5581
f 3940//5581 3944//5581 3945//5581
f 3940//5582 3945//5582 3939//5582
f 3939//5582 3945//5582 3946//5582
f 3939//5583 3946//5583 3938//5583
f 3938//5584 3946//5584 3947//5584
f 3938//5585 3947//5585 3937//5585
f 3937//5585 3947//5585 3948//5585
f 3937//5586 3948//5586 3936//5586
f 3936//5586 3948//5586 3949//5586
f 3936//5587 3949//5587 3935//5587
f 3935//5588 3949//5588 3950//5588
f 3935//5589 3950//5589 3192//5589
f 3192//5589 3950//5589 3193//5589
f 3002//5590 3000//5590 3943//5590
f 3943//5590 3000//5590 3896//5590
f 3943//5591 3896//5591 3944//5591
f 3944//5591 3896//5591 3898//5591
f 3944//5592 3898//5592 3945//5592
f 3945//5593 3898//5593 3900//5593
f 3945//5594 3900//5594 3946//5594
f 3946//5595 3900//5595 3902//5595
f 3946//5596 3902//5596 3947//5596
f 3947//5596 3902//5596 3904//5596
f 3947//5597 3904//5597 3948//5597
f 3948//5597 3904//5597 3906//5597
f 3948//5598 3906//5598 3949//5598
f 3949//5598 3906//5598 3908//5598
f 3949//5599 3908//5599 3950//5599
f 3950//5600 3908//5600 3910//5600
f 3950//5601 3910//5601 3193//5601
f 3193//5602 3910//5602 3194//5602
f 3863//5603 3196//5603 3910//5603
f 3910//5604 3196//5604 3195//5604
f 3910//5605 3195//5605 3194//5605
f 3197//5606 3198//5606 3951//5606
f 3951//5607 3198//5607 3863//5607
f 3951//5608 3863//5608 3952//5608
f 3952//5608 3863//5608 3909//5608
f 3952//5609 3909//5609 3953//5609
f 3953//5609 3909//5609 3907//5609
f 3953//5610 3907//5610 3954//5610
f 3954//5611 3907//5611 3905//5611
f 3954//5612 3905//5612 3955//5612
f 3955//5612 3905//5612 3903//5612
f 3955//5613 3903//5613 3956//5613
f 3956//5613 3903//5613 3901//5613
f 3956//5614 3901//5614 3957//5614
f 3957//5615 3901//5615 3899//5615
f 3957//5616 3899//5616 3958//5616
f 3958//5617 3899//5617 3897//5617
f 3958//5618 3897//5618 3010//5618
f 3010//5618 3897//5618 2998//5618
f 3010//5619 3009//5619 3958//5619
f 3958//5620 3009//5620 3815//5620
f 3958//5621 3815//5621 3957//5621
f 3957//5621 3815//5621 3816//5621
f 3957//5622 3816//5622 3956//5622
f 3956//5622 3816//5622 3817//5622
f 3956//5623 3817//5623 3955//5623
f 3955//5624 3817//5624 3818//5624
f 3955//5625 3818//5625 3954//5625
f 3954//5626 3818//5626 3819//5626
f 3954//5627 3819//5627 3953//5627
f 3953//5628 3819//5628 3820//5628
f 3953//5629 3820//5629 3952//5629
f 3952//5629 3820//5629 3821//5629
f 3952//5630 3821//5630 3951//5630
f 3951//5630 3821//5630 3822//5630
f 3951//5631 3822//5631 3197//5631
f 3197//5632 3822//5632 3181//5632
f 3074//5633 3959//5633 3075//5633
f 3075//5634 3959//5634 3918//5634
f 3959//5635 3960//5635 3918//5635
f 3918//5636 3960//5636 3961//5636
f 3918//5637 3961//5637 3917//5637
f 3961//5638 3962//5638 3917//5638
f 3917//5639 3962//5639 3963//5639
f 3917//1722 3963//1722 3916//1722
f 3963//5640 3964//5640 3916//5640
f 3916//5641 3964//5641 3965//5641
f 3916//5642 3965//5642 3915//5642
f 3965//5643 3966//5643 3915//5643
f 3915//2946 3966//2946 3967//2946
f 3915//5644 3967//5644 3914//5644
f 3967//2944 3968//2944 3914//2944
f 3914//5645 3968//5645 3969//5645
f 3914//5646 3969//5646 3913//5646
f 3913//5647 3969//5647 3970//5647
f 3913//1714 3970//1714 3912//1714
f 3970//5648 3971//5648 3912//5648
f 3912//5649 3971//5649 3972//5649
f 3912//1715 3972//1715 3911//1715
f 3972//5650 3973//5650 3911//5650
f 3911//5651 3973//5651 3974//5651
f 3911//1716 3974//1716 2978//1716
f 2978//5652 3974//5652 3975//5652
f 2978//5653 3975//5653 2921//5653
f 3976//5654 3510//5654 3509//5654
f 3977//5655 3978//5655 3976//5655
f 3979//5656 3980//5656 3981//5656
f 3981//5657 3980//5657 3978//5657
f 3982//5658 3983//5658 3984//5658
f 3984//5659 3983//5659 3985//5659
f 3982//5660 3986//5660 3987//5660
f 3987//5661 3986//5661 3988//5661
f 3989//5662 3990//5662 3991//5662
f 3991//5663 3990//5663 3992//5663
f 3991//5664 3992//5664 3993//5664
f 3994//5665 3995//5665 3996//5665
f 3996//5666 3995//5666 3989//5666
f 3997//5667 3998//5667 3999//5667
f 3999//5668 3998//5668 4000//5668
f 3999//5669 4000//5669 4001//5669
f 4002//5670 4003//5670 3997//5670
f 3090//5671 2519//5671 2518//5671
f 2518//5672 2517//5672 4004//5672
f 4004//5673 2517//5673 4005//5673
f 4004//5674 4005//5674 4003//5674
f 3976//5675 3509//5675 3977//5675
f 3977//5676 3509//5676 3515//5676
f 3977//5677 3515//5677 4006//5677
f 3978//5678 3977//5678 3981//5678
f 3981//5679 3977//5679 4006//5679
f 3981//5680 4006//5680 4007//5680
f 4007//5681 4006//5681 4008//5681
f 4007//5682 4008//5682 4009//5682
f 4009//5683 4008//5683 4010//5683
f 4009//5684 4010//5684 4011//5684
f 3982//5685 3984//5685 3986//5685
f 3986//5686 3984//5686 4012//5686
f 3986//5687 4012//5687 4013//5687
f 4013//5688 4012//5688 4014//5688
f 4013//5689 4014//5689 4015//5689
f 4015//5690 4014//5690 4016//5690
f 4015//5691 4016//5691 4017//5691
f 3989//5692 3991//5692 3996//5692
f 3996//5693 3991//5693 4018//5693
f 3996//5694 4018//5694 4019//5694
f 4019//5695 4018//5695 4020//5695
f 4019//5696 4020//5696 4021//5696
f 4021//5697 4020//5697 4022//5697
f 4021//5698 4022//5698 4023//5698
f 3997//5699 3999//5699 4002//5699
f 4002//5700 3999//5700 4024//5700
f 4002//5701 4024//5701 4025//5701
f 4025//5702 4024//5702 4026//5702
f 4025//5703 4026//5703 4027//5703
f 4027//5704 4026//5704 4028//5704
f 4027//5705 4028//5705 4029//5705
f 3515//5706 3514//5706 4006//5706
f 4006//5707 3514//5707 3513//5707
f 4006//5708 3513//5708 4008//5708
f 4008//5709 3513//5709 3517//5709
f 4008//5710 3517//5710 4010//5710
f 4010//5711 3517//5711 3518//5711
f 4010//5712 3518//5712 2921//5712
f 2921//5713 3975//5713 4010//5713
f 4010//5714 3975//5714 3974//5714
f 4010//5715 3974//5715 4011//5715
f 4011//5716 3974//5716 3973//5716
f 4011//5717 3973//5717 3972//5717
f 3972//5718 4016//5718 4011//5718
f 4011//5719 4016//5719 4014//5719
f 4011//5720 4014//5720 4009//5720
f 4009//5721 4014//5721 4012//5721
f 4009//5722 4012//5722 4007//5722
f 4007//5723 4012//5723 3984//5723
f 4007//5724 3984//5724 3981//5724
f 3981//5725 3984//5725 3985//5725
f 3981//5726 3985//5726 3979//5726
f 3972//5727 3971//5727 4016//5727
f 4016//5728 3971//5728 3970//5728
f 4016//5729 3970//5729 4017//5729
f 4017//5730 3970//5730 3969//5730
f 4017//5731 3969//5731 3968//5731
f 3968//5732 4022//5732 4017//5732
f 4017//5733 4022//5733 4020//5733
f 4017//5734 4020//5734 4015//5734
f 4015//5735 4020//5735 4018//5735
f 4015//5736 4018//5736 4013//5736
f 4013//5737 4018//5737 3991//5737
f 4013//5738 3991//5738 3986//5738
f 3986//5739 3991//5739 3993//5739
f 3986//5740 3993//5740 3988//5740
f 3968//5741 3967//5741 4022//5741
f 4022//5742 3967//5742 3966//5742
f 4022//5743 3966//5743 4023//5743
f 4023//5744 3966//5744 3965//5744
f 4023//5745 3965//5745 3964//5745
f 3964//5746 4028//5746 4023//5746
f 4023//5747 4028//5747 4026//5747
f 4023//5748 4026//5748 4021//5748
f 4021//5749 4026//5749 4024//5749
f 4021//5750 4024//5750 4019//5750
f 4019//5751 4024//5751 3999//5751
f 4019//5752 3999//5752 3996//5752
f 3996//5753 3999//5753 4001//5753
f 3996//5754 4001//5754 3994//5754
f 3964//5755 3963//5755 4028//5755
f 4028//5756 3963//5756 3962//5756
f 4028//5757 3962//5757 4029//5757
f 4029//5758 3962//5758 3961//5758
f 4029//5759 3961//5759 3960//5759
f 4003//5760 4002//5760 4004//5760
f 4004//5761 4002//5761 4025//5761
f 4004//5762 4025//5762 4030//5762
f 4030//5763 4025//5763 4027//5763
f 4030//5764 4027//5764 4031//5764
f 4031//5765 4027//5765 4029//5765
f 4031//5766 4029//5766 4032//5766
f 4032//5767 4029//5767 3960//5767
f 4032//5768 3960//5768 3959//5768
f 2518//5769 4004//5769 3090//5769
f 3090//5770 4004//5770 4030//5770
f 3090//5771 4030//5771 3088//5771
f 3088//5772 4030//5772 4031//5772
f 3088//5773 4031//5773 3098//5773
f 3098//5774 4031//5774 4032//5774
f 3098//5775 4032//5775 3097//5775
f 3097//5776 4032//5776 3959//5776
f 3097//5777 3959//5777 3074//5777
f 3504//5778 3502//5778 4033//5778
f 4034//5779 4035//5779 4036//5779
f 3990//5780 3989//5780 4034//5780
f 4005//5781 2517//5781 2515//5781
f 3997//5782 4003//5782 4037//5782
f 4037//5783 4003//5783 4005//5783
f 4035//5784 4000//5784 3998//5784
f 3989//5785 3995//5785 4034//5785
f 4034//5786 3995//5786 3994//5786
f 4034//5787 3994//5787 4035//5787
f 4035//5788 3994//5788 4001//5788
f 4035//5789 4001//5789 4000//5789
f 3988//5790 3993//5790 4038//5790
f 4038//5791 3993//5791 3992//5791
f 3982//5792 3987//5792 4039//5792
f 4039//5793 3987//5793 3988//5793
f 3980//5794 3979//5794 4040//5794
f 4040//5795 3979//5795 3985//5795
f 4040//5796 3985//5796 3983//5796
f 3976//5797 3978//5797 4041//5797
f 4041//5798 3978//5798 3980//5798
f 4042//5799 4036//5799 4043//5799
f 4043//5800 4036//5800 4035//5800
f 4043//5801 4035//5801 4037//5801
f 4037//5802 4035//5802 3998//5802
f 4037//5803 3998//5803 3997//5803
f 4044//5804 4045//5804 4038//5804
f 3510//5805 3976//5805 3512//5805
f 3512//5806 3976//5806 4041//5806
f 3512//5807 4041//5807 3505//5807
f 3505//5808 4041//5808 4046//5808
f 3505//5809 4046//5809 3506//5809
f 4047//5810 4045//5810 4048//5810
f 4048//5811 4045//5811 4044//5811
f 4048//5812 4044//5812 4049//5812
f 3988//5813 4038//5813 4039//5813
f 4039//5814 4038//5814 4045//5814
f 4039//5815 4045//5815 4050//5815
f 4050//5816 4045//5816 4047//5816
f 4050//5817 4047//5817 4051//5817
f 3980//5818 4040//5818 4041//5818
f 4041//5819 4040//5819 4052//5819
f 4041//5820 4052//5820 4046//5820
f 4046//5821 4052//5821 4053//5821
f 4046//5822 4053//5822 4033//5822
f 4033//5823 3502//5823 4046//5823
f 4046//5824 3502//5824 3501//5824
f 4046//5825 3501//5825 3506//5825
f 4005//5826 2515//5826 4037//5826
f 4037//5827 2515//5827 2514//5827
f 4037//5828 2514//5828 4043//5828
f 4043//5829 2514//5829 2484//5829
f 4043//5830 2484//5830 4042//5830
f 4042//5831 2484//5831 2486//5831
f 4042//5832 2486//5832 4054//5832
f 4054//5833 4055//5833 4042//5833
f 4042//5834 4055//5834 4049//5834
f 4042//5835 4049//5835 4036//5835
f 4036//5836 4049//5836 4044//5836
f 4036//5837 4044//5837 4034//5837
f 4034//5838 4044//5838 4038//5838
f 4034//5839 4038//5839 3990//5839
f 3990//5840 4038//5840 3992//5840
f 4055//5841 4056//5841 4049//5841
f 4049//5842 4056//5842 4057//5842
f 4049//5843 4057//5843 4048//5843
f 4048//5844 4057//5844 4058//5844
f 4048//5845 4058//5845 4047//5845
f 4047//5846 4058//5846 4059//5846
f 4047//5847 4059//5847 4051//5847
f 4051//5848 4059//5848 4060//5848
f 4051//5849 4060//5849 4061//5849
f 4061//5850 4053//5850 4051//5850
f 4051//5851 4053//5851 4052//5851
f 4051//5852 4052//5852 4050//5852
f 4050//5853 4052//5853 4040//5853
f 4050//5854 4040//5854 4039//5854
f 4039//5855 4040//5855 3983//5855
f 4039//5856 3983//5856 3982//5856
f 2433//5857 3504//5857 4062//5857
f 4062//5858 3504//5858 4033//5858
f 4062//5859 4033//5859 4063//5859
f 4063//5860 4033//5860 4053//5860
f 4063//5861 4053//5861 4064//5861
f 4064//5862 4053//5862 4061//5862
f 4065//5863 2530//5863 2532//5863
f 2297//5864 4066//5864 4067//5864
f 4067//5865 4066//5865 4068//5865
f 4067//5866 4068//5866 4069//5866
f 4069//5867 4068//5867 4070//5867
f 4069//5868 4070//5868 4071//5868
f 2297//5869 4067//5869 2532//5869
f 2532//5870 4067//5870 4072//5870
f 2532//5871 4072//5871 4065//5871
f 4065//5872 4072//5872 4073//5872
f 4065//5873 4073//5873 4074//5873
f 2297//5874 2457//5874 4066//5874
f 4066//5875 2457//5875 2456//5875
f 4066//5876 2456//5876 4075//5876
f 4075//5877 2456//5877 2464//5877
f 4075//5878 2464//5878 4076//5878
f 4076//5879 2464//5879 2463//5879
f 4076//5880 2463//5880 2432//5880
f 4064//5881 4076//5881 4063//5881
f 4063//5882 4076//5882 2432//5882
f 4063//5883 2432//5883 4062//5883
f 4062//5884 2432//5884 2431//5884
f 4062//5885 2431//5885 2433//5885
f 4064//5886 4070//5886 4076//5886
f 4076//5887 4070//5887 4068//5887
f 4076//5888 4068//5888 4075//5888
f 4075//5889 4068//5889 4066//5889
f 4064//5890 4061//5890 4070//5890
f 4070//5891 4061//5891 4060//5891
f 4070//5892 4060//5892 4071//5892
f 4071//5893 4060//5893 4059//5893
f 4071//5894 4059//5894 4058//5894
f 4058//5895 4073//5895 4071//5895
f 4071//5896 4073//5896 4072//5896
f 4071//5897 4072//5897 4069//5897
f 4069//5898 4072//5898 4067//5898
f 2528//5899 2527//5899 4074//5899
f 4074//5900 2527//5900 2526//5900
f 4074//5901 2526//5901 4065//5901
f 4065//5902 2526//5902 2531//5902
f 4065//5903 2531//5903 2530//5903
f 4058//5904 4057//5904 4073//5904
f 4073//5905 4057//5905 4056//5905
f 4073//5906 4056//5906 4074//5906
f 4074//5907 4056//5907 4055//5907
f 4074//5908 4055//5908 4054//5908
f 2486//5909 2524//5909 4054//5909
f 4054//5910 2524//5910 2525//5910
f 4054//5911 2525//5911 4074//5911
f 4074//5912 2525//5912 2483//5912
f 4074//5913 2483//5913 2528//5913
f 2493//5914 4077//5914 2491//5914
f 2491//5915 4077//5915 4078//5915
f 2211//5916 2630//5916 4079//5916
f 4079//5917 2630//5917 2490//5917
f 4079//5918 2490//5918 4078//5918
f 4078//5919 2490//5919 2489//5919
f 4078//5920 2489//5920 2491//5920
f 2211//5921 4079//5921 4080//5921
f 4080//5922 4079//5922 4081//5922
f 4080//5923 4081//5923 4082//5923
f 4082//5924 4081//5924 4083//5924
f 4082//5925 4083//5925 4084//5925
f 2211//5926 4080//5926 2851//5926
f 2851//5927 4080//5927 4085//5927
f 2851//5928 4085//5928 4086//5928
f 4086//5929 4085//5929 4087//5929
f 4086//5930 4087//5930 4088//5930
f 2851//5931 4086//5931 2841//5931
f 2841//5932 4086//5932 4088//5932
f 2841//5933 4088//5933 2842//5933
f 2493//5934 2495//5934 4077//5934
f 4077//5935 2495//5935 2497//5935
f 4077//5936 2497//5936 2499//5936
f 4089//5937 4077//5937 4090//5937
f 4090//5938 4077//5938 2499//5938
f 4090//5939 2499//5939 4091//5939
f 4091//5940 2499//5940 2501//5940
f 4091//5941 2501//5941 2502//5941
f 4089//5942 4083//5942 4077//5942
f 4077//5943 4083//5943 4081//5943
f 4077//5944 4081//5944 4078//5944
f 4078//5945 4081//5945 4079//5945
f 4089//5946 4092//5946 4083//5946
f 4083//5947 4092//5947 4093//5947
f 4083//5948 4093//5948 4084//5948
f 4084//5949 4093//5949 4094//5949
f 4084//5950 4094//5950 4095//5950
f 4095//5951 4087//5951 4084//5951
f 4084//5952 4087//5952 4085//5952
f 4084//5953 4085//5953 4082//5953
f 4082//5954 4085//5954 4080//5954
f 4095//5955 4096//5955 4087//5955
f 4087//5956 4096//5956 4097//5956
f 4087//5957 4097//5957 4088//5957
f 4088//5958 4097//5958 4098//5958
f 4088//5959 4098//5959 4099//5959
f 2846//5960 2848//5960 4099//5960
f 4099//5961 2848//5961 2850//5961
f 4099//5962 2850//5962 4088//5962
f 4088//5963 2850//5963 2843//5963
f 4088//5964 2843//5964 2842//5964
f 3586//5965 2846//5965 4099//5965
f 3582//5966 3629//5966 4100//5966
f 4101//5967 4102//5967 4103//5967
f 4103//5968 4102//5968 3581//5968
f 3581//5969 4102//5969 4104//5969
f 3581//5970 4104//5970 3580//5970
f 4105//5971 4106//5971 4101//5971
f 4101//5972 4106//5972 4107//5972
f 4101//5973 4107//5973 4102//5973
f 4108//5974 4109//5974 4105//5974
f 4105//5975 4109//5975 4110//5975
f 4105//5976 4110//5976 4106//5976
f 4111//5977 4112//5977 4113//5977
f 4113//5978 4112//5978 4114//5978
f 4113//5979 4114//5979 4108//5979
f 4108//5980 4114//5980 4115//5980
f 4108//5981 4115//5981 4109//5981
f 4111//5982 4113//5982 4116//5982
f 4116//5983 4113//5983 4117//5983
f 4116//5984 4117//5984 4118//5984
f 4119//5985 4120//5985 4121//5985
f 4121//5986 4120//5986 4122//5986
f 4121//5987 4122//5987 4117//5987
f 4117//5988 4122//5988 4123//5988
f 4117//5989 4123//5989 4118//5989
f 4119//5990 4121//5990 4124//5990
f 4124//5991 4121//5991 2508//5991
f 4124//5992 2508//5992 2513//5992
f 3581//5993 3582//5993 4103//5993
f 4103//5994 3582//5994 4100//5994
f 4103//5995 4100//5995 4101//5995
f 4101//5996 4100//5996 4125//5996
f 4101//5997 4125//5997 4105//5997
f 4105//5998 4125//5998 4126//5998
f 4105//5999 4126//5999 4108//5999
f 4108//6000 4126//6000 4127//6000
f 4108//6001 4127//6001 4113//6001
f 4113//6002 4127//6002 4128//6002
f 4113//6003 4128//6003 4117//6003
f 4117//6004 4128//6004 4129//6004
f 4117//6005 4129//6005 4121//6005
f 4121//6006 4129//6006 4130//6006
f 4121//6007 4130//6007 2508//6007
f 2504//6008 2624//6008 4130//6008
f 4130//6009 2624//6009 2507//6009
f 4130//6010 2507//6010 2508//6010
f 3585//6011 3584//6011 4131//6011
f 4131//6012 3584//6012 3586//6012
f 3586//6013 4099//6013 4131//6013
f 4131//6014 4099//6014 4098//6014
f 4131//6015 4098//6015 4132//6015
f 4098//6016 4097//6016 4132//6016
f 4132//6017 4097//6017 4096//6017
f 4132//6018 4096//6018 4133//6018
f 4133//6019 4096//6019 4095//6019
f 4133//6020 4095//6020 4134//6020
f 4134//6021 4095//6021 4094//6021
f 4134//6022 4094//6022 4135//6022
f 4094//6023 4093//6023 4135//6023
f 4135//6024 4093//6024 4092//6024
f 4135//6025 4092//6025 4136//6025
f 4091//6026 4137//6026 4090//6026
f 4090//6027 4137//6027 4136//6027
f 4090//6028 4136//6028 4089//6028
f 4089//6029 4136//6029 4092//6029
f 3629//6030 3585//6030 4100//6030
f 4100//6031 3585//6031 4131//6031
f 4100//6032 4131//6032 4125//6032
f 4125//6033 4131//6033 4132//6033
f 4125//6034 4132//6034 4126//6034
f 4126//6035 4132//6035 4133//6035
f 4126//6036 4133//6036 4127//6036
f 4127//6037 4133//6037 4134//6037
f 4127//6038 4134//6038 4128//6038
f 4128//6039 4134//6039 4135//6039
f 4128//6040 4135//6040 4129//6040
f 4129//6041 4135//6041 4136//6041
f 4129//6042 4136//6042 4130//6042
f 4130//6043 4136//6043 4137//6043
f 4130//6044 4137//6044 2504//6044
f 2504//6045 4137//6045 4091//6045
f 2504//6046 4091//6046 2502//6046
f 4116//6047 4138//6047 4139//6047
f 4124//6048 2513//6048 4140//6048
f 4140//6049 2513//6049 2512//6049
f 4140//6050 2512//6050 3077//6050
f 3077//6051 2512//6051 2511//6051
f 3077//6052 2511//6052 2510//6052
f 4124//6053 4140//6053 4119//6053
f 4119//6054 4140//6054 4141//6054
f 4119//6055 4141//6055 4120//6055
f 4116//6056 4118//6056 4138//6056
f 4138//6057 4118//6057 4123//6057
f 4138//6058 4123//6058 4141//6058
f 4141//6059 4123//6059 4122//6059
f 4141//6060 4122//6060 4120//6060
f 4114//6061 4112//6061 4139//6061
f 4139//6062 4112//6062 4111//6062
f 4139//6063 4111//6063 4116//6063
f 4110//6064 4142//6064 4143//6064
f 4102//6065 4107//6065 4143//6065
f 4143//6066 4107//6066 4106//6066
f 4143//6067 4106//6067 4110//6067
f 3580//6068 4104//6068 3578//6068
f 3578//6069 4104//6069 4144//6069
f 3578//6070 4144//6070 3579//6070
f 3077//6071 3094//6071 4140//6071
f 4140//6072 3094//6072 4145//6072
f 4140//6073 4145//6073 4141//6073
f 4141//6074 4145//6074 4146//6074
f 4141//6075 4146//6075 4138//6075
f 4138//6076 4146//6076 4147//6076
f 4138//6077 4147//6077 4139//6077
f 4139//6078 4147//6078 4148//6078
f 4139//6079 4148//6079 4114//6079
f 4114//6080 4148//6080 4149//6080
f 4114//6081 4149//6081 4115//6081
f 4115//6082 4149//6082 4142//6082
f 4115//6083 4142//6083 4109//6083
f 4109//6084 4142//6084 4110//6084
f 4104//6069 4102//6069 4144//6069
f 4144//6085 4102//6085 4150//6085
f 4150//6086 4102//6086 4143//6086
f 4150//6087 4143//6087 4151//6087
f 4151//6088 4143//6088 4142//6088
f 4151//6089 4142//6089 4152//6089
f 4152//6090 4142//6090 4149//6090
f 4152//6091 4149//6091 4153//6091
f 4153//6092 4149//6092 4148//6092
f 4153//6093 4148//6093 4154//6093
f 4154//6094 4148//6094 4147//6094
f 4154//6095 4147//6095 4155//6095
f 4155//6096 4147//6096 4146//6096
f 4155//6097 4146//6097 4156//6097
f 4156//6098 4146//6098 4145//6098
f 4156//6099 4145//6099 3084//6099
f 3084//6100 4145//6100 3094//6100
f 3084//6101 3083//6101 4156//6101
f 4156//6102 3083//6102 4157//6102
f 4156//6103 4157//6103 4155//6103
f 4155//6104 4157//6104 4158//6104
f 4155//6105 4158//6105 4154//6105
f 4154//6106 4158//6106 4159//6106
f 4154//6107 4159//6107 4153//6107
f 4153//6108 4159//6108 4160//6108
f 4153//6109 4160//6109 4152//6109
f 4152//6110 4160//6110 4161//6110
f 4152//6111 4161//6111 4151//6111
f 4151//6112 4161//6112 4162//6112
f 4151//6113 4162//6113 4150//6113
f 4150//6114 4162//6114 4163//6114
f 4150//6115 4163//6115 4144//6115
f 4144//6116 4163//6116 4164//6116
f 4144//6117 4164//6117 3579//6117
f 3576//6118 3574//6118 4164//6118
f 4164//6119 3574//6119 3573//6119
f 4164//6120 3573//6120 3579//6120
f 4165//6121 4166//6121 4167//6121
f 4167//6122 4166//6122 4168//6122
f 4167//6123 4168//6123 4169//6123
f 4169//6124 4168//6124 4170//6124
f 4169//6125 4170//6125 4171//6125
f 4171//6126 4170//6126 4172//6126
f 4171//6127 4172//6127 4173//6127
f 4173//6128 4172//6128 4174//6128
f 4173//6129 4174//6129 4175//6129
f 4175//6130 4174//6130 4176//6130
f 4175//6131 4176//6131 4177//6131
f 4177//6132 4176//6132 4178//6132
f 4177//6133 4178//6133 4179//6133
f 4179//6134 4178//6134 4180//6134
f 4179//6135 4180//6135 3073//6135
f 3073//6136 4180//6136 3099//6136
f 3083//6137 3099//6137 4157//6137
f 4157//6138 3099//6138 4180//6138
f 4157//6139 4180//6139 4158//6139
f 4158//6140 4180//6140 4178//6140
f 4158//6141 4178//6141 4159//6141
f 4159//6142 4178//6142 4176//6142
f 4159//6143 4176//6143 4160//6143
f 4160//6144 4176//6144 4174//6144
f 4160//6145 4174//6145 4161//6145
f 4161//6146 4174//6146 4172//6146
f 4161//6147 4172//6147 4162//6147
f 4162//6148 4172//6148 4170//6148
f 4162//6149 4170//6149 4163//6149
f 4163//6150 4170//6150 4168//6150
f 4163//6151 4168//6151 4164//6151
f 4164//6152 4168//6152 4166//6152
f 4164//6153 4166//6153 3576//6153
f 3576//6154 4166//6154 4165//6154
f 3576//6155 4165//6155 271//6155
f 3073//2926 3086//2926 4181//2926
f 3073//2926 4181//2926 4179//2926
f 4179//2925 4181//2925 4182//2925
f 4179//2925 4182//2925 4177//2925
f 4177//2924 4182//2924 4183//2924
f 4177//2924 4183//2924 4175//2924
f 4175//6156 4183//6156 4184//6156
f 4175//6156 4184//6156 4173//6156
f 4173//2922 4184//2922 4185//2922
f 4173//2922 4185//2922 4171//2922
f 4171//6157 4185//6157 4186//6157
f 4171//6157 4186//6157 4169//6157
f 4169//2920 4186//2920 4187//2920
f 4169//2920 4187//2920 4167//2920
f 4167//2919 4187//2919 4188//2919
f 4167//2919 4188//2919 4165//2919
f 4165//2918 4188//2918 273//2918
f 4165//2918 273//2918 271//2918
f 3148//6158 3149//6158 4189//6158
f 3154//6159 3155//6159 4190//6159
f 3160//6160 3161//6160 4191//6160
f 287//6161 286//6161 4192//6161
f 4192//6161 286//6161 4193//6161
f 4192//6162 4193//6162 4194//6162
f 4194//6163 4193//6163 4195//6163
f 4194//6164 4195//6164 4196//6164
f 4196//6165 4195//6165 4197//6165
f 4196//6166 4197//6166 4198//6166
f 4198//6166 4197//6166 4199//6166
f 4198//6167 4199//6167 4200//6167
f 4200//6168 4199//6168 4201//6168
f 4200//6169 4201//6169 4202//6169
f 4202//6170 4201//6170 4203//6170
f 4202//6171 4203//6171 4204//6171
f 4204//6171 4203//6171 4205//6171
f 4204//6172 4205//6172 4206//6172
f 4206//6172 4205//6172 4191//6172
f 267//6173 266//6173 4207//6173
f 4207//6173 266//6173 4208//6173
f 4207//6174 4208//6174 4209//6174
f 4209//6174 4208//6174 4210//6174
f 4209//6175 4210//6175 4211//6175
f 4211//6175 4210//6175 4212//6175
f 4211//6176 4212//6176 4213//6176
f 4213//6176 4212//6176 4214//6176
f 4213//6177 4214//6177 4215//6177
f 4215//6177 4214//6177 4216//6177
f 4215//6178 4216//6178 4217//6178
f 4217//6178 4216//6178 4218//6178
f 4217//6179 4218//6179 4219//6179
f 4219//6179 4218//6179 4220//6179
f 4219//6180 4220//6180 4221//6180
f 4221//6180 4220//6180 4190//6180
f 276//6181 275//6181 4222//6181
f 4222//6181 275//6181 4223//6181
f 4222//6182 4223//6182 4224//6182
f 4224//6182 4223//6182 4225//6182
f 4224//6183 4225//6183 4226//6183
f 4226//6183 4225//6183 4227//6183
f 4226//6184 4227//6184 4228//6184
f 4228//6184 4227//6184 4229//6184
f 4228//6185 4229//6185 4230//6185
f 4230//6185 4229//6185 4231//6185
f 4230//6186 4231//6186 4232//6186
f 4232//6187 4231//6187 4233//6187
f 4232//6188 4233//6188 4234//6188
f 4234//6188 4233//6188 4235//6188
f 4234//6189 4235//6189 4236//6189
f 4236//6189 4235//6189 4189//6189
f 288//6190 287//6190 4237//6190
f 4237//6190 287//6190 4192//6190
f 4237//6191 4192//6191 4238//6191
f 4238//6191 4192//6191 4194//6191
f 4238//6192 4194//6192 4239//6192
f 4239//6193 4194//6193 4196//6193
f 4239//6194 4196//6194 4240//6194
f 4240//6194 4196//6194 4198//6194
f 4240//6195 4198//6195 4241//6195
f 4241//6196 4198//6196 4200//6196
f 4241//6197 4200//6197 4242//6197
f 4242//6197 4200//6197 4202//6197
f 4242//6198 4202//6198 4243//6198
f 4243//6199 4202//6199 4204//6199
f 4243//6200 4204//6200 4244//6200
f 4244//6200 4204//6200 4206//6200
f 4244//6201 4206//6201 3144//6201
f 3144//6202 4206//6202 3163//6202
f 4191//6203 3161//6203 4206//6203
f 4206//6204 3161//6204 3162//6204
f 4206//6205 3162//6205 3163//6205
f 3159//6206 3160//6206 4245//6206
f 4245//6207 3160//6207 4191//6207
f 4245//6208 4191//6208 4246//6208
f 4246//6208 4191//6208 4205//6208
f 4246//6209 4205//6209 4247//6209
f 4247//6210 4205//6210 4203//6210
f 4247//6211 4203//6211 4248//6211
f 4248//6211 4203//6211 4201//6211
f 4248//6212 4201//6212 4249//6212
f 4249//6212 4201//6212 4199//6212
f 4249//6213 4199//6213 4250//6213
f 4250//6213 4199//6213 4197//6213
f 4250//6214 4197//6214 4251//6214
f 4251//6215 4197//6215 4195//6215
f 4251//6216 4195//6216 4252//6216
f 4252//6216 4195//6216 4193//6216
f 4252//6217 4193//6217 285//6217
f 285//6217 4193//6217 286//6217
f 285//6218 284//6218 4252//6218
f 4252//6218 284//6218 4253//6218
f 4252//6219 4253//6219 4251//6219
f 4251//6219 4253//6219 4254//6219
f 4251//6220 4254//6220 4250//6220
f 4250//6221 4254//6221 4255//6221
f 4250//6222 4255//6222 4249//6222
f 4249//6223 4255//6223 4256//6223
f 4249//6224 4256//6224 4248//6224
f 4248//6224 4256//6224 4257//6224
f 4248//6225 4257//6225 4247//6225
f 4247//6226 4257//6226 4258//6226
f 4247//6227 4258//6227 4246//6227
f 4246//6228 4258//6228 4259//6228
f 4246//6229 4259//6229 4245//6229
f 4245//6230 4259//6230 4260//6230
f 4245//6231 4260//6231 3159//6231
f 3159//6232 4260//6232 3158//6232
f 284//6233 267//6233 4253//6233
f 4253//6233 267//6233 4207//6233
f 4253//6234 4207//6234 4254//6234
f 4254//6234 4207//6234 4209//6234
f 4254//6235 4209//6235 4255//6235
f 4255//6235 4209//6235 4211//6235
f 4255//6236 4211//6236 4256//6236
f 4256//6236 4211//6236 4213//6236
f 4256//6237 4213//6237 4257//6237
f 4257//6238 4213//6238 4215//6238
f 4257//6239 4215//6239 4258//6239
f 4258//6239 4215//6239 4217//6239
f 4258//6240 4217//6240 4259//6240
f 4259//6241 4217//6241 4219//6241
f 4259//6242 4219//6242 4260//6242
f 4260//6242 4219//6242 4221//6242
f 4260//6243 4221//6243 3158//6243
f 3158//6243 4221//6243 3157//6243
f 4190//6244 3155//6244 4221//6244
f 4221//6245 3155//6245 3156//6245
f 4221//6246 3156//6246 3157//6246
f 3153//6247 3154//6247 4261//6247
f 4261//6248 3154//6248 4190//6248
f 4261//6249 4190//6249 4262//6249
f 4262//6249 4190//6249 4220//6249
f 4262//6250 4220//6250 4263//6250
f 4263//6251 4220//6251 4218//6251
f 4263//6252 4218//6252 4264//6252
f 4264//6252 4218//6252 4216//6252
f 4264//6253 4216//6253 4265//6253
f 4265//6254 4216//6254 4214//6254
f 4265//6255 4214//6255 4266//6255
f 4266//6255 4214//6255 4212//6255
f 4266//6256 4212//6256 4267//6256
f 4267//6257 4212//6257 4210//6257
f 4267//6258 4210//6258 4268//6258
f 4268//6258 4210//6258 4208//6258
f 4268//6259 4208//6259 265//6259
f 265//6259 4208//6259 266//6259
f 265//6260 277//6260 4268//6260
f 4268//6260 277//6260 4269//6260
f 4268//6261 4269//6261 4267//6261
f 4267//6261 4269//6261 4270//6261
f 4267//6262 4270//6262 4266//6262
f 4266//6262 4270//6262 4271//6262
f 4266//6263 4271//6263 4265//6263
f 4265//6263 4271//6263 4272//6263
f 4265//6264 4272//6264 4264//6264
f 4264//6264 4272//6264 4273//6264
f 4264//6265 4273//6265 4263//6265
f 4263//6265 4273//6265 4274//6265
f 4263//6266 4274//6266 4262//6266
f 4262//6267 4274//6267 4275//6267
f 4262//6268 4275//6268 4261//6268
f 4261//6269 4275//6269 4276//6269
f 4261//6270 4276//6270 3153//6270
f 3153//6270 4276//6270 3152//6270
f 277//6271 276//6271 4269//6271
f 4269//6271 276//6271 4222//6271
f 4269//6272 4222//6272 4270//6272
f 4270//6272 4222//6272 4224//6272
f 4270//6273 4224//6273 4271//6273
f 4271//6274 4224//6274 4226//6274
f 4271//6275 4226//6275 4272//6275
f 4272//6276 4226//6276 4228//6276
f 4272//6277 4228//6277 4273//6277
f 4273//6278 4228//6278 4230//6278
f 4273//6279 4230//6279 4274//6279
f 4274//6280 4230//6280 4232//6280
f 4274//6281 4232//6281 4275//6281
f 4275//6282 4232//6282 4234//6282
f 4275//6283 4234//6283 4276//6283
f 4276//6283 4234//6283 4236//6283
f 4276//6284 4236//6284 3152//6284
f 3152//6284 4236//6284 3151//6284
f 4189//6285 3149//6285 4236//6285
f 4236//6286 3149//6286 3150//6286
f 4236//6287 3150//6287 3151//6287
f 3147//6288 3148//6288 4277//6288
f 4277//6289 3148//6289 4189//6289
f 4277//6290 4189//6290 4278//6290
f 4278//6290 4189//6290 4235//6290
f 4278//6291 4235//6291 4279//6291
f 4279//6291 4235//6291 4233//6291
f 4279//6292 4233//6292 4280//6292
f 4280//6292 4233//6292 4231//6292
f 4280//6293 4231//6293 4281//6293
f 4281//6294 4231//6294 4229//6294
f 4281//6295 4229//6295 4282//6295
f 4282//6296 4229//6296 4227//6296
f 4282//6297 4227//6297 4283//6297
f 4283//6297 4227//6297 4225//6297
f 4283//6298 4225//6298 4284//6298
f 4284//6298 4225//6298 4223//6298
f 4284//6299 4223//6299 274//6299
f 274//6299 4223//6299 275//6299
f 274//6300 273//6300 4284//6300
f 4284//6300 273//6300 4188//6300
f 4284//6301 4188//6301 4283//6301
f 4283//6301 4188//6301 4187//6301
f 4283//6302 4187//6302 4282//6302
f 4282//6302 4187//6302 4186//6302
f 4282//6303 4186//6303 4281//6303
f 4281//6303 4186//6303 4185//6303
f 4281//6304 4185//6304 4280//6304
f 4280//6305 4185//6305 4184//6305
f 4280//6306 4184//6306 4279//6306
f 4279//6306 4184//6306 4183//6306
f 4279//6307 4183//6307 4278//6307
f 4278//6307 4183//6307 4182//6307
f 4278//6308 4182//6308 4277//6308
f 4277//6308 4182//6308 4181//6308
f 4277//6309 4181//6309 3147//6309
f 3147//6309 4181//6309 3086//6309
f 3146//6310 3143//6310 4285//6310
f 3138//6311 3137//6311 4286//6311
f 3132//6312 3131//6312 4287//6312
f 293//6313 292//6313 4288//6313
f 4288//6313 292//6313 4289//6313
f 4288//6314 4289//6314 4290//6314
f 4290//6315 4289//6315 4291//6315
f 4290//6316 4291//6316 4292//6316
f 4292//6316 4291//6316 4293//6316
f 4292//6317 4293//6317 4294//6317
f 4294//6317 4293//6317 4295//6317
f 4294//6318 4295//6318 4296//6318
f 4296//6319 4295//6319 4297//6319
f 4296//6320 4297//6320 4298//6320
f 4298//6320 4297//6320 4299//6320
f 4298//6321 4299//6321 4300//6321
f 4300//6321 4299//6321 4301//6321
f 4300//6322 4301//6322 4302//6322
f 4302//6322 4301//6322 4287//6322
f 300//6323 299//6323 4303//6323
f 4303//6323 299//6323 4304//6323
f 4303//6324 4304//6324 4305//6324
f 4305//6324 4304//6324 4306//6324
f 4305//6325 4306//6325 4307//6325
f 4307//6325 4306//6325 4308//6325
f 4307//6326 4308//6326 4309//6326
f 4309//6327 4308//6327 4310//6327
f 4309//6328 4310//6328 4311//6328
f 4311//6329 4310//6329 4312//6329
f 4311//6330 4312//6330 4313//6330
f 4313//6331 4312//6331 4314//6331
f 4313//6332 4314//6332 4315//6332
f 4315//6333 4314//6333 4316//6333
f 4315//6334 4316//6334 4317//6334
f 4317//6334 4316//6334 4286//6334
f 294//6335 262//6335 4318//6335
f 4318//6335 262//6335 4319//6335
f 4318//6336 4319//6336 4320//6336
f 4320//6336 4319//6336 4321//6336
f 4320//6337 4321//6337 4322//6337
f 4322//6337 4321//6337 4323//6337
f 4322//6338 4323//6338 4324//6338
f 4324//6338 4323//6338 4325//6338
f 4324//6339 4325//6339 4326//6339
f 4326//6339 4325//6339 4327//6339
f 4326//6340 4327//6340 4328//6340
f 4328//6340 4327//6340 4329//6340
f 4328//6341 4329//6341 4330//6341
f 4330//6342 4329//6342 4331//6342
f 4330//6343 4331//6343 4332//6343
f 4332//6344 4331//6344 4285//6344
f 279//6345 293//6345 4333//6345
f 4333//6345 293//6345 4288//6345
f 4333//6346 4288//6346 4334//6346
f 4334//6346 4288//6346 4290//6346
f 4334//6347 4290//6347 4335//6347
f 4335//6347 4290//6347 4292//6347
f 4335//6348 4292//6348 4336//6348
f 4336//6348 4292//6348 4294//6348
f 4336//6349 4294//6349 4337//6349
f 4337//6350 4294//6350 4296//6350
f 4337//6351 4296//6351 4338//6351
f 4338//6352 4296//6352 4298//6352
f 4338//6353 4298//6353 4339//6353
f 4339//6353 4298//6353 4300//6353
f 4339//6354 4300//6354 4340//6354
f 4340//6354 4300//6354 4302//6354
f 4340//6355 4302//6355 3108//6355
f 3108//6356 4302//6356 3129//6356
f 4287//6357 3131//6357 4302//6357
f 4302//6358 3131//6358 3130//6358
f 4302//6359 3130//6359 3129//6359
f 3133//6360 3132//6360 4341//6360
f 4341//6361 3132//6361 4287//6361
f 4341//6362 4287//6362 4342//6362
f 4342//6362 4287//6362 4301//6362
f 4342//6363 4301//6363 4343//6363
f 4343//6364 4301//6364 4299//6364
f 4343//6365 4299//6365 4344//6365
f 4344//6365 4299//6365 4297//6365
f 4344//6366 4297//6366 4345//6366
f 4345//6366 4297//6366 4295//6366
f 4345//6367 4295//6367 4346//6367
f 4346//6367 4295//6367 4293//6367
f 4346//6368 4293//6368 4347//6368
f 4347//6368 4293//6368 4291//6368
f 4347//6369 4291//6369 4348//6369
f 4348//6369 4291//6369 4289//6369
f 4348//6370 4289//6370 291//6370
f 291//6370 4289//6370 292//6370
f 291//6371 301//6371 4348//6371
f 4348//6371 301//6371 4349//6371
f 4348//6372 4349//6372 4347//6372
f 4347//6372 4349//6372 4350//6372
f 4347//6373 4350//6373 4346//6373
f 4346//6374 4350//6374 4351//6374
f 4346//6375 4351//6375 4345//6375
f 4345//6376 4351//6376 4352//6376
f 4345//6377 4352//6377 4344//6377
f 4344//6378 4352//6378 4353//6378
f 4344//6379 4353//6379 4343//6379
f 4343//6380 4353//6380 4354//6380
f 4343//6381 4354//6381 4342//6381
f 4342//6382 4354//6382 4355//6382
f 4342//6383 4355//6383 4341//6383
f 4341//6383 4355//6383 4356//6383
f 4341//6384 4356//6384 3133//6384
f 3133//6384 4356//6384 3134//6384
f 301//6385 300//6385 4349//6385
f 4349//6385 300//6385 4303//6385
f 4349//6386 4303//6386 4350//6386
f 4350//6386 4303//6386 4305//6386
f 4350//6387 4305//6387 4351//6387
f 4351//6387 4305//6387 4307//6387
f 4351//6388 4307//6388 4352//6388
f 4352//6388 4307//6388 4309//6388
f 4352//6389 4309//6389 4353//6389
f 4353//6390 4309//6390 4311//6390
f 4353//6391 4311//6391 4354//6391
f 4354//6391 4311//6391 4313//6391
f 4354//6392 4313//6392 4355//6392
f 4355//6392 4313//6392 4315//6392
f 4355//6393 4315//6393 4356//6393
f 4356//6393 4315//6393 4317//6393
f 4356//6394 4317//6394 3134//6394
f 3134//6394 4317//6394 3135//6394
f 4286//6395 3137//6395 4317//6395
f 4317//6396 3137//6396 3136//6396
f 4317//6397 3136//6397 3135//6397
f 3139//6398 3138//6398 4357//6398
f 4357//6399 3138//6399 4286//6399
f 4357//6400 4286//6400 4358//6400
f 4358//6400 4286//6400 4316//6400
f 4358//6401 4316//6401 4359//6401
f 4359//6402 4316//6402 4314//6402
f 4359//6403 4314//6403 4360//6403
f 4360//6403 4314//6403 4312//6403
f 4360//6404 4312//6404 4361//6404
f 4361//6405 4312//6405 4310//6405
f 4361//6406 4310//6406 4362//6406
f 4362//6407 4310//6407 4308//6407
f 4362//6408 4308//6408 4363//6408
f 4363//6408 4308//6408 4306//6408
f 4363//6409 4306//6409 4364//6409
f 4364//6409 4306//6409 4304//6409
f 4364//6410 4304//6410 290//6410
f 290//6410 4304//6410 299//6410
f 290//6411 295//6411 4364//6411
f 4364//6411 295//6411 4365//6411
f 4364//6412 4365//6412 4363//6412
f 4363//6412 4365//6412 4366//6412
f 4363//6413 4366//6413 4362//6413
f 4362//6413 4366//6413 4367//6413
f 4362//6414 4367//6414 4361//6414
f 4361//6414 4367//6414 4368//6414
f 4361//6415 4368//6415 4360//6415
f 4360//6416 4368//6416 4369//6416
f 4360//6417 4369//6417 4359//6417
f 4359//6417 4369//6417 4370//6417
f 4359//6418 4370//6418 4358//6418
f 4358//6419 4370//6419 4371//6419
f 4358//6420 4371//6420 4357//6420
f 4357//6421 4371//6421 4372//6421
f 4357//6422 4372//6422 3139//6422
f 3139//6422 4372//6422 3140//6422
f 295//6423 294//6423 4365//6423
f 4365//6423 294//6423 4318//6423
f 4365//6424 4318//6424 4366//6424
f 4366//6424 4318//6424 4320//6424
f 4366//6425 4320//6425 4367//6425
f 4367//6425 4320//6425 4322//6425
f 4367//6426 4322//6426 4368//6426
f 4368//6426 4322//6426 4324//6426
f 4368//6427 4324//6427 4369//6427
f 4369//6427 4324//6427 4326//6427
f 4369//6428 4326//6428 4370//6428
f 4370//6429 4326//6429 4328//6429
f 4370//6430 4328//6430 4371//6430
f 4371//6431 4328//6431 4330//6431
f 4371//6432 4330//6432 4372//6432
f 4372//6432 4330//6432 4332//6432
f 4372//6433 4332//6433 3140//6433
f 3140//6434 4332//6434 3141//6434
f 4285//6435 3143//6435 4332//6435
f 4332//6436 3143//6436 3142//6436
f 4332//6437 3142//6437 3141//6437
f 3145//6438 3146//6438 4373//6438
f 4373//6439 3146//6439 4285//6439
f 4373//6440 4285//6440 4374//6440
f 4374//6440 4285//6440 4331//6440
f 4374//6441 4331//6441 4375//6441
f 4375//6441 4331//6441 4329//6441
f 4375//6442 4329//6442 4376//6442
f 4376//6443 4329//6443 4327//6443
f 4376//6444 4327//6444 4377//6444
f 4377//6444 4327//6444 4325//6444
f 4377//6445 4325//6445 4378//6445
f 4378//6445 4325//6445 4323//6445
f 4378//6446 4323//6446 4379//6446
f 4379//6447 4323//6447 4321//6447
f 4379//6448 4321//6448 4380//6448
f 4380//6449 4321//6449 4319//6449
f 4380//6450 4319//6450 261//6450
f 261//6450 4319//6450 262//6450
f 261//6451 288//6451 4380//6451
f 4380//6451 288//6451 4237//6451
f 4380//6452 4237//6452 4379//6452
f 4379//6452 4237//6452 4238//6452
f 4379//6453 4238//6453 4378//6453
f 4378//6454 4238//6454 4239//6454
f 4378//6455 4239//6455 4377//6455
f 4377//6456 4239//6456 4240//6456
f 4377//6457 4240//6457 4376//6457
f 4376//6458 4240//6458 4241//6458
f 4376//6459 4241//6459 4375//6459
f 4375//6460 4241//6460 4242//6460
f 4375//6461 4242//6461 4374//6461
f 4374//6461 4242//6461 4243//6461
f 4374//6462 4243//6462 4373//6462
f 4373//6462 4243//6462 4244//6462
f 4373//6463 4244//6463 3145//6463
f 3145//6463 4244//6463 3144//6463
f 3108//1319 3102//1319 4381//1319
f 3108//1319 4381//1319 4340//1319
f 4340//1320 4381//1320 4382//1320
f 4340//1320 4382//1320 4339//1320
f 4339//1321 4382//1321 4383//1321
f 4339//1321 4383//1321 4338//1321
f 4338//1322 4383//1322 4384//1322
f 4338//1322 4384//1322 4337//1322
f 4337//1323 4384//1323 4385//1323
f 4337//1323 4385//1323 4336//1323
f 4336//1324 4385//1324 4386//1324
f 4336//1324 4386//1324 4335//1324
f 4335//1325 4386//1325 4387//1325
f 4335//1325 4387//1325 4334//1325
f 4334//1326 4387//1326 4388//1326
f 4334//1326 4388//1326 4333//1326
f 4333//1327 4388//1327 281//1327
f 4333//1327 281//1327 279//1327
f 3601//6464 3600//6464 4389//6464
f 4390//6465 4391//6465 4392//6465
f 3598//6466 3597//6466 4393//6466
f 4393//6467 3597//6467 4394//6467
f 4395//6468 4396//6468 4394//6468
f 4394//6469 4396//6469 4393//6469
f 4397//6470 4398//6470 4399//6470
f 4399//6471 4398//6471 4400//6471
f 4399//6472 4400//6472 4401//6472
f 4401//6473 4400//6473 4402//6473
f 4401//6474 4402//6474 4403//6474
f 4404//6475 4405//6475 4397//6475
f 4397//6476 4405//6476 4406//6476
f 4397//6477 4406//6477 4398//6477
f 4407//6478 4408//6478 4409//6478
f 4409//6479 4408//6479 4410//6479
f 4409//6480 4410//6480 4411//6480
f 4411//6481 4410//6481 4412//6481
f 4392//6482 4391//6482 4409//6482
f 4409//6483 4391//6483 4413//6483
f 4409//6484 4413//6484 4407//6484
f 4390//6485 4392//6485 4414//6485
f 4414//6486 4392//6486 4415//6486
f 4414//6487 4415//6487 4416//6487
f 3125//6488 2677//6488 2676//6488
f 3125//6489 2676//6489 4415//6489
f 4415//6490 2676//6490 2675//6490
f 4415//6491 2675//6491 4416//6491
f 3126//6492 3125//6492 4417//6492
f 4417//6493 3125//6493 4415//6493
f 4417//6494 4415//6494 4418//6494
f 4418//6495 4415//6495 4392//6495
f 4418//6496 4392//6496 4419//6496
f 4419//6497 4392//6497 4409//6497
f 4419//6498 4409//6498 4404//6498
f 4404//6499 4409//6499 4411//6499
f 4404//6500 4411//6500 4405//6500
f 4405//6501 4411//6501 4412//6501
f 3127//6502 3126//6502 4420//6502
f 4420//6503 3126//6503 4417//6503
f 4420//6504 4417//6504 4421//6504
f 4421//6505 4417//6505 4418//6505
f 4421//6506 4418//6506 4422//6506
f 4422//6507 4418//6507 4419//6507
f 4422//6508 4419//6508 4423//6508
f 4423//6509 4419//6509 4404//6509
f 4423//6510 4404//6510 4424//6510
f 4424//6511 4404//6511 4397//6511
f 4424//6512 4397//6512 4425//6512
f 4425//6513 4397//6513 4399//6513
f 4425//6514 4399//6514 4395//6514
f 4395//6515 4399//6515 4401//6515
f 4395//6516 4401//6516 4396//6516
f 4396//6517 4401//6517 4403//6517
f 3124//6518 3127//6518 4426//6518
f 4426//6519 3127//6519 4420//6519
f 4426//6520 4420//6520 4427//6520
f 4427//6521 4420//6521 4421//6521
f 4427//6522 4421//6522 4428//6522
f 4428//6523 4421//6523 4422//6523
f 4428//6524 4422//6524 4429//6524
f 4429//6525 4422//6525 4423//6525
f 4429//6526 4423//6526 4430//6526
f 4430//6527 4423//6527 4424//6527
f 4430//6528 4424//6528 4431//6528
f 4431//6529 4424//6529 4425//6529
f 4431//6530 4425//6530 4432//6530
f 4432//6531 4425//6531 4395//6531
f 4432//6532 4395//6532 4433//6532
f 4433//6533 4395//6533 4394//6533
f 4433//6534 4394//6534 3603//6534
f 3603//6535 4394//6535 3597//6535
f 3122//6536 3124//6536 4434//6536
f 4434//6537 3124//6537 4426//6537
f 4434//6538 4426//6538 4435//6538
f 4435//6539 4426//6539 4427//6539
f 4435//6540 4427//6540 4436//6540
f 4436//6541 4427//6541 4428//6541
f 4436//6542 4428//6542 4437//6542
f 4437//6543 4428//6543 4429//6543
f 4437//6544 4429//6544 4438//6544
f 4438//6545 4429//6545 4430//6545
f 4438//6546 4430//6546 4439//6546
f 4439//6547 4430//6547 4431//6547
f 4439//6548 4431//6548 4440//6548
f 4440//6549 4431//6549 4432//6549
f 4440//6550 4432//6550 4389//6550
f 4389//6551 4432//6551 4433//6551
f 4389//6552 4433//6552 3601//6552
f 3601//6553 4433//6553 3603//6553
f 3102//6554 3122//6554 4381//6554
f 4381//6555 3122//6555 4434//6555
f 4381//6556 4434//6556 4382//6556
f 4382//6557 4434//6557 4435//6557
f 4382//6558 4435//6558 4383//6558
f 4383//6559 4435//6559 4436//6559
f 4383//6560 4436//6560 4384//6560
f 4384//6561 4436//6561 4437//6561
f 4384//6562 4437//6562 4385//6562
f 4385//6563 4437//6563 4438//6563
f 4385//6564 4438//6564 4386//6564
f 4386//6565 4438//6565 4439//6565
f 4386//6566 4439//6566 4387//6566
f 4387//6567 4439//6567 4440//6567
f 4387//6568 4440//6568 4388//6568
f 4388//6569 4440//6569 4389//6569
f 4388//6570 4389//6570 281//6570
f 281//6571 4389//6571 3600//6571
f 4441//6572 4442//6572 4443//6572
f 4398//6573 4406//6573 4444//6573
f 4405//6574 4412//6574 4441//6574
f 4416//6575 2675//6575 2673//6575
f 4390//6576 4414//6576 4445//6576
f 4445//6577 4414//6577 4416//6577
f 4442//6578 4413//6578 4391//6578
f 4412//6579 4410//6579 4441//6579
f 4441//6580 4410//6580 4408//6580
f 4441//6581 4408//6581 4442//6581
f 4442//6582 4408//6582 4407//6582
f 4442//6583 4407//6583 4413//6583
f 4446//6584 4400//6584 4398//6584
f 4396//6585 4403//6585 4447//6585
f 4447//6586 4403//6586 4402//6586
f 4396//6587 4448//6587 4393//6587
f 4393//6588 4448//6588 3599//6588
f 4393//6589 3599//6589 3598//6589
f 4449//6590 4443//6590 4450//6590
f 4450//6591 4443//6591 4442//6591
f 4450//6592 4442//6592 4445//6592
f 4445//6593 4442//6593 4391//6593
f 4445//6594 4391//6594 4390//6594
f 4451//6595 4452//6595 4444//6595
f 4453//6596 3592//6596 4448//6596
f 4448//6597 3592//6597 3596//6597
f 4448//6598 3596//6598 3599//6598
f 4454//6599 4452//6599 4455//6599
f 4455//6600 4452//6600 4451//6600
f 4455//6601 4451//6601 4456//6601
f 4398//6602 4444//6602 4446//6602
f 4446//6603 4444//6603 4452//6603
f 4446//6604 4452//6604 4457//6604
f 4457//6605 4452//6605 4454//6605
f 4457//6606 4454//6606 4458//6606
f 4396//6607 4447//6607 4448//6607
f 4448//6608 4447//6608 4459//6608
f 4448//6609 4459//6609 4453//6609
f 4453//6610 4459//6610 4460//6610
f 4453//6611 4460//6611 4461//6611
f 3590//6612 3588//6612 4461//6612
f 4461//6613 3588//6613 3587//6613
f 4461//6614 3587//6614 4453//6614
f 4453//6615 3587//6615 3593//6615
f 4453//6616 3593//6616 3592//6616
f 4416//6617 2673//6617 4445//6617
f 4445//6618 2673//6618 2672//6618
f 4445//6619 2672//6619 4450//6619
f 4450//6620 2672//6620 2663//6620
f 4450//6621 2663//6621 4449//6621
f 4449//6622 2663//6622 2665//6622
f 4449//6623 2665//6623 4462//6623
f 4462//6624 4463//6624 4449//6624
f 4449//6625 4463//6625 4456//6625
f 4449//6626 4456//6626 4443//6626
f 4443//6627 4456//6627 4451//6627
f 4443//6628 4451//6628 4441//6628
f 4441//6629 4451//6629 4444//6629
f 4441//6630 4444//6630 4405//6630
f 4405//6631 4444//6631 4406//6631
f 4463//6632 4464//6632 4456//6632
f 4456//6633 4464//6633 4465//6633
f 4456//6634 4465//6634 4455//6634
f 4455//6635 4465//6635 4466//6635
f 4455//6636 4466//6636 4454//6636
f 4454//6637 4466//6637 4467//6637
f 4454//6638 4467//6638 4458//6638
f 4458//6639 4467//6639 4468//6639
f 4458//6640 4468//6640 4469//6640
f 4469//6641 4460//6641 4458//6641
f 4458//6642 4460//6642 4459//6642
f 4458//6643 4459//6643 4457//6643
f 4457//6644 4459//6644 4447//6644
f 4457//6645 4447//6645 4446//6645
f 4446//6646 4447//6646 4402//6646
f 4446//6647 4402//6647 4400//6647
f 2866//6648 3590//6648 4470//6648
f 4470//6649 3590//6649 4461//6649
f 4470//6650 4461//6650 4471//6650
f 4471//6651 4461//6651 4460//6651
f 4471//6652 4460//6652 4472//6652
f 4472//6653 4460//6653 4469//6653
f 4473//6654 2688//6654 4474//6654
f 4474//6655 2688//6655 2690//6655
f 4474//6656 2690//6656 2384//6656
f 4475//6657 4476//6657 4477//6657
f 4477//6658 4476//6658 4478//6658
f 4477//6659 4478//6659 4479//6659
f 4474//6660 4480//6660 4473//6660
f 4473//6661 4480//6661 4481//6661
f 4473//6662 4481//6662 4482//6662
f 2895//6663 2894//6663 4483//6663
f 4483//6664 2894//6664 2902//6664
f 4483//6665 2902//6665 4484//6665
f 4484//6666 2902//6666 2901//6666
f 4484//6667 2901//6667 2864//6667
f 4472//6668 4484//6668 4471//6668
f 4471//6669 4484//6669 2864//6669
f 4471//6670 2864//6670 4470//6670
f 4470//6671 2864//6671 2863//6671
f 4470//6672 2863//6672 2866//6672
f 4472//6673 4478//6673 4484//6673
f 4484//6674 4478//6674 4476//6674
f 4484//6675 4476//6675 4483//6675
f 4483//6676 4476//6676 4475//6676
f 4483//6677 4475//6677 2895//6677
f 2895//6678 4475//6678 2384//6678
f 4472//6679 4469//6679 4478//6679
f 4478//6680 4469//6680 4468//6680
f 4478//6681 4468//6681 4479//6681
f 4479//6682 4468//6682 4467//6682
f 4479//6683 4467//6683 4466//6683
f 4466//6684 4481//6684 4479//6684
f 4479//6685 4481//6685 4480//6685
f 4479//6686 4480//6686 4477//6686
f 4477//6687 4480//6687 4474//6687
f 4477//6688 4474//6688 4475//6688
f 4475//6689 4474//6689 2384//6689
f 2686//6690 2685//6690 4482//6690
f 4482//6691 2685//6691 2684//6691
f 4482//6692 2684//6692 4473//6692
f 4473//6693 2684//6693 2689//6693
f 4473//6694 2689//6694 2688//6694
f 4466//6695 4465//6695 4481//6695
f 4481//6696 4465//6696 4464//6696
f 4481//6697 4464//6697 4482//6697
f 4482//6698 4464//6698 4463//6698
f 4482//6699 4463//6699 4462//6699
f 2665//6700 2682//6700 4462//6700
f 4462//6701 2682//6701 2683//6701
f 4462//6702 2683//6702 4482//6702
f 4482//6703 2683//6703 2662//6703
f 4482//6704 2662//6704 2686//6704
f 3046//6705 3048//6705 3119//6705
f 3119//6705 3048//6705 3082//6705
f 3119//6706 3082//6706 3118//6706
f 3118//6706 3082//6706 3081//6706
f 3118//6707 3081//6707 3109//6707
f 3109//6707 3081//6707 3080//6707
f 3109//6708 3080//6708 3110//6708
f 3110//6709 3080//6709 3089//6709
f 3110//6710 3089//6710 3104//6710
f 3104//6710 3089//6710 3096//6710
f 3104//6711 3096//6711 3105//6711
f 3105//6712 3096//6712 3095//6712
f 3105//6713 3095//6713 3113//6713
f 3113//6713 3095//6713 3079//6713
f 3113//6714 3079//6714 3114//6714
f 3114//6714 3079//6714 3078//6714
f 3114//6715 3078//6715 3026//6715
f 3026//6715 3078//6715 3027//6715
f 3054//6716 3053//6716 3100//6716
f 3100//6716 3053//6716 3087//6716
f 3100//6717 3087//6717 3101//6717
f 3101//6717 3087//6717 3072//6717
f 3101//6718 3072//6718 3120//6718
f 3120//6718 3072//6718 3071//6718
f 3120//6719 3071//6719 3121//6719
f 3121//6720 3071//6720 3076//6720
f 3121//6721 3076//6721 3123//6721
f 3123//6721 3076//6721 3085//6721
f 3123//6722 3085//6722 3117//6722
f 3117//6723 3085//6723 3093//6723
f 3117//6724 3093//6724 3116//6724
f 3116//6724 3093//6724 3092//6724
f 3116//6725 3092//6725 3115//6725
f 3115//6725 3092//6725 3091//6725
f 3115//6726 3091//6726 3047//6726
f 3047//6726 3091//6726 3049//6726
f 4485//16 4486//16 270//16
f 270//16 4486//16 282//16
f 4487//10 4488//10 4489//10
f 4489//10 4488//10 272//10
f 4489//10 272//10 4490//10
f 4490//10 272//10 264//10
f 4490//10 264//10 4491//10
f 4491//10 264//10 4492//10
f 263//931 289//931 4493//931
f 4493//931 289//931 4494//931
f 4495//5 4496//5 4497//5
f 4497//5 4496//5 278//5
f 4497//5 278//5 4498//5
f 4498//5 278//5 280//5
f 4498//5 280//5 4499//5
f 4499//5 280//5 4500//5
f 4501//4 4491//4 4492//4
f 4502//4 4499//4 4500//4
f 4488//4 4487//4 4485//4
f 4485//4 4487//4 4503//4
f 4485//4 4503//4 4486//4
f 4496//4 4495//4 4494//4
f 4494//4 4495//4 4504//4
f 4500//4 4486//4 4502//4
f 4502//4 4486//4 4503//4
f 4502//4 4503//4 4504//4
f 4504//4 4503//4 4501//4
f 4504//4 4501//4 4494//4
f 4494//4 4501//4 4492//4
f 4494//4 4492//4 4493//4
f 4489//931 4505//931 4487//931
f 4487//931 4505//931 4503//931
f 4505//10 4506//10 4503//10
f 4503//10 4506//10 4501//10
f 4506//16 4490//16 4501//16
f 4501//16 4490//16 4491//16
f 4490//4 4506//4 4489//4
f 4489//4 4506//4 4505//4
f 4507//931 4498//931 4502//931
f 4502//931 4498//931 4499//931
f 4497//16 4508//16 4495//16
f 4495//16 4508//16 4504//16
f 4508//5 4507//5 4504//5
f 4504//5 4507//5 4502//5
f 4508//4 4497//4 4507//4
f 4507//4 4497//4 4498//4
f 270//6727 272//6727 4485//6727
f 4485//6727 272//6727 4488//6727
f 280//6728 282//6728 4500//6728
f 4500//6728 282//6728 4486//6728
f 264//6729 263//6729 4492//6729
f 4492//6729 263//6729 4493//6729
f 289//6730 278//6730 4494//6730
f 4494//6730 278//6730 4496//6730
f 182//6731 2916//6731 225//6731
f 225//6731 2916//6731 2968//6731
f 225//6732 2968//6732 227//6732
f 227//6732 2968//6732 2970//6732
f 227//6733 2970//6733 229//6733
f 229//6734 2970//6734 2972//6734
f 229//6735 2972//6735 245//6735
f 245//6735 2972//6735 2974//6735
f 245//6729 2974//6729 244//6729
f 244//6729 2974//6729 2975//6729
f 244//6736 2975//6736 242//6736
f 242//6736 2975//6736 2965//6736
f 242//6737 2965//6737 240//6737
f 240//6737 2965//6737 2963//6737
f 240//6738 2963//6738 238//6738
f 238//6738 2963//6738 2962//6738
f 238//6739 2962//6739 223//6739
f 223//6739 2962//6739 3024//6739
f 182//931 184//931 2916//931
f 2916//931 184//931 2911//931
f 194//6740 3016//6740 195//6740
f 195//6740 3016//6740 2948//6740
f 195//6741 2948//6741 232//6741
f 232//6741 2948//6741 2947//6741
f 232//6742 2947//6742 234//6742
f 234//6742 2947//6742 2946//6742
f 234//6743 2946//6743 235//6743
f 235//6744 2946//6744 2922//6744
f 235//6730 2922//6730 192//6730
f 192//6730 2922//6730 2920//6730
f 192//6745 2920//6745 190//6745
f 190//6745 2920//6745 2919//6745
f 190//6746 2919//6746 188//6746
f 188//6747 2919//6747 2941//6747
f 188//6748 2941//6748 186//6748
f 186//6748 2941//6748 2943//6748
f 186//6749 2943//6749 184//6749
f 184//6749 2943//6749 2911//6749
f 194//5 206//5 3016//5
f 3016//5 206//5 3017//5
f 208//6750 2912//6750 210//6750
f 210//6750 2912//6750 2925//6750
f 210//6751 2925//6751 212//6751
f 212//6751 2925//6751 2983//6751
f 212//6752 2983//6752 214//6752
f 214//6752 2983//6752 2981//6752
f 214//6753 2981//6753 215//6753
f 215//6753 2981//6753 2980//6753
f 215//6728 2980//6728 198//6728
f 198//6728 2980//6728 2979//6728
f 198//6754 2979//6754 200//6754
f 200//6755 2979//6755 2977//6755
f 200//6756 2977//6756 202//6756
f 202//6756 2977//6756 2976//6756
f 202//6757 2976//6757 204//6757
f 204//6757 2976//6757 3018//6757
f 204//6758 3018//6758 206//6758
f 206//6758 3018//6758 3017//6758
f 208//16 248//16 2912//16
f 2912//16 248//16 2913//16
f 177//6759 3023//6759 178//6759
f 178//6759 3023//6759 3022//6759
f 178//6760 3022//6760 217//6760
f 217//6760 3022//6760 2933//6760
f 217//6761 2933//6761 219//6761
f 219//6761 2933//6761 2932//6761
f 219//6762 2932//6762 257//6762
f 257//6762 2932//6762 2931//6762
f 257//6727 2931//6727 256//6727
f 256//6727 2931//6727 2907//6727
f 256//6763 2907//6763 254//6763
f 254//6763 2907//6763 2906//6763
f 254//6764 2906//6764 252//6764
f 252//6765 2906//6765 2928//6765
f 252//6766 2928//6766 250//6766
f 250//6766 2928//6766 3015//6766
f 250//6767 3015//6767 248//6767
f 248//6767 3015//6767 2913//6767
f 177//10 223//10 3023//10
f 3023//10 223//10 3024//10
f 4509//1 4510//1 4511//1
f 4512//1 4513//1 4514//1
f 4514//1 4513//1 4515//1
f 4514//1 4515//1 4516//1
f 4517//1 4518//1 4519//1
f 4520//1 4521//1 4522//1
f 4523//1 4524//1 4525//1
f 4516//1 4526//1 4514//1
f 4514//1 4526//1 4527//1
f 4514//1 4527//1 4528//1
f 4522//1 4529//1 4520//1
f 4520//1 4529//1 4530//1
f 4520//1 4530//1 4531//1
f 4531//1 4530//1 4532//1
f 4524//1 4533//1 4525//1
f 4525//1 4533//1 4534//1
f 4525//1 4534//1 4535//1
f 4535//1 4536//1 4525//1
f 4525//1 4536//1 4537//1
f 4525//1 4537//1 4514//1
f 4514//1 4537//1 4538//1
f 4514//1 4538//1 4512//1
f 4528//1 4539//1 4514//1
f 4514//1 4539//1 4540//1
f 4514//1 4540//1 4519//1
f 4519//1 4540//1 4541//1
f 4519//1 4541//1 4542//1
f 4542//1 4543//1 4519//1
f 4519//1 4543//1 4544//1
f 4519//1 4544//1 4517//1
f 4545//1 4546//1 4547//1
f 4547//1 4546//1 4548//1
f 4547//1 4548//1 4549//1
f 4547//1 4530//1 4550//1
f 4520//1 4551//1 4521//1
f 4521//1 4551//1 4552//1
f 4521//1 4552//1 4553//1
f 4553//1 4552//1 4554//1
f 4553//1 4554//1 4555//1
f 4555//1 4554//1 4556//1
f 4555//1 4556//1 4518//1
f 4518//1 4556//1 4557//1
f 4509//1 4511//1 4547//1
f 4547//1 4511//1 4558//1
f 4547//1 4558//1 4545//1
f 4549//1 4559//1 4547//1
f 4547//1 4559//1 4560//1
f 4547//1 4560//1 4561//1
f 4550//1 4562//1 4547//1
f 4547//1 4562//1 4563//1
f 4547//1 4563//1 4525//1
f 4525//1 4563//1 4564//1
f 4525//1 4564//1 4565//1
f 4557//1 4566//1 4518//1
f 4518//1 4566//1 4567//1
f 4518//1 4567//1 4568//1
f 4568//1 4569//1 4518//1
f 4518//1 4569//1 4570//1
f 4518//1 4570//1 4519//1
f 4519//1 4570//1 4571//1
f 4519//1 4571//1 4572//1
f 4565//1 4573//1 4525//1
f 4525//1 4573//1 4574//1
f 4525//1 4574//1 4523//1
f 4561//1 4575//1 4547//1
f 4547//1 4575//1 4576//1
f 4547//1 4576//1 4530//1
f 4530//1 4576//1 4577//1
f 4530//1 4577//1 4532//1
f 4578//1 4579//1 4580//1
f 4580//1 4579//1 4581//1
f 4580//1 4581//1 4582//1
f 4582//1 4581//1 4519//1
f 4582//1 4519//1 4583//1
f 4583//1 4519//1 4572//1
f 4584//1 4585//1 4586//1
f 4586//1 4585//1 4587//1
f 4586//1 4587//1 4578//1
f 4578//1 4587//1 4588//1
f 4578//1 4588//1 4579//1
f 4584//1 4586//1 4589//1
f 4589//1 4586//1 4590//1
f 4589//1 4590//1 4591//1
f 4591//1 4590//1 4592//1
f 4592//1 4590//1 4593//1
f 4592//1 4593//1 4509//1
f 4509//1 4593//1 4594//1
f 4509//1 4594//1 4510//1
f 4595//1 4596//1 4597//1
f 4597//1 4596//1 4547//1
f 4597//1 4547//1 4598//1
f 4598//1 4547//1 4525//1
f 4598//1 4525//1 4599//1
f 4599//1 4525//1 4600//1
f 4599//1 4600//1 4595//1
f 4595//1 4600//1 4601//1
f 4595//1 4601//1 4602//1
f 4603//1 4604//1 4595//1
f 4595//1 4604//1 4605//1
f 4595//1 4605//1 4596//1
f 4602//1 4606//1 4595//1
f 4595//1 4606//1 4607//1
f 4595//1 4607//1 4608//1
f 4608//1 4609//1 4595//1
f 4595//1 4609//1 4610//1
f 4595//1 4610//1 4603//1
f 4611//1 4612//1 4613//1
f 4613//1 4612//1 4614//1
f 4613//1 4614//1 4525//1
f 4525//1 4614//1 4615//1
f 4525//1 4615//1 4600//1
f 4600//1 4615//1 4616//1
f 4600//1 4616//1 4617//1
f 4617//1 4616//1 4612//1
f 4617//1 4612//1 4618//1
f 4611//1 4619//1 4612//1
f 4612//1 4619//1 4620//1
f 4612//1 4620//1 4621//1
f 4621//1 4622//1 4612//1
f 4612//1 4622//1 4623//1
f 4612//1 4623//1 4624//1
f 4624//1 4625//1 4612//1
f 4612//1 4625//1 4626//1
f 4612//1 4626//1 4618//1
f 4627//1 4628//1 4514//1
f 4628//1 4629//1 4514//1
f 4514//1 4629//1 4630//1
f 4514//1 4630//1 4525//1
f 4630//1 4631//1 4525//1
f 4525//1 4631//1 4632//1
f 4525//1 4632//1 4633//1
f 4634//1 4635//1 4636//1
f 4636//1 4635//1 4637//1
f 4638//1 4639//1 4640//1
f 4640//1 4639//1 4641//1
f 4640//1 4641//1 4642//1
f 4642//1 4641//1 4643//1
f 4642//1 4643//1 4644//1
f 4637//1 4645//1 4636//1
f 4636//1 4645//1 4646//1
f 4636//1 4646//1 4514//1
f 4514//1 4646//1 4647//1
f 4514//1 4647//1 4648//1
f 4648//1 4649//1 4514//1
f 4514//1 4649//1 4650//1
f 4514//1 4650//1 4627//1
f 4613//1 4651//1 4652//1
f 4652//1 4653//1 4613//1
f 4613//1 4653//1 4654//1
f 4613//1 4654//1 4640//1
f 4640//1 4654//1 4655//1
f 4640//1 4655//1 4638//1
f 4633//1 4656//1 4525//1
f 4525//1 4656//1 4657//1
f 4525//1 4657//1 4658//1
f 4644//1 4643//1 4659//1
f 4659//1 4643//1 4660//1
f 4659//1 4660//1 4661//1
f 4636//1 4662//1 4634//1
f 4634//1 4662//1 4663//1
f 4634//1 4663//1 4664//1
f 4665//1 4666//1 4613//1
f 4613//1 4666//1 4667//1
f 4613//1 4667//1 4651//1
f 4663//1 4668//1 4664//1
f 4664//1 4668//1 4669//1
f 4664//1 4669//1 4660//1
f 4660//1 4669//1 4670//1
f 4660//1 4670//1 4661//1
f 4658//1 4671//1 4525//1
f 4525//1 4671//1 4672//1
f 4525//1 4672//1 4613//1
f 4613//1 4672//1 4673//1
f 4613//1 4673//1 4665//1
f 4636//6768 222//6768 221//6768
f 4636//6769 221//6769 4662//6769
f 4662//6770 221//6770 179//6770
f 4662//6770 179//6770 4663//6770
f 4663//6771 179//6771 216//6771
f 4663//6771 216//6771 4668//6771
f 4668//6772 216//6772 218//6772
f 4668//6772 218//6772 4669//6772
f 4669//6773 218//6773 220//6773
f 4669//6774 220//6774 4670//6774
f 4670//6775 220//6775 255//6775
f 4670//6776 255//6776 4661//6776
f 4661//6777 255//6777 253//6777
f 4661//6778 253//6778 4659//6778
f 4659//6779 253//6779 251//6779
f 4659//6779 251//6779 4644//6779
f 4644//6780 251//6780 249//6780
f 4644//6780 249//6780 4642//6780
f 4642//6781 249//6781 247//6781
f 4642//6781 247//6781 4640//6781
f 4640//931 247//931 4613//931
f 4613//931 247//931 246//931
f 4613//931 246//931 4611//931
f 4611//6782 246//6782 207//6782
f 4611//6782 207//6782 4619//6782
f 4619//6783 207//6783 209//6783
f 4619//6783 209//6783 4620//6783
f 4620//6784 209//6784 211//6784
f 4620//6784 211//6784 4621//6784
f 4621//6785 211//6785 213//6785
f 4621//6786 213//6786 4622//6786
f 4622//6787 213//6787 197//6787
f 4622//6788 197//6788 4623//6788
f 4623//6789 197//6789 199//6789
f 4623//6790 199//6790 4624//6790
f 4624//6791 199//6791 201//6791
f 4624//6791 201//6791 4625//6791
f 4625//6792 201//6792 203//6792
f 4625//6792 203//6792 4626//6792
f 4626//6793 203//6793 205//6793
f 4626//6794 205//6794 4618//6794
f 4618//6795 205//6795 260//6795
f 4618//6795 260//6795 4617//6795
f 4617//10 260//10 4600//10
f 4600//10 260//10 259//10
f 4600//10 259//10 4601//10
f 4601//6796 259//6796 258//6796
f 4601//6796 258//6796 4602//6796
f 4602//6797 258//6797 196//6797
f 4602//6798 196//6798 4606//6798
f 4606//6799 196//6799 231//6799
f 4606//6799 231//6799 4607//6799
f 4607//6800 231//6800 233//6800
f 4607//6800 233//6800 4608//6800
f 4608//6801 233//6801 193//6801
f 4608//6802 193//6802 4609//6802
f 4609//6803 193//6803 191//6803
f 4609//6804 191//6804 4610//6804
f 4610//6805 191//6805 189//6805
f 4610//6806 189//6806 4603//6806
f 4603//6807 189//6807 187//6807
f 4603//6807 187//6807 4604//6807
f 4604//6808 187//6808 185//6808
f 4604//6809 185//6809 4605//6809
f 4605//6810 185//6810 183//6810
f 4605//6810 183//6810 4596//6810
f 4596//16 183//16 4547//16
f 4547//16 183//16 181//16
f 4547//16 181//16 4509//16
f 4509//6811 181//6811 180//6811
f 4509//6811 180//6811 4592//6811
f 4592//6812 180//6812 224//6812
f 4592//6813 224//6813 4591//6813
f 4591//6814 224//6814 226//6814
f 4591//6814 226//6814 4589//6814
f 4589//6815 226//6815 228//6815
f 4589//6816 228//6816 4584//6816
f 4584//6817 228//6817 230//6817
f 4584//6818 230//6818 4585//6818
f 4585//6819 230//6819 243//6819
f 4585//6820 243//6820 4587//6820
f 4587//6821 243//6821 241//6821
f 4587//6821 241//6821 4588//6821
f 4588//6822 241//6822 239//6822
f 4588//6822 239//6822 4579//6822
f 4579//6823 239//6823 237//6823
f 4579//6823 237//6823 4581//6823
f 4581//6824 237//6824 236//6824
f 4581//6825 236//6825 4519//6825
f 4519//5 236//5 4514//5
f 4514//5 236//5 222//5
f 4514//5 222//5 4636//5
f 173//16 172//16 4614//16
f 4612//16 176//16 175//16
f 4612//16 175//16 4614//16
f 4614//6826 175//6826 174//6826
f 4614//16 174//16 173//16
f 160//5 158//5 4616//5
f 4616//5 158//5 163//5
f 4616//5 163//5 4612//5
f 4612//5 163//5 164//5
f 164//5 165//5 4612//5
f 4612//5 165//5 169//5
f 4612//5 169//5 176//5
f 139//931 137//931 4615//931
f 4615//931 137//931 135//931
f 4615//931 135//931 4616//931
f 4616//6827 135//6827 156//6827
f 4616//931 156//931 160//931
f 146//10 139//10 4615//10
f 4614//10 172//10 153//10
f 153//10 141//10 4614//10
f 4614//10 141//10 143//10
f 4614//10 143//10 4615//10
f 4615//10 143//10 145//10
f 4615//10 145//10 146//10
f 88//16 87//16 4598//16
f 4599//16 91//16 90//16
f 4599//16 90//16 4598//16
f 4598//16 90//16 89//16
f 4598//16 89//16 88//16
f 79//5 4599//5 78//5
f 78//5 4599//5 4595//5
f 78//5 4595//5 72//5
f 72//5 4595//5 73//5
f 79//5 80//5 4599//5
f 4599//5 80//5 84//5
f 4599//5 84//5 91//5
f 55//931 53//931 4597//931
f 4597//931 53//931 12//931
f 4597//931 12//931 4595//931
f 4595//6828 12//6828 13//6828
f 4595//931 13//931 73//931
f 87//10 69//10 4598//10
f 4598//10 69//10 57//10
f 57//10 59//10 4598//10
f 4598//10 59//10 61//10
f 4598//10 61//10 4597//10
f 4597//10 61//10 62//10
f 4597//10 62//10 55//10
f 4674//1 4675//1 4676//1
f 4676//1 4675//1 4677//1
f 4676//1 4677//1 4678//1
f 4679//1 4680//1 4676//1
f 4676//1 4680//1 4681//1
f 4676//1 4681//1 4674//1
f 4682//1 4683//1 4676//1
f 4676//1 4683//1 4684//1
f 4676//1 4684//1 4679//1
f 4685//1 4686//1 4676//1
f 4676//1 4686//1 4687//1
f 4676//1 4687//1 4682//1
f 4688//1 4689//1 4676//1
f 4676//1 4689//1 4690//1
f 4676//1 4690//1 4685//1
f 4691//1 4692//1 4676//1
f 4676//1 4692//1 4693//1
f 4676//1 4693//1 4688//1
f 4694//1 4695//1 4676//1
f 4676//1 4695//1 4696//1
f 4676//1 4696//1 4691//1
f 4697//1 4698//1 4676//1
f 4676//1 4698//1 4699//1
f 4676//1 4699//1 4694//1
f 4700//1 4701//1 4676//1
f 4676//1 4701//1 4702//1
f 4676//1 4702//1 4697//1
f 4703//1 4704//1 4676//1
f 4676//1 4704//1 4705//1
f 4676//1 4705//1 4700//1
f 4706//1 4707//1 4676//1
f 4676//1 4707//1 4708//1
f 4676//1 4708//1 4703//1
f 4678//1 4709//1 4676//1
f 4676//1 4709//1 4710//1
f 4676//1 4710//1 4706//1
f 4711//1 4712//1 4713//1
f 4713//1 4712//1 4714//1
f 4713//1 4714//1 4715//1
f 4716//1 4717//1 4713//1
f 4713//1 4717//1 4718//1
f 4713//1 4718//1 4711//1
f 4719//1 4720//1 4713//1
f 4713//1 4720//1 4721//1
f 4713//1 4721//1 4716//1
f 4722//1 4723//1 4713//1
f 4713//1 4723//1 4724//1
f 4713//1 4724//1 4719//1
f 4725//1 4726//1 4713//1
f 4713//1 4726//1 4727//1
f 4713//1 4727//1 4722//1
f 4728//1 4729//1 4713//1
f 4713//1 4729//1 4730//1
f 4713//1 4730//1 4725//1
f 4731//1 4732//1 4713//1
f 4713//1 4732//1 4733//1
f 4713//1 4733//1 4728//1
f 4734//1 4735//1 4713//1
f 4713//1 4735//1 4736//1
f 4713//1 4736//1 4731//1
f 4737//1 4738//1 4713//1
f 4713//1 4738//1 4739//1
f 4713//1 4739//1 4734//1
f 4740//1 4741//1 4713//1
f 4713//1 4741//1 4742//1
f 4713//1 4742//1 4737//1
f 4743//1 4744//1 4713//1
f 4713//1 4744//1 4745//1
f 4713//1 4745//1 4740//1
f 4715//1 4746//1 4713//1
f 4713//1 4746//1 4747//1
f 4713//1 4747//1 4743//1
f 4748//1 4749//1 4750//1
f 4750//1 4749//1 4751//1
f 4750//1 4751//1 4752//1
f 4753//1 4754//1 4750//1
f 4750//1 4754//1 4755//1
f 4750//1 4755//1 4748//1
f 4756//1 4757//1 4750//1
f 4750//1 4757//1 4758//1
f 4750//1 4758//1 4753//1
f 4759//1 4760//1 4750//1
f 4750//1 4760//1 4761//1
f 4750//1 4761//1 4756//1
f 4762//1 4763//1 4750//1
f 4750//1 4763//1 4764//1
f 4750//1 4764//1 4759//1
f 4765//1 4766//1 4750//1
f 4750//1 4766//1 4767//1
f 4750//1 4767//1 4762//1
f 4768//1 4769//1 4750//1
f 4750//1 4769//1 4770//1
f 4750//1 4770//1 4765//1
f 4771//1 4772//1 4750//1
f 4750//1 4772//1 4773//1
f 4750//1 4773//1 4768//1
f 4774//1 4775//1 4750//1
f 4750//1 4775//1 4776//1
f 4750//1 4776//1 4771//1
f 4777//1 4778//1 4750//1
f 4750//1 4778//1 4779//1
f 4750//1 4779//1 4774//1
f 4780//1 4781//1 4750//1
f 4750//1 4781//1 4782//1
f 4750//1 4782//1 4777//1
f 4752//1 4783//1 4750//1
f 4750//1 4783//1 4784//1
f 4750//1 4784//1 4780//1
f 4785//6829 4786//6829 4787//6829
f 4787//6830 4786//6830 4788//6830
f 4787//6830 4788//6830 4789//6830
f 4789//6831 4788//6831 4790//6831
f 4789//6832 4790//6832 4791//6832
f 4791//6833 4790//6833 4792//6833
f 4791//6834 4792//6834 4793//6834
f 4793//6835 4792//6835 4794//6835
f 4793//6836 4794//6836 4795//6836
f 4795//6837 4794//6837 4796//6837
f 4795//6838 4796//6838 4797//6838
f 4797//6839 4796//6839 4798//6839
f 4797//6840 4798//6840 4799//6840
f 4799//6841 4798//6841 4800//6841
f 4799//6842 4800//6842 4801//6842
f 4801//6843 4800//6843 4802//6843
f 4801//6843 4802//6843 4803//6843
f 4803//6844 4802//6844 4804//6844
f 4803//6844 4804//6844 4805//6844
f 4805//6845 4804//6845 4806//6845
f 4805//6846 4806//6846 4807//6846
f 4807//6847 4806//6847 4808//6847
f 4807//6848 4808//6848 4809//6848
f 4809//6849 4808//6849 4810//6849
f 4809//6850 4810//6850 4811//6850
f 4811//6851 4810//6851 4812//6851
f 4811//6852 4812//6852 4813//6852
f 4813//6853 4812//6853 4814//6853
f 4813//6854 4814//6854 4815//6854
f 4815//6855 4814//6855 4816//6855
f 4815//6856 4816//6856 4817//6856
f 4817//6857 4816//6857 4818//6857
f 4817//6858 4818//6858 4819//6858
f 4819//6859 4818//6859 4820//6859
f 4819//6859 4820//6859 4821//6859
f 4821//6860 4820//6860 4822//6860
f 4821//6860 4822//6860 4823//6860
f 4823//6861 4822//6861 4824//6861
f 4823//6862 4824//6862 4825//6862
f 4825//6863 4824//6863 4826//6863
f 4825//6864 4826//6864 4827//6864
f 4827//6865 4826//6865 4828//6865
f 4827//6866 4828//6866 4829//6866
f 4829//6867 4828//6867 4830//6867
f 4829//6868 4830//6868 4831//6868
f 4831//6869 4830//6869 4832//6869
f 4831//6869 4832//6869 4833//6869
f 4833//6870 4832//6870 4834//6870
f 4833//6871 4834//6871 4835//6871
f 4835//6872 4834//6872 4836//6872
f 4835//6873 4836//6873 4837//6873
f 4837//6874 4836//6874 4838//6874
f 4837//6874 4838//6874 4839//6874
f 4839//6875 4838//6875 4840//6875
f 4839//6876 4840//6876 4841//6876
f 4841//6877 4840//6877 4842//6877
f 4841//6878 4842//6878 4843//6878
f 4843//6879 4842//6879 4844//6879
f 4843//6880 4844//6880 4845//6880
f 4845//6881 4844//6881 4846//6881
f 4845//6882 4846//6882 4847//6882
f 4847//6883 4846//6883 4848//6883
f 4847//6884 4848//6884 4849//6884
f 4849//6885 4848//6885 4850//6885
f 4849//6885 4850//6885 4851//6885
f 4851//6886 4850//6886 4852//6886
f 4851//6887 4852//6887 4853//6887
f 4853//6888 4852//6888 4854//6888
f 4853//6888 4854//6888 4855//6888
f 4855//6889 4854//6889 4856//6889
f 4855//6889 4856//6889 4785//6889
f 4785//6890 4856//6890 4786//6890
f 4857//6829 4858//6829 4859//6829
f 4859//6830 4858//6830 4860//6830
f 4859//6830 4860//6830 4861//6830
f 4861//6831 4860//6831 4862//6831
f 4861//6832 4862//6832 4863//6832
f 4863//6834 4862//6834 4864//6834
f 4863//6834 4864//6834 4865//6834
f 4865//6836 4864//6836 4866//6836
f 4865//6836 4866//6836 4867//6836
f 4867//6891 4866//6891 4868//6891
f 4867//6838 4868//6838 4869//6838
f 4869//6839 4868//6839 4870//6839
f 4869//6840 4870//6840 4871//6840
f 4871//6841 4870//6841 4872//6841
f 4871//6842 4872//6842 4873//6842
f 4873//6843 4872//6843 4874//6843
f 4873//6843 4874//6843 4875//6843
f 4875//6844 4874//6844 4876//6844
f 4875//6844 4876//6844 4877//6844
f 4877//6845 4876//6845 4878//6845
f 4877//6846 4878//6846 4879//6846
f 4879//6892 4878//6892 4880//6892
f 4879//6893 4880//6893 4881//6893
f 4881//6849 4880//6849 4882//6849
f 4881//6850 4882//6850 4883//6850
f 4883//6851 4882//6851 4884//6851
f 4883//6852 4884//6852 4885//6852
f 4885//6853 4884//6853 4886//6853
f 4885//6854 4886//6854 4887//6854
f 4887//6855 4886//6855 4888//6855
f 4887//6856 4888//6856 4889//6856
f 4889//6857 4888//6857 4890//6857
f 4889//6858 4890//6858 4891//6858
f 4891//6859 4890//6859 4892//6859
f 4891//6859 4892//6859 4893//6859
f 4893//6860 4892//6860 4894//6860
f 4893//6860 4894//6860 4895//6860
f 4895//6861 4894//6861 4896//6861
f 4895//6862 4896//6862 4897//6862
f 4897//6863 4896//6863 4898//6863
f 4897//6864 4898//6864 4899//6864
f 4899//6865 4898//6865 4900//6865
f 4899//6866 4900//6866 4901//6866
f 4901//6867 4900//6867 4902//6867
f 4901//6868 4902//6868 4903//6868
f 4903//6869 4902//6869 4904//6869
f 4903//6869 4904//6869 4905//6869
f 4905//6870 4904//6870 4906//6870
f 4905//6871 4906//6871 4907//6871
f 4907//6872 4906//6872 4908//6872
f 4907//6873 4908//6873 4909//6873
f 4909//6874 4908//6874 4910//6874
f 4909//6894 4910//6894 4911//6894
f 4911//6875 4910//6875 4912//6875
f 4911//6876 4912//6876 4913//6876
f 4913//6877 4912//6877 4914//6877
f 4913//6878 4914//6878 4915//6878
f 4915//6879 4914//6879 4916//6879
f 4915//6880 4916//6880 4917//6880
f 4917//6882 4916//6882 4918//6882
f 4917//6882 4918//6882 4919//6882
f 4919//6895 4918//6895 4920//6895
f 4919//6884 4920//6884 4921//6884
f 4921//6885 4920//6885 4922//6885
f 4921//6885 4922//6885 4923//6885
f 4923//6886 4922//6886 4924//6886
f 4923//6887 4924//6887 4925//6887
f 4925//6896 4924//6896 4926//6896
f 4925//6897 4926//6897 4927//6897
f 4927//6889 4926//6889 4928//6889
f 4927//6889 4928//6889 4857//6889
f 4857//6898 4928//6898 4858//6898
f 4929//6829 4930//6829 4931//6829
f 4931//6830 4930//6830 4932//6830
f 4931//6830 4932//6830 4933//6830
f 4933//6831 4932//6831 4934//6831
f 4933//6832 4934//6832 4935//6832
f 4935//6833 4934//6833 4936//6833
f 4935//6834 4936//6834 4937//6834
f 4937//6836 4936//6836 4938//6836
f 4937//6899 4938//6899 4939//6899
f 4939//6891 4938//6891 4940//6891
f 4939//6900 4940//6900 4941//6900
f 4941//6839 4940//6839 4942//6839
f 4941//6840 4942//6840 4943//6840
f 4943//6841 4942//6841 4944//6841
f 4943//6842 4944//6842 4945//6842
f 4945//6843 4944//6843 4946//6843
f 4945//6843 4946//6843 4947//6843
f 4947//6844 4946//6844 4948//6844
f 4947//6844 4948//6844 4949//6844
f 4949//6845 4948//6845 4950//6845
f 4949//6846 4950//6846 4951//6846
f 4951//6892 4950//6892 4952//6892
f 4951//6893 4952//6893 4953//6893
f 4953//6849 4952//6849 4954//6849
f 4953//6850 4954//6850 4955//6850
f 4955//6851 4954//6851 4956//6851
f 4955//6852 4956//6852 4957//6852
f 4957//6853 4956//6853 4958//6853
f 4957//6901 4958//6901 4959//6901
f 4959//6856 4958//6856 4960//6856
f 4959//6856 4960//6856 4961//6856
f 4961//6858 4960//6858 4962//6858
f 4961//6858 4962//6858 4963//6858
f 4963//6859 4962//6859 4964//6859
f 4963//6859 4964//6859 4965//6859
f 4965//6860 4964//6860 4966//6860
f 4965//6860 4966//6860 4967//6860
f 4967//6902 4966//6902 4968//6902
f 4967//6861 4968//6861 4969//6861
f 4969//6863 4968//6863 4970//6863
f 4969//6864 4970//6864 4971//6864
f 4971//6903 4970//6903 4972//6903
f 4971//6866 4972//6866 4973//6866
f 4973//6867 4972//6867 4974//6867
f 4973//6868 4974//6868 4975//6868
f 4975//6869 4974//6869 4976//6869
f 4975//6869 4976//6869 4977//6869
f 4977//6870 4976//6870 4978//6870
f 4977//6871 4978//6871 4979//6871
f 4979//6872 4978//6872 4980//6872
f 4979//6873 4980//6873 4981//6873
f 4981//6874 4980//6874 4982//6874
f 4981//6874 4982//6874 4983//6874
f 4983//6875 4982//6875 4984//6875
f 4983//6875 4984//6875 4985//6875
f 4985//6877 4984//6877 4986//6877
f 4985//6878 4986//6878 4987//6878
f 4987//6879 4986//6879 4988//6879
f 4987//6880 4988//6880 4989//6880
f 4989//6882 4988//6882 4990//6882
f 4989//6882 4990//6882 4991//6882
f 4991//6895 4990//6895 4992//6895
f 4991//6904 4992//6904 4993//6904
f 4993//6885 4992//6885 4994//6885
f 4993//6885 4994//6885 4995//6885
f 4995//6886 4994//6886 4996//6886
f 4995//6887 4996//6887 4997//6887
f 4997//6896 4996//6896 4998//6896
f 4997//6888 4998//6888 4999//6888
f 4999//6889 4998//6889 5000//6889
f 4999//6889 5000//6889 4929//6889
f 4929//6898 5000//6898 4930//6898
f 4891//6905 5001//6905 4889//6905
f 4889//6906 5001//6906 5002//6906
f 4889//6907 5002//6907 4887//6907
f 4887//6908 5002//6908 5003//6908
f 4887//6909 5003//6909 4885//6909
f 4885//6910 5003//6910 5004//6910
f 4885//6911 5004//6911 4883//6911
f 4883//6912 5004//6912 5005//6912
f 4883//6913 5005//6913 4881//6913
f 4881//6914 5005//6914 5006//6914
f 4881//6915 5006//6915 4879//6915
f 4879//6916 5006//6916 5007//6916
f 4879//6917 5007//6917 4877//6917
f 4877//6918 5007//6918 5008//6918
f 4877//6919 5008//6919 4875//6919
f 4875//6920 5008//6920 5009//6920
f 4875//6921 5009//6921 4873//6921
f 4873//6922 5009//6922 5010//6922
f 4873//6923 5010//6923 4871//6923
f 4871//6924 5010//6924 5011//6924
f 4871//6925 5011//6925 4869//6925
f 4869//6926 5011//6926 5012//6926
f 4869//6927 5012//6927 4867//6927
f 4867//6928 5012//6928 5013//6928
f 4867//6929 5013//6929 4865//6929
f 4865//6930 5013//6930 5014//6930
f 4865//6931 5014//6931 4863//6931
f 4863//6932 5014//6932 5015//6932
f 4863//6933 5015//6933 4861//6933
f 4861//6934 5015//6934 5016//6934
f 4861//6935 5016//6935 4859//6935
f 4859//6935 5016//6935 5017//6935
f 4859//6936 5017//6936 4857//6936
f 4857//6937 5017//6937 5018//6937
f 4857//6938 5018//6938 4927//6938
f 4927//6939 5018//6939 5019//6939
f 4927//6940 5019//6940 4925//6940
f 4925//6941 5019//6941 5020//6941
f 4925//6942 5020//6942 4923//6942
f 4923//6943 5020//6943 5021//6943
f 4923//6944 5021//6944 4921//6944
f 4921//6945 5021//6945 5022//6945
f 4921//6946 5022//6946 4919//6946
f 4919//6947 5022//6947 5023//6947
f 4919//6948 5023//6948 4917//6948
f 4917//6949 5023//6949 5024//6949
f 4917//6950 5024//6950 4915//6950
f 4915//6951 5024//6951 5025//6951
f 4915//6952 5025//6952 4913//6952
f 4913//6953 5025//6953 5026//6953
f 4913//6954 5026//6954 4911//6954
f 4911//6954 5026//6954 5027//6954
f 4911//6955 5027//6955 4909//6955
f 4909//6955 5027//6955 5028//6955
f 4909//6956 5028//6956 4907//6956
f 4907//6957 5028//6957 5029//6957
f 4907//6958 5029//6958 4905//6958
f 4905//6959 5029//6959 5030//6959
f 4905//6960 5030//6960 4903//6960
f 4903//6961 5030//6961 5031//6961
f 4903//6962 5031//6962 4901//6962
f 4901//6963 5031//6963 5032//6963
f 4901//6964 5032//6964 4899//6964
f 4899//6965 5032//6965 5033//6965
f 4899//6966 5033//6966 4897//6966
f 4897//6967 5033//6967 5034//6967
f 4897//6968 5034//6968 4895//6968
f 4895//6969 5034//6969 5035//6969
f 4895//6970 5035//6970 4893//6970
f 4893//6971 5035//6971 5036//6971
f 4893//6972 5036//6972 4891//6972
f 4891//6973 5036//6973 5001//6973
f 5001//6974 5037//6974 5002//6974
f 5002//6975 5037//6975 5038//6975
f 5002//6976 5038//6976 5003//6976
f 5003//6977 5038//6977 5039//6977
f 5003//6978 5039//6978 5004//6978
f 5004//6979 5039//6979 5040//6979
f 5004//6980 5040//6980 5005//6980
f 5005//6981 5040//6981 5041//6981
f 5005//6982 5041//6982 5006//6982
f 5006//6983 5041//6983 5042//6983
f 5006//6984 5042//6984 5007//6984
f 5007//6985 5042//6985 5043//6985
f 5007//6986 5043//6986 5008//6986
f 5008//6987 5043//6987 5044//6987
f 5008//6988 5044//6988 5009//6988
f 5009//6989 5044//6989 5045//6989
f 5009//6990 5045//6990 5010//6990
f 5010//6991 5045//6991 5046//6991
f 5010//6992 5046//6992 5011//6992
f 5011//6993 5046//6993 5047//6993
f 5011//6994 5047//6994 5012//6994
f 5012//6995 5047//6995 5048//6995
f 5012//6996 5048//6996 5013//6996
f 5013//6997 5048//6997 5049//6997
f 5013//6998 5049//6998 5014//6998
f 5014//6999 5049//6999 5050//6999
f 5014//7000 5050//7000 5015//7000
f 5015//7001 5050//7001 5051//7001
f 5015//7002 5051//7002 5016//7002
f 5016//7003 5051//7003 5052//7003
f 5016//7004 5052//7004 5017//7004
f 5017//7005 5052//7005 5053//7005
f 5017//7006 5053//7006 5018//7006
f 5018//7007 5053//7007 5054//7007
f 5018//7008 5054//7008 5019//7008
f 5019//7009 5054//7009 5055//7009
f 5019//7010 5055//7010 5020//7010
f 5020//7011 5055//7011 5056//7011
f 5020//7012 5056//7012 5021//7012
f 5021//7013 5056//7013 5057//7013
f 5021//7014 5057//7014 5022//7014
f 5022//7015 5057//7015 5058//7015
f 5022//7016 5058//7016 5023//7016
f 5023//7017 5058//7017 5059//7017
f 5023//7018 5059//7018 5024//7018
f 5024//7019 5059//7019 5060//7019
f 5024//7020 5060//7020 5025//7020
f 5025//7021 5060//7021 5061//7021
f 5025//7022 5061//7022 5026//7022
f 5026//7023 5061//7023 5062//7023
f 5026//7024 5062//7024 5027//7024
f 5027//7025 5062//7025 5063//7025
f 5027//7026 5063//7026 5028//7026
f 5028//7027 5063//7027 5064//7027
f 5028//7028 5064//7028 5029//7028
f 5029//7029 5064//7029 5065//7029
f 5029//7030 5065//7030 5030//7030
f 5030//7031 5065//7031 5066//7031
f 5030//7032 5066//7032 5031//7032
f 5031//7033 5066//7033 5067//7033
f 5031//7034 5067//7034 5032//7034
f 5032//7035 5067//7035 5068//7035
f 5032//7036 5068//7036 5033//7036
f 5033//7037 5068//7037 5069//7037
f 5033//7038 5069//7038 5034//7038
f 5034//7039 5069//7039 5070//7039
f 5034//7040 5070//7040 5035//7040
f 5035//7041 5070//7041 5071//7041
f 5035//7042 5071//7042 5036//7042
f 5036//7043 5071//7043 5072//7043
f 5036//7044 5072//7044 5001//7044
f 5001//7045 5072//7045 5037//7045
f 5037//7046 5073//7046 5038//7046
f 5038//7046 5073//7046 5074//7046
f 5038//7047 5074//7047 5039//7047
f 5039//7048 5074//7048 5075//7048
f 5039//7049 5075//7049 5040//7049
f 5040//7050 5075//7050 5076//7050
f 5040//7051 5076//7051 5041//7051
f 5041//7052 5076//7052 5077//7052
f 5041//7053 5077//7053 5042//7053
f 5042//7054 5077//7054 5078//7054
f 5042//7055 5078//7055 5043//7055
f 5043//7056 5078//7056 5079//7056
f 5043//7057 5079//7057 5044//7057
f 5044//7058 5079//7058 5080//7058
f 5044//7059 5080//7059 5045//7059
f 5045//7060 5080//7060 5081//7060
f 5045//7061 5081//7061 5046//7061
f 5046//7062 5081//7062 5082//7062
f 5046//7063 5082//7063 5047//7063
f 5047//7064 5082//7064 5083//7064
f 5047//7065 5083//7065 5048//7065
f 5048//7066 5083//7066 5084//7066
f 5048//7067 5084//7067 5049//7067
f 5049//7068 5084//7068 5085//7068
f 5049//7069 5085//7069 5050//7069
f 5050//7070 5085//7070 5086//7070
f 5050//7071 5086//7071 5051//7071
f 5051//7072 5086//7072 5087//7072
f 5051//7073 5087//7073 5052//7073
f 5052//7074 5087//7074 5088//7074
f 5052//7075 5088//7075 5053//7075
f 5053//7076 5088//7076 5089//7076
f 5053//7077 5089//7077 5054//7077
f 5054//7078 5089//7078 5090//7078
f 5054//7079 5090//7079 5055//7079
f 5055//7080 5090//7080 5091//7080
f 5055//7081 5091//7081 5056//7081
f 5056//7082 5091//7082 5092//7082
f 5056//7083 5092//7083 5057//7083
f 5057//7084 5092//7084 5093//7084
f 5057//7085 5093//7085 5058//7085
f 5058//7086 5093//7086 5094//7086
f 5058//7087 5094//7087 5059//7087
f 5059//7088 5094//7088 5095//7088
f 5059//7089 5095//7089 5060//7089
f 5060//7090 5095//7090 5096//7090
f 5060//7091 5096//7091 5061//7091
f 5061//7092 5096//7092 5097//7092
f 5061//7093 5097//7093 5062//7093
f 5062//7094 5097//7094 5098//7094
f 5062//7095 5098//7095 5063//7095
f 5063//7096 5098//7096 5099//7096
f 5063//7097 5099//7097 5064//7097
f 5064//7098 5099//7098 5100//7098
f 5064//7099 5100//7099 5065//7099
f 5065//7100 5100//7100 5101//7100
f 5065//7101 5101//7101 5066//7101
f 5066//7102 5101//7102 5102//7102
f 5066//7103 5102//7103 5067//7103
f 5067//7104 5102//7104 5103//7104
f 5067//7105 5103//7105 5068//7105
f 5068//7106 5103//7106 5104//7106
f 5068//7107 5104//7107 5069//7107
f 5069//7108 5104//7108 5105//7108
f 5069//7109 5105//7109 5070//7109
f 5070//7110 5105//7110 5106//7110
f 5070//7111 5106//7111 5071//7111
f 5071//7112 5106//7112 5107//7112
f 5071//7113 5107//7113 5072//7113
f 5072//7114 5107//7114 5108//7114
f 5072//7115 5108//7115 5037//7115
f 5037//7116 5108//7116 5073//7116
f 5073//7117 5109//7117 5074//7117
f 5074//7118 5109//7118 5110//7118
f 5074//7119 5110//7119 5075//7119
f 5075//7120 5110//7120 5111//7120
f 5075//7121 5111//7121 5076//7121
f 5076//7122 5111//7122 5112//7122
f 5076//7123 5112//7123 5077//7123
f 5077//7124 5112//7124 5113//7124
f 5077//7125 5113//7125 5078//7125
f 5078//7126 5113//7126 5114//7126
f 5078//7127 5114//7127 5079//7127
f 5079//7127 5114//7127 5115//7127
f 5079//7128 5115//7128 5080//7128
f 5080//7129 5115//7129 5116//7129
f 5080//7130 5116//7130 5081//7130
f 5081//7131 5116//7131 5117//7131
f 5081//7132 5117//7132 5082//7132
f 5082//7132 5117//7132 5118//7132
f 5082//7133 5118//7133 5083//7133
f 5083//7134 5118//7134 5119//7134
f 5083//7135 5119//7135 5084//7135
f 5084//7136 5119//7136 5120//7136
f 5084//7137 5120//7137 5085//7137
f 5085//7138 5120//7138 5121//7138
f 5085//7139 5121//7139 5086//7139
f 5086//7140 5121//7140 5122//7140
f 5086//7141 5122//7141 5087//7141
f 5087//7142 5122//7142 5123//7142
f 5087//7143 5123//7143 5088//7143
f 5088//7144 5123//7144 5124//7144
f 5088//7145 5124//7145 5089//7145
f 5089//7146 5124//7146 5125//7146
f 5089//7147 5125//7147 5090//7147
f 5090//7148 5125//7148 5126//7148
f 5090//7149 5126//7149 5091//7149
f 5091//7150 5126//7150 5127//7150
f 5091//7151 5127//7151 5092//7151
f 5092//7152 5127//7152 5128//7152
f 5092//7153 5128//7153 5093//7153
f 5093//7154 5128//7154 5129//7154
f 5093//7155 5129//7155 5094//7155
f 5094//7156 5129//7156 5130//7156
f 5094//7157 5130//7157 5095//7157
f 5095//7158 5130//7158 5131//7158
f 5095//7159 5131//7159 5096//7159
f 5096//7160 5131//7160 5132//7160
f 5096//7161 5132//7161 5097//7161
f 5097//7162 5132//7162 5133//7162
f 5097//7163 5133//7163 5098//7163
f 5098//7164 5133//7164 5134//7164
f 5098//7165 5134//7165 5099//7165
f 5099//7166 5134//7166 5135//7166
f 5099//7167 5135//7167 5100//7167
f 5100//7168 5135//7168 5136//7168
f 5100//7169 5136//7169 5101//7169
f 5101//7169 5136//7169 5137//7169
f 5101//7170 5137//7170 5102//7170
f 5102//7171 5137//7171 5138//7171
f 5102//7172 5138//7172 5103//7172
f 5103//7173 5138//7173 5139//7173
f 5103//7174 5139//7174 5104//7174
f 5104//7175 5139//7175 5140//7175
f 5104//7176 5140//7176 5105//7176
f 5105//7177 5140//7177 5141//7177
f 5105//7178 5141//7178 5106//7178
f 5106//7179 5141//7179 5142//7179
f 5106//7180 5142//7180 5107//7180
f 5107//7181 5142//7181 5143//7181
f 5107//7182 5143//7182 5108//7182
f 5108//7183 5143//7183 5144//7183
f 5108//7184 5144//7184 5073//7184
f 5073//7185 5144//7185 5109//7185
f 5109//7186 5145//7186 5110//7186
f 5110//7187 5145//7187 5146//7187
f 5110//7188 5146//7188 5111//7188
f 5111//7189 5146//7189 5147//7189
f 5111//7190 5147//7190 5112//7190
f 5112//7191 5147//7191 5148//7191
f 5112//7192 5148//7192 5113//7192
f 5113//7193 5148//7193 5149//7193
f 5113//7194 5149//7194 5114//7194
f 5114//7195 5149//7195 5150//7195
f 5114//7196 5150//7196 5115//7196
f 5115//7197 5150//7197 5151//7197
f 5115//7198 5151//7198 5116//7198
f 5116//7199 5151//7199 5152//7199
f 5116//7200 5152//7200 5117//7200
f 5117//7201 5152//7201 5153//7201
f 5117//7202 5153//7202 5118//7202
f 5118//7202 5153//7202 5154//7202
f 5118//7203 5154//7203 5119//7203
f 5119//7204 5154//7204 5155//7204
f 5119//7205 5155//7205 5120//7205
f 5120//7205 5155//7205 5156//7205
f 5120//7206 5156//7206 5121//7206
f 5121//7206 5156//7206 5157//7206
f 5121//7207 5157//7207 5122//7207
f 5122//7208 5157//7208 5158//7208
f 5122//7209 5158//7209 5123//7209
f 5123//7210 5158//7210 5159//7210
f 5123//7211 5159//7211 5124//7211
f 5124//7212 5159//7212 5160//7212
f 5124//7213 5160//7213 5125//7213
f 5125//7214 5160//7214 5161//7214
f 5125//7215 5161//7215 5126//7215
f 5126//7216 5161//7216 5162//7216
f 5126//7217 5162//7217 5127//7217
f 5127//7218 5162//7218 5163//7218
f 5127//7219 5163//7219 5128//7219
f 5128//7220 5163//7220 5164//7220
f 5128//7221 5164//7221 5129//7221
f 5129//7222 5164//7222 5165//7222
f 5129//7223 5165//7223 5130//7223
f 5130//7224 5165//7224 5166//7224
f 5130//7225 5166//7225 5131//7225
f 5131//7226 5166//7226 5167//7226
f 5131//7227 5167//7227 5132//7227
f 5132//7227 5167//7227 5168//7227
f 5132//7228 5168//7228 5133//7228
f 5133//7229 5168//7229 5169//7229
f 5133//7230 5169//7230 5134//7230
f 5134//7231 5169//7231 5170//7231
f 5134//7232 5170//7232 5135//7232
f 5135//7233 5170//7233 5171//7233
f 5135//7234 5171//7234 5136//7234
f 5136//7234 5171//7234 5172//7234
f 5136//7235 5172//7235 5137//7235
f 5137//7236 5172//7236 5173//7236
f 5137//7237 5173//7237 5138//7237
f 5138//7237 5173//7237 5174//7237
f 5138//7238 5174//7238 5139//7238
f 5139//7239 5174//7239 5175//7239
f 5139//7240 5175//7240 5140//7240
f 5140//7241 5175//7241 5176//7241
f 5140//7242 5176//7242 5141//7242
f 5141//7243 5176//7243 5177//7243
f 5141//7244 5177//7244 5142//7244
f 5142//7245 5177//7245 5178//7245
f 5142//7246 5178//7246 5143//7246
f 5143//7246 5178//7246 5179//7246
f 5143//7247 5179//7247 5144//7247
f 5144//7248 5179//7248 5180//7248
f 5144//7249 5180//7249 5109//7249
f 5109//7250 5180//7250 5145//7250
f 5145//7251 4594//7251 5146//7251
f 5146//7251 4594//7251 4593//7251
f 5146//7252 4593//7252 5147//7252
f 5147//7253 4593//7253 4590//7253
f 5147//7254 4590//7254 5148//7254
f 5148//7254 4590//7254 4586//7254
f 5148//7255 4586//7255 5149//7255
f 5149//7256 4586//7256 4578//7256
f 5149//7257 4578//7257 5150//7257
f 5150//7257 4578//7257 4580//7257
f 5150//7258 4580//7258 5151//7258
f 5151//7258 4580//7258 4582//7258
f 5151//7259 4582//7259 5152//7259
f 5152//7259 4582//7259 4583//7259
f 5152//7260 4583//7260 5153//7260
f 5153//7260 4583//7260 4572//7260
f 5153//7261 4572//7261 5154//7261
f 5154//7262 4572//7262 4571//7262
f 5154//7263 4571//7263 5155//7263
f 5155//7264 4571//7264 4570//7264
f 5155//7265 4570//7265 5156//7265
f 5156//7265 4570//7265 4569//7265
f 5156//7266 4569//7266 5157//7266
f 5157//7267 4569//7267 4568//7267
f 5157//7268 4568//7268 5158//7268
f 5158//7269 4568//7269 4567//7269
f 5158//7270 4567//7270 5159//7270
f 5159//7271 4567//7271 4566//7271
f 5159//7272 4566//7272 5160//7272
f 5160//7273 4566//7273 4557//7273
f 5160//7274 4557//7274 5161//7274
f 5161//7275 4557//7275 4556//7275
f 5161//7276 4556//7276 5162//7276
f 5162//7276 4556//7276 4554//7276
f 5162//7277 4554//7277 5163//7277
f 5163//7277 4554//7277 4552//7277
f 5163//7278 4552//7278 5164//7278
f 5164//7279 4552//7279 4551//7279
f 5164//7280 4551//7280 5165//7280
f 5165//7280 4551//7280 4520//7280
f 5165//7281 4520//7281 5166//7281
f 5166//7282 4520//7282 4531//7282
f 5166//7283 4531//7283 5167//7283
f 5167//7284 4531//7284 4532//7284
f 5167//7285 4532//7285 5168//7285
f 5168//7286 4532//7286 4577//7286
f 5168//7287 4577//7287 5169//7287
f 5169//7287 4577//7287 4576//7287
f 5169//7288 4576//7288 5170//7288
f 5170//7289 4576//7289 4575//7289
f 5170//7290 4575//7290 5171//7290
f 5171//7291 4575//7291 4561//7291
f 5171//7292 4561//7292 5172//7292
f 5172//7293 4561//7293 4560//7293
f 5172//7294 4560//7294 5173//7294
f 5173//7294 4560//7294 4559//7294
f 5173//7295 4559//7295 5174//7295
f 5174//7296 4559//7296 4549//7296
f 5174//7297 4549//7297 5175//7297
f 5175//7298 4549//7298 4548//7298
f 5175//7299 4548//7299 5176//7299
f 5176//7300 4548//7300 4546//7300
f 5176//7301 4546//7301 5177//7301
f 5177//7302 4546//7302 4545//7302
f 5177//7303 4545//7303 5178//7303
f 5178//7304 4545//7304 4558//7304
f 5178//7305 4558//7305 5179//7305
f 5179//7305 4558//7305 4511//7305
f 5179//7306 4511//7306 5180//7306
f 5180//7306 4511//7306 4510//7306
f 5180//7307 4510//7307 5145//7307
f 5145//7308 4510//7308 4594//7308
f 4819//7309 5181//7309 4817//7309
f 4817//7310 5181//7310 5182//7310
f 4817//7311 5182//7311 4815//7311
f 4815//7312 5182//7312 5183//7312
f 4815//7313 5183//7313 4813//7313
f 4813//7314 5183//7314 5184//7314
f 4813//7315 5184//7315 4811//7315
f 4811//7316 5184//7316 5185//7316
f 4811//7317 5185//7317 4809//7317
f 4809//7318 5185//7318 5186//7318
f 4809//7319 5186//7319 4807//7319
f 4807//7320 5186//7320 5187//7320
f 4807//7321 5187//7321 4805//7321
f 4805//7322 5187//7322 5188//7322
f 4805//7323 5188//7323 4803//7323
f 4803//7324 5188//7324 5189//7324
f 4803//7325 5189//7325 4801//7325
f 4801//7326 5189//7326 5190//7326
f 4801//7327 5190//7327 4799//7327
f 4799//7328 5190//7328 5191//7328
f 4799//7329 5191//7329 4797//7329
f 4797//7330 5191//7330 5192//7330
f 4797//7331 5192//7331 4795//7331
f 4795//7332 5192//7332 5193//7332
f 4795//7333 5193//7333 4793//7333
f 4793//7334 5193//7334 5194//7334
f 4793//7335 5194//7335 4791//7335
f 4791//7336 5194//7336 5195//7336
f 4791//7337 5195//7337 4789//7337
f 4789//7338 5195//7338 5196//7338
f 4789//7339 5196//7339 4787//7339
f 4787//7340 5196//7340 5197//7340
f 4787//7341 5197//7341 4785//7341
f 4785//7342 5197//7342 5198//7342
f 4785//7343 5198//7343 4855//7343
f 4855//7344 5198//7344 5199//7344
f 4855//7345 5199//7345 4853//7345
f 4853//7346 5199//7346 5200//7346
f 4853//7347 5200//7347 4851//7347
f 4851//7348 5200//7348 5201//7348
f 4851//7349 5201//7349 4849//7349
f 4849//7350 5201//7350 5202//7350
f 4849//7351 5202//7351 4847//7351
f 4847//7352 5202//7352 5203//7352
f 4847//7353 5203//7353 4845//7353
f 4845//7354 5203//7354 5204//7354
f 4845//7355 5204//7355 4843//7355
f 4843//7356 5204//7356 5205//7356
f 4843//7357 5205//7357 4841//7357
f 4841//7358 5205//7358 5206//7358
f 4841//7359 5206//7359 4839//7359
f 4839//7360 5206//7360 5207//7360
f 4839//7361 5207//7361 4837//7361
f 4837//7362 5207//7362 5208//7362
f 4837//7363 5208//7363 4835//7363
f 4835//7364 5208//7364 5209//7364
f 4835//7365 5209//7365 4833//7365
f 4833//7366 5209//7366 5210//7366
f 4833//7367 5210//7367 4831//7367
f 4831//7368 5210//7368 5211//7368
f 4831//7369 5211//7369 4829//7369
f 4829//7370 5211//7370 5212//7370
f 4829//7371 5212//7371 4827//7371
f 4827//7372 5212//7372 5213//7372
f 4827//7373 5213//7373 4825//7373
f 4825//7374 5213//7374 5214//7374
f 4825//7375 5214//7375 4823//7375
f 4823//7376 5214//7376 5215//7376
f 4823//7377 5215//7377 4821//7377
f 4821//7378 5215//7378 5216//7378
f 4821//7379 5216//7379 4819//7379
f 4819//7380 5216//7380 5181//7380
f 5181//7381 5217//7381 5182//7381
f 5182//7382 5217//7382 5218//7382
f 5182//7383 5218//7383 5183//7383
f 5183//7384 5218//7384 5219//7384
f 5183//7385 5219//7385 5184//7385
f 5184//7386 5219//7386 5220//7386
f 5184//7387 5220//7387 5185//7387
f 5185//7388 5220//7388 5221//7388
f 5185//7389 5221//7389 5186//7389
f 5186//7390 5221//7390 5222//7390
f 5186//7391 5222//7391 5187//7391
f 5187//7392 5222//7392 5223//7392
f 5187//7393 5223//7393 5188//7393
f 5188//7394 5223//7394 5224//7394
f 5188//7395 5224//7395 5189//7395
f 5189//7396 5224//7396 5225//7396
f 5189//7397 5225//7397 5190//7397
f 5190//7398 5225//7398 5226//7398
f 5190//7399 5226//7399 5191//7399
f 5191//7400 5226//7400 5227//7400
f 5191//7401 5227//7401 5192//7401
f 5192//7402 5227//7402 5228//7402
f 5192//7403 5228//7403 5193//7403
f 5193//7404 5228//7404 5229//7404
f 5193//7405 5229//7405 5194//7405
f 5194//7406 5229//7406 5230//7406
f 5194//7407 5230//7407 5195//7407
f 5195//7408 5230//7408 5231//7408
f 5195//7409 5231//7409 5196//7409
f 5196//7410 5231//7410 5232//7410
f 5196//7411 5232//7411 5197//7411
f 5197//7412 5232//7412 5233//7412
f 5197//7413 5233//7413 5198//7413
f 5198//7414 5233//7414 5234//7414
f 5198//7415 5234//7415 5199//7415
f 5199//7416 5234//7416 5235//7416
f 5199//7417 5235//7417 5200//7417
f 5200//7418 5235//7418 5236//7418
f 5200//7419 5236//7419 5201//7419
f 5201//7420 5236//7420 5237//7420
f 5201//7421 5237//7421 5202//7421
f 5202//7422 5237//7422 5238//7422
f 5202//7423 5238//7423 5203//7423
f 5203//7424 5238//7424 5239//7424
f 5203//7425 5239//7425 5204//7425
f 5204//7426 5239//7426 5240//7426
f 5204//7427 5240//7427 5205//7427
f 5205//7428 5240//7428 5241//7428
f 5205//7429 5241//7429 5206//7429
f 5206//7430 5241//7430 5242//7430
f 5206//7431 5242//7431 5207//7431
f 5207//7432 5242//7432 5243//7432
f 5207//7433 5243//7433 5208//7433
f 5208//7434 5243//7434 5244//7434
f 5208//7435 5244//7435 5209//7435
f 5209//7436 5244//7436 5245//7436
f 5209//7437 5245//7437 5210//7437
f 5210//7438 5245//7438 5246//7438
f 5210//7439 5246//7439 5211//7439
f 5211//7440 5246//7440 5247//7440
f 5211//7441 5247//7441 5212//7441
f 5212//7442 5247//7442 5248//7442
f 5212//7443 5248//7443 5213//7443
f 5213//7444 5248//7444 5249//7444
f 5213//7445 5249//7445 5214//7445
f 5214//7446 5249//7446 5250//7446
f 5214//7447 5250//7447 5215//7447
f 5215//7448 5250//7448 5251//7448
f 5215//7449 5251//7449 5216//7449
f 5216//7450 5251//7450 5252//7450
f 5216//7451 5252//7451 5181//7451
f 5181//7452 5252//7452 5217//7452
f 5217//7453 5253//7453 5218//7453
f 5218//7454 5253//7454 5254//7454
f 5218//7455 5254//7455 5219//7455
f 5219//7456 5254//7456 5255//7456
f 5219//7457 5255//7457 5220//7457
f 5220//7458 5255//7458 5256//7458
f 5220//7459 5256//7459 5221//7459
f 5221//7460 5256//7460 5257//7460
f 5221//7461 5257//7461 5222//7461
f 5222//7462 5257//7462 5258//7462
f 5222//7463 5258//7463 5223//7463
f 5223//7464 5258//7464 5259//7464
f 5223//7465 5259//7465 5224//7465
f 5224//7466 5259//7466 5260//7466
f 5224//7467 5260//7467 5225//7467
f 5225//7468 5260//7468 5261//7468
f 5225//7469 5261//7469 5226//7469
f 5226//7470 5261//7470 5262//7470
f 5226//7471 5262//7471 5227//7471
f 5227//7472 5262//7472 5263//7472
f 5227//7473 5263//7473 5228//7473
f 5228//7474 5263//7474 5264//7474
f 5228//7475 5264//7475 5229//7475
f 5229//7476 5264//7476 5265//7476
f 5229//7477 5265//7477 5230//7477
f 5230//7478 5265//7478 5266//7478
f 5230//7479 5266//7479 5231//7479
f 5231//7480 5266//7480 5267//7480
f 5231//7481 5267//7481 5232//7481
f 5232//7482 5267//7482 5268//7482
f 5232//7483 5268//7483 5233//7483
f 5233//7484 5268//7484 5269//7484
f 5233//7485 5269//7485 5234//7485
f 5234//7486 5269//7486 5270//7486
f 5234//7487 5270//7487 5235//7487
f 5235//7488 5270//7488 5271//7488
f 5235//7489 5271//7489 5236//7489
f 5236//7490 5271//7490 5272//7490
f 5236//7491 5272//7491 5237//7491
f 5237//7492 5272//7492 5273//7492
f 5237//7493 5273//7493 5238//7493
f 5238//7494 5273//7494 5274//7494
f 5238//7495 5274//7495 5239//7495
f 5239//7496 5274//7496 5275//7496
f 5239//7497 5275//7497 5240//7497
f 5240//7498 5275//7498 5276//7498
f 5240//7499 5276//7499 5241//7499
f 5241//7500 5276//7500 5277//7500
f 5241//7501 5277//7501 5242//7501
f 5242//7502 5277//7502 5278//7502
f 5242//7503 5278//7503 5243//7503
f 5243//7503 5278//7503 5279//7503
f 5243//7504 5279//7504 5244//7504
f 5244//7505 5279//7505 5280//7505
f 5244//7506 5280//7506 5245//7506
f 5245//7507 5280//7507 5281//7507
f 5245//7508 5281//7508 5246//7508
f 5246//7509 5281//7509 5282//7509
f 5246//7510 5282//7510 5247//7510
f 5247//7510 5282//7510 5283//7510
f 5247//7511 5283//7511 5248//7511
f 5248//7512 5283//7512 5284//7512
f 5248//7513 5284//7513 5249//7513
f 5249//7514 5284//7514 5285//7514
f 5249//7515 5285//7515 5250//7515
f 5250//7516 5285//7516 5286//7516
f 5250//7517 5286//7517 5251//7517
f 5251//7518 5286//7518 5287//7518
f 5251//7519 5287//7519 5252//7519
f 5252//7520 5287//7520 5288//7520
f 5252//7521 5288//7521 5217//7521
f 5217//7522 5288//7522 5253//7522
f 5253//7523 5289//7523 5254//7523
f 5254//7524 5289//7524 5290//7524
f 5254//7525 5290//7525 5255//7525
f 5255//7526 5290//7526 5291//7526
f 5255//7527 5291//7527 5256//7527
f 5256//7528 5291//7528 5292//7528
f 5256//7529 5292//7529 5257//7529
f 5257//7530 5292//7530 5293//7530
f 5257//7531 5293//7531 5258//7531
f 5258//7532 5293//7532 5294//7532
f 5258//7533 5294//7533 5259//7533
f 5259//7534 5294//7534 5295//7534
f 5259//7535 5295//7535 5260//7535
f 5260//7535 5295//7535 5296//7535
f 5260//7536 5296//7536 5261//7536
f 5261//7537 5296//7537 5297//7537
f 5261//7538 5297//7538 5262//7538
f 5262//7539 5297//7539 5298//7539
f 5262//7540 5298//7540 5263//7540
f 5263//7541 5298//7541 5299//7541
f 5263//7542 5299//7542 5264//7542
f 5264//7542 5299//7542 5300//7542
f 5264//7543 5300//7543 5265//7543
f 5265//7544 5300//7544 5301//7544
f 5265//7545 5301//7545 5266//7545
f 5266//7546 5301//7546 5302//7546
f 5266//7547 5302//7547 5267//7547
f 5267//7548 5302//7548 5303//7548
f 5267//7549 5303//7549 5268//7549
f 5268//7550 5303//7550 5304//7550
f 5268//7551 5304//7551 5269//7551
f 5269//7552 5304//7552 5305//7552
f 5269//7553 5305//7553 5270//7553
f 5270//7554 5305//7554 5306//7554
f 5270//7555 5306//7555 5271//7555
f 5271//7556 5306//7556 5307//7556
f 5271//7557 5307//7557 5272//7557
f 5272//7557 5307//7557 5308//7557
f 5272//7558 5308//7558 5273//7558
f 5273//7559 5308//7559 5309//7559
f 5273//7560 5309//7560 5274//7560
f 5274//7561 5309//7561 5310//7561
f 5274//7562 5310//7562 5275//7562
f 5275//7563 5310//7563 5311//7563
f 5275//7564 5311//7564 5276//7564
f 5276//7565 5311//7565 5312//7565
f 5276//7566 5312//7566 5277//7566
f 5277//7567 5312//7567 5313//7567
f 5277//7568 5313//7568 5278//7568
f 5278//7568 5313//7568 5314//7568
f 5278//7569 5314//7569 5279//7569
f 5279//7569 5314//7569 5315//7569
f 5279//7570 5315//7570 5280//7570
f 5280//7571 5315//7571 5316//7571
f 5280//7572 5316//7572 5281//7572
f 5281//7573 5316//7573 5317//7573
f 5281//7574 5317//7574 5282//7574
f 5282//7575 5317//7575 5318//7575
f 5282//7576 5318//7576 5283//7576
f 5283//7577 5318//7577 5319//7577
f 5283//7578 5319//7578 5284//7578
f 5284//7579 5319//7579 5320//7579
f 5284//7580 5320//7580 5285//7580
f 5285//7581 5320//7581 5321//7581
f 5285//7582 5321//7582 5286//7582
f 5286//7583 5321//7583 5322//7583
f 5286//7584 5322//7584 5287//7584
f 5287//7585 5322//7585 5323//7585
f 5287//7586 5323//7586 5288//7586
f 5288//7587 5323//7587 5324//7587
f 5288//7588 5324//7588 5253//7588
f 5253//7589 5324//7589 5289//7589
f 5289//7590 4555//7590 5290//7590
f 5290//7591 4555//7591 4518//7591
f 5290//7592 4518//7592 5291//7592
f 5291//7593 4518//7593 4517//7593
f 5291//7594 4517//7594 5292//7594
f 5292//7594 4517//7594 4544//7594
f 5292//7595 4544//7595 5293//7595
f 5293//7596 4544//7596 4543//7596
f 5293//7597 4543//7597 5294//7597
f 5294//7597 4543//7597 4542//7597
f 5294//7598 4542//7598 5295//7598
f 5295//7598 4542//7598 4541//7598
f 5295//7599 4541//7599 5296//7599
f 5296//7600 4541//7600 4540//7600
f 5296//7601 4540//7601 5297//7601
f 5297//7602 4540//7602 4539//7602
f 5297//7603 4539//7603 5298//7603
f 5298//7604 4539//7604 4528//7604
f 5298//7605 4528//7605 5299//7605
f 5299//7606 4528//7606 4527//7606
f 5299//7607 4527//7607 5300//7607
f 5300//7607 4527//7607 4526//7607
f 5300//7608 4526//7608 5301//7608
f 5301//7609 4526//7609 4516//7609
f 5301//7610 4516//7610 5302//7610
f 5302//7611 4516//7611 4515//7611
f 5302//7612 4515//7612 5303//7612
f 5303//7613 4515//7613 4513//7613
f 5303//7614 4513//7614 5304//7614
f 5304//7614 4513//7614 4512//7614
f 5304//7615 4512//7615 5305//7615
f 5305//7615 4512//7615 4538//7615
f 5305//7616 4538//7616 5306//7616
f 5306//7617 4538//7617 4537//7617
f 5306//7618 4537//7618 5307//7618
f 5307//7619 4537//7619 4536//7619
f 5307//7620 4536//7620 5308//7620
f 5308//7621 4536//7621 4535//7621
f 5308//7622 4535//7622 5309//7622
f 5309//7622 4535//7622 4534//7622
f 5309//7623 4534//7623 5310//7623
f 5310//7623 4534//7623 4533//7623
f 5310//7624 4533//7624 5311//7624
f 5311//7625 4533//7625 4524//7625
f 5311//7626 4524//7626 5312//7626
f 5312//7626 4524//7626 4523//7626
f 5312//7627 4523//7627 5313//7627
f 5313//7627 4523//7627 4574//7627
f 5313//7628 4574//7628 5314//7628
f 5314//7629 4574//7629 4573//7629
f 5314//7630 4573//7630 5315//7630
f 5315//7631 4573//7631 4565//7631
f 5315//7632 4565//7632 5316//7632
f 5316//7633 4565//7633 4564//7633
f 5316//7634 4564//7634 5317//7634
f 5317//7635 4564//7635 4563//7635
f 5317//7636 4563//7636 5318//7636
f 5318//7636 4563//7636 4562//7636
f 5318//7637 4562//7637 5319//7637
f 5319//7638 4562//7638 4550//7638
f 5319//7639 4550//7639 5320//7639
f 5320//7640 4550//7640 4530//7640
f 5320//7641 4530//7641 5321//7641
f 5321//7642 4530//7642 4529//7642
f 5321//7643 4529//7643 5322//7643
f 5322//7643 4529//7643 4522//7643
f 5322//7644 4522//7644 5323//7644
f 5323//7644 4522//7644 4521//7644
f 5323//7645 4521//7645 5324//7645
f 5324//7646 4521//7646 4553//7646
f 5324//7647 4553//7647 5289//7647
f 5289//7648 4553//7648 4555//7648
f 4963//7309 5325//7309 4961//7309
f 4961//7649 5325//7649 5326//7649
f 4961//7650 5326//7650 4959//7650
f 4959//7312 5326//7312 5327//7312
f 4959//7313 5327//7313 4957//7313
f 4957//7314 5327//7314 5328//7314
f 4957//7651 5328//7651 4955//7651
f 4955//7316 5328//7316 5329//7316
f 4955//7317 5329//7317 4953//7317
f 4953//7318 5329//7318 5330//7318
f 4953//7319 5330//7319 4951//7319
f 4951//7320 5330//7320 5331//7320
f 4951//7652 5331//7652 4949//7652
f 4949//7653 5331//7653 5332//7653
f 4949//7323 5332//7323 4947//7323
f 4947//7324 5332//7324 5333//7324
f 4947//7325 5333//7325 4945//7325
f 4945//7326 5333//7326 5334//7326
f 4945//7327 5334//7327 4943//7327
f 4943//7654 5334//7654 5335//7654
f 4943//7655 5335//7655 4941//7655
f 4941//7656 5335//7656 5336//7656
f 4941//7657 5336//7657 4939//7657
f 4939//7658 5336//7658 5337//7658
f 4939//7659 5337//7659 4937//7659
f 4937//7660 5337//7660 5338//7660
f 4937//7661 5338//7661 4935//7661
f 4935//7662 5338//7662 5339//7662
f 4935//7663 5339//7663 4933//7663
f 4933//7338 5339//7338 5340//7338
f 4933//7664 5340//7664 4931//7664
f 4931//7340 5340//7340 5341//7340
f 4931//7665 5341//7665 4929//7665
f 4929//7342 5341//7342 5342//7342
f 4929//7666 5342//7666 4999//7666
f 4999//7667 5342//7667 5343//7667
f 4999//7668 5343//7668 4997//7668
f 4997//7346 5343//7346 5344//7346
f 4997//7347 5344//7347 4995//7347
f 4995//7669 5344//7669 5345//7669
f 4995//7349 5345//7349 4993//7349
f 4993//7350 5345//7350 5346//7350
f 4993//7670 5346//7670 4991//7670
f 4991//7671 5346//7671 5347//7671
f 4991//7672 5347//7672 4989//7672
f 4989//7673 5347//7673 5348//7673
f 4989//7674 5348//7674 4987//7674
f 4987//7675 5348//7675 5349//7675
f 4987//7676 5349//7676 4985//7676
f 4985//7677 5349//7677 5350//7677
f 4985//7359 5350//7359 4983//7359
f 4983//7360 5350//7360 5351//7360
f 4983//7678 5351//7678 4981//7678
f 4981//7362 5351//7362 5352//7362
f 4981//7679 5352//7679 4979//7679
f 4979//7364 5352//7364 5353//7364
f 4979//7680 5353//7680 4977//7680
f 4977//7681 5353//7681 5354//7681
f 4977//7682 5354//7682 4975//7682
f 4975//7683 5354//7683 5355//7683
f 4975//7684 5355//7684 4973//7684
f 4973//7685 5355//7685 5356//7685
f 4973//7686 5356//7686 4971//7686
f 4971//7687 5356//7687 5357//7687
f 4971//7688 5357//7688 4969//7688
f 4969//7374 5357//7374 5358//7374
f 4969//7375 5358//7375 4967//7375
f 4967//7376 5358//7376 5359//7376
f 4967//7689 5359//7689 4965//7689
f 4965//7690 5359//7690 5360//7690
f 4965//7379 5360//7379 4963//7379
f 4963//7380 5360//7380 5325//7380
f 5325//7691 5361//7691 5326//7691
f 5326//7382 5361//7382 5362//7382
f 5326//7383 5362//7383 5327//7383
f 5327//7384 5362//7384 5363//7384
f 5327//7692 5363//7692 5328//7692
f 5328//7693 5363//7693 5364//7693
f 5328//7694 5364//7694 5329//7694
f 5329//7695 5364//7695 5365//7695
f 5329//7389 5365//7389 5330//7389
f 5330//7696 5365//7696 5366//7696
f 5330//7697 5366//7697 5331//7697
f 5331//7392 5366//7392 5367//7392
f 5331//7394 5367//7394 5332//7394
f 5332//7698 5367//7698 5368//7698
f 5332//7395 5368//7395 5333//7395
f 5333//7396 5368//7396 5369//7396
f 5333//7397 5369//7397 5334//7397
f 5334//7699 5369//7699 5370//7699
f 5334//7700 5370//7700 5335//7700
f 5335//7400 5370//7400 5371//7400
f 5335//7701 5371//7701 5336//7701
f 5336//7702 5371//7702 5372//7702
f 5336//7703 5372//7703 5337//7703
f 5337//7404 5372//7404 5373//7404
f 5337//7405 5373//7405 5338//7405
f 5338//7406 5373//7406 5374//7406
f 5338//7407 5374//7407 5339//7407
f 5339//7408 5374//7408 5375//7408
f 5339//7704 5375//7704 5340//7704
f 5340//7410 5375//7410 5376//7410
f 5340//7411 5376//7411 5341//7411
f 5341//7412 5376//7412 5377//7412
f 5341//7705 5377//7705 5342//7705
f 5342//7414 5377//7414 5378//7414
f 5342//7415 5378//7415 5343//7415
f 5343//7706 5378//7706 5379//7706
f 5343//7707 5379//7707 5344//7707
f 5344//7708 5379//7708 5380//7708
f 5344//7709 5380//7709 5345//7709
f 5345//7420 5380//7420 5381//7420
f 5345//7421 5381//7421 5346//7421
f 5346//7422 5381//7422 5382//7422
f 5346//7423 5382//7423 5347//7423
f 5347//7424 5382//7424 5383//7424
f 5347//7425 5383//7425 5348//7425
f 5348//7425 5383//7425 5384//7425
f 5348//7710 5384//7710 5349//7710
f 5349//7428 5384//7428 5385//7428
f 5349//7711 5385//7711 5350//7711
f 5350//7430 5385//7430 5386//7430
f 5350//7431 5386//7431 5351//7431
f 5351//7432 5386//7432 5387//7432
f 5351//7433 5387//7433 5352//7433
f 5352//7434 5387//7434 5388//7434
f 5352//7435 5388//7435 5353//7435
f 5353//7436 5388//7436 5389//7436
f 5353//7437 5389//7437 5354//7437
f 5354//7712 5389//7712 5390//7712
f 5354//7439 5390//7439 5355//7439
f 5355//7713 5390//7713 5391//7713
f 5355//7441 5391//7441 5356//7441
f 5356//7714 5391//7714 5392//7714
f 5356//7443 5392//7443 5357//7443
f 5357//7715 5392//7715 5393//7715
f 5357//7716 5393//7716 5358//7716
f 5358//7717 5393//7717 5394//7717
f 5358//7447 5394//7447 5359//7447
f 5359//7448 5394//7448 5395//7448
f 5359//7449 5395//7449 5360//7449
f 5360//7450 5395//7450 5396//7450
f 5360//7451 5396//7451 5325//7451
f 5325//7452 5396//7452 5361//7452
f 5361//7453 5397//7453 5362//7453
f 5362//7718 5397//7718 5398//7718
f 5362//7455 5398//7455 5363//7455
f 5363//7719 5398//7719 5399//7719
f 5363//7720 5399//7720 5364//7720
f 5364//7721 5399//7721 5400//7721
f 5364//7722 5400//7722 5365//7722
f 5365//7459 5400//7459 5401//7459
f 5365//7461 5401//7461 5366//7461
f 5366//7723 5401//7723 5402//7723
f 5366//7463 5402//7463 5367//7463
f 5367//7464 5402//7464 5403//7464
f 5367//7465 5403//7465 5368//7465
f 5368//7466 5403//7466 5404//7466
f 5368//7724 5404//7724 5369//7724
f 5369//7468 5404//7468 5405//7468
f 5369//7469 5405//7469 5370//7469
f 5370//7470 5405//7470 5406//7470
f 5370//7472 5406//7472 5371//7472
f 5371//7725 5406//7725 5407//7725
f 5371//7473 5407//7473 5372//7473
f 5372//7474 5407//7474 5408//7474
f 5372//7475 5408//7475 5373//7475
f 5373//7726 5408//7726 5409//7726
f 5373//7477 5409//7477 5374//7477
f 5374//7478 5409//7478 5410//7478
f 5374//7727 5410//7727 5375//7727
f 5375//7728 5410//7728 5411//7728
f 5375//7481 5411//7481 5376//7481
f 5376//7482 5411//7482 5412//7482
f 5376//7729 5412//7729 5377//7729
f 5377//7483 5412//7483 5413//7483
f 5377//7730 5413//7730 5378//7730
f 5378//7485 5413//7485 5414//7485
f 5378//7731 5414//7731 5379//7731
f 5379//7732 5414//7732 5415//7732
f 5379//7733 5415//7733 5380//7733
f 5380//7490 5415//7490 5416//7490
f 5380//7491 5416//7491 5381//7491
f 5381//7492 5416//7492 5417//7492
f 5381//7493 5417//7493 5382//7493
f 5382//7494 5417//7494 5418//7494
f 5382//7734 5418//7734 5383//7734
f 5383//7735 5418//7735 5419//7735
f 5383//7736 5419//7736 5384//7736
f 5384//7737 5419//7737 5420//7737
f 5384//7499 5420//7499 5385//7499
f 5385//7500 5420//7500 5421//7500
f 5385//7738 5421//7738 5386//7738
f 5386//7502 5421//7502 5422//7502
f 5386//7503 5422//7503 5387//7503
f 5387//7503 5422//7503 5423//7503
f 5387//7739 5423//7739 5388//7739
f 5388//7505 5423//7505 5424//7505
f 5388//7506 5424//7506 5389//7506
f 5389//7740 5424//7740 5425//7740
f 5389//7741 5425//7741 5390//7741
f 5390//7741 5425//7741 5426//7741
f 5390//7742 5426//7742 5391//7742
f 5391//7743 5426//7743 5427//7743
f 5391//7511 5427//7511 5392//7511
f 5392//7511 5427//7511 5428//7511
f 5392//7744 5428//7744 5393//7744
f 5393//7745 5428//7745 5429//7745
f 5393//7746 5429//7746 5394//7746
f 5394//7516 5429//7516 5430//7516
f 5394//7747 5430//7747 5395//7747
f 5395//7517 5430//7517 5431//7517
f 5395//7519 5431//7519 5396//7519
f 5396//7520 5431//7520 5432//7520
f 5396//7521 5432//7521 5361//7521
f 5361//7748 5432//7748 5397//7748
f 5397//7523 5433//7523 5398//7523
f 5398//7524 5433//7524 5434//7524
f 5398//7749 5434//7749 5399//7749
f 5399//7750 5434//7750 5435//7750
f 5399//7751 5435//7751 5400//7751
f 5400//7752 5435//7752 5436//7752
f 5400//7530 5436//7530 5401//7530
f 5401//7530 5436//7530 5437//7530
f 5401//7753 5437//7753 5402//7753
f 5402//7754 5437//7754 5438//7754
f 5402//7533 5438//7533 5403//7533
f 5403//7755 5438//7755 5439//7755
f 5403//7535 5439//7535 5404//7535
f 5404//7756 5439//7756 5440//7756
f 5404//7537 5440//7537 5405//7537
f 5405//7536 5440//7536 5441//7536
f 5405//7538 5441//7538 5406//7538
f 5406//7539 5441//7539 5442//7539
f 5406//7757 5442//7757 5407//7757
f 5407//7757 5442//7757 5443//7757
f 5407//7758 5443//7758 5408//7758
f 5408//7542 5443//7542 5444//7542
f 5408//7759 5444//7759 5409//7759
f 5409//7544 5444//7544 5445//7544
f 5409//7760 5445//7760 5410//7760
f 5410//7545 5445//7545 5446//7545
f 5410//7761 5446//7761 5411//7761
f 5411//7762 5446//7762 5447//7762
f 5411//7549 5447//7549 5412//7549
f 5412//7550 5447//7550 5448//7550
f 5412//7763 5448//7763 5413//7763
f 5413//7552 5448//7552 5449//7552
f 5413//7764 5449//7764 5414//7764
f 5414//7765 5449//7765 5450//7765
f 5414//7766 5450//7766 5415//7766
f 5415//7556 5450//7556 5451//7556
f 5415//7557 5451//7557 5416//7557
f 5416//7767 5451//7767 5452//7767
f 5416//7558 5452//7558 5417//7558
f 5417//7559 5452//7559 5453//7559
f 5417//7768 5453//7768 5418//7768
f 5418//7561 5453//7561 5454//7561
f 5418//7769 5454//7769 5419//7769
f 5419//7563 5454//7563 5455//7563
f 5419//7565 5455//7565 5420//7565
f 5420//7770 5455//7770 5456//7770
f 5420//7566 5456//7566 5421//7566
f 5421//7771 5456//7771 5457//7771
f 5421//7568 5457//7568 5422//7568
f 5422//7568 5457//7568 5458//7568
f 5422//7569 5458//7569 5423//7569
f 5423//7772 5458//7772 5459//7772
f 5423//7773 5459//7773 5424//7773
f 5424//7774 5459//7774 5460//7774
f 5424//7572 5460//7572 5425//7572
f 5425//7775 5460//7775 5461//7775
f 5425//7574 5461//7574 5426//7574
f 5426//7574 5461//7574 5462//7574
f 5426//7776 5462//7776 5427//7776
f 5427//7577 5462//7577 5463//7577
f 5427//7578 5463//7578 5428//7578
f 5428//7777 5463//7777 5464//7777
f 5428//7778 5464//7778 5429//7778
f 5429//7581 5464//7581 5465//7581
f 5429//7582 5465//7582 5430//7582
f 5430//7779 5465//7779 5466//7779
f 5430//7584 5466//7584 5431//7584
f 5431//7585 5466//7585 5467//7585
f 5431//7587 5467//7587 5432//7587
f 5432//7780 5467//7780 5468//7780
f 5432//7781 5468//7781 5397//7781
f 5397//7589 5468//7589 5433//7589
f 5433//7782 4629//7782 5434//7782
f 5434//7591 4629//7591 4628//7591
f 5434//7592 4628//7592 5435//7592
f 5435//7592 4628//7592 4627//7592
f 5435//7594 4627//7594 5436//7594
f 5436//7783 4627//7783 4650//7783
f 5436//7595 4650//7595 5437//7595
f 5437//7596 4650//7596 4649//7596
f 5437//7784 4649//7784 5438//7784
f 5438//7785 4649//7785 4648//7785
f 5438//7598 4648//7598 5439//7598
f 5439//7598 4648//7598 4647//7598
f 5439//7786 4647//7786 5440//7786
f 5440//7600 4647//7600 4646//7600
f 5440//7787 4646//7787 5441//7787
f 5441//7788 4646//7788 4645//7788
f 5441//7604 4645//7604 5442//7604
f 5442//7604 4645//7604 4637//7604
f 5442//7605 4637//7605 5443//7605
f 5443//7605 4637//7605 4635//7605
f 5443//7607 4635//7607 5444//7607
f 5444//7607 4635//7607 4634//7607
f 5444//7789 4634//7789 5445//7789
f 5445//7790 4634//7790 4664//7790
f 5445//7791 4664//7791 5446//7791
f 5446//7792 4664//7792 4660//7792
f 5446//7612 4660//7612 5447//7612
f 5447//7613 4660//7613 4643//7613
f 5447//7614 4643//7614 5448//7614
f 5448//7614 4643//7614 4641//7614
f 5448//7615 4641//7615 5449//7615
f 5449//7615 4641//7615 4639//7615
f 5449//7616 4639//7616 5450//7616
f 5450//7617 4639//7617 4638//7617
f 5450//7618 4638//7618 5451//7618
f 5451//7619 4638//7619 4655//7619
f 5451//7620 4655//7620 5452//7620
f 5452//7621 4655//7621 4654//7621
f 5452//7622 4654//7622 5453//7622
f 5453//7622 4654//7622 4653//7622
f 5453//7793 4653//7793 5454//7793
f 5454//7623 4653//7623 4652//7623
f 5454//7794 4652//7794 5455//7794
f 5455//7795 4652//7795 4651//7795
f 5455//7796 4651//7796 5456//7796
f 5456//7626 4651//7626 4667//7626
f 5456//7627 4667//7627 5457//7627
f 5457//7627 4667//7627 4666//7627
f 5457//7628 4666//7628 5458//7628
f 5458//7628 4666//7628 4665//7628
f 5458//7631 4665//7631 5459//7631
f 5459//7631 4665//7631 4673//7631
f 5459//7632 4673//7632 5460//7632
f 5460//7633 4673//7633 4672//7633
f 5460//7634 4672//7634 5461//7634
f 5461//7634 4672//7634 4671//7634
f 5461//7636 4671//7636 5462//7636
f 5462//7636 4671//7636 4658//7636
f 5462//7797 4658//7797 5463//7797
f 5463//7638 4658//7638 4657//7638
f 5463//7640 4657//7640 5464//7640
f 5464//7639 4657//7639 4656//7639
f 5464//7641 4656//7641 5465//7641
f 5465//7642 4656//7642 4633//7642
f 5465//7643 4633//7643 5466//7643
f 5466//7798 4633//7798 4632//7798
f 5466//7644 4632//7644 5467//7644
f 5467//7644 4632//7644 4631//7644
f 5467//7645 4631//7645 5468//7645
f 5468//7646 4631//7646 4630//7646
f 5468//7647 4630//7647 5433//7647
f 5433//7648 4630//7648 4629//7648
f 4751//7648 5469//7648 4752//7648
f 4752//7591 5469//7591 5470//7591
f 4752//7591 5470//7591 4783//7591
f 4783//7592 5470//7592 5471//7592
f 4783//7592 5471//7592 4784//7592
f 4784//7594 5471//7594 5472//7594
f 4784//7594 5472//7594 4780//7594
f 4780//7799 5472//7799 5473//7799
f 4780//7799 5473//7799 4781//7799
f 4781//7785 5473//7785 5474//7785
f 4781//7597 5474//7597 4782//7597
f 4782//7598 5474//7598 5475//7598
f 4782//7800 5475//7800 4777//7800
f 4777//7599 5475//7599 5476//7599
f 4777//7599 5476//7599 4778//7599
f 4778//7602 5476//7602 5477//7602
f 4778//7601 5477//7601 4779//7601
f 4779//7603 5477//7603 5478//7603
f 4779//7604 5478//7604 4774//7604
f 4774//7605 5478//7605 5479//7605
f 4774//7605 5479//7605 4775//7605
f 4775//7607 5479//7607 5480//7607
f 4775//7607 5480//7607 4776//7607
f 4776//7789 5480//7789 5481//7789
f 4776//7789 5481//7789 4771//7789
f 4771//7611 5481//7611 5482//7611
f 4771//7791 5482//7791 4772//7791
f 4772//7801 5482//7801 5483//7801
f 4772//7612 5483//7612 4773//7612
f 4773//7614 5483//7614 5484//7614
f 4773//7614 5484//7614 4768//7614
f 4768//7615 5484//7615 5485//7615
f 4768//7615 5485//7615 4769//7615
f 4769//7616 5485//7616 5486//7616
f 4769//7617 5486//7617 4770//7617
f 4770//7619 5486//7619 5487//7619
f 4770//7618 5487//7618 4765//7618
f 4765//7621 5487//7621 5488//7621
f 4765//7621 5488//7621 4766//7621
f 4766//7622 5488//7622 5489//7622
f 4766//7622 5489//7622 4767//7622
f 4767//7623 5489//7623 5490//7623
f 4767//7623 5490//7623 4762//7623
f 4762//7625 5490//7625 5491//7625
f 4762//7802 5491//7802 4763//7802
f 4763//7796 5491//7796 5492//7796
f 4763//7626 5492//7626 4764//7626
f 4764//7627 5492//7627 5493//7627
f 4764//7627 5493//7627 4759//7627
f 4759//7628 5493//7628 5494//7628
f 4759//7628 5494//7628 4760//7628
f 4760//7630 5494//7630 5495//7630
f 4760//7631 5495//7631 4761//7631
f 4761//7633 5495//7633 5496//7633
f 4761//7632 5496//7632 4756//7632
f 4756//7634 5496//7634 5497//7634
f 4756//7634 5497//7634 4757//7634
f 4757//7636 5497//7636 5498//7636
f 4757//7636 5498//7636 4758//7636
f 4758//7797 5498//7797 5499//7797
f 4758//7797 5499//7797 4753//7797
f 4753//7639 5499//7639 5500//7639
f 4753//7639 5500//7639 4754//7639
f 4754//7641 5500//7641 5501//7641
f 4754//7641 5501//7641 4755//7641
f 4755//7643 5501//7643 5502//7643
f 4755//7643 5502//7643 4748//7643
f 4748//7644 5502//7644 5503//7644
f 4748//7644 5503//7644 4749//7644
f 4749//7646 5503//7646 5504//7646
f 4749//7646 5504//7646 4751//7646
f 4751//7648 5504//7648 5469//7648
f 5504//7781 5505//7781 5469//7781
f 5469//7803 5505//7803 5506//7803
f 5469//7523 5506//7523 5470//7523
f 5470//7525 5506//7525 5507//7525
f 5470//7525 5507//7525 5471//7525
f 5471//7528 5507//7528 5508//7528
f 5471//7528 5508//7528 5472//7528
f 5472//7804 5508//7804 5509//7804
f 5472//7805 5509//7805 5473//7805
f 5473//7754 5509//7754 5510//7754
f 5473//7754 5510//7754 5474//7754
f 5474//7806 5510//7806 5511//7806
f 5474//7806 5511//7806 5475//7806
f 5475//7535 5511//7535 5512//7535
f 5475//7756 5512//7756 5476//7756
f 5476//7536 5512//7536 5513//7536
f 5476//7807 5513//7807 5477//7807
f 5477//7808 5513//7808 5514//7808
f 5477//7808 5514//7808 5478//7808
f 5478//7757 5514//7757 5515//7757
f 5478//7757 5515//7757 5479//7757
f 5479//7542 5515//7542 5516//7542
f 5479//7542 5516//7542 5480//7542
f 5480//7544 5516//7544 5517//7544
f 5480//7544 5517//7544 5481//7544
f 5481//7546 5517//7546 5518//7546
f 5481//7546 5518//7546 5482//7546
f 5482//7762 5518//7762 5519//7762
f 5482//7762 5519//7762 5483//7762
f 5483//7809 5519//7809 5520//7809
f 5483//7549 5520//7549 5484//7549
f 5484//7551 5520//7551 5521//7551
f 5484//7551 5521//7551 5485//7551
f 5485//7765 5521//7765 5522//7765
f 5485//7765 5522//7765 5486//7765
f 5486//7810 5522//7810 5523//7810
f 5486//7811 5523//7811 5487//7811
f 5487//7557 5523//7557 5524//7557
f 5487//7557 5524//7557 5488//7557
f 5488//7812 5524//7812 5525//7812
f 5488//7813 5525//7813 5489//7813
f 5489//7561 5525//7561 5526//7561
f 5489//7814 5526//7814 5490//7814
f 5490//7815 5526//7815 5527//7815
f 5490//7815 5527//7815 5491//7815
f 5491//7816 5527//7816 5528//7816
f 5491//7770 5528//7770 5492//7770
f 5492//7817 5528//7817 5529//7817
f 5492//7817 5529//7817 5493//7817
f 5493//7568 5529//7568 5530//7568
f 5493//7568 5530//7568 5494//7568
f 5494//7569 5530//7569 5531//7569
f 5494//7818 5531//7818 5495//7818
f 5495//7773 5531//7773 5532//7773
f 5495//7819 5532//7819 5496//7819
f 5496//7820 5532//7820 5533//7820
f 5496//7820 5533//7820 5497//7820
f 5497//7574 5533//7574 5534//7574
f 5497//7574 5534//7574 5498//7574
f 5498//7821 5534//7821 5535//7821
f 5498//7822 5535//7822 5499//7822
f 5499//7777 5535//7777 5536//7777
f 5499//7823 5536//7823 5500//7823
f 5500//7581 5536//7581 5537//7581
f 5500//7581 5537//7581 5501//7581
f 5501//7582 5537//7582 5538//7582
f 5501//7824 5538//7824 5502//7824
f 5502//7584 5538//7584 5539//7584
f 5502//7584 5539//7584 5503//7584
f 5503//7825 5539//7825 5540//7825
f 5503//7780 5540//7780 5504//7780
f 5504//7589 5540//7589 5505//7589
f 5540//7826 5541//7826 5505//7826
f 5505//7718 5541//7718 5542//7718
f 5505//7827 5542//7827 5506//7827
f 5506//7828 5542//7828 5543//7828
f 5506//7829 5543//7829 5507//7829
f 5507//7830 5543//7830 5544//7830
f 5507//7830 5544//7830 5508//7830
f 5508//7831 5544//7831 5545//7831
f 5508//7722 5545//7722 5509//7722
f 5509//7832 5545//7832 5546//7832
f 5509//7833 5546//7833 5510//7833
f 5510//7834 5546//7834 5547//7834
f 5510//7835 5547//7835 5511//7835
f 5511//7836 5547//7836 5548//7836
f 5511//7465 5548//7465 5512//7465
f 5512//7837 5548//7837 5549//7837
f 5512//7838 5549//7838 5513//7838
f 5513//7839 5549//7839 5550//7839
f 5513//7469 5550//7469 5514//7469
f 5514//7840 5550//7840 5551//7840
f 5514//7471 5551//7471 5515//7471
f 5515//7841 5551//7841 5552//7841
f 5515//7474 5552//7474 5516//7474
f 5516//7726 5552//7726 5553//7726
f 5516//7476 5553//7476 5517//7476
f 5517//7477 5553//7477 5554//7477
f 5517//7842 5554//7842 5518//7842
f 5518//7480 5554//7480 5555//7480
f 5518//7843 5555//7843 5519//7843
f 5519//7481 5555//7481 5556//7481
f 5519//7482 5556//7482 5520//7482
f 5520//7844 5556//7844 5557//7844
f 5520//7844 5557//7844 5521//7844
f 5521//7845 5557//7845 5558//7845
f 5521//7846 5558//7846 5522//7846
f 5522//7732 5558//7732 5559//7732
f 5522//7847 5559//7847 5523//7847
f 5523//7733 5559//7733 5560//7733
f 5523//7848 5560//7848 5524//7848
f 5524//7849 5560//7849 5561//7849
f 5524//7850 5561//7850 5525//7850
f 5525//7851 5561//7851 5562//7851
f 5525//7851 5562//7851 5526//7851
f 5526//7495 5562//7495 5563//7495
f 5526//7495 5563//7495 5527//7495
f 5527//7498 5563//7498 5564//7498
f 5527//7736 5564//7736 5528//7736
f 5528//7852 5564//7852 5565//7852
f 5528//7853 5565//7853 5529//7853
f 5529//7854 5565//7854 5566//7854
f 5529//7855 5566//7855 5530//7855
f 5530//7856 5566//7856 5567//7856
f 5530//7857 5567//7857 5531//7857
f 5531//7504 5567//7504 5568//7504
f 5531//7858 5568//7858 5532//7858
f 5532//7506 5568//7506 5569//7506
f 5532//7506 5569//7506 5533//7506
f 5533//7741 5569//7741 5570//7741
f 5533//7509 5570//7509 5534//7509
f 5534//7510 5570//7510 5571//7510
f 5534//7743 5571//7743 5535//7743
f 5535//7859 5571//7859 5572//7859
f 5535//7859 5572//7859 5536//7859
f 5536//7860 5572//7860 5573//7860
f 5536//7860 5573//7860 5537//7860
f 5537//7861 5573//7861 5574//7861
f 5537//7861 5574//7861 5538//7861
f 5538//7862 5574//7862 5575//7862
f 5538//7862 5575//7862 5539//7862
f 5539//7863 5575//7863 5576//7863
f 5539//7864 5576//7864 5540//7864
f 5540//7865 5576//7865 5541//7865
f 5576//7866 5577//7866 5541//7866
f 5541//7867 5577//7867 5578//7867
f 5541//7868 5578//7868 5542//7868
f 5542//7383 5578//7383 5579//7383
f 5542//7869 5579//7869 5543//7869
f 5543//7870 5579//7870 5580//7870
f 5543//7871 5580//7871 5544//7871
f 5544//7872 5580//7872 5581//7872
f 5544//7388 5581//7388 5545//7388
f 5545//7390 5581//7390 5582//7390
f 5545//7873 5582//7873 5546//7873
f 5546//7874 5582//7874 5583//7874
f 5546//7875 5583//7875 5547//7875
f 5547//7876 5583//7876 5584//7876
f 5547//7394 5584//7394 5548//7394
f 5548//7877 5584//7877 5585//7877
f 5548//7395 5585//7395 5549//7395
f 5549//7878 5585//7878 5586//7878
f 5549//7699 5586//7699 5550//7699
f 5550//7700 5586//7700 5587//7700
f 5550//7879 5587//7879 5551//7879
f 5551//7880 5587//7880 5588//7880
f 5551//7881 5588//7881 5552//7881
f 5552//7882 5588//7882 5589//7882
f 5552//7404 5589//7404 5553//7404
f 5553//7883 5589//7883 5590//7883
f 5553//7405 5590//7405 5554//7405
f 5554//7407 5590//7407 5591//7407
f 5554//7407 5591//7407 5555//7407
f 5555//7409 5591//7409 5592//7409
f 5555//7409 5592//7409 5556//7409
f 5556//7884 5592//7884 5593//7884
f 5556//7412 5593//7412 5557//7412
f 5557//7414 5593//7414 5594//7414
f 5557//7414 5594//7414 5558//7414
f 5558//7706 5594//7706 5595//7706
f 5558//7706 5595//7706 5559//7706
f 5559//7418 5595//7418 5596//7418
f 5559//7417 5596//7417 5560//7417
f 5560//7419 5596//7419 5597//7419
f 5560//7419 5597//7419 5561//7419
f 5561//7885 5597//7885 5598//7885
f 5561//7886 5598//7886 5562//7886
f 5562//7887 5598//7887 5599//7887
f 5562//7888 5599//7888 5563//7888
f 5563//7889 5599//7889 5600//7889
f 5563//7425 5600//7425 5564//7425
f 5564//7890 5600//7890 5601//7890
f 5564//7890 5601//7890 5565//7890
f 5565//7711 5601//7711 5602//7711
f 5565//7711 5602//7711 5566//7711
f 5566//7891 5602//7891 5603//7891
f 5566//7431 5603//7431 5567//7431
f 5567//7892 5603//7892 5604//7892
f 5567//7893 5604//7893 5568//7893
f 5568//7436 5604//7436 5605//7436
f 5568//7436 5605//7436 5569//7436
f 5569//7894 5605//7894 5606//7894
f 5569//7895 5606//7895 5570//7895
f 5570//7896 5606//7896 5607//7896
f 5570//7897 5607//7897 5571//7897
f 5571//7898 5607//7898 5608//7898
f 5571//7899 5608//7899 5572//7899
f 5572//7900 5608//7900 5609//7900
f 5572//7715 5609//7715 5573//7715
f 5573//7901 5609//7901 5610//7901
f 5573//7902 5610//7902 5574//7902
f 5574//7903 5610//7903 5611//7903
f 5574//7904 5611//7904 5575//7904
f 5575//7450 5611//7450 5612//7450
f 5575//7905 5612//7905 5576//7905
f 5576//7452 5612//7452 5577//7452
f 5612//7906 4890//7906 5577//7906
f 5577//7907 4890//7907 4888//7907
f 5577//7310 4888//7310 5578//7310
f 5578//7908 4888//7908 4886//7908
f 5578//7909 4886//7909 5579//7909
f 5579//7910 4886//7910 4884//7910
f 5579//7314 4884//7314 5580//7314
f 5580//7911 4884//7911 4882//7911
f 5580//7316 4882//7316 5581//7316
f 5581//7912 4882//7912 4880//7912
f 5581//7913 4880//7913 5582//7913
f 5582//7914 4880//7914 4878//7914
f 5582//7320 4878//7320 5583//7320
f 5583//7915 4878//7915 4876//7915
f 5583//7916 4876//7916 5584//7916
f 5584//7323 4876//7323 4874//7323
f 5584//7323 4874//7323 5585//7323
f 5585//7917 4874//7917 4872//7917
f 5585//7918 4872//7918 5586//7918
f 5586//7919 4872//7919 4870//7919
f 5586//7327 4870//7327 5587//7327
f 5587//7920 4870//7920 4868//7920
f 5587//7921 4868//7921 5588//7921
f 5588//7922 4868//7922 4866//7922
f 5588//7923 4866//7923 5589//7923
f 5589//7924 4866//7924 4864//7924
f 5589//7925 4864//7925 5590//7925
f 5590//7926 4864//7926 4862//7926
f 5590//7335 4862//7335 5591//7335
f 5591//7927 4862//7927 4860//7927
f 5591//7928 4860//7928 5592//7928
f 5592//7929 4860//7929 4858//7929
f 5592//7929 4858//7929 5593//7929
f 5593//7930 4858//7930 4928//7930
f 5593//7931 4928//7931 5594//7931
f 5594//7932 4928//7932 4926//7932
f 5594//7933 4926//7933 5595//7933
f 5595//7934 4926//7934 4924//7934
f 5595//7346 4924//7346 5596//7346
f 5596//7347 4924//7347 4922//7347
f 5596//7935 4922//7935 5597//7935
f 5597//7936 4922//7936 4920//7936
f 5597//7936 4920//7936 5598//7936
f 5598//7352 4920//7352 4918//7352
f 5598//7351 4918//7351 5599//7351
f 5599//7937 4918//7937 4916//7937
f 5599//7938 4916//7938 5600//7938
f 5600//7675 4916//7675 4914//7675
f 5600//7939 4914//7939 5601//7939
f 5601//7677 4914//7677 4912//7677
f 5601//7940 4912//7940 5602//7940
f 5602//7360 4912//7360 4910//7360
f 5602//7941 4910//7941 5603//7941
f 5603//7942 4910//7942 4908//7942
f 5603//7362 4908//7362 5604//7362
f 5604//7943 4908//7943 4906//7943
f 5604//7943 4906//7943 5605//7943
f 5605//7680 4906//7680 4904//7680
f 5605//7944 4904//7944 5606//7944
f 5606//7945 4904//7945 4902//7945
f 5606//7946 4902//7946 5607//7946
f 5607//7947 4902//7947 4900//7947
f 5607//7948 4900//7948 5608//7948
f 5608//7949 4900//7949 4898//7949
f 5608//7950 4898//7950 5609//7950
f 5609//7951 4898//7951 4896//7951
f 5609//7374 4896//7374 5610//7374
f 5610//7952 4896//7952 4894//7952
f 5610//7376 4894//7376 5611//7376
f 5611//7953 4894//7953 4892//7953
f 5611//7378 4892//7378 5612//7378
f 5612//7954 4892//7954 4890//7954
f 4714//7648 5613//7648 4715//7648
f 4715//7591 5613//7591 5614//7591
f 4715//7591 5614//7591 4746//7591
f 4746//7592 5614//7592 5615//7592
f 4746//7592 5615//7592 4747//7592
f 4747//7594 5615//7594 5616//7594
f 4747//7594 5616//7594 4743//7594
f 4743//7799 5616//7799 5617//7799
f 4743//7799 5617//7799 4744//7799
f 4744//7785 5617//7785 5618//7785
f 4744//7597 5618//7597 4745//7597
f 4745//7598 5618//7598 5619//7598
f 4745//7800 5619//7800 4740//7800
f 4740//7599 5619//7599 5620//7599
f 4740//7599 5620//7599 4741//7599
f 4741//7602 5620//7602 5621//7602
f 4741//7601 5621//7601 4742//7601
f 4742//7603 5621//7603 5622//7603
f 4742//7604 5622//7604 4737//7604
f 4737//7605 5622//7605 5623//7605
f 4737//7605 5623//7605 4738//7605
f 4738//7607 5623//7607 5624//7607
f 4738//7607 5624//7607 4739//7607
f 4739//7789 5624//7789 5625//7789
f 4739//7789 5625//7789 4734//7789
f 4734//7791 5625//7791 5626//7791
f 4734//7791 5626//7791 4735//7791
f 4735//7801 5626//7801 5627//7801
f 4735//7612 5627//7612 4736//7612
f 4736//7614 5627//7614 5628//7614
f 4736//7614 5628//7614 4731//7614
f 4731//7955 5628//7955 5629//7955
f 4731//7615 5629//7615 4732//7615
f 4732//7616 5629//7616 5630//7616
f 4732//7617 5630//7617 4733//7617
f 4733//7619 5630//7619 5631//7619
f 4733//7618 5631//7618 4728//7618
f 4728//7621 5631//7621 5632//7621
f 4728//7956 5632//7956 4729//7956
f 4729//7622 5632//7622 5633//7622
f 4729//7622 5633//7622 4730//7622
f 4730//7623 5633//7623 5634//7623
f 4730//7623 5634//7623 4725//7623
f 4725//7802 5634//7802 5635//7802
f 4725//7802 5635//7802 4726//7802
f 4726//7796 5635//7796 5636//7796
f 4726//7626 5636//7626 4727//7626
f 4727//7627 5636//7627 5637//7627
f 4727//7627 5637//7627 4722//7627
f 4722//7628 5637//7628 5638//7628
f 4722//7628 5638//7628 4723//7628
f 4723//7630 5638//7630 5639//7630
f 4723//7631 5639//7631 4724//7631
f 4724//7633 5639//7633 5640//7633
f 4724//7632 5640//7632 4719//7632
f 4719//7634 5640//7634 5641//7634
f 4719//7634 5641//7634 4720//7634
f 4720//7636 5641//7636 5642//7636
f 4720//7636 5642//7636 4721//7636
f 4721//7797 5642//7797 5643//7797
f 4721//7797 5643//7797 4716//7797
f 4716//7639 5643//7639 5644//7639
f 4716//7639 5644//7639 4717//7639
f 4717//7641 5644//7641 5645//7641
f 4717//7641 5645//7641 4718//7641
f 4718//7643 5645//7643 5646//7643
f 4718//7643 5646//7643 4711//7643
f 4711//7644 5646//7644 5647//7644
f 4711//7644 5647//7644 4712//7644
f 4712//7646 5647//7646 5648//7646
f 4712//7646 5648//7646 4714//7646
f 4714//7647 5648//7647 5613//7647
f 5648//7781 5649//7781 5613//7781
f 5613//7803 5649//7803 5650//7803
f 5613//7523 5650//7523 5614//7523
f 5614//7525 5650//7525 5651//7525
f 5614//7750 5651//7750 5615//7750
f 5615//7528 5651//7528 5652//7528
f 5615//7528 5652//7528 5616//7528
f 5616//7804 5652//7804 5653//7804
f 5616//7805 5653//7805 5617//7805
f 5617//7754 5653//7754 5654//7754
f 5617//7754 5654//7754 5618//7754
f 5618//7534 5654//7534 5655//7534
f 5618//7957 5655//7957 5619//7957
f 5619//7756 5655//7756 5656//7756
f 5619//7535 5656//7535 5620//7535
f 5620//7536 5656//7536 5657//7536
f 5620//7807 5657//7807 5621//7807
f 5621//7808 5657//7808 5658//7808
f 5621//7808 5658//7808 5622//7808
f 5622//7757 5658//7757 5659//7757
f 5622//7757 5659//7757 5623//7757
f 5623//7542 5659//7542 5660//7542
f 5623//7542 5660//7542 5624//7542
f 5624//7544 5660//7544 5661//7544
f 5624//7544 5661//7544 5625//7544
f 5625//7760 5661//7760 5662//7760
f 5625//7958 5662//7958 5626//7958
f 5626//7762 5662//7762 5663//7762
f 5626//7762 5663//7762 5627//7762
f 5627//7550 5663//7550 5664//7550
f 5627//7959 5664//7959 5628//7959
f 5628//7551 5664//7551 5665//7551
f 5628//7551 5665//7551 5629//7551
f 5629//7765 5665//7765 5666//7765
f 5629//7960 5666//7960 5630//7960
f 5630//7810 5666//7810 5667//7810
f 5630//7811 5667//7811 5631//7811
f 5631//7557 5667//7557 5668//7557
f 5631//7557 5668//7557 5632//7557
f 5632//7812 5668//7812 5669//7812
f 5632//7812 5669//7812 5633//7812
f 5633//7561 5669//7561 5670//7561
f 5633//7814 5670//7814 5634//7814
f 5634//7562 5670//7562 5671//7562
f 5634//7769 5671//7769 5635//7769
f 5635//7565 5671//7565 5672//7565
f 5635//7564 5672//7564 5636//7564
f 5636//7817 5672//7817 5673//7817
f 5636//7817 5673//7817 5637//7817
f 5637//7568 5673//7568 5674//7568
f 5637//7568 5674//7568 5638//7568
f 5638//7569 5674//7569 5675//7569
f 5638//7818 5675//7818 5639//7818
f 5639//7773 5675//7773 5676//7773
f 5639//7773 5676//7773 5640//7773
f 5640//7572 5676//7572 5677//7572
f 5640//7820 5677//7820 5641//7820
f 5641//7574 5677//7574 5678//7574
f 5641//7574 5678//7574 5642//7574
f 5642//7821 5678//7821 5679//7821
f 5642//7822 5679//7822 5643//7822
f 5643//7823 5679//7823 5680//7823
f 5643//7823 5680//7823 5644//7823
f 5644//7581 5680//7581 5681//7581
f 5644//7581 5681//7581 5645//7581
f 5645//7779 5681//7779 5682//7779
f 5645//7824 5682//7824 5646//7824
f 5646//7584 5682//7584 5683//7584
f 5646//7584 5683//7584 5647//7584
f 5647//7825 5683//7825 5684//7825
f 5647//7780 5684//7780 5648//7780
f 5648//7589 5684//7589 5649//7589
f 5684//7961 5685//7961 5649//7961
f 5649//7962 5685//7962 5686//7962
f 5649//7827 5686//7827 5650//7827
f 5650//7963 5686//7963 5687//7963
f 5650//7964 5687//7964 5651//7964
f 5651//7721 5687//7721 5688//7721
f 5651//7965 5688//7965 5652//7965
f 5652//7966 5688//7966 5689//7966
f 5652//7722 5689//7722 5653//7722
f 5653//7832 5689//7832 5690//7832
f 5653//7833 5690//7833 5654//7833
f 5654//7967 5690//7967 5691//7967
f 5654//7835 5691//7835 5655//7835
f 5655//7836 5691//7836 5692//7836
f 5655//7465 5692//7465 5656//7465
f 5656//7837 5692//7837 5693//7837
f 5656//7838 5693//7838 5657//7838
f 5657//7839 5693//7839 5694//7839
f 5657//7469 5694//7469 5658//7469
f 5658//7840 5694//7840 5695//7840
f 5658//7471 5695//7471 5659//7471
f 5659//7968 5695//7968 5696//7968
f 5659//7474 5696//7474 5660//7474
f 5660//7475 5696//7475 5697//7475
f 5660//7476 5697//7476 5661//7476
f 5661//7477 5697//7477 5698//7477
f 5661//7842 5698//7842 5662//7842
f 5662//7480 5698//7480 5699//7480
f 5662//7969 5699//7969 5663//7969
f 5663//7970 5699//7970 5700//7970
f 5663//7971 5700//7971 5664//7971
f 5664//7844 5700//7844 5701//7844
f 5664//7844 5701//7844 5665//7844
f 5665//7845 5701//7845 5702//7845
f 5665//7486 5702//7486 5666//7486
f 5666//7732 5702//7732 5703//7732
f 5666//7488 5703//7488 5667//7488
f 5667//7972 5703//7972 5704//7972
f 5667//7490 5704//7490 5668//7490
f 5668//7849 5704//7849 5705//7849
f 5668//7849 5705//7849 5669//7849
f 5669//7851 5705//7851 5706//7851
f 5669//7851 5706//7851 5670//7851
f 5670//7495 5706//7495 5707//7495
f 5670//7495 5707//7495 5671//7495
f 5671//7736 5707//7736 5708//7736
f 5671//7736 5708//7736 5672//7736
f 5672//7853 5708//7853 5709//7853
f 5672//7853 5709//7853 5673//7853
f 5673//7854 5709//7854 5710//7854
f 5673//7855 5710//7855 5674//7855
f 5674//7856 5710//7856 5711//7856
f 5674//7503 5711//7503 5675//7503
f 5675//7504 5711//7504 5712//7504
f 5675//7858 5712//7858 5676//7858
f 5676//7740 5712//7740 5713//7740
f 5676//7973 5713//7973 5677//7973
f 5677//7741 5713//7741 5714//7741
f 5677//7509 5714//7509 5678//7509
f 5678//7510 5714//7510 5715//7510
f 5678//7743 5715//7743 5679//7743
f 5679//7859 5715//7859 5716//7859
f 5679//7974 5716//7974 5680//7974
f 5680//7513 5716//7513 5717//7513
f 5680//7860 5717//7860 5681//7860
f 5681//7975 5717//7975 5718//7975
f 5681//7976 5718//7976 5682//7976
f 5682//7747 5718//7747 5719//7747
f 5682//7862 5719//7862 5683//7862
f 5683//7520 5719//7520 5720//7520
f 5683//7520 5720//7520 5684//7520
f 5684//7977 5720//7977 5685//7977
f 5720//7451 5721//7451 5685//7451
f 5685//7867 5721//7867 5722//7867
f 5685//7978 5722//7978 5686//7978
f 5686//7383 5722//7383 5723//7383
f 5686//7979 5723//7979 5687//7979
f 5687//7693 5723//7693 5724//7693
f 5687//7386 5724//7386 5688//7386
f 5688//7980 5724//7980 5725//7980
f 5688//7388 5725//7388 5689//7388
f 5689//7390 5725//7390 5726//7390
f 5689//7873 5726//7873 5690//7873
f 5690//7874 5726//7874 5727//7874
f 5690//7875 5727//7875 5691//7875
f 5691//7876 5727//7876 5728//7876
f 5691//7394 5728//7394 5692//7394
f 5692//7981 5728//7981 5729//7981
f 5692//7395 5729//7395 5693//7395
f 5693//7878 5729//7878 5730//7878
f 5693//7699 5730//7699 5694//7699
f 5694//7700 5730//7700 5731//7700
f 5694//7879 5731//7879 5695//7879
f 5695//7982 5731//7982 5732//7982
f 5695//7701 5732//7701 5696//7701
f 5696//7882 5732//7882 5733//7882
f 5696//7404 5733//7404 5697//7404
f 5697//7883 5733//7883 5734//7883
f 5697//7405 5734//7405 5698//7405
f 5698//7407 5734//7407 5735//7407
f 5698//7407 5735//7407 5699//7407
f 5699//7410 5735//7410 5736//7410
f 5699//7983 5736//7983 5700//7983
f 5700//7884 5736//7884 5737//7884
f 5700//7412 5737//7412 5701//7412
f 5701//7984 5737//7984 5738//7984
f 5701//7414 5738//7414 5702//7414
f 5702//7985 5738//7985 5739//7985
f 5702//7706 5739//7706 5703//7706
f 5703//7418 5739//7418 5740//7418
f 5703//7417 5740//7417 5704//7417
f 5704//7419 5740//7419 5741//7419
f 5704//7419 5741//7419 5705//7419
f 5705//7421 5741//7421 5742//7421
f 5705//7886 5742//7886 5706//7886
f 5706//7887 5742//7887 5743//7887
f 5706//7986 5743//7986 5707//7986
f 5707//7889 5743//7889 5744//7889
f 5707//7425 5744//7425 5708//7425
f 5708//7890 5744//7890 5745//7890
f 5708//7890 5745//7890 5709//7890
f 5709//7711 5745//7711 5746//7711
f 5709//7711 5746//7711 5710//7711
f 5710//7891 5746//7891 5747//7891
f 5710//7431 5747//7431 5711//7431
f 5711//7892 5747//7892 5748//7892
f 5711//7987 5748//7987 5712//7987
f 5712//7436 5748//7436 5749//7436
f 5712//7436 5749//7436 5713//7436
f 5713//7894 5749//7894 5750//7894
f 5713//7712 5750//7712 5714//7712
f 5714//7896 5750//7896 5751//7896
f 5714//7897 5751//7897 5715//7897
f 5715//7898 5751//7898 5752//7898
f 5715//7988 5752//7988 5716//7988
f 5716//7989 5752//7989 5753//7989
f 5716//7443 5753//7443 5717//7443
f 5717//7901 5753//7901 5754//7901
f 5717//7902 5754//7902 5718//7902
f 5718//7903 5754//7903 5755//7903
f 5718//7447 5755//7447 5719//7447
f 5719//7450 5755//7450 5756//7450
f 5719//7449 5756//7449 5720//7449
f 5720//7452 5756//7452 5721//7452
f 5756//7906 4818//7906 5721//7906
f 5721//7907 4818//7907 4816//7907
f 5721//7310 4816//7310 5722//7310
f 5722//7908 4816//7908 4814//7908
f 5722//7909 4814//7909 5723//7909
f 5723//7910 4814//7910 4812//7910
f 5723//7314 4812//7314 5724//7314
f 5724//7911 4812//7911 4810//7911
f 5724//7316 4810//7316 5725//7316
f 5725//7912 4810//7912 4808//7912
f 5725//7913 4808//7913 5726//7913
f 5726//7914 4808//7914 4806//7914
f 5726//7320 4806//7320 5727//7320
f 5727//7990 4806//7990 4804//7990
f 5727//7916 4804//7916 5728//7916
f 5728//7323 4804//7323 4802//7323
f 5728//7323 4802//7323 5729//7323
f 5729//7917 4802//7917 4800//7917
f 5729//7918 4800//7918 5730//7918
f 5730//7919 4800//7919 4798//7919
f 5730//7327 4798//7327 5731//7327
f 5731//7920 4798//7920 4796//7920
f 5731//7329 4796//7329 5732//7329
f 5732//7991 4796//7991 4794//7991
f 5732//7923 4794//7923 5733//7923
f 5733//7992 4794//7992 4792//7992
f 5733//7925 4792//7925 5734//7925
f 5734//7993 4792//7993 4790//7993
f 5734//7335 4790//7335 5735//7335
f 5735//7927 4790//7927 4788//7927
f 5735//7663 4788//7663 5736//7663
f 5736//7929 4788//7929 4786//7929
f 5736//7929 4786//7929 5737//7929
f 5737//7341 4786//7341 4856//7341
f 5737//7994 4856//7994 5738//7994
f 5738//7995 4856//7995 4854//7995
f 5738//7667 4854//7667 5739//7667
f 5739//7934 4854//7934 4852//7934
f 5739//7346 4852//7346 5740//7346
f 5740//7347 4852//7347 4850//7347
f 5740//7935 4850//7935 5741//7935
f 5741//7936 4850//7936 4848//7936
f 5741//7936 4848//7936 5742//7936
f 5742//7996 4848//7996 4846//7996
f 5742//7997 4846//7997 5743//7997
f 5743//7672 4846//7672 4844//7672
f 5743//7938 4844//7938 5744//7938
f 5744//7675 4844//7675 4842//7675
f 5744//7998 4842//7998 5745//7998
f 5745//7677 4842//7677 4840//7677
f 5745//7940 4840//7940 5746//7940
f 5746//7360 4840//7360 4838//7360
f 5746//7941 4838//7941 5747//7941
f 5747//7942 4838//7942 4836//7942
f 5747//7362 4836//7362 5748//7362
f 5748//7999 4836//7999 4834//7999
f 5748//7943 4834//7943 5749//7943
f 5749//7680 4834//7680 4832//7680
f 5749//7944 4832//7944 5750//7944
f 5750//7945 4832//7945 4830//7945
f 5750//7946 4830//7946 5751//7946
f 5751//7947 4830//7947 4828//7947
f 5751//7948 4828//7948 5752//7948
f 5752//7949 4828//7949 4826//7949
f 5752//7950 4826//7950 5753//7950
f 5753//7951 4826//7951 4824//7951
f 5753//7374 4824//7374 5754//7374
f 5754//7952 4824//7952 4822//7952
f 5754//7376 4822//7376 5755//7376
f 5755//7953 4822//7953 4820//7953
f 5755//7378 4820//7378 5756//7378
f 5756//7954 4820//7954 4818//7954
f 4677//7648 5757//7648 4678//7648
f 4678//7591 5757//7591 5758//7591
f 4678//7591 5758//7591 4709//7591
f 4709//7592 5758//7592 5759//7592
f 4709//7592 5759//7592 4710//7592
f 4710//7594 5759//7594 5760//7594
f 4710//7594 5760//7594 4706//7594
f 4706//7799 5760//7799 5761//7799
f 4706//7799 5761//7799 4707//7799
f 4707//7785 5761//7785 5762//7785
f 4707//7597 5762//7597 4708//7597
f 4708//7598 5762//7598 5763//7598
f 4708//7598 5763//7598 4703//7598
f 4703//7599 5763//7599 5764//7599
f 4703//7599 5764//7599 4704//7599
f 4704//7601 5764//7601 5765//7601
f 4704//7602 5765//7602 4705//7602
f 4705//7604 5765//7604 5766//7604
f 4705//7603 5766//7603 4700//7603
f 4700//7605 5766//7605 5767//7605
f 4700//7605 5767//7605 4701//7605
f 4701//7607 5767//7607 5768//7607
f 4701//7607 5768//7607 4702//7607
f 4702//7789 5768//7789 5769//7789
f 4702//7790 5769//7790 4697//7790
f 4697//7791 5769//7791 5770//7791
f 4697//7791 5770//7791 4698//7791
f 4698//7612 5770//7612 5771//7612
f 4698//7612 5771//7612 4699//7612
f 4699//7614 5771//7614 5772//7614
f 4699//7614 5772//7614 4694//7614
f 4694//7615 5772//7615 5773//7615
f 4694//7615 5773//7615 4695//7615
f 4695//7617 5773//7617 5774//7617
f 4695//7617 5774//7617 4696//7617
f 4696//7619 5774//7619 5775//7619
f 4696//7619 5775//7619 4691//7619
f 4691//7621 5775//7621 5776//7621
f 4691//7621 5776//7621 4692//7621
f 4692//7622 5776//7622 5777//7622
f 4692//7622 5777//7622 4693//7622
f 4693//8000 5777//8000 5778//8000
f 4693//7623 5778//7623 4688//7623
f 4688//7802 5778//7802 5779//7802
f 4688//7794 5779//7794 4689//7794
f 4689//7796 5779//7796 5780//7796
f 4689//7626 5780//7626 4690//7626
f 4690//7627 5780//7627 5781//7627
f 4690//7627 5781//7627 4685//7627
f 4685//7628 5781//7628 5782//7628
f 4685//7628 5782//7628 4686//7628
f 4686//7631 5782//7631 5783//7631
f 4686//7630 5783//7630 4687//7630
f 4687//7632 5783//7632 5784//7632
f 4687//7633 5784//7633 4682//7633
f 4682//7634 5784//7634 5785//7634
f 4682//7634 5785//7634 4683//7634
f 4683//7636 5785//7636 5786//7636
f 4683//7636 5786//7636 4684//7636
f 4684//7797 5786//7797 5787//7797
f 4684//7638 5787//7638 4679//7638
f 4679//7640 5787//7640 5788//7640
f 4679//7639 5788//7639 4680//7639
f 4680//7641 5788//7641 5789//7641
f 4680//7641 5789//7641 4681//7641
f 4681//7643 5789//7643 5790//7643
f 4681//7643 5790//7643 4674//7643
f 4674//7644 5790//7644 5791//7644
f 4674//7644 5791//7644 4675//7644
f 4675//7646 5791//7646 5792//7646
f 4675//7646 5792//7646 4677//7646
f 4677//7648 5792//7648 5757//7648
f 5792//7781 5793//7781 5757//7781
f 5757//7523 5793//7523 5794//7523
f 5757//7803 5794//7803 5758//7803
f 5758//7525 5794//7525 5795//7525
f 5758//7750 5795//7750 5759//7750
f 5759//7528 5795//7528 5796//7528
f 5759//7528 5796//7528 5760//7528
f 5760//7804 5796//7804 5797//7804
f 5760//7805 5797//7805 5761//7805
f 5761//7754 5797//7754 5798//7754
f 5761//7754 5798//7754 5762//7754
f 5762//7806 5798//7806 5799//7806
f 5762//7957 5799//7957 5763//7957
f 5763//7756 5799//7756 5800//7756
f 5763//7535 5800//7535 5764//7535
f 5764//7536 5800//7536 5801//7536
f 5764//8001 5801//8001 5765//8001
f 5765//7539 5801//7539 5802//7539
f 5765//7539 5802//7539 5766//7539
f 5766//7757 5802//7757 5803//7757
f 5766//7757 5803//7757 5767//7757
f 5767//7542 5803//7542 5804//7542
f 5767//7542 5804//7542 5768//7542
f 5768//7544 5804//7544 5805//7544
f 5768//7544 5805//7544 5769//7544
f 5769//7546 5805//7546 5806//7546
f 5769//7958 5806//7958 5770//7958
f 5770//7762 5806//7762 5807//7762
f 5770//7762 5807//7762 5771//7762
f 5771//7809 5807//7809 5808//7809
f 5771//7809 5808//7809 5772//7809
f 5772//7551 5808//7551 5809//7551
f 5772//7551 5809//7551 5773//7551
f 5773//7960 5809//7960 5810//7960
f 5773//7765 5810//7765 5774//7765
f 5774//7810 5810//7810 5811//7810
f 5774//8002 5811//8002 5775//8002
f 5775//7557 5811//7557 5812//7557
f 5775//7557 5812//7557 5776//7557
f 5776//7812 5812//7812 5813//7812
f 5776//7812 5813//7812 5777//7812
f 5777//7814 5813//7814 5814//7814
f 5777//7814 5814//7814 5778//7814
f 5778//7815 5814//7815 5815//7815
f 5778//7562 5815//7562 5779//7562
f 5779//7565 5815//7565 5816//7565
f 5779//7770 5816//7770 5780//7770
f 5780//7817 5816//7817 5817//7817
f 5780//7817 5817//7817 5781//7817
f 5781//7568 5817//7568 5818//7568
f 5781//7568 5818//7568 5782//7568
f 5782//7818 5818//7818 5819//7818
f 5782//7818 5819//7818 5783//7818
f 5783//7773 5819//7773 5820//7773
f 5783//7773 5820//7773 5784//7773
f 5784//7820 5820//7820 5821//7820
f 5784//7820 5821//7820 5785//7820
f 5785//7574 5821//7574 5822//7574
f 5785//7574 5822//7574 5786//7574
f 5786//7821 5822//7821 5823//7821
f 5786//7822 5823//7822 5787//7822
f 5787//7777 5823//7777 5824//7777
f 5787//8003 5824//8003 5788//8003
f 5788//7581 5824//7581 5825//7581
f 5788//8004 5825//8004 5789//8004
f 5789//7824 5825//7824 5826//7824
f 5789//7779 5826//7779 5790//7779
f 5790//7584 5826//7584 5827//7584
f 5790//7584 5827//7584 5791//7584
f 5791//7587 5827//7587 5828//7587
f 5791//7780 5828//7780 5792//7780
f 5792//7589 5828//7589 5793//7589
f 5828//7961 5829//7961 5793//7961
f 5793//7718 5829//7718 5830//7718
f 5793//7454 5830//7454 5794//7454
f 5794//7963 5830//7963 5831//7963
f 5794//7964 5831//7964 5795//7964
f 5795//8005 5831//8005 5832//8005
f 5795//8006 5832//8006 5796//8006
f 5796//7722 5832//7722 5833//7722
f 5796//7831 5833//7831 5797//7831
f 5797//7832 5833//7832 5834//7832
f 5797//7833 5834//7833 5798//7833
f 5798//7967 5834//7967 5835//7967
f 5798//7835 5835//7835 5799//7835
f 5799//7836 5835//7836 5836//7836
f 5799//7465 5836//7465 5800//7465
f 5800//7837 5836//7837 5837//7837
f 5800//7838 5837//7838 5801//7838
f 5801//7839 5837//7839 5838//7839
f 5801//7469 5838//7469 5802//7469
f 5802//7471 5838//7471 5839//7471
f 5802//7471 5839//7471 5803//7471
f 5803//7968 5839//7968 5840//7968
f 5803//7474 5840//7474 5804//7474
f 5804//7475 5840//7475 5841//7475
f 5804//7476 5841//7476 5805//7476
f 5805//7477 5841//7477 5842//7477
f 5805//7842 5842//7842 5806//7842
f 5806//7480 5842//7480 5843//7480
f 5806//7479 5843//7479 5807//7479
f 5807//7481 5843//7481 5844//7481
f 5807//7482 5844//7482 5808//7482
f 5808//7844 5844//7844 5845//7844
f 5808//7844 5845//7844 5809//7844
f 5809//8007 5845//8007 5846//8007
f 5809//7845 5846//7845 5810//7845
f 5810//7732 5846//7732 5847//7732
f 5810//7847 5847//7847 5811//7847
f 5811//7733 5847//7733 5848//7733
f 5811//7848 5848//7848 5812//7848
f 5812//7849 5848//7849 5849//7849
f 5812//7850 5849//7850 5813//7850
f 5813//7494 5849//7494 5850//7494
f 5813//8008 5850//8008 5814//8008
f 5814//8009 5850//8009 5851//8009
f 5814//8010 5851//8010 5815//8010
f 5815//7498 5851//7498 5852//7498
f 5815//7736 5852//7736 5816//7736
f 5816//7852 5852//7852 5853//7852
f 5816//7853 5853//7853 5817//7853
f 5817//8011 5853//8011 5854//8011
f 5817//7855 5854//7855 5818//7855
f 5818//8012 5854//8012 5855//8012
f 5818//7503 5855//7503 5819//7503
f 5819//7504 5855//7504 5856//7504
f 5819//7858 5856//7858 5820//7858
f 5820//7506 5856//7506 5857//7506
f 5820//7973 5857//7973 5821//7973
f 5821//7509 5857//7509 5858//7509
f 5821//7509 5858//7509 5822//7509
f 5822//7510 5858//7510 5859//7510
f 5822//7743 5859//7743 5823//7743
f 5823//7859 5859//7859 5860//7859
f 5823//7859 5860//7859 5824//7859
f 5824//7860 5860//7860 5861//7860
f 5824//7860 5861//7860 5825//7860
f 5825//8013 5861//8013 5862//8013
f 5825//7861 5862//7861 5826//7861
f 5826//7862 5862//7862 5863//7862
f 5826//7862 5863//7862 5827//7862
f 5827//7519 5863//7519 5864//7519
f 5827//7520 5864//7520 5828//7520
f 5828//7865 5864//7865 5829//7865
f 5864//7866 5865//7866 5829//7866
f 5829//7867 5865//7867 5866//7867
f 5829//7868 5866//7868 5830//7868
f 5830//8014 5866//8014 5867//8014
f 5830//8014 5867//8014 5831//8014
f 5831//7870 5867//7870 5868//7870
f 5831//7692 5868//7692 5832//7692
f 5832//7980 5868//7980 5869//7980
f 5832//7388 5869//7388 5833//7388
f 5833//7390 5869//7390 5870//7390
f 5833//7873 5870//7873 5834//7873
f 5834//7875 5870//7875 5871//7875
f 5834//8015 5871//8015 5835//8015
f 5835//7698 5871//7698 5872//7698
f 5835//7394 5872//7394 5836//7394
f 5836//7877 5872//7877 5873//7877
f 5836//7395 5873//7395 5837//7395
f 5837//7878 5873//7878 5874//7878
f 5837//7398 5874//7398 5838//7398
f 5838//7700 5874//7700 5875//7700
f 5838//8016 5875//8016 5839//8016
f 5839//7880 5875//7880 5876//7880
f 5839//7701 5876//7701 5840//7701
f 5840//7882 5876//7882 5877//7882
f 5840//7404 5877//7404 5841//7404
f 5841//7883 5877//7883 5878//7883
f 5841//7405 5878//7405 5842//7405
f 5842//8017 5878//8017 5879//8017
f 5842//7407 5879//7407 5843//7407
f 5843//7410 5879//7410 5880//7410
f 5843//8018 5880//8018 5844//8018
f 5844//8019 5880//8019 5881//8019
f 5844//7412 5881//7412 5845//7412
f 5845//7705 5881//7705 5882//7705
f 5845//7414 5882//7414 5846//7414
f 5846//7415 5882//7415 5883//7415
f 5846//7706 5883//7706 5847//7706
f 5847//7417 5883//7417 5884//7417
f 5847//8020 5884//8020 5848//8020
f 5848//7420 5884//7420 5885//7420
f 5848//7419 5885//7419 5849//7419
f 5849//7885 5885//7885 5886//7885
f 5849//7886 5886//7886 5850//7886
f 5850//7887 5886//7887 5887//7887
f 5850//7986 5887//7986 5851//7986
f 5851//7889 5887//7889 5888//7889
f 5851//7425 5888//7425 5852//7425
f 5852//7890 5888//7890 5889//7890
f 5852//7890 5889//7890 5853//7890
f 5853//8021 5889//8021 5890//8021
f 5853//7711 5890//7711 5854//7711
f 5854//7891 5890//7891 5891//7891
f 5854//7431 5891//7431 5855//7431
f 5855//7892 5891//7892 5892//7892
f 5855//7987 5892//7987 5856//7987
f 5856//7436 5892//7436 5893//7436
f 5856//7436 5893//7436 5857//7436
f 5857//7437 5893//7437 5894//7437
f 5857//7712 5894//7712 5858//7712
f 5858//7896 5894//7896 5895//7896
f 5858//7897 5895//7897 5859//7897
f 5859//7898 5895//7898 5896//7898
f 5859//7988 5896//7988 5860//7988
f 5860//7900 5896//7900 5897//7900
f 5860//8022 5897//8022 5861//8022
f 5861//7901 5897//7901 5898//7901
f 5861//7902 5898//7902 5862//7902
f 5862//8023 5898//8023 5899//8023
f 5862//7448 5899//7448 5863//7448
f 5863//7450 5899//7450 5900//7450
f 5863//7905 5900//7905 5864//7905
f 5864//7452 5900//7452 5865//7452
f 5900//7906 4962//7906 5865//7906
f 5865//7907 4962//7907 4960//7907
f 5865//8024 4960//8024 5866//8024
f 5866//7909 4960//7909 4958//7909
f 5866//7909 4958//7909 5867//7909
f 5867//7910 4958//7910 4956//7910
f 5867//7314 4956//7314 5868//7314
f 5868//7316 4956//7316 4954//7316
f 5868//7911 4954//7911 5869//7911
f 5869//7912 4954//7912 4952//7912
f 5869//7913 4952//7913 5870//7913
f 5870//7914 4952//7914 4950//7914
f 5870//8025 4950//8025 5871//8025
f 5871//7653 4950//7653 4948//7653
f 5871//7916 4948//7916 5872//7916
f 5872//7323 4948//7323 4946//7323
f 5872//7323 4946//7323 5873//7323
f 5873//7918 4946//7918 4944//7918
f 5873//7918 4944//7918 5874//7918
f 5874//7919 4944//7919 4942//7919
f 5874//7327 4942//7327 5875//7327
f 5875//7920 4942//7920 4940//7920
f 5875//7329 4940//7329 5876//7329
f 5876//7922 4940//7922 4938//7922
f 5876//7923 4938//7923 5877//7923
f 5877//7333 4938//7333 4936//7333
f 5877//7925 4936//7925 5878//7925
f 5878//7993 4936//7993 4934//7993
f 5878//7662 4934//7662 5879//7662
f 5879//7663 4934//7663 4932//7663
f 5879//7663 4932//7663 5880//7663
f 5880//7929 4932//7929 4930//7929
f 5880//7929 4930//7929 5881//7929
f 5881//7665 4930//7665 5000//7665
f 5881//8026 5000//8026 5882//8026
f 5882//7932 5000//7932 4998//7932
f 5882//8027 4998//8027 5883//8027
f 5883//7934 4998//7934 4996//7934
f 5883//7346 4996//7346 5884//7346
f 5884//7347 4996//7347 4994//7347
f 5884//8028 4994//8028 5885//8028
f 5885//7936 4994//7936 4992//7936
f 5885//8029 4992//8029 5886//8029
f 5886//7351 4992//7351 4990//7351
f 5886//7997 4990//7997 5887//7997
f 5887//7937 4990//7937 4988//7937
f 5887//7938 4988//7938 5888//7938
f 5888//7675 4988//7675 4986//7675
f 5888//7998 4986//7998 5889//7998
f 5889//7677 4986//7677 4984//7677
f 5889//7940 4984//7940 5890//7940
f 5890//7359 4984//7359 4982//7359
f 5890//7941 4982//7941 5891//7941
f 5891//7942 4982//7942 4980//7942
f 5891//7362 4980//7362 5892//7362
f 5892//7999 4980//7999 4978//7999
f 5892//7943 4978//7943 5893//7943
f 5893//8030 4978//8030 4976//8030
f 5893//8030 4976//8030 5894//8030
f 5894//8031 4976//8031 4974//8031
f 5894//8032 4974//8032 5895//8032
f 5895//7947 4974//7947 4972//7947
f 5895//7948 4972//7948 5896//7948
f 5896//7949 4972//7949 4970//7949
f 5896//7950 4970//7950 5897//7950
f 5897//7688 4970//7688 4968//7688
f 5897//7374 4968//7374 5898//7374
f 5898//8033 4968//8033 4966//8033
f 5898//7376 4966//7376 5899//7376
f 5899//7689 4966//7689 4964//7689
f 5899//7378 4964//7378 5900//7378
f 5900//7954 4964//7954 4962//7954
f 5901//16 5902//16 148//16
f 148//16 5902//16 149//16
f 5903//5 5901//5 147//5
f 147//5 5901//5 148//5
f 123//16 5904//16 124//16
f 124//16 5904//16 5903//16
f 124//16 5903//16 147//16
f 128//10 130//10 5905//10
f 123//10 125//10 5904//10
f 5904//10 125//10 126//10
f 5904//10 126//10 5905//10
f 5905//10 126//10 127//10
f 5905//10 127//10 128//10
f 131//931 5906//931 129//931
f 129//931 5906//931 5905//931
f 129//931 5905//931 130//931
f 5907//5 5906//5 132//5
f 132//5 5906//5 131//5
f 5908//931 5907//931 133//931
f 133//931 5907//931 132//931
f 5909//10 5908//10 134//10
f 134//10 5908//10 133//10
f 138//16 5910//16 136//16
f 136//16 5910//16 5909//16
f 136//16 5909//16 134//16
f 155//5 154//5 5911//5
f 138//5 140//5 5910//5
f 5910//5 140//5 144//5
f 5910//5 144//5 5911//5
f 5911//5 144//5 142//5
f 5911//5 142//5 155//5
f 150//931 5912//931 152//931
f 152//931 5912//931 5911//931
f 152//931 5911//931 154//931
f 5902//10 5912//10 149//10
f 149//10 5912//10 150//10
f 5907//1 5908//1 5906//1
f 5906//1 5908//1 5909//1
f 5906//1 5909//1 5905//1
f 5905//1 5909//1 5910//1
f 5905//1 5910//1 5904//1
f 5904//1 5910//1 5911//1
f 5904//1 5911//1 5903//1
f 5903//1 5911//1 5912//1
f 5903//1 5912//1 5901//1
f 5901//1 5912//1 5902//1
f 5913//5 5914//5 171//5
f 171//5 5914//5 167//5
f 5915//931 5913//931 170//931
f 170//931 5913//931 171//931
f 5916//10 5915//10 168//10
f 168//10 5915//10 170//10
f 5914//16 5916//16 167//16
f 167//16 5916//16 168//16
f 5915//1 5916//1 5913//1
f 5913//1 5916//1 5914//1
f 5917//5 5918//5 162//5
f 162//5 5918//5 161//5
f 5919//931 5917//931 157//931
f 157//931 5917//931 162//931
f 5920//10 5919//10 159//10
f 159//10 5919//10 157//10
f 5918//16 5920//16 161//16
f 161//16 5920//16 159//16
f 5919//1 5920//1 5917//1
f 5917//1 5920//1 5918//1
f 5921//10 5922//10 65//10
f 65//10 5922//10 66//10
f 5923//16 5921//16 64//16
f 64//16 5921//16 65//16
f 5924//5 5923//5 63//5
f 63//5 5923//5 64//5
f 45//16 5925//16 46//16
f 46//16 5925//16 5924//16
f 46//16 5924//16 63//16
f 50//10 51//10 5926//10
f 45//10 47//10 5925//10
f 5925//10 47//10 48//10
f 5925//10 48//10 5926//10
f 5926//10 48//10 49//10
f 5926//10 49//10 50//10
f 5//931 5927//931 6//931
f 6//931 5927//931 5926//931
f 6//931 5926//931 51//931
f 5928//5 5927//5 4//5
f 4//5 5927//5 5//5
f 5929//931 5928//931 8//931
f 8//931 5928//931 4//931
f 5930//10 5929//10 11//10
f 11//10 5929//10 8//10
f 54//16 5931//16 52//16
f 52//16 5931//16 5930//16
f 52//16 5930//16 11//16
f 71//5 70//5 5932//5
f 54//5 56//5 5931//5
f 5931//5 56//5 60//5
f 5931//5 60//5 5932//5
f 5932//5 60//5 58//5
f 5932//5 58//5 71//5
f 66//931 5922//931 68//931
f 68//931 5922//931 5932//931
f 68//931 5932//931 70//931
f 5928//1 5929//1 5927//1
f 5927//1 5929//1 5930//1
f 5927//1 5930//1 5926//1
f 5926//1 5930//1 5931//1
f 5926//1 5931//1 5925//1
f 5925//1 5931//1 5932//1
f 5925//1 5932//1 5924//1
f 5924//1 5932//1 5922//1
f 5924//1 5922//1 5923//1
f 5923//1 5922//1 5921//1
f 5933//5 5934//5 86//5
f 86//5 5934//5 82//5
f 5935//931 5933//931 85//931
f 85//931 5933//931 86//931
f 5936//10 5935//10 83//10
f 83//10 5935//10 85//10
f 5934//16 5936//16 82//16
f 82//16 5936//16 83//16
f 5935//1 5936//1 5933//1
f 5933//1 5936//1 5934//1
f 5937//5 5938//5 77//5
f 77//5 5938//5 76//5
f 5939//931 5937//931 74//931
f 74//931 5937//931 77//931
f 5940//10 5939//10 75//10
f 75//10 5939//10 74//10
f 5938//16 5940//16 76//16
f 76//16 5940//16 75//16
f 5939//1 5940//1 5937//1
f 5937//1 5940//1 5938//1
f 119//16 5941//16 118//16
f 118//16 5941//16 5942//16
f 118//16 5942//16 117//16
f 5943//5 5941//5 120//5
f 120//5 5941//5 119//5
f 116//931 5944//931 122//931
f 122//931 5944//931 5943//931
f 122//931 5943//931 120//931
f 5942//10 5944//10 117//10
f 117//10 5944//10 116//10
f 5943//1 5944//1 5941//1
f 5941//1 5944//1 5942//1
f 111//16 5945//16 110//16
f 110//16 5945//16 5946//16
f 110//16 5946//16 109//16
f 5947//5 5945//5 112//5
f 112//5 5945//5 111//5
f 107//931 5948//931 114//931
f 114//931 5948//931 5947//931
f 114//931 5947//931 112//931
f 5946//10 5948//10 109//10
f 109//10 5948//10 107//10
f 5947//1 5948//1 5945//1
f 5945//1 5948//1 5946//1
f 100//16 5949//16 98//16
f 98//16 5949//16 5950//16
f 98//16 5950//16 96//16
f 5951//5 5949//5 102//5
f 102//5 5949//5 100//5
f 97//931 5952//931 104//931
f 104//931 5952//931 5951//931
f 104//931 5951//931 102//931
f 5950//10 5952//10 96//10
f 96//10 5952//10 97//10
f 5951//1 5952//1 5949//1
f 5949//1 5952//1 5950//1
f 41//16 5953//16 40//16
f 40//16 5953//16 5954//16
f 40//16 5954//16 39//16
f 5955//5 5953//5 42//5
f 42//5 5953//5 41//5
f 38//931 5956//931 44//931
f 44//931 5956//931 5955//931
f 44//931 5955//931 42//931
f 5954//10 5956//10 39//10
f 39//10 5956//10 38//10
f 5955//1 5956//1 5953//1
f 5953//1 5956//1 5954//1
f 33//16 5957//16 32//16
f 32//16 5957//16 5958//16
f 32//16 5958//16 31//16
f 5959//5 5957//5 34//5
f 34//5 5957//5 33//5
f 29//931 5960//931 36//931
f 36//931 5960//931 5959//931
f 36//931 5959//931 34//931
f 5958//10 5960//10 31//10
f 31//10 5960//10 29//10
f 5959//1 5960//1 5957//1
f 5957//1 5960//1 5958//1
f 24//16 5961//16 23//16
f 23//16 5961//16 5962//16
f 23//16 5962//16 22//16
f 5963//5 5961//5 25//5
f 25//5 5961//5 24//5
f 20//931 5964//931 27//931
f 27//931 5964//931 5963//931
f 27//931 5963//931 25//931
f 5962//10 5964//10 22//10
f 22//10 5964//10 20//10
f 5963//1 5964//1 5961//1
f 5961//1 5964//1 5962//1
f 9//16 5965//16 7//16
f 7//16 5965//16 5966//16
f 7//16 5966//16 14//16
f 5967//5 5965//5 19//5
f 19//5 5965//5 9//5
f 16//931 5968//931 18//931
f 18//931 5968//931 5967//931
f 18//931 5967//931 19//931
f 5966//10 5968//10 14//10
f 14//10 5968//10 16//10
f 5967//1 5968//1 5965//1
f 5965//1 5968//1 5966//1
f 5969//8034 5970//8034 5971//8034
f 5971//8034 5970//8034 5972//8034
f 5971//6732 5972//6732 5973//6732
f 5973//6732 5972//6732 5974//6732
f 5973//6734 5974//6734 5975//6734
f 5975//6734 5974//6734 5976//6734
f 5975//6735 5976//6735 5977//6735
f 5977//8035 5976//8035 5978//8035
f 5977//6729 5978//6729 5979//6729
f 5979//6729 5978//6729 5980//6729
f 5979//6736 5980//6736 5981//6736
f 5981//6736 5980//6736 5982//6736
f 5981//6737 5982//6737 5983//6737
f 5983//6737 5982//6737 5984//6737
f 5983//8036 5984//8036 5985//8036
f 5985//6738 5984//6738 5986//6738
f 5985//6739 5986//6739 5987//6739
f 5987//8037 5986//8037 5988//8037
f 5987//8038 5988//8038 5989//8038
f 5989//6759 5988//6759 5990//6759
f 5989//6760 5990//6760 5991//6760
f 5991//8039 5990//8039 5992//8039
f 5991//6761 5992//6761 5993//6761
f 5993//6761 5992//6761 5994//6761
f 5993//8040 5994//8040 5995//8040
f 5995//8040 5994//8040 5996//8040
f 5995//6727 5996//6727 5997//6727
f 5997//6727 5996//6727 5998//6727
f 5997//8041 5998//8041 5999//8041
f 5999//6763 5998//6763 6000//6763
f 5999//6765 6000//6765 6001//6765
f 6001//6765 6000//6765 6002//6765
f 6001//6766 6002//6766 6003//6766
f 6003//6766 6002//6766 6004//6766
f 6003//6767 6004//6767 6005//6767
f 6005//6767 6004//6767 6006//6767
f 6005//8042 6006//8042 6007//8042
f 6007//6750 6006//6750 6008//6750
f 6007//6751 6008//6751 6009//6751
f 6009//6751 6008//6751 6010//6751
f 6009//6752 6010//6752 6011//6752
f 6011//6752 6010//6752 6012//6752
f 6011//8043 6012//8043 6013//8043
f 6013//8043 6012//8043 6014//8043
f 6013//6728 6014//6728 6015//6728
f 6015//6728 6014//6728 6016//6728
f 6015//8044 6016//8044 6017//8044
f 6017//8044 6016//8044 6018//8044
f 6017//6756 6018//6756 6019//6756
f 6019//6756 6018//6756 6020//6756
f 6019//6757 6020//6757 6021//6757
f 6021//8045 6020//8045 6022//8045
f 6021//6758 6022//6758 6023//6758
f 6023//8046 6022//8046 6024//8046
f 6023//8047 6024//8047 6025//8047
f 6025//6740 6024//6740 6026//6740
f 6025//8048 6026//8048 6027//8048
f 6027//6741 6026//6741 6028//6741
f 6027//6742 6028//6742 6029//6742
f 6029//6742 6028//6742 6030//6742
f 6029//8049 6030//8049 6031//8049
f 6031//8049 6030//8049 6032//8049
f 6031//6730 6032//6730 6033//6730
f 6033//6730 6032//6730 6034//6730
f 6033//8050 6034//8050 6035//8050
f 6035//8050 6034//8050 6036//8050
f 6035//6747 6036//6747 6037//6747
f 6037//6747 6036//6747 6038//6747
f 6037//6748 6038//6748 6039//6748
f 6039//6748 6038//6748 6040//6748
f 6039//8051 6040//8051 5969//8051
f 5969//6749 6040//6749 5970//6749
f 5972//8052 2915//8052 5974//8052
f 5974//8053 2915//8053 2927//8053
f 5974//8054 2927//8054 5976//8054
f 5976//8054 2927//8054 2926//8054
f 5976//8055 2926//8055 5978//8055
f 5978//8056 2926//8056 2918//8056
f 5978//8057 2918//8057 5980//8057
f 5980//8058 2918//8058 2917//8058
f 5980//8059 2917//8059 5982//8059
f 5982//8059 2917//8059 3014//8059
f 5982//8060 3014//8060 5984//8060
f 5984//8061 3014//8061 3013//8061
f 5984//8062 3013//8062 5986//8062
f 5986//8063 3013//8063 3012//8063
f 5986//8064 3012//8064 5988//8064
f 5988//8065 3012//8065 3011//8065
f 5988//8066 3011//8066 5990//8066
f 5990//8067 3011//8067 2956//8067
f 5990//8068 2956//8068 5992//8068
f 5992//8069 2956//8069 2957//8069
f 5992//8070 2957//8070 5994//8070
f 5994//8071 2957//8071 2959//8071
f 5994//8072 2959//8072 5996//8072
f 5996//8073 2959//8073 2949//8073
f 5996//8074 2949//8074 5998//8074
f 5998//8075 2949//8075 2951//8075
f 5998//8076 2951//8076 6000//8076
f 6000//8077 2951//8077 2953//8077
f 6000//8078 2953//8078 6002//8078
f 6002//8078 2953//8078 2955//8078
f 6002//8079 2955//8079 6004//8079
f 6004//8079 2955//8079 3006//8079
f 6004//8080 3006//8080 6006//8080
f 6006//8080 3006//8080 3008//8080
f 6006//8081 3008//8081 6008//8081
f 6008//8082 3008//8082 2997//8082
f 6008//8083 2997//8083 6010//8083
f 6010//8084 2997//8084 2999//8084
f 6010//8085 2999//8085 6012//8085
f 6012//8086 2999//8086 3001//8086
f 6012//8087 3001//8087 6014//8087
f 6014//8088 3001//8088 2987//8088
f 6014//8089 2987//8089 6016//8089
f 6016//8089 2987//8089 2989//8089
f 6016//8090 2989//8090 6018//8090
f 6018//8090 2989//8090 2991//8090
f 6018//8091 2991//8091 6020//8091
f 6020//8092 2991//8092 2993//8092
f 6020//8093 2993//8093 6022//8093
f 6022//8094 2993//8094 2995//8094
f 6022//8095 2995//8095 6024//8095
f 6024//8096 2995//8096 2996//8096
f 6024//8097 2996//8097 6026//8097
f 6026//8098 2996//8098 2986//8098
f 6026//8099 2986//8099 6028//8099
f 6028//8100 2986//8100 2985//8100
f 6028//8101 2985//8101 6030//8101
f 6030//8101 2985//8101 3021//8101
f 6030//8102 3021//8102 6032//8102
f 6032//8103 3021//8103 3020//8103
f 6032//8104 3020//8104 6034//8104
f 6034//8105 3020//8105 3019//8105
f 6034//8106 3019//8106 6036//8106
f 6036//8107 3019//8107 2924//8107
f 6036//8108 2924//8108 6038//8108
f 6038//8109 2924//8109 2923//8109
f 6038//8110 2923//8110 6040//8110
f 6040//8110 2923//8110 2940//8110
f 6040//8111 2940//8111 5970//8111
f 5970//8112 2940//8112 2914//8112
f 5970//8113 2914//8113 5972//8113
f 5972//8114 2914//8114 2915//8114
f 6041//1 6023//1 6042//1
f 6042//1 6023//1 6025//1
f 6042//1 6025//1 6043//1
f 6043//1 6025//1 6027//1
f 6043//1 6027//1 6044//1
f 6044//1 6027//1 6029//1
f 6044//1 6029//1 6045//1
f 6045//1 6029//1 6031//1
f 6045//1 6031//1 6046//1
f 6046//1 6031//1 6033//1
f 6046//1 6033//1 6047//1
f 6047//1 6033//1 6035//1
f 6047//1 6035//1 6048//1
f 6048//1 6035//1 6037//1
f 6048//1 6037//1 6049//1
f 6049//1 6037//1 6039//1
f 6049//1 6039//1 6050//1
f 6050//1 6039//1 5969//1
f 6050//1 5969//1 6051//1
f 6051//1 5969//1 5971//1
f 6051//1 5971//1 6052//1
f 6052//1 5971//1 5973//1
f 6052//1 5973//1 6053//1
f 6053//1 5973//1 5975//1
f 6053//1 5975//1 6054//1
f 6054//1 5975//1 5977//1
f 6054//1 5977//1 6055//1
f 6055//1 5977//1 5979//1
f 6055//1 5979//1 6056//1
f 6056//1 5979//1 5981//1
f 6056//1 5981//1 6057//1
f 6057//1 5981//1 5983//1
f 6057//1 5983//1 6058//1
f 6058//1 5983//1 5985//1
f 6058//1 5985//1 6059//1
f 6059//1 5985//1 5987//1
f 6059//1 5987//1 6060//1
f 6060//1 5987//1 5989//1
f 6060//1 5989//1 6061//1
f 6061//1 5989//1 5991//1
f 6061//1 5991//1 6062//1
f 6062//1 5991//1 5993//1
f 6062//1 5993//1 6063//1
f 6063//1 5993//1 5995//1
f 6063//1 5995//1 6064//1
f 6064//1 5995//1 5997//1
f 6064//1 5997//1 6065//1
f 6065//1 5997//1 5999//1
f 6065//1 5999//1 6066//1
f 6066//1 5999//1 6001//1
f 6066//1 6001//1 6067//1
f 6067//1 6001//1 6003//1
f 6067//1 6003//1 6068//1
f 6068//1 6003//1 6005//1
f 6068//1 6005//1 6069//1
f 6069//1 6005//1 6007//1
f 6069//1 6007//1 6070//1
f 6070//1 6007//1 6009//1
f 6070//1 6009//1 6071//1
f 6071//1 6009//1 6011//1
f 6071//1 6011//1 6072//1
f 6072//1 6011//1 6013//1
f 6072//1 6013//1 6073//1
f 6073//1 6013//1 6015//1
f 6073//1 6015//1 6074//1
f 6074//1 6015//1 6017//1
f 6074//1 6017//1 6075//1
f 6075//1 6017//1 6019//1
f 6075//1 6019//1 6076//1
f 6076//1 6019//1 6021//1
f 6076//1 6021//1 6041//1
f 6041//1 6021//1 6023//1
f 6077//8042 6051//8042 6078//8042
f 6078//6751 6051//6751 6052//6751
f 6078//6751 6052//6751 6079//6751
f 6079//8115 6052//8115 6053//8115
f 6079//6752 6053//6752 6080//6752
f 6080//6753 6053//6753 6054//6753
f 6080//6753 6054//6753 6081//6753
f 6081//6728 6054//6728 6055//6728
f 6081//6728 6055//6728 6082//6728
f 6082//8044 6055//8044 6056//8044
f 6082//8044 6056//8044 6083//8044
f 6083//6756 6056//6756 6057//6756
f 6083//6756 6057//6756 6084//6756
f 6084//6757 6057//6757 6058//6757
f 6084//8116 6058//8116 6085//8116
f 6085//8046 6058//8046 6059//8046
f 6085//8046 6059//8046 6086//8046
f 6086//8047 6059//8047 6060//8047
f 6086//8047 6060//8047 6087//8047
f 6087//8117 6060//8117 6061//8117
f 6087//6741 6061//6741 6088//6741
f 6088//6742 6061//6742 6062//6742
f 6088//6742 6062//6742 6089//6742
f 6089//8049 6062//8049 6063//8049
f 6089//8049 6063//8049 6090//8049
f 6090//6730 6063//6730 6064//6730
f 6090//8118 6064//8118 6091//8118
f 6091//8119 6064//8119 6065//8119
f 6091//8119 6065//8119 6092//8119
f 6092//6747 6065//6747 6066//6747
f 6092//6747 6066//6747 6093//6747
f 6093//6748 6066//6748 6067//6748
f 6093//6748 6067//6748 6094//6748
f 6094//6749 6067//6749 6068//6749
f 6094//6749 6068//6749 6095//6749
f 6095//6731 6068//6731 6069//6731
f 6095//6731 6069//6731 6096//6731
f 6096//6732 6069//6732 6070//6732
f 6096//6732 6070//6732 6097//6732
f 6097//6734 6070//6734 6071//6734
f 6097//6734 6071//6734 6098//6734
f 6098//8120 6071//8120 6072//8120
f 6098//8120 6072//8120 6099//8120
f 6099//8121 6072//8121 6073//8121
f 6099//6729 6073//6729 6100//6729
f 6100//6736 6073//6736 6074//6736
f 6100//6736 6074//6736 6101//6736
f 6101//6737 6074//6737 6075//6737
f 6101//6737 6075//6737 6102//6737
f 6102//6738 6075//6738 6076//6738
f 6102//6738 6076//6738 6103//6738
f 6103//8037 6076//8037 6041//8037
f 6103//6739 6041//6739 6104//6739
f 6104//6759 6041//6759 6042//6759
f 6104//8038 6042//8038 6105//8038
f 6105//6760 6042//6760 6043//6760
f 6105//6760 6043//6760 6106//6760
f 6106//6761 6043//6761 6044//6761
f 6106//6761 6044//6761 6107//6761
f 6107//8040 6044//8040 6045//8040
f 6107//8040 6045//8040 6108//8040
f 6108//6727 6045//6727 6046//6727
f 6108//6727 6046//6727 6109//6727
f 6109//8041 6046//8041 6047//8041
f 6109//8041 6047//8041 6110//8041
f 6110//8122 6047//8122 6048//8122
f 6110//6765 6048//6765 6111//6765
f 6111//6766 6048//6766 6049//6766
f 6111//6766 6049//6766 6112//6766
f 6112//8123 6049//8123 6050//8123
f 6112//8123 6050//8123 6077//8123
f 6077//8042 6050//8042 6051//8042
f 6113//1 6114//1 6115//1
f 6115//1 6114//1 6116//1
f 6115//1 6116//1 6117//1
f 6118//1 6119//1 6115//1
f 6115//1 6119//1 6120//1
f 6115//1 6120//1 6113//1
f 6121//1 6122//1 6115//1
f 6115//1 6122//1 6123//1
f 6115//1 6123//1 6118//1
f 6124//1 6125//1 6115//1
f 6115//1 6125//1 6126//1
f 6115//1 6126//1 6121//1
f 6127//1 6128//1 6115//1
f 6115//1 6128//1 6129//1
f 6115//1 6129//1 6124//1
f 6130//1 6131//1 6115//1
f 6115//1 6131//1 6132//1
f 6115//1 6132//1 6127//1
f 6133//1 6134//1 6115//1
f 6115//1 6134//1 6135//1
f 6115//1 6135//1 6130//1
f 6136//1 6137//1 6115//1
f 6115//1 6137//1 6138//1
f 6115//1 6138//1 6133//1
f 6139//1 6140//1 6115//1
f 6115//1 6140//1 6141//1
f 6115//1 6141//1 6136//1
f 6142//1 6143//1 6115//1
f 6115//1 6143//1 6144//1
f 6115//1 6144//1 6139//1
f 6145//1 6146//1 6115//1
f 6115//1 6146//1 6147//1
f 6115//1 6147//1 6142//1
f 6117//1 6148//1 6115//1
f 6115//1 6148//1 6149//1
f 6115//1 6149//1 6145//1
f 6116//8124 6150//8124 6117//8124
f 6117//7591 6150//7591 6151//7591
f 6117//7590 6151//7590 6148//7590
f 6148//8125 6151//8125 6152//8125
f 6148//8126 6152//8126 6149//8126
f 6149//7783 6152//7783 6153//7783
f 6149//8127 6153//8127 6145//8127
f 6145//7596 6153//7596 6154//7596
f 6145//7596 6154//7596 6146//7596
f 6146//7784 6154//7784 6155//7784
f 6146//7785 6155//7785 6147//7785
f 6147//8128 6155//8128 6156//8128
f 6147//8129 6156//8129 6142//8129
f 6142//7600 6156//7600 6157//7600
f 6142//7599 6157//7599 6143//7599
f 6143//7788 6157//7788 6158//7788
f 6143//7601 6158//7601 6144//7601
f 6144//7604 6158//7604 6159//7604
f 6144//7604 6159//7604 6139//7604
f 6139//7606 6159//7606 6160//7606
f 6139//8130 6160//8130 6140//8130
f 6140//8131 6160//8131 6161//8131
f 6140//7607 6161//7607 6141//7607
f 6141//7609 6161//7609 6162//7609
f 6141//7789 6162//7789 6136//7789
f 6136//7791 6162//7791 6163//7791
f 6136//7792 6163//7792 6137//7792
f 6137//7613 6163//7613 6164//7613
f 6137//7612 6164//7612 6138//7612
f 6138//8132 6164//8132 6165//8132
f 6138//7614 6165//7614 6133//7614
f 6133//8133 6165//8133 6166//8133
f 6133//8134 6166//8134 6134//8134
f 6134//7617 6166//7617 6167//7617
f 6134//7616 6167//7616 6135//7616
f 6135//7619 6167//7619 6168//7619
f 6135//7618 6168//7618 6130//7618
f 6130//7621 6168//7621 6169//7621
f 6130//8135 6169//8135 6131//8135
f 6131//8136 6169//8136 6170//8136
f 6131//7622 6170//7622 6132//7622
f 6132//8000 6170//8000 6171//8000
f 6132//7793 6171//7793 6127//7793
f 6127//7802 6171//7802 6172//7802
f 6127//7625 6172//7625 6128//7625
f 6128//7626 6172//7626 6173//7626
f 6128//7626 6173//7626 6129//7626
f 6129//7627 6173//7627 6174//7627
f 6129//7627 6174//7627 6124//7627
f 6124//7629 6174//7629 6175//7629
f 6124//8137 6175//8137 6125//8137
f 6125//8138 6175//8138 6176//8138
f 6125//7630 6176//7630 6126//7630
f 6126//7633 6176//7633 6177//7633
f 6126//7632 6177//7632 6121//7632
f 6121//7635 6177//7635 6178//7635
f 6121//7634 6178//7634 6122//7634
f 6122//8139 6178//8139 6179//8139
f 6122//8139 6179//8139 6123//8139
f 6123//8140 6179//8140 6180//8140
f 6123//7797 6180//7797 6118//7797
f 6118//8141 6180//8141 6181//8141
f 6118//8142 6181//8142 6119//8142
f 6119//7642 6181//7642 6182//7642
f 6119//8143 6182//8143 6120//8143
f 6120//8144 6182//8144 6183//8144
f 6120//7643 6183//7643 6113//7643
f 6113//7644 6183//7644 6184//7644
f 6113//8145 6184//8145 6114//8145
f 6114//8146 6184//8146 6185//8146
f 6114//7645 6185//7645 6116//7645
f 6116//7647 6185//7647 6150//7647
f 6185//7588 6186//7588 6150//7588
f 6150//7803 6186//7803 6187//7803
f 6150//8147 6187//8147 6151//8147
f 6151//7750 6187//7750 6188//7750
f 6151//8148 6188//8148 6152//8148
f 6152//7527 6188//7527 6189//7527
f 6152//7528 6189//7528 6153//7528
f 6153//7530 6189//7530 6190//7530
f 6153//8149 6190//8149 6154//8149
f 6154//7754 6190//7754 6191//7754
f 6154//7754 6191//7754 6155//7754
f 6155//7533 6191//7533 6192//7533
f 6155//8150 6192//8150 6156//8150
f 6156//8151 6192//8151 6193//8151
f 6156//7756 6193//7756 6157//7756
f 6157//7536 6193//7536 6194//7536
f 6157//7537 6194//7537 6158//7537
f 6158//7539 6194//7539 6195//7539
f 6158//7808 6195//7808 6159//7808
f 6159//8152 6195//8152 6196//8152
f 6159//7757 6196//7757 6160//7757
f 6160//7758 6196//7758 6197//7758
f 6160//8153 6197//8153 6161//8153
f 6161//8154 6197//8154 6198//8154
f 6161//8155 6198//8155 6162//8155
f 6162//8156 6198//8156 6199//8156
f 6162//7546 6199//7546 6163//7546
f 6163//7548 6199//7548 6200//7548
f 6163//7762 6200//7762 6164//7762
f 6164//8157 6200//8157 6201//8157
f 6164//7549 6201//7549 6165//7549
f 6165//8158 6201//8158 6202//8158
f 6165//8159 6202//8159 6166//8159
f 6166//7553 6202//7553 6203//7553
f 6166//7554 6203//7554 6167//7554
f 6167//7810 6203//7810 6204//7810
f 6167//8160 6204//8160 6168//8160
f 6168//8161 6204//8161 6205//8161
f 6168//8162 6205//8162 6169//8162
f 6169//8163 6205//8163 6206//8163
f 6169//7812 6206//7812 6170//7812
f 6170//7561 6206//7561 6207//7561
f 6170//8164 6207//8164 6171//8164
f 6171//7562 6207//7562 6208//7562
f 6171//7562 6208//7562 6172//7562
f 6172//7770 6208//7770 6209//7770
f 6172//7564 6209//7564 6173//7564
f 6173//7567 6209//7567 6210//7567
f 6173//8165 6210//8165 6174//8165
f 6174//8166 6210//8166 6211//8166
f 6174//8167 6211//8167 6175//8167
f 6175//7772 6211//7772 6212//7772
f 6175//8168 6212//8168 6176//8168
f 6176//7571 6212//7571 6213//7571
f 6176//7773 6213//7773 6177//7773
f 6177//8169 6213//8169 6214//8169
f 6177//7820 6214//7820 6178//7820
f 6178//7575 6214//7575 6215//7575
f 6178//7575 6215//7575 6179//7575
f 6179//8170 6215//8170 6216//8170
f 6179//7577 6216//7577 6180//7577
f 6180//7777 6216//7777 6217//7777
f 6180//7823 6217//7823 6181//7823
f 6181//7580 6217//7580 6218//7580
f 6181//7778 6218//7778 6182//7778
f 6182//8171 6218//8171 6219//8171
f 6182//8172 6219//8172 6183//8172
f 6183//8173 6219//8173 6220//8173
f 6183//8174 6220//8174 6184//8174
f 6184//7586 6220//7586 6221//7586
f 6184//7825 6221//7825 6185//7825
f 6185//8175 6221//8175 6186//8175
f 6221//8176 6222//8176 6186//8176
f 6186//8177 6222//8177 6223//8177
f 6186//8178 6223//8178 6187//8178
f 6187//7964 6223//7964 6224//7964
f 6187//8179 6224//8179 6188//8179
f 6188//8180 6224//8180 6225//8180
f 6188//7458 6225//7458 6189//7458
f 6189//8181 6225//8181 6226//8181
f 6189//8182 6226//8182 6190//8182
f 6190//8183 6226//8183 6227//8183
f 6190//8184 6227//8184 6191//8184
f 6191//8185 6227//8185 6228//8185
f 6191//8186 6228//8186 6192//8186
f 6192//8187 6228//8187 6229//8187
f 6192//8188 6229//8188 6193//8188
f 6193//8189 6229//8189 6230//8189
f 6193//8190 6230//8190 6194//8190
f 6194//8191 6230//8191 6231//8191
f 6194//8192 6231//8192 6195//8192
f 6195//8193 6231//8193 6232//8193
f 6195//8193 6232//8193 6196//8193
f 6196//8194 6232//8194 6233//8194
f 6196//8195 6233//8195 6197//8195
f 6197//8196 6233//8196 6234//8196
f 6197//7726 6234//7726 6198//7726
f 6198//8197 6234//8197 6235//8197
f 6198//8198 6235//8198 6199//8198
f 6199//8199 6235//8199 6236//8199
f 6199//7969 6236//7969 6200//7969
f 6200//8200 6236//8200 6237//8200
f 6200//7970 6237//7970 6201//7970
f 6201//7844 6237//7844 6238//7844
f 6201//7483 6238//7483 6202//7483
f 6202//8201 6238//8201 6239//8201
f 6202//8202 6239//8202 6203//8202
f 6203//8203 6239//8203 6240//8203
f 6203//8204 6240//8204 6204//8204
f 6204//8205 6240//8205 6241//8205
f 6204//8206 6241//8206 6205//8206
f 6205//8207 6241//8207 6242//8207
f 6205//8208 6242//8208 6206//8208
f 6206//8209 6242//8209 6243//8209
f 6206//8210 6243//8210 6207//8210
f 6207//7495 6243//7495 6244//7495
f 6207//8211 6244//8211 6208//8211
f 6208//8212 6244//8212 6245//8212
f 6208//7736 6245//7736 6209//7736
f 6209//8213 6245//8213 6246//8213
f 6209//8214 6246//8214 6210//8214
f 6210//7855 6246//7855 6247//7855
f 6210//7738 6247//7738 6211//7738
f 6211//8215 6247//8215 6248//8215
f 6211//8216 6248//8216 6212//8216
f 6212//8217 6248//8217 6249//8217
f 6212//8218 6249//8218 6213//8218
f 6213//8219 6249//8219 6250//8219
f 6213//7506 6250//7506 6214//7506
f 6214//7509 6250//7509 6251//7509
f 6214//8220 6251//8220 6215//8220
f 6215//8221 6251//8221 6252//8221
f 6215//7743 6252//7743 6216//7743
f 6216//7859 6252//7859 6253//7859
f 6216//8222 6253//8222 6217//8222
f 6217//8223 6253//8223 6254//8223
f 6217//8224 6254//8224 6218//8224
f 6218//8013 6254//8013 6255//8013
f 6218//7975 6255//7975 6219//7975
f 6219//7862 6255//7862 6256//7862
f 6219//7517 6256//7517 6220//7517
f 6220//8225 6256//8225 6257//8225
f 6220//8226 6257//8226 6221//8226
f 6221//8227 6257//8227 6222//8227
f 6257//8228 6258//8228 6222//8228
f 6222//7381 6258//7381 6259//7381
f 6222//8229 6259//8229 6223//8229
f 6223//7383 6259//7383 6260//7383
f 6223//8230 6260//8230 6224//8230
f 6224//8231 6260//8231 6261//8231
f 6224//8232 6261//8232 6225//8232
f 6225//8233 6261//8233 6262//8233
f 6225//8234 6262//8234 6226//8234
f 6226//8235 6262//8235 6263//8235
f 6226//8236 6263//8236 6227//8236
f 6227//8237 6263//8237 6264//8237
f 6227//7875 6264//7875 6228//7875
f 6228//8238 6264//8238 6265//8238
f 6228//8239 6265//8239 6229//8239
f 6229//8240 6265//8240 6266//8240
f 6229//8241 6266//8241 6230//8241
f 6230//8242 6266//8242 6267//8242
f 6230//8243 6267//8243 6231//8243
f 6231//8016 6267//8016 6268//8016
f 6231//8244 6268//8244 6232//8244
f 6232//8245 6268//8245 6269//8245
f 6232//8246 6269//8246 6233//8246
f 6233//7403 6269//7403 6270//7403
f 6233//8247 6270//8247 6234//8247
f 6234//8248 6270//8248 6271//8248
f 6234//8249 6271//8249 6235//8249
f 6235//7407 6271//7407 6272//7407
f 6235//8250 6272//8250 6236//8250
f 6236//8251 6272//8251 6273//8251
f 6236//8252 6273//8252 6237//8252
f 6237//7411 6273//7411 6274//7411
f 6237//8253 6274//8253 6238//8253
f 6238//7705 6274//7705 6275//7705
f 6238//7414 6275//7414 6239//7414
f 6239//7415 6275//7415 6276//7415
f 6239//7415 6276//7415 6240//7415
f 6240//7417 6276//7417 6277//7417
f 6240//8254 6277//8254 6241//8254
f 6241//8255 6277//8255 6278//8255
f 6241//7709 6278//7709 6242//7709
f 6242//7421 6278//7421 6279//7421
f 6242//8256 6279//8256 6243//8256
f 6243//8257 6279//8257 6280//8257
f 6243//7423 6280//7423 6244//7423
f 6244//8258 6280//8258 6281//8258
f 6244//8259 6281//8259 6245//8259
f 6245//8260 6281//8260 6282//8260
f 6245//8261 6282//8261 6246//8261
f 6246//8262 6282//8262 6283//8262
f 6246//8263 6283//8263 6247//8263
f 6247//8264 6283//8264 6284//8264
f 6247//8265 6284//8265 6248//8265
f 6248//7987 6284//7987 6285//7987
f 6248//8266 6285//8266 6249//8266
f 6249//7436 6285//7436 6286//7436
f 6249//8267 6286//8267 6250//8267
f 6250//8268 6286//8268 6287//8268
f 6250//8269 6287//8269 6251//8269
f 6251//7896 6287//7896 6288//7896
f 6251//8270 6288//8270 6252//8270
f 6252//8271 6288//8271 6289//8271
f 6252//7899 6289//7899 6253//7899
f 6253//8272 6289//8272 6290//8272
f 6253//8022 6290//8022 6254//8022
f 6254//7445 6290//7445 6291//7445
f 6254//8273 6291//8273 6255//8273
f 6255//8274 6291//8274 6292//8274
f 6255//8275 6292//8275 6256//8275
f 6256//8276 6292//8276 6293//8276
f 6256//7450 6293//7450 6257//7450
f 6257//8277 6293//8277 6258//8277
f 6293//8278 6294//8278 6258//8278
f 6258//8279 6294//8279 6295//8279
f 6258//7309 6295//7309 6259//7309
f 6259//8280 6295//8280 6296//8280
f 6259//8281 6296//8281 6260//8281
f 6260//8282 6296//8282 6297//8282
f 6260//7313 6297//7313 6261//7313
f 6261//8283 6297//8283 6298//8283
f 6261//8284 6298//8284 6262//8284
f 6262//8285 6298//8285 6299//8285
f 6262//7913 6299//7913 6263//7913
f 6263//8286 6299//8286 6300//8286
f 6263//8287 6300//8287 6264//8287
f 6264//8288 6300//8288 6301//8288
f 6264//8289 6301//8289 6265//8289
f 6265//8290 6301//8290 6302//8290
f 6265//7324 6302//7324 6266//7324
f 6266//8291 6302//8291 6303//8291
f 6266//8292 6303//8292 6267//8292
f 6267//8293 6303//8293 6304//8293
f 6267//8294 6304//8294 6268//8294
f 6268//8295 6304//8295 6305//8295
f 6268//7920 6305//7920 6269//7920
f 6269//8296 6305//8296 6306//8296
f 6269//8297 6306//8297 6270//8297
f 6270//8298 6306//8298 6307//8298
f 6270//8299 6307//8299 6271//8299
f 6271//8300 6307//8300 6308//8300
f 6271//7662 6308//7662 6272//7662
f 6272//7337 6308//7337 6309//7337
f 6272//8301 6309//8301 6273//8301
f 6273//8302 6309//8302 6310//8302
f 6273//8303 6310//8303 6274//8303
f 6274//8304 6310//8304 6311//8304
f 6274//8305 6311//8305 6275//8305
f 6275//8306 6311//8306 6312//8306
f 6275//8306 6312//8306 6276//8306
f 6276//8307 6312//8307 6313//8307
f 6276//8308 6313//8308 6277//8308
f 6277//8309 6313//8309 6314//8309
f 6277//8310 6314//8310 6278//8310
f 6278//8311 6314//8311 6315//8311
f 6278//7936 6315//7936 6279//7936
f 6279//8312 6315//8312 6316//8312
f 6279//7351 6316//7351 6280//7351
f 6280//8313 6316//8313 6317//8313
f 6280//8314 6317//8314 6281//8314
f 6281//8315 6317//8315 6318//8315
f 6281//8316 6318//8316 6282//8316
f 6282//7940 6318//7940 6319//7940
f 6282//7357 6319//7357 6283//7357
f 6283//8317 6319//8317 6320//8317
f 6283//8318 6320//8318 6284//8318
f 6284//8319 6320//8319 6321//8319
f 6284//7678 6321//7678 6285//7678
f 6285//8320 6321//8320 6322//8320
f 6285//8321 6322//8321 6286//8321
f 6286//8322 6322//8322 6323//8322
f 6286//8323 6323//8323 6287//8323
f 6287//8032 6323//8032 6324//8032
f 6287//8324 6324//8324 6288//8324
f 6288//7947 6324//7947 6325//7947
f 6288//8325 6325//8325 6289//8325
f 6289//8326 6325//8326 6326//8326
f 6289//7950 6326//7950 6290//7950
f 6290//8327 6326//8327 6327//8327
f 6290//8328 6327//8328 6291//8328
f 6291//8329 6327//8329 6328//8329
f 6291//7376 6328//7376 6292//7376
f 6292//8330 6328//8330 6329//8330
f 6292//8331 6329//8331 6293//8331
f 6293//7954 6329//7954 6294//7954
f 6329//8332 6330//8332 6294//8332
f 6294//8333 6330//8333 6331//8333
f 6294//8334 6331//8334 6295//8334
f 6295//8335 6331//8335 6332//8335
f 6295//8336 6332//8336 6296//8336
f 6296//8337 6332//8337 6333//8337
f 6296//8338 6333//8338 6297//8338
f 6297//8339 6333//8339 6334//8339
f 6297//8340 6334//8340 6298//8340
f 6298//8341 6334//8341 6335//8341
f 6298//8342 6335//8342 6299//8342
f 6299//8343 6335//8343 6336//8343
f 6299//8344 6336//8344 6300//8344
f 6300//8345 6336//8345 6337//8345
f 6300//8346 6337//8346 6301//8346
f 6301//8347 6337//8347 6338//8347
f 6301//8348 6338//8348 6302//8348
f 6302//8349 6338//8349 6339//8349
f 6302//8350 6339//8350 6303//8350
f 6303//8351 6339//8351 6340//8351
f 6303//8352 6340//8352 6304//8352
f 6304//8353 6340//8353 6341//8353
f 6304//8354 6341//8354 6305//8354
f 6305//8355 6341//8355 6342//8355
f 6305//8356 6342//8356 6306//8356
f 6306//8357 6342//8357 6343//8357
f 6306//8358 6343//8358 6307//8358
f 6307//8359 6343//8359 6344//8359
f 6307//8360 6344//8360 6308//8360
f 6308//8361 6344//8361 6345//8361
f 6308//8362 6345//8362 6309//8362
f 6309//8363 6345//8363 6346//8363
f 6309//8363 6346//8363 6310//8363
f 6310//8364 6346//8364 6347//8364
f 6310//8365 6347//8365 6311//8365
f 6311//8366 6347//8366 6348//8366
f 6311//8367 6348//8367 6312//8367
f 6312//8368 6348//8368 6349//8368
f 6312//8369 6349//8369 6313//8369
f 6313//8370 6349//8370 6350//8370
f 6313//8371 6350//8371 6314//8371
f 6314//8372 6350//8372 6351//8372
f 6314//8373 6351//8373 6315//8373
f 6315//8374 6351//8374 6352//8374
f 6315//8375 6352//8375 6316//8375
f 6316//8376 6352//8376 6353//8376
f 6316//8377 6353//8377 6317//8377
f 6317//8378 6353//8378 6354//8378
f 6317//8379 6354//8379 6318//8379
f 6318//8380 6354//8380 6355//8380
f 6318//8381 6355//8381 6319//8381
f 6319//8382 6355//8382 6356//8382
f 6319//8383 6356//8383 6320//8383
f 6320//8384 6356//8384 6357//8384
f 6320//8385 6357//8385 6321//8385
f 6321//8386 6357//8386 6358//8386
f 6321//8387 6358//8387 6322//8387
f 6322//8388 6358//8388 6359//8388
f 6322//8389 6359//8389 6323//8389
f 6323//8390 6359//8390 6360//8390
f 6323//8391 6360//8391 6324//8391
f 6324//8392 6360//8392 6361//8392
f 6324//8393 6361//8393 6325//8393
f 6325//8394 6361//8394 6362//8394
f 6325//8395 6362//8395 6326//8395
f 6326//8396 6362//8396 6363//8396
f 6326//8397 6363//8397 6327//8397
f 6327//8398 6363//8398 6364//8398
f 6327//8399 6364//8399 6328//8399
f 6328//8400 6364//8400 6365//8400
f 6328//8401 6365//8401 6329//8401
f 6329//8402 6365//8402 6330//8402
f 6365//8403 6366//8403 6330//8403
f 6330//8404 6366//8404 6367//8404
f 6330//8405 6367//8405 6331//8405
f 6331//8406 6367//8406 6368//8406
f 6331//8407 6368//8407 6332//8407
f 6332//8408 6368//8408 6369//8408
f 6332//8409 6369//8409 6333//8409
f 6333//8410 6369//8410 6370//8410
f 6333//8411 6370//8411 6334//8411
f 6334//8412 6370//8412 6371//8412
f 6334//8413 6371//8413 6335//8413
f 6335//8414 6371//8414 6372//8414
f 6335//8415 6372//8415 6336//8415
f 6336//8416 6372//8416 6373//8416
f 6336//8417 6373//8417 6337//8417
f 6337//8418 6373//8418 6374//8418
f 6337//8419 6374//8419 6338//8419
f 6338//8420 6374//8420 6375//8420
f 6338//8421 6375//8421 6339//8421
f 6339//8422 6375//8422 6376//8422
f 6339//8423 6376//8423 6340//8423
f 6340//8424 6376//8424 6377//8424
f 6340//8425 6377//8425 6341//8425
f 6341//8426 6377//8426 6378//8426
f 6341//8427 6378//8427 6342//8427
f 6342//8428 6378//8428 6379//8428
f 6342//8429 6379//8429 6343//8429
f 6343//8430 6379//8430 6380//8430
f 6343//8431 6380//8431 6344//8431
f 6344//8432 6380//8432 6381//8432
f 6344//8433 6381//8433 6345//8433
f 6345//8434 6381//8434 6382//8434
f 6345//8435 6382//8435 6346//8435
f 6346//8436 6382//8436 6383//8436
f 6346//8437 6383//8437 6347//8437
f 6347//8438 6383//8438 6384//8438
f 6347//8439 6384//8439 6348//8439
f 6348//8440 6384//8440 6385//8440
f 6348//8441 6385//8441 6349//8441
f 6349//8442 6385//8442 6386//8442
f 6349//8443 6386//8443 6350//8443
f 6350//8444 6386//8444 6387//8444
f 6350//8445 6387//8445 6351//8445
f 6351//8446 6387//8446 6388//8446
f 6351//8447 6388//8447 6352//8447
f 6352//8448 6388//8448 6389//8448
f 6352//8449 6389//8449 6353//8449
f 6353//8450 6389//8450 6390//8450
f 6353//8451 6390//8451 6354//8451
f 6354//8452 6390//8452 6391//8452
f 6354//8453 6391//8453 6355//8453
f 6355//8454 6391//8454 6392//8454
f 6355//8455 6392//8455 6356//8455
f 6356//8456 6392//8456 6393//8456
f 6356//8457 6393//8457 6357//8457
f 6357//8458 6393//8458 6394//8458
f 6357//8459 6394//8459 6358//8459
f 6358//8460 6394//8460 6395//8460
f 6358//8461 6395//8461 6359//8461
f 6359//8462 6395//8462 6396//8462
f 6359//8463 6396//8463 6360//8463
f 6360//8464 6396//8464 6397//8464
f 6360//8465 6397//8465 6361//8465
f 6361//8466 6397//8466 6398//8466
f 6361//8467 6398//8467 6362//8467
f 6362//8468 6398//8468 6399//8468
f 6362//8469 6399//8469 6363//8469
f 6363//8470 6399//8470 6400//8470
f 6363//8471 6400//8471 6364//8471
f 6364//8472 6400//8472 6401//8472
f 6364//8473 6401//8473 6365//8473
f 6365//8474 6401//8474 6366//8474
f 6401//8475 6402//8475 6366//8475
f 6366//8476 6402//8476 6403//8476
f 6366//8477 6403//8477 6367//8477
f 6367//8478 6403//8478 6404//8478
f 6367//8479 6404//8479 6368//8479
f 6368//8480 6404//8480 6405//8480
f 6368//8481 6405//8481 6369//8481
f 6369//8482 6405//8482 6406//8482
f 6369//8483 6406//8483 6370//8483
f 6370//8484 6406//8484 6407//8484
f 6370//8485 6407//8485 6371//8485
f 6371//8486 6407//8486 6408//8486
f 6371//8487 6408//8487 6372//8487
f 6372//8488 6408//8488 6409//8488
f 6372//8489 6409//8489 6373//8489
f 6373//8490 6409//8490 6410//8490
f 6373//8491 6410//8491 6374//8491
f 6374//8492 6410//8492 6411//8492
f 6374//8493 6411//8493 6375//8493
f 6375//8494 6411//8494 6412//8494
f 6375//8495 6412//8495 6376//8495
f 6376//8496 6412//8496 6413//8496
f 6376//8497 6413//8497 6377//8497
f 6377//8498 6413//8498 6414//8498
f 6377//8499 6414//8499 6378//8499
f 6378//8500 6414//8500 6415//8500
f 6378//8501 6415//8501 6379//8501
f 6379//8502 6415//8502 6416//8502
f 6379//8503 6416//8503 6380//8503
f 6380//8504 6416//8504 6417//8504
f 6380//8505 6417//8505 6381//8505
f 6381//8506 6417//8506 6418//8506
f 6381//8507 6418//8507 6382//8507
f 6382//8508 6418//8508 6419//8508
f 6382//8509 6419//8509 6383//8509
f 6383//8510 6419//8510 6420//8510
f 6383//8511 6420//8511 6384//8511
f 6384//8512 6420//8512 6421//8512
f 6384//8513 6421//8513 6385//8513
f 6385//8514 6421//8514 6422//8514
f 6385//8515 6422//8515 6386//8515
f 6386//8516 6422//8516 6423//8516
f 6386//8517 6423//8517 6387//8517
f 6387//8518 6423//8518 6424//8518
f 6387//8519 6424//8519 6388//8519
f 6388//8520 6424//8520 6425//8520
f 6388//8521 6425//8521 6389//8521
f 6389//8522 6425//8522 6426//8522
f 6389//8523 6426//8523 6390//8523
f 6390//8524 6426//8524 6427//8524
f 6390//8525 6427//8525 6391//8525
f 6391//8526 6427//8526 6428//8526
f 6391//8527 6428//8527 6392//8527
f 6392//8528 6428//8528 6429//8528
f 6392//8529 6429//8529 6393//8529
f 6393//8530 6429//8530 6430//8530
f 6393//8531 6430//8531 6394//8531
f 6394//8532 6430//8532 6431//8532
f 6394//8533 6431//8533 6395//8533
f 6395//8534 6431//8534 6432//8534
f 6395//8535 6432//8535 6396//8535
f 6396//8536 6432//8536 6433//8536
f 6396//8537 6433//8537 6397//8537
f 6397//8538 6433//8538 6434//8538
f 6397//8539 6434//8539 6398//8539
f 6398//8540 6434//8540 6435//8540
f 6398//8541 6435//8541 6399//8541
f 6399//8542 6435//8542 6436//8542
f 6399//8543 6436//8543 6400//8543
f 6400//8544 6436//8544 6437//8544
f 6400//8545 6437//8545 6401//8545
f 6401//8546 6437//8546 6402//8546
f 6437//8547 6078//8547 6402//8547
f 6402//8548 6078//8548 6079//8548
f 6402//8549 6079//8549 6403//8549
f 6403//8550 6079//8550 6080//8550
f 6403//8551 6080//8551 6404//8551
f 6404//8552 6080//8552 6081//8552
f 6404//8553 6081//8553 6405//8553
f 6405//8554 6081//8554 6082//8554
f 6405//8555 6082//8555 6406//8555
f 6406//8556 6082//8556 6083//8556
f 6406//8557 6083//8557 6407//8557
f 6407//8558 6083//8558 6084//8558
f 6407//8559 6084//8559 6408//8559
f 6408//8560 6084//8560 6085//8560
f 6408//8561 6085//8561 6409//8561
f 6409//8562 6085//8562 6086//8562
f 6409//8563 6086//8563 6410//8563
f 6410//8564 6086//8564 6087//8564
f 6410//8565 6087//8565 6411//8565
f 6411//8566 6087//8566 6088//8566
f 6411//8567 6088//8567 6412//8567
f 6412//8568 6088//8568 6089//8568
f 6412//8569 6089//8569 6413//8569
f 6413//8570 6089//8570 6090//8570
f 6413//8571 6090//8571 6414//8571
f 6414//8572 6090//8572 6091//8572
f 6414//8573 6091//8573 6415//8573
f 6415//8574 6091//8574 6092//8574
f 6415//8575 6092//8575 6416//8575
f 6416//8576 6092//8576 6093//8576
f 6416//8577 6093//8577 6417//8577
f 6417//8578 6093//8578 6094//8578
f 6417//8579 6094//8579 6418//8579
f 6418//8580 6094//8580 6095//8580
f 6418//8581 6095//8581 6419//8581
f 6419//8582 6095//8582 6096//8582
f 6419//8583 6096//8583 6420//8583
f 6420//8584 6096//8584 6097//8584
f 6420//8585 6097//8585 6421//8585
f 6421//8586 6097//8586 6098//8586
f 6421//8587 6098//8587 6422//8587
f 6422//8588 6098//8588 6099//8588
f 6422//8589 6099//8589 6423//8589
f 6423//8590 6099//8590 6100//8590
f 6423//8591 6100//8591 6424//8591
f 6424//8592 6100//8592 6101//8592
f 6424//8593 6101//8593 6425//8593
f 6425//8594 6101//8594 6102//8594
f 6425//8595 6102//8595 6426//8595
f 6426//8596 6102//8596 6103//8596
f 6426//8597 6103//8597 6427//8597
f 6427//8598 6103//8598 6104//8598
f 6427//8599 6104//8599 6428//8599
f 6428//8600 6104//8600 6105//8600
f 6428//8601 6105//8601 6429//8601
f 6429//8602 6105//8602 6106//8602
f 6429//8603 6106//8603 6430//8603
f 6430//8604 6106//8604 6107//8604
f 6430//8605 6107//8605 6431//8605
f 6431//8606 6107//8606 6108//8606
f 6431//8607 6108//8607 6432//8607
f 6432//8608 6108//8608 6109//8608
f 6432//8609 6109//8609 6433//8609
f 6433//8610 6109//8610 6110//8610
f 6433//8611 6110//8611 6434//8611
f 6434//8612 6110//8612 6111//8612
f 6434//8613 6111//8613 6435//8613
f 6435//8614 6111//8614 6112//8614
f 6435//8615 6112//8615 6436//8615
f 6436//8616 6112//8616 6077//8616
f 6436//8617 6077//8617 6437//8617
f 6437//8618 6077//8618 6078//8618
