# Blender 4.5.3 LTS
# www.blender.org
mtllib 7- HAND - V1.STL.mtl
o 7-_HAND_-_V1
v 266.700012 426.299988 2.904738
v 260.700012 426.299988 2.904738
v 260.700012 426.478851 3.064178
v 266.700012 426.825928 3.324681
v 260.700012 426.825928 3.324681
v 260.700012 427.049988 3.464102
v 266.700012 427.414825 3.650504
v 260.700012 427.414825 3.650504
v 260.700012 427.681915 3.758770
v 266.700012 428.049988 3.872983
v 260.700012 428.049988 3.872983
v 260.700012 428.355408 3.939231
v 266.700012 428.713501 3.985820
v 260.700012 428.713501 3.985820
v 260.700012 429.049988 4.000000
v 266.700012 429.386505 3.985820
v 260.700012 429.386505 3.985820
v 260.700012 429.744598 3.939231
v 266.700012 430.049988 3.872983
v 260.700012 430.049988 3.872983
v 260.700012 430.418091 3.758770
v 266.700012 430.685181 3.650504
v 260.700012 430.685181 3.650504
v 260.700012 431.049988 3.464102
v 266.700012 431.274078 3.324681
v 260.700012 431.799988 2.904738
v 266.700012 431.799988 2.904738
v 260.700012 431.621155 3.064178
v 260.700012 431.274078 3.324681
v 279.200012 419.288574 3.868421
v 294.200012 419.288574 3.868421
v 294.200012 419.549316 4.470683
v 279.200012 419.288574 -3.868421
v 278.937439 419.281006 -3.849289
v 275.307709 419.549316 -4.470683
v 278.804169 419.271362 -3.824697
v 278.665558 419.257111 -3.788037
v 278.396820 419.216858 -3.682333
v 278.139252 419.161835 -3.531906
v 277.890442 419.091583 -3.328662
v 275.307709 419.063904 -3.244678
v 275.307709 419.122894 -3.420906
v 275.307709 419.464081 -4.284878
v 278.456970 419.227356 3.710213
v 278.608337 419.249939 3.769473
v 275.307709 419.549316 4.470683
v 278.750183 419.266327 3.811791
v 279.042908 419.285889 3.861601
v 277.533356 418.952667 2.879872
v 277.700317 419.024384 3.120418
v 275.307709 419.063904 3.244678
v 277.812073 419.065460 3.249492
v 275.307709 419.283936 3.856667
v 277.946289 419.108948 3.380185
v 278.196991 419.175659 3.570346
v 277.810730 419.065002 -3.248062
v 277.677124 419.015228 -3.090822
v 277.534241 418.953064 -2.881341
v 277.478455 418.925537 -2.783006
v 277.326904 418.835724 -2.432766
v 275.307709 418.859406 -2.530161
v 277.230621 418.750732 -2.043240
v 275.307709 418.735992 -1.967504
v 277.219757 418.736053 -1.967874
v 275.307709 418.675659 -1.619614
v 277.200012 418.681702 -1.657895
v 275.307709 418.573120 -0.696391
v 277.200012 418.570709 -0.659301
v 275.307709 418.570709 -0.659301
v 277.200012 418.567749 -0.610106
v 275.307709 418.552582 0.232282
v 277.200012 418.567749 0.610106
v 275.307709 418.570709 0.659301
v 277.200012 418.570709 0.659301
v 275.307709 418.614166 1.159137
v 277.200012 418.681702 1.657895
v 275.307709 418.735992 1.967504
v 277.219757 418.736053 1.967944
v 275.307709 418.757446 2.076920
v 277.232483 418.752991 2.054728
v 275.307709 418.981293 2.978449
v 277.328857 418.837097 2.438503
v 277.486511 418.929657 2.797949
v 294.200012 431.826721 -10.126191
v 275.307709 432.689667 -9.848997
v 294.200012 432.915314 -9.762653
v 275.307709 432.915314 -9.762653
v 294.200012 433.058929 -9.704564
v 275.307709 433.545898 -9.488782
v 294.200012 434.108398 -9.201221
v 275.307709 434.108398 -9.201221
v 294.200012 434.229431 -9.133644
v 275.307709 434.366913 -9.054303
v 275.307709 435.146332 -8.548962
v 294.200012 435.221741 -8.494678
v 275.307709 435.221741 -8.494678
v 294.200012 435.320282 -8.422215
v 275.307709 435.878021 -7.976715
v 294.200012 436.237732 -7.654171
v 275.307709 436.237732 -7.654171
v 294.200012 436.314636 -7.581223
v 275.307709 436.556305 -7.342038
v 294.200012 437.140381 -6.692952
v 275.307709 437.140381 -6.692952
v 294.200012 437.197266 -6.623602
v 275.307709 437.175812 -6.649900
v 294.200012 437.915436 -5.626181
v 275.307709 437.731720 -5.905718
v 275.307709 437.915436 -5.626181
v 294.200012 437.954559 -5.564086
v 275.307709 438.219696 -5.115315
v 294.200012 438.550690 -4.470683
v 275.307709 438.550690 -4.470683
v 294.200012 438.574860 -4.418974
v 275.307709 439.526886 -0.696391
v 294.200012 439.529785 -0.651163
v 275.307709 439.424347 -1.619614
v 294.200012 439.368561 -1.943471
v 275.307709 439.364014 -1.967504
v 294.200012 439.364014 -1.967504
v 275.307709 439.240601 -2.530161
v 294.200012 439.048615 -3.205882
v 275.307709 439.036102 -3.244678
v 294.200012 439.036102 -3.244678
v 275.307709 438.977112 -3.420906
v 275.307709 438.635925 -4.284878
v 275.307709 439.529266 -0.659301
v 275.307709 439.547424 0.232282
v 294.200012 439.529785 0.651163
v 275.307709 439.529266 0.659301
v 294.200012 439.368561 1.943471
v 275.307709 439.485809 1.159137
v 294.200012 439.364014 1.967504
v 275.307709 439.364014 1.967504
v 294.200012 439.048615 3.205882
v 275.307709 439.342529 2.076920
v 275.307709 439.118713 2.978449
v 294.200012 439.036102 3.244678
v 275.307709 439.036102 3.244678
v 294.200012 438.574860 4.418974
v 275.307709 438.816071 3.856667
v 294.200012 438.550690 4.470683
v 275.307709 438.550690 4.470683
v 275.307709 438.437012 4.704701
v 294.200012 437.954559 5.564086
v 275.307709 437.984467 5.515915
v 294.200012 437.915436 5.626181
v 275.307709 437.915436 5.626181
v 294.200012 437.197266 6.623602
v 275.307709 437.462006 6.283959
v 294.200012 437.140381 6.692952
v 275.307709 436.237732 7.654171
v 294.200012 436.314636 7.581223
v 275.307709 436.873718 7.002823
v 275.307709 437.140381 6.692952
v 275.307709 436.224182 7.666880
v 294.200012 435.320282 8.422215
v 294.200012 436.237732 7.654171
v 275.307709 435.518524 8.270933
v 275.307709 435.221741 8.494678
v 294.200012 435.221741 8.494678
v 275.307709 434.762207 8.810256
v 294.200012 434.229431 9.133644
v 275.307709 434.108398 9.201221
v 294.200012 434.108398 9.201221
v 275.307709 433.961212 9.280625
v 294.200012 433.058929 9.704564
v 275.307709 433.121765 9.678362
v 294.200012 432.915314 9.762653
v 275.307709 432.915314 9.762653
v 275.307709 432.250458 10.000353
v 294.200012 431.826721 10.126191
v 275.307709 431.661255 10.170123
v 294.200012 431.661255 10.170123
v 275.307709 431.354095 10.244076
v 294.200012 430.551819 10.392040
v 275.307709 430.439728 10.407626
v 294.200012 430.365997 10.417204
v 275.307709 430.365997 10.417204
v 275.307709 429.514465 10.489722
v 294.200012 429.253815 10.498022
v 275.307709 429.049988 10.500000
v 294.200012 429.049988 10.500000
v 275.307709 428.585541 10.489722
v 294.200012 427.952698 10.442505
v 275.307709 427.734009 10.417204
v 294.200012 427.734009 10.417204
v 294.200012 426.438751 10.170123
v 294.200012 426.668427 10.226343
v 275.307709 426.745911 10.244076
v 275.307709 427.660278 10.407626
v 275.307709 426.438751 10.170123
v 275.307709 425.849548 10.000353
v 294.200012 425.420807 9.852863
v 275.307709 425.184692 9.762653
v 294.200012 425.184692 9.762653
v 275.307709 424.978241 9.678362
v 294.200012 424.229004 9.327809
v 275.307709 424.138794 9.280625
v 294.200012 423.991577 9.201221
v 275.307709 423.991577 9.201221
v 294.200012 423.111389 8.659260
v 275.307709 423.337799 8.810256
v 294.200012 422.878265 8.494678
v 275.307709 422.878265 8.494678
v 275.307709 422.581482 8.270933
v 294.200012 422.085114 7.857499
v 275.307709 421.875824 7.666880
v 294.200012 421.862244 7.654171
v 275.307709 421.862244 7.654171
v 294.200012 421.165985 6.934860
v 275.307709 421.226288 7.002823
v 294.200012 420.959625 6.692952
v 275.307709 419.662994 4.704701
v 294.200012 419.703857 4.785367
v 275.307709 420.115540 5.515915
v 294.200012 420.184570 5.626181
v 275.307709 420.184570 5.626181
v 294.200012 420.368134 5.905538
v 275.307709 420.638000 6.283959
v 275.307709 420.959625 6.692952
v 294.200012 419.288574 -3.868421
v 294.200012 419.549316 -4.470683
v 294.200012 419.703857 -4.785367
v 275.307709 419.880280 -5.115315
v 294.200012 420.184570 -5.626181
v 275.307709 420.184570 -5.626181
v 294.200012 420.368134 -5.905538
v 275.307709 420.368256 -5.905718
v 275.307709 420.924194 -6.649900
v 294.200012 420.959625 -6.692952
v 275.307709 420.959625 -6.692952
v 294.200012 421.165985 -6.934860
v 275.307709 421.543701 -7.342038
v 294.200012 421.862244 -7.654171
v 275.307709 421.862244 -7.654171
v 294.200012 422.085114 -7.857499
v 275.307709 422.221954 -7.976715
v 294.200012 422.878265 -8.494678
v 275.307709 422.878265 -8.494678
v 294.200012 423.111389 -8.659260
v 275.307709 422.953674 -8.548962
v 294.200012 423.991577 -9.201221
v 275.307709 423.733093 -9.054303
v 275.307709 423.991577 -9.201221
v 294.200012 424.229004 -9.327809
v 275.307709 424.554108 -9.488782
v 294.200012 425.184692 -9.762653
v 275.307709 425.184692 -9.762653
v 294.200012 425.420807 -9.852863
v 275.307709 425.410309 -9.848997
v 294.200012 426.438751 -10.170123
v 275.307709 426.295013 -10.132132
v 275.307709 426.438751 -10.170123
v 294.200012 426.668427 -10.226343
v 275.307709 427.201294 -10.335968
v 294.200012 427.734009 -10.417204
v 275.307709 427.734009 -10.417204
v 294.200012 427.952698 -10.442505
v 275.307709 428.122009 -10.458912
v 294.200012 429.049988 -10.500000
v 275.307709 429.049988 -10.500000
v 294.200012 429.253815 -10.498022
v 275.307709 429.977997 -10.458912
v 294.200012 430.365997 -10.417204
v 275.307709 430.365997 -10.417204
v 294.200012 430.551819 -10.392040
v 275.307709 430.898712 -10.335968
v 294.200012 431.661255 -10.170123
v 275.307709 431.661255 -10.170123
v 275.307709 431.804993 -10.132132
v 295.200012 436.533691 2.827464
v 295.200012 437.667725 3.998119
v 295.200012 436.048218 3.876195
v 295.200012 437.106506 5.034173
v 295.200012 435.416718 4.844041
v 295.200012 436.421326 5.992783
v 295.200012 434.652374 5.710805
v 295.200012 435.622772 6.859201
v 295.200012 433.771118 6.458399
v 295.200012 434.723114 7.620100
v 295.200012 432.791351 7.071225
v 295.200012 433.736145 8.263773
v 295.200012 431.733521 7.536494
v 295.200012 420.218231 3.500000
v 295.200012 421.856262 3.500000
v 295.200012 420.593964 4.329617
v 295.200012 421.906830 3.602092
v 295.200012 421.194977 5.343106
v 295.200012 422.500336 4.593682
v 295.200012 421.916840 6.274397
v 295.200012 423.230530 5.489414
v 295.200012 422.748444 7.109165
v 295.200012 424.082153 6.270597
v 295.200012 423.676971 7.834568
v 295.200012 425.037415 6.920930
v 295.200012 432.677124 8.780319
v 295.200012 431.562286 9.161792
v 295.200012 430.619690 7.844496
v 295.200012 430.408813 9.402322
v 295.200012 429.473083 7.988805
v 295.200012 429.234406 9.498210
v 295.200012 428.317657 7.966409
v 295.200012 428.057190 9.447980
v 295.200012 427.177521 7.777776
v 295.200012 426.895233 9.252406
v 295.200012 426.076447 7.426842
v 295.200012 425.766449 8.914495
v 295.200012 424.688141 8.439446
v 295.200012 436.046570 -3.879192
v 295.200012 437.667725 -3.998119
v 295.200012 436.532471 -2.830668
v 295.200012 438.096375 -2.900559
v 295.200012 436.862244 -1.723076
v 295.200012 438.385864 -1.758379
v 295.200012 437.028992 -0.579529
v 295.200012 438.531708 -0.589147
v 295.200012 437.029236 0.576112
v 295.200012 438.531708 0.589147
v 295.200012 436.862976 1.719731
v 295.200012 438.385864 1.758379
v 295.200012 438.096375 2.900559
v 295.200012 421.856262 -3.500000
v 295.200012 420.218231 -3.500000
v 295.200012 421.905273 -3.599033
v 295.200012 420.593964 -4.329617
v 295.200012 422.498383 -4.590877
v 295.200012 421.194977 -5.343106
v 295.200012 423.228180 -5.486922
v 295.200012 421.916840 -6.274397
v 295.200012 424.079468 -6.268470
v 295.200012 430.616302 -7.845167
v 295.200012 431.562286 -9.161792
v 295.200012 431.730286 -7.537642
v 295.200012 432.677124 -8.780319
v 295.200012 432.788330 -7.072827
v 295.200012 433.736145 -8.263773
v 295.200012 433.768372 -6.460421
v 295.200012 434.723114 -7.620100
v 295.200012 434.649933 -5.713203
v 295.200012 435.622772 -6.859201
v 295.200012 435.414642 -4.846767
v 295.200012 436.421326 -5.992783
v 295.200012 437.106506 -5.034173
v 295.200012 422.748444 -7.109165
v 295.200012 423.676971 -7.834568
v 295.200012 425.034454 -6.919211
v 295.200012 424.688141 -8.439446
v 295.200012 426.073273 -7.425568
v 295.200012 425.766449 -8.914495
v 295.200012 427.174194 -7.776974
v 295.200012 426.895233 -9.252406
v 295.200012 428.314240 -7.966094
v 295.200012 428.057190 -9.447980
v 295.200012 429.469666 -7.988986
v 295.200012 429.234406 -9.498210
v 295.200012 430.408813 -9.402322
v 278.295166 422.841827 1.925779
v 278.235443 422.793915 1.763873
v 276.299988 422.868134 2.008610
v 279.200012 423.049988 2.500000
v 279.105896 423.048157 2.495562
v 276.299988 423.258453 2.950938
v 293.700012 423.246185 2.926700
v 293.700012 423.049988 2.500000
v 279.020325 423.043243 2.483725
v 278.936127 423.035370 2.464558
v 278.853455 423.024567 2.438038
v 278.774231 423.011230 2.404827
v 278.697723 422.995392 2.364708
v 278.625000 422.977417 2.318150
v 278.492889 422.936188 2.207107
v 278.381836 422.890106 2.075005
v 278.339996 422.868683 2.010293
v 276.299988 423.258453 -2.950938
v 278.492889 422.936188 -2.207107
v 278.625000 422.977417 -2.318150
v 278.936127 423.035370 -2.464558
v 279.020020 423.043213 -2.483670
v 278.853729 423.024597 -2.438134
v 278.697540 422.995361 -2.364595
v 278.774231 423.011230 -2.404827
v 293.700012 423.049988 -2.500000
v 293.700012 423.244904 -2.924214
v 279.200012 423.049988 -2.500000
v 279.105896 423.048157 -2.495562
v 278.204437 422.748505 -1.594108
v 278.235443 422.793915 -1.763873
v 276.299988 422.868134 -2.008610
v 278.295166 422.841827 -1.925779
v 278.339996 422.868683 -2.010293
v 278.381836 422.890106 -2.075005
v 278.204437 422.748505 1.594108
v 278.200012 422.725433 1.500000
v 276.299988 422.630035 1.016824
v 278.200012 422.630035 1.016824
v 276.299988 422.549988 -0.000000
v 278.200012 422.549988 -0.000000
v 276.299988 422.630035 -1.016824
v 278.200012 422.630035 -1.016824
v 278.200012 422.725433 -1.500000
v 276.299988 429.049988 -6.500000
v 276.299988 428.033173 -6.419974
v 293.700012 428.452209 -6.472452
v 276.299988 427.041382 -6.181867
v 293.700012 427.525909 -6.318791
v 293.700012 428.033173 -6.419974
v 276.299988 426.099060 -5.791543
v 293.700012 426.631409 -6.033274
v 293.700012 427.041382 -6.181867
v 276.299988 425.229401 -5.258610
v 293.700012 425.787384 -5.621860
v 293.700012 426.099060 -5.791543
v 276.299988 424.453796 -4.596194
v 293.700012 425.011444 -5.093132
v 293.700012 425.229401 -5.258610
v 276.299988 423.791382 -3.820604
v 293.700012 424.319763 -4.458124
v 293.700012 424.453796 -4.596194
v 293.700012 423.258453 -2.950938
v 293.700012 423.726807 -3.730087
v 293.700012 423.791382 -3.820604
v 293.700012 423.258453 2.950938
v 293.700012 423.728394 3.732367
v 276.299988 423.791382 3.820604
v 293.700012 423.791382 3.820604
v 293.700012 424.321686 4.460149
v 276.299988 424.453796 4.596194
v 293.700012 424.453796 4.596194
v 293.700012 425.013611 5.094860
v 276.299988 425.229401 5.258610
v 293.700012 425.229401 5.258610
v 293.700012 425.789795 5.623256
v 276.299988 426.099060 5.791543
v 293.700012 426.099060 5.791543
v 293.700012 426.634003 6.034309
v 276.299988 427.041382 6.181867
v 293.700012 427.041382 6.181867
v 293.700012 427.528595 6.319443
v 276.299988 428.033173 6.419974
v 293.700012 428.033173 6.419974
v 293.700012 428.454987 6.472707
v 276.299988 429.049988 6.500000
v 293.700012 429.049988 6.500000
v 293.700012 429.393768 6.490904
v 276.299988 430.066833 6.419974
v 293.700012 430.066833 6.419974
v 293.700012 430.325348 6.373653
v 276.299988 431.058624 6.181867
v 293.700012 431.058624 6.181867
v 293.700012 431.230347 6.123401
v 276.299988 432.000946 5.791543
v 293.700012 432.000946 5.791543
v 293.700012 432.089844 5.745370
v 276.299988 432.870605 5.258610
v 293.700012 432.885925 5.247449
v 276.299988 434.308624 3.820604
v 293.700012 434.222961 3.935783
v 276.299988 433.646179 4.596194
v 293.700012 433.646179 4.596194
v 293.700012 433.601929 4.640029
v 276.299988 434.841553 2.950938
v 293.700012 434.736053 3.149409
v 293.700012 434.308624 3.820604
v 276.299988 435.231873 2.008610
v 293.700012 435.130493 2.297314
v 293.700012 434.841553 2.950938
v 276.299988 435.469971 1.016824
v 293.700012 435.398041 1.397281
v 293.700012 435.231873 2.008610
v 276.299988 435.549988 -0.000000
v 293.700012 435.533112 0.468091
v 293.700012 435.469971 1.016824
v 276.299988 435.469971 -1.016824
v 293.700012 435.532928 -0.470867
v 293.700012 435.549988 -0.000000
v 276.299988 435.231873 -2.008610
v 293.700012 435.397430 -1.400000
v 293.700012 435.469971 -1.016824
v 276.299988 434.841553 -2.950938
v 293.700012 435.129517 -2.299918
v 293.700012 435.231873 -2.008610
v 276.299988 434.308624 -3.820604
v 293.700012 434.734711 -3.151843
v 293.700012 434.841553 -2.950938
v 276.299988 433.646179 -4.596194
v 293.700012 434.221283 -3.937998
v 293.700012 434.308624 -3.820604
v 276.299988 432.870605 -5.258610
v 293.700012 433.599945 -4.641978
v 293.700012 433.646179 -4.596194
v 276.299988 432.000946 -5.791543
v 293.700012 432.087402 -5.746672
v 293.700012 432.883667 -5.249092
v 276.299988 431.058624 -6.181867
v 293.700012 431.227722 -6.124334
v 293.700012 432.000946 -5.791543
v 276.299988 430.066833 -6.419974
v 293.700012 430.322632 -6.374198
v 293.700012 431.058624 -6.181867
v 293.700012 429.049988 -6.500000
v 293.700012 429.390961 -6.491051
v 293.700012 430.066833 -6.419974
v 266.700012 428.676666 2.117337
v 266.700012 430.432007 -1.646996
v 266.700012 430.696991 -1.381993
v 266.700012 431.799988 -2.904738
v 266.700012 430.911957 -1.075000
v 266.700012 431.070343 -0.735343
v 266.700012 427.188049 1.075000
v 266.700012 427.029663 0.735343
v 266.700012 425.549988 1.936492
v 266.700012 429.049988 2.150000
v 266.700012 429.423340 2.117337
v 266.700012 429.785339 2.020339
v 266.700012 430.125000 1.861955
v 266.700012 430.432007 1.646996
v 266.700012 430.696991 1.381993
v 266.700012 426.000122 2.771741
v 266.700012 426.144562 2.850620
v 266.700012 427.403015 1.381993
v 266.700012 426.932678 -0.373344
v 266.700012 425.549988 -1.936492
v 266.700012 426.899994 -0.000000
v 266.700012 426.932678 0.373344
v 266.700012 428.314667 2.020339
v 266.700012 427.975006 1.861955
v 266.700012 427.667999 1.646996
v 266.700012 432.496185 -2.260089
v 266.700012 432.430298 -2.410902
v 266.700012 432.340576 -2.548864
v 266.700012 432.229431 -2.670240
v 266.700012 430.911957 1.075000
v 266.700012 431.955414 2.850620
v 266.700012 432.099884 2.771741
v 266.700012 425.563538 2.100512
v 266.700012 425.603790 2.260089
v 266.700012 425.669708 2.410902
v 266.700012 425.870575 -2.670240
v 266.700012 425.759430 -2.548864
v 266.700012 427.188049 -1.075000
v 266.700012 425.669708 -2.410902
v 266.700012 425.603790 -2.260089
v 266.700012 431.200012 -0.000000
v 266.700012 432.549988 1.936492
v 266.700012 431.167328 -0.373344
v 266.700012 432.549988 -1.936492
v 266.700012 432.536469 -2.100512
v 266.700012 432.099884 -2.771741
v 266.700012 431.955414 -2.850620
v 266.700012 432.229431 2.670240
v 266.700012 432.340576 2.548864
v 266.700012 432.430298 2.410902
v 266.700012 430.125000 -1.861955
v 266.700012 431.274078 -3.324681
v 266.700012 429.785339 -2.020339
v 266.700012 430.685181 -3.650504
v 266.700012 429.423340 -2.117337
v 266.700012 425.759430 2.548864
v 266.700012 425.870575 2.670240
v 266.700012 430.049988 -3.872983
v 266.700012 429.386505 -3.985820
v 266.700012 429.049988 -2.150000
v 266.700012 428.713501 -3.985820
v 266.700012 428.676666 -2.117337
v 266.700012 428.049988 -3.872983
v 266.700012 428.314667 -2.020339
v 266.700012 427.414825 -3.650504
v 266.700012 427.975006 -1.861955
v 266.700012 426.825928 -3.324681
v 266.700012 427.667999 -1.646996
v 266.700012 426.299988 -2.904738
v 266.700012 427.403015 -1.381993
v 266.700012 426.144562 -2.850620
v 266.700012 426.000122 -2.771741
v 266.700012 427.029663 -0.735343
v 266.700012 425.563538 -2.100512
v 266.700012 431.167328 0.373344
v 266.700012 431.070343 0.735343
v 266.700012 432.536469 2.100512
v 266.700012 432.496185 2.260089
v 260.700012 431.799988 -2.904738
v 260.700012 431.621155 -3.064178
v 260.700012 431.274078 -3.324681
v 260.700012 431.049988 -3.464102
v 260.700012 430.685181 -3.650504
v 260.700012 430.418091 -3.758770
v 260.700012 430.049988 -3.872983
v 260.700012 429.744598 -3.939231
v 260.700012 429.386505 -3.985820
v 260.700012 429.049988 -4.000000
v 260.700012 428.713501 -3.985820
v 260.700012 428.355408 -3.939231
v 260.700012 428.049988 -3.872983
v 260.700012 427.681915 -3.758770
v 260.700012 427.414825 -3.650504
v 260.700012 427.049988 -3.464102
v 260.700012 426.299988 -2.904738
v 260.700012 426.478851 -3.064178
v 260.700012 426.825928 -3.324681
v 260.200012 427.510895 -4.228617
v 260.200012 426.171631 -5.977005
v 260.200012 426.799988 -3.897115
v 260.200012 425.312958 -5.481247
v 260.200012 426.157471 -3.447200
v 260.200012 424.537750 -4.863048
v 260.200012 425.602814 -2.892544
v 260.200012 423.863342 -4.136215
v 260.200012 425.152893 -2.250000
v 260.200012 423.304810 -3.316987
v 260.200012 424.821381 -1.539091
v 260.200012 422.874603 -2.423663
v 260.200012 424.618378 -0.781417
v 260.200012 422.582367 -1.476198
v 260.200012 424.549988 -0.000000
v 260.200012 433.562256 -4.863048
v 260.200012 432.787048 -5.481247
v 260.200012 431.299988 -3.897115
v 260.200012 431.928375 -5.977005
v 260.200012 430.589081 -4.228617
v 260.200012 431.005402 -6.339246
v 260.200012 429.831421 -4.431635
v 260.200012 430.038757 -6.559879
v 260.200012 429.049988 -4.500000
v 260.200012 429.049988 -6.633975
v 260.200012 428.268585 -4.431635
v 260.200012 428.061249 -6.559879
v 260.200012 427.094604 -6.339246
v 260.200012 422.434570 -0.495758
v 260.200012 422.434570 0.495758
v 260.200012 424.618378 0.781417
v 260.200012 422.582367 1.476198
v 260.200012 424.821381 1.539091
v 260.200012 422.874603 2.423663
v 260.200012 425.152893 2.250000
v 260.200012 423.304810 3.316987
v 260.200012 425.602814 2.892544
v 260.200012 423.863342 4.136215
v 260.200012 426.157471 3.447200
v 260.200012 424.537750 4.863048
v 260.200012 426.799988 3.897115
v 260.200012 425.312958 5.481247
v 260.200012 426.171631 5.977005
v 260.200012 427.510895 4.228617
v 260.200012 427.094604 6.339246
v 260.200012 428.268585 4.431635
v 260.200012 428.061249 6.559878
v 260.200012 429.049988 4.500000
v 260.200012 429.049988 6.633975
v 260.200012 429.831421 4.431635
v 260.200012 430.038757 6.559878
v 260.200012 430.589081 4.228617
v 260.200012 431.005402 6.339246
v 260.200012 431.299988 3.897115
v 260.200012 433.549988 0.000000
v 260.200012 435.665436 -0.495758
v 260.200012 433.481628 -0.781417
v 260.200012 435.517639 -1.476198
v 260.200012 433.278625 -1.539091
v 260.200012 435.225403 -2.423663
v 260.200012 432.947113 -2.250000
v 260.200012 434.795197 -3.316987
v 260.200012 432.497192 -2.892544
v 260.200012 434.236664 -4.136215
v 260.200012 432.143738 -3.267830
v 260.200012 431.942535 -3.447200
v 260.200012 431.928375 5.977005
v 260.200012 432.787048 5.481247
v 260.200012 431.942535 3.447200
v 260.200012 433.562256 4.863048
v 260.200012 432.497192 2.892544
v 260.200012 434.236664 4.136215
v 260.200012 432.947113 2.250000
v 260.200012 434.795197 3.316987
v 260.200012 433.278625 1.539091
v 260.200012 435.225403 2.423663
v 260.200012 433.481628 0.781417
v 260.200012 435.517639 1.476198
v 260.200012 435.665436 0.495758
v 261.700012 429.049988 -7.500000
v 261.700012 430.167816 -7.416231
v 266.896149 429.796753 -7.462730
v 261.700012 431.260651 -7.166796
v 266.896149 430.536102 -7.351294
v 266.896149 430.167816 -7.416231
v 261.700012 432.304138 -6.757267
v 266.896149 431.963257 -6.911071
v 266.896149 431.260651 -7.166796
v 261.700012 433.274902 -6.196791
v 266.896149 432.636902 -6.586662
v 266.896149 432.304138 -6.757267
v 261.700012 434.151306 -5.497889
v 266.896149 433.870911 -5.745333
v 266.896149 433.274902 -6.196791
v 261.700012 434.913727 -4.676173
v 266.896149 434.419006 -5.236776
v 266.896149 434.151306 -5.497889
v 261.700012 435.545197 -3.750000
v 266.896149 435.350189 -4.069097
v 266.896149 434.913727 -4.676173
v 261.700012 436.031555 -2.740058
v 266.896149 435.724030 -3.421580
v 266.896149 435.545197 -3.750000
v 261.700012 436.361969 -1.668907
v 266.896149 436.269684 -2.031303
v 266.896149 436.031555 -2.740058
v 261.700012 436.529022 -0.560476
v 266.896149 436.436066 -1.302361
v 266.896149 436.361969 -1.668907
v 261.700012 436.529022 0.560476
v 266.896149 436.547668 0.186980
v 266.896149 436.529022 -0.560476
v 261.700012 436.361969 1.668907
v 266.896149 436.491791 0.932578
v 266.896149 436.529022 0.560476
v 261.700012 436.031555 2.740058
v 266.896149 436.159454 2.388650
v 266.896149 436.361969 1.668907
v 261.700012 435.545197 3.750000
v 266.896149 435.886292 3.084653
v 266.896149 436.031555 2.740058
v 261.700012 434.913727 4.676173
v 266.896149 435.139526 4.378078
v 266.896149 435.545197 3.750000
v 261.700012 434.151306 5.497889
v 266.896149 434.673370 4.962644
v 266.896149 434.913727 4.676173
v 261.700012 433.274902 6.196791
v 266.896149 433.578522 5.978494
v 266.896149 434.151306 5.497889
v 261.700012 432.304138 6.757267
v 266.896149 432.960754 6.399682
v 266.896149 433.274902 6.196791
v 261.700012 431.260651 7.166796
v 266.896149 431.615143 7.047695
v 266.896149 432.304138 6.757267
v 261.700012 430.167816 7.416231
v 266.896149 430.900665 7.268080
v 266.896149 431.260651 7.166796
v 261.700012 429.049988 7.500000
v 266.896149 429.423859 7.490677
v 266.896149 430.167816 7.416231
v 261.700012 427.932190 7.416231
v 266.896149 428.676147 7.490677
v 266.896149 429.049988 7.500000
v 261.700012 426.839325 7.166796
v 266.896149 427.199310 7.268080
v 266.896149 427.932190 7.416231
v 261.700012 425.795868 6.757267
v 266.896149 426.484863 7.047695
v 266.896149 426.839325 7.166796
v 261.700012 424.825104 6.196791
v 266.896149 425.139221 6.399682
v 266.896149 425.795868 6.757267
v 261.700012 423.948700 5.497889
v 266.896149 424.521454 5.978494
v 266.896149 424.825104 6.196791
v 261.700012 423.186279 4.676173
v 266.896149 423.426636 4.962644
v 266.896149 423.948700 5.497889
v 261.700012 422.554810 3.750000
v 266.896149 422.960480 4.378078
v 266.896149 423.186279 4.676173
v 261.700012 422.068451 2.740058
v 266.896149 422.213715 3.084653
v 266.896149 422.554810 3.750000
v 261.700012 421.738037 1.668907
v 266.896149 421.940552 2.388650
v 266.896149 422.068451 2.740058
v 261.700012 421.570984 0.560476
v 266.896149 421.608215 0.932578
v 266.896149 421.738037 1.668907
v 261.700012 421.570984 -0.560476
v 266.896149 421.552338 0.186980
v 266.896149 421.570984 0.560476
v 261.700012 421.738037 -1.668907
v 266.896149 421.663940 -1.302361
v 266.896149 421.570984 -0.560476
v 261.700012 422.068451 -2.740058
v 266.896149 421.830322 -2.031303
v 266.896149 421.738037 -1.668907
v 261.700012 422.554810 -3.750000
v 266.896149 422.375946 -3.421580
v 266.896149 422.068451 -2.740058
v 261.700012 423.186279 -4.676173
v 266.896149 422.749817 -4.069097
v 266.896149 422.554810 -3.750000
v 261.700012 423.948700 -5.497889
v 266.896149 423.681000 -5.236776
v 266.896149 423.186279 -4.676173
v 261.700012 424.825104 -6.196791
v 266.896149 424.229095 -5.745333
v 266.896149 423.948700 -5.497889
v 261.700012 425.795868 -6.757267
v 266.896149 425.463104 -6.586662
v 266.896149 424.825104 -6.196791
v 261.700012 426.839325 -7.166796
v 266.896149 426.136749 -6.911071
v 266.896149 425.795868 -6.757267
v 261.700012 427.932190 -7.416231
v 266.896149 427.563904 -7.351294
v 266.896149 426.839325 -7.166796
v 266.896149 429.049988 -7.500000
v 266.896149 428.303253 -7.462730
v 266.896149 427.932190 -7.416231
v 261.200012 425.549988 -0.000000
v 261.073547 425.549988 -0.949244
v 261.145996 425.549988 -0.617144
v 261.186218 425.549988 -0.310780
v 261.186279 425.549988 0.310109
v 261.145996 425.549988 0.617144
v 261.073914 425.549988 0.947913
v 260.700012 425.549988 -1.936492
v 260.848206 425.549988 -1.608233
v 260.975372 425.549988 -1.273896
v 260.975372 425.549988 1.273896
v 260.847473 425.549988 1.609929
v 260.700012 425.549988 1.936492
v 261.200012 432.549988 0.000000
v 261.073547 432.549988 0.949244
v 261.145996 432.549988 0.617144
v 261.186218 432.549988 0.310780
v 261.186279 432.549988 -0.310109
v 261.145996 432.549988 -0.617144
v 261.073914 432.549988 -0.947913
v 260.700012 432.549988 1.936492
v 260.848206 432.549988 1.608233
v 260.975372 432.549988 1.273896
v 260.975372 432.549988 -1.273896
v 260.847473 432.549988 -1.609929
v 260.700012 432.549988 -1.936492
v 260.662872 431.877930 -2.881199
v 260.629669 431.955414 -2.850620
v 260.601898 432.028900 -2.814354
v 260.578796 432.099884 -2.771741
v 260.561005 432.166168 -2.724109
v 260.548035 432.229431 -2.670240
v 260.540253 432.288055 -2.611226
v 260.537720 432.340576 -2.548864
v 260.540314 432.388458 -2.481464
v 260.548035 432.430298 -2.410902
v 260.560944 432.466492 -2.336544
v 260.578796 432.496185 -2.260089
v 260.602051 432.519867 -2.180187
v 260.629669 432.536469 -2.100512
v 260.662476 432.546600 -2.018768
v 260.662476 432.546600 2.018768
v 260.629669 432.536469 2.100512
v 260.601898 432.519714 2.180731
v 260.578796 432.496185 2.260089
v 260.561005 432.466644 2.336186
v 260.548035 432.430298 2.410902
v 260.540314 432.388336 2.481660
v 260.537720 432.340576 2.548864
v 260.540253 432.287903 2.611386
v 260.547791 432.230774 2.668986
v 260.560944 432.166473 2.723868
v 260.578796 432.099884 2.771741
v 260.602051 432.028412 2.814623
v 260.629669 431.955414 2.850620
v 260.662720 431.878235 2.881083
v 260.662872 426.222076 2.881199
v 260.629669 426.144562 2.850620
v 260.601898 426.071075 2.814354
v 260.578796 426.000122 2.771741
v 260.561005 425.933838 2.724109
v 260.548035 425.870575 2.670240
v 260.540253 425.811951 2.611226
v 260.537720 425.759430 2.548864
v 260.540314 425.711548 2.481464
v 260.548035 425.669708 2.410902
v 260.560944 425.633514 2.336544
v 260.578796 425.603790 2.260089
v 260.602051 425.580139 2.180187
v 260.629669 425.563538 2.100512
v 260.662476 425.553375 2.018768
v 260.662476 425.553375 -2.018768
v 260.629669 425.563538 -2.100512
v 260.601898 425.580292 -2.180731
v 260.578796 425.603790 -2.260089
v 260.561005 425.633362 -2.336186
v 260.548035 425.669708 -2.410902
v 260.540314 425.711670 -2.481660
v 260.537720 425.759430 -2.548864
v 260.540253 425.812073 -2.611386
v 260.547791 425.869232 -2.668986
v 260.560944 425.933533 -2.723868
v 260.578796 426.000122 -2.771741
v 260.602051 426.071594 -2.814623
v 260.629669 426.144562 -2.850620
v 260.662720 426.221741 -2.881083
v 279.200012 420.218231 2.500000
v 294.200012 422.511658 2.500000
v 294.200012 420.218231 2.500000
v 294.200012 422.511658 -2.500000
v 279.200012 420.218231 -2.500000
v 294.200012 420.218231 -2.500000
v 278.200012 419.669159 1.500000
v 278.200012 419.566040 0.552000
v 278.200012 419.566040 -0.552000
v 278.200012 419.669159 -1.500000
v 294.842438 421.913208 -2.733652
v 294.907104 421.866730 -2.792893
v 294.700012 422.168640 -2.982772
v 294.964355 421.829681 -2.855206
v 295.183990 421.789825 -3.321738
v 295.195557 421.816132 -3.405892
v 295.018158 421.799622 -2.924995
v 295.064209 421.779205 -2.996869
v 295.104828 421.767456 -3.074221
v 295.138336 421.765228 -3.154273
v 295.164551 421.772522 -3.236127
v 294.463867 422.242981 -2.535443
v 294.625793 422.092468 -2.595173
v 294.774994 421.965637 -2.681850
v 294.294098 422.412659 -2.504438
v 294.294098 422.412659 2.504438
v 294.700012 422.168640 2.982772
v 294.907104 421.866730 2.792893
v 294.842377 421.913239 2.733605
v 294.774994 421.965637 2.681850
v 294.625793 422.092468 2.595173
v 294.463867 422.242981 2.535443
v 295.064240 421.779175 2.996945
v 295.018158 421.799622 2.924995
v 294.964325 421.829681 2.855177
v 295.195557 421.816132 3.405892
v 295.183990 421.789825 3.321717
v 295.164551 421.772522 3.236127
v 295.138336 421.765228 3.154295
v 295.104828 421.767456 3.074221
v 295.164551 420.218231 3.236127
v 295.195557 420.218231 3.405892
v 295.104828 420.218231 3.074221
v 295.018158 420.218231 2.924995
v 294.907104 420.218231 2.792893
v 294.774994 420.218231 2.681850
v 294.725861 420.218231 2.649433
v 294.625793 420.218231 2.595173
v 294.463867 420.218231 2.535443
v 294.294098 420.218231 2.504438
v 279.070221 420.211548 2.491549
v 279.000580 420.202423 2.479913
v 278.942444 420.191803 2.466261
v 278.936066 420.190460 2.464540
v 278.904175 420.183289 2.455238
v 278.816711 420.159210 2.423627
v 278.773865 420.145050 2.404665
v 278.723175 420.126129 2.378995
v 278.689301 420.112183 2.359760
v 278.624664 420.082458 2.317908
v 278.563965 420.050659 2.271648
v 278.492676 420.007874 2.206881
v 278.489502 420.005829 2.203694
v 278.438721 419.971039 2.148416
v 278.381836 419.927094 2.074982
v 278.335754 419.886505 2.003050
v 278.295288 419.845764 1.926016
v 278.275787 419.823669 1.881906
v 278.258606 419.802246 1.837320
v 278.235565 419.769104 1.764300
v 278.213226 419.726807 1.662187
v 278.213043 419.726379 -1.661071
v 278.235535 419.769073 -1.764204
v 278.252380 419.793915 -1.819439
v 278.276093 419.824005 -1.882591
v 278.295258 419.845734 -1.925974
v 278.319977 419.871307 -1.974915
v 278.381866 419.927094 -2.075009
v 278.419312 419.956696 -2.124917
v 278.489777 420.006012 -2.203977
v 278.492676 420.007874 -2.206898
v 278.544373 420.039520 -2.255095
v 278.624664 420.082458 -2.317917
v 278.640076 420.089935 -2.328547
v 278.672363 420.104797 -2.349465
v 278.723846 420.126404 -2.379355
v 278.773956 420.145050 -2.404698
v 278.802155 420.154602 -2.417456
v 279.178772 420.218048 -2.499775
v 279.055389 420.209930 -2.489491
v 279.002075 420.202667 -2.480220
v 278.936096 420.190460 -2.464546
v 278.930115 420.189178 -2.462895
v 278.905853 420.183685 -2.455760
v 295.018158 420.218231 -2.924995
v 294.774994 420.218231 -2.681850
v 294.625793 420.218231 -2.595173
v 294.463867 420.218231 -2.535443
v 294.294098 420.218231 -2.504438
v 294.907104 420.218231 -2.792893
v 294.843658 420.218231 -2.734680
v 295.104828 420.218231 -3.074221
v 295.164551 420.218231 -3.236127
v 295.195557 420.218231 -3.405892
v 276.299988 432.190796 2.635429
v 276.299988 431.685425 3.140782
v 276.299988 431.100006 3.550704
v 276.299988 430.452271 3.852740
v 276.299988 429.761963 4.037712
v 276.299988 429.049988 4.100000
v 276.299988 428.338043 4.037712
v 276.299988 427.647705 3.852740
v 276.299988 427.000000 3.550704
v 276.299988 426.414581 3.140782
v 276.299988 425.909210 2.635429
v 276.299988 425.499298 2.050000
v 276.299988 425.197266 1.402283
v 276.299988 425.012299 0.711958
v 276.299988 424.950012 -0.000000
v 276.299988 422.549988 -0.000000
v 276.299988 425.012299 -0.711958
v 276.299988 425.197266 -1.402283
v 276.299988 425.499298 -2.050000
v 276.299988 425.909210 -2.635429
v 276.299988 431.685425 -3.140782
v 276.299988 432.190796 -2.635429
v 276.299988 432.600708 -2.050000
v 276.299988 432.902740 -1.402283
v 276.299988 433.087708 -0.711958
v 276.299988 433.149994 -0.000000
v 276.299988 435.549988 -0.000000
v 276.299988 433.087708 0.711958
v 276.299988 432.902740 1.402283
v 276.299988 432.600708 2.050000
v 276.299988 426.414581 -3.140782
v 276.299988 427.000000 -3.550704
v 276.299988 427.647705 -3.852740
v 276.299988 428.338043 -4.037712
v 276.299988 429.049988 -4.100000
v 276.299988 429.761963 -4.037712
v 276.299988 430.452271 -3.852740
v 276.299988 431.100006 -3.550704
v 260.200012 424.549988 -0.000000
v 261.200012 425.549988 -0.000000
v 260.200012 433.549988 -0.000000
v 261.200012 432.549988 0.000000
v 274.350006 429.049988 2.150000
v 274.350006 428.676666 2.117337
v 274.350006 428.314667 2.020339
v 274.350006 427.975006 1.861955
v 274.350006 427.667999 1.646996
v 274.350006 427.403015 1.381993
v 274.350006 427.188049 1.075000
v 274.350006 427.029663 0.735343
v 274.350006 426.932678 0.373344
v 274.350006 426.899994 -0.000000
v 274.350006 426.932678 -0.373344
v 274.350006 427.029663 -0.735343
v 274.350006 427.188049 -1.075000
v 274.350006 427.403015 -1.381993
v 274.350006 427.667999 -1.646996
v 274.350006 427.975006 -1.861955
v 274.350006 428.314667 -2.020339
v 274.350006 428.676666 -2.117337
v 274.350006 429.049988 -2.150000
v 274.350006 429.423340 -2.117337
v 274.350006 429.785339 -2.020339
v 274.350006 430.125000 -1.861955
v 274.350006 430.432007 -1.646996
v 274.350006 430.696991 -1.381993
v 274.350006 430.911957 -1.075000
v 274.350006 431.070343 -0.735343
v 274.350006 431.167328 -0.373344
v 274.350006 431.200012 -0.000000
v 274.350006 431.167328 0.373344
v 274.350006 431.070343 0.735343
v 274.350006 430.911957 1.075000
v 274.350006 430.696991 1.381993
v 274.350006 430.432007 1.646996
v 274.350006 430.125000 1.861955
v 274.350006 429.785339 2.020339
v 274.350006 429.423340 2.117337
v 274.350006 426.899994 -0.000000
v 276.299988 424.950012 -0.000000
v 274.350006 431.200012 -0.000000
v 276.299988 433.149994 -0.000000
v 269.896149 425.447083 7.481508
v 269.896149 424.898071 7.191343
v 272.307709 424.201935 8.397115
v 269.896149 430.287628 8.211101
v 272.307709 431.177704 9.459822
v 269.896149 431.099030 8.047071
v 272.307709 431.559540 9.365765
v 269.896149 431.199188 8.020901
v 269.896149 431.890076 7.803064
v 272.307709 432.005432 9.234756
v 269.896149 432.227753 7.671755
v 272.307709 437.300476 5.093634
v 269.896149 436.241333 4.151924
v 269.896149 435.792206 4.847318
v 272.307709 432.760559 8.958077
v 272.307709 432.810059 8.937417
v 269.896149 432.652893 7.481508
v 272.307709 433.585236 8.570130
v 269.896149 433.201935 7.191343
v 272.307709 433.898071 8.397115
v 269.896149 433.379913 7.085598
v 272.307709 434.324890 8.135770
v 269.896149 434.063904 6.619267
v 272.307709 434.952637 7.692475
v 269.896149 434.105072 6.587885
v 272.307709 435.023315 7.637736
v 269.896149 434.698059 6.087151
v 272.307709 435.674957 7.079928
v 269.896149 434.921692 5.871707
v 272.307709 435.906219 6.856215
v 269.896149 435.276062 5.494538
v 272.307709 436.274750 6.466709
v 269.896149 435.637878 5.055062
v 272.307709 436.742462 5.902644
v 272.307709 436.818024 5.802879
v 272.307709 437.447113 4.848076
v 272.307709 437.718353 4.344524
v 269.896149 436.619019 3.415265
v 272.307709 438.008087 3.710557
v 269.896149 436.721741 3.177745
v 272.307709 438.068420 3.561412
v 269.896149 436.921448 2.644665
v 272.307709 438.347870 2.750428
v 269.896149 437.070892 2.149194
v 272.307709 438.415771 2.509549
v 269.896149 437.145660 1.847780
v 272.307709 438.554565 1.917918
v 269.896149 437.282806 1.083870
v 272.307709 438.663208 1.265602
v 269.896149 437.289398 1.032531
v 272.307709 438.686890 1.070397
v 269.896149 437.351257 0.207021
v 272.307709 438.743774 0.214499
v 269.896149 437.353851 -0.000000
v 272.307709 438.746155 -0.000000
v 269.896149 437.330627 -0.620547
v 272.307709 438.724792 -0.643077
v 269.896149 437.282806 -1.083870
v 272.307709 438.663208 -1.265602
v 269.896149 437.227692 -1.441948
v 272.307709 438.630096 -1.495621
v 272.307709 438.460449 -2.336459
v 269.896149 437.070892 -2.149194
v 272.307709 438.415771 -2.509549
v 269.896149 437.043488 -2.249018
v 272.307709 438.217102 -3.159012
v 269.896149 436.779846 -3.033736
v 272.307709 438.008087 -3.710557
v 269.896149 436.721741 -3.177745
v 272.307709 437.902039 -3.956841
v 269.896149 436.439362 -3.788304
v 272.307709 437.517700 -4.723702
v 269.896149 436.241333 -4.151924
v 272.307709 437.447113 -4.848076
v 269.896149 436.025452 -4.505221
v 272.307709 437.067078 -5.453594
v 269.896149 435.637878 -5.055062
v 272.307709 436.742462 -5.902644
v 269.896149 435.542206 -5.177364
v 272.307709 436.553711 -6.140804
v 269.896149 434.994446 -5.798052
v 272.307709 435.981628 -6.779954
v 269.896149 434.921692 -5.871707
v 272.307709 435.906219 -6.856215
v 269.896149 434.387604 -6.361116
v 272.307709 435.355286 -7.366042
v 269.896149 434.105072 -6.587885
v 272.307709 434.952637 -7.692475
v 269.896149 433.727722 -6.860961
v 272.307709 434.679626 -7.894481
v 272.307709 433.959869 -8.361134
v 269.896149 433.201935 -7.191343
v 272.307709 433.898071 -8.397115
v 269.896149 433.021362 -7.292618
v 272.307709 433.201691 -8.762349
v 269.896149 432.275513 -7.651798
v 272.307709 432.760559 -8.958077
v 269.896149 432.227753 -7.671755
v 272.307709 432.411041 -9.094989
v 269.896149 431.497589 -7.934931
v 272.307709 431.594055 -9.356446
v 269.896149 431.199188 -8.020901
v 272.307709 431.559540 -9.365765
v 269.896149 430.695374 -8.139203
v 272.307709 430.757202 -9.544678
v 269.896149 430.133881 -8.232807
v 272.307709 430.315613 -9.613200
v 269.896149 429.876801 -8.262584
v 272.307709 429.906952 -9.658210
v 269.896149 429.049988 -8.303847
v 272.307709 429.049988 -9.696152
v 269.896149 428.223206 -8.262584
v 272.307709 428.193054 -9.658210
v 269.896149 427.966125 -8.232807
v 272.307709 427.784393 -9.613200
v 269.896149 427.404633 -8.139203
v 272.307709 427.342804 -9.544678
v 269.896149 426.900818 -8.020901
v 272.307709 426.540436 -9.365765
v 269.896149 426.602386 -7.934931
v 272.307709 426.505920 -9.356446
v 272.307709 425.688965 -9.094989
v 269.896149 425.872253 -7.671755
v 272.307709 425.339447 -8.958077
v 269.896149 425.824493 -7.651798
v 272.307709 424.898315 -8.762349
v 269.896149 425.078644 -7.292618
v 272.307709 424.201935 -8.397115
v 269.896149 424.898071 -7.191343
v 272.307709 424.140137 -8.361134
v 269.896149 424.372284 -6.860961
v 272.307709 423.420380 -7.894481
v 269.896149 423.994934 -6.587885
v 272.307709 423.147369 -7.692475
v 269.896149 423.712402 -6.361116
v 272.307709 422.744690 -7.366042
v 269.896149 423.178284 -5.871707
v 272.307709 422.193787 -6.856215
v 269.896149 423.105560 -5.798052
v 272.307709 422.118378 -6.779954
v 269.896149 422.557800 -5.177364
v 272.307709 421.546265 -6.140804
v 269.896149 422.462128 -5.055062
v 272.307709 421.357513 -5.902644
v 269.896149 422.074554 -4.505221
v 272.307709 421.032898 -5.453594
v 269.896149 421.858643 -4.151924
v 272.307709 420.652893 -4.848076
v 269.896149 421.660645 -3.788304
v 269.896149 420.748749 0.207021
v 272.307709 419.413116 1.070397
v 269.896149 420.810608 1.032531
v 272.307709 419.436798 1.265602
v 269.896149 420.817200 1.083870
v 272.307709 420.582306 -4.723702
v 272.307709 420.197937 -3.956841
v 269.896149 421.378235 -3.177745
v 272.307709 420.091919 -3.710557
v 269.896149 421.320160 -3.033736
v 272.307709 419.882874 -3.159012
v 269.896149 421.056519 -2.249018
v 272.307709 419.684235 -2.509549
v 269.896149 421.029114 -2.149194
v 272.307709 419.639557 -2.336459
v 269.896149 420.872314 -1.441948
v 272.307709 419.469879 -1.495621
v 269.896149 420.817200 -1.083870
v 272.307709 419.436798 -1.265602
v 269.896149 420.769379 -0.620547
v 272.307709 419.375183 -0.643077
v 269.896149 420.746155 -0.000000
v 272.307709 419.353851 -0.000000
v 272.307709 419.356232 0.214499
v 269.896149 420.954346 1.847780
v 272.307709 419.545410 1.917918
v 269.896149 421.029114 2.149194
v 272.307709 419.684235 2.509549
v 269.896149 421.178558 2.644665
v 272.307709 419.752136 2.750428
v 272.307709 420.031586 3.561412
v 269.896149 421.378235 3.177745
v 272.307709 420.091919 3.710557
v 269.896149 421.480988 3.415265
v 272.307709 420.381653 4.344524
v 269.896149 421.858643 4.151924
v 272.307709 423.147369 7.692475
v 269.896149 423.994934 6.587885
v 272.307709 423.076691 7.637736
v 269.896149 423.401947 6.087151
v 272.307709 420.652893 4.848076
v 272.307709 420.799530 5.093634
v 269.896149 422.307800 4.847318
v 272.307709 421.281982 5.802879
v 269.896149 422.462128 5.055062
v 272.307709 421.357513 5.902644
v 269.896149 422.823944 5.494538
v 272.307709 421.825256 6.466709
v 269.896149 423.178284 5.871707
v 272.307709 422.193787 6.856215
v 272.307709 422.425049 7.079928
v 272.307709 423.775085 8.135770
v 269.896149 424.720093 7.085598
v 269.896149 424.036102 6.619267
v 272.307709 424.514771 8.570130
v 272.307709 425.289948 8.937417
v 269.896149 425.872253 7.671755
v 272.307709 425.339447 8.958077
v 269.896149 426.209930 7.803064
v 272.307709 426.094543 9.234756
v 269.896149 426.900818 8.020901
v 272.307709 426.540436 9.365765
v 269.896149 427.000977 8.047071
v 272.307709 426.922302 9.459822
v 269.896149 427.812378 8.211101
v 272.307709 427.766663 9.610850
v 269.896149 427.966125 8.232807
v 272.307709 427.784393 9.613200
v 269.896149 428.636078 8.293526
v 272.307709 428.621094 9.686662
v 269.896149 429.049988 8.303847
v 272.307709 429.049988 9.696152
v 269.896149 429.463898 8.293526
v 272.307709 429.478882 9.686662
v 269.896149 430.133881 8.232807
v 272.307709 430.315613 9.613200
v 272.307709 430.333313 9.610850
v 274.680511 427.207062 -10.303613
v 274.680511 426.303650 -10.100415
v 274.680511 424.568176 -9.459079
v 274.680511 423.749725 -9.025960
v 274.680511 422.243347 -7.951745
v 274.680511 420.949615 -6.629083
v 274.680511 419.908997 -5.099302
v 274.680511 419.494080 -4.271465
v 274.680511 418.891296 -2.522241
v 274.680511 418.708130 -1.614544
v 274.680511 418.585419 0.231555
v 274.680511 418.646851 1.155508
v 274.680511 418.789673 2.070419
v 274.680511 419.314514 3.844594
v 274.680511 419.692383 4.689974
v 274.680511 420.664337 6.264288
v 274.680511 421.898285 7.642880
v 274.680511 423.355652 8.782677
v 274.680511 424.154175 9.251575
v 274.680511 425.859558 9.969049
v 274.680511 426.753113 10.212008
v 274.680511 428.587006 10.456886
v 274.680511 429.513000 10.456886
v 274.680511 430.435364 10.375047
v 274.680511 432.240448 9.969049
v 274.680511 433.109009 9.648066
v 274.680511 434.744324 8.782677
v 274.680511 436.849213 6.980902
v 274.680511 437.435669 6.264288
v 274.680511 437.956512 5.498648
v 274.680511 438.785492 3.844594
v 274.680511 439.087189 2.969125
v 274.680511 439.453156 1.155508
v 274.680511 439.494080 -0.694211
v 274.680511 439.208710 -2.522241
v 274.680511 438.946014 -3.410197
v 274.680511 438.191010 -5.099302
v 274.680511 437.704559 -5.887230
v 274.680511 436.532806 -7.319055
v 274.680511 435.856659 -7.951745
v 274.680511 435.127258 -8.522202
v 274.680511 433.531830 -9.459079
v 274.680511 432.678284 -9.818167
v 274.680511 430.892944 -10.303613
v 272.867279 428.167847 -9.942214
v 272.867279 425.590118 -9.362432
v 272.867279 423.254852 -8.126621
v 272.867279 421.325623 -6.321378
v 272.867279 419.937653 -4.073194
v 272.867279 419.188171 -1.539601
v 272.867279 419.129730 1.101873
v 272.867279 419.766388 3.666137
v 272.867279 421.053558 5.973516
v 272.867279 422.901062 7.862329
v 272.867279 425.179382 9.200227
v 272.867279 427.728943 9.893463
v 272.867279 431.240265 9.737992
v 272.867279 433.718597 8.822139
v 272.867279 435.869751 7.288116
v 272.867279 437.543091 5.243414
v 272.867279 438.621277 2.831306
v 272.867279 439.028839 0.220807
v 272.867279 438.737152 -2.405164
v 272.867279 437.766693 -4.862605
v 272.867279 436.185455 -6.979322
v 272.867279 434.104248 -8.606997
v 272.867279 431.668884 -9.631577
v 272.867279 428.608490 9.971503
v 272.867279 429.932159 -9.942214
v 272.867279 430.807373 -9.825344
v 273.453583 429.952026 -10.166400
v 273.453583 430.847015 -10.046895
v 274.060211 429.966400 -10.328311
v 274.060211 430.875641 -10.206903
v 274.680511 429.975098 -10.426172
v 272.867279 438.970276 1.101873
v 273.453583 439.253845 0.225786
v 273.453583 439.193970 1.126719
v 274.060211 439.416351 0.229381
v 274.060211 439.355499 1.144663
v 274.680511 439.514557 0.231555
v 272.867279 435.198944 7.862329
v 272.867279 434.480011 8.375007
v 273.453583 435.337616 8.039615
v 273.453583 434.602448 8.563853
v 274.060211 435.437744 8.167654
v 274.060211 434.690887 8.700241
v 274.680511 435.498260 8.245043
v 272.867279 421.612793 6.656866
v 273.453583 421.445099 6.806970
v 273.453583 420.873260 6.108212
v 274.060211 421.323975 6.915379
v 274.060211 420.743042 6.205491
v 274.680511 421.250793 6.980902
v 272.867279 421.914520 -6.979322
v 272.867279 422.559296 -7.582644
v 273.453583 421.753632 -7.136698
v 273.453583 422.412933 -7.753624
v 274.060211 421.637421 -7.250358
v 274.060211 422.307220 -7.877109
v 274.680511 421.567200 -7.319055
v 272.867279 429.049988 -9.981273
v 273.453583 429.049988 -10.206339
v 274.060211 429.049988 -10.368885
v 274.680511 429.049988 -10.467132
v 274.680511 431.796356 -10.100415
v 274.060211 431.770569 -10.005611
v 273.453583 431.727936 -9.848760
v 272.867279 432.509857 -9.362432
v 273.453583 432.587891 -9.573544
v 274.060211 432.644226 -9.726012
v 274.060211 433.489746 -9.370295
v 273.453583 433.420135 -9.223402
v 272.867279 433.323792 -9.020011
v 274.680511 434.350281 -9.025960
v 274.060211 434.300537 -8.941241
v 273.453583 434.218201 -8.801075
v 272.867279 434.845154 -8.126621
v 273.453583 434.975830 -8.309867
v 274.060211 435.070190 -8.442211
v 274.060211 435.792755 -7.877109
v 273.453583 435.687073 -7.753624
v 272.867279 435.540710 -7.582644
v 274.060211 436.462555 -7.250358
v 273.453583 436.346375 -7.136698
v 274.680511 437.150391 -6.629083
v 274.060211 437.074341 -6.566862
v 273.453583 436.948547 -6.463917
v 272.867279 436.774384 -6.321378
v 272.867279 437.302826 -5.613960
v 273.453583 437.488922 -5.740548
v 274.060211 437.623322 -5.831972
v 274.060211 438.105194 -5.051440
v 273.453583 437.963257 -4.972251
v 274.680511 438.605896 -4.271465
v 274.060211 438.516205 -4.231372
v 273.453583 438.367828 -4.165040
v 272.867279 438.162354 -4.073194
v 272.867279 438.486694 -3.251904
v 273.453583 438.699463 -3.325231
v 274.060211 438.853149 -3.378189
v 274.060211 439.113342 -2.498567
v 273.453583 438.955597 -2.459398
v 274.680511 439.391876 -1.614544
v 274.060211 439.294800 -1.599390
v 273.453583 439.134186 -1.574317
v 272.867279 438.911804 -1.539601
v 272.867279 439.009308 -0.661988
v 273.453583 439.233856 -0.676915
v 274.060211 439.396057 -0.687695
v 274.680511 439.310333 2.070419
v 274.060211 439.214020 2.050986
v 273.453583 439.054688 2.018834
v 272.867279 438.834076 1.974315
v 273.453583 438.837097 2.895148
v 274.060211 438.992981 2.941257
v 274.060211 438.694122 3.808508
v 273.453583 438.542938 3.748805
v 272.867279 438.333588 3.666137
v 274.680511 438.407623 4.689974
v 274.060211 438.319794 4.645954
v 273.453583 438.174469 4.573122
v 272.867279 437.973267 4.472277
v 273.453583 437.734589 5.361647
v 274.060211 437.872894 5.447038
v 274.060211 437.356964 6.205491
v 273.453583 437.226746 6.108212
v 272.867279 437.046417 5.973516
v 274.060211 436.776031 6.915379
v 273.453583 436.654907 6.806970
v 272.867279 436.487213 6.656866
v 274.680511 436.201721 7.642880
v 274.060211 436.134613 7.571143
v 273.453583 436.023529 7.452456
v 274.680511 433.945831 9.251575
v 274.060211 433.899872 9.164738
v 273.453583 433.823853 9.021068
v 272.867279 432.920624 9.200227
v 273.453583 433.007904 9.407681
v 274.060211 433.070923 9.557508
v 274.060211 432.210510 9.875477
v 273.453583 432.160950 9.720665
v 272.867279 432.092346 9.506310
v 274.680511 431.346893 10.212008
v 274.060211 431.325348 10.116158
v 273.453583 431.289673 9.957573
v 272.867279 430.371063 9.893463
v 273.453583 430.400848 10.116549
v 274.060211 430.422363 10.277665
v 274.060211 429.508636 10.358737
v 273.453583 429.501465 10.196349
v 272.867279 429.491516 9.971503
v 274.060211 428.591339 10.358737
v 273.453583 428.598541 10.196349
v 274.680511 427.664642 10.375047
v 274.060211 427.677643 10.277665
v 273.453583 427.699158 10.116549
v 272.867279 426.859711 9.737992
v 273.453583 426.810333 9.957573
v 274.060211 426.774658 10.116158
v 274.060211 425.889496 9.875477
v 273.453583 425.939056 9.720665
v 272.867279 426.007660 9.506310
v 274.680511 424.990967 9.648066
v 274.060211 425.029083 9.557508
v 273.453583 425.092102 9.407681
v 272.867279 424.381409 8.822139
v 273.453583 424.276154 9.021068
v 274.060211 424.200104 9.164738
v 274.060211 423.409119 8.700241
v 273.453583 423.497528 8.563853
v 272.867279 423.619995 8.375007
v 274.680511 422.601746 8.245043
v 274.060211 422.662262 8.167654
v 273.453583 422.762390 8.039615
v 272.867279 422.230225 7.288116
v 273.453583 422.076447 7.452456
v 274.060211 421.965393 7.571143
v 274.680511 420.143494 5.498648
v 274.060211 420.227112 5.447038
v 273.453583 420.365417 5.361647
v 272.867279 420.556915 5.243414
v 272.867279 420.126740 4.472277
v 273.453583 419.925537 4.573122
v 274.060211 419.780212 4.645954
v 274.060211 419.405884 3.808508
v 273.453583 419.557068 3.748805
v 274.680511 419.012817 2.969125
v 274.060211 419.107025 2.941257
v 273.453583 419.262878 2.895148
v 272.867279 419.478729 2.831306
v 272.867279 419.265930 1.974315
v 273.453583 419.045319 2.018834
v 274.060211 418.885986 2.050986
v 274.060211 418.744476 1.144663
v 273.453583 418.906036 1.126719
v 274.060211 418.683655 0.229381
v 273.453583 418.846161 0.225786
v 272.867279 419.071167 0.220807
v 274.680511 418.605927 -0.694211
v 274.060211 418.703949 -0.687695
v 273.453583 418.866119 -0.676915
v 272.867279 419.090698 -0.661988
v 273.453583 418.965820 -1.574317
v 274.060211 418.805206 -1.599390
v 274.060211 418.986664 -2.498567
v 273.453583 419.144409 -2.459398
v 272.867279 419.362854 -2.405164
v 274.680511 419.153961 -3.410197
v 274.060211 419.246857 -3.378189
v 273.453583 419.400543 -3.325231
v 272.867279 419.613312 -3.251904
v 273.453583 419.732178 -4.165040
v 274.060211 419.583771 -4.231372
v 274.060211 419.994781 -5.051440
v 273.453583 420.136749 -4.972251
v 272.867279 420.333313 -4.862605
v 274.680511 420.395447 -5.887230
v 274.060211 420.476685 -5.831972
v 273.453583 420.611084 -5.740548
v 272.867279 420.797180 -5.613960
v 273.453583 421.151459 -6.463917
v 274.060211 421.025665 -6.566862
v 274.680511 422.972748 -8.522202
v 274.060211 423.029785 -8.442211
v 273.453583 423.124176 -8.309867
v 272.867279 423.995758 -8.606997
v 273.453583 423.881775 -8.801075
v 274.060211 423.799469 -8.941241
v 274.060211 424.610260 -9.370295
v 273.453583 424.679840 -9.223402
v 272.867279 424.776215 -9.020011
v 274.680511 425.421722 -9.818167
v 274.060211 425.455780 -9.726012
v 273.453583 425.512115 -9.573544
v 272.867279 426.431122 -9.631577
v 273.453583 426.372070 -9.848760
v 274.060211 426.329437 -10.005611
v 274.060211 427.224365 -10.206903
v 273.453583 427.252991 -10.046895
v 272.867279 427.292603 -9.825344
v 274.680511 428.124908 -10.426172
v 274.060211 428.133606 -10.328311
v 273.453583 428.147949 -10.166400
v 269.336578 426.686432 -7.662478
v 269.336578 423.895660 -6.142702
v 269.336578 421.914368 -3.658229
v 269.336578 421.053680 -0.599240
v 269.336578 421.448822 2.553858
v 269.336578 423.595886 5.878143
v 269.336578 426.307434 7.535139
v 269.336578 429.449707 8.008759
v 269.336578 432.529205 7.224624
v 269.336578 435.062286 5.305878
v 269.336578 436.867676 1.784335
v 269.336578 436.946899 -1.392437
v 269.336578 433.567108 -6.625383
v 267.523315 425.447388 -6.615528
v 267.523315 426.123962 -6.941359
v 268.143616 426.085815 -7.031890
v 267.523315 429.049988 -7.532868
v 267.523315 428.299957 -7.495436
v 267.523315 423.657471 -5.259726
v 267.523315 422.346710 -3.436575
v 267.523315 421.631561 -1.308069
v 267.523315 421.575592 0.936665
v 267.523315 422.183746 3.098172
v 267.523315 423.402008 4.984392
v 267.523315 429.800018 -7.495436
v 267.523315 430.542603 -7.383511
v 267.523315 432.652618 -6.615528
v 267.523315 434.442535 -5.259726
v 267.523315 435.753296 -3.436575
v 267.523315 436.468414 -1.308069
v 267.523315 436.524414 0.936665
v 267.523315 435.916260 3.098172
v 267.523315 434.697998 4.984392
v 267.523315 432.977905 6.427728
v 267.523315 430.908783 7.299932
v 267.523315 428.674530 7.523505
v 267.523315 426.473602 7.078581
v 267.523315 424.501617 6.004694
v 268.750244 426.752777 -7.447411
v 268.143616 426.800690 -7.292085
v 267.523315 426.829651 -7.198205
v 269.336578 427.461121 -7.859736
v 268.750244 427.505707 -7.639132
v 268.143616 427.537933 -7.479808
v 267.523315 427.557404 -7.383511
v 269.336578 432.164764 -7.389066
v 269.336578 431.413574 -7.662478
v 268.750244 431.347229 -7.447411
v 269.336578 432.884979 -7.042219
v 268.750244 432.077332 -7.181674
v 268.143616 431.299316 -7.292085
v 267.523315 431.976013 -6.941359
v 268.143616 432.699615 -6.701809
v 268.143616 433.348755 -6.305123
v 268.750244 433.440338 -6.439425
v 268.750244 434.059662 -5.970290
v 269.336578 434.204346 -6.142702
v 269.336578 434.790344 -5.598971
v 267.523315 433.293427 -6.223948
v 268.143616 433.955200 -5.845773
v 268.750244 434.629211 -5.441821
v 269.336578 435.319305 -4.999595
v 267.523315 433.892029 -5.770512
v 268.143616 434.512848 -5.328325
v 268.143616 435.016235 -4.757922
v 268.750244 435.143341 -4.859268
v 268.750244 435.596863 -4.228422
v 269.336578 435.785950 -4.350531
v 269.336578 436.185638 -3.658229
v 267.523315 434.939423 -4.696667
v 268.143616 435.460327 -4.140233
v 268.750244 435.985352 -3.555551
v 269.336578 436.514435 -2.929570
v 267.523315 435.377808 -4.086930
v 268.143616 435.840698 -3.481396
v 268.750244 436.304901 -2.847344
v 269.336578 436.769012 -2.171796
v 267.523315 436.062164 -2.752066
v 267.523315 436.301331 -2.040206
v 268.143616 436.395905 -2.066815
v 268.143616 436.565186 -1.325129
v 268.750244 436.725250 -1.353355
v 268.750244 436.821869 -0.582421
v 269.336578 437.046295 -0.599240
v 269.336578 437.066223 0.199912
v 268.143616 436.659790 -0.570274
v 268.750244 436.841248 0.194301
v 269.336578 437.006500 0.997078
v 267.523315 436.580536 0.187800
v 268.143616 436.621887 0.948881
v 268.143616 436.489777 1.698083
v 268.750244 436.648254 1.734253
v 268.750244 436.437836 2.482177
v 269.336578 436.651184 2.553858
v 269.336578 436.359131 3.297999
v 267.523315 436.394012 1.676221
v 267.523315 436.190613 2.399118
v 268.143616 436.283752 2.430408
v 268.143616 436.005798 3.138579
v 268.750244 436.153961 3.205432
v 268.750244 435.799500 3.896830
v 269.336578 435.994415 4.009364
v 269.336578 435.560699 4.680882
v 267.523315 435.573669 3.766434
v 267.523315 435.166229 4.397264
v 268.143616 435.246002 4.454615
v 268.143616 434.771667 5.049400
v 268.750244 434.893555 5.156955
v 268.750244 434.351044 5.713158
v 269.336578 434.504120 5.878143
v 269.336578 433.891754 6.391988
v 268.143616 434.240479 5.594003
v 268.750244 433.755859 6.212581
v 269.336578 433.231232 6.842307
v 267.523315 433.598389 6.004694
v 268.143616 433.029144 6.511560
v 268.143616 432.361023 6.875397
v 268.750244 432.431549 7.021846
v 268.750244 431.715576 7.323646
v 269.336578 431.792572 7.535139
v 269.336578 431.028687 7.770767
v 267.523315 432.318390 6.786880
v 268.143616 431.660004 7.170902
v 268.750244 430.973145 7.552660
v 269.336578 430.245117 7.929165
v 267.523315 430.172729 7.448733
v 268.143616 430.187347 7.545881
v 268.143616 429.430389 7.621628
v 268.750244 429.438477 7.783973
v 268.750244 428.661530 7.783973
v 269.336578 428.650299 8.008759
v 269.336578 427.854858 7.929165
v 267.523315 429.425476 7.523505
v 268.143616 428.669617 7.621628
v 268.750244 427.888428 7.706612
v 269.336578 427.071320 7.770767
v 267.523315 427.927277 7.448733
v 267.523315 427.191223 7.299932
v 268.143616 427.166962 7.395139
v 268.143616 426.440002 7.170902
v 268.750244 426.384399 7.323646
v 268.750244 425.668457 7.021846
v 269.336578 425.570801 7.224624
v 269.336578 424.868744 6.842307
v 268.143616 425.738983 6.875397
v 268.750244 424.986115 6.650259
v 269.336578 424.208252 6.391988
v 267.523315 425.122101 6.427728
v 268.143616 424.442291 6.083009
v 268.143616 423.859528 5.594003
v 268.750244 423.748962 5.713158
v 268.750244 423.206451 5.156955
v 269.336578 423.037720 5.305878
v 269.336578 422.539276 4.680882
v 267.523315 423.926361 5.521983
v 268.143616 423.328339 5.049400
v 268.143616 422.854004 4.454615
v 268.750244 422.722015 4.549500
v 268.750244 422.300507 3.896830
v 269.336578 422.105591 4.009364
v 269.336578 421.740875 3.297999
v 267.523315 422.526337 3.766434
v 268.143616 422.094208 3.138579
v 268.143616 421.816254 2.430408
v 268.750244 421.662170 2.482177
v 268.750244 421.451752 1.734253
v 269.336578 421.232330 1.784335
v 269.336578 421.093506 0.997078
v 267.523315 421.909393 2.399118
v 268.143616 421.610199 1.698083
v 268.750244 421.316833 0.969093
v 269.336578 421.033752 0.199912
v 267.523315 421.519470 0.187800
v 268.143616 421.421265 0.190249
v 268.143616 421.440216 -0.570274
v 268.750244 421.278137 -0.582421
v 268.750244 421.374756 -1.353355
v 269.336578 421.153107 -1.392437
v 269.336578 421.330994 -2.171796
v 267.523315 421.538208 -0.562932
v 268.143616 421.534821 -1.325129
v 268.750244 421.547638 -2.110839
v 269.336578 421.585571 -2.929570
v 267.523315 421.798676 -2.040206
v 267.523315 422.037842 -2.752066
v 268.143616 421.946381 -2.787959
v 268.143616 422.259277 -3.481396
v 268.750244 422.114655 -3.555551
v 268.750244 422.503113 -4.228422
v 269.336578 422.314056 -4.350531
v 269.336578 422.780701 -4.999595
v 268.143616 422.639679 -4.140233
v 268.750244 422.956665 -4.859268
v 269.336578 423.309662 -5.598971
v 267.523315 423.160553 -4.696667
v 268.143616 423.587128 -5.328325
v 268.143616 424.144806 -5.845773
v 268.750244 424.040344 -5.970290
v 268.750244 424.659668 -6.439425
v 269.336578 424.532898 -6.625383
v 269.336578 425.215027 -7.042219
v 267.523315 424.207977 -5.770512
v 268.143616 424.751251 -6.305123
v 268.750244 425.322662 -6.844561
v 269.336578 425.935242 -7.389066
v 268.143616 429.809814 -7.593194
v 268.143616 429.049988 -7.631114
v 268.750244 429.825989 -7.754932
v 268.750244 429.049988 -7.793661
v 269.336578 429.848419 -7.978881
v 269.336578 429.049988 -8.018727
v 269.336578 430.638885 -7.859736
v 268.143616 430.562073 -7.479808
v 268.750244 430.594269 -7.639132
v 268.750244 432.777344 -6.844561
v 268.143616 432.014191 -7.031890
v 267.523315 431.270355 -7.198205
v 268.750244 436.552368 -2.110839
v 268.143616 436.153595 -2.787959
v 268.750244 436.783173 0.969093
v 268.143616 436.678741 0.190249
v 267.523315 436.561798 -0.562932
v 268.750244 435.377960 4.549500
v 268.143616 435.658752 3.815557
v 268.750244 433.113892 6.650259
v 268.143616 433.657715 6.083009
v 267.523315 434.173645 5.521983
v 268.750244 430.211578 7.706612
v 268.143616 430.933044 7.395139
v 267.523315 431.626404 7.078581
v 268.750244 427.126862 7.552660
v 268.143616 427.912628 7.545881
v 268.750244 424.344147 6.212581
v 268.143616 425.070862 6.511560
v 267.523315 425.781616 6.786880
v 268.750244 421.946045 3.205432
v 268.143616 422.441254 3.815557
v 267.523315 422.933777 4.397264
v 268.750244 421.258759 0.194301
v 268.143616 421.478119 0.948881
v 267.523315 421.705994 1.676221
v 268.750244 421.795074 -2.847344
v 268.143616 421.704102 -2.066815
v 268.750244 423.470764 -5.441821
v 268.143616 423.083740 -4.757922
v 267.523315 422.722198 -4.086930
v 268.750244 426.022675 -7.181674
v 268.143616 425.400391 -6.701809
v 267.523315 424.806580 -6.223948
v 269.336578 428.251587 -7.978881
v 268.143616 428.290192 -7.593194
v 268.750244 428.273987 -7.754932
v 294.700012 419.753418 3.684211
v 294.700012 419.753418 -3.684211
v 294.603394 419.753418 3.388775
v 294.645325 419.753418 3.456600
v 294.349030 419.753418 3.206933
v 294.693268 419.753418 3.601616
v 294.674591 419.753418 3.526822
v 294.544922 419.753418 3.322226
v 294.462921 419.753418 3.258927
v 294.200012 419.753418 3.184211
v 294.444946 419.753418 -3.248321
v 294.313354 419.753418 -3.197229
v 294.692413 419.753418 -3.597913
v 294.671356 419.753418 -3.517370
v 294.640015 419.753418 -3.446785
v 294.602478 419.753418 -3.387544
v 294.521820 419.753418 -3.301550
v 294.200012 419.753418 -3.184211
v 279.200012 419.753418 3.184211
v 279.200012 419.753418 -3.184211
v 277.813690 419.338074 2.192007
v 277.700012 419.175446 1.578947
v 278.158356 419.673889 2.259567
v 278.498627 419.853546 2.617715
v 278.401215 419.812103 2.541433
v 278.358337 419.617767 2.907689
v 278.241455 419.575256 2.813685
v 278.134247 419.529816 2.708562
v 278.311859 419.767822 2.456128
v 278.617584 419.689636 3.058270
v 278.756256 419.716614 3.112355
v 278.900848 419.736755 3.151965
v 278.484741 419.656464 2.989966
v 277.728821 419.249908 1.892032
v 277.973999 419.494904 1.793534
v 278.044739 419.580872 2.036956
v 278.230530 419.721313 2.361752
v 279.049530 419.749207 3.176124
v 277.950043 419.433472 2.466336
v 277.729004 419.250183 -1.893080
v 278.485748 419.656738 -2.990544
v 278.158905 419.674286 -2.260433
v 277.814117 419.338440 -2.193107
v 277.950684 419.433868 -2.467402
v 278.231232 419.721771 -2.362658
v 278.134674 419.529999 -2.709016
v 278.045105 419.581207 -2.037849
v 277.974182 419.495178 -1.794385
v 278.903137 419.737000 -3.152459
v 279.050201 419.749237 -3.176185
v 278.312225 419.768005 -2.456497
v 278.401855 419.812408 -2.541997
v 278.242249 419.575562 -2.814380
v 278.500092 419.854156 -2.618765
v 278.360107 419.618347 -2.908984
v 278.618591 419.689850 -3.058725
v 278.758789 419.717041 -3.113195
v 277.700012 419.175446 -1.578947
v 276.500000 429.598358 -1.335153
v 276.500000 431.201630 -3.372020
v 276.500000 431.631866 -3.055150
v 276.500000 430.480469 -0.192683
v 276.500000 432.828400 -1.312892
v 276.500000 432.969666 -0.797566
v 276.500000 432.016052 -2.683761
v 276.500000 432.347290 -2.264480
v 276.500000 432.619690 -1.804789
v 276.500000 427.611572 -3.732421
v 276.500000 428.167908 -1.142470
v 276.500000 427.126923 -3.507397
v 276.500000 426.676605 -3.219783
v 276.500000 429.714478 -3.944420
v 276.500000 430.234314 -3.820658
v 276.500000 430.732971 -3.628716
v 276.500000 428.501648 1.335153
v 276.500000 427.128418 3.508203
v 276.500000 426.677948 3.220778
v 276.500000 428.650452 3.979995
v 276.500000 428.123535 3.891229
v 276.500000 427.613159 3.733024
v 276.500000 428.121918 -3.890840
v 276.500000 428.648773 -3.979827
v 276.500000 429.182831 -3.997794
v 276.500000 425.049988 0.000839
v 276.500000 425.085571 -0.532317
v 276.500000 427.619537 0.192683
v 276.500000 425.191895 -1.055973
v 276.500000 425.367065 -1.560785
v 276.500000 425.607971 -2.037745
v 276.500000 426.269836 2.875878
v 276.500000 425.911316 2.479658
v 276.500000 425.608826 2.039188
v 276.500000 425.367737 1.562329
v 276.500000 425.192352 1.057590
v 276.500000 425.085815 0.533979
v 276.500000 425.910278 -2.478341
v 276.500000 426.268616 -2.874712
v 276.500000 432.017181 2.682517
v 276.500000 431.633148 3.054067
v 276.500000 429.932098 1.142470
v 276.500000 431.203033 3.371118
v 276.500000 430.734497 3.628011
v 276.500000 430.235901 3.820161
v 276.500000 429.716156 3.944141
v 276.500000 429.184509 3.997738
v 276.500000 433.041016 -0.268007
v 276.500000 433.041138 0.266334
v 276.500000 432.970001 0.795922
v 276.500000 432.828949 1.311307
v 276.500000 432.620453 1.803292
v 276.500000 432.348236 2.263097
v 260.500000 427.389191 -0.362975
v 260.500000 427.351410 -0.069066
v 260.500000 429.049988 -0.000000
v 260.500000 427.365204 0.226941
v 260.500000 427.430206 0.516053
v 260.500000 427.793182 -1.144745
v 260.500000 427.613495 -0.909111
v 260.500000 427.477478 -0.645855
v 260.500000 428.533936 -1.619781
v 260.500000 428.260529 -1.505561
v 260.500000 428.011078 -1.345595
v 260.500000 429.412964 -1.660798
v 260.500000 429.119080 -1.698596
v 260.500000 428.823059 -1.684784
v 260.500000 430.194733 -1.256805
v 260.500000 429.959106 -1.436494
v 260.500000 429.695862 -1.572536
v 260.500000 430.669769 -0.516053
v 260.500000 430.555573 -0.789485
v 260.500000 430.395599 -1.038929
v 260.500000 430.710785 0.362975
v 260.500000 430.748596 0.069066
v 260.500000 430.734772 -0.226941
v 260.500000 430.306793 1.144745
v 260.500000 430.486481 0.909111
v 260.500000 430.622528 0.645855
v 260.500000 429.566040 1.619781
v 260.500000 429.839478 1.505561
v 260.500000 430.088928 1.345595
v 260.500000 428.687012 1.660798
v 260.500000 428.980927 1.698596
v 260.500000 429.276947 1.684784
v 260.500000 427.905243 1.256805
v 260.500000 428.140900 1.436494
v 260.500000 428.404144 1.572536
v 260.500000 427.544434 0.789485
v 260.500000 427.704407 1.038929
v 274.200012 427.121185 0.528795
v 260.799988 427.144379 0.607121
v 260.799988 427.067902 0.266989
v 274.200012 427.144379 0.607121
v 274.200012 427.208862 0.781165
v 260.799988 427.278748 0.928806
v 274.200012 427.278748 0.928806
v 274.200012 427.329407 1.019594
v 260.799988 427.466949 1.222269
v 274.200012 427.466949 1.222269
v 260.799988 427.703247 1.478595
v 274.200012 427.480652 1.239829
v 274.200012 427.659912 1.437939
v 274.200012 427.703247 1.478595
v 274.200012 427.863983 1.610389
v 260.799988 427.980469 1.689994
v 274.200012 427.980469 1.689994
v 274.200012 428.089203 1.754101
v 260.799988 428.290161 1.850043
v 274.200012 428.290161 1.850043
v 260.799988 428.622955 1.953880
v 274.200012 428.331573 1.866512
v 274.200012 428.586761 1.945614
v 274.200012 428.622955 1.953880
v 274.200012 428.850220 1.989998
v 260.799988 428.968750 1.998349
v 274.200012 428.968750 1.998349
v 274.200012 429.117249 1.998869
v 260.799988 429.316986 1.982099
v 274.200012 429.316986 1.982099
v 260.799988 429.657135 1.905624
v 274.200012 429.383087 1.972071
v 274.200012 429.642944 1.910081
v 274.200012 429.657135 1.905624
v 274.200012 429.892242 1.814005
v 260.799988 429.978821 1.771248
v 274.200012 429.978821 1.771248
v 274.200012 430.126526 1.685559
v 260.799988 430.272278 1.583053
v 274.200012 430.272278 1.583053
v 274.200012 430.341583 1.527034
v 260.799988 430.528595 1.346758
v 274.200012 430.528595 1.346758
v 260.799988 430.739990 1.069543
v 274.200012 430.533600 1.341258
v 274.200012 430.699127 1.131548
v 274.200012 430.739990 1.069543
v 274.200012 430.835236 0.901646
v 260.799988 430.900055 0.759830
v 274.200012 430.900055 0.759830
v 274.200012 430.939484 0.655654
v 260.799988 431.003876 0.427030
v 274.200012 431.003876 0.427030
v 260.799988 431.048340 0.081255
v 274.200012 431.010010 0.397961
v 274.200012 431.045563 0.133167
v 274.200012 431.048340 0.081255
v 274.200012 431.045502 -0.134004
v 260.799988 431.032104 -0.266989
v 274.200012 431.032104 -0.266989
v 274.200012 431.009827 -0.398783
v 260.799988 430.955627 -0.607121
v 274.200012 430.955627 -0.607121
v 260.799988 430.821259 -0.928806
v 274.200012 430.939209 -0.656446
v 274.200012 430.834839 -0.902394
v 274.200012 430.821259 -0.928806
v 274.200012 430.698639 -1.132240
v 260.799988 430.633057 -1.222269
v 274.200012 430.396759 -1.478595
v 260.799988 430.396759 -1.478595
v 274.200012 430.533020 -1.341880
v 274.200012 430.633057 -1.222269
v 274.200012 430.340942 -1.527575
v 274.200012 430.125824 -1.686010
v 260.799988 430.119537 -1.689994
v 274.200012 430.119537 -1.689994
v 274.200012 429.891479 -1.814358
v 260.799988 429.809845 -1.850043
v 274.200012 429.809845 -1.850043
v 274.200012 429.642151 -1.910329
v 260.799988 429.477020 -1.953880
v 274.200012 429.477020 -1.953880
v 274.200012 429.382233 -1.972210
v 260.799988 429.131256 -1.998349
v 274.200012 429.131256 -1.998349
v 260.799988 428.783020 -1.982099
v 274.200012 429.116425 -1.998897
v 274.200012 428.849396 -1.989914
v 274.200012 428.783020 -1.982099
v 274.200012 428.585938 -1.945420
v 260.799988 428.442871 -1.905624
v 274.200012 428.442871 -1.905624
v 274.200012 428.330780 -1.866210
v 260.799988 428.121185 -1.771248
v 274.200012 428.121185 -1.771248
v 260.799988 427.827728 -1.583053
v 274.200012 428.088470 -1.753698
v 274.200012 427.863312 -1.609891
v 274.200012 427.827728 -1.583053
v 274.200012 427.659302 -1.437356
v 260.799988 427.571411 -1.346758
v 274.200012 427.571411 -1.346758
v 274.200012 427.480133 -1.239171
v 260.799988 427.360016 -1.069543
v 274.200012 427.360016 -1.069543
v 260.799988 427.199951 -0.759830
v 274.200012 427.328979 -1.018872
v 274.200012 427.208527 -0.780392
v 274.200012 427.199951 -0.759830
v 274.200012 427.120941 -0.527986
v 260.799988 427.096130 -0.427030
v 274.200012 427.096130 -0.427030
v 274.200012 427.067780 -0.266158
v 260.799988 427.051666 -0.081255
v 274.200012 427.051666 -0.081255
v 274.200012 427.049988 0.000419
v 274.200012 427.067902 0.266989
v 276.200012 426.268616 -2.874712
v 276.200012 432.347290 -2.264480
v 276.200012 433.041016 -0.268007
v 276.200012 428.650452 3.979995
v 276.200012 425.192352 1.057590
v 276.200012 425.367737 1.562329
v 276.200012 425.608826 2.039188
v 276.200012 426.269836 2.875878
v 276.200012 425.911316 2.479658
v 276.200012 426.677948 3.220778
v 276.200012 427.128418 3.508203
v 276.200012 427.613159 3.733024
v 276.200012 428.123535 3.891229
v 276.200012 429.184509 3.997738
v 276.200012 429.716156 3.944141
v 276.200012 430.235901 3.820161
v 276.200012 430.734497 3.628011
v 276.200012 431.633148 3.054067
v 276.200012 431.203033 3.371118
v 276.200012 432.348236 2.263097
v 276.200012 432.017181 2.682517
v 276.200012 432.620453 1.803292
v 276.200012 432.828949 1.311307
v 276.200012 432.970001 0.795922
v 276.200012 433.041138 0.266334
v 276.200012 432.969666 -0.797566
v 276.200012 432.828400 -1.312892
v 276.200012 432.619690 -1.804789
v 276.200012 432.016052 -2.683761
v 276.200012 431.631866 -3.055150
v 276.200012 431.201630 -3.372020
v 276.200012 430.732971 -3.628716
v 276.200012 429.714478 -3.944420
v 276.200012 430.234314 -3.820658
v 276.200012 428.648773 -3.979827
v 276.200012 429.182831 -3.997794
v 276.200012 428.121918 -3.890840
v 276.200012 427.611572 -3.732421
v 276.200012 427.126923 -3.507397
v 276.200012 426.676605 -3.219783
v 276.200012 425.910278 -2.478341
v 276.200012 425.607971 -2.037745
v 276.200012 425.367065 -1.560785
v 276.200012 425.191895 -1.055973
v 276.200012 425.085815 0.533979
v 276.200012 425.049988 0.000839
v 276.200012 425.085571 -0.532317
v 275.299988 428.501648 1.335153
v 275.299988 429.932098 1.142470
v 275.299988 430.480469 -0.192683
v 275.299988 429.598358 -1.335153
v 275.299988 428.167908 -1.142470
v 275.299988 427.619537 0.192683
vn -0.0000 0.6654 -0.7465
vn -0.0022 0.6240 -0.7815
vn -0.0000 0.6003 -0.7998
vn -0.0000 0.5283 -0.8490
vn -0.0022 0.4841 -0.8750
vn -0.0000 0.4550 -0.8905
vn -0.0000 0.3757 -0.9268
vn -0.0023 0.3306 -0.9438
vn -0.0000 0.2964 -0.9551
vn -0.0000 0.2120 -0.9773
vn -0.0024 0.1677 -0.9858
vn -0.0000 0.1290 -0.9916
vn -0.0000 0.0421 -0.9991
vn -0.0024 -0.0000 -1.0000
vn -0.0000 -0.0421 -0.9991
vn -0.0000 -0.1290 -0.9916
vn -0.0023 -0.1677 -0.9858
vn -0.0000 -0.2120 -0.9773
vn -0.0000 -0.2963 -0.9551
vn -0.0023 -0.3306 -0.9438
vn -0.0000 -0.3757 -0.9268
vn -0.0000 -0.4550 -0.8905
vn -0.0023 -0.4841 -0.8750
vn -0.0000 -0.6655 -0.7464
vn -0.0022 -0.6240 -0.7814
vn -0.0000 -0.6003 -0.7998
vn -0.0000 -0.5283 -0.8491
vn -0.0000 -0.9177 0.3973
vn -0.0017 -0.9217 -0.3880
vn -0.0033 -0.9249 -0.3803
vn -0.0041 -0.9266 -0.3760
vn -0.0059 -0.9295 -0.3689
vn -0.0093 -0.9339 -0.3575
vn -0.0148 -0.9393 -0.3429
vn -0.0001 -0.9483 -0.3174
vn 0.0018 -0.9301 -0.3673
vn 0.0232 -0.9087 -0.4168
vn -0.0058 -0.9293 0.3692
vn -0.0046 -0.9273 0.3744
vn -0.0031 -0.9245 0.3811
vn -0.0010 -0.9581 0.2863
vn -0.0000 -0.9529 0.3032
vn -0.0001 -0.9410 0.3383
vn -0.0049 -0.9473 0.3203
vn 0.0108 -0.9179 0.3967
vn -0.0133 -0.9379 0.3466
vn -0.0084 -0.9328 0.3603
vn -0.0000 -0.9497 -0.3132
vn -0.0000 -0.9534 -0.3018
vn -0.0012 -0.9585 -0.2852
vn -0.0036 -0.9624 -0.2715
vn -0.0082 -0.9678 -0.2517
vn 0.0020 -0.9614 -0.2752
vn -0.0012 -0.9770 -0.2134
vn -0.0010 -0.9768 -0.2142
vn -0.0000 -0.9816 -0.1912
vn -0.0000 -0.9853 -0.1709
vn -0.0004 -0.9850 -0.1727
vn 0.0009 -0.9939 -0.1104
vn 0.0009 -0.9939 -0.1105
vn -0.0000 -0.9979 -0.0649
vn -0.0000 -0.9982 -0.0601
vn -0.0010 -0.9998 -0.0203
vn 0.0080 -1.0000 -0.0000
vn -0.0004 -0.9991 0.0424
vn -0.0000 -0.9982 0.0601
vn -0.0000 -0.9962 0.0866
vn 0.0064 -0.9939 0.1105
vn -0.0040 -0.9888 0.1490
vn -0.0000 -0.9850 0.1727
vn -0.0000 -0.9813 0.1924
vn -0.0001 -0.9815 0.1916
vn 0.0005 -0.9705 0.2410
vn -0.0117 -0.9761 0.2169
vn 0.0112 -0.9550 0.2963
vn -0.0079 -0.9675 0.2526
vn -0.0033 -0.9622 0.2722
vn 0.0006 0.3168 -0.9485
vn -0.0000 0.3574 -0.9340
vn -0.0000 0.3750 -0.9270
vn -0.0002 0.3984 -0.9172
vn 0.0008 0.4324 -0.9017
vn -0.0000 0.4552 -0.8904
vn -0.0000 0.4875 -0.8731
vn -0.0001 0.4941 -0.8694
vn 0.0004 0.5440 -0.8391
vn 0.0003 0.5414 -0.8408
vn -0.0000 0.5842 -0.8116
vn -0.0000 0.5924 -0.8056
vn -0.0002 0.6195 -0.7850
vn 0.0009 0.6419 -0.7668
vn -0.0000 0.6676 -0.7445
vn -0.0000 0.6882 -0.7255
vn -0.0001 0.6999 -0.7143
vn 0.0007 0.7324 -0.6809
vn -0.0000 0.7434 -0.6689
vn -0.0000 0.7732 -0.6342
vn -0.0000 0.7721 -0.6355
vn -0.0001 0.8115 -0.5843
vn 0.0011 0.8012 -0.5985
vn -0.0000 0.8357 -0.5492
vn -0.0000 0.8461 -0.5331
vn -0.0001 0.8592 -0.5117
vn 0.0009 0.8780 -0.4787
vn -0.0000 0.8896 -0.4568
vn -0.0000 0.9059 -0.4234
vn 0.0001 0.9939 -0.1104
vn 0.0008 0.9923 -0.1238
vn -0.0000 0.9853 -0.1709
vn -0.0000 0.9826 -0.1859
vn -0.0000 0.9768 -0.2142
vn 0.0010 0.9691 -0.2468
vn -0.0001 0.9614 -0.2752
vn -0.0000 0.9517 -0.3069
vn -0.0000 0.9483 -0.3174
vn 0.0005 0.9308 -0.3656
vn 0.0004 0.9301 -0.3673
vn -0.0000 0.9089 -0.4170
vn -0.0000 0.9979 -0.0640
vn -0.0000 0.9998 -0.0204
vn 0.0009 1.0000 -0.0000
vn -0.0000 0.9991 0.0425
vn -0.0000 0.9923 0.1238
vn 0.0026 0.9962 0.0866
vn -0.0016 0.9826 0.1859
vn -0.0000 0.9888 0.1490
vn -0.0000 0.9691 0.2468
vn 0.0038 0.9813 0.1927
vn 0.0007 0.9705 0.2409
vn -0.0002 0.9517 0.3069
vn -0.0000 0.9551 0.2964
vn -0.0000 0.9308 0.3656
vn 0.0019 0.9410 0.3383
vn -0.0011 0.9059 0.4235
vn -0.0000 0.9179 0.3967
vn -0.0000 0.8995 0.4369
vn 0.0006 0.8780 0.4787
vn 0.0001 0.8733 0.4872
vn -0.0000 0.8461 0.5331
vn -0.0000 0.8476 0.5306
vn -0.0000 0.8115 0.5843
vn 0.0013 0.8233 0.5676
vn -0.0006 0.7732 0.6342
vn -0.0002 0.7155 0.6986
vn 0.0008 0.7324 0.6809
vn -0.0000 0.7580 0.6523
vn -0.0000 0.7861 0.6181
vn 0.0037 0.6842 0.7293
vn -0.0000 0.6419 0.7668
vn -0.0000 0.6882 0.7255
vn 0.0007 0.6503 0.7597
vn -0.0001 0.6020 0.7985
vn -0.0000 0.5924 0.8056
vn -0.0000 0.5661 0.8243
vn 0.0009 0.5414 0.8408
vn -0.0002 0.5132 0.8583
vn -0.0000 0.4875 0.8731
vn -0.0000 0.4748 0.8801
vn 0.0004 0.4324 0.9017
vn 0.0002 0.4282 0.9037
vn -0.0000 0.3750 0.9270
vn -0.0000 0.3780 0.9258
vn -0.0000 0.3367 0.9416
vn 0.0008 0.3168 0.9485
vn -0.0002 0.2769 0.9609
vn -0.0000 0.2566 0.9665
vn -0.0000 0.2341 0.9722
vn 0.0006 0.1961 0.9806
vn -0.0002 0.1761 0.9844
vn -0.0000 0.1342 0.9910
vn -0.0000 0.1288 0.9917
vn -0.0000 0.0849 0.9964
vn 0.0006 0.0725 0.9974
vn -0.0001 0.0221 0.9998
vn -0.0000 0.0097 1.0000
vn -0.0000 -0.0221 0.9998
vn 0.0007 -0.0523 0.9986
vn -0.0004 -0.0849 0.9964
vn -0.0000 -0.1149 0.9934
vn -0.0001 -0.2378 0.9713
vn -0.0000 -0.1763 0.9843
vn 0.0028 -0.1288 0.9917
vn 0.0002 -0.1761 0.9844
vn -0.0000 -0.2341 0.9722
vn -0.0000 -0.2769 0.9609
vn 0.0007 -0.2975 0.9547
vn -0.0003 -0.3367 0.9416
vn -0.0000 -0.3569 0.9341
vn -0.0000 -0.3780 0.9258
vn 0.0005 -0.4141 0.9102
vn -0.0002 -0.4282 0.9037
vn -0.0000 -0.4705 0.8824
vn -0.0000 -0.4747 0.8801
vn -0.0000 -0.5243 0.8515
vn 0.0007 -0.5132 0.8582
vn -0.0004 -0.5767 0.8169
vn -0.0000 -0.5661 0.8243
vn -0.0000 -0.6020 0.7985
vn 0.0006 -0.6263 0.7796
vn -0.0005 -0.6503 0.7597
vn -0.0000 -0.6740 0.7388
vn -0.0000 -0.6833 0.7301
vn -0.0000 -0.7185 0.6955
vn 0.0002 -0.7155 0.6986
vn -0.0001 -0.7608 0.6490
vn -0.0014 -0.9206 0.3906
vn -0.0000 -0.8995 0.4369
vn 0.0001 -0.8976 0.4408
vn -0.0002 -0.8733 0.4872
vn 0.0003 -0.8681 0.4963
vn -0.0000 -0.8476 0.5306
vn -0.0000 -0.8357 0.5491
vn -0.0004 -0.8233 0.5676
vn 0.0006 -0.7995 0.6006
vn -0.0000 -0.7861 0.6181
vn -0.0000 -0.7580 0.6523
vn -0.0000 -0.9177 -0.3973
vn -0.0000 -0.8976 -0.4408
vn -0.0003 -0.8896 -0.4567
vn 0.0006 -0.8681 -0.4963
vn -0.0000 -0.8591 -0.5117
vn -0.0000 -0.8357 -0.5491
vn -0.0000 -0.8357 -0.5492
vn -0.0000 -0.8011 -0.5985
vn 0.0001 -0.7995 -0.6006
vn -0.0000 -0.7721 -0.6355
vn -0.0000 -0.7608 -0.6490
vn -0.0004 -0.7434 -0.6689
vn 0.0006 -0.7185 -0.6955
vn -0.0000 -0.6999 -0.7143
vn -0.0000 -0.6740 -0.7388
vn -0.0001 -0.6676 -0.7445
vn 0.0004 -0.6263 -0.7796
vn -0.0000 -0.6195 -0.7850
vn -0.0000 -0.5767 -0.8169
vn 0.0001 -0.5842 -0.8116
vn -0.0006 -0.5243 -0.8515
vn 0.0009 -0.5440 -0.8391
vn -0.0000 -0.4941 -0.8694
vn -0.0000 -0.4705 -0.8824
vn -0.0002 -0.4552 -0.8904
vn 0.0006 -0.4141 -0.9102
vn -0.0000 -0.3984 -0.9172
vn -0.0000 -0.3569 -0.9341
vn -0.0000 -0.3574 -0.9339
vn -0.0000 -0.2975 -0.9547
vn 0.0004 -0.3048 -0.9524
vn -0.0000 -0.2555 -0.9668
vn -0.0000 -0.2378 -0.9713
vn -0.0003 -0.2125 -0.9772
vn 0.0007 -0.1763 -0.9843
vn -0.0000 -0.1508 -0.9886
vn -0.0000 -0.1149 -0.9934
vn -0.0001 -0.1069 -0.9943
vn 0.0004 -0.0523 -0.9986
vn -0.0000 -0.0442 -0.9990
vn -0.0000 0.0097 -1.0000
vn -0.0004 0.0442 -0.9990
vn 0.0007 0.0725 -0.9974
vn -0.0000 0.1069 -0.9943
vn -0.0000 0.1342 -0.9910
vn -0.0002 0.1508 -0.9886
vn 0.0007 0.1961 -0.9806
vn -0.0000 0.2125 -0.9772
vn -0.0000 0.2566 -0.9665
vn -0.0000 0.2555 -0.9668
vn -0.0001 0.3048 -0.9524
vn 1.0000 -0.0000 -0.0000
vn 1.0000 -0.0000 -0.0002
vn 1.0000 -0.0000 0.0001
vn 1.0000 -0.0000 -0.0001
vn 0.0008 0.9588 -0.2841
vn 0.0015 0.9117 -0.4109
vn -0.0000 0.9086 -0.4178
vn 0.0031 0.9152 -0.4030
vn 0.0044 0.9179 -0.3968
vn 0.0056 0.9200 -0.3919
vn 0.0067 0.9222 -0.3867
vn 0.0084 0.9246 -0.3809
vn 0.0104 0.9273 -0.3741
vn 0.0140 0.9318 -0.3626
vn 0.0209 0.9384 -0.3449
vn 0.0025 0.9239 -0.3827
vn -0.0000 0.9493 -0.3143
vn -0.0000 0.9530 -0.3028
vn 0.0139 0.9318 0.3626
vn 0.0049 0.9180 0.3966
vn 0.0056 0.9199 0.3922
vn 0.0103 0.9273 0.3743
vn 0.0084 0.9247 0.3806
vn 0.0067 0.9223 0.3864
vn -0.0000 0.9087 0.4175
vn 0.0001 0.9079 0.4193
vn 0.0015 0.9117 0.4109
vn 0.0027 0.9151 0.4032
vn 0.0043 0.9658 0.2591
vn 0.0008 0.9588 0.2841
vn -0.0000 0.9530 0.3028
vn 0.0001 0.9239 0.3827
vn 0.0278 0.9435 0.3303
vn 0.0209 0.9384 0.3449
vn 0.0043 0.9658 -0.2591
vn 0.0090 0.9711 -0.2385
vn 0.0105 0.9723 -0.2334
vn -0.0000 0.9811 -0.1937
vn -0.0000 0.9969 -0.0785
vn -0.0000 0.9969 0.0785
vn -0.0000 0.9724 0.2334
vn 0.0218 0.9808 0.1937
vn 0.0090 0.9711 0.2385
vn 0.0011 0.0785 0.9969
vn 0.0012 0.2334 0.9724
vn -0.0000 0.1956 0.9807
vn -0.0000 0.1243 0.9922
vn 0.0011 0.3827 0.9239
vn -0.0000 0.3408 0.9402
vn -0.0000 0.2719 0.9623
vn 0.0010 0.5225 0.8526
vn -0.0000 0.4781 0.8783
vn -0.0000 0.4135 0.9105
vn 0.0009 0.6494 0.7604
vn -0.0000 0.6047 0.7965
vn -0.0000 0.5456 0.8381
vn 0.0007 0.7604 0.6494
vn -0.0000 0.7175 0.6965
vn -0.0000 0.6653 0.7466
vn -0.0000 0.8919 0.4522
vn -0.0000 0.8571 0.5152
vn 0.0004 0.8526 0.5225
vn -0.0000 0.8141 0.5808
vn -0.0000 0.7699 0.6381
vn 0.0013 0.8922 -0.4516
vn -0.0000 0.9077 -0.4196
vn -0.0000 0.8570 -0.5154
vn 0.0004 0.8526 -0.5225
vn -0.0000 0.8139 -0.5810
vn -0.0000 0.7698 -0.6383
vn 0.0007 0.7604 -0.6494
vn -0.0000 0.7174 -0.6967
vn -0.0000 0.6651 -0.7467
vn 0.0009 0.6494 -0.7604
vn -0.0000 0.6045 -0.7966
vn -0.0000 0.5454 -0.8382
vn 0.0010 0.5225 -0.8526
vn -0.0000 0.4780 -0.8784
vn -0.0000 0.4133 -0.9106
vn 0.0011 0.3827 -0.9239
vn -0.0000 0.3406 -0.9402
vn -0.0000 0.2717 -0.9624
vn 0.0012 0.2334 -0.9724
vn -0.0000 0.1954 -0.9807
vn -0.0000 0.1240 -0.9923
vn 0.0011 0.0785 -0.9969
vn -0.0000 0.0458 -0.9989
vn -0.0000 -0.0265 -0.9997
vn 0.0010 -0.0785 -0.9969
vn -0.0000 -0.1048 -0.9945
vn -0.0000 -0.1764 -0.9843
vn 0.0009 -0.2334 -0.9724
vn -0.0000 -0.2530 -0.9675
vn -0.0000 -0.3223 -0.9466
vn 0.0007 -0.3827 -0.9239
vn -0.0000 -0.3955 -0.9185
vn -0.0000 -0.4609 -0.8874
vn 0.0004 -0.5225 -0.8526
vn -0.0001 -0.5303 -0.8478
vn 0.0006 -0.7604 -0.6495
vn -0.0000 -0.7532 -0.6578
vn -0.0000 -0.6495 -0.7604
vn 0.0043 -0.7038 -0.7104
vn 0.0001 -0.6469 -0.7626
vn 0.0008 -0.8526 -0.5225
vn -0.0000 -0.8435 -0.5371
vn -0.0000 -0.8024 -0.5968
vn 0.0010 -0.9239 -0.3827
vn -0.0000 -0.9146 -0.4043
vn -0.0000 -0.8830 -0.4694
vn 0.0011 -0.9724 -0.2334
vn -0.0000 -0.9650 -0.2623
vn -0.0000 -0.9435 -0.3313
vn 0.0011 -0.9969 -0.0785
vn -0.0000 -0.9934 -0.1143
vn -0.0000 -0.9826 -0.1858
vn 0.0011 -0.9969 0.0785
vn -0.0000 -0.9993 0.0362
vn -0.0000 -0.9994 -0.0360
vn 0.0011 -0.9724 0.2334
vn -0.0000 -0.9825 0.1860
vn -0.0000 -0.9934 0.1146
vn 0.0010 -0.9239 0.3827
vn -0.0000 -0.9435 0.3315
vn -0.0000 -0.9649 0.2625
vn 0.0008 -0.8526 0.5225
vn -0.0000 -0.8829 0.4695
vn -0.0000 -0.9145 0.4045
vn 0.0006 -0.7604 0.6495
vn -0.0000 -0.8023 0.5969
vn -0.0000 -0.8434 0.5373
vn 0.0003 -0.6495 0.7604
vn -0.0000 -0.7036 0.7106
vn -0.0000 -0.7530 0.6580
vn 0.0004 -0.5225 0.8526
vn -0.0001 -0.5299 0.8480
vn 0.0001 -0.6466 0.7628
vn 0.0007 -0.3827 0.9239
vn -0.0000 -0.3953 0.9185
vn -0.0000 -0.4607 0.8876
vn 0.0009 -0.2334 0.9724
vn -0.0000 -0.2528 0.9675
vn -0.0000 -0.3221 0.9467
vn -0.0000 0.0460 0.9989
vn -0.0000 -0.0262 0.9997
vn 0.0010 -0.0785 0.9969
vn -0.0000 -0.1046 0.9945
vn -0.0000 -0.1762 0.9844
vn -1.0000 -0.0000 -0.0000
vn -1.0000 -0.0000 -0.0001
vn -1.0000 -0.0000 0.0001
vn -1.0000 -0.0000 0.0002
vn -0.0000 -0.6655 0.7464
vn -0.0022 -0.6240 0.7814
vn -0.0000 -0.6003 0.7998
vn -0.0000 -0.5283 0.8491
vn -0.0023 -0.4841 0.8750
vn -0.0000 -0.4550 0.8905
vn -0.0000 -0.3757 0.9268
vn -0.0023 -0.3306 0.9438
vn -0.0000 -0.2963 0.9551
vn -0.0000 -0.2120 0.9773
vn -0.0023 -0.1677 0.9858
vn -0.0000 -0.1290 0.9916
vn -0.0000 -0.0421 0.9991
vn -0.0024 -0.0000 1.0000
vn -0.0000 0.0421 0.9991
vn -0.0000 0.1290 0.9916
vn -0.0024 0.1677 0.9858
vn -0.0000 0.2120 0.9773
vn -0.0000 0.2964 0.9551
vn -0.0023 0.3306 0.9438
vn -0.0000 0.3757 0.9268
vn -0.0000 0.4550 0.8905
vn -0.0023 0.4841 0.8750
vn -0.0000 0.6654 0.7465
vn -0.0022 0.6240 0.7815
vn -0.0000 0.6003 0.7998
vn -0.0000 0.5283 0.8490
vn -0.0036 0.0747 -0.9972
vn -0.0036 0.2225 -0.9749
vn -0.0000 0.1736 -0.9848
vn -0.0000 0.1243 -0.9922
vn -0.0036 0.3653 -0.9309
vn -0.0000 0.3420 -0.9397
vn -0.0000 0.2468 -0.9691
vn -0.0036 0.5000 -0.8660
vn -0.0000 0.4562 -0.8899
vn -0.0000 0.4113 -0.9115
vn -0.0036 0.6235 -0.7818
vn -0.0000 0.6038 -0.7971
vn -0.0000 0.5214 -0.8533
vn -0.0036 0.7331 -0.6802
vn -0.0000 0.6982 -0.7159
vn -0.0000 0.6617 -0.7498
vn -0.0036 0.8262 -0.5633
vn -0.0000 0.8119 -0.5837
vn -0.0000 0.7498 -0.6617
vn -0.0036 0.9010 -0.4339
vn -0.0000 0.8782 -0.4782
vn -0.0000 0.8533 -0.5215
vn -0.0036 0.9556 -0.2948
vn -0.0000 0.9479 -0.3185
vn -0.0000 0.9115 -0.4113
vn -0.0036 0.9888 -0.1490
vn -0.0000 0.9802 -0.1981
vn -0.0000 0.9691 -0.2468
vn -0.0036 1.0000 -0.0000
vn -0.0000 0.9997 -0.0249
vn -0.0000 0.9922 -0.1243
vn -0.0036 0.9888 0.1490
vn -0.0000 0.9950 0.0996
vn -0.0000 0.9988 0.0499
vn -0.0036 0.9556 0.2948
vn -0.0000 0.9626 0.2709
vn -0.0000 0.9848 0.1736
vn -0.0036 0.9010 0.4339
vn -0.0000 0.9215 0.3884
vn -0.0000 0.9397 0.3420
vn -0.0036 0.8262 0.5633
vn -0.0000 0.8400 0.5426
vn -0.0000 0.8899 0.4562
vn -0.0036 0.7331 0.6802
vn -0.0000 0.7661 0.6428
vn -0.0000 0.7971 0.6038
vn -0.0036 0.6235 0.7818
vn -0.0000 0.6428 0.7661
vn -0.0000 0.7159 0.6982
vn -0.0036 0.5000 0.8660
vn -0.0000 0.5425 0.8400
vn -0.0000 0.5838 0.8119
vn -0.0036 0.3653 0.9309
vn -0.0000 0.3884 0.9215
vn -0.0000 0.4783 0.8782
vn -0.0036 0.2225 0.9749
vn -0.0000 0.2708 0.9626
vn -0.0000 0.3185 0.9479
vn -0.0036 0.0747 0.9972
vn -0.0000 0.0996 0.9950
vn -0.0000 0.1982 0.9802
vn -0.0036 -0.0747 0.9972
vn -0.0000 -0.0249 0.9997
vn -0.0000 0.0249 0.9997
vn -0.0036 -0.2225 0.9749
vn -0.0000 -0.1981 0.9802
vn -0.0000 -0.0996 0.9950
vn -0.0036 -0.3653 0.9309
vn -0.0000 -0.3185 0.9479
vn -0.0000 -0.2708 0.9626
vn -0.0036 -0.5000 0.8660
vn -0.0000 -0.4782 0.8782
vn -0.0000 -0.3884 0.9215
vn -0.0036 -0.6235 0.7818
vn -0.0000 -0.5837 0.8120
vn -0.0000 -0.5426 0.8400
vn -0.0036 -0.7331 0.6802
vn -0.0000 -0.7159 0.6982
vn -0.0000 -0.6428 0.7660
vn -0.0036 -0.8262 0.5633
vn -0.0000 -0.7971 0.6038
vn -0.0000 -0.7661 0.6428
vn -0.0036 -0.9010 0.4339
vn -0.0000 -0.8899 0.4562
vn -0.0000 -0.8400 0.5426
vn -0.0036 -0.9556 0.2948
vn -0.0000 -0.9397 0.3420
vn -0.0000 -0.9215 0.3884
vn -0.0036 -0.9888 0.1490
vn -0.0000 -0.9848 0.1736
vn -0.0000 -0.9626 0.2709
vn -0.0036 -1.0000 -0.0000
vn -0.0000 -0.9988 0.0499
vn -0.0000 -0.9950 0.0996
vn -0.0036 -0.9888 -0.1490
vn -0.0000 -0.9922 -0.1243
vn -0.0000 -0.9997 -0.0249
vn -0.0036 -0.9556 -0.2948
vn -0.0000 -0.9691 -0.2468
vn -0.0000 -0.9802 -0.1981
vn -0.0036 -0.9010 -0.4339
vn -0.0000 -0.9115 -0.4113
vn -0.0000 -0.9479 -0.3185
vn -0.0036 -0.8262 -0.5633
vn -0.0000 -0.8533 -0.5215
vn -0.0000 -0.8782 -0.4783
vn -0.0036 -0.7331 -0.6802
vn -0.0000 -0.7498 -0.6617
vn -0.0000 -0.8119 -0.5837
vn -0.0036 -0.6235 -0.7818
vn -0.0000 -0.6617 -0.7498
vn -0.0000 -0.6982 -0.7159
vn -0.0036 -0.5000 -0.8660
vn -0.0000 -0.5214 -0.8533
vn -0.0000 -0.6038 -0.7971
vn -0.0036 -0.3653 -0.9309
vn -0.0000 -0.4113 -0.9115
vn -0.0000 -0.4562 -0.8899
vn -0.0036 -0.2225 -0.9749
vn -0.0000 -0.2468 -0.9691
vn -0.0000 -0.3420 -0.9397
vn -0.0000 0.0498 -0.9988
vn -0.0000 -0.0498 -0.9988
vn -0.0036 -0.0747 -0.9972
vn -0.0000 -0.1243 -0.9922
vn -0.0000 -0.1736 -0.9848
vn -0.0000 1.0000 -0.0000
vn 0.0001 1.0000 -0.0000
vn -0.0001 1.0000 -0.0000
vn -0.0000 -1.0000 -0.0000
vn -0.0000 -0.2891 0.9573
vn -0.0006 -0.3288 0.9444
vn -0.0000 -0.3671 0.9302
vn -0.0000 -0.4425 0.8967
vn -0.0006 -0.4792 0.8777
vn -0.0000 -0.5147 0.8574
vn -0.0000 -0.5836 0.8121
vn -0.0005 -0.6167 0.7872
vn -0.0000 -0.6483 0.7614
vn -0.0000 -0.7094 0.7048
vn -0.0005 -0.7375 0.6753
vn -0.0000 -0.7649 0.6442
vn -0.0000 -0.8152 0.5791
vn -0.0005 -0.8383 0.5452
vn -0.0000 -0.8602 0.5100
vn -0.0000 -0.8991 0.4377
vn -0.0005 -0.9164 0.4003
vn -0.0000 -0.9322 0.3620
vn -0.0000 -0.9588 0.2842
vn -0.0005 -0.9696 0.2448
vn -0.0000 -0.9790 0.2040
vn -0.0000 -0.9924 0.1230
vn -0.0006 -0.9966 0.0821
vn -0.0000 -0.9992 0.0411
vn -0.0000 -0.9992 -0.0411
vn -0.0006 -0.9966 -0.0821
vn -0.0000 -0.9924 -0.1230
vn -0.0000 -0.9789 -0.2044
vn -0.0005 -0.9696 -0.2448
vn -0.0000 -0.9587 -0.2843
vn -0.0000 -0.9322 -0.3619
vn -0.0005 -0.9164 -0.4003
vn -0.0000 -0.8992 -0.4374
vn -0.0000 -0.8601 -0.5101
vn -0.0005 -0.8383 -0.5452
vn -0.0000 -0.8151 -0.5793
vn -0.0000 -0.7648 -0.6443
vn -0.0005 -0.7375 -0.6753
vn -0.0000 -0.7100 -0.7042
vn -0.0000 -0.6492 -0.7606
vn -0.0005 -0.6168 -0.7872
vn -0.0000 -0.5837 -0.8119
vn -0.0000 -0.5145 -0.8575
vn -0.0006 -0.4792 -0.8777
vn -0.0000 -0.4423 -0.8969
vn -0.0000 -0.3671 -0.9302
vn -0.0006 -0.3288 -0.9444
vn -0.0000 -0.2894 -0.9572
vn -0.0000 0.2892 -0.9573
vn -0.0006 0.3288 -0.9444
vn -0.0000 0.3670 -0.9302
vn -0.0000 0.4425 -0.8967
vn -0.0006 0.4793 -0.8777
vn -0.0000 0.5149 -0.8573
vn -0.0000 0.5836 -0.8121
vn -0.0006 0.6167 -0.7872
vn -0.0000 0.6483 -0.7614
vn -0.0000 0.7094 -0.7048
vn -0.0005 0.7375 -0.6753
vn -0.0000 0.7649 -0.6442
vn -0.0000 0.8152 -0.5791
vn -0.0006 0.8383 -0.5452
vn -0.0000 0.8602 -0.5100
vn -0.0000 0.8991 -0.4377
vn -0.0006 0.9163 -0.4005
vn -0.0000 0.9320 -0.3624
vn -0.0000 0.9589 -0.2838
vn -0.0006 0.9696 -0.2446
vn -0.0000 0.9790 -0.2040
vn -0.0000 0.9924 -0.1234
vn -0.0006 0.9966 -0.0823
vn -0.0000 0.9992 -0.0411
vn -0.0000 0.9992 0.0411
vn -0.0006 0.9966 0.0823
vn -0.0000 0.9924 0.1234
vn -0.0000 0.9789 0.2044
vn -0.0006 0.9696 0.2446
vn -0.0000 0.9588 0.2839
vn -0.0000 0.9321 0.3622
vn -0.0005 0.9163 0.4005
vn -0.0000 0.8992 0.4374
vn -0.0000 0.8601 0.5101
vn -0.0006 0.8383 0.5452
vn -0.0000 0.8151 0.5793
vn -0.0000 0.7650 0.6441
vn -0.0005 0.7375 0.6753
vn -0.0000 0.7098 0.7044
vn -0.0000 0.6492 0.7606
vn -0.0006 0.6168 0.7872
vn -0.0000 0.5837 0.8119
vn -0.0000 0.5145 0.8575
vn -0.0005 0.4793 0.8777
vn -0.0000 0.4424 0.8968
vn -0.0000 0.3671 0.9302
vn -0.0006 0.3288 0.9444
vn -0.0000 0.2894 0.9572
vn -0.4990 -0.0648 0.8642
vn -0.4990 -0.1928 0.8449
vn -0.4989 -0.3166 0.8067
vn -0.4990 -0.3166 0.8067
vn -0.4990 -0.4333 0.7505
vn -0.4989 -0.4333 0.7505
vn -0.4990 -0.5403 0.6776
vn -0.4989 -0.5403 0.6776
vn -0.4989 -0.6353 0.5895
vn -0.4989 -0.7161 0.4882
vn -0.4990 -0.7160 0.4882
vn -0.4989 -0.7808 0.3760
vn -0.4989 -0.8281 0.2554
vn -0.4990 -0.8281 0.2554
vn -0.4990 -0.8569 0.1292
vn -0.4989 -0.8570 0.1292
vn -0.4989 -0.8666 -0.0000
vn -0.4990 -0.8666 -0.0000
vn -0.4989 -0.8570 -0.1292
vn -0.4990 -0.8569 -0.1292
vn -0.4989 -0.8281 -0.2554
vn -0.4989 -0.8281 -0.2555
vn -0.4989 -0.7808 -0.3760
vn -0.4989 -0.7160 -0.4882
vn -0.4989 -0.6353 -0.5895
vn -0.4989 -0.5403 -0.6776
vn -0.4990 -0.5403 -0.6776
vn -0.4990 -0.4333 -0.7505
vn -0.4989 -0.4333 -0.7505
vn -0.4990 -0.3166 -0.8067
vn -0.4989 -0.3166 -0.8067
vn -0.4990 -0.1928 -0.8449
vn -0.4989 -0.1928 -0.8449
vn -0.4990 -0.0648 -0.8642
vn -0.4990 0.0648 -0.8642
vn -0.4989 0.0648 -0.8642
vn -0.4990 0.1928 -0.8449
vn -0.4989 0.3166 -0.8067
vn -0.4990 0.3166 -0.8067
vn -0.4989 0.4333 -0.7505
vn -0.4989 0.5403 -0.6776
vn -0.4990 0.5403 -0.6776
vn -0.4989 0.6353 -0.5895
vn -0.4990 0.7160 -0.4882
vn -0.4989 0.7160 -0.4882
vn -0.4989 0.7808 -0.3760
vn -0.4989 0.8281 -0.2554
vn -0.4990 0.8281 -0.2554
vn -0.4989 0.8570 -0.1292
vn -0.4990 0.8570 -0.1292
vn -0.4989 0.8666 -0.0000
vn -0.4989 0.8570 0.1292
vn -0.4990 0.8569 0.1292
vn -0.4989 0.8281 0.2554
vn -0.4989 0.8281 0.2555
vn -0.4989 0.7808 0.3760
vn -0.4989 0.7160 0.4882
vn -0.4989 0.6353 0.5895
vn -0.4990 0.6353 0.5895
vn -0.4989 0.5403 0.6776
vn -0.4990 0.5403 0.6776
vn -0.4989 0.4333 0.7505
vn -0.4990 0.3166 0.8067
vn -0.4989 0.3166 0.8067
vn -0.4989 0.1928 0.8449
vn -0.4990 0.1928 0.8449
vn -0.4989 0.0648 0.8642
vn -0.4990 0.0648 0.8642
vn -0.0000 -0.0000 -1.0000
vn -0.0000 -0.0000 1.0000
vn 0.6993 0.6495 -0.2987
vn 0.7103 0.6529 0.2630
vn 0.7100 0.6528 0.2640
vn 0.7088 0.6399 0.2971
vn 0.7109 0.6341 0.3041
vn 0.7139 0.6276 0.3106
vn 0.7093 0.6532 0.2650
vn 0.7083 0.6527 0.2687
vn 0.7078 0.6518 0.2724
vn 0.7068 0.6503 0.2783
vn 0.7073 0.6474 0.2839
vn 0.7077 0.6438 0.2910
vn 0.7072 0.6558 0.2643
vn 0.7090 0.6538 0.2643
vn 0.7101 0.6528 0.2639
vn 0.7069 0.6427 0.2953
vn 0.7035 0.6534 0.2796
vn 0.7350 0.5824 0.3474
vn 0.7053 0.6584 0.2626
vn 0.7056 0.6579 0.2632
vn 0.7055 0.6583 -0.2625
vn 0.7346 0.5832 -0.3467
vn 0.7137 0.6276 -0.3110
vn 0.7103 0.6528 -0.2635
vn 0.7102 0.6528 -0.2635
vn 0.7089 0.6539 -0.2643
vn 0.7072 0.6558 -0.2643
vn 0.7056 0.6579 -0.2632
vn 0.7083 0.6525 -0.2693
vn 0.7092 0.6531 -0.2655
vn 0.7101 0.6528 -0.2637
vn 0.7110 0.6341 -0.3040
vn 0.7085 0.6401 -0.2972
vn 0.7078 0.6437 -0.2910
vn 0.7072 0.6474 -0.2840
vn 0.7070 0.6502 -0.2784
vn 0.7078 0.6519 -0.2721
vn 0.7067 0.6472 -0.2860
vn 0.7068 0.6311 -0.3195
vn 0.7057 0.6079 -0.3639
vn 0.7062 0.6067 -0.3649
vn 0.7071 0.5755 -0.4109
vn 0.7045 0.5501 -0.4484
vn 0.7064 0.5449 -0.4518
vn 0.7071 0.5073 -0.4926
vn 0.7036 0.4804 -0.5237
vn 0.7065 0.4707 -0.5284
vn 0.7070 0.4275 -0.5634
vn 0.7029 0.4003 -0.5880
vn 0.7067 0.3859 -0.5931
vn 0.7070 0.3380 -0.6212
vn 0.7024 0.3116 -0.6400
vn 0.7067 0.2924 -0.6443
vn 0.7069 0.2409 -0.6651
vn 0.7022 0.2162 -0.6784
vn 0.7068 0.1922 -0.6808
vn 0.7062 0.1156 -0.6985
vn 0.6977 0.1400 -0.7025
vn 0.7069 0.0877 -0.7018
vn 0.7062 0.0137 -0.7079
vn 0.6994 0.0327 -0.7139
vn 0.7069 -0.0187 -0.7071
vn 0.7062 -0.0884 -0.7025
vn 0.7011 -0.0747 -0.7092
vn 0.7071 -0.1247 -0.6960
vn 0.7062 -0.1887 -0.6824
vn 0.7027 -0.1800 -0.6884
vn 0.7071 -0.2279 -0.6694
vn 0.7062 -0.2851 -0.6481
vn 0.7042 -0.2808 -0.6521
vn 0.7072 -0.3259 -0.6274
vn 0.7062 -0.3755 -0.6003
vn 0.7062 -0.4580 -0.5399
vn 0.7062 -0.4581 -0.5399
vn 0.7074 -0.4973 -0.5023
vn 0.7052 -0.5318 -0.4689
vn 0.7063 -0.5332 -0.4657
vn 0.7071 -0.5674 -0.4220
vn 0.7041 -0.5947 -0.3880
vn 0.7064 -0.5970 -0.3802
vn 0.7070 -0.6245 -0.3320
vn 0.7032 -0.6452 -0.2987
vn 0.7066 -0.6472 -0.2861
vn 0.7070 -0.6672 -0.2343
vn 0.7026 -0.6821 -0.2028
vn 0.7067 -0.6828 -0.1856
vn 0.7069 -0.6950 -0.1314
vn 0.7023 -0.7045 -0.1024
vn 0.7068 -0.7028 -0.0809
vn 0.7069 -0.7069 -0.0255
vn 0.7021 -0.7121 0.0002
vn 0.7069 -0.7069 0.0256
vn 0.7062 -0.7006 0.1022
vn 0.6984 -0.7110 0.0820
vn 0.7070 -0.6949 0.1316
vn 0.7062 -0.6786 0.2020
vn 0.7001 -0.6890 0.1874
vn 0.7070 -0.6672 0.2344
vn 0.7062 -0.6424 0.2977
vn 0.7017 -0.6515 0.2882
vn 0.7070 -0.6243 0.3321
vn 0.7062 -0.5928 0.3872
vn 0.7033 -0.5995 0.3819
vn 0.7071 -0.5673 0.4221
vn 0.7062 -0.5309 0.4685
vn 0.7049 -0.5341 0.4667
vn 0.7072 -0.4974 0.5024
vn 0.7062 -0.4578 0.5401
vn 0.7062 -0.3752 0.6004
vn 0.7062 -0.3752 0.6005
vn 0.7070 -0.3258 0.6277
vn 0.7047 -0.2854 0.6496
vn 0.7063 -0.2798 0.6502
vn 0.7071 -0.2278 0.6695
vn 0.7037 -0.1891 0.6849
vn 0.7065 -0.1789 0.6847
vn 0.7071 -0.1246 0.6960
vn 0.7029 -0.0885 0.7057
vn 0.7066 -0.0740 0.7037
vn 0.7070 -0.0186 0.7070
vn 0.7024 0.0141 0.7116
vn 0.7068 0.0326 0.7067
vn 0.7069 0.0879 0.7018
vn 0.7022 0.1165 0.7024
vn 0.7068 0.1384 0.6937
vn 0.7062 0.2153 0.6745
vn 0.6975 0.1949 0.6895
vn 0.7069 0.2410 0.6650
vn 0.7062 0.3102 0.6364
vn 0.6992 0.2956 0.6510
vn 0.7070 0.3382 0.6212
vn 0.7062 0.3987 0.5851
vn 0.7008 0.3892 0.5978
vn 0.7070 0.4276 0.5632
vn 0.7062 0.4788 0.5216
vn 0.7024 0.4735 0.5314
vn 0.7071 0.5074 0.4926
vn 0.7062 0.5490 0.4471
vn 0.7040 0.5468 0.4532
vn 0.7071 0.5756 0.4108
vn 0.7062 0.6077 0.3634
vn 0.7056 0.6073 0.3651
vn 0.7071 0.6306 0.3199
vn 0.9521 -0.0000 -0.3057
vn 0.9989 -0.0000 -0.0475
vn 0.9989 -0.0000 -0.0474
vn 0.9837 -0.0000 -0.1795
vn 0.9754 -0.0046 -0.2203
vn 0.9907 -0.0000 -0.1364
vn 0.9227 -0.0048 -0.3856
vn 0.9382 -0.0000 -0.3461
vn 0.8853 -0.0000 -0.4649
vn 0.8647 -0.0024 -0.5023
vn 0.8421 -0.0000 -0.5394
vn 0.7921 -0.0000 -0.6104
vn 0.7655 -0.0023 -0.6435
vn 0.7363 -0.0000 -0.6767
vn 0.6757 -0.0000 -0.7372
vn 0.6433 -0.0022 -0.7656
vn 0.6094 -0.0000 -0.7929
vn 0.5503 -0.0000 -0.8349
vn 0.5037 0.0019 -0.8639
vn 0.4768 -0.0000 -0.8790
vn 0.3460 -0.0000 -0.9382
vn 0.3461 -0.0000 -0.9382
vn 0.1796 -0.0000 -0.9837
vn 0.1797 -0.0000 -0.9837
vn 0.0471 -0.0000 -0.9989
vn 0.0650 -0.0000 -0.9979
vn 0.0471 0.0008 -0.9989
vn 0.1371 -0.0003 -0.9906
vn 0.1646 0.0002 -0.9864
vn 0.2220 -0.0002 -0.9750
vn 0.2286 -0.0001 -0.9735
vn 0.2604 -0.0000 -0.9655
vn 0.3056 -0.0000 -0.9522
vn 0.2799 -0.0008 -0.9600
vn 0.3865 0.0013 -0.9223
vn 0.3401 -0.0011 -0.9404
vn 0.4049 -0.0000 -0.9144
vn 0.4643 -0.0000 -0.8857
vn 0.4520 -0.0004 -0.8920
vn 0.5391 0.0006 -0.8422
vn 0.4949 -0.0015 -0.8689
vn 0.5432 -0.0000 -0.8396
vn 0.6435 -0.0000 -0.7654
vn 0.6072 -0.0028 -0.7946
vn 0.6724 -0.0000 -0.7402
vn 0.7653 -0.0000 -0.6436
vn 0.7115 -0.0049 -0.7027
vn 0.7371 -0.0026 -0.6757
vn 0.7906 -0.0000 -0.6123
vn 0.8397 -0.0000 -0.5431
vn 0.8422 0.0001 -0.5392
vn 0.8835 -0.0001 -0.4685
vn 0.8852 -0.0000 -0.4652
vn 0.9383 -0.0000 -0.3459
vn 0.9148 -0.0036 -0.4039
vn 0.9332 -0.0016 -0.3594
vn 0.9538 -0.0000 -0.3004
vn 0.9769 -0.0000 -0.2137
vn 0.9838 -0.0012 -0.1792
vn 0.9966 0.0011 -0.0818
vn 0.9989 -0.0000 -0.0471
vn 0.9967 -0.0000 0.0810
vn 0.9989 0.0018 0.0473
vn 0.9773 -0.0019 0.2120
vn 0.9837 -0.0000 0.1796
vn 0.9566 -0.0000 0.2914
vn 0.9363 -0.0012 0.3512
vn 0.9382 -0.0010 0.3460
vn 0.9145 -0.0000 0.4045
vn 0.8932 -0.0000 0.4497
vn 0.8833 -0.0004 0.4687
vn 0.8504 0.0005 0.5262
vn 0.8399 -0.0000 0.5427
vn 0.7999 -0.0000 0.6002
vn 0.7473 -0.0018 0.6645
vn 0.7653 -0.0001 0.6437
vn 0.7074 -0.0000 0.7068
vn 0.6823 -0.0000 0.7311
vn 0.6436 -0.0012 0.7654
vn 0.6164 -0.0000 0.7874
vn 0.5678 -0.0000 0.8232
vn 0.5436 -0.0002 0.8394
vn 0.5021 -0.0011 0.8648
vn 0.5393 0.0006 0.8421
vn 0.4514 -0.0005 0.8923
vn 0.4643 -0.0000 0.8857
vn 0.4126 -0.0000 0.9109
vn 0.0106 -0.0000 0.9999
vn 0.0471 -0.0003 0.9989
vn 0.0830 0.0007 0.9965
vn 0.1372 -0.0003 0.9905
vn 0.1714 0.0001 0.9852
vn 0.2222 -0.0002 0.9750
vn 0.2308 -0.0000 0.9730
vn 0.3054 -0.0000 0.9522
vn 0.2659 -0.0012 0.9640
vn 0.3861 0.0023 0.9224
vn 0.2829 -0.0041 0.9591
vn 0.3467 -0.0008 0.9380
vn 0.8418 -0.0000 0.5397
vn 0.5025 -0.0000 0.8646
vn 0.3460 -0.0000 0.9382
vn 0.3461 -0.0000 0.9382
vn 0.1796 -0.0000 0.9837
vn 0.1797 -0.0000 0.9837
vn 0.0471 -0.0000 0.9989
vn 0.7655 -0.0000 0.6435
vn 0.7910 -0.0044 0.6118
vn 0.7365 -0.0000 0.6765
vn 0.6760 -0.0000 0.7369
vn 0.6756 -0.0000 0.7372
vn 0.6098 -0.0000 0.7926
vn 0.6092 -0.0000 0.7930
vn 0.5022 -0.0000 0.8647
vn 0.8850 -0.0047 0.4656
vn 0.8647 -0.0000 0.5022
vn 0.9225 -0.0000 0.3859
vn 0.9383 -0.0024 0.3459
vn 0.9522 -0.0000 0.3056
vn 0.9753 -0.0000 0.2210
vn 0.9837 -0.0024 0.1796
vn 0.9907 -0.0000 0.1362
vn 0.9989 -0.0000 0.0474
vn 0.9989 -0.0000 0.0475
vn -0.6786 0.4888 0.5482
vn -0.6784 -0.4886 -0.5486
vn -0.7068 0.6744 0.2137
vn -0.7001 0.6897 0.1848
vn -0.7009 0.7105 0.0622
vn -0.7068 0.7013 0.0927
vn -0.7068 0.6904 0.1542
vn -0.7009 0.7105 -0.0622
vn -0.7067 0.7068 -0.0313
vn -0.7068 0.7067 0.0314
vn -0.7068 0.6542 -0.2691
vn -0.7068 0.6744 -0.2136
vn -0.7001 0.6898 -0.1848
vn -0.7068 0.6905 -0.1540
vn -0.7068 0.7013 -0.0927
vn -0.7072 0.5462 -0.4489
vn -0.7054 0.5559 -0.4397
vn -0.7016 0.5678 -0.4304
vn -0.6905 0.5925 -0.4150
vn -0.6835 0.5929 -0.4258
vn -0.6923 0.5938 -0.4100
vn -0.6991 0.5962 -0.3947
vn -0.7033 0.5994 -0.3821
vn -0.7059 0.6037 -0.3705
vn -0.7070 0.6090 -0.3594
vn -0.7058 0.6420 -0.2994
vn -0.6803 0.6508 -0.3370
vn -0.6945 0.6476 -0.3136
vn -0.7070 0.4706 -0.5279
vn -0.7012 0.4905 -0.5174
vn -0.6972 0.5009 -0.5128
vn -0.6911 0.5127 -0.5093
vn -0.6833 0.5264 -0.5059
vn -0.6952 0.5082 -0.5083
vn -0.7054 0.5288 -0.4720
vn -0.7068 0.5369 -0.4606
vn -0.7066 0.4248 -0.5659
vn -0.6954 0.4122 -0.5887
vn -0.7070 0.3736 -0.6005
vn -0.7067 0.3219 -0.6301
vn -0.6951 0.3039 -0.6516
vn -0.7069 0.2657 -0.6555
vn -0.7068 0.2097 -0.6756
vn -0.6948 0.1861 -0.6947
vn -0.7068 0.1500 -0.6913
vn -0.7067 0.0913 -0.7016
vn -0.6947 0.0627 -0.7166
vn -0.7068 0.0298 -0.7068
vn -0.7058 -0.0617 -0.7057
vn -0.6820 -0.0943 -0.7252
vn -0.7068 -0.0298 -0.7068
vn -0.7058 -0.2994 -0.6420
vn -0.6856 -0.3312 -0.6482
vn -0.7068 -0.2657 -0.6556
vn -0.7058 -0.1834 -0.6843
vn -0.6840 -0.2162 -0.6968
vn -0.7068 -0.1500 -0.6913
vn -0.6993 -0.5054 -0.5055
vn -0.6723 -0.5425 -0.5037
vn -0.6841 -0.5257 -0.5057
vn -0.6913 -0.5127 -0.5091
vn -0.6969 -0.5011 -0.5130
vn -0.7068 -0.4755 -0.5238
vn -0.7058 -0.4063 -0.5803
vn -0.6874 -0.4360 -0.5809
vn -0.7070 -0.3736 -0.6005
vn -0.7071 -0.6091 -0.3592
vn -0.7059 -0.6036 -0.3707
vn -0.7033 -0.5993 -0.3824
vn -0.6991 -0.5960 -0.3951
vn -0.6928 -0.5939 -0.4090
vn -0.6893 -0.5935 -0.4156
vn -0.6954 -0.5824 -0.4211
vn -0.7013 -0.5680 -0.4308
vn -0.7053 -0.5559 -0.4399
vn -0.7072 -0.5463 -0.4489
vn -0.7073 -0.5371 -0.4596
vn -0.7070 -0.6158 -0.3478
vn -0.7017 -0.6458 -0.3011
vn -0.6945 -0.6476 -0.3135
vn -0.7001 -0.6897 -0.1848
vn -0.7068 -0.6743 -0.2137
vn -0.7068 -0.6543 -0.2689
vn -0.7009 -0.7106 -0.0622
vn -0.7068 -0.7013 -0.0928
vn -0.7067 -0.6905 -0.1542
vn -0.7009 -0.7105 0.0622
vn -0.7067 -0.7068 0.0313
vn -0.7068 -0.7067 -0.0314
vn -0.7068 -0.6542 0.2691
vn -0.7068 -0.6744 0.2136
vn -0.7001 -0.6897 0.1848
vn -0.7068 -0.6905 0.1540
vn -0.7068 -0.7013 0.0927
vn -0.7074 -0.5460 0.4488
vn -0.7051 -0.5562 0.4400
vn -0.7015 -0.5679 0.4305
vn -0.6905 -0.5925 0.4149
vn -0.6835 -0.5929 0.4258
vn -0.6926 -0.5936 0.4099
vn -0.6992 -0.5963 0.3943
vn -0.7032 -0.5993 0.3825
vn -0.7059 -0.6037 0.3705
vn -0.7072 -0.6090 0.3592
vn -0.7058 -0.6421 0.2994
vn -0.6802 -0.6508 0.3374
vn -0.6945 -0.6476 0.3136
vn -0.7069 -0.4707 0.5280
vn -0.7009 -0.4906 0.5177
vn -0.6972 -0.5010 0.5127
vn -0.7129 -0.4666 0.5235
vn -0.7037 -0.5102 0.4945
vn -0.7003 -0.5208 0.4882
vn -0.7006 -0.5194 0.4892
vn -0.7052 -0.5289 0.4721
vn -0.7070 -0.5368 0.4604
vn -0.7066 -0.4248 0.5659
vn -0.6953 -0.4122 0.5887
vn -0.7070 -0.3736 0.6005
vn -0.7067 -0.3219 0.6301
vn -0.6950 -0.3039 0.6516
vn -0.7068 -0.2657 0.6556
vn -0.7067 -0.2097 0.6757
vn -0.6948 -0.1861 0.6947
vn -0.7068 -0.1500 0.6913
vn -0.7068 -0.0913 0.7015
vn -0.6947 -0.0627 0.7166
vn -0.7068 -0.0298 0.7068
vn -0.7057 0.0617 0.7058
vn -0.6822 0.0943 0.7250
vn -0.7068 0.0298 0.7068
vn -0.7058 0.2994 0.6421
vn -0.6857 0.3312 0.6482
vn -0.7069 0.2657 0.6555
vn -0.7057 0.1834 0.6843
vn -0.6840 0.2162 0.6967
vn -0.7068 0.1500 0.6913
vn -0.6993 0.5054 0.5055
vn -0.6729 0.5421 0.5033
vn -0.6836 0.5260 0.5059
vn -0.6911 0.5129 0.5092
vn -0.6974 0.5008 0.5127
vn -0.7068 0.4755 0.5237
vn -0.7057 0.4064 0.5804
vn -0.6876 0.4359 0.5807
vn -0.7069 0.3737 0.6005
vn -0.7034 0.5994 0.3819
vn -0.7058 0.6037 0.3707
vn -0.7068 0.6543 0.2689
vn -0.6945 0.6476 0.3135
vn -0.7017 0.6457 0.3011
vn -0.7071 0.6156 0.3478
vn -0.7070 0.6090 0.3594
vn -0.6989 0.5960 0.3954
vn -0.6928 0.5940 0.4090
vn -0.6893 0.5935 0.4156
vn -0.6950 0.5827 0.4213
vn -0.7014 0.5679 0.4308
vn -0.7056 0.5558 0.4396
vn -0.7069 0.5463 0.4492
vn -0.7073 0.5371 0.4596
vn -0.0000 0.0872 -0.9962
vn -0.0000 0.2588 -0.9659
vn -0.0000 0.4226 -0.9063
vn -0.0000 0.5736 -0.8192
vn -0.0000 0.7071 -0.7071
vn -0.0000 0.8191 -0.5736
vn -0.0000 0.9063 -0.4226
vn -0.0000 0.9659 -0.2588
vn -0.0000 0.9962 -0.0872
vn -0.0000 0.9962 0.0872
vn -0.0000 0.9659 0.2588
vn -0.0000 0.9063 0.4226
vn -0.0000 0.8191 0.5736
vn -0.0000 0.7071 0.7071
vn -0.0000 0.5736 0.8192
vn -0.0000 0.4226 0.9063
vn -0.0000 0.2588 0.9659
vn -0.0000 0.0872 0.9962
vn -0.0000 -0.0872 0.9962
vn -0.0000 -0.2588 0.9659
vn -0.0000 -0.4226 0.9063
vn -0.0000 -0.5736 0.8192
vn -0.0000 -0.7071 0.7071
vn -0.0000 -0.8191 0.5736
vn -0.0000 -0.9063 0.4226
vn -0.0000 -0.9659 0.2588
vn -0.0000 -0.9962 0.0872
vn -0.0000 -0.9962 -0.0872
vn -0.0000 -0.9659 -0.2588
vn -0.0000 -0.9063 -0.4226
vn -0.0000 -0.8191 -0.5736
vn -0.0000 -0.7071 -0.7071
vn -0.0000 -0.5736 -0.8192
vn -0.0000 -0.4226 -0.9063
vn -0.0000 -0.2588 -0.9659
vn -0.0000 -0.0872 -0.9962
vn 0.7058 0.1834 -0.6843
vn 0.7058 0.2994 -0.6420
vn 0.7058 0.2994 -0.6421
vn 0.7057 0.4063 -0.5804
vn 0.7058 0.4064 -0.5803
vn 0.7057 0.5010 -0.5010
vn 0.7058 0.5009 -0.5009
vn 0.7057 0.5804 -0.4064
vn 0.7058 0.5803 -0.4063
vn 0.7058 0.6421 -0.2994
vn 0.7058 0.6843 -0.1834
vn 0.7058 0.6843 -0.1833
vn 0.7058 0.7057 -0.0619
vn 0.7058 0.7058 -0.0618
vn 0.7057 0.7058 0.0619
vn 0.7058 0.7057 0.0618
vn 0.7058 0.6843 0.1833
vn 0.7058 0.6843 0.1834
vn 0.7058 0.6421 0.2994
vn 0.7057 0.5803 0.4064
vn 0.7058 0.5803 0.4063
vn 0.7058 0.5010 0.5009
vn 0.7057 0.5010 0.5010
vn 0.7058 0.4063 0.5803
vn 0.7057 0.4064 0.5803
vn 0.7058 0.2994 0.6420
vn 0.7058 0.2994 0.6421
vn 0.7057 0.1834 0.6844
vn 0.7058 0.1834 0.6843
vn 0.7058 0.0617 0.7057
vn 0.7057 0.0617 0.7058
vn 0.7058 -0.0617 0.7058
vn 0.7058 -0.1834 0.6843
vn 0.7057 -0.2994 0.6421
vn 0.7058 -0.2994 0.6421
vn 0.7057 -0.4063 0.5804
vn 0.7058 -0.4063 0.5803
vn 0.7057 -0.5010 0.5010
vn 0.7058 -0.5009 0.5009
vn 0.7057 -0.5804 0.4064
vn 0.7058 -0.5803 0.4064
vn 0.7057 -0.6421 0.2995
vn 0.7058 -0.6421 0.2994
vn 0.7057 -0.6843 0.1834
vn 0.7058 -0.6843 0.1833
vn 0.7058 -0.7057 0.0619
vn 0.7058 -0.7058 0.0618
vn 0.7058 -0.7057 -0.0619
vn 0.7058 -0.7057 -0.0618
vn 0.7058 -0.6843 -0.1833
vn 0.7058 -0.6843 -0.1834
vn 0.7058 -0.6421 -0.2994
vn 0.7057 -0.6421 -0.2994
vn 0.7058 -0.5803 -0.4064
vn 0.7058 -0.5803 -0.4063
vn 0.7058 -0.5010 -0.5009
vn 0.7057 -0.5009 -0.5010
vn 0.7057 -0.4063 -0.5804
vn 0.7058 -0.4063 -0.5803
vn 0.7057 -0.2994 -0.6421
vn 0.7058 -0.2994 -0.6421
vn 0.7058 -0.1833 -0.6842
vn 0.7058 -0.1834 -0.6843
vn 0.7057 -0.0617 -0.7058
vn 0.7058 -0.0617 -0.7058
vn 0.7057 0.0618 -0.7058
vn 0.7058 0.0617 -0.7057
vn -0.4997 -0.4047 0.7658
vn -0.5021 0.1714 0.8476
vn -0.4995 0.2072 0.8412
vn -0.5001 0.2189 0.8378
vn -0.4996 0.2605 0.8262
vn -0.5038 0.2435 0.8288
vn -0.4956 0.3148 0.8095
vn -0.5022 0.7264 0.4692
vn -0.4996 0.2980 0.8134
vn -0.5007 0.3335 0.7988
vn -0.5002 0.3537 0.7904
vn -0.4975 0.3714 0.7839
vn -0.5016 0.4042 0.7649
vn -0.4999 0.4192 0.7579
vn -0.5000 0.4424 0.7445
vn -0.4992 0.4525 0.7390
vn -0.5021 0.4872 0.7146
vn -0.4992 0.4998 0.7078
vn -0.5001 0.5250 0.6887
vn -0.4999 0.5303 0.6848
vn -0.5006 0.5585 0.6614
vn -0.4992 0.5635 0.6582
vn -0.5001 0.6008 0.6236
vn -0.4999 0.6022 0.6225
vn -0.4998 0.6312 0.5931
vn -0.5004 0.6289 0.5950
vn -0.4991 0.6690 0.5508
vn -0.4998 0.6668 0.5529
vn -0.5000 0.6952 0.5164
vn -0.5006 0.6901 0.5227
vn -0.4982 0.7169 0.4877
vn -0.5000 0.7435 0.4440
vn -0.4998 0.7625 0.4107
vn -0.5027 0.7693 0.3944
vn -0.4983 0.7885 0.3604
vn -0.5000 0.7949 0.3438
vn -0.5000 0.8028 0.3247
vn -0.5009 0.8105 0.3037
vn -0.4975 0.8201 0.2826
vn -0.5011 0.8285 0.2499
vn -0.5000 0.8336 0.2350
vn -0.4999 0.8406 0.2085
vn -0.4988 0.8438 0.1979
vn -0.5018 0.8513 0.1528
vn -0.4998 0.8544 0.1423
vn -0.5000 0.8590 0.1101
vn -0.4999 0.8598 0.1043
vn -0.5011 0.8630 0.0647
vn -0.4994 0.8645 0.0575
vn -0.5001 0.8659 0.0109
vn -0.5000 0.8660 0.0096
vn -0.4997 0.8656 -0.0324
vn -0.5005 0.8653 -0.0288
vn -0.4991 0.8619 -0.0889
vn -0.4998 0.8619 -0.0853
vn -0.4999 0.8560 -0.1318
vn -0.5010 0.8566 -0.1233
vn -0.4981 0.8500 -0.1715
vn -0.5013 0.8448 -0.1873
vn -0.5000 0.8385 -0.2165
vn -0.5000 0.8351 -0.2291
vn -0.4989 0.8287 -0.2535
vn -0.5027 0.8195 -0.2753
vn -0.4989 0.8104 -0.3071
vn -0.5000 0.8031 -0.3241
vn -0.5000 0.7954 -0.3425
vn -0.5016 0.7852 -0.3631
vn -0.4975 0.7755 -0.3887
vn -0.5005 0.7603 -0.4140
vn -0.5000 0.7532 -0.4274
vn -0.4999 0.7390 -0.4516
vn -0.4984 0.7343 -0.4609
vn -0.5015 0.7072 -0.4985
vn -0.4999 0.7019 -0.5074
vn -0.5000 0.6821 -0.5337
vn -0.4996 0.6789 -0.5380
vn -0.5010 0.6489 -0.5727
vn -0.4995 0.6455 -0.5778
vn -0.5000 0.6161 -0.6086
vn -0.5001 0.6158 -0.6089
vn -0.4996 0.5852 -0.6386
vn -0.5007 0.5879 -0.6353
vn -0.4993 0.5424 -0.6757
vn -0.4998 0.5455 -0.6728
vn -0.4999 0.5078 -0.7016
vn -0.5013 0.5147 -0.6956
vn -0.4980 0.4717 -0.7276
vn -0.5004 0.4606 -0.7331
vn -0.5001 0.4357 -0.7483
vn -0.4999 0.4237 -0.7554
vn -0.4981 0.4027 -0.7679
vn -0.5027 0.3751 -0.7788
vn -0.4996 0.3513 -0.7918
vn -0.5004 0.3338 -0.7989
vn -0.4998 0.3159 -0.8065
vn -0.5024 0.2932 -0.8134
vn -0.4975 0.2644 -0.8262
vn -0.5001 0.2397 -0.8321
vn -0.4999 0.2258 -0.8362
vn -0.4999 0.1980 -0.8432
vn -0.4981 0.1887 -0.8463
vn -0.5011 0.1423 -0.8536
vn -0.4999 0.1328 -0.8558
vn -0.4999 0.0996 -0.8603
vn -0.4995 0.0948 -0.8611
vn -0.5009 0.0431 -0.8645
vn -0.4996 0.0383 -0.8654
vn -0.4995 -0.0432 -0.8652
vn -0.5009 -0.0383 -0.8647
vn -0.4993 -0.0997 -0.8607
vn -0.5000 -0.0948 -0.8608
vn -0.4997 -0.1424 -0.8544
vn -0.5016 -0.1327 -0.8548
vn -0.4972 -0.1983 -0.8447
vn -0.4997 -0.1885 -0.8454
vn -0.5000 -0.2397 -0.8322
vn -0.5011 -0.2255 -0.8355
vn -0.4976 -0.2644 -0.8262
vn -0.5024 -0.2932 -0.8134
vn -0.4999 -0.3159 -0.8064
vn -0.4998 -0.3340 -0.7992
vn -0.4996 -0.3513 -0.7918
vn -0.5027 -0.3751 -0.7788
vn -0.4981 -0.4028 -0.7679
vn -0.4999 -0.4237 -0.7554
vn -0.5000 -0.4357 -0.7484
vn -0.5003 -0.4607 -0.7331
vn -0.4980 -0.4717 -0.7276
vn -0.5008 -0.5075 -0.7012
vn -0.4999 -0.5152 -0.6962
vn -0.5000 -0.5421 -0.6754
vn -0.4994 -0.5456 -0.6730
vn -0.5006 -0.5848 -0.6382
vn -0.4997 -0.5883 -0.6357
vn -0.5000 -0.6163 -0.6084
vn -0.5000 -0.6158 -0.6090
vn -0.4993 -0.6496 -0.5733
vn -0.5011 -0.6448 -0.5772
vn -0.4994 -0.6823 -0.5338
vn -0.4999 -0.6787 -0.5379
vn -0.4997 -0.7080 -0.4990
vn -0.5020 -0.7009 -0.5067
vn -0.4976 -0.7401 -0.4523
vn -0.4997 -0.7337 -0.4604
vn -0.4999 -0.7607 -0.4142
vn -0.5011 -0.8630 0.0647
vn -0.4999 -0.8598 0.1043
vn -0.5000 -0.8590 0.1101
vn -0.5019 -0.7522 -0.4269
vn -0.4975 -0.7755 -0.3887
vn -0.5016 -0.7852 -0.3632
vn -0.4999 -0.7955 -0.3424
vn -0.5000 -0.8032 -0.3240
vn -0.4990 -0.8104 -0.3071
vn -0.5027 -0.8195 -0.2753
vn -0.4990 -0.8287 -0.2535
vn -0.5000 -0.8352 -0.2291
vn -0.5000 -0.8385 -0.2165
vn -0.5013 -0.8447 -0.1873
vn -0.4981 -0.8500 -0.1715
vn -0.5005 -0.8556 -0.1317
vn -0.5000 -0.8572 -0.1232
vn -0.4998 -0.8615 -0.0889
vn -0.4993 -0.8622 -0.0853
vn -0.5005 -0.8652 -0.0324
vn -0.4998 -0.8657 -0.0287
vn -0.5000 -0.8660 0.0109
vn -0.5000 -0.8659 0.0096
vn -0.4994 -0.8645 0.0575
vn -0.4996 -0.8526 0.1531
vn -0.5024 -0.8529 0.1420
vn -0.4979 -0.8418 0.2088
vn -0.4998 -0.8432 0.1978
vn -0.4998 -0.8292 0.2501
vn -0.5025 -0.8322 0.2346
vn -0.4975 -0.8201 0.2826
vn -0.5009 -0.8105 0.3036
vn -0.5000 -0.8028 0.3247
vn -0.4999 -0.7949 0.3439
vn -0.4983 -0.7885 0.3604
vn -0.5027 -0.7693 0.3944
vn -0.5001 -0.5302 0.6846
vn -0.5006 -0.5585 0.6614
vn -0.4998 -0.7625 0.4107
vn -0.5000 -0.7436 0.4440
vn -0.5022 -0.7264 0.4692
vn -0.4982 -0.7169 0.4877
vn -0.5002 -0.6951 0.5164
vn -0.5000 -0.6905 0.5227
vn -0.4998 -0.6687 0.5505
vn -0.4992 -0.6670 0.5531
vn -0.5003 -0.6310 0.5928
vn -0.4998 -0.6291 0.5953
vn -0.4999 -0.6008 0.6237
vn -0.5001 -0.6021 0.6224
vn -0.4992 -0.5635 0.6582
vn -0.4999 -0.4523 0.7386
vn -0.4981 -0.4429 0.7455
vn -0.5029 -0.4986 0.7061
vn -0.4987 -0.4883 0.7162
vn -0.4997 -0.5251 0.6889
vn -0.5031 -0.4183 0.7563
vn -0.4975 -0.3714 0.7839
vn -0.5002 -0.3537 0.7904
vn -0.5001 -0.3336 0.7991
vn -0.4999 -0.3139 0.8072
vn -0.4977 -0.2984 0.8144
vn -0.5021 -0.2601 0.8248
vn -0.4999 -0.2441 0.8310
vn -0.4998 -0.2190 0.8380
vn -0.4996 -0.2072 0.8411
vn -0.5021 -0.1714 0.8476
vn -0.4983 -0.1527 0.8535
vn -0.5000 -0.1211 0.8575
vn -0.4994 -0.1138 0.8589
vn -0.4997 -0.0782 0.8627
vn -0.4991 -0.0758 0.8632
vn -0.5001 -0.0216 0.8657
vn -0.5000 -0.0192 0.8658
vn -0.4999 0.0216 0.8658
vn -0.5002 0.0192 0.8657
vn -0.4991 0.0782 0.8630
vn -0.4996 0.0758 0.8629
vn -0.5002 0.1211 0.8574
vn -0.5015 0.1138 0.8576
vn -0.4983 0.1527 0.8535
vn -0.0523 -0.1505 -0.9872
vn -0.0524 -0.2552 -0.9655
vn -0.0523 -0.3978 -0.9160
vn -0.0524 -0.4935 -0.8682
vn -0.0523 -0.6187 -0.7839
vn -0.0524 -0.7711 -0.6346
vn -0.0524 -0.8580 -0.5111
vn -0.0522 -0.9077 -0.4164
vn -0.0521 -0.9601 -0.2748
vn -0.0524 -0.9839 -0.1706
vn -0.0522 -0.9984 -0.0203
vn -0.0523 -0.9949 0.0865
vn -0.0524 -0.9800 0.1922
vn -0.0523 -0.9397 0.3379
vn -0.0524 -0.8983 0.4363
vn -0.0523 -0.8222 0.5668
vn -0.0524 -0.6823 0.7292
vn -0.0523 -0.5653 0.8232
vn -0.0523 -0.4741 0.8789
vn -0.0523 -0.3362 0.9403
vn -0.0523 -0.2338 0.9709
vn -0.0523 -0.0847 0.9950
vn -0.0523 0.0221 0.9984
vn -0.0524 0.1286 0.9903
vn -0.0523 0.2765 0.9596
vn -0.0524 0.3775 0.9245
vn -0.0523 0.5125 0.8571
vn -0.0523 0.7145 0.6977
vn -0.0524 0.7850 0.6173
vn -0.0523 0.8464 0.5299
vn -0.0522 0.9167 0.3962
vn -0.0523 0.9538 0.2960
vn -0.0524 0.9875 0.1488
vn -0.0524 0.9966 -0.0639
vn -0.0522 0.9754 -0.2140
vn -0.0523 0.9470 -0.3170
vn -0.0522 0.8884 -0.4562
vn -0.0524 0.8345 -0.5485
vn -0.0522 0.7423 -0.6680
vn -0.0523 0.6667 -0.7435
vn -0.0523 0.5834 -0.8105
vn -0.0523 0.4546 -0.8892
vn -0.0523 0.3569 -0.9327
vn -0.0523 0.2122 -0.9758
vn -0.4539 -0.0976 -0.8857
vn -0.4539 -0.3250 -0.8297
vn -0.4539 -0.5300 -0.7163
vn -0.4540 -0.6983 -0.5535
vn -0.4539 -0.8184 -0.3523
vn -0.4539 -0.8820 -0.1269
vn -0.4540 -0.8845 0.1073
vn -0.4540 -0.8259 0.3342
vn -0.4539 -0.7103 0.5379
vn -0.4541 -0.5455 0.7045
vn -0.4536 -0.3433 0.8224
vn -0.4538 -0.1171 0.8834
vn -0.4539 0.2131 0.8652
vn -0.4539 0.4312 0.7797
vn -0.4540 0.6195 0.6404
vn -0.4541 0.7650 0.4568
vn -0.4540 0.8576 0.2417
vn -0.4541 0.8909 0.0099
vn -0.4540 0.8627 -0.2228
vn -0.4540 0.7749 -0.4398
vn -0.4540 0.6336 -0.6264
vn -0.4539 0.4483 -0.7701
vn -0.4545 0.2321 -0.8600
vn -0.4516 0.1942 -0.8708
vn -0.4496 0.4149 -0.7911
vn -0.4475 0.6074 -0.6564
vn -0.4454 0.7583 -0.4760
vn -0.4434 0.8571 -0.2622
vn -0.4413 0.8969 -0.0298
vn -0.4391 0.8747 0.2052
vn -0.4372 0.7918 0.4265
vn -0.4350 0.6541 0.6189
vn -0.4330 0.4707 0.7687
vn -0.4309 0.2544 0.8658
vn -0.4287 0.0200 0.9032
vn -0.4526 -0.0780 0.8883
vn -0.4506 -0.3071 0.8382
vn -0.4485 -0.5156 0.7301
vn -0.4465 -0.6888 0.5711
vn -0.4444 -0.8148 0.3724
vn -0.4422 -0.8847 0.1473
vn -0.4404 -0.8935 -0.0884
vn -0.4380 -0.8406 -0.3186
vn -0.4361 -0.7293 -0.5272
vn -0.4341 -0.5673 -0.6998
vn -0.4319 -0.3658 -0.8244
vn -0.4297 -0.1384 -0.8923
vn -0.4540 0.0975 -0.8856
vn -0.4415 0.1188 -0.8894
vn -0.3581 0.1236 -0.9255
vn -0.2585 0.1278 -0.9575
vn -0.2586 0.1278 -0.9575
vn -0.1563 0.1307 -0.9790
vn -0.4535 0.8893 0.0591
vn -0.4537 0.8892 0.0591
vn -0.3582 0.9316 0.0619
vn -0.3580 0.9317 0.0619
vn -0.2586 0.9639 0.0640
vn -0.2585 0.9639 0.0641
vn -0.1563 0.9855 0.0655
vn -0.4538 0.5455 0.7046
vn -0.4491 0.5187 0.7275
vn -0.3581 0.5421 0.7602
vn -0.2586 0.5609 0.7865
vn -0.2586 0.5608 0.7865
vn -0.1563 0.5735 0.8042
vn -0.1562 0.5735 0.8042
vn -0.4539 -0.6473 0.6124
vn -0.4537 -0.6897 0.5644
vn -0.3581 -0.7226 0.5913
vn -0.3580 -0.7226 0.5913
vn -0.2586 -0.7476 0.6118
vn -0.1563 -0.7644 0.6255
vn -0.1562 -0.7644 0.6256
vn -0.4539 -0.6336 -0.6265
vn -0.4483 -0.6107 -0.6527
vn -0.3580 -0.6380 -0.6818
vn -0.3581 -0.6380 -0.6817
vn -0.2585 -0.6600 -0.7054
vn -0.2586 -0.6600 -0.7053
vn -0.1563 -0.6748 -0.7212
vn -0.1563 -0.6749 -0.7212
vn -0.4536 0.0394 -0.8903
vn -0.4537 0.0394 -0.8903
vn -0.3581 0.0413 -0.9328
vn -0.3580 0.0413 -0.9328
vn -0.2586 0.0427 -0.9650
vn -0.1563 0.0437 -0.9867
vn -0.0523 0.0442 -0.9977
vn -0.0523 0.1322 -0.9898
vn -0.0796 0.1503 -0.9854
vn -0.0523 0.1067 -0.9929
vn -0.0523 0.2552 -0.9655
vn -0.0610 0.2190 -0.9738
vn -0.1563 0.2168 -0.9636
vn -0.1563 0.2167 -0.9636
vn -0.2586 0.2120 -0.9424
vn -0.3581 0.2049 -0.9109
vn -0.4536 0.1956 -0.8695
vn -0.4539 0.1366 -0.8805
vn -0.4537 0.2716 -0.8488
vn -0.4536 0.2717 -0.8488
vn -0.3580 0.2846 -0.8893
vn -0.3581 0.2846 -0.8893
vn -0.2586 0.2944 -0.9200
vn -0.1563 0.3011 -0.9407
vn -0.0523 0.3044 -0.9511
vn -0.0523 0.3978 -0.9160
vn -0.0649 0.3870 -0.9198
vn -0.1563 0.3830 -0.9104
vn -0.2586 0.3746 -0.8904
vn -0.3581 0.3621 -0.8606
vn -0.4417 0.3479 -0.8269
vn -0.4538 0.3250 -0.8297
vn -0.0524 0.4934 -0.8682
vn -0.0665 0.4667 -0.8819
vn -0.1562 0.4620 -0.8730
vn -0.1563 0.4620 -0.8730
vn -0.2586 0.4518 -0.8538
vn -0.3581 0.4367 -0.8253
vn -0.4536 0.4168 -0.7877
vn -0.4539 0.3614 -0.8145
vn -0.4536 0.4848 -0.7478
vn -0.3581 0.5080 -0.7834
vn -0.3581 0.5079 -0.7834
vn -0.2586 0.5255 -0.8105
vn -0.1563 0.5373 -0.8288
vn -0.0522 0.5433 -0.8379
vn -0.0523 0.5433 -0.8379
vn -0.0523 0.6187 -0.7839
vn -0.0581 0.6150 -0.7864
vn -0.1563 0.6085 -0.7780
vn -0.1564 0.6085 -0.7780
vn -0.2585 0.5951 -0.7609
vn -0.3581 0.5752 -0.7354
vn -0.3581 0.5752 -0.7355
vn -0.4420 0.5526 -0.7066
vn -0.4539 0.5300 -0.7163
vn -0.0524 0.6989 -0.7133
vn -0.0685 0.6817 -0.7285
vn -0.1563 0.6748 -0.7212
vn -0.1564 0.6749 -0.7212
vn -0.2585 0.6600 -0.7054
vn -0.2586 0.6600 -0.7054
vn -0.3581 0.6379 -0.6817
vn -0.3580 0.6380 -0.6818
vn -0.4537 0.6089 -0.6507
vn -0.4539 0.5612 -0.6922
vn -0.0523 0.7711 -0.6346
vn -0.0559 0.7440 -0.6659
vn -0.1563 0.7360 -0.6587
vn -0.1564 0.7359 -0.6587
vn -0.2584 0.7198 -0.6443
vn -0.2586 0.7198 -0.6442
vn -0.3581 0.6957 -0.6227
vn -0.3580 0.6957 -0.6227
vn -0.4537 0.6640 -0.5944
vn -0.4536 0.6641 -0.5944
vn -0.4540 0.6983 -0.5534
vn -0.4425 0.7184 -0.5367
vn -0.3581 0.7480 -0.5588
vn -0.2586 0.7739 -0.5781
vn -0.1563 0.7913 -0.5911
vn -0.1564 0.7913 -0.5911
vn -0.0522 0.8001 -0.5976
vn -0.0523 0.8580 -0.5110
vn -0.0672 0.8490 -0.5241
vn -0.1564 0.8404 -0.5189
vn -0.1563 0.8404 -0.5189
vn -0.2585 0.8220 -0.5074
vn -0.2586 0.8220 -0.5075
vn -0.3580 0.7945 -0.4905
vn -0.4537 0.7583 -0.4681
vn -0.4538 0.7222 -0.5220
vn -0.0524 0.9077 -0.4164
vn -0.0636 0.8922 -0.4471
vn -0.1563 0.8830 -0.4425
vn -0.2585 0.8636 -0.4329
vn -0.2586 0.8636 -0.4328
vn -0.3579 0.8348 -0.4184
vn -0.3581 0.8347 -0.4184
vn -0.4537 0.7967 -0.3993
vn -0.4536 0.7968 -0.3993
vn -0.4538 0.8184 -0.3524
vn -0.4433 0.8337 -0.3292
vn -0.3580 0.8685 -0.3430
vn -0.3580 0.8685 -0.3429
vn -0.2587 0.8985 -0.3548
vn -0.2586 0.8985 -0.3548
vn -0.1563 0.9187 -0.3628
vn -0.1561 0.9187 -0.3628
vn -0.0524 0.9288 -0.3668
vn -0.0523 0.9288 -0.3668
vn -0.0524 0.9601 -0.2748
vn -0.0627 0.9570 -0.2831
vn -0.1564 0.9471 -0.2802
vn -0.1562 0.9471 -0.2802
vn -0.2585 0.9263 -0.2740
vn -0.2586 0.9263 -0.2740
vn -0.3580 0.8954 -0.2649
vn -0.3580 0.8954 -0.2648
vn -0.4537 0.8545 -0.2528
vn -0.4538 0.8333 -0.3158
vn -0.0523 0.9839 -0.1706
vn -0.0676 0.9780 -0.1974
vn -0.1563 0.9682 -0.1954
vn -0.1564 0.9682 -0.1954
vn -0.2586 0.9469 -0.1911
vn -0.3580 0.9153 -0.1847
vn -0.3581 0.9152 -0.1847
vn -0.4536 0.8736 -0.1763
vn -0.4540 0.8819 -0.1270
vn -0.4440 0.8905 -0.0989
vn -0.3581 0.9280 -0.1031
vn -0.2586 0.9601 -0.1066
vn -0.1563 0.9817 -0.1090
vn -0.0523 0.9925 -0.1102
vn -0.0522 0.9925 -0.1102
vn -0.0522 0.9984 -0.0203
vn -0.0547 0.9983 -0.0221
vn -0.1564 0.9875 -0.0218
vn -0.1562 0.9875 -0.0219
vn -0.2586 0.9657 -0.0214
vn -0.2587 0.9657 -0.0214
vn -0.3580 0.9335 -0.0207
vn -0.4537 0.8909 -0.0197
vn -0.4538 0.8868 -0.0877
vn -0.0523 0.9964 0.0662
vn -0.0822 0.9929 0.0863
vn -0.0524 0.9977 0.0424
vn -0.0523 0.9799 0.1924
vn -0.0591 0.9863 0.1540
vn -0.1563 0.9759 0.1523
vn -0.1563 0.9759 0.1524
vn -0.2586 0.9544 0.1490
vn -0.3580 0.9225 0.1440
vn -0.3581 0.9225 0.1440
vn -0.4450 0.8848 0.1381
vn -0.4539 0.8845 0.1073
vn -0.4538 0.8790 0.1464
vn -0.4537 0.8649 0.2148
vn -0.3581 0.9062 0.2250
vn -0.2586 0.9375 0.2328
vn -0.2587 0.9375 0.2328
vn -0.1563 0.9586 0.2380
vn -0.1562 0.9586 0.2380
vn -0.0522 0.9692 0.2406
vn -0.0523 0.9692 0.2406
vn -0.0524 0.9397 0.3379
vn -0.0660 0.9434 0.3251
vn -0.1563 0.9338 0.3218
vn -0.1562 0.9338 0.3218
vn -0.2586 0.9133 0.3147
vn -0.3581 0.8827 0.3042
vn -0.3580 0.8828 0.3042
vn -0.4536 0.8426 0.2904
vn -0.4537 0.8425 0.2903
vn -0.0523 0.8983 0.4363
vn -0.0655 0.9110 0.4072
vn -0.1563 0.9017 0.4031
vn -0.1562 0.9017 0.4031
vn -0.2586 0.8819 0.3942
vn -0.2585 0.8819 0.3942
vn -0.3581 0.8524 0.3810
vn -0.4463 0.8170 0.3652
vn -0.4538 0.8260 0.3342
vn -0.4537 0.8105 0.3704
vn -0.4537 0.7783 0.4342
vn -0.3580 0.8154 0.4549
vn -0.3581 0.8154 0.4549
vn -0.2586 0.8436 0.4706
vn -0.1563 0.8626 0.4812
vn -0.0524 0.8721 0.4865
vn -0.0523 0.8721 0.4865
vn -0.0523 0.8222 0.5668
vn -0.0600 0.8253 0.5614
vn -0.1564 0.8166 0.5556
vn -0.1563 0.8167 0.5555
vn -0.2586 0.7987 0.5433
vn -0.3580 0.7720 0.5252
vn -0.3581 0.7720 0.5251
vn -0.4536 0.7369 0.5013
vn -0.0524 0.7569 0.6514
vn -0.0683 0.7721 0.6318
vn -0.1563 0.7644 0.6255
vn -0.1563 0.7644 0.6256
vn -0.2585 0.7476 0.6118
vn -0.2586 0.7475 0.6118
vn -0.3581 0.7226 0.5913
vn -0.4476 0.6920 0.5663
vn -0.4540 0.7102 0.5380
vn -0.0524 0.6832 0.7284
vn -0.0535 0.7139 0.6982
vn -0.1563 0.7061 0.6907
vn -0.2586 0.6906 0.6754
vn -0.2586 0.6906 0.6755
vn -0.3581 0.6675 0.6529
vn -0.3580 0.6675 0.6529
vn -0.4537 0.6371 0.6231
vn -0.4537 0.6860 0.5688
vn -0.4536 0.5795 0.6770
vn -0.4537 0.5795 0.6770
vn -0.3580 0.6072 0.7093
vn -0.3581 0.6072 0.7093
vn -0.2586 0.6282 0.7339
vn -0.1562 0.6423 0.7504
vn -0.1563 0.6423 0.7504
vn -0.0522 0.6494 0.7587
vn -0.0523 0.6494 0.7586
vn -0.0524 0.5798 0.8131
vn -0.0782 0.5644 0.8218
vn -0.0524 0.6012 0.7974
vn -0.0523 0.4741 0.8789
vn -0.0618 0.5054 0.8607
vn -0.1563 0.5002 0.8517
vn -0.1563 0.5001 0.8517
vn -0.2585 0.4891 0.8330
vn -0.2587 0.4892 0.8330
vn -0.3580 0.4728 0.8052
vn -0.3581 0.4728 0.8051
vn -0.4536 0.4513 0.7685
vn -0.4537 0.5140 0.7280
vn -0.4536 0.3816 0.8054
vn -0.4536 0.3816 0.8053
vn -0.3580 0.3998 0.8438
vn -0.3581 0.3998 0.8438
vn -0.2585 0.4136 0.8730
vn -0.2586 0.4136 0.8730
vn -0.1563 0.4229 0.8926
vn -0.0523 0.4276 0.9025
vn -0.0523 0.3362 0.9403
vn -0.0641 0.3459 0.9361
vn -0.1563 0.3424 0.9265
vn -0.2586 0.3349 0.9061
vn -0.3580 0.3236 0.8758
vn -0.3581 0.3236 0.8758
vn -0.4508 0.3094 0.8373
vn -0.4543 0.3432 0.8221
vn -0.0523 0.2338 0.9709
vn -0.0669 0.2618 0.9628
vn -0.1563 0.2591 0.9531
vn -0.1563 0.2592 0.9531
vn -0.2586 0.2534 0.9322
vn -0.2586 0.2535 0.9321
vn -0.3581 0.2450 0.9010
vn -0.4536 0.2338 0.8600
vn -0.4537 0.3066 0.8368
vn -0.4537 0.1569 0.8773
vn -0.4536 0.1569 0.8773
vn -0.3581 0.1644 0.9191
vn -0.2586 0.1701 0.9509
vn -0.1563 0.1739 0.9723
vn -0.0523 0.1758 0.9830
vn -0.0523 0.0847 0.9950
vn -0.0571 0.0882 0.9945
vn -0.1563 0.0873 0.9838
vn -0.2586 0.0854 0.9622
vn -0.3581 0.0825 0.9300
vn -0.4527 0.0788 0.8882
vn -0.4533 0.1173 0.8836
vn -0.0523 -0.0221 0.9984
vn -0.0686 -0.0000 0.9976
vn -0.1563 -0.0000 0.9877
vn -0.2586 -0.0000 0.9660
vn -0.3581 -0.0000 0.9337
vn -0.3580 -0.0000 0.9337
vn -0.4537 -0.0000 0.8912
vn -0.4537 0.0779 0.8877
vn -0.0524 -0.1286 0.9903
vn -0.0571 -0.0882 0.9945
vn -0.1563 -0.0873 0.9838
vn -0.2586 -0.0854 0.9622
vn -0.3581 -0.0825 0.9300
vn -0.3580 -0.0825 0.9301
vn -0.4537 -0.0788 0.8877
vn -0.4539 -0.0197 0.8909
vn -0.4536 -0.1569 0.8773
vn -0.4537 -0.1569 0.8773
vn -0.3580 -0.1644 0.9191
vn -0.3581 -0.1644 0.9191
vn -0.2586 -0.1701 0.9509
vn -0.1562 -0.1739 0.9723
vn -0.1563 -0.1739 0.9723
vn -0.0523 -0.1758 0.9830
vn -0.0523 -0.2765 0.9596
vn -0.0669 -0.2618 0.9628
vn -0.1562 -0.2592 0.9531
vn -0.1563 -0.2592 0.9531
vn -0.2585 -0.2534 0.9322
vn -0.2586 -0.2535 0.9321
vn -0.3581 -0.2450 0.9010
vn -0.3580 -0.2450 0.9010
vn -0.4416 -0.2354 0.8658
vn -0.4539 -0.2131 0.8652
vn -0.0523 -0.3775 0.9245
vn -0.0642 -0.3459 0.9361
vn -0.1563 -0.3424 0.9265
vn -0.2585 -0.3349 0.9061
vn -0.2586 -0.3348 0.9061
vn -0.3580 -0.3236 0.8758
vn -0.3581 -0.3237 0.8758
vn -0.4537 -0.3089 0.8359
vn -0.4539 -0.2512 0.8549
vn -0.4536 -0.3816 0.8054
vn -0.4537 -0.3816 0.8053
vn -0.3580 -0.3998 0.8438
vn -0.2586 -0.4136 0.8729
vn -0.1563 -0.4229 0.8926
vn -0.0522 -0.4276 0.9025
vn -0.0523 -0.4276 0.9025
vn -0.0523 -0.5125 0.8571
vn -0.0619 -0.5054 0.8607
vn -0.1563 -0.5001 0.8517
vn -0.1563 -0.5002 0.8517
vn -0.2585 -0.4892 0.8330
vn -0.2586 -0.4891 0.8330
vn -0.3580 -0.4728 0.8052
vn -0.3582 -0.4728 0.8051
vn -0.4419 -0.4543 0.7736
vn -0.4538 -0.4313 0.7798
vn -0.0523 -0.6012 0.7974
vn -0.0679 -0.5793 0.8123
vn -0.1563 -0.5735 0.8042
vn -0.2585 -0.5609 0.7865
vn -0.2586 -0.5609 0.7865
vn -0.3580 -0.5421 0.7602
vn -0.3582 -0.5421 0.7602
vn -0.4536 -0.5174 0.7256
vn -0.4539 -0.4653 0.7600
vn -0.4536 -0.5795 0.6770
vn -0.4537 -0.5795 0.6770
vn -0.3581 -0.6072 0.7093
vn -0.3580 -0.6072 0.7093
vn -0.2585 -0.6282 0.7339
vn -0.1563 -0.6423 0.7504
vn -0.1563 -0.6423 0.7503
vn -0.0524 -0.6494 0.7586
vn -0.0523 -0.6494 0.7586
vn -0.0524 -0.7145 0.6976
vn -0.0536 -0.7139 0.6982
vn -0.1563 -0.7061 0.6907
vn -0.1562 -0.7061 0.6907
vn -0.2587 -0.6905 0.6754
vn -0.2585 -0.6906 0.6755
vn -0.3581 -0.6675 0.6529
vn -0.4423 -0.6412 0.6272
vn -0.4540 -0.6195 0.6404
vn -0.0523 -0.7728 0.6324
vn -0.0808 -0.7835 0.6162
vn -0.0524 -0.7569 0.6514
vn -0.0523 -0.8464 0.5299
vn -0.0601 -0.8253 0.5614
vn -0.1563 -0.8167 0.5556
vn -0.1562 -0.8167 0.5555
vn -0.2585 -0.7987 0.5433
vn -0.2586 -0.7987 0.5433
vn -0.3580 -0.7720 0.5252
vn -0.3581 -0.7720 0.5252
vn -0.4537 -0.7369 0.5012
vn -0.4537 -0.7368 0.5012
vn -0.4538 -0.7651 0.4568
vn -0.4428 -0.7830 0.4368
vn -0.3581 -0.8154 0.4549
vn -0.2587 -0.8436 0.4706
vn -0.2586 -0.8436 0.4706
vn -0.1563 -0.8626 0.4812
vn -0.0523 -0.8721 0.4865
vn -0.0524 -0.9167 0.3962
vn -0.0653 -0.9110 0.4072
vn -0.1563 -0.9017 0.4030
vn -0.1564 -0.9017 0.4031
vn -0.2585 -0.8819 0.3942
vn -0.2586 -0.8819 0.3942
vn -0.3580 -0.8524 0.3810
vn -0.3581 -0.8524 0.3810
vn -0.4537 -0.8136 0.3637
vn -0.4539 -0.7845 0.4226
vn -0.0524 -0.9538 0.2960
vn -0.0660 -0.9434 0.3251
vn -0.1562 -0.9338 0.3218
vn -0.1564 -0.9338 0.3218
vn -0.2585 -0.9133 0.3147
vn -0.3580 -0.8828 0.3042
vn -0.3582 -0.8827 0.3042
vn -0.4537 -0.8426 0.2903
vn -0.4536 -0.8426 0.2903
vn -0.4541 -0.8575 0.2417
vn -0.4436 -0.8698 0.2160
vn -0.3582 -0.9061 0.2250
vn -0.3580 -0.9062 0.2250
vn -0.2586 -0.9375 0.2328
vn -0.1563 -0.9586 0.2380
vn -0.0522 -0.9692 0.2406
vn -0.0523 -0.9692 0.2406
vn -0.0523 -0.9875 0.1488
vn -0.0593 -0.9863 0.1540
vn -0.1562 -0.9759 0.1523
vn -0.1563 -0.9759 0.1524
vn -0.2585 -0.9544 0.1490
vn -0.2586 -0.9544 0.1490
vn -0.3581 -0.9225 0.1440
vn -0.3580 -0.9226 0.1440
vn -0.4538 -0.8805 0.1375
vn -0.4538 -0.8676 0.2036
vn -0.0523 -0.9977 0.0424
vn -0.0685 -0.9955 0.0662
vn -0.1564 -0.9855 0.0655
vn -0.1561 -0.9856 0.0655
vn -0.2587 -0.9638 0.0640
vn -0.2586 -0.9639 0.0640
vn -0.3580 -0.9317 0.0619
vn -0.3582 -0.9316 0.0619
vn -0.4537 -0.8892 0.0591
vn -0.0524 -0.9965 -0.0648
vn -0.0548 -0.9983 -0.0221
vn -0.1563 -0.9875 -0.0219
vn -0.1562 -0.9875 -0.0219
vn -0.2586 -0.9657 -0.0214
vn -0.2585 -0.9658 -0.0214
vn -0.3580 -0.9335 -0.0206
vn -0.3581 -0.9335 -0.0207
vn -0.4446 -0.8955 -0.0198
vn -0.4539 -0.8910 0.0099
vn -0.4537 -0.8907 -0.0295
vn -0.4537 -0.8857 -0.0984
vn -0.3581 -0.9280 -0.1031
vn -0.3582 -0.9279 -0.1031
vn -0.2585 -0.9601 -0.1067
vn -0.2586 -0.9601 -0.1066
vn -0.1564 -0.9817 -0.1090
vn -0.1563 -0.9817 -0.1090
vn -0.0523 -0.9925 -0.1102
vn -0.0522 -0.9925 -0.1102
vn -0.0523 -0.9754 -0.2140
vn -0.0676 -0.9780 -0.1974
vn -0.1563 -0.9682 -0.1954
vn -0.2585 -0.9469 -0.1911
vn -0.2587 -0.9469 -0.1911
vn -0.3580 -0.9153 -0.1847
vn -0.4537 -0.8736 -0.1763
vn -0.4536 -0.8736 -0.1762
vn -0.0524 -0.9470 -0.3170
vn -0.0628 -0.9570 -0.2831
vn -0.1563 -0.9471 -0.2802
vn -0.2585 -0.9263 -0.2740
vn -0.2586 -0.9263 -0.2740
vn -0.3580 -0.8953 -0.2649
vn -0.3581 -0.8953 -0.2648
vn -0.4456 -0.8585 -0.2539
vn -0.4539 -0.8628 -0.2228
vn -0.4538 -0.8521 -0.2606
vn -0.4537 -0.8289 -0.3274
vn -0.3581 -0.8684 -0.3429
vn -0.2586 -0.8985 -0.3548
vn -0.1563 -0.9187 -0.3628
vn -0.0523 -0.9288 -0.3668
vn -0.0523 -0.8884 -0.4561
vn -0.0635 -0.8922 -0.4472
vn -0.1562 -0.8830 -0.4426
vn -0.2586 -0.8636 -0.4328
vn -0.3581 -0.8347 -0.4184
vn -0.4537 -0.7967 -0.3993
vn -0.4536 -0.7967 -0.3993
vn -0.0523 -0.8346 -0.5484
vn -0.0673 -0.8490 -0.5241
vn -0.1563 -0.8404 -0.5189
vn -0.1562 -0.8405 -0.5189
vn -0.2586 -0.8219 -0.5075
vn -0.2586 -0.8220 -0.5075
vn -0.3582 -0.7944 -0.4904
vn -0.3581 -0.7945 -0.4905
vn -0.4469 -0.7612 -0.4700
vn -0.4540 -0.7749 -0.4399
vn -0.4538 -0.7548 -0.4737
vn -0.4537 -0.7140 -0.5334
vn -0.3580 -0.7480 -0.5588
vn -0.3581 -0.7480 -0.5588
vn -0.2585 -0.7739 -0.5781
vn -0.2587 -0.7739 -0.5781
vn -0.1562 -0.7913 -0.5911
vn -0.1563 -0.7913 -0.5911
vn -0.0524 -0.8000 -0.5977
vn -0.0522 -0.8001 -0.5977
vn -0.0523 -0.7423 -0.6680
vn -0.0559 -0.7440 -0.6659
vn -0.1563 -0.7360 -0.6587
vn -0.1562 -0.7360 -0.6587
vn -0.2586 -0.7198 -0.6442
vn -0.3580 -0.6957 -0.6227
vn -0.4537 -0.6640 -0.5943
vn -0.4537 -0.6640 -0.5944
vn -0.0523 -0.6823 -0.7292
vn -0.0834 -0.6653 -0.7419
vn -0.0523 -0.6989 -0.7133
vn -0.0523 -0.5834 -0.8105
vn -0.0581 -0.6150 -0.7864
vn -0.1563 -0.6085 -0.7780
vn -0.2586 -0.5951 -0.7609
vn -0.3581 -0.5752 -0.7355
vn -0.4536 -0.5490 -0.7020
vn -0.4538 -0.6053 -0.6540
vn -0.4537 -0.4848 -0.7478
vn -0.4536 -0.4848 -0.7478
vn -0.3581 -0.5080 -0.7834
vn -0.2586 -0.5255 -0.8105
vn -0.1562 -0.5373 -0.8288
vn -0.1563 -0.5373 -0.8288
vn -0.0523 -0.5433 -0.8379
vn -0.0522 -0.5433 -0.8379
vn -0.0523 -0.4545 -0.8892
vn -0.0664 -0.4667 -0.8819
vn -0.1563 -0.4620 -0.8730
vn -0.2586 -0.4518 -0.8538
vn -0.3580 -0.4367 -0.8253
vn -0.3581 -0.4367 -0.8252
vn -0.4499 -0.4177 -0.7893
vn -0.4539 -0.4483 -0.7701
vn -0.0523 -0.3569 -0.9327
vn -0.0648 -0.3870 -0.9198
vn -0.1563 -0.3830 -0.9104
vn -0.2586 -0.3746 -0.8904
vn -0.3581 -0.3621 -0.8606
vn -0.4536 -0.3456 -0.8214
vn -0.4537 -0.4139 -0.7892
vn -0.4537 -0.2716 -0.8487
vn -0.4536 -0.2716 -0.8488
vn -0.3581 -0.2846 -0.8893
vn -0.2585 -0.2944 -0.9200
vn -0.2586 -0.2944 -0.9200
vn -0.1563 -0.3011 -0.9407
vn -0.0523 -0.3044 -0.9511
vn -0.0523 -0.2122 -0.9758
vn -0.0611 -0.2190 -0.9738
vn -0.1563 -0.2168 -0.9636
vn -0.1563 -0.2167 -0.9636
vn -0.2586 -0.2120 -0.9424
vn -0.2586 -0.2120 -0.9425
vn -0.3581 -0.2049 -0.9109
vn -0.4517 -0.1958 -0.8704
vn -0.4545 -0.2321 -0.8600
vn -0.0523 -0.1067 -0.9929
vn -0.0682 -0.1320 -0.9889
vn -0.1563 -0.1307 -0.9790
vn -0.2586 -0.1279 -0.9575
vn -0.3581 -0.1236 -0.9255
vn -0.4536 -0.1180 -0.8833
vn -0.4537 -0.1940 -0.8698
vn -0.4537 -0.0394 -0.8903
vn -0.3581 -0.0413 -0.9328
vn -0.2586 -0.0427 -0.9650
vn -0.1563 -0.0437 -0.9867
vn -0.0523 -0.0442 -0.9977
vn -0.4539 -0.2467 -0.8562
vn -0.4540 -0.5577 -0.6949
vn -0.4540 -0.7825 -0.4261
vn -0.4538 -0.8864 -0.0915
vn -0.4538 -0.8531 0.2573
vn -0.4539 -0.6182 0.6418
vn -0.4538 -0.3229 0.8305
vn -0.4539 0.0222 0.8908
vn -0.4538 0.3640 0.8134
vn -0.4538 0.6494 0.6102
vn -0.4540 0.8648 0.2145
vn -0.4539 0.8807 -0.1356
vn -0.4539 0.5224 -0.7219
vn -0.1562 -0.4286 -0.8899
vn -0.0523 -0.0498 -0.9974
vn -0.0523 -0.1242 -0.9909
vn -0.0523 -0.7488 -0.6607
vn -0.0523 -0.9103 -0.4107
vn -0.0524 -0.9909 -0.1241
vn -0.0524 -0.9835 0.1734
vn -0.0524 -0.8887 0.4556
vn -0.0523 -0.7149 0.6973
vn -0.0523 0.0498 -0.9974
vn -0.0225 0.1243 -0.9920
vn -0.0225 0.4112 -0.9113
vn -0.0226 0.6615 -0.7496
vn -0.0228 0.8530 -0.5213
vn -0.0225 0.9688 -0.2467
vn -0.0228 0.9985 0.0498
vn -0.0222 0.9395 0.3419
vn -0.0226 0.7969 0.6036
vn -0.0224 0.5836 0.8117
vn -0.0226 0.3184 0.9477
vn -0.0225 0.0249 0.9994
vn -0.0225 -0.2708 0.9624
vn -0.0225 -0.5425 0.8398
vn -0.0524 -0.4107 -0.9103
vn -0.0374 -0.4336 -0.9003
vn -0.0523 -0.4556 -0.8886
vn -0.0523 -0.5207 -0.8521
vn -0.0225 -0.1736 -0.9846
vn -0.2585 -0.3304 -0.9078
vn -0.1563 -0.3378 -0.9281
vn -0.1562 -0.3378 -0.9282
vn -0.0523 -0.3415 -0.9384
vn -0.0522 -0.3416 -0.9384
vn -0.3580 -0.2304 -0.9049
vn -0.2585 -0.2384 -0.9361
vn -0.1562 -0.2437 -0.9572
vn -0.1563 -0.2437 -0.9572
vn -0.0522 -0.2464 -0.9678
vn -0.0523 -0.2464 -0.9677
vn -0.3580 0.3193 -0.8774
vn -0.4538 0.4359 -0.7772
vn -0.4536 0.3867 -0.8029
vn -0.3580 0.4051 -0.8413
vn -0.3580 0.3194 -0.8774
vn -0.2585 0.3304 -0.9078
vn -0.0523 0.3416 -0.9384
vn -0.0523 0.4333 -0.8997
vn -0.1562 0.4285 -0.8899
vn -0.1563 0.5150 -0.8428
vn -0.2585 0.5037 -0.8243
vn -0.2586 0.5833 -0.7700
vn -0.3580 0.5638 -0.7443
vn -0.3580 0.6351 -0.6845
vn -0.0523 0.4556 -0.8886
vn -0.0523 0.5207 -0.8521
vn -0.1562 0.5150 -0.8428
vn -0.1562 0.5964 -0.7874
vn -0.2585 0.5833 -0.7700
vn -0.2584 0.6571 -0.7082
vn -0.3580 0.6351 -0.6844
vn -0.3580 0.7001 -0.6178
vn -0.4535 0.6682 -0.5897
vn -0.4539 0.7019 -0.5490
vn -0.0522 0.6030 -0.7960
vn -0.0522 0.6792 -0.7321
vn -0.1562 0.6718 -0.7240
vn -0.1562 0.7406 -0.6536
vn -0.2586 0.7243 -0.6392
vn -0.2586 0.7843 -0.5639
vn -0.3580 0.7581 -0.5450
vn -0.3580 0.8086 -0.4669
vn -0.0523 0.6973 -0.7149
vn -0.0523 0.7488 -0.6608
vn -0.1562 0.8020 -0.5766
vn -0.2585 0.7843 -0.5639
vn -0.2585 0.8366 -0.4830
vn -0.3580 0.8086 -0.4668
vn -0.3580 0.8511 -0.3840
vn -0.0522 0.7488 -0.6608
vn -0.0523 0.8108 -0.5830
vn -0.1562 0.8554 -0.4939
vn -0.2586 0.8805 -0.3973
vn -0.3579 0.8511 -0.3840
vn -0.3581 0.8851 -0.2974
vn -0.4536 0.8448 -0.2839
vn -0.4540 0.8592 -0.2359
vn -0.0523 0.9103 -0.4107
vn -0.0523 0.9466 -0.3180
vn -0.1562 0.9363 -0.3146
vn -0.1561 0.9630 -0.2198
vn -0.2586 0.9418 -0.2149
vn -0.2584 0.9585 -0.1201
vn -0.3580 0.9265 -0.1161
vn -0.3580 0.9334 -0.0233
vn -0.0523 0.9466 -0.3181
vn -0.0524 0.9736 -0.2222
vn -0.1562 0.9630 -0.2198
vn -0.1564 0.9800 -0.1228
vn -0.2585 0.9585 -0.1201
vn -0.2586 0.9657 -0.0241
vn -0.3579 0.9335 -0.0233
vn -0.3581 0.9311 0.0698
vn -0.4534 0.8888 0.0666
vn -0.4540 0.8838 0.1131
vn -0.0523 0.9983 -0.0249
vn -0.0523 0.9958 0.0746
vn -0.1561 0.9850 0.0738
vn -0.1564 0.9727 0.1715
vn -0.2585 0.9513 0.1677
vn -0.2586 0.9299 0.2616
vn -0.3580 0.8988 0.2529
vn -0.3579 0.8692 0.3412
vn -0.0523 0.9835 0.1734
vn -0.0522 0.9613 0.2705
vn -0.1562 0.9508 0.2675
vn -0.1562 0.9194 0.3609
vn -0.2586 0.8992 0.3529
vn -0.2586 0.8596 0.4407
vn -0.3580 0.8309 0.4260
vn -0.3579 0.7843 0.5066
vn -0.4535 0.7487 0.4836
vn -0.4539 0.7153 0.5314
vn -0.0522 0.8887 0.4556
vn -0.0524 0.8389 0.5418
vn -0.1562 0.8297 0.5359
vn -0.1564 0.7722 0.6158
vn -0.2585 0.7553 0.6023
vn -0.2586 0.6915 0.6745
vn -0.3580 0.6684 0.6519
vn -0.3579 0.6002 0.7153
vn -0.0523 0.8389 0.5418
vn -0.0523 0.7807 0.6227
vn -0.1561 0.7722 0.6159
vn -0.1562 0.7071 0.6897
vn -0.2585 0.6916 0.6745
vn -0.2586 0.6209 0.7400
vn -0.3579 0.5259 0.7715
vn -0.4536 0.5020 0.7363
vn -0.4539 0.4551 0.7660
vn -0.0522 0.6419 0.7650
vn -0.0523 0.5625 0.8251
vn -0.1562 0.5564 0.8161
vn -0.1562 0.4724 0.8674
vn -0.2585 0.4620 0.8484
vn -0.2586 0.3752 0.8901
vn -0.3580 0.3627 0.8604
vn -0.3580 0.2752 0.8922
vn -0.0523 0.5418 0.8389
vn -0.0522 0.4776 0.8770
vn -0.1563 0.4724 0.8674
vn -0.1562 0.3837 0.9102
vn -0.2585 0.3752 0.8902
vn -0.2585 0.2847 0.9231
vn -0.3579 0.1850 0.9152
vn -0.4536 0.1766 0.8735
vn -0.4538 0.1246 0.8823
vn -0.0523 0.2705 0.9613
vn -0.0523 0.1979 0.9788
vn -0.1562 0.1957 0.9681
vn -0.1562 0.0983 0.9828
vn -0.2586 0.0962 0.9612
vn -0.2585 -0.0000 0.9660
vn -0.3579 -0.0930 0.9291
vn -0.0523 0.0994 0.9937
vn -0.1563 0.0983 0.9828
vn -0.1562 -0.0000 0.9877
vn -0.2585 -0.0962 0.9612
vn -0.3580 -0.0930 0.9291
vn -0.3580 -0.1850 0.9152
vn -0.4535 -0.1766 0.8736
vn -0.4537 -0.2253 0.8622
vn -0.0523 -0.0994 0.9937
vn -0.0523 -0.1979 0.9788
vn -0.1563 -0.1957 0.9681
vn -0.1563 -0.2911 0.9438
vn -0.2585 -0.2847 0.9231
vn -0.2585 -0.3752 0.8901
vn -0.3580 -0.3627 0.8604
vn -0.3579 -0.4465 0.8201
vn -0.0522 -0.1979 0.9788
vn -0.0523 -0.2943 0.9543
vn -0.1562 -0.2911 0.9438
vn -0.1562 -0.3837 0.9102
vn -0.2585 -0.3752 0.8902
vn -0.2586 -0.4620 0.8483
vn -0.3580 -0.4466 0.8200
vn -0.3579 -0.5260 0.7715
vn -0.4535 -0.5020 0.7364
vn -0.4543 -0.5401 0.7084
vn -0.0523 -0.4776 0.8770
vn -0.0523 -0.5625 0.8251
vn -0.1562 -0.5564 0.8161
vn -0.1562 -0.6349 0.7567
vn -0.2585 -0.6209 0.7400
vn -0.2585 -0.6916 0.6745
vn -0.3580 -0.6684 0.6520
vn -0.3578 -0.7300 0.5823
vn -0.0523 -0.6419 0.7650
vn -0.1562 -0.7071 0.6897
vn -0.1561 -0.7722 0.6158
vn -0.2586 -0.7552 0.6023
vn -0.2586 -0.8115 0.5240
vn -0.3579 -0.7844 0.5066
vn -0.3580 -0.8309 0.4260
vn -0.4535 -0.7931 0.4066
vn -0.4539 -0.8178 0.3538
vn -0.0523 -0.8389 0.5418
vn -0.0523 -0.8886 0.4556
vn -0.1562 -0.8790 0.4506
vn -0.1562 -0.9194 0.3609
vn -0.2585 -0.8992 0.3530
vn -0.2586 -0.9299 0.2616
vn -0.3579 -0.8989 0.2529
vn -0.3581 -0.9195 0.1621
vn -0.0524 -0.9202 0.3879
vn -0.0374 -0.9302 0.3651
vn -0.1562 -0.9194 0.3608
vn -0.1562 -0.9508 0.2675
vn -0.2585 -0.9299 0.2616
vn -0.2584 -0.9513 0.1678
vn -0.3579 -0.9196 0.1621
vn -0.3580 -0.9311 0.0698
vn -0.4536 -0.8887 0.0666
vn -0.4540 -0.8909 0.0113
vn -0.0522 -0.9937 0.0994
vn -0.0375 -0.9965 0.0747
vn -0.1563 -0.9849 0.0738
vn -0.1564 -0.9874 -0.0246
vn -0.2584 -0.9657 -0.0241
vn -0.2583 -0.9586 -0.1201
vn -0.3579 -0.9265 -0.1161
vn -0.3580 -0.9103 -0.2078
vn -0.0523 -0.9974 0.0498
vn -0.0523 -0.9983 -0.0249
vn -0.1562 -0.9874 -0.0246
vn -0.1562 -0.9801 -0.1228
vn -0.2586 -0.9585 -0.1201
vn -0.2584 -0.9418 -0.2150
vn -0.3579 -0.9103 -0.2078
vn -0.3580 -0.8851 -0.2974
vn -0.4536 -0.8448 -0.2838
vn -0.4541 -0.8263 -0.3333
vn -0.0523 -0.9677 -0.2464
vn -0.0522 -0.9466 -0.3181
vn -0.1564 -0.9363 -0.3146
vn -0.1562 -0.9003 -0.4062
vn -0.2585 -0.8805 -0.3973
vn -0.2585 -0.8366 -0.4830
vn -0.3580 -0.8086 -0.4668
vn -0.3580 -0.7581 -0.5451
vn -0.0523 -0.9466 -0.3180
vn -0.0524 -0.9102 -0.4108
vn -0.1564 -0.8553 -0.4939
vn -0.2584 -0.7843 -0.5639
vn -0.3580 -0.7581 -0.5450
vn -0.3581 -0.7000 -0.6178
vn -0.4535 -0.6682 -0.5897
vn -0.4538 -0.6341 -0.6261
vn -0.0523 -0.8108 -0.5829
vn -0.0523 -0.7487 -0.6608
vn -0.1563 -0.7405 -0.6536
vn -0.1562 -0.6718 -0.7241
vn -0.2585 -0.6571 -0.7081
vn -0.2585 -0.5833 -0.7700
vn -0.3580 -0.5638 -0.7443
vn -0.3579 -0.4869 -0.7968
vn -0.0523 -0.6973 -0.7148
vn -0.0374 -0.6797 -0.7326
vn -0.1563 -0.6718 -0.7240
vn -0.1563 -0.5964 -0.7874
vn -0.2586 -0.5833 -0.7700
vn -0.2586 -0.5037 -0.8243
vn -0.3580 -0.4869 -0.7967
vn -0.3580 -0.4051 -0.8413
vn -0.4535 -0.3867 -0.8030
vn -0.4540 -0.3436 -0.8221
vn -0.1563 0.0492 -0.9865
vn -0.1562 0.0492 -0.9865
vn -0.2585 0.0482 -0.9648
vn -0.3580 0.0465 -0.9326
vn -0.4536 0.0444 -0.8901
vn -0.4535 0.0444 -0.8901
vn -0.4538 0.1465 -0.8790
vn -0.0523 0.1488 -0.9875
vn -0.1562 0.1472 -0.9767
vn -0.2585 0.1440 -0.9552
vn -0.3580 0.1392 -0.9233
vn -0.3579 0.1392 -0.9233
vn -0.4647 0.1320 -0.8756
vn -0.4539 0.1025 -0.8851
vn -0.1562 0.2437 -0.9572
vn -0.2586 0.2384 -0.9361
vn -0.2585 0.2384 -0.9361
vn -0.3580 0.2304 -0.9048
vn -0.3580 0.2304 -0.9049
vn -0.4656 0.2184 -0.8576
vn -0.4538 0.2037 -0.8675
vn -0.4535 0.3867 -0.8030
vn -0.4540 0.3435 -0.8221
vn -0.4566 0.3043 -0.8360
vn -0.4536 0.3022 -0.8384
vn -0.4539 0.2467 -0.8562
vn -0.4538 0.4741 -0.7545
vn -0.4632 0.4621 -0.7562
vn -0.3579 0.4869 -0.7968
vn -0.3580 0.4051 -0.8412
vn -0.2585 0.4192 -0.8703
vn -0.2586 0.3304 -0.9077
vn -0.1562 0.3378 -0.9282
vn -0.1563 0.2437 -0.9572
vn -0.0522 0.2464 -0.9678
vn -0.0523 0.1734 -0.9835
vn -0.0523 0.2464 -0.9677
vn -0.1563 0.3378 -0.9281
vn -0.1563 0.4286 -0.8899
vn -0.2585 0.4191 -0.8704
vn -0.3580 0.4869 -0.7967
vn -0.4663 0.5341 -0.7052
vn -0.4535 0.6683 -0.5897
vn -0.4540 0.6339 -0.6262
vn -0.4592 0.6042 -0.6512
vn -0.4537 0.6021 -0.6570
vn -0.4539 0.5578 -0.6949
vn -0.4537 0.7284 -0.5134
vn -0.4615 0.7203 -0.5179
vn -0.3579 0.7582 -0.5451
vn -0.2585 0.7243 -0.6392
vn -0.2586 0.6571 -0.7081
vn -0.1562 0.6718 -0.7241
vn -0.1563 0.5964 -0.7873
vn -0.0523 0.6030 -0.7961
vn -0.0523 0.5208 -0.8521
vn -0.4536 0.8448 -0.2838
vn -0.4539 0.8263 -0.3334
vn -0.4614 0.8087 -0.3649
vn -0.4538 0.8088 -0.3741
vn -0.4536 0.7718 -0.4456
vn -0.4784 0.7712 -0.4200
vn -0.4539 0.7604 -0.4646
vn -0.4536 0.8701 -0.1929
vn -0.4593 0.8660 -0.1977
vn -0.3580 0.9103 -0.2078
vn -0.3579 0.8851 -0.2974
vn -0.2586 0.9157 -0.3077
vn -0.1562 0.9003 -0.4063
vn -0.0523 0.8648 -0.4993
vn -0.0523 0.8108 -0.5829
vn -0.0522 0.8771 -0.4776
vn -0.1562 0.9003 -0.4062
vn -0.1561 0.9363 -0.3146
vn -0.2585 0.9157 -0.3077
vn -0.2585 0.9418 -0.2149
vn -0.4663 0.8777 -0.1100
vn -0.4536 0.8887 0.0666
vn -0.4539 0.8910 0.0111
vn -0.4633 0.8860 -0.0221
vn -0.4538 0.8905 -0.0333
vn -0.4538 0.8864 -0.0915
vn -0.4535 0.8772 0.1575
vn -0.4567 0.8761 0.1545
vn -0.3579 0.9196 0.1622
vn -0.3580 0.9311 0.0698
vn -0.2586 0.9633 0.0722
vn -0.2585 0.9657 -0.0241
vn -0.1562 0.9874 -0.0246
vn -0.1562 0.9801 -0.1228
vn -0.0522 0.9909 -0.1242
vn -0.0524 0.9788 -0.1979
vn -0.0524 0.9909 -0.1241
vn -0.1562 0.9850 0.0738
vn -0.2585 0.9633 0.0722
vn -0.2584 0.9513 0.1678
vn -0.3581 0.9195 0.1621
vn -0.3579 0.8989 0.2529
vn -0.4657 0.8519 0.2397
vn -0.4536 0.7931 0.4066
vn -0.4540 0.8178 0.3537
vn -0.4647 0.8243 0.3235
vn -0.4538 0.8345 0.3126
vn -0.4538 0.8532 0.2574
vn -0.0523 0.9937 0.0994
vn -0.1561 0.9727 0.1715
vn -0.1564 0.9508 0.2675
vn -0.2584 0.9299 0.2616
vn -0.3580 0.8692 0.3411
vn -0.4536 0.7930 0.4066
vn -0.4536 0.7486 0.4835
vn -0.4538 0.6879 0.5664
vn -0.4647 0.6923 0.5521
vn -0.3580 0.7300 0.5822
vn -0.3580 0.7843 0.5066
vn -0.2585 0.8115 0.5241
vn -0.2585 0.8596 0.4407
vn -0.1563 0.8789 0.4506
vn -0.1561 0.9195 0.3609
vn -0.0524 0.9296 0.3648
vn -0.0524 0.9613 0.2705
vn -0.0523 0.9202 0.3879
vn -0.0524 0.8886 0.4556
vn -0.1562 0.8790 0.4506
vn -0.3580 0.7300 0.5821
vn -0.3578 0.6685 0.6520
vn -0.4657 0.6335 0.6179
vn -0.4535 0.5020 0.7364
vn -0.4539 0.5402 0.7086
vn -0.4566 0.5719 0.6815
vn -0.4536 0.5750 0.6809
vn -0.4540 0.6182 0.6417
vn -0.4537 0.4164 0.7879
vn -0.4633 0.4238 0.7783
vn -0.3580 0.4466 0.8200
vn -0.3579 0.5260 0.7715
vn -0.2585 0.5442 0.7981
vn -0.1562 0.6349 0.7566
vn -0.0522 0.7149 0.6973
vn -0.0524 0.7650 0.6419
vn -0.0523 0.6419 0.7650
vn -0.2585 0.5442 0.7982
vn -0.3579 0.4466 0.8200
vn -0.4663 0.3436 0.8152
vn -0.4535 0.1766 0.8736
vn -0.4542 0.2252 0.8620
vn -0.4592 0.2619 0.8489
vn -0.4536 0.2680 0.8499
vn -0.4539 0.3229 0.8305
vn -0.4538 0.0804 0.8875
vn -0.4614 0.0883 0.8828
vn -0.3580 0.0930 0.9291
vn -0.3580 0.1850 0.9152
vn -0.2585 0.1914 0.9469
vn -0.1562 0.2911 0.9438
vn -0.1563 0.3837 0.9101
vn -0.0523 0.3879 0.9202
vn -0.0523 0.4776 0.8770
vn -0.0522 0.2943 0.9543
vn -0.1563 0.2911 0.9438
vn -0.2585 0.1914 0.9468
vn -0.2585 0.0962 0.9612
vn -0.4664 -0.0000 0.8846
vn -0.4540 -0.1245 0.8822
vn -0.4614 -0.0883 0.8828
vn -0.4537 -0.0804 0.8875
vn -0.4539 -0.0222 0.8908
vn -0.4537 -0.2680 0.8499
vn -0.4593 -0.2618 0.8488
vn -0.3579 -0.2752 0.8923
vn -0.2585 -0.1914 0.9469
vn -0.1562 -0.0983 0.9828
vn -0.0523 -0.0000 0.9986
vn -0.0523 -0.0249 0.9983
vn -0.3580 -0.2752 0.8922
vn -0.4662 -0.3436 0.8152
vn -0.4535 -0.5021 0.7364
vn -0.4540 -0.4551 0.7660
vn -0.4633 -0.4238 0.7783
vn -0.4537 -0.4164 0.7879
vn -0.4539 -0.3639 0.8133
vn -0.4537 -0.5749 0.6809
vn -0.4566 -0.5719 0.6815
vn -0.3580 -0.6002 0.7153
vn -0.3580 -0.5260 0.7715
vn -0.2586 -0.5442 0.7982
vn -0.2584 -0.4620 0.8484
vn -0.1563 -0.4724 0.8674
vn -0.1563 -0.3837 0.9101
vn -0.0523 -0.3879 0.9202
vn -0.0523 -0.3181 0.9466
vn -0.2585 -0.5442 0.7981
vn -0.4657 -0.6335 0.6179
vn -0.4536 -0.7487 0.4835
vn -0.4540 -0.7152 0.5313
vn -0.4647 -0.6923 0.5521
vn -0.4538 -0.6880 0.5664
vn -0.4538 -0.6494 0.6101
vn -0.0523 -0.5829 0.8108
vn -0.1562 -0.6349 0.7566
vn -0.1562 -0.7070 0.6897
vn -0.2586 -0.6915 0.6745
vn -0.2585 -0.7552 0.6023
vn -0.3580 -0.7300 0.5821
vn -0.4536 -0.7486 0.4835
vn -0.4536 -0.7931 0.4065
vn -0.4538 -0.8345 0.3126
vn -0.4646 -0.8243 0.3235
vn -0.3580 -0.8692 0.3411
vn -0.2585 -0.8596 0.4407
vn -0.2585 -0.8115 0.5241
vn -0.1562 -0.8297 0.5359
vn -0.1563 -0.7722 0.6158
vn -0.0374 -0.7813 0.6231
vn -0.0524 -0.7650 0.6419
vn -0.0523 -0.7961 0.6030
vn -0.1564 -0.8789 0.4506
vn -0.2586 -0.8992 0.3529
vn -0.3579 -0.8692 0.3411
vn -0.3580 -0.8988 0.2529
vn -0.4657 -0.8519 0.2397
vn -0.4535 -0.8888 0.0666
vn -0.4539 -0.8838 0.1133
vn -0.4566 -0.8762 0.1545
vn -0.4536 -0.8772 0.1575
vn -0.4541 -0.8648 0.2145
vn -0.4538 -0.8905 -0.0333
vn -0.4633 -0.8859 -0.0221
vn -0.3580 -0.9334 -0.0233
vn -0.3579 -0.9311 0.0698
vn -0.2586 -0.9633 0.0722
vn -0.2587 -0.9513 0.1677
vn -0.1561 -0.9727 0.1715
vn -0.0524 -0.9613 0.2705
vn -0.0525 -0.9384 0.3415
vn -0.0523 -0.9613 0.2705
vn -0.0522 -0.9835 0.1734
vn -0.1564 -0.9727 0.1715
vn -0.1562 -0.9850 0.0738
vn -0.2585 -0.9633 0.0722
vn -0.2586 -0.9657 -0.0241
vn -0.3582 -0.9264 -0.1161
vn -0.4662 -0.8778 -0.1100
vn -0.4535 -0.8449 -0.2838
vn -0.4539 -0.8592 -0.2359
vn -0.4592 -0.8660 -0.1977
vn -0.4537 -0.8700 -0.1929
vn -0.4539 -0.8807 -0.1356
vn -0.4537 -0.8089 -0.3741
vn -0.4615 -0.8086 -0.3649
vn -0.3580 -0.8511 -0.3841
vn -0.3579 -0.8851 -0.2973
vn -0.2585 -0.9157 -0.3077
vn -0.2585 -0.9418 -0.2150
vn -0.1563 -0.9629 -0.2198
vn -0.1565 -0.9800 -0.1228
vn -0.0521 -0.9909 -0.1241
vn -0.0521 -0.9983 -0.0249
vn -0.0524 -0.9788 -0.1979
vn -0.0375 -0.9742 -0.2224
vn -0.1562 -0.9630 -0.2198
vn -0.1562 -0.9363 -0.3146
vn -0.2586 -0.9157 -0.3076
vn -0.2584 -0.8805 -0.3973
vn -0.3580 -0.8511 -0.3840
vn -0.3580 -0.8086 -0.4669
vn -0.4665 -0.7661 -0.4423
vn -0.4536 -0.6682 -0.5897
vn -0.4540 -0.7018 -0.5490
vn -0.4614 -0.7203 -0.5179
vn -0.4537 -0.7284 -0.5134
vn -0.4539 -0.7603 -0.4647
vn -0.4537 -0.6020 -0.6571
vn -0.4593 -0.6042 -0.6512
vn -0.3580 -0.6351 -0.6845
vn -0.3579 -0.7001 -0.6178
vn -0.2585 -0.7243 -0.6392
vn -0.2585 -0.7844 -0.5639
vn -0.1562 -0.8020 -0.5766
vn -0.1562 -0.8554 -0.4939
vn -0.0374 -0.8654 -0.4997
vn -0.0524 -0.8770 -0.4776
vn -0.0523 -0.8521 -0.5207
vn -0.0524 -0.8108 -0.5830
vn -0.1563 -0.8020 -0.5765
vn -0.1562 -0.7406 -0.6536
vn -0.2586 -0.7243 -0.6392
vn -0.2586 -0.6570 -0.7082
vn -0.4663 -0.5341 -0.7052
vn -0.4536 -0.3867 -0.8029
vn -0.4540 -0.4358 -0.7771
vn -0.4632 -0.4621 -0.7562
vn -0.4539 -0.4741 -0.7545
vn -0.4538 -0.5224 -0.7219
vn -0.4536 -0.3022 -0.8384
vn -0.4566 -0.3043 -0.8360
vn -0.3580 -0.3193 -0.8774
vn -0.3579 -0.4052 -0.8413
vn -0.2585 -0.4191 -0.8703
vn -0.2585 -0.5037 -0.8243
vn -0.1563 -0.5150 -0.8428
vn -0.1562 -0.5964 -0.7873
vn -0.0522 -0.6030 -0.7961
vn -0.0523 -0.6608 -0.7488
vn -0.4538 -0.2037 -0.8675
vn -0.4657 -0.2184 -0.8576
vn -0.3579 -0.2304 -0.9049
vn -0.3580 -0.3194 -0.8774
vn -0.2586 -0.4191 -0.8703
vn -0.1563 -0.4286 -0.8899
vn -0.0523 -0.6030 -0.7960
vn -0.4539 -0.1025 -0.8851
vn -0.0523 -0.1488 -0.9875
vn -0.1563 -0.1472 -0.9767
vn -0.1562 -0.1472 -0.9767
vn -0.2586 -0.1440 -0.9552
vn -0.2585 -0.1440 -0.9552
vn -0.3579 -0.1392 -0.9233
vn -0.3580 -0.1392 -0.9233
vn -0.4647 -0.1320 -0.8756
vn -0.4538 -0.1465 -0.8790
vn -0.1562 -0.0492 -0.9865
vn -0.2585 -0.0482 -0.9648
vn -0.3580 -0.0465 -0.9326
vn -0.4535 -0.0444 -0.8901
vn 0.7067 -0.6445 0.2919
vn 0.7070 -0.6490 -0.2810
vn 0.7273 -0.6161 -0.3025
vn 0.7068 -0.6444 -0.2919
vn 0.7067 -0.6445 -0.2919
vn 0.7067 -0.6142 -0.3511
vn 0.7118 -0.6041 -0.3583
vn 0.7070 -0.5910 -0.3884
vn 0.7067 -0.5657 -0.4249
vn 0.7117 -0.5553 -0.4304
vn 0.7070 -0.5380 -0.4590
vn 0.7067 -0.5084 -0.4920
vn 0.7115 -0.4978 -0.4959
vn 0.7071 -0.4766 -0.5224
vn 0.7067 -0.4431 -0.5516
vn 0.7113 -0.4327 -0.5539
vn 0.7071 -0.4079 -0.5776
vn 0.7067 -0.3710 -0.6025
vn 0.7111 -0.3610 -0.6034
vn 0.7070 -0.3327 -0.6240
vn 0.7067 -0.2930 -0.6440
vn 0.7109 -0.2836 -0.6436
vn 0.7070 -0.2524 -0.6607
vn 0.7067 -0.2105 -0.6755
vn 0.7106 -0.2018 -0.6740
vn 0.7071 -0.1681 -0.6869
vn 0.7067 -0.1248 -0.6965
vn 0.7104 -0.1168 -0.6940
vn 0.7070 -0.0813 -0.7025
vn 0.7066 -0.0370 -0.7066
vn 0.7102 -0.0300 -0.7034
vn 0.7069 0.0069 -0.7072
vn 0.7066 0.0513 -0.7057
vn 0.7099 0.0573 -0.7020
vn 0.7071 0.0949 -0.7007
vn 0.7066 0.1388 -0.6939
vn 0.7097 0.1438 -0.6897
vn 0.7071 0.1815 -0.6834
vn 0.7066 0.2242 -0.6712
vn 0.7094 0.2282 -0.6668
vn 0.7072 0.2651 -0.6554
vn 0.7065 0.3060 -0.6381
vn 0.7091 0.3091 -0.6337
vn 0.7071 0.3447 -0.6174
vn 0.7066 0.3831 -0.5950
vn 0.7088 0.3853 -0.5908
vn 0.7071 0.4189 -0.5697
vn 0.7065 0.4543 -0.5426
vn 0.7085 0.4557 -0.5388
vn 0.7072 0.4866 -0.5130
vn 0.7065 0.5183 -0.4818
vn 0.7083 0.5191 -0.4784
vn 0.7072 0.5466 -0.4484
vn 0.7065 0.5743 -0.4135
vn 0.7079 0.5746 -0.4107
vn 0.7071 0.5983 -0.3769
vn 0.7065 0.6214 -0.3388
vn 0.7076 0.6213 -0.3365
vn 0.7069 0.6405 -0.3001
vn 0.7065 0.6587 -0.2587
vn 0.7073 0.6585 -0.2571
vn 0.7072 0.6729 -0.2170
vn 0.7064 0.6859 -0.1747
vn 0.7069 0.6856 -0.1738
vn 0.7072 0.6948 -0.1306
vn 0.7064 0.7024 -0.0876
vn 0.7064 0.7023 -0.0876
vn 0.7064 0.7078 -0.0000
vn 0.7064 0.7023 0.0876
vn 0.7064 0.7024 0.0876
vn 0.7071 0.6948 0.1309
vn 0.7069 0.6856 0.1738
vn 0.7064 0.6859 0.1747
vn 0.7073 0.6728 0.2170
vn 0.7073 0.6585 0.2571
vn 0.7065 0.6587 0.2587
vn 0.7070 0.6405 0.2998
vn 0.7076 0.6213 0.3365
vn 0.7065 0.6214 0.3388
vn 0.7071 0.5983 0.3770
vn 0.7079 0.5746 0.4107
vn 0.7065 0.5743 0.4135
vn 0.7071 0.5467 0.4485
vn 0.7083 0.5191 0.4784
vn 0.7065 0.5183 0.4818
vn 0.7071 0.4866 0.5130
vn 0.7086 0.4557 0.5388
vn 0.7065 0.4543 0.5426
vn 0.7071 0.4189 0.5697
vn 0.7088 0.3853 0.5908
vn 0.7065 0.3831 0.5950
vn 0.7071 0.3447 0.6174
vn 0.7091 0.3091 0.6337
vn 0.7065 0.3060 0.6381
vn 0.7073 0.2651 0.6554
vn 0.7094 0.2282 0.6669
vn 0.7066 0.2242 0.6712
vn 0.7072 0.1814 0.6833
vn 0.7097 0.1438 0.6897
vn 0.7066 0.1388 0.6939
vn 0.7071 0.0949 0.7007
vn 0.7099 0.0573 0.7020
vn 0.7066 0.0513 0.7057
vn 0.7070 0.0069 0.7072
vn 0.7102 -0.0300 0.7034
vn 0.7066 -0.0370 0.7066
vn 0.7070 -0.0813 0.7025
vn 0.7104 -0.1168 0.6940
vn 0.7066 -0.1248 0.6965
vn 0.7071 -0.1681 0.6869
vn 0.7107 -0.2018 0.6740
vn 0.7067 -0.2105 0.6755
vn 0.7070 -0.2524 0.6607
vn 0.7109 -0.2836 0.6436
vn 0.7067 -0.2930 0.6440
vn 0.7070 -0.3327 0.6240
vn 0.7111 -0.3609 0.6034
vn 0.7067 -0.3710 0.6025
vn 0.7071 -0.4079 0.5776
vn 0.7113 -0.4327 0.5539
vn 0.7067 -0.4431 0.5516
vn 0.7071 -0.4766 0.5224
vn 0.7115 -0.4978 0.4959
vn 0.7067 -0.5084 0.4920
vn 0.7070 -0.5380 0.4590
vn 0.7117 -0.5553 0.4304
vn 0.7067 -0.5657 0.4249
vn 0.7071 -0.5910 0.3884
vn 0.7118 -0.6041 0.3583
vn 0.7067 -0.6142 0.3511
vn 0.7273 -0.6161 0.3025
vn 0.7070 -0.6490 0.2810
vn 0.5234 -0.7882 -0.3238
vn 0.1008 -0.8260 -0.5545
vn 0.6690 -0.7413 -0.0542
vn 0.6309 -0.7597 -0.1578
vn 0.5834 -0.7748 -0.2434
vn 0.4510 -0.8000 -0.3958
vn 0.3582 -0.8104 -0.4636
vn 0.1974 -0.8215 -0.5350
vn 0.2364 -0.8222 -0.5178
vn 0.2380 -0.8191 -0.5220
vn 0.0267 -0.8269 -0.5617
vn 0.0850 -0.8280 -0.5543
vn 0.0858 -0.8241 -0.5599
vn 0.2744 -0.8182 -0.5053
vn 0.3193 -0.8147 -0.4841
vn 0.3563 -0.8124 -0.4616
vn 0.3788 -0.8084 -0.4506
vn 0.4501 -0.8008 -0.3951
vn 0.4611 -0.7982 -0.3877
vn 0.5228 -0.7890 -0.3229
vn 0.5354 -0.7852 -0.3110
vn 0.5824 -0.7758 -0.2430
vn 0.5991 -0.7696 -0.2210
vn 0.6294 -0.7611 -0.1568
vn 0.6491 -0.7514 -0.1185
vn 0.6667 -0.7433 -0.0546
vn 0.6741 -0.7380 -0.0320
vn 0.2071 -0.8203 0.5331
vn 0.6280 -0.7606 0.1648
vn 0.6679 -0.7420 0.0585
vn 0.5191 -0.7892 0.3283
vn 0.4336 -0.8043 0.4064
vn 0.4361 -0.8012 0.4098
vn 0.5756 -0.7768 0.2554
vn 0.0642 -0.8254 0.5609
vn 0.0639 -0.8279 0.5572
vn 0.0266 -0.8269 0.5617
vn 0.3319 -0.8131 0.4782
vn 0.6679 -0.7419 0.0584
vn 0.6717 -0.7401 0.0323
vn 0.6343 -0.7551 0.1655
vn 0.6447 -0.7553 0.1177
vn 0.5808 -0.7720 0.2581
vn 0.5961 -0.7723 0.2197
vn 0.5215 -0.7866 0.3307
vn 0.5341 -0.7864 0.3104
vn 0.4611 -0.7982 0.3876
vn 0.3990 -0.8072 0.4350
vn 0.3561 -0.8116 0.4632
vn 0.3300 -0.8149 0.4765
vn 0.2907 -0.8157 0.5002
vn 0.2051 -0.8234 0.5290
vn 0.1967 -0.8228 0.5331
vn 0.1017 -0.8248 0.5562
vn -0.0000 -0.8272 -0.5619
vn -0.0000 -0.8272 -0.5620
vn -0.0000 -0.8272 0.5620
vn -0.0000 -0.8272 0.5619
vn 0.6849 -0.7195 -0.1150
vn 0.7067 -0.7031 0.0781
vn 0.7443 -0.6668 -0.0385
vn 0.5274 -0.7623 -0.3751
vn 0.5762 -0.7481 -0.3291
vn 0.6521 -0.7184 -0.2423
vn 0.5977 -0.7490 -0.2859
vn 0.5723 -0.7544 -0.3216
vn 0.6129 -0.7308 -0.3005
vn 0.5643 -0.7534 -0.3375
vn 0.3458 -0.8029 -0.4856
vn 0.3886 -0.7904 -0.4736
vn 0.2562 -0.8143 -0.5208
vn 0.3281 -0.7962 -0.5084
vn 0.4930 -0.7763 -0.3929
vn 0.5178 -0.7641 -0.3849
vn 0.4250 -0.7900 -0.4419
vn 0.4951 -0.7638 -0.4141
vn 0.4492 -0.7800 -0.4358
vn 0.7141 -0.6989 0.0391
vn 0.7051 -0.6843 0.1860
vn 0.6724 -0.7273 -0.1374
vn 0.7362 -0.6703 -0.0931
vn 0.7049 -0.6975 -0.1286
vn 0.7370 -0.6748 0.0397
vn 0.7303 -0.6828 0.0196
vn 0.7124 -0.7010 0.0327
vn 0.7142 -0.6929 0.0991
vn 0.7227 -0.6844 0.0963
vn 0.7205 -0.6860 0.1012
vn 0.7074 -0.7054 0.0436
vn 0.7654 -0.6364 0.0962
vn 0.7462 -0.6625 0.0649
vn 0.7100 -0.7008 -0.0696
vn 0.7028 -0.7087 -0.0626
vn 0.7238 -0.6900 -0.0019
vn 0.7188 -0.6952 0.0008
vn 0.7039 -0.7100 -0.0211
vn 0.0788 -0.8246 -0.5602
vn 0.0534 -0.8282 -0.5579
vn 0.1973 -0.8152 -0.5446
vn 0.1573 -0.8226 -0.5465
vn 0.2712 -0.8093 -0.5210
vn 0.3083 -0.8018 -0.5119
vn 0.0534 -0.8259 -0.5613
vn 0.0382 -0.8281 -0.5593
vn 0.1581 -0.8188 -0.5519
vn 0.1488 -0.8209 -0.5513
vn 0.2558 -0.8140 -0.5216
vn 0.2502 -0.8151 -0.5225
vn 0.3467 -0.7998 -0.4900
vn 0.3150 -0.8091 -0.4961
vn 0.4275 -0.7837 -0.4506
vn 0.4033 -0.7929 -0.4568
vn 0.4945 -0.7737 -0.3960
vn 0.5612 -0.7451 -0.3603
vn 0.5510 -0.7622 -0.3397
vn 0.6231 -0.7332 -0.2722
vn 0.6184 -0.7402 -0.2640
vn 0.6657 -0.7188 -0.2005
vn 0.6984 -0.7086 -0.1007
vn 0.7045 -0.7017 -0.1062
vn 0.6484 -0.7343 -0.2008
vn 0.7062 -0.6844 -0.1814
vn 0.6602 -0.7199 -0.2142
vn 0.6564 -0.7251 -0.2084
vn 0.6841 -0.7058 -0.1842
vn 0.4972 -0.7789 -0.3822
vn 0.5649 -0.7569 -0.3286
vn 0.5980 -0.7485 -0.2865
vn 0.6015 -0.7471 -0.2828
vn 0.6528 -0.7288 -0.2066
vn 0.6353 -0.7401 -0.2204
vn 0.6641 -0.7267 -0.1757
vn 0.7126 -0.7008 -0.0333
vn 0.4903 -0.7729 0.4028
vn 0.7242 -0.6865 0.0653
vn 0.7088 -0.7054 -0.0064
vn 0.7124 -0.7014 0.0230
vn 0.6862 -0.7186 0.1127
vn 0.6971 -0.7099 0.1001
vn 0.6825 -0.7122 0.1643
vn 0.6653 -0.7260 0.1740
vn 0.6480 -0.7345 0.2012
vn 0.6591 -0.7206 0.2152
vn 0.7374 -0.6740 -0.0445
vn 0.7488 -0.6593 -0.0680
vn 0.7248 -0.6882 -0.0319
vn 0.7156 -0.6945 0.0754
vn 0.7252 -0.6885 0.0076
vn 0.7306 -0.6825 -0.0189
vn 0.2040 -0.8189 0.5364
vn 0.1571 -0.8206 0.5494
vn 0.1006 -0.8265 0.5539
vn 0.0528 -0.8255 0.5619
vn 0.0139 -0.8267 0.5625
vn 0.6599 -0.7200 0.2148
vn 0.6597 -0.7202 0.2150
vn 0.6183 -0.7406 0.2633
vn 0.6017 -0.7429 0.2934
vn 0.5719 -0.7549 0.3210
vn 0.5540 -0.7564 0.3478
vn 0.4924 -0.7765 0.3932
vn 0.3937 -0.7944 0.4626
vn 0.3458 -0.7998 0.4907
vn 0.3289 -0.8035 0.4962
vn 0.2542 -0.8133 0.5234
vn 0.3163 -0.8002 0.5096
vn 0.2732 -0.8089 0.5206
vn 0.0645 -0.8255 0.5607
vn 0.0533 -0.8239 0.5642
vn 0.1602 -0.8227 0.5454
vn 0.1567 -0.8225 0.5468
vn 0.2244 -0.8163 0.5322
vn 0.2548 -0.8150 0.5205
vn 0.3182 -0.8033 0.5034
vn 0.3444 -0.8028 0.4867
vn 0.4279 -0.7869 0.4447
vn 0.7248 -0.6780 -0.1228
vn 0.7334 -0.6571 -0.1741
vn 0.7069 -0.6949 -0.1316
vn 0.7067 -0.7032 -0.0781
vn 0.7142 -0.6929 -0.0991
vn 0.7226 -0.6845 -0.0962
vn 0.7082 -0.7060 -0.0067
vn 0.7329 -0.6798 -0.0267
vn 0.6903 -0.7174 0.0941
vn 0.7191 -0.6904 0.0788
vn 0.6806 -0.7175 0.1483
vn 0.6835 -0.7140 0.1517
vn 0.7108 -0.6927 0.1219
vn 0.5346 -0.7577 0.3743
vn 0.5693 -0.7428 0.3523
vn 0.4927 -0.7761 0.3935
vn 0.5841 -0.7452 0.3219
vn 0.5756 -0.7483 0.3296
vn 0.6137 -0.7384 0.2796
vn 0.6227 -0.7337 0.2718
vn 0.6521 -0.7243 0.2237
vn 0.6647 -0.7166 0.2111
vn 0.4594 -0.7764 0.4315
vn 0.4257 -0.7869 0.4467
vn 0.4253 -0.7870 0.4469
vn 0.4930 -0.7758 0.3938
vn 0.5227 -0.7653 0.3756
vn 0.5504 -0.7621 0.3409
vn 0.5734 -0.7549 0.3183
vn 0.5980 -0.7487 0.2863
vn 0.6056 -0.7452 0.2791
vn 0.6423 -0.7342 0.2200
vn 0.7066 -0.7034 -0.0765
vn 0.7067 -0.7032 -0.0782
vn 0.7384 -0.6732 -0.0401
vn 0.7384 -0.6732 0.0401
vn 0.7067 -0.7032 0.0782
vn 0.7067 -0.7034 -0.0765
vn 0.7065 -0.7077 -0.0000
vn 0.7066 -0.7034 0.0765
vn 0.7067 -0.7034 0.0765
vn -0.0004 -0.9756 0.2194
vn -0.0000 -0.9588 0.2839
vn -0.0000 -0.9377 0.3474
vn -0.0006 -0.9227 0.3854
vn -0.0000 -0.9039 0.4278
vn -0.0000 -0.8733 0.4873
vn -0.0005 -0.8418 0.5398
vn -0.0000 -0.8275 0.5615
vn -0.0000 -0.7352 0.6778
vn -0.0021 -0.7884 0.6152
vn -0.0004 -0.7415 0.6710
vn -0.0000 -0.6842 0.7293
vn -0.0000 -0.6341 0.7733
vn -0.0005 -0.6064 0.7952
vn -0.0000 -0.5642 0.8256
vn -0.0000 -0.5079 0.8614
vn -0.0005 -0.4591 0.8884
vn -0.0000 -0.4308 0.9024
vn -0.0000 -0.2979 0.9546
vn -0.0020 -0.3695 0.9292
vn -0.0002 -0.2961 0.9552
vn -0.0000 -0.2226 0.9749
vn -0.0000 -0.1570 0.9876
vn -0.0005 -0.1275 0.9918
vn -0.0000 -0.0703 0.9975
vn -0.0000 -0.0035 1.0000
vn -0.0006 0.0466 0.9989
vn -0.0000 0.0837 0.9965
vn -0.0000 0.2194 0.9756
vn -0.0018 0.1500 0.9887
vn -0.0001 0.2320 0.9727
vn -0.0000 0.2996 0.9541
vn -0.0000 0.3631 0.9318
vn -0.0005 0.3854 0.9227
vn -0.0000 0.4428 0.8966
vn -0.0000 0.5018 0.8650
vn -0.0006 0.5398 0.8418
vn -0.0000 0.5753 0.8180
vn -0.0000 0.6286 0.7777
vn -0.0004 0.6778 0.7352
vn -0.0000 0.6940 0.7200
vn -0.0000 0.7952 0.6064
vn -0.0022 0.7396 0.6731
vn -0.0005 0.7849 0.6196
vn -0.0000 0.8350 0.5503
vn -0.0000 0.8698 0.4934
vn -0.0006 0.8884 0.4591
vn -0.0000 0.9095 0.4157
vn -0.0000 0.9353 0.3540
vn -0.0005 0.9546 0.2978
vn -0.0000 0.9626 0.2711
vn -0.0000 0.9918 0.1275
vn -0.0020 0.9785 0.2065
vn -0.0003 0.9911 0.1331
vn -0.0000 0.9986 0.0534
vn -0.0000 0.9999 -0.0132
vn -0.0005 0.9989 -0.0466
vn -0.0000 0.9950 -0.1002
vn -0.0000 0.9860 -0.1667
vn -0.0005 0.9756 -0.2194
vn -0.0000 0.9678 -0.2518
vn -0.0000 0.9227 -0.3854
vn -0.0020 0.9488 -0.3158
vn -0.0002 0.9205 -0.3906
vn -0.0000 0.8893 -0.4573
vn -0.0000 0.8565 -0.5162
vn -0.0005 0.8418 -0.5398
vn -0.0000 0.7083 -0.7059
vn -0.0006 0.7352 -0.6778
vn -0.0000 0.7671 -0.6415
vn -0.0000 0.8083 -0.5888
vn -0.0000 0.6596 -0.7516
vn -0.0005 0.5930 -0.8052
vn -0.0000 0.6064 -0.7952
vn -0.0000 0.5352 -0.8447
vn -0.0000 0.4788 -0.8779
vn -0.0004 0.4591 -0.8884
vn -0.0000 0.4005 -0.9163
vn -0.0000 0.3383 -0.9410
vn -0.0006 0.2978 -0.9546
vn -0.0000 0.2550 -0.9669
vn -0.0000 0.1899 -0.9818
vn -0.0005 0.1276 -0.9918
vn -0.0000 0.1036 -0.9946
vn -0.0000 -0.0466 -0.9989
vn -0.0022 0.0370 -0.9993
vn -0.0004 -0.0336 -0.9994
vn -0.0000 -0.1169 -0.9931
vn -0.0000 -0.1830 -0.9831
vn -0.0006 -0.2194 -0.9756
vn -0.0000 -0.2680 -0.9634
vn -0.0000 -0.3317 -0.9434
vn -0.0005 -0.3854 -0.9227
vn -0.0000 -0.4127 -0.9109
vn -0.0000 -0.5398 -0.8418
vn -0.0020 -0.4727 -0.8812
vn -0.0003 -0.5383 -0.8428
vn -0.0000 -0.6022 -0.7984
vn -0.0000 -0.6542 -0.7563
vn -0.0005 -0.6778 -0.7352
vn -0.0000 -0.7177 -0.6963
vn -0.0000 -0.7625 -0.6469
vn -0.0005 -0.7952 -0.6064
vn -0.0000 -0.8161 -0.5779
vn -0.0000 -0.8884 -0.4591
vn -0.0019 -0.8527 -0.5223
vn -0.0001 -0.8926 -0.4508
vn -0.0000 -0.9230 -0.3849
vn -0.0000 -0.9465 -0.3226
vn -0.0005 -0.9546 -0.2978
vn -0.0000 -0.9711 -0.2387
vn -0.0000 -0.9848 -0.1736
vn -0.0006 -0.9918 -0.1275
vn -0.0000 -0.9962 -0.0868
vn -0.0000 -0.9998 -0.0205
vn -0.0004 -0.9989 0.0466
vn -0.0000 -0.9977 0.0670
vn -0.0000 -0.9799 0.1994
vn -0.7069 -0.5077 -0.4925
vn -0.7069 0.5717 -0.4164
vn -0.7069 0.7038 -0.0707
vn -0.7069 -0.0497 0.7055
vn -0.7048 -0.6652 0.2466
vn -0.7063 -0.6687 0.2323
vn -0.7069 -0.6394 0.3024
vn -0.7056 -0.6324 0.3198
vn -0.7069 -0.4839 0.5158
vn -0.7063 -0.5249 0.4750
vn -0.7067 -0.5582 0.4348
vn -0.7061 -0.5837 0.4009
vn -0.7065 -0.5857 0.3974
vn -0.7069 -0.6177 0.3446
vn -0.7052 -0.4496 0.5483
vn -0.7063 -0.4569 0.5407
vn -0.7070 -0.3990 0.5840
vn -0.7055 -0.3812 0.5974
vn -0.7069 -0.3592 0.6093
vn -0.7066 -0.3049 0.6386
vn -0.7059 -0.2980 0.6426
vn -0.7065 -0.2615 0.6576
vn -0.7063 -0.2096 0.6762
vn -0.7065 -0.2095 0.6760
vn -0.7063 -0.1176 0.6981
vn -0.7057 -0.1112 0.6997
vn -0.7064 -0.1576 0.6900
vn -0.7040 -0.0025 0.7102
vn -0.7063 -0.0235 0.7075
vn -0.7065 0.0592 0.7053
vn -0.7058 0.0711 0.7049
vn -0.7073 0.1060 0.6989
vn -0.7063 0.1643 0.6886
vn -0.7063 0.2546 0.6606
vn -0.7060 0.2572 0.6599
vn -0.7071 0.2119 0.6746
vn -0.7055 0.4205 0.5704
vn -0.7068 0.4070 0.5786
vn -0.7063 0.3403 0.6207
vn -0.7045 0.3561 0.6138
vn -0.7071 0.3131 0.6341
vn -0.6987 0.5291 0.4815
vn -0.7064 0.4912 0.5096
vn -0.7071 0.4445 0.5499
vn -0.7069 0.5906 0.3892
vn -0.7063 0.5556 0.4386
vn -0.7063 0.5557 0.4386
vn -0.7063 0.4922 0.5088
vn -0.7050 0.6168 0.3499
vn -0.7063 0.6092 0.3606
vn -0.7068 0.6434 0.2941
vn -0.7056 0.6525 0.2765
vn -0.7070 0.6614 0.2503
vn -0.7065 0.6812 0.1919
vn -0.7060 0.6831 0.1870
vn -0.7070 0.6918 0.1467
vn -0.7063 0.7016 0.0942
vn -0.7063 0.7016 0.0941
vn -0.7063 0.7079 -0.0002
vn -0.7054 0.7088 -0.0094
vn -0.7070 0.7061 0.0381
vn -0.7037 0.7005 -0.1184
vn -0.7063 0.7015 -0.0945
vn -0.7066 0.6848 -0.1782
vn -0.7058 0.6832 -0.1873
vn -0.7074 0.6709 -0.2225
vn -0.7063 0.6516 -0.2765
vn -0.7063 0.6517 -0.2765
vn -0.7064 0.6090 -0.3609
vn -0.7057 0.6068 -0.3658
vn -0.7071 0.6289 -0.3234
vn -0.7042 0.5446 -0.4555
vn -0.7063 0.5555 -0.4388
vn -0.7066 0.5012 -0.4995
vn -0.7057 0.4924 -0.5094
vn -0.7072 0.4663 -0.5314
vn -0.7063 0.4198 -0.5700
vn -0.7064 0.4198 -0.5700
vn -0.7064 0.3401 -0.6208
vn -0.7061 0.3390 -0.6217
vn -0.7064 0.3791 -0.5977
vn -0.7055 0.1641 -0.6894
vn -0.7068 0.1804 -0.6840
vn -0.7063 0.2543 -0.6606
vn -0.7047 0.2400 -0.6677
vn -0.7070 0.2833 -0.6480
vn -0.7074 -0.0826 -0.7019
vn -0.7063 -0.0238 -0.7076
vn -0.7063 -0.0238 -0.7075
vn -0.7067 0.0262 -0.7070
vn -0.7061 0.0707 -0.7045
vn -0.7064 0.0733 -0.7040
vn -0.7072 0.1342 -0.6941
vn -0.7049 -0.1298 -0.6973
vn -0.7063 -0.1179 -0.6980
vn -0.7070 -0.1895 -0.6814
vn -0.7055 -0.2101 -0.6768
vn -0.7068 -0.2346 -0.6674
vn -0.7065 -0.2921 -0.6446
vn -0.7060 -0.2983 -0.6424
vn -0.7070 -0.3343 -0.6232
vn -0.7063 -0.3810 -0.5966
vn -0.7063 -0.3811 -0.5966
vn -0.7063 -0.4571 -0.5405
vn -0.7056 -0.4637 -0.5359
vn -0.7069 -0.4257 -0.5648
vn -0.7039 -0.5416 -0.4596
vn -0.7063 -0.5251 -0.4747
vn -0.7066 -0.5774 -0.4089
vn -0.7057 -0.5842 -0.4008
vn -0.7072 -0.6028 -0.3696
vn -0.7063 -0.6319 -0.3191
vn -0.7063 -0.6688 -0.2321
vn -0.7059 -0.6704 -0.2285
vn -0.7071 -0.6527 -0.2720
vn -0.7071 -0.6780 0.2008
vn -0.7063 -0.6937 0.1412
vn -0.7063 -0.6937 0.1411
vn -0.7063 -0.7063 0.0474
vn -0.7063 -0.7063 0.0475
vn -0.7070 -0.7071 -0.0145
vn -0.7057 -0.7070 -0.0472
vn -0.7067 -0.7048 -0.0615
vn -0.7063 -0.6937 -0.1409
vn -0.7044 -0.6991 -0.1231
vn -0.7070 -0.6867 -0.1689
vn -0.0000 -0.9977 0.0671
vn -0.0000 -0.9978 -0.0666
vn -0.0000 -0.9800 -0.1990
vn -0.0000 -0.9447 -0.3278
vn -0.0000 -0.8926 -0.4508
vn -0.0000 -0.8245 -0.5658
vn -0.0000 -0.8246 -0.5657
vn -0.0000 -0.7418 -0.6706
vn -0.0000 -0.6458 -0.7635
vn -0.0000 -0.5383 -0.8428
vn -0.0000 -0.4211 -0.9070
vn -0.0000 -0.2965 -0.9550
vn -0.0000 -0.2964 -0.9551
vn -0.0000 -0.1665 -0.9860
vn -0.0000 -0.0336 -0.9994
vn -0.0000 0.0999 -0.9950
vn -0.0000 0.2316 -0.9728
vn -0.0000 0.3592 -0.9333
vn -0.0000 0.4804 -0.8771
vn -0.0000 0.5930 -0.8052
vn -0.0000 0.6950 -0.7190
vn -0.0000 0.7847 -0.6199
vn -0.0000 0.8603 -0.5098
vn -0.0000 0.9206 -0.3906
vn -0.0000 0.9644 -0.2644
vn -0.0000 0.9910 -0.1335
vn -0.0000 1.0000 -0.0002
vn -0.0000 0.9911 0.1331
vn -0.0000 0.9645 0.2640
vn -0.0000 0.9207 0.3902
vn -0.0000 0.8605 0.5095
vn -0.0000 0.7850 0.6195
vn -0.0000 0.7849 0.6196
vn -0.0000 0.6953 0.7187
vn -0.0000 0.5934 0.8049
vn -0.0000 0.4808 0.8768
vn -0.0000 0.4807 0.8769
vn -0.0000 0.3596 0.9331
vn -0.0000 0.2320 0.9727
vn -0.0000 0.1003 0.9950
vn -0.0000 -0.0332 0.9994
vn -0.0000 -0.1661 0.9861
vn -0.0000 -0.2961 0.9552
vn -0.0000 -0.4207 0.9072
vn -0.0000 -0.5379 0.8430
vn -0.0000 -0.6455 0.7638
vn -0.0000 -0.7415 0.6709
vn -0.0000 -0.7415 0.6710
vn -0.0000 -0.8243 0.5661
vn -0.0000 -0.8924 0.4512
vn -0.0000 -0.9446 0.3282
vn -0.7057 -0.7077 0.0330
vn -0.7058 -0.7026 -0.0903
vn -0.7057 -0.7027 -0.0904
vn -0.7058 -0.6762 -0.2110
vn -0.7058 -0.6763 -0.2110
vn -0.7057 -0.6294 -0.3252
vn -0.7059 -0.6293 -0.3252
vn -0.7057 -0.5634 -0.4296
vn -0.7058 -0.5633 -0.4296
vn -0.7057 -0.4802 -0.5210
vn -0.7058 -0.4802 -0.5208
vn -0.7057 -0.3825 -0.5964
vn -0.7058 -0.2730 -0.6537
vn -0.7057 -0.2731 -0.6537
vn -0.7058 -0.1554 -0.6912
vn -0.7057 -0.1554 -0.6913
vn -0.7058 -0.0330 -0.7077
vn -0.7058 0.0904 -0.7026
vn -0.7056 0.2110 -0.6764
vn -0.7059 0.2110 -0.6762
vn -0.7057 0.3252 -0.6294
vn -0.7058 0.3252 -0.6293
vn -0.7058 0.4296 -0.5633
vn -0.7058 0.5209 -0.4802
vn -0.7058 0.5208 -0.4801
vn -0.7057 0.5964 -0.3825
vn -0.7058 0.5963 -0.3824
vn -0.7058 0.6537 -0.2729
vn -0.7057 0.6537 -0.2731
vn -0.7058 0.6911 -0.1554
vn -0.7058 0.6912 -0.1553
vn -0.7058 0.7077 -0.0331
vn -0.7058 0.7076 -0.0330
vn -0.7058 0.7026 0.0904
vn -0.7058 0.7026 0.0903
vn -0.7058 0.6763 0.2110
vn -0.7058 0.6294 0.3253
vn -0.7058 0.6293 0.3252
vn -0.7057 0.5634 0.4296
vn -0.7058 0.5634 0.4295
vn -0.7057 0.4802 0.5209
vn -0.7058 0.4802 0.5208
vn -0.7058 0.3824 0.5963
vn -0.7058 0.2730 0.6537
vn -0.7057 0.1554 0.6912
vn -0.7057 0.1554 0.6913
vn -0.7057 0.0330 0.7077
vn -0.7058 0.0330 0.7077
vn -0.7058 -0.0904 0.7026
vn -0.7058 -0.2110 0.6762
vn -0.7058 -0.2110 0.6763
vn -0.7058 -0.3252 0.6293
vn -0.7057 -0.3253 0.6294
vn -0.7057 -0.4296 0.5634
vn -0.7058 -0.4296 0.5633
vn -0.7058 -0.5209 0.4801
vn -0.7058 -0.5209 0.4802
vn -0.7059 -0.5962 0.3824
vn -0.7057 -0.5964 0.3825
vn -0.7057 -0.6537 0.2731
vn -0.7059 -0.6536 0.2730
vn -0.7057 -0.6912 0.1554
vn -0.0000 -0.1335 -0.9910
vn -0.0000 -0.9250 -0.3799
vn -0.0000 -0.7915 0.6111
vn -0.0000 0.1335 0.9910
vn -0.0000 0.9250 0.3799
vn -0.0000 0.7915 -0.6111
s 0
f 1//1 2//1 3//1
f 1//2 3//2 4//2
f 3//3 5//3 4//3
f 4//4 5//4 6//4
f 4//5 6//5 7//5
f 6//6 8//6 7//6
f 7//7 8//7 9//7
f 7//8 9//8 10//8
f 9//9 11//9 10//9
f 10//10 11//10 12//10
f 10//11 12//11 13//11
f 12//12 14//12 13//12
f 13//13 14//13 15//13
f 13//14 15//14 16//14
f 15//15 17//15 16//15
f 16//16 17//16 18//16
f 16//17 18//17 19//17
f 18//18 20//18 19//18
f 19//19 20//19 21//19
f 19//20 21//20 22//20
f 21//21 23//21 22//21
f 22//22 23//22 24//22
f 22//23 24//23 25//23
f 26//24 27//24 28//24
f 28//25 27//25 25//25
f 28//26 25//26 29//26
f 29//27 25//27 24//27
f 30//28 31//28 32//28
f 33//29 34//29 35//29
f 35//30 34//30 36//30
f 35//31 36//31 37//31
f 37//32 38//32 35//32
f 35//33 38//33 39//33
f 35//34 39//34 40//34
f 41//35 42//35 40//35
f 40//36 42//36 43//36
f 40//37 43//37 35//37
f 44//38 45//38 46//38
f 46//39 45//39 47//39
f 46//40 47//40 48//40
f 49//41 50//41 51//41
f 51//42 50//42 52//42
f 51//43 52//43 53//43
f 53//44 52//44 54//44
f 53//45 54//45 46//45
f 46//46 54//46 55//46
f 46//47 55//47 44//47
f 40//48 56//48 41//48
f 41//49 56//49 57//49
f 41//50 57//50 58//50
f 58//51 59//51 41//51
f 41//52 59//52 60//52
f 41//53 60//53 61//53
f 61//54 60//54 62//54
f 61//55 62//55 63//55
f 63//56 62//56 64//56
f 63//57 64//57 65//57
f 65//58 64//58 66//58
f 65//59 66//59 67//59
f 67//60 66//60 68//60
f 67//61 68//61 69//61
f 69//62 68//62 70//62
f 69//63 70//63 71//63
f 71//64 70//64 72//64
f 71//65 72//65 73//65
f 73//66 72//66 74//66
f 73//67 74//67 75//67
f 75//68 74//68 76//68
f 75//69 76//69 77//69
f 77//70 76//70 78//70
f 77//71 78//71 79//71
f 79//72 78//72 80//72
f 79//73 80//73 81//73
f 81//74 80//74 82//74
f 81//75 82//75 51//75
f 51//76 82//76 83//76
f 51//77 83//77 49//77
f 84//78 85//78 86//78
f 86//79 85//79 87//79
f 86//80 87//80 88//80
f 88//81 87//81 89//81
f 88//82 89//82 90//82
f 90//83 89//83 91//83
f 90//84 91//84 92//84
f 91//85 93//85 92//85
f 92//86 93//86 94//86
f 92//87 94//87 95//87
f 95//88 94//88 96//88
f 95//89 96//89 97//89
f 97//90 96//90 98//90
f 97//91 98//91 99//91
f 99//92 98//92 100//92
f 99//93 100//93 101//93
f 101//94 100//94 102//94
f 101//95 102//95 103//95
f 103//96 102//96 104//96
f 103//97 104//97 105//97
f 105//98 104//98 106//98
f 105//99 106//99 107//99
f 106//100 108//100 107//100
f 107//101 108//101 109//101
f 107//102 109//102 110//102
f 110//103 109//103 111//103
f 110//104 111//104 112//104
f 112//105 111//105 113//105
f 112//106 113//106 114//106
f 115//107 116//107 117//107
f 117//108 116//108 118//108
f 117//109 118//109 119//109
f 119//110 118//110 120//110
f 119//111 120//111 121//111
f 121//112 120//112 122//112
f 121//113 122//113 123//113
f 123//114 122//114 124//114
f 123//115 124//115 125//115
f 125//116 124//116 114//116
f 125//117 114//117 126//117
f 126//118 114//118 113//118
f 115//119 127//119 116//119
f 116//120 127//120 128//120
f 116//121 128//121 129//121
f 129//122 128//122 130//122
f 129//123 130//123 131//123
f 131//124 130//124 132//124
f 131//125 132//125 133//125
f 133//126 132//126 134//126
f 133//127 134//127 135//127
f 134//128 136//128 135//128
f 135//129 136//129 137//129
f 135//130 137//130 138//130
f 138//131 137//131 139//131
f 138//132 139//132 140//132
f 140//133 139//133 141//133
f 140//134 141//134 142//134
f 141//135 143//135 142//135
f 142//136 143//136 144//136
f 142//137 144//137 145//137
f 145//138 144//138 146//138
f 145//139 146//139 147//139
f 147//140 146//140 148//140
f 147//141 148//141 149//141
f 149//142 148//142 150//142
f 149//143 150//143 151//143
f 152//144 153//144 154//144
f 154//145 153//145 151//145
f 154//146 151//146 155//146
f 155//147 151//147 150//147
f 156//148 157//148 152//148
f 152//149 157//149 158//149
f 152//150 158//150 153//150
f 156//151 159//151 157//151
f 157//152 159//152 160//152
f 157//153 160//153 161//153
f 161//154 160//154 162//154
f 161//155 162//155 163//155
f 163//156 162//156 164//156
f 163//157 164//157 165//157
f 165//158 164//158 166//158
f 165//159 166//159 167//159
f 167//160 166//160 168//160
f 167//161 168//161 169//161
f 168//162 170//162 169//162
f 169//163 170//163 171//163
f 169//164 171//164 172//164
f 172//165 171//165 173//165
f 172//166 173//166 174//166
f 174//167 173//167 175//167
f 174//168 175//168 176//168
f 176//169 175//169 177//169
f 176//170 177//170 178//170
f 177//171 179//171 178//171
f 178//172 179//172 180//172
f 178//173 180//173 181//173
f 181//174 180//174 182//174
f 181//175 182//175 183//175
f 183//176 182//176 184//176
f 183//177 184//177 185//177
f 185//178 184//178 186//178
f 185//179 186//179 187//179
f 188//180 189//180 190//180
f 187//181 186//181 189//181
f 189//182 186//182 191//182
f 189//183 191//183 190//183
f 190//184 192//184 188//184
f 188//185 192//185 193//185
f 188//186 193//186 194//186
f 194//187 193//187 195//187
f 194//188 195//188 196//188
f 196//189 195//189 197//189
f 196//190 197//190 198//190
f 198//191 197//191 199//191
f 198//192 199//192 200//192
f 200//193 199//193 201//193
f 200//194 201//194 202//194
f 202//195 201//195 203//195
f 202//196 203//196 204//196
f 203//197 205//197 204//197
f 204//198 205//198 206//198
f 204//199 206//199 207//199
f 207//200 206//200 208//200
f 207//201 208//201 209//201
f 209//202 208//202 210//202
f 209//203 210//203 211//203
f 211//204 210//204 212//204
f 211//205 212//205 213//205
f 48//206 30//206 46//206
f 46//28 30//28 32//28
f 46//207 32//207 214//207
f 214//208 32//208 215//208
f 214//209 215//209 216//209
f 216//210 215//210 217//210
f 216//211 217//211 218//211
f 218//212 217//212 219//212
f 218//213 219//213 220//213
f 220//214 219//214 213//214
f 220//215 213//215 221//215
f 221//216 213//216 212//216
f 222//217 33//217 223//217
f 223//217 33//217 35//217
f 223//218 35//218 224//218
f 224//219 35//219 225//219
f 224//220 225//220 226//220
f 226//221 225//221 227//221
f 226//222 227//222 228//222
f 227//223 229//223 228//223
f 228//224 229//224 230//224
f 228//225 230//225 231//225
f 231//226 230//226 232//226
f 231//227 232//227 233//227
f 233//228 232//228 234//228
f 233//229 234//229 235//229
f 235//230 234//230 236//230
f 235//231 236//231 237//231
f 237//232 236//232 238//232
f 237//233 238//233 239//233
f 239//234 238//234 240//234
f 239//235 240//235 241//235
f 241//236 240//236 242//236
f 241//237 242//237 243//237
f 242//238 244//238 243//238
f 243//239 244//239 245//239
f 243//240 245//240 246//240
f 246//241 245//241 247//241
f 246//242 247//242 248//242
f 248//243 247//243 249//243
f 248//244 249//244 250//244
f 250//245 249//245 251//245
f 250//246 251//246 252//246
f 251//247 253//247 252//247
f 252//248 253//248 254//248
f 252//249 254//249 255//249
f 255//250 254//250 256//250
f 255//251 256//251 257//251
f 257//252 256//252 258//252
f 257//253 258//253 259//253
f 259//254 258//254 260//254
f 259//255 260//255 261//255
f 261//256 260//256 262//256
f 261//257 262//257 263//257
f 263//258 262//258 264//258
f 263//259 264//259 265//259
f 265//260 264//260 266//260
f 265//261 266//261 267//261
f 267//262 266//262 268//262
f 267//263 268//263 269//263
f 269//264 268//264 270//264
f 269//265 270//265 84//265
f 84//266 270//266 271//266
f 84//267 271//267 85//267
f 272//268 273//268 274//268
f 274//268 273//268 275//268
f 274//268 275//268 276//268
f 276//268 275//268 277//268
f 276//268 277//268 278//268
f 278//268 277//268 279//268
f 278//268 279//268 280//268
f 280//268 279//268 281//268
f 280//268 281//268 282//268
f 282//268 281//268 283//268
f 282//268 283//268 284//268
f 285//268 286//268 287//268
f 287//269 286//269 288//269
f 287//268 288//268 289//268
f 289//268 288//268 290//268
f 289//268 290//268 291//268
f 291//268 290//268 292//268
f 291//268 292//268 293//268
f 293//268 292//268 294//268
f 293//268 294//268 295//268
f 295//268 294//268 296//268
f 283//268 297//268 284//268
f 284//268 297//268 298//268
f 284//268 298//268 299//268
f 299//268 298//268 300//268
f 299//268 300//268 301//268
f 301//268 300//268 302//268
f 301//268 302//268 303//268
f 303//268 302//268 304//268
f 303//268 304//268 305//268
f 305//268 304//268 306//268
f 305//268 306//268 307//268
f 307//268 306//268 308//268
f 307//268 308//268 296//268
f 296//268 308//268 309//268
f 296//268 309//268 295//268
f 310//268 311//268 312//268
f 312//268 311//268 313//268
f 312//268 313//268 314//268
f 314//268 313//268 315//268
f 314//268 315//268 316//268
f 316//268 315//268 317//268
f 316//268 317//268 318//268
f 318//268 317//268 319//268
f 318//268 319//268 320//268
f 320//268 319//268 321//268
f 320//268 321//268 272//268
f 272//268 321//268 322//268
f 272//268 322//268 273//268
f 323//268 324//268 325//268
f 325//268 324//268 326//268
f 325//270 326//270 327//270
f 327//268 326//268 328//268
f 327//268 328//268 329//268
f 329//268 328//268 330//268
f 329//271 330//271 331//271
f 332//268 333//268 334//268
f 334//268 333//268 335//268
f 334//268 335//268 336//268
f 336//268 335//268 337//268
f 336//268 337//268 338//268
f 338//268 337//268 339//268
f 338//268 339//268 340//268
f 340//268 339//268 341//268
f 340//268 341//268 342//268
f 342//268 341//268 343//268
f 342//268 343//268 310//268
f 310//268 343//268 344//268
f 310//268 344//268 311//268
f 330//268 345//268 331//268
f 331//268 345//268 346//268
f 331//268 346//268 347//268
f 347//268 346//268 348//268
f 347//268 348//268 349//268
f 349//268 348//268 350//268
f 349//268 350//268 351//268
f 351//268 350//268 352//268
f 351//268 352//268 353//268
f 353//268 352//268 354//268
f 353//268 354//268 355//268
f 355//268 354//268 356//268
f 355//268 356//268 332//268
f 332//268 356//268 357//268
f 332//268 357//268 333//268
f 358//272 359//272 360//272
f 361//273 362//273 363//273
f 364//274 365//274 361//274
f 362//275 366//275 363//275
f 363//276 366//276 367//276
f 363//277 367//277 368//277
f 368//278 369//278 363//278
f 363//279 369//279 370//279
f 363//280 370//280 371//280
f 371//281 372//281 363//281
f 363//282 372//282 373//282
f 363//283 373//283 360//283
f 360//284 373//284 374//284
f 360//285 374//285 358//285
f 375//286 376//286 377//286
f 378//287 379//287 375//287
f 378//288 375//288 380//288
f 377//289 381//289 375//289
f 375//290 381//290 382//290
f 375//291 382//291 380//291
f 383//292 384//292 385//292
f 385//293 384//293 375//293
f 385//294 375//294 386//294
f 386//295 375//295 379//295
f 387//296 388//296 389//296
f 388//297 390//297 389//297
f 389//298 390//298 391//298
f 389//299 391//299 375//299
f 375//300 391//300 392//300
f 375//301 392//301 376//301
f 359//302 393//302 360//302
f 360//303 393//303 394//303
f 360//304 394//304 395//304
f 395//305 394//305 396//305
f 395//306 396//306 397//306
f 397//306 396//306 398//306
f 397//307 398//307 399//307
f 399//307 398//307 400//307
f 399//308 400//308 389//308
f 389//309 400//309 401//309
f 389//310 401//310 387//310
f 402//311 403//311 404//311
f 405//312 406//312 403//312
f 403//313 406//313 407//313
f 403//314 407//314 404//314
f 408//315 409//315 405//315
f 405//316 409//316 410//316
f 405//317 410//317 406//317
f 411//318 412//318 408//318
f 408//319 412//319 413//319
f 408//320 413//320 409//320
f 414//321 415//321 411//321
f 411//322 415//322 416//322
f 411//323 416//323 412//323
f 417//324 418//324 414//324
f 414//325 418//325 419//325
f 414//326 419//326 415//326
f 384//327 420//327 375//327
f 375//328 420//328 421//328
f 375//329 421//329 417//329
f 417//330 421//330 422//330
f 417//331 422//331 418//331
f 364//332 361//332 423//332
f 423//333 361//333 363//333
f 423//334 363//334 424//334
f 424//335 363//335 425//335
f 424//336 425//336 426//336
f 426//337 425//337 427//337
f 427//338 425//338 428//338
f 427//339 428//339 429//339
f 429//340 428//340 430//340
f 430//341 428//341 431//341
f 430//342 431//342 432//342
f 432//343 431//343 433//343
f 433//344 431//344 434//344
f 433//345 434//345 435//345
f 435//346 434//346 436//346
f 436//347 434//347 437//347
f 436//348 437//348 438//348
f 438//349 437//349 439//349
f 439//350 437//350 440//350
f 439//351 440//351 441//351
f 441//352 440//352 442//352
f 442//353 440//353 443//353
f 442//354 443//354 444//354
f 444//355 443//355 445//355
f 445//356 443//356 446//356
f 445//357 446//357 447//357
f 447//358 446//358 448//358
f 448//359 446//359 449//359
f 448//360 449//360 450//360
f 450//361 449//361 451//361
f 451//362 449//362 452//362
f 451//363 452//363 453//363
f 453//364 452//364 454//364
f 454//365 452//365 455//365
f 454//366 455//366 456//366
f 457//367 458//367 459//367
f 459//368 458//368 460//368
f 459//369 460//369 455//369
f 455//370 460//370 461//370
f 455//371 461//371 456//371
f 462//372 463//372 457//372
f 457//373 463//373 464//373
f 457//374 464//374 458//374
f 465//375 466//375 462//375
f 462//376 466//376 467//376
f 462//377 467//377 463//377
f 468//378 469//378 465//378
f 465//379 469//379 470//379
f 465//380 470//380 466//380
f 471//381 472//381 468//381
f 468//382 472//382 473//382
f 468//383 473//383 469//383
f 474//384 475//384 471//384
f 471//385 475//385 476//385
f 471//386 476//386 472//386
f 477//387 478//387 474//387
f 474//388 478//388 479//388
f 474//389 479//389 475//389
f 480//390 481//390 477//390
f 477//391 481//391 482//391
f 477//392 482//392 478//392
f 483//393 484//393 480//393
f 480//394 484//394 485//394
f 480//395 485//395 481//395
f 486//396 487//396 483//396
f 483//397 487//397 488//397
f 483//398 488//398 484//398
f 489//399 490//399 486//399
f 486//400 490//400 491//400
f 486//401 491//401 487//401
f 492//402 493//402 489//402
f 489//403 493//403 494//403
f 489//404 494//404 490//404
f 495//405 496//405 492//405
f 492//406 496//406 497//406
f 492//407 497//407 493//407
f 498//408 499//408 495//408
f 495//409 499//409 500//409
f 495//410 500//410 496//410
f 404//411 501//411 402//411
f 402//412 501//412 502//412
f 402//413 502//413 498//413
f 498//414 502//414 503//414
f 498//415 503//415 499//415
f 504//416 10//416 13//416
f 505//416 506//416 507//416
f 507//417 506//417 508//417
f 507//416 508//416 509//416
f 510//416 511//416 512//416
f 504//416 13//416 513//416
f 513//416 13//416 16//416
f 513//416 16//416 514//416
f 514//416 16//416 19//416
f 514//416 19//416 515//416
f 515//416 19//416 22//416
f 515//416 22//416 516//416
f 516//416 22//416 25//416
f 516//416 25//416 517//416
f 517//416 25//416 27//416
f 517//416 27//416 518//416
f 519//416 520//416 510//416
f 510//417 520//417 1//417
f 510//416 1//416 521//416
f 522//416 523//416 524//416
f 524//416 523//416 512//416
f 524//416 512//416 525//416
f 525//416 512//416 511//416
f 10//416 504//416 7//416
f 7//416 504//416 526//416
f 7//416 526//416 4//416
f 4//416 526//416 527//416
f 4//416 527//416 1//416
f 1//418 527//418 528//418
f 1//416 528//416 521//416
f 529//416 530//416 509//416
f 509//416 530//416 531//416
f 509//418 531//418 532//418
f 518//416 27//416 533//416
f 533//417 27//417 534//417
f 533//416 534//416 535//416
f 512//416 536//416 510//416
f 510//418 536//418 537//418
f 510//416 537//416 538//416
f 539//419 540//419 541//419
f 541//416 540//416 542//416
f 541//416 542//416 543//416
f 544//418 545//418 546//418
f 546//416 545//416 547//416
f 546//416 547//416 509//416
f 509//416 547//416 548//416
f 509//416 548//416 529//416
f 532//416 549//416 509//416
f 509//416 549//416 550//416
f 509//418 550//418 507//418
f 535//416 551//416 533//416
f 533//417 551//417 552//417
f 533//416 552//416 553//416
f 505//416 507//416 554//416
f 554//416 507//416 555//416
f 554//416 555//416 556//416
f 556//416 555//416 557//416
f 556//416 557//416 558//416
f 538//416 559//416 510//416
f 510//417 559//417 560//417
f 510//418 560//418 519//418
f 557//416 561//416 558//416
f 558//416 561//416 562//416
f 558//416 562//416 563//416
f 563//416 562//416 564//416
f 563//416 564//416 565//416
f 565//416 564//416 566//416
f 565//416 566//416 567//416
f 567//416 566//416 568//416
f 567//416 568//416 569//416
f 569//416 568//416 570//416
f 569//416 570//416 571//416
f 571//416 570//416 572//416
f 571//416 572//416 573//416
f 573//416 572//416 574//416
f 573//418 574//418 541//418
f 541//416 574//416 575//416
f 541//417 575//417 539//417
f 522//416 576//416 523//416
f 523//416 576//416 541//416
f 523//416 541//416 577//416
f 577//416 541//416 543//416
f 544//417 578//417 545//417
f 545//416 578//416 579//416
f 545//416 579//416 580//416
f 580//416 579//416 533//416
f 580//416 533//416 581//416
f 581//416 533//416 553//416
f 507//420 582//420 583//420
f 507//421 583//421 555//421
f 583//422 584//422 555//422
f 555//423 584//423 585//423
f 555//424 585//424 557//424
f 585//425 586//425 557//425
f 557//426 586//426 587//426
f 557//427 587//427 561//427
f 587//428 588//428 561//428
f 561//429 588//429 589//429
f 561//430 589//430 562//430
f 589//431 590//431 562//431
f 562//432 590//432 591//432
f 562//433 591//433 564//433
f 591//434 592//434 564//434
f 564//435 592//435 593//435
f 564//436 593//436 566//436
f 593//437 594//437 566//437
f 566//438 594//438 595//438
f 566//439 595//439 568//439
f 595//440 596//440 568//440
f 568//441 596//441 597//441
f 568//442 597//442 570//442
f 598//443 572//443 599//443
f 599//444 572//444 570//444
f 599//445 570//445 600//445
f 600//446 570//446 597//446
f 601//416 602//416 603//416
f 603//416 602//416 604//416
f 603//416 604//416 605//416
f 605//416 604//416 606//416
f 605//416 606//416 607//416
f 607//416 606//416 608//416
f 607//416 608//416 609//416
f 609//416 608//416 610//416
f 609//416 610//416 611//416
f 611//416 610//416 612//416
f 611//416 612//416 613//416
f 613//416 612//416 614//416
f 613//416 614//416 615//416
f 616//416 617//416 618//416
f 618//416 617//416 619//416
f 618//416 619//416 620//416
f 620//416 619//416 621//416
f 620//416 621//416 622//416
f 622//416 621//416 623//416
f 622//416 623//416 624//416
f 624//416 623//416 625//416
f 624//416 625//416 626//416
f 626//416 625//416 627//416
f 626//416 627//416 601//416
f 601//416 627//416 628//416
f 601//416 628//416 602//416
f 614//416 629//416 615//416
f 615//416 629//416 630//416
f 615//416 630//416 631//416
f 631//416 630//416 632//416
f 631//416 632//416 633//416
f 633//416 632//416 634//416
f 633//416 634//416 635//416
f 635//416 634//416 636//416
f 635//418 636//418 637//418
f 637//416 636//416 638//416
f 637//416 638//416 639//416
f 639//416 638//416 640//416
f 639//417 640//417 641//417
f 640//416 642//416 641//416
f 641//416 642//416 643//416
f 641//416 643//416 644//416
f 644//416 643//416 645//416
f 644//416 645//416 646//416
f 646//416 645//416 647//416
f 646//416 647//416 648//416
f 648//416 647//416 649//416
f 648//416 649//416 650//416
f 650//416 649//416 651//416
f 650//416 651//416 652//416
f 652//416 651//416 653//416
f 652//416 653//416 654//416
f 655//416 656//416 657//416
f 657//416 656//416 658//416
f 657//416 658//416 659//416
f 659//416 658//416 660//416
f 659//416 660//416 661//416
f 661//416 660//416 662//416
f 661//417 662//417 663//417
f 663//416 662//416 664//416
f 663//417 664//417 665//417
f 665//416 664//416 616//416
f 665//416 616//416 666//416
f 666//418 616//418 618//418
f 653//416 667//416 654//416
f 654//416 667//416 668//416
f 654//416 668//416 669//416
f 669//416 668//416 670//416
f 669//416 670//416 671//416
f 671//416 670//416 672//416
f 671//416 672//416 673//416
f 673//416 672//416 674//416
f 673//416 674//416 675//416
f 675//416 674//416 676//416
f 675//416 676//416 677//416
f 677//416 676//416 678//416
f 677//416 678//416 655//416
f 655//416 678//416 679//416
f 655//416 679//416 656//416
f 680//447 681//447 682//447
f 683//448 684//448 681//448
f 681//449 684//449 685//449
f 681//450 685//450 682//450
f 686//451 687//451 683//451
f 683//452 687//452 688//452
f 683//453 688//453 684//453
f 689//454 690//454 686//454
f 686//455 690//455 691//455
f 686//456 691//456 687//456
f 692//457 693//457 689//457
f 689//458 693//458 694//458
f 689//459 694//459 690//459
f 695//460 696//460 692//460
f 692//461 696//461 697//461
f 692//462 697//462 693//462
f 698//463 699//463 695//463
f 695//464 699//464 700//464
f 695//465 700//465 696//465
f 701//466 702//466 698//466
f 698//467 702//467 703//467
f 698//468 703//468 699//468
f 704//469 705//469 701//469
f 701//470 705//470 706//470
f 701//471 706//471 702//471
f 707//472 708//472 704//472
f 704//473 708//473 709//473
f 704//474 709//474 705//474
f 710//475 711//475 707//475
f 707//476 711//476 712//476
f 707//477 712//477 708//477
f 713//478 714//478 710//478
f 710//479 714//479 715//479
f 710//480 715//480 711//480
f 716//481 717//481 713//481
f 713//482 717//482 718//482
f 713//483 718//483 714//483
f 719//484 720//484 716//484
f 716//485 720//485 721//485
f 716//486 721//486 717//486
f 722//487 723//487 719//487
f 719//488 723//488 724//488
f 719//489 724//489 720//489
f 725//490 726//490 722//490
f 722//491 726//491 727//491
f 722//492 727//492 723//492
f 728//493 729//493 725//493
f 725//494 729//494 730//494
f 725//495 730//495 726//495
f 731//496 732//496 728//496
f 728//497 732//497 733//497
f 728//498 733//498 729//498
f 734//499 735//499 731//499
f 731//500 735//500 736//500
f 731//501 736//501 732//501
f 737//502 738//502 734//502
f 734//503 738//503 739//503
f 734//504 739//504 735//504
f 740//505 741//505 737//505
f 737//506 741//506 742//506
f 737//507 742//507 738//507
f 743//508 744//508 740//508
f 740//509 744//509 745//509
f 740//510 745//510 741//510
f 746//511 747//511 743//511
f 743//512 747//512 748//512
f 743//513 748//513 744//513
f 749//514 750//514 746//514
f 746//515 750//515 751//515
f 746//516 751//516 747//516
f 752//517 753//517 749//517
f 749//518 753//518 754//518
f 749//519 754//519 750//519
f 755//520 756//520 752//520
f 752//521 756//521 757//521
f 752//522 757//522 753//522
f 758//523 759//523 755//523
f 755//524 759//524 760//524
f 755//525 760//525 756//525
f 761//526 762//526 758//526
f 758//527 762//527 763//527
f 758//528 763//528 759//528
f 764//529 765//529 761//529
f 761//530 765//530 766//530
f 761//531 766//531 762//531
f 767//532 768//532 764//532
f 764//533 768//533 769//533
f 764//534 769//534 765//534
f 770//535 771//535 767//535
f 767//536 771//536 772//536
f 767//537 772//537 768//537
f 773//538 774//538 770//538
f 770//539 774//539 775//539
f 770//540 775//540 771//540
f 776//541 777//541 773//541
f 773//542 777//542 778//542
f 773//543 778//543 774//543
f 779//544 780//544 776//544
f 776//545 780//545 781//545
f 776//546 781//546 777//546
f 782//547 783//547 779//547
f 779//548 783//548 784//548
f 779//549 784//549 780//549
f 785//550 786//550 782//550
f 782//551 786//551 787//551
f 782//552 787//552 783//552
f 788//553 789//553 785//553
f 785//554 789//554 790//554
f 785//555 790//555 786//555
f 791//556 792//556 788//556
f 788//557 792//557 793//557
f 788//558 793//558 789//558
f 794//559 795//559 791//559
f 791//560 795//560 796//560
f 791//561 796//561 792//561
f 797//562 798//562 794//562
f 794//563 798//563 799//563
f 794//564 799//564 795//564
f 800//565 801//565 797//565
f 797//566 801//566 802//566
f 797//567 802//567 798//567
f 682//568 803//568 680//568
f 680//569 803//569 804//569
f 680//570 804//570 800//570
f 800//571 804//571 805//571
f 800//572 805//572 801//572
f 512//573 523//573 806//573
f 807//574 808//574 523//574
f 523//575 808//575 809//575
f 523//573 809//573 806//573
f 806//573 810//573 512//573
f 512//575 810//575 811//575
f 512//573 811//573 812//573
f 813//573 814//573 523//573
f 523//573 814//573 815//573
f 523//573 815//573 807//573
f 812//573 816//573 512//573
f 512//573 816//573 817//573
f 512//573 817//573 818//573
f 547//576 545//576 819//576
f 820//576 821//576 545//576
f 545//576 821//576 822//576
f 545//576 822//576 819//576
f 819//576 823//576 547//576
f 547//576 823//576 824//576
f 547//576 824//576 825//576
f 826//576 827//576 545//576
f 545//576 827//576 828//576
f 545//576 828//576 820//576
f 825//576 829//576 547//576
f 547//576 829//576 830//576
f 547//576 830//576 831//576
f 582//577 507//577 832//577
f 832//578 507//578 550//578
f 832//579 550//579 833//579
f 833//580 550//580 834//580
f 834//581 550//581 549//581
f 834//582 549//582 835//582
f 835//583 549//583 836//583
f 836//584 549//584 532//584
f 836//585 532//585 837//585
f 837//586 532//586 838//586
f 838//587 532//587 531//587
f 838//588 531//588 839//588
f 839//589 531//589 840//589
f 840//590 531//590 530//590
f 840//591 530//591 841//591
f 841//592 530//592 842//592
f 842//593 530//593 529//593
f 842//594 529//594 843//594
f 843//595 529//595 844//595
f 844//596 529//596 548//596
f 844//597 548//597 845//597
f 845//598 548//598 846//598
f 846//599 548//599 547//599
f 846//600 547//600 831//600
f 826//601 545//601 847//601
f 847//602 545//602 580//602
f 847//603 580//603 848//603
f 848//604 580//604 849//604
f 849//605 580//605 581//605
f 849//606 581//606 850//606
f 850//607 581//607 851//607
f 851//608 581//608 553//608
f 851//609 553//609 852//609
f 852//610 553//610 853//610
f 853//611 553//611 552//611
f 853//612 552//612 854//612
f 854//613 552//613 855//613
f 855//614 552//614 551//614
f 855//615 551//615 856//615
f 856//616 551//616 857//616
f 857//617 551//617 535//617
f 857//618 535//618 858//618
f 858//619 535//619 859//619
f 859//620 535//620 534//620
f 859//621 534//621 860//621
f 860//622 534//622 861//622
f 861//623 534//623 27//623
f 861//624 27//624 26//624
f 2//625 1//625 862//625
f 862//626 1//626 520//626
f 862//627 520//627 863//627
f 863//628 520//628 864//628
f 864//629 520//629 519//629
f 864//630 519//630 865//630
f 865//631 519//631 866//631
f 866//632 519//632 560//632
f 866//633 560//633 867//633
f 867//634 560//634 868//634
f 868//635 560//635 559//635
f 868//636 559//636 869//636
f 869//637 559//637 870//637
f 870//638 559//638 538//638
f 870//639 538//639 871//639
f 871//640 538//640 872//640
f 872//641 538//641 537//641
f 872//642 537//642 873//642
f 873//643 537//643 874//643
f 874//644 537//644 536//644
f 874//645 536//645 875//645
f 875//646 536//646 876//646
f 876//647 536//647 512//647
f 876//648 512//648 818//648
f 813//649 523//649 877//649
f 877//650 523//650 577//650
f 877//651 577//651 878//651
f 878//652 577//652 879//652
f 879//653 577//653 543//653
f 879//654 543//654 880//654
f 880//655 543//655 881//655
f 881//656 543//656 542//656
f 881//657 542//657 882//657
f 882//658 542//658 883//658
f 883//659 542//659 540//659
f 883//660 540//660 884//660
f 884//661 540//661 885//661
f 885//662 540//662 539//662
f 885//663 539//663 886//663
f 886//664 539//664 887//664
f 887//665 539//665 575//665
f 887//666 575//666 888//666
f 888//667 575//667 889//667
f 889//668 575//668 574//668
f 889//669 574//669 890//669
f 890//670 574//670 891//670
f 891//671 574//671 572//671
f 891//672 572//672 598//672
f 740//673 647//673 743//673
f 743//674 647//674 645//674
f 743//674 645//674 746//674
f 746//675 645//675 643//675
f 746//676 643//676 749//676
f 749//677 643//677 642//677
f 749//678 642//678 752//678
f 752//679 642//679 640//679
f 752//680 640//680 755//680
f 755//681 640//681 638//681
f 755//681 638//681 758//681
f 758//682 638//682 636//682
f 758//683 636//683 761//683
f 761//684 636//684 634//684
f 761//684 634//684 764//684
f 764//685 634//685 632//685
f 764//686 632//686 767//686
f 767//687 632//687 630//687
f 767//688 630//688 770//688
f 770//689 630//689 629//689
f 770//690 629//690 773//690
f 773//691 629//691 614//691
f 773//692 614//692 776//692
f 776//693 614//693 612//693
f 776//694 612//694 779//694
f 779//695 612//695 610//695
f 779//695 610//695 782//695
f 782//696 610//696 608//696
f 782//696 608//696 785//696
f 785//697 608//697 606//697
f 785//697 606//697 788//697
f 788//698 606//698 604//698
f 788//699 604//699 791//699
f 791//700 604//700 602//700
f 791//701 602//701 794//701
f 794//702 602//702 628//702
f 794//703 628//703 797//703
f 797//704 628//704 627//704
f 797//705 627//705 800//705
f 800//706 627//706 625//706
f 800//706 625//706 680//706
f 680//707 625//707 623//707
f 680//708 623//708 681//708
f 681//709 623//709 621//709
f 681//709 621//709 683//709
f 683//710 621//710 619//710
f 683//711 619//711 686//711
f 686//712 619//712 617//712
f 686//712 617//712 689//712
f 689//713 617//713 616//713
f 689//714 616//714 692//714
f 692//715 616//715 664//715
f 692//715 664//715 695//715
f 695//716 664//716 662//716
f 695//717 662//717 698//717
f 698//718 662//718 660//718
f 698//718 660//718 701//718
f 701//719 660//719 658//719
f 701//720 658//720 704//720
f 704//721 658//721 656//721
f 704//722 656//722 707//722
f 707//723 656//723 679//723
f 707//723 679//723 710//723
f 710//724 679//724 678//724
f 710//725 678//725 713//725
f 713//726 678//726 676//726
f 713//727 676//727 716//727
f 716//728 676//728 674//728
f 716//728 674//728 719//728
f 719//729 674//729 672//729
f 719//729 672//729 722//729
f 722//730 672//730 670//730
f 722//731 670//731 725//731
f 725//732 670//732 668//732
f 725//733 668//733 728//733
f 728//734 668//734 667//734
f 728//734 667//734 731//734
f 731//735 667//735 653//735
f 731//736 653//736 734//736
f 734//737 653//737 651//737
f 734//738 651//738 737//738
f 737//739 651//739 649//739
f 737//740 649//740 740//740
f 740//673 649//673 647//673
f 361//741 365//741 892//741
f 892//741 365//741 893//741
f 892//741 893//741 894//741
f 383//742 385//742 895//742
f 895//742 385//742 896//742
f 895//742 896//742 897//742
f 394//270 898//270 396//270
f 396//268 898//268 899//268
f 396//268 899//268 398//268
f 398//268 899//268 900//268
f 398//268 900//268 400//268
f 400//268 900//268 901//268
f 400//271 901//271 401//271
f 893//743 365//743 364//743
f 902//744 903//744 904//744
f 904//745 903//745 905//745
f 906//746 907//746 904//746
f 904//747 907//747 323//747
f 904//748 323//748 325//748
f 905//749 908//749 904//749
f 904//750 908//750 909//750
f 904//751 909//751 910//751
f 910//752 911//752 904//752
f 904//753 911//753 912//753
f 904//754 912//754 906//754
f 913//755 914//755 904//755
f 904//756 914//756 915//756
f 904//757 915//757 902//757
f 384//758 383//758 325//758
f 325//759 383//759 895//759
f 325//760 895//760 904//760
f 904//761 895//761 916//761
f 904//762 916//762 913//762
f 917//763 893//763 918//763
f 918//764 893//764 288//764
f 918//765 288//765 286//765
f 919//766 920//766 918//766
f 918//767 920//767 921//767
f 921//768 922//768 918//768
f 918//769 922//769 923//769
f 918//770 923//770 917//770
f 924//771 925//771 918//771
f 918//772 925//772 926//772
f 918//773 926//773 919//773
f 286//774 927//774 918//774
f 918//775 927//775 928//775
f 918//776 928//776 929//776
f 929//777 930//777 918//777
f 918//778 930//778 931//778
f 918//779 931//779 924//779
f 893//780 364//780 288//780
f 288//781 364//781 423//781
f 288//782 423//782 290//782
f 423//783 424//783 290//783
f 290//784 424//784 426//784
f 290//785 426//785 292//785
f 426//786 427//786 292//786
f 292//787 427//787 429//787
f 292//788 429//788 294//788
f 429//789 430//789 294//789
f 294//790 430//790 432//790
f 294//791 432//791 296//791
f 432//792 433//792 296//792
f 296//793 433//793 435//793
f 296//794 435//794 307//794
f 435//795 436//795 307//795
f 307//796 436//796 438//796
f 307//797 438//797 305//797
f 305//798 438//798 439//798
f 305//799 439//799 303//799
f 439//800 441//800 303//800
f 303//801 441//801 442//801
f 303//802 442//802 301//802
f 442//803 444//803 301//803
f 301//804 444//804 445//804
f 301//805 445//805 299//805
f 445//806 447//806 299//806
f 299//807 447//807 448//807
f 299//808 448//808 284//808
f 448//809 450//809 284//809
f 284//810 450//810 451//810
f 284//811 451//811 282//811
f 451//812 453//812 282//812
f 282//813 453//813 454//813
f 282//814 454//814 280//814
f 280//814 454//814 456//814
f 280//815 456//815 278//815
f 456//816 461//816 278//816
f 278//817 461//817 460//817
f 278//818 460//818 276//818
f 460//819 458//819 276//819
f 276//820 458//820 464//820
f 276//821 464//821 274//821
f 464//822 463//822 274//822
f 274//823 463//823 467//823
f 274//824 467//824 272//824
f 467//825 466//825 272//825
f 272//826 466//826 470//826
f 272//827 470//827 320//827
f 470//828 469//828 320//828
f 320//829 469//829 473//829
f 320//830 473//830 318//830
f 473//831 472//831 318//831
f 318//832 472//832 476//832
f 318//833 476//833 316//833
f 316//834 476//834 475//834
f 316//835 475//835 314//835
f 475//836 479//836 314//836
f 314//837 479//837 478//837
f 314//838 478//838 312//838
f 478//839 482//839 312//839
f 312//840 482//840 481//840
f 312//841 481//841 310//841
f 481//842 485//842 310//842
f 310//843 485//843 484//843
f 310//844 484//844 342//844
f 484//845 488//845 342//845
f 342//846 488//846 487//846
f 342//847 487//847 340//847
f 487//848 491//848 340//848
f 340//849 491//849 490//849
f 340//850 490//850 338//850
f 338//850 490//850 494//850
f 338//851 494//851 336//851
f 494//852 493//852 336//852
f 336//853 493//853 497//853
f 336//854 497//854 334//854
f 497//855 496//855 334//855
f 334//856 496//856 500//856
f 334//857 500//857 332//857
f 500//858 499//858 332//858
f 332//859 499//859 503//859
f 332//860 503//860 355//860
f 503//861 502//861 355//861
f 355//862 502//862 501//862
f 355//863 501//863 353//863
f 501//864 404//864 353//864
f 353//865 404//865 407//865
f 353//866 407//866 351//866
f 351//867 407//867 406//867
f 351//868 406//868 349//868
f 406//869 410//869 349//869
f 349//870 410//870 409//870
f 349//871 409//871 347//871
f 409//872 413//872 347//872
f 347//873 413//873 412//873
f 347//874 412//874 331//874
f 412//875 416//875 331//875
f 331//876 416//876 415//876
f 331//877 415//877 329//877
f 415//878 419//878 329//878
f 329//879 419//879 418//879
f 329//880 418//880 327//880
f 418//881 422//881 327//881
f 327//882 422//882 421//882
f 327//883 421//883 325//883
f 325//884 421//884 420//884
f 325//885 420//885 384//885
f 930//886 929//886 932//886
f 285//887 933//887 286//887
f 286//888 933//888 927//888
f 932//889 929//889 933//889
f 933//890 929//890 928//890
f 933//891 928//891 927//891
f 930//892 932//892 931//892
f 931//893 932//893 934//893
f 931//894 934//894 924//894
f 924//895 934//895 935//895
f 924//896 935//896 925//896
f 925//897 935//897 926//897
f 926//898 935//898 936//898
f 926//899 936//899 919//899
f 919//900 936//900 920//900
f 920//901 936//901 937//901
f 920//902 937//902 921//902
f 921//903 937//903 938//903
f 921//904 938//904 922//904
f 938//905 939//905 922//905
f 922//906 939//906 940//906
f 922//907 940//907 923//907
f 923//908 940//908 941//908
f 923//909 941//909 917//909
f 917//910 941//910 894//910
f 917//910 894//910 893//910
f 892//911 942//911 361//911
f 361//912 942//912 362//912
f 362//913 942//913 366//913
f 366//914 942//914 943//914
f 366//915 943//915 367//915
f 943//916 944//916 367//916
f 367//917 944//917 945//917
f 367//918 945//918 368//918
f 368//919 945//919 946//919
f 368//920 946//920 369//920
f 946//921 947//921 369//921
f 369//922 947//922 948//922
f 369//923 948//923 370//923
f 370//924 948//924 949//924
f 370//925 949//925 371//925
f 949//926 950//926 371//926
f 371//927 950//927 951//927
f 371//928 951//928 372//928
f 951//929 952//929 372//929
f 372//930 952//930 953//930
f 372//931 953//931 373//931
f 373//932 953//932 954//932
f 954//933 955//933 373//933
f 373//934 955//934 956//934
f 373//935 956//935 374//935
f 374//936 956//936 957//936
f 374//937 957//937 358//937
f 358//938 957//938 958//938
f 358//939 958//939 359//939
f 359//940 958//940 959//940
f 359//941 959//941 960//941
f 960//942 961//942 359//942
f 359//943 961//943 962//943
f 359//944 962//944 393//944
f 393//945 962//945 898//945
f 393//946 898//946 394//946
f 401//947 901//947 963//947
f 401//948 963//948 387//948
f 387//949 963//949 964//949
f 387//950 964//950 388//950
f 964//951 965//951 388//951
f 388//952 965//952 966//952
f 388//953 966//953 390//953
f 966//954 967//954 390//954
f 390//955 967//955 968//955
f 390//956 968//956 391//956
f 391//957 968//957 969//957
f 391//958 969//958 392//958
f 969//959 970//959 392//959
f 392//960 970//960 971//960
f 392//961 971//961 376//961
f 971//962 972//962 376//962
f 376//963 972//963 973//963
f 376//964 973//964 377//964
f 377//965 973//965 974//965
f 377//966 974//966 975//966
f 975//967 976//967 377//967
f 377//968 976//968 977//968
f 377//969 977//969 381//969
f 381//970 977//970 978//970
f 381//971 978//971 382//971
f 382//972 978//972 979//972
f 896//973 385//973 980//973
f 980//974 385//974 386//974
f 980//975 386//975 981//975
f 981//976 386//976 379//976
f 981//977 379//977 982//977
f 982//978 379//978 378//978
f 982//979 378//979 983//979
f 983//980 378//980 380//980
f 983//981 380//981 984//981
f 984//982 380//982 382//982
f 984//983 382//983 985//983
f 985//984 382//984 979//984
f 909//985 908//985 986//985
f 987//986 914//986 988//986
f 988//987 914//987 913//987
f 988//988 913//988 989//988
f 989//989 913//989 916//989
f 989//990 916//990 990//990
f 990//991 916//991 895//991
f 990//991 895//991 897//991
f 986//992 908//992 991//992
f 908//993 905//993 991//993
f 991//994 905//994 903//994
f 991//995 903//995 992//995
f 992//996 903//996 902//996
f 992//997 902//997 987//997
f 987//998 902//998 915//998
f 987//999 915//999 914//999
f 909//1000 986//1000 910//1000
f 910//1001 986//1001 993//1001
f 910//1002 993//1002 911//1002
f 911//1003 993//1003 994//1003
f 911//1004 994//1004 912//1004
f 912//1005 994//1005 906//1005
f 906//1006 994//1006 995//1006
f 906//1007 995//1007 907//1007
f 907//1008 995//1008 324//1008
f 907//1009 324//1009 323//1009
f 996//268 459//268 997//268
f 997//268 459//268 455//268
f 997//268 455//268 998//268
f 998//268 455//268 452//268
f 998//268 452//268 999//268
f 999//268 452//268 449//268
f 999//268 449//268 1000//268
f 1000//268 449//268 446//268
f 1000//268 446//268 1001//268
f 1001//268 446//268 443//268
f 1001//268 443//268 1002//268
f 1002//268 443//268 440//268
f 1002//268 440//268 1003//268
f 1003//268 440//268 437//268
f 1003//268 437//268 1004//268
f 1004//268 437//268 434//268
f 1004//268 434//268 1005//268
f 434//268 431//268 1005//268
f 1005//268 431//268 428//268
f 1005//268 428//268 1006//268
f 1006//268 428//268 425//268
f 1006//268 425//268 1007//268
f 1007//268 425//268 363//268
f 1007//271 363//271 1008//271
f 1008//268 363//268 360//268
f 1008//268 360//268 1009//268
f 1009//268 360//268 395//268
f 1009//268 395//268 1010//268
f 1010//268 395//268 1011//268
f 1010//268 1011//268 1012//268
f 1012//268 1011//268 399//268
f 1012//268 399//268 1013//268
f 1013//268 399//268 389//268
f 1013//268 389//268 1014//268
f 1014//268 389//268 375//268
f 1014//271 375//271 1015//271
f 1016//268 486//268 1017//268
f 1017//268 486//268 483//268
f 1017//268 483//268 1018//268
f 1018//268 483//268 480//268
f 1018//270 480//270 1019//270
f 1019//268 480//268 477//268
f 1019//268 477//268 1020//268
f 1020//268 477//268 474//268
f 1020//268 474//268 1021//268
f 1021//268 474//268 1022//268
f 1021//268 1022//268 1023//268
f 1023//268 1022//268 468//268
f 1023//268 468//268 1024//268
f 1024//268 468//268 465//268
f 1024//268 465//268 1025//268
f 1025//268 465//268 462//268
f 1025//270 462//270 996//270
f 996//268 462//268 457//268
f 996//268 457//268 459//268
f 375//268 417//268 1015//268
f 1015//268 417//268 414//268
f 1015//271 414//271 1026//271
f 1026//268 414//268 411//268
f 1026//268 411//268 1027//268
f 1027//268 411//268 408//268
f 1027//268 408//268 1028//268
f 1028//268 408//268 405//268
f 1028//268 405//268 1029//268
f 1029//268 405//268 403//268
f 1029//268 403//268 1030//268
f 1030//268 403//268 402//268
f 1030//268 402//268 1031//268
f 1031//268 402//268 498//268
f 1031//268 498//268 1032//268
f 1032//268 498//268 495//268
f 1032//268 495//268 1033//268
f 1033//268 495//268 492//268
f 1033//268 492//268 1016//268
f 1016//268 492//268 489//268
f 1016//268 489//268 486//268
f 891//1010 598//1010 599//1010
f 861//1011 26//1011 28//1011
f 815//1012 611//1012 807//1012
f 807//1013 611//1013 613//1013
f 1034//1014 809//1014 613//1014
f 613//1015 809//1015 808//1015
f 613//1016 808//1016 807//1016
f 631//1017 810//1017 1034//1017
f 1034//1018 810//1018 1035//1018
f 1034//1019 1035//1019 809//1019
f 817//1020 816//1020 633//1020
f 633//1021 816//1021 812//1021
f 633//1022 812//1022 631//1022
f 631//1023 812//1023 811//1023
f 631//1024 811//1024 810//1024
f 637//1025 867//1025 868//1025
f 868//1026 869//1026 637//1026
f 637//1027 869//1027 870//1027
f 637//1028 870//1028 635//1028
f 635//1029 870//1029 871//1029
f 871//1030 872//1030 635//1030
f 635//1031 872//1031 873//1031
f 635//1032 873//1032 874//1032
f 874//1033 875//1033 635//1033
f 635//1034 875//1034 876//1034
f 635//1035 876//1035 633//1035
f 633//1036 876//1036 818//1036
f 633//1037 818//1037 817//1037
f 3//1038 2//1038 639//1038
f 639//1039 2//1039 862//1039
f 639//1040 862//1040 863//1040
f 863//1041 864//1041 639//1041
f 639//1042 864//1042 865//1042
f 639//1043 865//1043 637//1043
f 637//1044 865//1044 866//1044
f 637//1045 866//1045 867//1045
f 3//1046 639//1046 5//1046
f 5//1047 639//1047 641//1047
f 5//1048 641//1048 6//1048
f 6//1049 641//1049 8//1049
f 8//1050 641//1050 644//1050
f 8//1051 644//1051 9//1051
f 9//1052 644//1052 11//1052
f 11//1053 644//1053 646//1053
f 11//1054 646//1054 12//1054
f 12//1055 646//1055 14//1055
f 14//1056 646//1056 648//1056
f 14//1057 648//1057 15//1057
f 650//1058 18//1058 648//1058
f 648//1059 18//1059 17//1059
f 648//1060 17//1060 15//1060
f 652//1061 654//1061 24//1061
f 24//1062 23//1062 652//1062
f 652//1063 23//1063 21//1063
f 652//1064 21//1064 650//1064
f 650//1065 21//1065 20//1065
f 650//1066 20//1066 18//1066
f 669//1067 671//1067 857//1067
f 857//1068 858//1068 669//1068
f 669//1069 858//1069 859//1069
f 669//1070 859//1070 860//1070
f 860//1071 861//1071 669//1071
f 669//1072 861//1072 28//1072
f 669//1073 28//1073 654//1073
f 654//1074 28//1074 29//1074
f 654//1075 29//1075 24//1075
f 847//1076 848//1076 673//1076
f 673//1077 848//1077 849//1077
f 673//1078 849//1078 850//1078
f 850//1079 851//1079 673//1079
f 673//1080 851//1080 852//1080
f 673//1081 852//1081 671//1081
f 671//1082 852//1082 853//1082
f 671//1083 853//1083 854//1083
f 854//1084 855//1084 671//1084
f 671//1085 855//1085 856//1085
f 671//1086 856//1086 857//1086
f 847//1087 673//1087 826//1087
f 826//1088 673//1088 675//1088
f 826//1089 675//1089 827//1089
f 677//1090 820//1090 675//1090
f 675//1091 820//1091 828//1091
f 675//1092 828//1092 827//1092
f 1036//1093 822//1093 677//1093
f 677//1094 822//1094 821//1094
f 677//1095 821//1095 820//1095
f 657//1096 823//1096 1036//1096
f 1036//1097 823//1097 1037//1097
f 1036//1098 1037//1098 822//1098
f 830//1099 829//1099 659//1099
f 659//1100 829//1100 825//1100
f 659//1101 825//1101 657//1101
f 657//1102 825//1102 824//1102
f 657//1103 824//1103 823//1103
f 663//1104 837//1104 838//1104
f 838//1105 839//1105 663//1105
f 663//1106 839//1106 840//1106
f 663//1107 840//1107 661//1107
f 661//1108 840//1108 841//1108
f 841//1109 842//1109 661//1109
f 661//1110 842//1110 843//1110
f 661//1111 843//1111 844//1111
f 844//1112 845//1112 661//1112
f 661//1113 845//1113 846//1113
f 661//1114 846//1114 659//1114
f 659//1115 846//1115 831//1115
f 659//1116 831//1116 830//1116
f 666//1117 583//1117 582//1117
f 582//1118 832//1118 666//1118
f 666//1119 832//1119 833//1119
f 666//1120 833//1120 665//1120
f 833//1121 834//1121 665//1121
f 665//1122 834//1122 835//1122
f 665//1123 835//1123 663//1123
f 663//1124 835//1124 836//1124
f 663//1125 836//1125 837//1125
f 583//1126 666//1126 584//1126
f 584//1127 666//1127 618//1127
f 584//1128 618//1128 585//1128
f 585//1129 618//1129 586//1129
f 586//1130 618//1130 620//1130
f 586//1131 620//1131 587//1131
f 587//1132 620//1132 588//1132
f 588//1133 620//1133 622//1133
f 588//1134 622//1134 589//1134
f 589//1135 622//1135 590//1135
f 590//1136 622//1136 624//1136
f 590//1137 624//1137 591//1137
f 626//1138 593//1138 624//1138
f 624//1139 593//1139 592//1139
f 624//1140 592//1140 591//1140
f 601//1141 603//1141 597//1141
f 597//1142 596//1142 601//1142
f 601//1143 596//1143 595//1143
f 601//1144 595//1144 626//1144
f 626//1145 595//1145 594//1145
f 626//1146 594//1146 593//1146
f 605//1147 607//1147 887//1147
f 887//1148 888//1148 605//1148
f 605//1149 888//1149 889//1149
f 605//1150 889//1150 890//1150
f 890//1151 891//1151 605//1151
f 605//1152 891//1152 599//1152
f 605//1153 599//1153 603//1153
f 603//1154 599//1154 600//1154
f 603//1155 600//1155 597//1155
f 879//1156 880//1156 609//1156
f 879//1157 609//1157 878//1157
f 815//1158 814//1158 611//1158
f 611//1159 814//1159 813//1159
f 611//1160 813//1160 609//1160
f 609//1161 813//1161 877//1161
f 609//1162 877//1162 878//1162
f 880//1163 881//1163 609//1163
f 609//1164 881//1164 882//1164
f 609//1165 882//1165 607//1165
f 607//1166 882//1166 883//1166
f 607//1167 883//1167 884//1167
f 884//1168 885//1168 607//1168
f 607//1169 885//1169 886//1169
f 607//1170 886//1170 887//1170
f 513//1171 1038//1171 504//1171
f 504//1171 1038//1171 1039//1171
f 504//1172 1039//1172 526//1172
f 526//1172 1039//1172 1040//1172
f 526//1173 1040//1173 527//1173
f 527//1173 1040//1173 1041//1173
f 527//1174 1041//1174 528//1174
f 528//1174 1041//1174 1042//1174
f 528//1175 1042//1175 521//1175
f 521//1175 1042//1175 1043//1175
f 521//1176 1043//1176 510//1176
f 510//1176 1043//1176 1044//1176
f 510//1177 1044//1177 511//1177
f 511//1177 1044//1177 1045//1177
f 511//1178 1045//1178 525//1178
f 525//1178 1045//1178 1046//1178
f 525//1179 1046//1179 524//1179
f 524//1179 1046//1179 1047//1179
f 524//1180 1047//1180 522//1180
f 522//1180 1047//1180 1048//1180
f 522//1181 1048//1181 576//1181
f 576//1181 1048//1181 1049//1181
f 576//1182 1049//1182 541//1182
f 541//1182 1049//1182 1050//1182
f 541//1183 1050//1183 573//1183
f 573//1183 1050//1183 1051//1183
f 573//1184 1051//1184 571//1184
f 571//1184 1051//1184 1052//1184
f 571//1185 1052//1185 569//1185
f 569//1185 1052//1185 1053//1185
f 569//1186 1053//1186 567//1186
f 567//1186 1053//1186 1054//1186
f 567//1187 1054//1187 565//1187
f 565//1187 1054//1187 1055//1187
f 565//1188 1055//1188 563//1188
f 563//1188 1055//1188 1056//1188
f 563//1189 1056//1189 558//1189
f 558//1189 1056//1189 1057//1189
f 558//1190 1057//1190 556//1190
f 556//1190 1057//1190 1058//1190
f 556//1191 1058//1191 554//1191
f 554//1191 1058//1191 1059//1191
f 554//1192 1059//1192 505//1192
f 505//1192 1059//1192 1060//1192
f 505//1193 1060//1193 506//1193
f 506//1193 1060//1193 1061//1193
f 506//1194 1061//1194 508//1194
f 508//1194 1061//1194 1062//1194
f 508//1195 1062//1195 509//1195
f 509//1195 1062//1195 1063//1195
f 509//1196 1063//1196 546//1196
f 546//1196 1063//1196 1064//1196
f 546//1197 1064//1197 544//1197
f 544//1197 1064//1197 1065//1197
f 544//1198 1065//1198 578//1198
f 578//1198 1065//1198 1066//1198
f 578//1199 1066//1199 579//1199
f 579//1199 1066//1199 1067//1199
f 579//1200 1067//1200 533//1200
f 533//1200 1067//1200 1068//1200
f 533//1201 1068//1201 518//1201
f 518//1201 1068//1201 1069//1201
f 518//1202 1069//1202 517//1202
f 517//1202 1069//1202 1070//1202
f 517//1203 1070//1203 516//1203
f 516//1203 1070//1203 1071//1203
f 516//1204 1071//1204 515//1204
f 515//1204 1071//1204 1072//1204
f 515//1205 1072//1205 514//1205
f 514//1205 1072//1205 1073//1205
f 514//1206 1073//1206 513//1206
f 513//1206 1073//1206 1038//1206
f 1039//1207 1002//1207 1040//1207
f 1040//1207 1002//1207 1003//1207
f 1040//1208 1003//1208 1041//1208
f 1041//1209 1003//1209 1004//1209
f 1041//1210 1004//1210 1042//1210
f 1042//1211 1004//1211 1005//1211
f 1042//1212 1005//1212 1043//1212
f 1043//1213 1005//1213 1006//1213
f 1043//1214 1006//1214 1044//1214
f 1044//1215 1006//1215 1007//1215
f 1044//1216 1007//1216 1045//1216
f 1045//1216 1007//1216 1008//1216
f 1045//1217 1008//1217 1046//1217
f 1046//1218 1008//1218 1009//1218
f 1046//1219 1009//1219 1074//1219
f 1074//1220 1009//1220 1075//1220
f 1074//1221 1075//1221 1048//1221
f 1048//1222 1075//1222 1012//1222
f 1048//1223 1012//1223 1049//1223
f 1049//1224 1012//1224 1013//1224
f 1049//1225 1013//1225 1050//1225
f 1050//1225 1013//1225 1014//1225
f 1050//1226 1014//1226 1051//1226
f 1051//1227 1014//1227 1015//1227
f 1051//1228 1015//1228 1052//1228
f 1052//1229 1015//1229 1026//1229
f 1052//1230 1026//1230 1053//1230
f 1053//1231 1026//1231 1027//1231
f 1053//1232 1027//1232 1054//1232
f 1054//1233 1027//1233 1028//1233
f 1054//1234 1028//1234 1055//1234
f 1055//1235 1028//1235 1029//1235
f 1055//1236 1029//1236 1056//1236
f 1056//1237 1029//1237 1030//1237
f 1056//1238 1030//1238 1057//1238
f 1057//1238 1030//1238 1031//1238
f 1057//1239 1031//1239 1058//1239
f 1058//1239 1031//1239 1032//1239
f 1058//1240 1032//1240 1059//1240
f 1059//1241 1032//1241 1033//1241
f 1059//1242 1033//1242 1060//1242
f 1060//1243 1033//1243 1016//1243
f 1060//1244 1016//1244 1061//1244
f 1061//1245 1016//1245 1017//1245
f 1061//1246 1017//1246 1062//1246
f 1062//1247 1017//1247 1018//1247
f 1062//1248 1018//1248 1063//1248
f 1063//1249 1018//1249 1019//1249
f 1063//1250 1019//1250 1064//1250
f 1064//1251 1019//1251 1020//1251
f 1064//1252 1020//1252 1076//1252
f 1076//1253 1020//1253 1077//1253
f 1076//1254 1077//1254 1066//1254
f 1066//1255 1077//1255 1023//1255
f 1066//1256 1023//1256 1067//1256
f 1067//1257 1023//1257 1024//1257
f 1067//1258 1024//1258 1068//1258
f 1068//1259 1024//1259 1025//1259
f 1068//1260 1025//1260 1069//1260
f 1069//1261 1025//1261 996//1261
f 1069//1262 996//1262 1070//1262
f 1070//1263 996//1263 997//1263
f 1070//1264 997//1264 1071//1264
f 1071//1265 997//1265 998//1265
f 1071//1266 998//1266 1072//1266
f 1072//1267 998//1267 999//1267
f 1072//1268 999//1268 1073//1268
f 1073//1269 999//1269 1000//1269
f 1073//1270 1000//1270 1038//1270
f 1038//1271 1000//1271 1001//1271
f 1038//1272 1001//1272 1039//1272
f 1039//1273 1001//1273 1002//1273
f 1078//1274 1079//1274 1080//1274
f 1081//1275 1082//1275 1083//1275
f 1083//1276 1082//1276 1084//1276
f 1083//1277 1084//1277 1085//1277
f 1085//1278 1084//1278 1086//1278
f 1086//1279 1084//1279 1087//1279
f 1086//1280 1087//1280 1088//1280
f 1089//1281 1090//1281 1091//1281
f 1087//1282 1092//1282 1088//1282
f 1088//1283 1092//1283 1093//1283
f 1088//1284 1093//1284 1094//1284
f 1094//1285 1093//1285 1095//1285
f 1094//1286 1095//1286 1096//1286
f 1096//1287 1095//1287 1097//1287
f 1096//1288 1097//1288 1098//1288
f 1098//1289 1097//1289 1099//1289
f 1098//1290 1099//1290 1100//1290
f 1100//1291 1099//1291 1101//1291
f 1100//1292 1101//1292 1102//1292
f 1102//1293 1101//1293 1103//1293
f 1102//1294 1103//1294 1104//1294
f 1104//1295 1103//1295 1105//1295
f 1104//1296 1105//1296 1106//1296
f 1106//1297 1105//1297 1107//1297
f 1106//1298 1107//1298 1108//1298
f 1108//1299 1107//1299 1109//1299
f 1108//1300 1109//1300 1110//1300
f 1110//1301 1109//1301 1111//1301
f 1110//1302 1111//1302 1091//1302
f 1091//1303 1111//1303 1112//1303
f 1091//1304 1112//1304 1089//1304
f 1089//1305 1113//1305 1090//1305
f 1090//1306 1113//1306 1114//1306
f 1090//1307 1114//1307 1115//1307
f 1115//1308 1114//1308 1116//1308
f 1115//1309 1116//1309 1117//1309
f 1117//1310 1116//1310 1118//1310
f 1117//1311 1118//1311 1119//1311
f 1119//1312 1118//1312 1120//1312
f 1119//1313 1120//1313 1121//1313
f 1121//1314 1120//1314 1122//1314
f 1121//1315 1122//1315 1123//1315
f 1123//1316 1122//1316 1124//1316
f 1123//1317 1124//1317 1125//1317
f 1125//1318 1124//1318 1126//1318
f 1125//1319 1126//1319 1127//1319
f 1127//1320 1126//1320 1128//1320
f 1127//1321 1128//1321 1129//1321
f 1129//1322 1128//1322 1130//1322
f 1129//1323 1130//1323 1131//1323
f 1131//1324 1130//1324 1132//1324
f 1131//1325 1132//1325 1133//1325
f 1133//1326 1132//1326 1134//1326
f 1133//1327 1134//1327 1135//1327
f 1135//1328 1134//1328 1136//1328
f 1135//1329 1136//1329 1137//1329
f 1136//1330 1138//1330 1137//1330
f 1137//1331 1138//1331 1139//1331
f 1137//1332 1139//1332 1140//1332
f 1140//1333 1139//1333 1141//1333
f 1140//1334 1141//1334 1142//1334
f 1142//1335 1141//1335 1143//1335
f 1142//1336 1143//1336 1144//1336
f 1144//1337 1143//1337 1145//1337
f 1144//1338 1145//1338 1146//1338
f 1146//1339 1145//1339 1147//1339
f 1146//1340 1147//1340 1148//1340
f 1148//1341 1147//1341 1149//1341
f 1148//1342 1149//1342 1150//1342
f 1150//1343 1149//1343 1151//1343
f 1150//1344 1151//1344 1152//1344
f 1152//1345 1151//1345 1153//1345
f 1152//1346 1153//1346 1154//1346
f 1154//1347 1153//1347 1155//1347
f 1154//1348 1155//1348 1156//1348
f 1156//1349 1155//1349 1157//1349
f 1156//1350 1157//1350 1158//1350
f 1158//1351 1157//1351 1159//1351
f 1158//1352 1159//1352 1160//1352
f 1160//1353 1159//1353 1161//1353
f 1160//1354 1161//1354 1162//1354
f 1162//1355 1161//1355 1163//1355
f 1162//1356 1163//1356 1164//1356
f 1164//1357 1163//1357 1165//1357
f 1164//1358 1165//1358 1166//1358
f 1165//1359 1167//1359 1166//1359
f 1166//1360 1167//1360 1168//1360
f 1166//1361 1168//1361 1169//1361
f 1169//1362 1168//1362 1170//1362
f 1169//1363 1170//1363 1171//1363
f 1171//1364 1170//1364 1172//1364
f 1171//1365 1172//1365 1173//1365
f 1173//1366 1172//1366 1174//1366
f 1173//1367 1174//1367 1175//1367
f 1175//1368 1174//1368 1176//1368
f 1175//1369 1176//1369 1177//1369
f 1177//1370 1176//1370 1178//1370
f 1177//1371 1178//1371 1179//1371
f 1179//1372 1178//1372 1180//1372
f 1179//1373 1180//1373 1181//1373
f 1181//1374 1180//1374 1182//1374
f 1181//1375 1182//1375 1183//1375
f 1183//1376 1182//1376 1184//1376
f 1183//1377 1184//1377 1185//1377
f 1185//1378 1184//1378 1186//1378
f 1185//1379 1186//1379 1187//1379
f 1187//1380 1186//1380 1188//1380
f 1187//1381 1188//1381 1189//1381
f 1189//1382 1188//1382 1190//1382
f 1189//1383 1190//1383 1191//1383
f 1191//1384 1190//1384 1192//1384
f 1191//1385 1192//1385 1193//1385
f 1193//1386 1192//1386 1194//1386
f 1193//1387 1194//1387 1195//1387
f 1195//1388 1194//1388 1196//1388
f 1195//1389 1196//1389 1197//1389
f 1196//1390 1198//1390 1197//1390
f 1197//1391 1198//1391 1199//1391
f 1197//1392 1199//1392 1200//1392
f 1200//1393 1199//1393 1201//1393
f 1200//1394 1201//1394 1202//1394
f 1202//1395 1201//1395 1203//1395
f 1202//1396 1203//1396 1204//1396
f 1204//1397 1203//1397 1205//1397
f 1204//1398 1205//1398 1206//1398
f 1206//1399 1205//1399 1207//1399
f 1206//1400 1207//1400 1208//1400
f 1208//1401 1207//1401 1209//1401
f 1208//1402 1209//1402 1210//1402
f 1210//1403 1209//1403 1211//1403
f 1210//1404 1211//1404 1212//1404
f 1212//1405 1211//1405 1213//1405
f 1212//1406 1213//1406 1214//1406
f 1214//1407 1213//1407 1215//1407
f 1214//1408 1215//1408 1216//1408
f 1216//1409 1215//1409 1217//1409
f 1216//1410 1217//1410 1218//1410
f 1218//1411 1217//1411 1219//1411
f 1218//1412 1219//1412 1220//1412
f 1220//1413 1219//1413 1221//1413
f 1220//1414 1221//1414 1222//1414
f 1222//1415 1221//1415 1223//1415
f 1222//1416 1223//1416 1224//1416
f 1224//1417 1223//1417 1225//1417
f 1224//1418 1225//1418 1226//1418
f 1227//1419 1228//1419 1229//1419
f 1229//1420 1228//1420 1230//1420
f 1229//1421 1230//1421 1231//1421
f 1225//1422 1232//1422 1226//1422
f 1226//1423 1232//1423 1233//1423
f 1226//1424 1233//1424 1234//1424
f 1234//1425 1233//1425 1235//1425
f 1234//1426 1235//1426 1236//1426
f 1236//1427 1235//1427 1237//1427
f 1236//1428 1237//1428 1238//1428
f 1238//1429 1237//1429 1239//1429
f 1238//1430 1239//1430 1240//1430
f 1240//1431 1239//1431 1241//1431
f 1240//1432 1241//1432 1242//1432
f 1242//1433 1241//1433 1243//1433
f 1242//1434 1243//1434 1244//1434
f 1244//1435 1243//1435 1245//1435
f 1244//1436 1245//1436 1246//1436
f 1246//1437 1245//1437 1247//1437
f 1246//1438 1247//1438 1248//1438
f 1248//1439 1247//1439 1249//1439
f 1248//1440 1249//1440 1227//1440
f 1227//1441 1249//1441 1250//1441
f 1227//1442 1250//1442 1228//1442
f 1231//1443 1230//1443 1251//1443
f 1251//1444 1230//1444 1252//1444
f 1251//1445 1252//1445 1253//1445
f 1253//1446 1252//1446 1254//1446
f 1253//1447 1254//1447 1255//1447
f 1254//1448 1256//1448 1255//1448
f 1255//1449 1256//1449 1257//1449
f 1255//1450 1257//1450 1258//1450
f 1258//1451 1257//1451 1259//1451
f 1258//1452 1259//1452 1260//1452
f 1260//1453 1259//1453 1261//1453
f 1260//1454 1261//1454 1262//1454
f 1263//1455 1264//1455 1265//1455
f 1265//1456 1264//1456 1266//1456
f 1261//1457 1267//1457 1262//1457
f 1262//1458 1267//1458 1268//1458
f 1262//1459 1268//1459 1269//1459
f 1269//1460 1268//1460 1270//1460
f 1269//1461 1270//1461 1271//1461
f 1271//1462 1270//1462 1272//1462
f 1271//1463 1272//1463 1273//1463
f 1273//1464 1272//1464 1274//1464
f 1273//1465 1274//1465 1275//1465
f 1275//1466 1274//1466 1276//1466
f 1275//1467 1276//1467 1266//1467
f 1266//1468 1276//1468 1277//1468
f 1266//1469 1277//1469 1265//1469
f 1080//1470 1079//1470 1278//1470
f 1278//1471 1079//1471 1279//1471
f 1278//1472 1279//1472 1263//1472
f 1263//1473 1279//1473 1280//1473
f 1263//1474 1280//1474 1264//1474
f 1080//1475 1281//1475 1078//1475
f 1078//1476 1281//1476 1282//1476
f 1078//1477 1282//1477 1283//1477
f 1283//1478 1282//1478 1284//1478
f 1283//1479 1284//1479 1285//1479
f 1285//1480 1284//1480 1286//1480
f 1285//1481 1286//1481 1287//1481
f 1287//1482 1286//1482 1288//1482
f 1287//1483 1288//1483 1289//1483
f 1289//1484 1288//1484 1290//1484
f 1289//1485 1290//1485 1291//1485
f 1291//1486 1290//1486 1292//1486
f 1291//1487 1292//1487 1293//1487
f 1293//1488 1292//1488 1294//1488
f 1293//1489 1294//1489 1295//1489
f 1295//1490 1294//1490 1296//1490
f 1295//1491 1296//1491 1297//1491
f 1297//1492 1296//1492 1298//1492
f 1297//1493 1298//1493 1299//1493
f 1299//1494 1298//1494 1300//1494
f 1299//1495 1300//1495 1301//1495
f 1301//1496 1300//1496 1302//1496
f 1301//1497 1302//1497 1081//1497
f 1081//1498 1302//1498 1303//1498
f 1081//1499 1303//1499 1082//1499
f 258//1500 256//1500 1304//1500
f 254//1501 253//1501 1305//1501
f 249//1502 247//1502 1306//1502
f 245//1503 244//1503 1307//1503
f 240//1504 238//1504 1308//1504
f 232//1505 230//1505 1309//1505
f 227//1506 225//1506 1310//1506
f 35//1507 43//1507 1311//1507
f 41//1508 61//1508 1312//1508
f 63//1509 65//1509 1313//1509
f 69//1510 71//1510 1314//1510
f 73//1511 75//1511 1315//1511
f 77//1512 79//1512 1316//1512
f 51//1513 53//1513 1317//1513
f 46//1514 214//1514 1318//1514
f 218//1515 220//1515 1319//1515
f 210//1516 208//1516 1320//1516
f 205//1517 203//1517 1321//1517
f 201//1518 199//1518 1322//1518
f 195//1519 193//1519 1323//1519
f 192//1520 190//1520 1324//1520
f 186//1521 184//1521 1325//1521
f 182//1522 180//1522 1326//1522
f 179//1523 177//1523 1327//1523
f 173//1524 171//1524 1328//1524
f 170//1525 168//1525 1329//1525
f 164//1526 162//1526 1330//1526
f 152//1527 154//1527 1331//1527
f 155//1528 150//1528 1332//1528
f 148//1529 146//1529 1333//1529
f 143//1530 141//1530 1334//1530
f 139//1531 137//1531 1335//1531
f 134//1532 132//1532 1336//1532
f 127//1533 115//1533 1337//1533
f 119//1534 121//1534 1338//1534
f 123//1535 125//1535 1339//1535
f 113//1536 111//1536 1340//1536
f 109//1537 108//1537 1341//1537
f 104//1538 102//1538 1342//1538
f 100//1539 98//1539 1343//1539
f 96//1540 94//1540 1344//1540
f 91//1541 89//1541 1345//1541
f 87//1542 85//1542 1346//1542
f 270//1543 268//1543 1347//1543
f 1192//1544 1190//1544 1348//1544
f 1201//1545 1199//1545 1349//1545
f 1211//1546 1209//1546 1350//1546
f 1221//1547 1219//1547 1351//1547
f 1235//1548 1233//1548 1352//1548
f 1245//1549 1243//1549 1353//1549
f 1230//1550 1228//1550 1354//1550
f 1259//1551 1257//1551 1355//1551
f 1272//1552 1270//1552 1356//1552
f 1263//1553 1265//1553 1357//1553
f 1284//1554 1282//1554 1358//1554
f 1294//1555 1292//1555 1359//1555
f 1084//1556 1082//1556 1360//1556
f 1097//1557 1095//1557 1361//1557
f 1107//1558 1105//1558 1362//1558
f 1113//1559 1089//1559 1363//1559
f 1122//1560 1120//1560 1364//1560
f 1132//1561 1130//1561 1365//1561
f 1141//1562 1139//1562 1366//1562
f 1151//1563 1149//1563 1367//1563
f 1161//1564 1159//1564 1368//1564
f 1170//1565 1168//1565 1369//1565
f 1180//1566 1178//1566 1370//1566
f 1180//1567 1370//1567 1182//1567
f 1170//1568 1369//1568 1172//1568
f 1161//1569 1368//1569 1163//1569
f 1151//1570 1367//1570 1153//1570
f 1141//1571 1366//1571 1143//1571
f 1132//1572 1365//1572 1134//1572
f 1122//1573 1364//1573 1124//1573
f 1113//1574 1363//1574 1114//1574
f 1107//1575 1362//1575 1109//1575
f 1097//1576 1361//1576 1099//1576
f 1084//1577 1360//1577 1087//1577
f 1300//1578 1298//1578 1371//1578
f 1294//1579 1359//1579 1296//1579
f 1284//1580 1358//1580 1286//1580
f 1263//1581 1357//1581 1278//1581
f 1272//1582 1356//1582 1274//1582
f 1259//1583 1355//1583 1261//1583
f 1230//1584 1354//1584 1252//1584
f 1245//1585 1353//1585 1247//1585
f 1235//1586 1352//1586 1237//1586
f 1221//1587 1351//1587 1223//1587
f 1211//1588 1350//1588 1213//1588
f 1201//1589 1349//1589 1203//1589
f 1192//1590 1348//1590 1194//1590
f 1186//1591 1184//1591 1372//1591
f 1372//1592 1184//1592 1373//1592
f 1372//1593 1373//1593 1374//1593
f 1374//1593 1373//1593 1375//1593
f 1374//1594 1375//1594 1376//1594
f 1376//1595 1375//1595 1377//1595
f 1376//1596 1377//1596 1378//1596
f 1378//1596 1377//1596 1347//1596
f 1130//1597 1128//1597 1365//1597
f 1365//1598 1128//1598 1379//1598
f 1365//1599 1379//1599 1380//1599
f 1380//1600 1379//1600 1381//1600
f 1380//1601 1381//1601 1382//1601
f 1382//1602 1381//1602 1383//1602
f 1382//1603 1383//1603 1384//1603
f 1384//1603 1383//1603 1336//1603
f 1103//1604 1101//1604 1385//1604
f 1385//1605 1101//1605 1386//1605
f 1385//1606 1386//1606 1387//1606
f 1387//1606 1386//1606 1388//1606
f 1387//1607 1388//1607 1389//1607
f 1389//1608 1388//1608 1390//1608
f 1389//1609 1390//1609 1391//1609
f 1391//1610 1390//1610 1330//1610
f 1276//1611 1274//1611 1392//1611
f 1392//1612 1274//1612 1356//1612
f 1392//1613 1356//1613 1393//1613
f 1393//1614 1356//1614 1394//1614
f 1393//1615 1394//1615 1395//1615
f 1395//1615 1394//1615 1396//1615
f 1395//1616 1396//1616 1397//1616
f 1397//1617 1396//1617 1319//1617
f 1217//1618 1215//1618 1398//1618
f 1398//1619 1215//1619 1399//1619
f 1398//1620 1399//1620 1400//1620
f 1400//1621 1399//1621 1401//1621
f 1400//1622 1401//1622 1402//1622
f 1402//1623 1401//1623 1403//1623
f 1402//1624 1403//1624 1404//1624
f 1404//1625 1403//1625 1308//1625
f 1188//1626 1186//1626 1405//1626
f 1405//1627 1186//1627 1372//1627
f 1405//1628 1372//1628 1406//1628
f 1406//1629 1372//1629 1374//1629
f 1406//1630 1374//1630 1407//1630
f 1407//1630 1374//1630 1376//1630
f 1407//1631 1376//1631 1408//1631
f 1408//1631 1376//1631 1378//1631
f 1408//1632 1378//1632 262//1632
f 262//1632 1378//1632 264//1632
f 1347//1633 268//1633 1378//1633
f 1378//1634 268//1634 266//1634
f 1378//1635 266//1635 264//1635
f 271//1636 270//1636 1409//1636
f 1409//1637 270//1637 1347//1637
f 1409//1638 1347//1638 1410//1638
f 1410//1639 1347//1639 1377//1639
f 1410//1640 1377//1640 1411//1640
f 1411//1640 1377//1640 1375//1640
f 1411//1641 1375//1641 1370//1641
f 1370//1641 1375//1641 1373//1641
f 1370//1642 1373//1642 1182//1642
f 1182//1643 1373//1643 1184//1643
f 1178//1644 1176//1644 1370//1644
f 1370//1645 1176//1645 1412//1645
f 1370//1646 1412//1646 1411//1646
f 1411//1647 1412//1647 1413//1647
f 1411//1648 1413//1648 1410//1648
f 1410//1648 1413//1648 1414//1648
f 1410//1649 1414//1649 1409//1649
f 1409//1649 1414//1649 1346//1649
f 1409//1650 1346//1650 271//1650
f 271//1650 1346//1650 85//1650
f 89//1651 87//1651 1345//1651
f 1345//1652 87//1652 1346//1652
f 1345//1653 1346//1653 1415//1653
f 1415//1653 1346//1653 1414//1653
f 1415//1654 1414//1654 1416//1654
f 1416//1654 1414//1654 1413//1654
f 1416//1655 1413//1655 1417//1655
f 1417//1655 1413//1655 1412//1655
f 1417//1656 1412//1656 1174//1656
f 1174//1657 1412//1657 1176//1657
f 93//1658 91//1658 1418//1658
f 1418//1659 91//1659 1345//1659
f 1418//1660 1345//1660 1419//1660
f 1419//1661 1345//1661 1415//1661
f 1419//1662 1415//1662 1420//1662
f 1420//1662 1415//1662 1416//1662
f 1420//1663 1416//1663 1369//1663
f 1369//1663 1416//1663 1417//1663
f 1369//1664 1417//1664 1172//1664
f 1172//1665 1417//1665 1174//1665
f 1168//1666 1167//1666 1369//1666
f 1369//1666 1167//1666 1421//1666
f 1369//1667 1421//1667 1420//1667
f 1420//1668 1421//1668 1422//1668
f 1420//1669 1422//1669 1419//1669
f 1419//1669 1422//1669 1423//1669
f 1419//1670 1423//1670 1418//1670
f 1418//1670 1423//1670 1344//1670
f 1418//1671 1344//1671 93//1671
f 93//1672 1344//1672 94//1672
f 98//1673 96//1673 1343//1673
f 1343//1674 96//1674 1344//1674
f 1343//1675 1344//1675 1424//1675
f 1424//1676 1344//1676 1423//1676
f 1424//1677 1423//1677 1425//1677
f 1425//1677 1423//1677 1422//1677
f 1425//1678 1422//1678 1426//1678
f 1426//1679 1422//1679 1421//1679
f 1426//1680 1421//1680 1165//1680
f 1165//1681 1421//1681 1167//1681
f 102//1682 100//1682 1342//1682
f 1342//1683 100//1683 1343//1683
f 1342//1684 1343//1684 1427//1684
f 1427//1685 1343//1685 1424//1685
f 1427//1686 1424//1686 1428//1686
f 1428//1687 1424//1687 1425//1687
f 1428//1688 1425//1688 1368//1688
f 1368//1689 1425//1689 1426//1689
f 1368//1690 1426//1690 1163//1690
f 1163//1691 1426//1691 1165//1691
f 106//1692 104//1692 1429//1692
f 1429//1693 104//1693 1342//1693
f 1429//1694 1342//1694 1430//1694
f 1430//1695 1342//1695 1427//1695
f 1430//1696 1427//1696 1431//1696
f 1431//1697 1427//1697 1428//1697
f 1431//1698 1428//1698 1432//1698
f 1432//1699 1428//1699 1368//1699
f 1432//1700 1368//1700 1157//1700
f 1157//1701 1368//1701 1159//1701
f 1157//1702 1155//1702 1432//1702
f 1432//1703 1155//1703 1433//1703
f 1432//1704 1433//1704 1431//1704
f 1431//1704 1433//1704 1434//1704
f 1431//1705 1434//1705 1430//1705
f 1430//1705 1434//1705 1435//1705
f 1430//1706 1435//1706 1429//1706
f 1429//1707 1435//1707 1341//1707
f 1429//1708 1341//1708 106//1708
f 106//1708 1341//1708 108//1708
f 111//1709 109//1709 1340//1709
f 1340//1710 109//1710 1341//1710
f 1340//1711 1341//1711 1436//1711
f 1436//1712 1341//1712 1435//1712
f 1436//1713 1435//1713 1437//1713
f 1437//1714 1435//1714 1434//1714
f 1437//1715 1434//1715 1367//1715
f 1367//1715 1434//1715 1433//1715
f 1367//1716 1433//1716 1153//1716
f 1153//1717 1433//1717 1155//1717
f 126//1718 113//1718 1438//1718
f 1438//1719 113//1719 1340//1719
f 1438//1720 1340//1720 1439//1720
f 1439//1720 1340//1720 1436//1720
f 1439//1721 1436//1721 1440//1721
f 1440//1722 1436//1722 1437//1722
f 1440//1723 1437//1723 1441//1723
f 1441//1724 1437//1724 1367//1724
f 1441//1725 1367//1725 1147//1725
f 1147//1726 1367//1726 1149//1726
f 1147//1727 1145//1727 1441//1727
f 1441//1728 1145//1728 1442//1728
f 1441//1729 1442//1729 1440//1729
f 1440//1730 1442//1730 1443//1730
f 1440//1731 1443//1731 1439//1731
f 1439//1732 1443//1732 1444//1732
f 1439//1733 1444//1733 1438//1733
f 1438//1734 1444//1734 1339//1734
f 1438//1735 1339//1735 126//1735
f 126//1736 1339//1736 125//1736
f 121//1737 123//1737 1338//1737
f 1338//1738 123//1738 1339//1738
f 1338//1739 1339//1739 1445//1739
f 1445//1740 1339//1740 1444//1740
f 1445//1741 1444//1741 1446//1741
f 1446//1742 1444//1742 1443//1742
f 1446//1743 1443//1743 1366//1743
f 1366//1744 1443//1744 1442//1744
f 1366//1745 1442//1745 1143//1745
f 1143//1746 1442//1746 1145//1746
f 117//1747 119//1747 1447//1747
f 1447//1748 119//1748 1338//1748
f 1447//1749 1338//1749 1448//1749
f 1448//1750 1338//1750 1445//1750
f 1448//1751 1445//1751 1449//1751
f 1449//1751 1445//1751 1446//1751
f 1449//1752 1446//1752 1450//1752
f 1450//1753 1446//1753 1366//1753
f 1450//1754 1366//1754 1138//1754
f 1138//1754 1366//1754 1139//1754
f 1138//1755 1136//1755 1450//1755
f 1450//1756 1136//1756 1451//1756
f 1450//1757 1451//1757 1449//1757
f 1449//1757 1451//1757 1452//1757
f 1449//1758 1452//1758 1448//1758
f 1448//1758 1452//1758 1453//1758
f 1448//1759 1453//1759 1447//1759
f 1447//1759 1453//1759 1337//1759
f 1447//1760 1337//1760 117//1760
f 117//1761 1337//1761 115//1761
f 128//1762 127//1762 1384//1762
f 1384//1763 127//1763 1337//1763
f 1384//1764 1337//1764 1382//1764
f 1382//1765 1337//1765 1453//1765
f 1382//1766 1453//1766 1380//1766
f 1380//1767 1453//1767 1452//1767
f 1380//1768 1452//1768 1365//1768
f 1365//1768 1452//1768 1451//1768
f 1365//1769 1451//1769 1134//1769
f 1134//1770 1451//1770 1136//1770
f 1336//1771 132//1771 1384//1771
f 1384//1772 132//1772 130//1772
f 1384//1773 130//1773 128//1773
f 136//1774 134//1774 1454//1774
f 1454//1775 134//1775 1336//1775
f 1454//1776 1336//1776 1455//1776
f 1455//1777 1336//1777 1383//1777
f 1455//1778 1383//1778 1456//1778
f 1456//1778 1383//1778 1381//1778
f 1456//1779 1381//1779 1457//1779
f 1457//1780 1381//1780 1379//1780
f 1457//1781 1379//1781 1126//1781
f 1126//1782 1379//1782 1128//1782
f 1126//1783 1124//1783 1457//1783
f 1457//1784 1124//1784 1364//1784
f 1457//1785 1364//1785 1456//1785
f 1456//1785 1364//1785 1458//1785
f 1456//1786 1458//1786 1455//1786
f 1455//1787 1458//1787 1459//1787
f 1455//1788 1459//1788 1454//1788
f 1454//1789 1459//1789 1335//1789
f 1454//1790 1335//1790 136//1790
f 136//1791 1335//1791 137//1791
f 141//1792 139//1792 1334//1792
f 1334//1793 139//1793 1335//1793
f 1334//1794 1335//1794 1460//1794
f 1460//1795 1335//1795 1459//1795
f 1460//1796 1459//1796 1461//1796
f 1461//1796 1459//1796 1458//1796
f 1461//1797 1458//1797 1462//1797
f 1462//1798 1458//1798 1364//1798
f 1462//1799 1364//1799 1118//1799
f 1118//1800 1364//1800 1120//1800
f 144//1801 143//1801 1463//1801
f 1463//1802 143//1802 1334//1802
f 1463//1803 1334//1803 1464//1803
f 1464//1804 1334//1804 1460//1804
f 1464//1805 1460//1805 1465//1805
f 1465//1806 1460//1806 1461//1806
f 1465//1807 1461//1807 1466//1807
f 1466//1807 1461//1807 1462//1807
f 1466//1808 1462//1808 1116//1808
f 1116//1809 1462//1809 1118//1809
f 1116//1810 1114//1810 1466//1810
f 1466//1811 1114//1811 1363//1811
f 1466//1812 1363//1812 1465//1812
f 1465//1813 1363//1813 1467//1813
f 1465//1814 1467//1814 1464//1814
f 1464//1814 1467//1814 1468//1814
f 1464//1815 1468//1815 1463//1815
f 1463//1815 1468//1815 1333//1815
f 1463//1816 1333//1816 144//1816
f 144//1817 1333//1817 146//1817
f 150//1818 148//1818 1332//1818
f 1332//1819 148//1819 1333//1819
f 1332//1820 1333//1820 1469//1820
f 1469//1821 1333//1821 1468//1821
f 1469//1822 1468//1822 1470//1822
f 1470//1822 1468//1822 1467//1822
f 1470//1823 1467//1823 1471//1823
f 1471//1824 1467//1824 1363//1824
f 1471//1825 1363//1825 1112//1825
f 1112//1825 1363//1825 1089//1825
f 154//1826 155//1826 1331//1826
f 1331//1827 155//1827 1332//1827
f 1331//1828 1332//1828 1472//1828
f 1472//1829 1332//1829 1469//1829
f 1472//1830 1469//1830 1473//1830
f 1473//1831 1469//1831 1470//1831
f 1473//1832 1470//1832 1474//1832
f 1474//1832 1470//1832 1471//1832
f 1474//1833 1471//1833 1111//1833
f 1111//1834 1471//1834 1112//1834
f 156//1835 152//1835 1475//1835
f 1475//1836 152//1836 1331//1836
f 1475//1837 1331//1837 1476//1837
f 1476//1837 1331//1837 1472//1837
f 1476//1838 1472//1838 1477//1838
f 1477//1839 1472//1839 1473//1839
f 1477//1840 1473//1840 1362//1840
f 1362//1841 1473//1841 1474//1841
f 1362//1842 1474//1842 1109//1842
f 1109//1843 1474//1843 1111//1843
f 1105//1844 1103//1844 1362//1844
f 1362//1845 1103//1845 1385//1845
f 1362//1846 1385//1846 1477//1846
f 1477//1847 1385//1847 1387//1847
f 1477//1848 1387//1848 1476//1848
f 1476//1848 1387//1848 1389//1848
f 1476//1849 1389//1849 1475//1849
f 1475//1850 1389//1850 1391//1850
f 1475//1851 1391//1851 156//1851
f 156//1852 1391//1852 159//1852
f 1330//1853 162//1853 1391//1853
f 1391//1854 162//1854 160//1854
f 1391//1855 160//1855 159//1855
f 166//1856 164//1856 1478//1856
f 1478//1857 164//1857 1330//1857
f 1478//1858 1330//1858 1479//1858
f 1479//1859 1330//1859 1390//1859
f 1479//1860 1390//1860 1480//1860
f 1480//1861 1390//1861 1388//1861
f 1480//1862 1388//1862 1361//1862
f 1361//1863 1388//1863 1386//1863
f 1361//1864 1386//1864 1099//1864
f 1099//1865 1386//1865 1101//1865
f 1095//1866 1093//1866 1361//1866
f 1361//1867 1093//1867 1481//1867
f 1361//1868 1481//1868 1480//1868
f 1480//1869 1481//1869 1482//1869
f 1480//1870 1482//1870 1479//1870
f 1479//1871 1482//1871 1483//1871
f 1479//1872 1483//1872 1478//1872
f 1478//1872 1483//1872 1329//1872
f 1478//1873 1329//1873 166//1873
f 166//1873 1329//1873 168//1873
f 171//1874 170//1874 1328//1874
f 1328//1875 170//1875 1329//1875
f 1328//1876 1329//1876 1484//1876
f 1484//1876 1329//1876 1483//1876
f 1484//1877 1483//1877 1485//1877
f 1485//1877 1483//1877 1482//1877
f 1485//1878 1482//1878 1486//1878
f 1486//1879 1482//1879 1481//1879
f 1486//1880 1481//1880 1092//1880
f 1092//1881 1481//1881 1093//1881
f 175//1882 173//1882 1487//1882
f 1487//1883 173//1883 1328//1883
f 1487//1884 1328//1884 1488//1884
f 1488//1885 1328//1885 1484//1885
f 1488//1886 1484//1886 1489//1886
f 1489//1887 1484//1887 1485//1887
f 1489//1888 1485//1888 1360//1888
f 1360//1888 1485//1888 1486//1888
f 1360//1889 1486//1889 1087//1889
f 1087//1890 1486//1890 1092//1890
f 1082//1891 1303//1891 1360//1891
f 1360//1892 1303//1892 1490//1892
f 1360//1893 1490//1893 1489//1893
f 1489//1893 1490//1893 1491//1893
f 1489//1894 1491//1894 1488//1894
f 1488//1894 1491//1894 1492//1894
f 1488//1895 1492//1895 1487//1895
f 1487//1895 1492//1895 1327//1895
f 1487//1896 1327//1896 175//1896
f 175//1896 1327//1896 177//1896
f 180//1897 179//1897 1326//1897
f 1326//1898 179//1898 1327//1898
f 1326//1899 1327//1899 1493//1899
f 1493//1899 1327//1899 1492//1899
f 1493//1900 1492//1900 1494//1900
f 1494//1900 1492//1900 1491//1900
f 1494//1901 1491//1901 1495//1901
f 1495//1901 1491//1901 1490//1901
f 1495//1902 1490//1902 1302//1902
f 1302//1903 1490//1903 1303//1903
f 184//1904 182//1904 1325//1904
f 1325//1905 182//1905 1326//1905
f 1325//1906 1326//1906 1496//1906
f 1496//1906 1326//1906 1493//1906
f 1496//1907 1493//1907 1497//1907
f 1497//1907 1493//1907 1494//1907
f 1497//1908 1494//1908 1371//1908
f 1371//1909 1494//1909 1495//1909
f 1371//1910 1495//1910 1300//1910
f 1300//1911 1495//1911 1302//1911
f 191//1912 186//1912 1498//1912
f 1498//1913 186//1913 1325//1913
f 1498//1914 1325//1914 1499//1914
f 1499//1914 1325//1914 1496//1914
f 1499//1915 1496//1915 1500//1915
f 1500//1915 1496//1915 1497//1915
f 1500//1916 1497//1916 1359//1916
f 1359//1917 1497//1917 1371//1917
f 1359//1918 1371//1918 1296//1918
f 1296//1919 1371//1919 1298//1919
f 1292//1920 1290//1920 1359//1920
f 1359//1921 1290//1921 1501//1921
f 1359//1922 1501//1922 1500//1922
f 1500//1923 1501//1923 1502//1923
f 1500//1924 1502//1924 1499//1924
f 1499//1924 1502//1924 1503//1924
f 1499//1925 1503//1925 1498//1925
f 1498//1926 1503//1926 1324//1926
f 1498//1927 1324//1927 191//1927
f 191//1927 1324//1927 190//1927
f 193//1928 192//1928 1323//1928
f 1323//1929 192//1929 1324//1929
f 1323//1930 1324//1930 1504//1930
f 1504//1931 1324//1931 1503//1931
f 1504//1932 1503//1932 1505//1932
f 1505//1933 1503//1933 1502//1933
f 1505//1934 1502//1934 1506//1934
f 1506//1935 1502//1935 1501//1935
f 1506//1936 1501//1936 1288//1936
f 1288//1937 1501//1937 1290//1937
f 197//1938 195//1938 1507//1938
f 1507//1939 195//1939 1323//1939
f 1507//1940 1323//1940 1508//1940
f 1508//1940 1323//1940 1504//1940
f 1508//1941 1504//1941 1509//1941
f 1509//1942 1504//1942 1505//1942
f 1509//1943 1505//1943 1358//1943
f 1358//1944 1505//1944 1506//1944
f 1358//1945 1506//1945 1286//1945
f 1286//1946 1506//1946 1288//1946
f 1282//1947 1281//1947 1358//1947
f 1358//1948 1281//1948 1510//1948
f 1358//1949 1510//1949 1509//1949
f 1509//1949 1510//1949 1511//1949
f 1509//1950 1511//1950 1508//1950
f 1508//1950 1511//1950 1512//1950
f 1508//1951 1512//1951 1507//1951
f 1507//1951 1512//1951 1322//1951
f 1507//1952 1322//1952 197//1952
f 197//1953 1322//1953 199//1953
f 203//1954 201//1954 1321//1954
f 1321//1955 201//1955 1322//1955
f 1321//1956 1322//1956 1513//1956
f 1513//1957 1322//1957 1512//1957
f 1513//1958 1512//1958 1514//1958
f 1514//1959 1512//1959 1511//1959
f 1514//1960 1511//1960 1515//1960
f 1515//1961 1511//1961 1510//1961
f 1515//1962 1510//1962 1080//1962
f 1080//1963 1510//1963 1281//1963
f 206//1964 205//1964 1516//1964
f 1516//1965 205//1965 1321//1965
f 1516//1966 1321//1966 1517//1966
f 1517//1966 1321//1966 1513//1966
f 1517//1967 1513//1967 1518//1967
f 1518//1968 1513//1968 1514//1968
f 1518//1969 1514//1969 1357//1969
f 1357//1970 1514//1970 1515//1970
f 1357//1971 1515//1971 1278//1971
f 1278//1972 1515//1972 1080//1972
f 1265//1973 1277//1973 1357//1973
f 1357//1974 1277//1974 1519//1974
f 1357//1975 1519//1975 1518//1975
f 1518//1976 1519//1976 1520//1976
f 1518//1977 1520//1977 1517//1977
f 1517//1977 1520//1977 1521//1977
f 1517//1978 1521//1978 1516//1978
f 1516//1979 1521//1979 1320//1979
f 1516//1980 1320//1980 206//1980
f 206//1981 1320//1981 208//1981
f 212//1982 210//1982 1397//1982
f 1397//1983 210//1983 1320//1983
f 1397//1984 1320//1984 1395//1984
f 1395//1985 1320//1985 1521//1985
f 1395//1986 1521//1986 1393//1986
f 1393//1987 1521//1987 1520//1987
f 1393//1988 1520//1988 1392//1988
f 1392//1988 1520//1988 1519//1988
f 1392//1989 1519//1989 1276//1989
f 1276//1990 1519//1990 1277//1990
f 1319//1991 220//1991 1397//1991
f 1397//1992 220//1992 221//1992
f 1397//1993 221//1993 212//1993
f 216//1994 218//1994 1522//1994
f 1522//1995 218//1995 1319//1995
f 1522//1996 1319//1996 1523//1996
f 1523//1997 1319//1997 1396//1997
f 1523//1998 1396//1998 1524//1998
f 1524//1999 1396//1999 1394//1999
f 1524//2000 1394//2000 1525//2000
f 1525//2001 1394//2001 1356//2001
f 1525//2002 1356//2002 1268//2002
f 1268//2003 1356//2003 1270//2003
f 1268//2004 1267//2004 1525//2004
f 1525//2005 1267//2005 1526//2005
f 1525//2006 1526//2006 1524//2006
f 1524//2006 1526//2006 1527//2006
f 1524//2007 1527//2007 1523//2007
f 1523//2008 1527//2008 1528//2008
f 1523//2009 1528//2009 1522//2009
f 1522//2009 1528//2009 1318//2009
f 1522//2010 1318//2010 216//2010
f 216//2010 1318//2010 214//2010
f 53//2011 46//2011 1317//2011
f 1317//2012 46//2012 1318//2012
f 1317//2013 1318//2013 1529//2013
f 1529//2014 1318//2014 1528//2014
f 1529//2015 1528//2015 1530//2015
f 1530//2016 1528//2016 1527//2016
f 1530//2017 1527//2017 1355//2017
f 1355//2018 1527//2018 1526//2018
f 1355//2019 1526//2019 1261//2019
f 1261//2020 1526//2020 1267//2020
f 81//2021 51//2021 1531//2021
f 1531//2022 51//2022 1317//2022
f 1531//2023 1317//2023 1532//2023
f 1532//2024 1317//2024 1529//2024
f 1532//2025 1529//2025 1533//2025
f 1533//2025 1529//2025 1530//2025
f 1533//2026 1530//2026 1534//2026
f 1534//2027 1530//2027 1355//2027
f 1534//2028 1355//2028 1256//2028
f 1256//2029 1355//2029 1257//2029
f 1256//2030 1254//2030 1534//2030
f 1534//2031 1254//2031 1535//2031
f 1534//2032 1535//2032 1533//2032
f 1533//2033 1535//2033 1536//2033
f 1533//2034 1536//2034 1532//2034
f 1532//2034 1536//2034 1537//2034
f 1532//2035 1537//2035 1531//2035
f 1531//2035 1537//2035 1316//2035
f 1531//2036 1316//2036 81//2036
f 81//2037 1316//2037 79//2037
f 75//2038 77//2038 1315//2038
f 1315//2039 77//2039 1316//2039
f 1315//2040 1316//2040 1538//2040
f 1538//2041 1316//2041 1537//2041
f 1538//2042 1537//2042 1539//2042
f 1539//2043 1537//2043 1536//2043
f 1539//2044 1536//2044 1354//2044
f 1354//2045 1536//2045 1535//2045
f 1354//2046 1535//2046 1252//2046
f 1252//2047 1535//2047 1254//2047
f 71//2048 73//2048 1314//2048
f 1314//2049 73//2049 1315//2049
f 1314//2050 1315//2050 1540//2050
f 1540//2051 1315//2051 1538//2051
f 1540//2052 1538//2052 1541//2052
f 1541//2053 1538//2053 1539//2053
f 1541//2054 1539//2054 1542//2054
f 1542//2055 1539//2055 1354//2055
f 1542//2056 1354//2056 1250//2056
f 1250//2056 1354//2056 1228//2056
f 67//2057 69//2057 1543//2057
f 1543//2058 69//2058 1314//2058
f 1543//2059 1314//2059 1544//2059
f 1544//2060 1314//2060 1540//2060
f 1544//2061 1540//2061 1545//2061
f 1545//2062 1540//2062 1541//2062
f 1545//2063 1541//2063 1546//2063
f 1546//2064 1541//2064 1542//2064
f 1546//2065 1542//2065 1249//2065
f 1249//2066 1542//2066 1250//2066
f 1249//2067 1247//2067 1546//2067
f 1546//2068 1247//2068 1353//2068
f 1546//2069 1353//2069 1545//2069
f 1545//2070 1353//2070 1547//2070
f 1545//2071 1547//2071 1544//2071
f 1544//2072 1547//2072 1548//2072
f 1544//2073 1548//2073 1543//2073
f 1543//2074 1548//2074 1313//2074
f 1543//2075 1313//2075 67//2075
f 67//2076 1313//2076 65//2076
f 61//2077 63//2077 1312//2077
f 1312//2078 63//2078 1313//2078
f 1312//2079 1313//2079 1549//2079
f 1549//2079 1313//2079 1548//2079
f 1549//2080 1548//2080 1550//2080
f 1550//2081 1548//2081 1547//2081
f 1550//2082 1547//2082 1551//2082
f 1551//2082 1547//2082 1353//2082
f 1551//2083 1353//2083 1241//2083
f 1241//2084 1353//2084 1243//2084
f 42//2085 41//2085 1552//2085
f 1552//2086 41//2086 1312//2086
f 1552//2087 1312//2087 1553//2087
f 1553//2087 1312//2087 1549//2087
f 1553//2088 1549//2088 1554//2088
f 1554//2089 1549//2089 1550//2089
f 1554//2090 1550//2090 1555//2090
f 1555//2091 1550//2091 1551//2091
f 1555//2092 1551//2092 1239//2092
f 1239//2093 1551//2093 1241//2093
f 1239//2094 1237//2094 1555//2094
f 1555//2095 1237//2095 1352//2095
f 1555//2096 1352//2096 1554//2096
f 1554//2096 1352//2096 1556//2096
f 1554//2097 1556//2097 1553//2097
f 1553//2097 1556//2097 1557//2097
f 1553//2098 1557//2098 1552//2098
f 1552//2098 1557//2098 1311//2098
f 1552//2099 1311//2099 42//2099
f 42//2099 1311//2099 43//2099
f 225//2100 35//2100 1310//2100
f 1310//2101 35//2101 1311//2101
f 1310//2102 1311//2102 1558//2102
f 1558//2102 1311//2102 1557//2102
f 1558//2103 1557//2103 1559//2103
f 1559//2103 1557//2103 1556//2103
f 1559//2104 1556//2104 1560//2104
f 1560//2104 1556//2104 1352//2104
f 1560//2105 1352//2105 1232//2105
f 1232//2106 1352//2106 1233//2106
f 229//2107 227//2107 1561//2107
f 1561//2108 227//2108 1310//2108
f 1561//2109 1310//2109 1562//2109
f 1562//2110 1310//2110 1558//2110
f 1562//2111 1558//2111 1563//2111
f 1563//2112 1558//2112 1559//2112
f 1563//2113 1559//2113 1564//2113
f 1564//2114 1559//2114 1560//2114
f 1564//2115 1560//2115 1225//2115
f 1225//2116 1560//2116 1232//2116
f 1225//2117 1223//2117 1564//2117
f 1564//2118 1223//2118 1351//2118
f 1564//2119 1351//2119 1563//2119
f 1563//2120 1351//2120 1565//2120
f 1563//2121 1565//2121 1562//2121
f 1562//2122 1565//2122 1566//2122
f 1562//2123 1566//2123 1561//2123
f 1561//2124 1566//2124 1309//2124
f 1561//2125 1309//2125 229//2125
f 229//2126 1309//2126 230//2126
f 234//2127 232//2127 1404//2127
f 1404//2128 232//2128 1309//2128
f 1404//2129 1309//2129 1402//2129
f 1402//2130 1309//2130 1566//2130
f 1402//2131 1566//2131 1400//2131
f 1400//2131 1566//2131 1565//2131
f 1400//2132 1565//2132 1398//2132
f 1398//2132 1565//2132 1351//2132
f 1398//2133 1351//2133 1217//2133
f 1217//2134 1351//2134 1219//2134
f 1308//2135 238//2135 1404//2135
f 1404//2136 238//2136 236//2136
f 1404//2137 236//2137 234//2137
f 242//2138 240//2138 1567//2138
f 1567//2139 240//2139 1308//2139
f 1567//2140 1308//2140 1568//2140
f 1568//2140 1308//2140 1403//2140
f 1568//2141 1403//2141 1569//2141
f 1569//2141 1403//2141 1401//2141
f 1569//2142 1401//2142 1350//2142
f 1350//2142 1401//2142 1399//2142
f 1350//2143 1399//2143 1213//2143
f 1213//2144 1399//2144 1215//2144
f 1209//2145 1207//2145 1350//2145
f 1350//2146 1207//2146 1570//2146
f 1350//2147 1570//2147 1569//2147
f 1569//2147 1570//2147 1571//2147
f 1569//2148 1571//2148 1568//2148
f 1568//2148 1571//2148 1572//2148
f 1568//2149 1572//2149 1567//2149
f 1567//2150 1572//2150 1307//2150
f 1567//2151 1307//2151 242//2151
f 242//2152 1307//2152 244//2152
f 247//2153 245//2153 1306//2153
f 1306//2154 245//2154 1307//2154
f 1306//2155 1307//2155 1573//2155
f 1573//2155 1307//2155 1572//2155
f 1573//2156 1572//2156 1574//2156
f 1574//2156 1572//2156 1571//2156
f 1574//2157 1571//2157 1575//2157
f 1575//2158 1571//2158 1570//2158
f 1575//2159 1570//2159 1205//2159
f 1205//2160 1570//2160 1207//2160
f 251//2161 249//2161 1576//2161
f 1576//2162 249//2162 1306//2162
f 1576//2163 1306//2163 1577//2163
f 1577//2163 1306//2163 1573//2163
f 1577//2164 1573//2164 1578//2164
f 1578//2164 1573//2164 1574//2164
f 1578//2165 1574//2165 1349//2165
f 1349//2165 1574//2165 1575//2165
f 1349//2166 1575//2166 1203//2166
f 1203//2167 1575//2167 1205//2167
f 1199//2168 1198//2168 1349//2168
f 1349//2169 1198//2169 1579//2169
f 1349//2170 1579//2170 1578//2170
f 1578//2170 1579//2170 1580//2170
f 1578//2171 1580//2171 1577//2171
f 1577//2172 1580//2172 1581//2172
f 1577//2173 1581//2173 1576//2173
f 1576//2173 1581//2173 1305//2173
f 1576//2174 1305//2174 251//2174
f 251//2174 1305//2174 253//2174
f 256//2175 254//2175 1304//2175
f 1304//2176 254//2176 1305//2176
f 1304//2177 1305//2177 1582//2177
f 1582//2178 1305//2178 1581//2178
f 1582//2179 1581//2179 1583//2179
f 1583//2180 1581//2180 1580//2180
f 1583//2181 1580//2181 1584//2181
f 1584//2181 1580//2181 1579//2181
f 1584//2182 1579//2182 1196//2182
f 1196//2183 1579//2183 1198//2183
f 260//2184 258//2184 1585//2184
f 1585//2185 258//2185 1304//2185
f 1585//2186 1304//2186 1586//2186
f 1586//2186 1304//2186 1582//2186
f 1586//2187 1582//2187 1587//2187
f 1587//2187 1582//2187 1583//2187
f 1587//2188 1583//2188 1348//2188
f 1348//2188 1583//2188 1584//2188
f 1348//2189 1584//2189 1194//2189
f 1194//2190 1584//2190 1196//2190
f 1190//2191 1188//2191 1348//2191
f 1348//2191 1188//2191 1405//2191
f 1348//2192 1405//2192 1587//2192
f 1587//2192 1405//2192 1406//2192
f 1587//2193 1406//2193 1586//2193
f 1586//2193 1406//2193 1407//2193
f 1586//2194 1407//2194 1585//2194
f 1585//2194 1407//2194 1408//2194
f 1585//2195 1408//2195 260//2195
f 260//2195 1408//2195 262//2195
f 1195//2196 1197//2196 1588//2196
f 1210//2197 1212//2197 1589//2197
f 1224//2198 1226//2198 1590//2198
f 1244//2199 1246//2199 1591//2199
f 1253//2200 1255//2200 1592//2200
f 1275//2201 1266//2201 1593//2201
f 1283//2202 1285//2202 1594//2202
f 1297//2203 1299//2203 1595//2203
f 1088//2204 1094//2204 1596//2204
f 1106//2205 1108//2205 1597//2205
f 1121//2206 1123//2206 1598//2206
f 1135//2207 1137//2207 1599//2207
f 1164//2208 1166//2208 1600//2208
f 1601//2209 1602//2209 1603//2209
f 804//2210 803//2210 1604//2210
f 805//2211 804//2211 1605//2211
f 790//2212 789//2212 1606//2212
f 784//2213 783//2213 1607//2213
f 778//2214 777//2214 1608//2214
f 772//2215 771//2215 1609//2215
f 766//2216 765//2216 1610//2216
f 760//2217 759//2217 1611//2217
f 803//2218 682//2218 1612//2218
f 682//2219 685//2219 1613//2219
f 687//2220 691//2220 1614//2220
f 693//2221 697//2221 1615//2221
f 699//2222 703//2222 1616//2222
f 705//2223 709//2223 1617//2223
f 711//2224 715//2224 1618//2224
f 717//2225 721//2225 1619//2225
f 723//2226 727//2226 1620//2226
f 729//2227 733//2227 1621//2227
f 735//2228 739//2228 1622//2228
f 741//2229 745//2229 1623//2229
f 747//2230 751//2230 1624//2230
f 753//2231 757//2231 1625//2231
f 798//2232 1602//2232 799//2232
f 799//2233 1602//2233 1601//2233
f 799//2234 1601//2234 795//2234
f 795//2235 1601//2235 796//2235
f 805//2236 1605//2236 801//2236
f 1626//2237 1603//2237 1627//2237
f 1627//2238 1603//2238 1602//2238
f 1627//2239 1602//2239 1628//2239
f 1628//2240 1602//2240 798//2240
f 1628//2241 798//2241 802//2241
f 1629//2242 1626//2242 1630//2242
f 1630//2243 1626//2243 1627//2243
f 1630//2243 1627//2243 1631//2243
f 1631//2244 1627//2244 1628//2244
f 1631//2245 1628//2245 1632//2245
f 1632//2246 1628//2246 802//2246
f 1632//2247 802//2247 801//2247
f 1633//2248 1634//2248 1635//2248
f 1169//2249 1171//2249 1636//2249
f 1636//2250 1171//2250 1633//2250
f 1636//2251 1633//2251 1637//2251
f 1637//2252 1633//2252 1635//2252
f 1637//2253 1635//2253 1638//2253
f 688//2254 687//2254 1639//2254
f 1639//2255 687//2255 1614//2255
f 1639//2256 1614//2256 1640//2256
f 1640//2257 1614//2257 1641//2257
f 1640//2258 1641//2258 1642//2258
f 1642//2259 1641//2259 1643//2259
f 1642//2260 1643//2260 1644//2260
f 1644//2261 1643//2261 1645//2261
f 691//2262 690//2262 1614//2262
f 1614//2263 690//2263 1646//2263
f 1614//2264 1646//2264 1641//2264
f 1641//2265 1646//2265 1647//2265
f 1641//2266 1647//2266 1643//2266
f 1643//2267 1647//2267 1648//2267
f 1643//2268 1648//2268 1645//2268
f 1645//2269 1648//2269 1649//2269
f 1645//2270 1649//2270 1156//2270
f 1156//2271 1649//2271 1154//2271
f 694//2272 693//2272 1650//2272
f 1650//2273 693//2273 1615//2273
f 1650//2274 1615//2274 1651//2274
f 1651//2275 1615//2275 1652//2275
f 1651//2276 1652//2276 1653//2276
f 1653//2277 1652//2277 1654//2277
f 1653//2278 1654//2278 1655//2278
f 1655//2279 1654//2279 1656//2279
f 697//2280 696//2280 1615//2280
f 1615//2281 696//2281 1657//2281
f 1615//2275 1657//2275 1652//2275
f 1652//2282 1657//2282 1658//2282
f 1652//2283 1658//2283 1654//2283
f 1654//2284 1658//2284 1659//2284
f 1654//2285 1659//2285 1656//2285
f 1656//2286 1659//2286 1660//2286
f 696//2287 700//2287 1657//2287
f 1657//2288 700//2288 1661//2288
f 1657//2282 1661//2282 1658//2282
f 1658//2289 1661//2289 1662//2289
f 1658//2284 1662//2284 1659//2284
f 1659//2290 1662//2290 1663//2290
f 1659//2291 1663//2291 1660//2291
f 1660//2292 1663//2292 1664//2292
f 1660//2293 1664//2293 1142//2293
f 1142//2294 1664//2294 1140//2294
f 702//2295 706//2295 1665//2295
f 1665//2296 706//2296 1666//2296
f 1665//2297 1666//2297 1667//2297
f 1667//2298 1666//2298 1668//2298
f 1667//2299 1668//2299 1669//2299
f 1669//2300 1668//2300 1670//2300
f 1669//2301 1670//2301 1671//2301
f 1671//2302 1670//2302 1672//2302
f 706//2303 705//2303 1666//2303
f 1666//2304 705//2304 1617//2304
f 1666//2305 1617//2305 1668//2305
f 1668//2306 1617//2306 1673//2306
f 1668//2307 1673//2307 1670//2307
f 1670//2308 1673//2308 1674//2308
f 1670//2309 1674//2309 1672//2309
f 1672//2310 1674//2310 1675//2310
f 1672//2311 1675//2311 1127//2311
f 1127//2312 1675//2312 1125//2312
f 712//2313 711//2313 1676//2313
f 1676//2314 711//2314 1618//2314
f 1676//2315 1618//2315 1677//2315
f 1677//2316 1618//2316 1678//2316
f 1677//2317 1678//2317 1679//2317
f 1679//2318 1678//2318 1680//2318
f 1679//2319 1680//2319 1681//2319
f 1681//2320 1680//2320 1682//2320
f 714//2321 718//2321 1683//2321
f 1683//2322 718//2322 1684//2322
f 1683//2323 1684//2323 1685//2323
f 1685//2324 1684//2324 1686//2324
f 1685//2325 1686//2325 1687//2325
f 1687//2326 1686//2326 1688//2326
f 1687//2327 1688//2327 1689//2327
f 1689//2328 1688//2328 1690//2328
f 1689//2329 1690//2329 1091//2329
f 1091//2330 1690//2330 1110//2330
f 720//2331 724//2331 1691//2331
f 1691//2332 724//2332 1692//2332
f 1691//2333 1692//2333 1693//2333
f 1693//2334 1692//2334 1694//2334
f 1693//2335 1694//2335 1695//2335
f 1695//2336 1694//2336 1696//2336
f 1695//2337 1696//2337 1697//2337
f 1697//2338 1696//2338 1698//2338
f 724//2339 723//2339 1692//2339
f 1692//2340 723//2340 1620//2340
f 1692//2341 1620//2341 1694//2341
f 1694//2342 1620//2342 1699//2342
f 1694//2343 1699//2343 1696//2343
f 1696//2344 1699//2344 1700//2344
f 1696//2338 1700//2338 1698//2338
f 1698//2345 1700//2345 1701//2345
f 1698//2346 1701//2346 1098//2346
f 1098//2347 1701//2347 1096//2347
f 730//2348 729//2348 1702//2348
f 1702//2349 729//2349 1621//2349
f 1702//2350 1621//2350 1703//2350
f 1703//2351 1621//2351 1704//2351
f 1703//2352 1704//2352 1705//2352
f 1705//2353 1704//2353 1706//2353
f 1705//2354 1706//2354 1707//2354
f 1707//2355 1706//2355 1708//2355
f 733//2356 732//2356 1621//2356
f 1621//2357 732//2357 1709//2357
f 1621//2358 1709//2358 1704//2358
f 1704//2359 1709//2359 1710//2359
f 1704//2360 1710//2360 1706//2360
f 1706//2361 1710//2361 1711//2361
f 1706//2355 1711//2355 1708//2355
f 1708//2362 1711//2362 1712//2362
f 1708//2363 1712//2363 1081//2363
f 1081//2364 1712//2364 1301//2364
f 739//2365 738//2365 1622//2365
f 1622//2366 738//2366 1713//2366
f 1622//2367 1713//2367 1714//2367
f 1714//2368 1713//2368 1715//2368
f 1714//2369 1715//2369 1716//2369
f 1716//2370 1715//2370 1717//2370
f 1716//1909 1717//1909 1718//1909
f 1718//2371 1717//2371 1719//2371
f 738//2366 742//2366 1713//2366
f 1713//2372 742//2372 1720//2372
f 1713//2373 1720//2373 1715//2373
f 1715//2374 1720//2374 1721//2374
f 1715//2370 1721//2370 1717//2370
f 1717//2375 1721//2375 1722//2375
f 1717//2376 1722//2376 1719//2376
f 1719//2377 1722//2377 1723//2377
f 1719//2378 1723//2378 1289//2378
f 1289//2379 1723//2379 1287//2379
f 744//2380 748//2380 1724//2380
f 1724//2381 748//2381 1725//2381
f 1724//2382 1725//2382 1726//2382
f 1726//2383 1725//2383 1727//2383
f 1726//2384 1727//2384 1728//2384
f 1728//2385 1727//2385 1729//2385
f 1728//2386 1729//2386 1730//2386
f 1730//2387 1729//2387 1731//2387
f 748//2388 747//2388 1725//2388
f 1725//2389 747//2389 1624//2389
f 1725//2390 1624//2390 1727//2390
f 1727//2391 1624//2391 1732//2391
f 1727//2392 1732//2392 1729//2392
f 1729//2393 1732//2393 1733//2393
f 1729//2394 1733//2394 1731//2394
f 1731//2395 1733//2395 1734//2395
f 1731//2396 1734//2396 1280//2396
f 1280//2397 1734//2397 1264//2397
f 754//2398 753//2398 1735//2398
f 1735//2399 753//2399 1625//2399
f 1735//2400 1625//2400 1736//2400
f 1736//2401 1625//2401 1737//2401
f 1736//2402 1737//2402 1738//2402
f 1738//2403 1737//2403 1739//2403
f 1738//2404 1739//2404 1740//2404
f 1740//2405 1739//2405 1741//2405
f 756//2406 760//2406 1742//2406
f 1742//2217 760//2217 1611//2217
f 1742//2407 1611//2407 1743//2407
f 1743//2408 1611//2408 1744//2408
f 1743//2409 1744//2409 1745//2409
f 1745//2410 1744//2410 1746//2410
f 1745//2411 1746//2411 1747//2411
f 1747//2412 1746//2412 1748//2412
f 1747//2413 1748//2413 1260//2413
f 1260//2414 1748//2414 1258//2414
f 762//2415 766//2415 1749//2415
f 1749//2416 766//2416 1610//2416
f 1749//2417 1610//2417 1750//2417
f 1750//2418 1610//2418 1751//2418
f 1750//2419 1751//2419 1752//2419
f 1752//2420 1751//2420 1753//2420
f 1752//2421 1753//2421 1754//2421
f 1754//2422 1753//2422 1755//2422
f 765//2423 769//2423 1610//2423
f 1610//2424 769//2424 1756//2424
f 1610//2425 1756//2425 1751//2425
f 1751//2426 1756//2426 1757//2426
f 1751//2427 1757//2427 1753//2427
f 1753//2428 1757//2428 1758//2428
f 1753//2429 1758//2429 1755//2429
f 1755//2430 1758//2430 1759//2430
f 1755//2431 1759//2431 1227//2431
f 1227//2432 1759//2432 1248//2432
f 771//2433 775//2433 1609//2433
f 1609//2434 775//2434 1760//2434
f 1609//2435 1760//2435 1761//2435
f 1761//2436 1760//2436 1762//2436
f 1761//2437 1762//2437 1763//2437
f 1763//2438 1762//2438 1764//2438
f 1763//2439 1764//2439 1765//2439
f 1765//2440 1764//2440 1766//2440
f 775//2441 774//2441 1760//2441
f 1760//2442 774//2442 1767//2442
f 1760//2443 1767//2443 1762//2443
f 1762//2444 1767//2444 1768//2444
f 1762//2445 1768//2445 1764//2445
f 1764//2446 1768//2446 1769//2446
f 1764//2447 1769//2447 1766//2447
f 1766//2448 1769//2448 1770//2448
f 1766//2449 1770//2449 1236//2449
f 1236//2450 1770//2450 1234//2450
f 781//2451 780//2451 1771//2451
f 1771//2452 780//2452 1772//2452
f 1771//2453 1772//2453 1773//2453
f 1773//2454 1772//2454 1774//2454
f 1773//2455 1774//2455 1775//2455
f 1775//2456 1774//2456 1776//2456
f 1775//2457 1776//2457 1777//2457
f 1777//2458 1776//2458 1778//2458
f 780//2459 784//2459 1772//2459
f 1772//2460 784//2460 1607//2460
f 1772//2454 1607//2454 1774//2454
f 1774//2461 1607//2461 1779//2461
f 1774//2456 1779//2456 1776//2456
f 1776//2462 1779//2462 1780//2462
f 1776//2463 1780//2463 1778//2463
f 1778//2464 1780//2464 1781//2464
f 1778//2465 1781//2465 1216//2465
f 1216//2466 1781//2466 1214//2466
f 786//2467 790//2467 1782//2467
f 1782//2468 790//2468 1606//2468
f 1782//2469 1606//2469 1783//2469
f 1783//2470 1606//2470 1784//2470
f 1783//2471 1784//2471 1785//2471
f 1785//2472 1784//2472 1786//2472
f 1785//2473 1786//2473 1787//2473
f 1787//2474 1786//2474 1788//2474
f 789//2475 793//2475 1606//2475
f 1606//2476 793//2476 1789//2476
f 1606//2477 1789//2477 1784//2477
f 1784//2478 1789//2478 1790//2478
f 1784//2479 1790//2479 1786//2479
f 1786//2480 1790//2480 1791//2480
f 1786//2481 1791//2481 1788//2481
f 1788//2482 1791//2482 1792//2482
f 1788//2483 1792//2483 1202//2483
f 1202//2484 1792//2484 1200//2484
f 803//2218 1612//2218 1604//2218
f 1604//2485 1612//2485 1793//2485
f 1604//2486 1793//2486 1794//2486
f 1794//2487 1793//2487 1795//2487
f 1794//2487 1795//2487 1796//2487
f 1796//2488 1795//2488 1797//2488
f 1796//2488 1797//2488 1798//2488
f 1798//2489 1797//2489 1185//2489
f 1798//2490 1185//2490 1187//2490
f 1799//2491 1181//2491 1183//2491
f 682//2492 1613//2492 1612//2492
f 1612//2493 1613//2493 1800//2493
f 1612//2493 1800//2493 1793//2493
f 1793//2494 1800//2494 1801//2494
f 1793//2494 1801//2494 1795//2494
f 1795//2495 1801//2495 1799//2495
f 1795//2496 1799//2496 1797//2496
f 1797//2497 1799//2497 1183//2497
f 1797//2498 1183//2498 1185//2498
f 1613//2499 1638//2499 1800//2499
f 1800//2500 1638//2500 1635//2500
f 1800//2501 1635//2501 1801//2501
f 1801//2502 1635//2502 1634//2502
f 1801//2503 1634//2503 1799//2503
f 1799//2504 1634//2504 1179//2504
f 1799//2505 1179//2505 1181//2505
f 1171//2506 1173//2506 1633//2506
f 1633//2507 1173//2507 1175//2507
f 1633//2508 1175//2508 1634//2508
f 1634//2509 1175//2509 1177//2509
f 1634//2510 1177//2510 1179//2510
f 1166//2511 1169//2511 1600//2511
f 1600//2512 1169//2512 1636//2512
f 1600//2513 1636//2513 1802//2513
f 1802//2514 1636//2514 1637//2514
f 1802//2515 1637//2515 1803//2515
f 1803//2516 1637//2516 1638//2516
f 1803//2517 1638//2517 1804//2517
f 1804//2518 1638//2518 1613//2518
f 1804//2519 1613//2519 684//2519
f 684//2520 1613//2520 685//2520
f 684//2521 688//2521 1804//2521
f 1804//2254 688//2254 1639//2254
f 1804//2522 1639//2522 1803//2522
f 1803//2523 1639//2523 1640//2523
f 1803//2524 1640//2524 1802//2524
f 1802//2258 1640//2258 1642//2258
f 1802//2525 1642//2525 1600//2525
f 1600//2260 1642//2260 1644//2260
f 1600//2526 1644//2526 1164//2526
f 1156//2527 1158//2527 1645//2527
f 1645//2528 1158//2528 1160//2528
f 1645//2529 1160//2529 1644//2529
f 1644//2530 1160//2530 1162//2530
f 1644//2531 1162//2531 1164//2531
f 1152//2532 1154//2532 1655//2532
f 1655//2533 1154//2533 1649//2533
f 1655//2534 1649//2534 1653//2534
f 1653//2269 1649//2269 1648//2269
f 1653//2535 1648//2535 1651//2535
f 1651//2536 1648//2536 1647//2536
f 1651//2537 1647//2537 1650//2537
f 1650//2538 1647//2538 1646//2538
f 1650//2539 1646//2539 694//2539
f 694//2540 1646//2540 690//2540
f 1142//2541 1144//2541 1660//2541
f 1660//2542 1144//2542 1146//2542
f 1660//2543 1146//2543 1656//2543
f 1656//2544 1146//2544 1148//2544
f 1656//2545 1148//2545 1655//2545
f 1655//2546 1148//2546 1150//2546
f 1655//2547 1150//2547 1152//2547
f 1137//2548 1140//2548 1599//2548
f 1599//2549 1140//2549 1664//2549
f 1599//2550 1664//2550 1805//2550
f 1805//2551 1664//2551 1663//2551
f 1805//2552 1663//2552 1806//2552
f 1806//2290 1663//2290 1662//2290
f 1806//2553 1662//2553 1616//2553
f 1616//2289 1662//2289 1661//2289
f 1616//2554 1661//2554 699//2554
f 699//2555 1661//2555 700//2555
f 703//2556 702//2556 1616//2556
f 1616//2295 702//2295 1665//2295
f 1616//2557 1665//2557 1806//2557
f 1806//2558 1665//2558 1667//2558
f 1806//2559 1667//2559 1805//2559
f 1805//2560 1667//2560 1669//2560
f 1805//2550 1669//2550 1599//2550
f 1599//2301 1669//2301 1671//2301
f 1599//2561 1671//2561 1135//2561
f 1127//2562 1129//2562 1672//2562
f 1672//2563 1129//2563 1131//2563
f 1672//2564 1131//2564 1671//2564
f 1671//2565 1131//2565 1133//2565
f 1671//2566 1133//2566 1135//2566
f 1123//2567 1125//2567 1598//2567
f 1598//2568 1125//2568 1675//2568
f 1598//2569 1675//2569 1807//2569
f 1807//2570 1675//2570 1674//2570
f 1807//2571 1674//2571 1808//2571
f 1808//2572 1674//2572 1673//2572
f 1808//2573 1673//2573 1809//2573
f 1809//2574 1673//2574 1617//2574
f 1809//2575 1617//2575 708//2575
f 708//2576 1617//2576 709//2576
f 708//2577 712//2577 1809//2577
f 1809//2313 712//2313 1676//2313
f 1809//2573 1676//2573 1808//2573
f 1808//2578 1676//2578 1677//2578
f 1808//2579 1677//2579 1807//2579
f 1807//2580 1677//2580 1679//2580
f 1807//2581 1679//2581 1598//2581
f 1598//2582 1679//2582 1681//2582
f 1598//2583 1681//2583 1121//2583
f 1090//2584 1115//2584 1682//2584
f 1682//2585 1115//2585 1117//2585
f 1682//2586 1117//2586 1681//2586
f 1681//2587 1117//2587 1119//2587
f 1681//2588 1119//2588 1121//2588
f 715//2589 714//2589 1618//2589
f 1618//2321 714//2321 1683//2321
f 1618//2590 1683//2590 1678//2590
f 1678//2591 1683//2591 1685//2591
f 1678//2592 1685//2592 1680//2592
f 1680//2325 1685//2325 1687//2325
f 1680//2593 1687//2593 1682//2593
f 1682//2327 1687//2327 1689//2327
f 1682//2594 1689//2594 1090//2594
f 1090//2595 1689//2595 1091//2595
f 1108//2596 1110//2596 1597//2596
f 1597//2597 1110//2597 1690//2597
f 1597//2598 1690//2598 1810//2598
f 1810//2599 1690//2599 1688//2599
f 1810//2600 1688//2600 1811//2600
f 1811//2601 1688//2601 1686//2601
f 1811//2602 1686//2602 1619//2602
f 1619//2603 1686//2603 1684//2603
f 1619//2604 1684//2604 717//2604
f 717//2605 1684//2605 718//2605
f 721//2606 720//2606 1619//2606
f 1619//2607 720//2607 1691//2607
f 1619//2608 1691//2608 1811//2608
f 1811//2333 1691//2333 1693//2333
f 1811//2600 1693//2600 1810//2600
f 1810//2335 1693//2335 1695//2335
f 1810//2609 1695//2609 1597//2609
f 1597//2610 1695//2610 1697//2610
f 1597//2611 1697//2611 1106//2611
f 1098//2612 1100//2612 1698//2612
f 1698//2613 1100//2613 1102//2613
f 1698//2614 1102//2614 1697//2614
f 1697//2615 1102//2615 1104//2615
f 1697//2616 1104//2616 1106//2616
f 1094//2617 1096//2617 1596//2617
f 1596//2618 1096//2618 1701//2618
f 1596//2619 1701//2619 1812//2619
f 1812//2620 1701//2620 1700//2620
f 1812//2621 1700//2621 1813//2621
f 1813//2344 1700//2344 1699//2344
f 1813//2622 1699//2622 1814//2622
f 1814//2342 1699//2342 1620//2342
f 1814//2623 1620//2623 726//2623
f 726//2624 1620//2624 727//2624
f 726//2623 730//2623 1814//2623
f 1814//2625 730//2625 1702//2625
f 1814//2622 1702//2622 1813//2622
f 1813//2350 1702//2350 1703//2350
f 1813//2626 1703//2626 1812//2626
f 1812//2352 1703//2352 1705//2352
f 1812//2627 1705//2627 1596//2627
f 1596//2354 1705//2354 1707//2354
f 1596//2628 1707//2628 1088//2628
f 1081//2629 1083//2629 1708//2629
f 1708//2630 1083//2630 1085//2630
f 1708//2631 1085//2631 1707//2631
f 1707//2632 1085//2632 1086//2632
f 1707//2633 1086//2633 1088//2633
f 1299//2634 1301//2634 1595//2634
f 1595//2635 1301//2635 1712//2635
f 1595//2636 1712//2636 1815//2636
f 1815//2637 1712//2637 1711//2637
f 1815//2638 1711//2638 1816//2638
f 1816//2361 1711//2361 1710//2361
f 1816//2639 1710//2639 1817//2639
f 1817//2640 1710//2640 1709//2640
f 1817//2641 1709//2641 736//2641
f 736//2642 1709//2642 732//2642
f 736//2641 735//2641 1817//2641
f 1817//2643 735//2643 1622//2643
f 1817//2644 1622//2644 1816//2644
f 1816//2367 1622//2367 1714//2367
f 1816//2645 1714//2645 1815//2645
f 1815//2646 1714//2646 1716//2646
f 1815//2636 1716//2636 1595//2636
f 1595//1909 1716//1909 1718//1909
f 1595//2647 1718//2647 1297//2647
f 1289//2378 1291//2378 1719//2378
f 1719//2648 1291//2648 1293//2648
f 1719//2649 1293//2649 1718//2649
f 1718//2650 1293//2650 1295//2650
f 1718//2651 1295//2651 1297//2651
f 1285//2652 1287//2652 1594//2652
f 1594//2653 1287//2653 1723//2653
f 1594//2654 1723//2654 1818//2654
f 1818//2377 1723//2377 1722//2377
f 1818//2655 1722//2655 1819//2655
f 1819//2375 1722//2375 1721//2375
f 1819//2656 1721//2656 1623//2656
f 1623//2374 1721//2374 1720//2374
f 1623//2657 1720//2657 741//2657
f 741//2372 1720//2372 742//2372
f 745//2658 744//2658 1623//2658
f 1623//2380 744//2380 1724//2380
f 1623//2656 1724//2656 1819//2656
f 1819//2382 1724//2382 1726//2382
f 1819//2655 1726//2655 1818//2655
f 1818//2384 1726//2384 1728//2384
f 1818//2659 1728//2659 1594//2659
f 1594//2386 1728//2386 1730//2386
f 1594//2660 1730//2660 1283//2660
f 1280//2661 1279//2661 1731//2661
f 1731//2662 1279//2662 1079//2662
f 1731//2663 1079//2663 1730//2663
f 1730//2664 1079//2664 1078//2664
f 1730//2665 1078//2665 1283//2665
f 1266//2666 1264//2666 1593//2666
f 1593//2667 1264//2667 1734//2667
f 1593//2668 1734//2668 1820//2668
f 1820//2669 1734//2669 1733//2669
f 1820//2670 1733//2670 1821//2670
f 1821//2671 1733//2671 1732//2671
f 1821//2672 1732//2672 1822//2672
f 1822//2673 1732//2673 1624//2673
f 1822//2674 1624//2674 750//2674
f 750//2675 1624//2675 751//2675
f 750//2674 754//2674 1822//2674
f 1822//2398 754//2398 1735//2398
f 1822//2672 1735//2672 1821//2672
f 1821//2400 1735//2400 1736//2400
f 1821//2676 1736//2676 1820//2676
f 1820//2402 1736//2402 1738//2402
f 1820//2668 1738//2668 1593//2668
f 1593//2404 1738//2404 1740//2404
f 1593//2677 1740//2677 1275//2677
f 1262//2678 1269//2678 1741//2678
f 1741//2679 1269//2679 1271//2679
f 1741//2680 1271//2680 1740//2680
f 1740//2681 1271//2681 1273//2681
f 1740//2682 1273//2682 1275//2682
f 757//2683 756//2683 1625//2683
f 1625//2406 756//2406 1742//2406
f 1625//2684 1742//2684 1737//2684
f 1737//2685 1742//2685 1743//2685
f 1737//2686 1743//2686 1739//2686
f 1739//2687 1743//2687 1745//2687
f 1739//2688 1745//2688 1741//2688
f 1741//2411 1745//2411 1747//2411
f 1741//2689 1747//2689 1262//2689
f 1262//2690 1747//2690 1260//2690
f 1255//2691 1258//2691 1592//2691
f 1592//2692 1258//2692 1748//2692
f 1592//2693 1748//2693 1823//2693
f 1823//2412 1748//2412 1746//2412
f 1823//2694 1746//2694 1824//2694
f 1824//2695 1746//2695 1744//2695
f 1824//2696 1744//2696 1825//2696
f 1825//2697 1744//2697 1611//2697
f 1825//2698 1611//2698 763//2698
f 763//2699 1611//2699 759//2699
f 763//2700 762//2700 1825//2700
f 1825//2415 762//2415 1749//2415
f 1825//2696 1749//2696 1824//2696
f 1824//2701 1749//2701 1750//2701
f 1824//2694 1750//2694 1823//2694
f 1823//2702 1750//2702 1752//2702
f 1823//2703 1752//2703 1592//2703
f 1592//2704 1752//2704 1754//2704
f 1592//2705 1754//2705 1253//2705
f 1227//2706 1229//2706 1755//2706
f 1755//2707 1229//2707 1231//2707
f 1755//2708 1231//2708 1754//2708
f 1754//2709 1231//2709 1251//2709
f 1754//2710 1251//2710 1253//2710
f 1246//2711 1248//2711 1591//2711
f 1591//2712 1248//2712 1759//2712
f 1591//2713 1759//2713 1826//2713
f 1826//2714 1759//2714 1758//2714
f 1826//2715 1758//2715 1827//2715
f 1827//2716 1758//2716 1757//2716
f 1827//2717 1757//2717 1828//2717
f 1828//2426 1757//2426 1756//2426
f 1828//2718 1756//2718 768//2718
f 768//2719 1756//2719 769//2719
f 768//2720 772//2720 1828//2720
f 1828//2721 772//2721 1609//2721
f 1828//2722 1609//2722 1827//2722
f 1827//2723 1609//2723 1761//2723
f 1827//2724 1761//2724 1826//2724
f 1826//2725 1761//2725 1763//2725
f 1826//2713 1763//2713 1591//2713
f 1591//2726 1763//2726 1765//2726
f 1591//2727 1765//2727 1244//2727
f 1236//2728 1238//2728 1766//2728
f 1766//2729 1238//2729 1240//2729
f 1766//2730 1240//2730 1765//2730
f 1765//2731 1240//2731 1242//2731
f 1765//2732 1242//2732 1244//2732
f 1226//2733 1234//2733 1590//2733
f 1590//2734 1234//2734 1770//2734
f 1590//2735 1770//2735 1829//2735
f 1829//2736 1770//2736 1769//2736
f 1829//2737 1769//2737 1830//2737
f 1830//2738 1769//2738 1768//2738
f 1830//2739 1768//2739 1608//2739
f 1608//2740 1768//2740 1767//2740
f 1608//2741 1767//2741 778//2741
f 778//2742 1767//2742 774//2742
f 777//2743 781//2743 1608//2743
f 1608//2744 781//2744 1771//2744
f 1608//2745 1771//2745 1830//2745
f 1830//2746 1771//2746 1773//2746
f 1830//2747 1773//2747 1829//2747
f 1829//2748 1773//2748 1775//2748
f 1829//2749 1775//2749 1590//2749
f 1590//2750 1775//2750 1777//2750
f 1590//2751 1777//2751 1224//2751
f 1216//2752 1218//2752 1778//2752
f 1778//2753 1218//2753 1220//2753
f 1778//2754 1220//2754 1777//2754
f 1777//2755 1220//2755 1222//2755
f 1777//2756 1222//2756 1224//2756
f 1212//2757 1214//2757 1589//2757
f 1589//2758 1214//2758 1781//2758
f 1589//2759 1781//2759 1831//2759
f 1831//2760 1781//2760 1780//2760
f 1831//2761 1780//2761 1832//2761
f 1832//2762 1780//2762 1779//2762
f 1832//2763 1779//2763 1833//2763
f 1833//2764 1779//2764 1607//2764
f 1833//2765 1607//2765 787//2765
f 787//2766 1607//2766 783//2766
f 787//2767 786//2767 1833//2767
f 1833//2768 786//2768 1782//2768
f 1833//2769 1782//2769 1832//2769
f 1832//2770 1782//2770 1783//2770
f 1832//2771 1783//2771 1831//2771
f 1831//2772 1783//2772 1785//2772
f 1831//2759 1785//2759 1589//2759
f 1589//2473 1785//2473 1787//2473
f 1589//2773 1787//2773 1210//2773
f 1202//2774 1204//2774 1788//2774
f 1788//2775 1204//2775 1206//2775
f 1788//2776 1206//2776 1787//2776
f 1787//2777 1206//2777 1208//2777
f 1787//2778 1208//2778 1210//2778
f 1197//2779 1200//2779 1588//2779
f 1588//2780 1200//2780 1792//2780
f 1588//2781 1792//2781 1834//2781
f 1834//2782 1792//2782 1791//2782
f 1834//2783 1791//2783 1835//2783
f 1835//2784 1791//2784 1790//2784
f 1835//2785 1790//2785 1836//2785
f 1836//2786 1790//2786 1789//2786
f 1836//2787 1789//2787 792//2787
f 792//2788 1789//2788 793//2788
f 1193//2789 1195//2789 1629//2789
f 1629//2790 1195//2790 1588//2790
f 1629//2791 1588//2791 1626//2791
f 1626//2792 1588//2792 1834//2792
f 1626//2237 1834//2237 1603//2237
f 1603//2793 1834//2793 1835//2793
f 1603//2794 1835//2794 1601//2794
f 1601//2785 1835//2785 1836//2785
f 1601//2235 1836//2235 796//2235
f 796//2795 1836//2795 792//2795
f 1837//2796 1189//2796 1191//2796
f 801//2797 1605//2797 1632//2797
f 1632//2798 1605//2798 1838//2798
f 1632//2799 1838//2799 1631//2799
f 1631//2800 1838//2800 1839//2800
f 1631//2801 1839//2801 1630//2801
f 1630//2802 1839//2802 1837//2802
f 1630//2803 1837//2803 1629//2803
f 1629//2804 1837//2804 1191//2804
f 1629//2805 1191//2805 1193//2805
f 804//2210 1604//2210 1605//2210
f 1605//2806 1604//2806 1794//2806
f 1605//2806 1794//2806 1838//2806
f 1838//2807 1794//2807 1796//2807
f 1838//2807 1796//2807 1839//2807
f 1839//2808 1796//2808 1798//2808
f 1839//2808 1798//2808 1837//2808
f 1837//2809 1798//2809 1187//2809
f 1837//2809 1187//2809 1189//2809
f 1840//2810 285//2810 287//2810
f 222//2811 223//2811 1841//2811
f 1841//2812 223//2812 224//2812
f 1841//2813 224//2813 324//2813
f 324//2814 224//2814 326//2814
f 326//2815 224//2815 226//2815
f 326//2816 226//2816 328//2816
f 226//2817 228//2817 328//2817
f 328//2818 228//2818 231//2818
f 328//2819 231//2819 330//2819
f 231//2820 233//2820 330//2820
f 330//2821 233//2821 235//2821
f 330//2822 235//2822 345//2822
f 235//2823 237//2823 345//2823
f 345//2824 237//2824 239//2824
f 345//2825 239//2825 346//2825
f 239//2826 241//2826 346//2826
f 346//2827 241//2827 243//2827
f 346//2828 243//2828 348//2828
f 243//2829 246//2829 348//2829
f 348//2830 246//2830 248//2830
f 348//2831 248//2831 350//2831
f 248//2832 250//2832 350//2832
f 350//2833 250//2833 252//2833
f 350//2834 252//2834 352//2834
f 252//2835 255//2835 352//2835
f 352//2836 255//2836 257//2836
f 352//2837 257//2837 354//2837
f 257//2838 259//2838 354//2838
f 354//2839 259//2839 261//2839
f 354//2840 261//2840 356//2840
f 261//2841 263//2841 356//2841
f 356//2842 263//2842 265//2842
f 356//2843 265//2843 357//2843
f 265//2844 267//2844 357//2844
f 357//2845 267//2845 269//2845
f 357//2846 269//2846 333//2846
f 269//2847 84//2847 333//2847
f 333//2848 84//2848 86//2848
f 333//2849 86//2849 335//2849
f 86//2850 88//2850 335//2850
f 335//2851 88//2851 90//2851
f 335//2852 90//2852 337//2852
f 90//2853 92//2853 337//2853
f 337//2854 92//2854 95//2854
f 337//2855 95//2855 339//2855
f 95//2856 97//2856 339//2856
f 339//2857 97//2857 99//2857
f 339//2858 99//2858 341//2858
f 99//2859 101//2859 341//2859
f 341//2860 101//2860 103//2860
f 341//2861 103//2861 343//2861
f 103//2862 105//2862 343//2862
f 343//2863 105//2863 107//2863
f 343//2864 107//2864 344//2864
f 107//2865 110//2865 344//2865
f 344//2866 110//2866 112//2866
f 344//2867 112//2867 311//2867
f 112//2868 114//2868 311//2868
f 311//2869 114//2869 124//2869
f 311//2870 124//2870 313//2870
f 124//2871 122//2871 313//2871
f 313//2872 122//2872 120//2872
f 313//2873 120//2873 315//2873
f 120//2874 118//2874 315//2874
f 315//2875 118//2875 116//2875
f 315//2876 116//2876 317//2876
f 317//2877 116//2877 129//2877
f 317//2877 129//2877 319//2877
f 319//2878 129//2878 131//2878
f 319//2879 131//2879 321//2879
f 321//2880 131//2880 133//2880
f 321//2881 133//2881 322//2881
f 133//2882 135//2882 322//2882
f 322//2883 135//2883 138//2883
f 322//2884 138//2884 273//2884
f 138//2885 140//2885 273//2885
f 273//2886 140//2886 142//2886
f 273//2887 142//2887 275//2887
f 142//2888 145//2888 275//2888
f 275//2889 145//2889 147//2889
f 275//2890 147//2890 277//2890
f 147//2891 149//2891 277//2891
f 277//2892 149//2892 151//2892
f 277//2893 151//2893 279//2893
f 151//2894 153//2894 279//2894
f 279//2895 153//2895 158//2895
f 279//2896 158//2896 281//2896
f 158//2897 157//2897 281//2897
f 281//2898 157//2898 161//2898
f 281//2899 161//2899 283//2899
f 161//2900 163//2900 283//2900
f 283//2901 163//2901 165//2901
f 283//2902 165//2902 297//2902
f 165//2903 167//2903 297//2903
f 297//2904 167//2904 169//2904
f 297//2905 169//2905 298//2905
f 169//2906 172//2906 298//2906
f 298//2907 172//2907 174//2907
f 298//2908 174//2908 300//2908
f 174//2909 176//2909 300//2909
f 300//2910 176//2910 178//2910
f 300//2911 178//2911 302//2911
f 178//2912 181//2912 302//2912
f 302//2913 181//2913 183//2913
f 302//2914 183//2914 304//2914
f 183//2915 185//2915 304//2915
f 304//2916 185//2916 187//2916
f 304//2917 187//2917 306//2917
f 187//2918 189//2918 306//2918
f 306//2919 189//2919 188//2919
f 306//2920 188//2920 308//2920
f 188//2921 194//2921 308//2921
f 308//2922 194//2922 196//2922
f 308//2923 196//2923 309//2923
f 196//2924 198//2924 309//2924
f 309//2925 198//2925 200//2925
f 309//2926 200//2926 295//2926
f 200//2927 202//2927 295//2927
f 295//2928 202//2928 204//2928
f 295//2929 204//2929 293//2929
f 204//2930 207//2930 293//2930
f 293//2931 207//2931 209//2931
f 293//2932 209//2932 291//2932
f 209//2933 211//2933 291//2933
f 291//2934 211//2934 213//2934
f 291//2935 213//2935 289//2935
f 213//2936 219//2936 289//2936
f 289//2937 219//2937 217//2937
f 289//2938 217//2938 287//2938
f 287//2939 217//2939 215//2939
f 287//2810 215//2810 1840//2810
f 1840//2940 215//2940 32//2940
f 1840//2941 32//2941 31//2941
f 31//2942 1842//2942 1843//2942
f 941//2943 940//2943 1844//2943
f 1845//2944 1840//2944 31//2944
f 1846//2945 1845//2945 31//2945
f 1843//2946 1846//2946 31//2946
f 1847//2947 1842//2947 31//2947
f 1848//2948 1847//2948 31//2948
f 940//2949 939//2949 1844//2949
f 1844//2950 939//2950 1848//2950
f 1844//2951 1848//2951 31//2951
f 894//2952 941//2952 1849//2952
f 1849//2953 941//2953 1844//2953
f 1849//2954 1844//2954 31//2954
f 939//2955 938//2955 1848//2955
f 1848//2956 938//2956 937//2956
f 1848//2957 937//2957 1847//2957
f 1847//2958 937//2958 936//2958
f 1847//2959 936//2959 1842//2959
f 1842//2960 936//2960 935//2960
f 1842//2961 935//2961 1843//2961
f 1843//2962 935//2962 934//2962
f 1843//2963 934//2963 1846//2963
f 1846//2964 934//2964 932//2964
f 1846//2965 932//2965 1845//2965
f 1845//2966 932//2966 933//2966
f 1845//2967 933//2967 1840//2967
f 1840//2968 933//2968 285//2968
f 222//2969 1850//2969 1851//2969
f 1852//2970 1853//2970 222//2970
f 1841//2971 1852//2971 222//2971
f 1854//2972 1855//2972 222//2972
f 991//2973 1856//2973 1855//2973
f 1855//2974 1856//2974 222//2974
f 1853//2975 1854//2975 222//2975
f 222//2976 1851//2976 1857//2976
f 1857//2977 1851//2977 990//2977
f 1857//2978 990//2978 897//2978
f 1856//2979 1850//2979 222//2979
f 1841//2980 324//2980 1852//2980
f 1852//2981 324//2981 995//2981
f 1852//2982 995//2982 1853//2982
f 1853//2983 995//2983 994//2983
f 1853//2984 994//2984 1854//2984
f 1854//2985 994//2985 993//2985
f 1854//2986 993//2986 1855//2986
f 1855//2987 993//2987 986//2987
f 1855//2988 986//2988 991//2988
f 991//2989 992//2989 1856//2989
f 1856//2990 992//2990 987//2990
f 1856//2991 987//2991 1850//2991
f 1850//2992 987//2992 988//2992
f 1850//2993 988//2993 1851//2993
f 1851//2994 988//2994 989//2994
f 1851//2995 989//2995 990//2995
f 892//2996 894//2996 1858//2996
f 1858//2996 894//2996 1849//2996
f 1858//2997 1849//2997 30//2997
f 30//2997 1849//2997 31//2997
f 33//2998 222//2998 1859//2998
f 1859//2998 222//2998 1857//2998
f 1859//2999 1857//2999 896//2999
f 896//2999 1857//2999 897//2999
f 83//3000 82//3000 1860//3000
f 78//3001 76//3001 1861//3001
f 958//3002 957//3002 1862//3002
f 1863//3003 950//3003 949//3003
f 1864//3004 1863//3004 1865//3004
f 953//3005 952//3005 1864//3005
f 1866//3006 1867//3006 1868//3006
f 1864//3007 952//3007 1863//3007
f 1863//3008 952//3008 951//3008
f 1863//3009 951//3009 950//3009
f 1869//3010 947//3010 1870//3010
f 1870//3011 947//3011 946//3011
f 1870//3012 946//3012 1871//3012
f 1871//3013 946//3013 945//3013
f 1865//3014 1863//3014 1872//3014
f 1872//3015 1863//3015 949//3015
f 1872//3016 949//3016 1869//3016
f 1869//3017 949//3017 948//3017
f 1869//3018 948//3018 947//3018
f 1873//3019 1874//3019 1875//3019
f 1861//3020 898//3020 962//3020
f 1862//3021 957//3021 1876//3021
f 1876//3022 957//3022 956//3022
f 1876//3023 956//3023 955//3023
f 960//3024 959//3024 1875//3024
f 1875//3025 959//3025 958//3025
f 80//3026 78//3026 1873//3026
f 1873//3027 78//3027 1861//3027
f 1873//3028 1861//3028 1874//3028
f 1874//3029 1861//3029 962//3029
f 1874//3030 962//3030 1875//3030
f 1875//3031 962//3031 961//3031
f 1875//3032 961//3032 960//3032
f 958//3033 1862//3033 1875//3033
f 1875//3034 1862//3034 1860//3034
f 1875//3035 1860//3035 1873//3035
f 1873//3036 1860//3036 82//3036
f 1873//3037 82//3037 80//3037
f 892//3038 1858//3038 942//3038
f 942//3039 1858//3039 1877//3039
f 942//3040 1877//3040 943//3040
f 943//3041 1877//3041 1871//3041
f 943//3042 1871//3042 944//3042
f 944//3043 1871//3043 945//3043
f 1858//3044 30//3044 1877//3044
f 1877//3045 30//3045 48//3045
f 1877//3046 48//3046 1871//3046
f 1871//3047 48//3047 47//3047
f 1871//3048 47//3048 1870//3048
f 1870//3049 47//3049 45//3049
f 1870//3050 45//3050 1869//3050
f 1869//3051 45//3051 44//3051
f 1869//3052 44//3052 1872//3052
f 1872//3053 44//3053 55//3053
f 1872//3054 55//3054 1865//3054
f 1865//3055 55//3055 1866//3055
f 1865//3056 1866//3056 1864//3056
f 1864//3057 1866//3057 1868//3057
f 1864//3058 1868//3058 953//3058
f 953//3059 1868//3059 954//3059
f 83//3060 1860//3060 1878//3060
f 1878//3061 1860//3061 1862//3061
f 1878//3062 1862//3062 1867//3062
f 1867//3063 1862//3063 1876//3063
f 1867//3064 1876//3064 1868//3064
f 1868//3065 1876//3065 955//3065
f 1868//3066 955//3066 954//3066
f 55//3067 54//3067 1866//3067
f 1866//3068 54//3068 52//3068
f 1866//3069 52//3069 1867//3069
f 1867//3070 52//3070 50//3070
f 1867//3071 50//3071 1878//3071
f 1878//3072 50//3072 49//3072
f 1878//3073 49//3073 83//3073
f 64//3074 62//3074 1879//3074
f 978//3075 977//3075 1880//3075
f 969//3076 968//3076 1881//3076
f 1879//3077 62//3077 1882//3077
f 62//3078 60//3078 1882//3078
f 1882//3079 60//3079 59//3079
f 1882//3080 59//3080 1883//3080
f 971//3081 970//3081 1884//3081
f 59//3082 58//3082 1883//3082
f 1883//3083 58//3083 1885//3083
f 1883//3084 1885//3084 1884//3084
f 966//3085 965//3085 1886//3085
f 1886//3086 965//3086 964//3086
f 1886//3087 964//3087 1887//3087
f 1881//3088 968//3088 1886//3088
f 1886//3089 968//3089 967//3089
f 1886//3090 967//3090 966//3090
f 982//3091 1888//3091 981//3091
f 981//3092 1888//3092 1889//3092
f 981//3093 1889//3093 980//3093
f 980//3094 1889//3094 1859//3094
f 980//3095 1859//3095 896//3095
f 971//3096 1884//3096 1890//3096
f 1890//3097 1884//3097 1885//3097
f 1890//3098 1885//3098 1891//3098
f 1891//3099 1885//3099 1892//3099
f 1891//3100 1892//3100 1893//3100
f 1893//3101 1892//3101 1894//3101
f 1893//3102 1894//3102 1880//3102
f 979//3103 1895//3103 985//3103
f 985//3104 1895//3104 1896//3104
f 985//3105 1896//3105 984//3105
f 984//3106 1896//3106 1888//3106
f 984//3107 1888//3107 983//3107
f 983//3108 1888//3108 982//3108
f 33//3109 1859//3109 34//3109
f 34//3110 1859//3110 1889//3110
f 34//3111 1889//3111 36//3111
f 36//3112 1889//3112 1888//3112
f 36//3113 1888//3113 37//3113
f 37//3114 1888//3114 1896//3114
f 37//3115 1896//3115 38//3115
f 38//3116 1896//3116 1895//3116
f 38//3117 1895//3117 39//3117
f 964//3118 963//3118 1887//3118
f 1887//3119 963//3119 901//3119
f 1887//3120 901//3120 1897//3120
f 66//3121 64//3121 1897//3121
f 1897//3122 64//3122 1879//3122
f 1897//3123 1879//3123 1887//3123
f 1887//3124 1879//3124 1882//3124
f 1887//3125 1882//3125 1886//3125
f 1886//3126 1882//3126 1883//3126
f 1886//3127 1883//3127 1881//3127
f 1881//3128 1883//3128 1884//3128
f 1881//3129 1884//3129 969//3129
f 969//3130 1884//3130 970//3130
f 977//3131 976//3131 1880//3131
f 1880//3132 976//3132 975//3132
f 1880//3133 975//3133 1893//3133
f 1893//3134 975//3134 974//3134
f 1893//3135 974//3135 1891//3135
f 1891//3136 974//3136 973//3136
f 1891//3137 973//3137 1890//3137
f 1890//3138 973//3138 972//3138
f 1890//3139 972//3139 971//3139
f 979//3140 978//3140 1895//3140
f 1895//3141 978//3141 1880//3141
f 1895//3142 1880//3142 39//3142
f 39//3143 1880//3143 1894//3143
f 39//3144 1894//3144 40//3144
f 40//3145 1894//3145 1892//3145
f 40//3146 1892//3146 56//3146
f 56//3147 1892//3147 1885//3147
f 56//3148 1885//3148 57//3148
f 57//3149 1885//3149 58//3149
f 1897//3150 901//3150 900//3150
f 66//3151 1897//3151 68//3151
f 68//3152 1897//3152 70//3152
f 72//3153 1861//3153 74//3153
f 74//3154 1861//3154 76//3154
f 1897//3155 900//3155 70//3155
f 70//3156 900//3156 899//3156
f 70//3156 899//3156 72//3156
f 72//3157 899//3157 898//3157
f 72//3158 898//3158 1861//3158
f 1898//268 1899//268 1900//268
f 1901//271 1902//271 1903//271
f 1900//271 1904//271 1898//271
f 1898//268 1904//268 1905//268
f 1898//268 1905//268 1901//268
f 1901//268 1905//268 1906//268
f 1901//268 1906//268 1902//268
f 1907//268 1908//268 1909//268
f 1909//268 1908//268 1910//268
f 1911//268 1912//268 1898//268
f 1898//268 1912//268 1913//268
f 1898//268 1913//268 1899//268
f 1914//268 1915//268 1916//268
f 1917//268 1918//268 1914//268
f 1914//268 1918//268 1919//268
f 1914//268 1919//268 1915//268
f 1907//268 1920//268 1908//268
f 1908//268 1920//268 1921//268
f 1908//268 1921//268 1898//268
f 1898//268 1921//268 1922//268
f 1898//268 1922//268 1911//268
f 1923//268 1924//268 1925//268
f 1925//268 1924//268 1926//268
f 1925//268 1926//268 1908//268
f 1908//271 1926//271 1927//271
f 1908//268 1927//268 1928//268
f 1916//268 1929//268 1914//268
f 1914//268 1929//268 1930//268
f 1914//268 1930//268 1925//268
f 1925//268 1930//268 1931//268
f 1925//268 1931//268 1932//268
f 1932//268 1933//268 1925//268
f 1925//271 1933//271 1934//271
f 1925//268 1934//268 1923//268
f 1928//268 1935//268 1908//268
f 1908//268 1935//268 1936//268
f 1908//268 1936//268 1910//268
f 1937//268 1938//268 1939//268
f 1939//268 1938//268 1940//268
f 1939//268 1940//268 1941//268
f 1941//268 1942//268 1939//268
f 1939//268 1942//268 1943//268
f 1939//268 1943//268 1914//268
f 1914//268 1943//268 1944//268
f 1914//268 1944//268 1917//268
f 1903//268 1945//268 1901//268
f 1901//268 1945//268 1946//268
f 1901//268 1946//268 1947//268
f 1947//271 1948//271 1901//271
f 1901//268 1948//268 1949//268
f 1901//268 1949//268 1939//268
f 1939//268 1949//268 1950//268
f 1939//268 1950//268 1937//268
f 1951//418 1952//418 1953//418
f 1953//416 1952//416 1954//416
f 1953//417 1954//417 1955//417
f 1956//416 1957//416 1953//416
f 1953//417 1957//417 1958//417
f 1953//417 1958//417 1951//417
f 1959//416 1960//416 1953//416
f 1953//418 1960//418 1961//418
f 1953//416 1961//416 1956//416
f 1962//416 1963//416 1953//416
f 1953//416 1963//416 1964//416
f 1953//416 1964//416 1959//416
f 1965//418 1966//418 1953//418
f 1953//416 1966//416 1967//416
f 1953//416 1967//416 1962//416
f 1968//417 1969//417 1953//417
f 1953//418 1969//418 1970//418
f 1953//417 1970//417 1965//417
f 1971//416 1972//416 1953//416
f 1953//417 1972//417 1973//417
f 1953//418 1973//418 1968//418
f 1974//416 1975//416 1953//416
f 1953//418 1975//418 1976//418
f 1953//416 1976//416 1971//416
f 1977//416 1978//416 1953//416
f 1953//416 1978//416 1979//416
f 1953//417 1979//417 1974//417
f 1980//416 1981//416 1953//416
f 1953//416 1981//416 1982//416
f 1953//416 1982//416 1977//416
f 1983//417 1984//417 1953//417
f 1953//416 1984//416 1985//416
f 1953//416 1985//416 1980//416
f 1955//418 1986//418 1953//418
f 1953//416 1986//416 1987//416
f 1953//418 1987//418 1983//418
f 1988//3159 1989//3159 1990//3159
f 1988//3160 1991//3160 1989//3160
f 1989//3161 1991//3161 1992//3161
f 1989//3162 1992//3162 1993//3162
f 1992//3163 1994//3163 1993//3163
f 1993//3164 1994//3164 1995//3164
f 1993//3165 1995//3165 1996//3165
f 1996//3166 1995//3166 1997//3166
f 1996//3167 1997//3167 1998//3167
f 1998//3168 1997//3168 1999//3168
f 1998//3169 1999//3169 2000//3169
f 2000//3170 2001//3170 1998//3170
f 1998//3171 2001//3171 2002//3171
f 1998//3172 2002//3172 2003//3172
f 2002//3173 2004//3173 2003//3173
f 2003//3174 2004//3174 2005//3174
f 2003//3175 2005//3175 2006//3175
f 2006//3176 2005//3176 2007//3176
f 2006//3177 2007//3177 2008//3177
f 2008//3178 2007//3178 2009//3178
f 2008//3179 2009//3179 2010//3179
f 2010//3180 2011//3180 2008//3180
f 2008//3181 2011//3181 2012//3181
f 2008//3182 2012//3182 2013//3182
f 2012//3183 2014//3183 2013//3183
f 2013//3184 2014//3184 2015//3184
f 2013//3185 2015//3185 2016//3185
f 2016//3186 2015//3186 2017//3186
f 2016//3187 2017//3187 2018//3187
f 2018//3188 2017//3188 2019//3188
f 2018//3189 2019//3189 2020//3189
f 2020//3190 2021//3190 2018//3190
f 2018//3191 2021//3191 2022//3191
f 2018//3192 2022//3192 2023//3192
f 2022//3193 2024//3193 2023//3193
f 2023//3194 2024//3194 2025//3194
f 2023//3195 2025//3195 2026//3195
f 2025//3196 2027//3196 2026//3196
f 2026//3197 2027//3197 2028//3197
f 2026//3198 2028//3198 2029//3198
f 2029//3199 2028//3199 2030//3199
f 2029//3200 2030//3200 2031//3200
f 2031//3201 2030//3201 2032//3201
f 2031//3202 2032//3202 2033//3202
f 2033//3203 2034//3203 2031//3203
f 2031//3204 2034//3204 2035//3204
f 2031//3205 2035//3205 2036//3205
f 2035//3206 2037//3206 2036//3206
f 2036//3207 2037//3207 2038//3207
f 2036//3208 2038//3208 2039//3208
f 2039//3209 2038//3209 2040//3209
f 2039//3210 2040//3210 2041//3210
f 2041//3211 2040//3211 2042//3211
f 2041//3212 2042//3212 2043//3212
f 2043//3213 2044//3213 2041//3213
f 2041//3214 2044//3214 2045//3214
f 2041//3215 2045//3215 2046//3215
f 2045//3216 2047//3216 2046//3216
f 2046//3217 2047//3217 2048//3217
f 2046//3218 2048//3218 2049//3218
f 2049//3219 2048//3219 2050//3219
f 2049//3220 2050//3220 2051//3220
f 2051//3221 2050//3221 2052//3221
f 2051//3222 2052//3222 2053//3222
f 2053//3223 2054//3223 2051//3223
f 2051//3224 2054//3224 2055//3224
f 2051//3225 2055//3225 2056//3225
f 2057//3226 2058//3226 2059//3226
f 2059//3227 2058//3227 2056//3227
f 2059//3228 2056//3228 2060//3228
f 2060//3229 2056//3229 2055//3229
f 2057//3230 2061//3230 2058//3230
f 2058//3231 2061//3231 2062//3231
f 2058//3232 2062//3232 2063//3232
f 2062//3233 2064//3233 2063//3233
f 2063//3234 2064//3234 2065//3234
f 2063//3235 2065//3235 2066//3235
f 2065//3236 2067//3236 2066//3236
f 2066//3237 2067//3237 2068//3237
f 2066//3238 2068//3238 2069//3238
f 2068//3239 2070//3239 2069//3239
f 2069//3240 2070//3240 2071//3240
f 2069//3241 2071//3241 2072//3241
f 2072//3242 2071//3242 2073//3242
f 2072//3243 2073//3243 2074//3243
f 2074//3244 2073//3244 2075//3244
f 2074//3245 2075//3245 2076//3245
f 2076//3246 2077//3246 2074//3246
f 2074//3247 2077//3247 2078//3247
f 2074//3248 2078//3248 2079//3248
f 2078//3249 2080//3249 2079//3249
f 2079//3250 2080//3250 2081//3250
f 2079//3251 2081//3251 2082//3251
f 2082//3252 2081//3252 2083//3252
f 2082//3253 2083//3253 2084//3253
f 2084//3254 2083//3254 2085//3254
f 2084//3255 2085//3255 2086//3255
f 2086//3256 2087//3256 2084//3256
f 2084//3257 2087//3257 2088//3257
f 2084//3258 2088//3258 2089//3258
f 2088//3259 2090//3259 2089//3259
f 2089//3260 2090//3260 2091//3260
f 2089//3261 2091//3261 2092//3261
f 2092//3262 2091//3262 2093//3262
f 2092//3263 2093//3263 2094//3263
f 2094//3264 2093//3264 2095//3264
f 2094//3265 2095//3265 2096//3265
f 2096//3266 2097//3266 2094//3266
f 2094//3267 2097//3267 2098//3267
f 2094//3268 2098//3268 2099//3268
f 2098//3269 2100//3269 2099//3269
f 2099//3270 2100//3270 2101//3270
f 2099//3271 2101//3271 2102//3271
f 2101//3272 2103//3272 2102//3272
f 2102//3273 2103//3273 2104//3273
f 2102//3274 2104//3274 1990//3274
f 1990//3275 2104//3275 2105//3275
f 1990//3276 2105//3276 1988//3276
f 2090//3277 2088//3277 2106//3277
f 2060//3278 2055//3278 2107//3278
f 2047//3279 2045//3279 2108//3279
f 2014//3280 2012//3280 2109//3280
f 1991//3281 2110//3281 1992//3281
f 1992//3282 2110//3282 2111//3282
f 1992//3283 2111//3283 1994//3283
f 1994//3284 2111//3284 2112//3284
f 2001//3285 2000//3285 2113//3285
f 2113//3286 2000//3286 1999//3286
f 2113//3286 1999//3286 2114//3286
f 2114//3287 1999//3287 1997//3287
f 2114//3288 1997//3288 2112//3288
f 2112//3289 1997//3289 1995//3289
f 2112//3290 1995//3290 1994//3290
f 2001//3291 2113//3291 2002//3291
f 2002//3292 2113//3292 2115//3292
f 2002//3293 2115//3293 2004//3293
f 2004//3294 2115//3294 2116//3294
f 2004//3295 2116//3295 2005//3295
f 2005//3296 2116//3296 2007//3296
f 2007//3297 2116//3297 2117//3297
f 2007//3298 2117//3298 2009//3298
f 2009//3299 2117//3299 2118//3299
f 2009//3300 2118//3300 2010//3300
f 2109//3301 2012//3301 2118//3301
f 2118//3302 2012//3302 2011//3302
f 2118//3303 2011//3303 2010//3303
f 2014//3304 2109//3304 2015//3304
f 2015//3305 2109//3305 2119//3305
f 2015//3306 2119//3306 2017//3306
f 2017//3307 2119//3307 2120//3307
f 2017//3308 2120//3308 2019//3308
f 2019//3309 2120//3309 2121//3309
f 2019//3309 2121//3309 2020//3309
f 2122//3310 2022//3310 2121//3310
f 2121//3311 2022//3311 2021//3311
f 2121//3312 2021//3312 2020//3312
f 2123//3313 2027//3313 2124//3313
f 2124//3314 2027//3314 2025//3314
f 2124//3315 2025//3315 2122//3315
f 2122//3316 2025//3316 2024//3316
f 2122//3317 2024//3317 2022//3317
f 2032//3318 2030//3318 2123//3318
f 2123//3319 2030//3319 2028//3319
f 2123//3320 2028//3320 2027//3320
f 2034//3321 2033//3321 2125//3321
f 2125//3322 2033//3322 2032//3322
f 2125//3323 2032//3323 2126//3323
f 2126//3324 2032//3324 2123//3324
f 2034//3325 2125//3325 2035//3325
f 2035//3326 2125//3326 2127//3326
f 2035//3327 2127//3327 2037//3327
f 2037//3328 2127//3328 2128//3328
f 2037//3329 2128//3329 2038//3329
f 2038//3330 2128//3330 2040//3330
f 2040//3331 2128//3331 2129//3331
f 2040//3332 2129//3332 2042//3332
f 2042//3333 2129//3333 2130//3333
f 2042//3334 2130//3334 2043//3334
f 2108//3335 2045//3335 2130//3335
f 2130//3336 2045//3336 2044//3336
f 2130//3337 2044//3337 2043//3337
f 2047//3338 2108//3338 2048//3338
f 2048//3339 2108//3339 2131//3339
f 2048//3340 2131//3340 2050//3340
f 2050//3341 2131//3341 2132//3341
f 2050//3342 2132//3342 2052//3342
f 2052//3343 2132//3343 2133//3343
f 2052//3344 2133//3344 2053//3344
f 2107//3345 2055//3345 2133//3345
f 2133//3346 2055//3346 2054//3346
f 2133//3347 2054//3347 2053//3347
f 2060//3348 2107//3348 2059//3348
f 2059//3349 2107//3349 2134//3349
f 2059//3350 2134//3350 2057//3350
f 2057//3351 2134//3351 2135//3351
f 2057//3352 2135//3352 2061//3352
f 2061//3353 2135//3353 2136//3353
f 2061//3354 2136//3354 2062//3354
f 2137//3355 2065//3355 2136//3355
f 2136//3356 2065//3356 2064//3356
f 2136//3357 2064//3357 2062//3357
f 2138//3358 2070//3358 2139//3358
f 2139//3359 2070//3359 2068//3359
f 2139//3360 2068//3360 2137//3360
f 2137//3361 2068//3361 2067//3361
f 2137//3362 2067//3362 2065//3362
f 2077//3363 2076//3363 2140//3363
f 2140//3364 2076//3364 2075//3364
f 2140//3365 2075//3365 2141//3365
f 2141//3366 2075//3366 2073//3366
f 2141//3367 2073//3367 2138//3367
f 2138//3368 2073//3368 2071//3368
f 2138//3369 2071//3369 2070//3369
f 2077//3370 2140//3370 2078//3370
f 2078//3371 2140//3371 2142//3371
f 2078//3372 2142//3372 2080//3372
f 2080//3373 2142//3373 2143//3373
f 2080//3374 2143//3374 2081//3374
f 2081//3375 2143//3375 2083//3375
f 2083//3376 2143//3376 2144//3376
f 2083//3377 2144//3377 2085//3377
f 2085//3378 2144//3378 2145//3378
f 2085//3379 2145//3379 2086//3379
f 2106//3380 2088//3380 2145//3380
f 2145//3381 2088//3381 2087//3381
f 2145//3382 2087//3382 2086//3382
f 2090//3383 2106//3383 2091//3383
f 2091//3384 2106//3384 2146//3384
f 2091//3385 2146//3385 2093//3385
f 2093//3386 2146//3386 2147//3386
f 2093//3387 2147//3387 2095//3387
f 2095//3388 2147//3388 2148//3388
f 2095//3388 2148//3388 2096//3388
f 2149//3389 2098//3389 2148//3389
f 2148//3390 2098//3390 2097//3390
f 2148//3391 2097//3391 2096//3391
f 1991//3392 1988//3392 2110//3392
f 2110//3393 1988//3393 2105//3393
f 2110//3394 2105//3394 2150//3394
f 2150//3395 2105//3395 2104//3395
f 2150//3396 2104//3396 2151//3396
f 2151//3397 2104//3397 2103//3397
f 2151//3398 2103//3398 2152//3398
f 2152//3399 2103//3399 2101//3399
f 2152//3400 2101//3400 2149//3400
f 2149//3401 2101//3401 2100//3401
f 2149//3402 2100//3402 2098//3402
f 1934//3403 2151//3403 1923//3403
f 1923//3404 2151//3404 2152//3404
f 1923//3404 2152//3404 1924//3404
f 1924//3405 2152//3405 2149//3405
f 1924//3405 2149//3405 1926//3405
f 1926//3406 2149//3406 2148//3406
f 1926//3406 2148//3406 1927//3406
f 1927//3407 2148//3407 2147//3407
f 1927//3407 2147//3407 1928//3407
f 1928//3408 2147//3408 2146//3408
f 1928//3409 2146//3409 1935//3409
f 1935//3410 2146//3410 2106//3410
f 1935//3410 2106//3410 1936//3410
f 1936//3411 2106//3411 2145//3411
f 1936//3411 2145//3411 1910//3411
f 1910//3412 2145//3412 2144//3412
f 1910//3412 2144//3412 1909//3412
f 1909//3413 2144//3413 2143//3413
f 1909//3413 2143//3413 1907//3413
f 1907//3414 2143//3414 2142//3414
f 1907//3415 2142//3415 1920//3415
f 1920//3416 2142//3416 2140//3416
f 1920//3416 2140//3416 1921//3416
f 1921//3417 2140//3417 2141//3417
f 1921//3417 2141//3417 1922//3417
f 1922//3418 2141//3418 2138//3418
f 1922//3418 2138//3418 1911//3418
f 1911//3419 2138//3419 2139//3419
f 1911//3419 2139//3419 1912//3419
f 1912//3420 2139//3420 2137//3420
f 1912//3420 2137//3420 1913//3420
f 1913//3421 2137//3421 2136//3421
f 1913//3421 2136//3421 1899//3421
f 1899//3422 2136//3422 2135//3422
f 1899//3422 2135//3422 1900//3422
f 1900//3423 2135//3423 2134//3423
f 1900//3423 2134//3423 1904//3423
f 1904//3424 2134//3424 2107//3424
f 1904//3424 2107//3424 1905//3424
f 1905//3425 2107//3425 2133//3425
f 1905//3425 2133//3425 1906//3425
f 1906//3426 2133//3426 2132//3426
f 1906//3426 2132//3426 1902//3426
f 1902//3427 2132//3427 2131//3427
f 1902//3427 2131//3427 1903//3427
f 1903//3428 2131//3428 2108//3428
f 1903//3428 2108//3428 1945//3428
f 1945//3429 2108//3429 2130//3429
f 1945//3429 2130//3429 1946//3429
f 1946//3430 2130//3430 2129//3430
f 1946//3430 2129//3430 1947//3430
f 1947//3431 2129//3431 2128//3431
f 1947//3431 2128//3431 1948//3431
f 1948//3432 2128//3432 2127//3432
f 1948//3432 2127//3432 1949//3432
f 1949//3433 2127//3433 2125//3433
f 1949//3433 2125//3433 1950//3433
f 1950//3434 2125//3434 2126//3434
f 1950//3435 2126//3435 1937//3435
f 1937//3436 2126//3436 2123//3436
f 1937//3436 2123//3436 1938//3436
f 1938//3437 2123//3437 2124//3437
f 1938//3437 2124//3437 1940//3437
f 1940//3438 2124//3438 2122//3438
f 1940//3439 2122//3439 1941//3439
f 1941//3440 2122//3440 2121//3440
f 1941//3440 2121//3440 1942//3440
f 1942//3441 2121//3441 2120//3441
f 1942//3441 2120//3441 1943//3441
f 1943//3442 2120//3442 2119//3442
f 1943//3442 2119//3442 1944//3442
f 1944//3443 2119//3443 2109//3443
f 1944//3443 2109//3443 1917//3443
f 1917//3444 2109//3444 2118//3444
f 1917//3444 2118//3444 1918//3444
f 1918//3445 2118//3445 2117//3445
f 1918//3445 2117//3445 1919//3445
f 1919//3446 2117//3446 2116//3446
f 1919//3446 2116//3446 1915//3446
f 1915//3447 2116//3447 2115//3447
f 1915//3447 2115//3447 1916//3447
f 1916//3448 2115//3448 2113//3448
f 1916//3448 2113//3448 1929//3448
f 1929//3449 2113//3449 2114//3449
f 1929//3450 2114//3450 1930//3450
f 1930//3451 2114//3451 2112//3451
f 1930//3451 2112//3451 1931//3451
f 1931//3452 2112//3452 2111//3452
f 1931//3452 2111//3452 1932//3452
f 1932//3453 2111//3453 2110//3453
f 1932//3453 2110//3453 1933//3453
f 1933//3276 2110//3276 2150//3276
f 1933//3276 2150//3276 1934//3276
f 1934//3403 2150//3403 2151//3403
f 1990//3454 1952//3454 2102//3454
f 2102//3455 1952//3455 1951//3455
f 2102//3456 1951//3456 2099//3456
f 2099//3457 1951//3457 1958//3457
f 2099//3458 1958//3458 2094//3458
f 2094//3459 1958//3459 1957//3459
f 2094//3460 1957//3460 2092//3460
f 2092//3461 1957//3461 1956//3461
f 2092//3462 1956//3462 2089//3462
f 2089//3463 1956//3463 1961//3463
f 2089//3464 1961//3464 2084//3464
f 2084//3465 1961//3465 1960//3465
f 2084//3465 1960//3465 2082//3465
f 2082//3466 1960//3466 1959//3466
f 2082//3467 1959//3467 2079//3467
f 2079//3468 1959//3468 1964//3468
f 2079//3469 1964//3469 2074//3469
f 2074//3470 1964//3470 1963//3470
f 2074//3470 1963//3470 2072//3470
f 2072//3471 1963//3471 1962//3471
f 2072//3471 1962//3471 2069//3471
f 2069//3472 1962//3472 1967//3472
f 2069//3473 1967//3473 2066//3473
f 2066//3474 1967//3474 1966//3474
f 2066//3475 1966//3475 2063//3475
f 2063//3476 1966//3476 1965//3476
f 2063//3476 1965//3476 2058//3476
f 2058//3477 1965//3477 1970//3477
f 2058//3478 1970//3478 2056//3478
f 2056//3479 1970//3479 1969//3479
f 2056//3480 1969//3480 2051//3480
f 2051//3481 1969//3481 1968//3481
f 2051//3482 1968//3482 2049//3482
f 2049//3483 1968//3483 1973//3483
f 2049//3484 1973//3484 2046//3484
f 2046//3485 1973//3485 1972//3485
f 2046//3486 1972//3486 2041//3486
f 2041//3487 1972//3487 1971//3487
f 2041//3488 1971//3488 2039//3488
f 2039//3489 1971//3489 1976//3489
f 2039//3489 1976//3489 2036//3489
f 2036//3490 1976//3490 1975//3490
f 2036//3491 1975//3491 2031//3491
f 2031//3492 1975//3492 1974//3492
f 2031//3493 1974//3493 2029//3493
f 2029//3494 1974//3494 1979//3494
f 2029//3495 1979//3495 2026//3495
f 2026//3496 1979//3496 1978//3496
f 2026//3496 1978//3496 2023//3496
f 2023//3497 1978//3497 1977//3497
f 2023//3497 1977//3497 2018//3497
f 2018//3498 1977//3498 1982//3498
f 2018//3499 1982//3499 2016//3499
f 2016//3500 1982//3500 1981//3500
f 2016//3501 1981//3501 2013//3501
f 2013//3502 1981//3502 1980//3502
f 2013//3502 1980//3502 2008//3502
f 2008//3503 1980//3503 1985//3503
f 2008//3504 1985//3504 2006//3504
f 2006//3505 1985//3505 1984//3505
f 2006//3506 1984//3506 2003//3506
f 2003//3507 1984//3507 1983//3507
f 2003//3508 1983//3508 1998//3508
f 1998//3509 1983//3509 1987//3509
f 1998//3510 1987//3510 1996//3510
f 1996//3511 1987//3511 1986//3511
f 1996//3512 1986//3512 1993//3512
f 1993//3513 1986//3513 1955//3513
f 1993//3514 1955//3514 1989//3514
f 1989//3515 1955//3515 1954//3515
f 1989//3515 1954//3515 1990//3515
f 1990//3454 1954//3454 1952//3454
f 2153//3516 2154//3516 1914//3516
f 1914//3516 2154//3516 1939//3516
f 2154//3517 2155//3517 1939//3517
f 1939//3517 2155//3517 1901//3517
f 2155//3518 2156//3518 1901//3518
f 1901//3518 2156//3518 1898//3518
f 2156//3519 2157//3519 1898//3519
f 1898//3519 2157//3519 1908//3519
f 2157//3520 2158//3520 1908//3520
f 1908//3520 2158//3520 1925//3520
f 2158//3521 2153//3521 1925//3521
f 1925//3521 2153//3521 1914//3521
f 2156//268 2155//268 2157//268
f 2157//268 2155//268 2154//268
f 2157//268 2154//268 2158//268
f 2158//268 2154//268 2153//268
