{
  "pendulum": {
    "times": [
      0.01,
      1.0100000000000007,
      2.010000000000001,
      3.00999999999998,
      4.009999999999959,
      5.009999999999938,
      6.009999999999916,
      7.009999999999895,
      8.009999999999874,
      9.009999999999852
    ],
    "angles": [
      0.7846589434870977,
      -0.7854140140192595,
      0.7853619921001596,
      -0.7845029197167698,
      0.782837490543483,
      -0.7803670510574423,
      0.7770936026870718,
      -0.7730198049658324,
      0.7681489796498157,
      -0.7624851157444562
    ],
    "angular_velocities": [
      -0.07392199103505029,
      -0.0033191270122587962,
      0.08055756621221673,
      -0.15773095940577125,
      0.23477683483218303,
      -0.3116325172007838,
      0.38823503141123955,
      -0.4645210102086018,
      0.5404266070470626,
      -0.6158874154192409
    ],
    "energies": [
      5.741777685942827,
      5.746795874038999,
      5.752552663526329,
      5.759029464788928,
      5.766205309948805,
      5.77405684555026,
      5.782558326439545,
      5.791681612203879,
      5.801396167640475,
      5.811669068815609
    ],
    "energy_conservation": true
  },
  "collision": [
    {
      "scenario": "Sphere-Sphere",
      "collision_detected": true,
      "collision_time": 0.3900000000000002
    },
    {
      "scenario": "Box-Sphere",
      "collision_detected": true,
      "collision_time": 0.3900000000000002
    }
  ]
}